회사명,종목코드,업종,상장일,시장구분,yf_ticker
DSR제강,069730,1차 철강 제조업,2003-01-28,코스피,069730.KS
GS글로벌,001250,상품 종합 도매업,1976-06-26,코스피,001250.KS
HDC랩스,039570,전기 및 통신 공사업,2015-09-24,코스피,039570.KS
HDC현대산업개발,294870,건물 건설업,2018-06-12,코스피,294870.KS
HD한국조선해양,009540,기타 금융업,1999-08-24,코스피,009540.KS
HD현대,267250,기타 금융업,2017-05-10,코스피,267250.KS
HL만도,204320,자동차 신품 부품 제조업,2014-10-06,코스피,204320.KS
LS네트웍스,000680,상품 종합 도매업,1973-11-15,코스피,000680.KS
NAVER,035420,"자료처리, 호스팅, 포털 및 기타 인터넷 정보매개 서비스업",2008-11-28,코스피,035420.KS
NICE평가정보,030190,기타 정보 서비스업,2023-08-08,코스피,030190.KS
SG세계물산,004060,상품 종합 도매업,1976-04-19,코스피,004060.KS
SK바이오사이언스,302440,기초 의약물질 제조업,2021-03-18,코스피,302440.KS
SK이터닉스,475150,건물 건설업,2024-03-29,코스피,475150.KS
경농,002100,"비료, 농약 및 살균, 살충제 제조업",1977-06-30,코스피,002100.KS
금호석유화학,011780,기초 화학물질 제조업,1988-01-22,코스피,011780.KS
금호에이치티,214330,자동차 신품 부품 제조업,2015-11-11,코스피,214330.KS
기업은행,024110,은행 및 저축기관,2003-12-24,코스피,024110.KS
넥센,005720,고무제품 제조업,1987-12-19,코스피,005720.KS
대덕전자,353200,전자부품 제조업,2020-05-21,코스피,353200.KS
대원전선,006340,절연선 및 케이블 제조업,1988-05-04,코스피,006340.KS
대한항공,003490,항공 여객 운송업,1966-03-18,코스피,003490.KS
대현,016090,봉제의복 제조업,1990-09-20,코스피,016090.KS
덴티움,145720,의료용 기기 제조업,2017-03-15,코스피,145720.KS
동성제약,002210,의약품 제조업,1990-01-19,코스피,002210.KS
동아에스티,170900,의약품 제조업,2013-04-08,코스피,170900.KS
동양,001520,"시멘트, 석회, 플라스터 및 그 제품 제조업",1976-06-25,코스피,001520.KS
동원금속,018500,자동차 신품 부품 제조업,1995-11-10,코스피,018500.KS
동화약품,000020,의약품 제조업,1976-03-24,코스피,000020.KS
디와이,013570,기타 금융업,1989-05-30,코스피,013570.KS
롯데에너지머티리얼즈,020150,전자부품 제조업,2011-03-04,코스피,020150.KS
롯데케미칼,011170,기초 화학물질 제조업,1991-05-30,코스피,011170.KS
명신산업,009900,자동차 신품 부품 제조업,2020-12-07,코스피,009900.KS
모나리자,012690,기타 종이 및 판지 제품 제조업,1988-10-14,코스피,012690.KS
무림페이퍼,009200,"펄프, 종이 및 판지 제조업",1990-06-09,코스피,009200.KS
미래에셋글로벌리츠,396690,부동산 임대 및 공급업,2021-12-03,코스피,396690.KS
미래에셋맵스리츠,357250,부동산 임대 및 공급업,2020-08-05,코스피,357250.KS
미래에셋생명,085620,보험업,2015-07-08,코스피,085620.KS
미원홀딩스,107590,기타 금융업,2009-03-02,코스피,107590.KS
부산산업,011390,"시멘트, 석회, 플라스터 및 그 제품 제조업",1990-09-14,코스피,011390.KS
삼성제약,001360,의약품 제조업,1975-07-04,코스피,001360.KS
삼정펄프,009770,"펄프, 종이 및 판지 제조업",2006-10-17,코스피,009770.KS
선도전기,007610,"전동기, 발전기 및 전기 변환 · 공급 · 제어 장치 제조업",1989-11-30,코스피,007610.KS
선진,136490,동물용 사료 및 조제식품 제조업,2011-02-16,코스피,136490.KS
세원정공,021820,자동차 신품 부품 제조업,1996-07-03,코스피,021820.KS
신성통상,005390,기타 전문 도매업,1975-12-22,코스피,005390.KS
신한알파리츠,293940,부동산 임대 및 공급업,2018-08-08,코스피,293940.KS
신한지주,055550,기타 금융업,2001-09-10,코스피,055550.KS
쏘카,403550,운송장비 임대업,2022-08-22,코스피,403550.KS
아시아나항공,020560,항공 여객 운송업,2008-03-28,코스피,020560.KS
아이에이치큐,003560,"영화, 비디오물, 방송프로그램 제작 및 배급업",1973-12-18,코스피,003560.KS
엔씨소프트,036570,소프트웨어 개발 및 공급업,2003-05-22,코스피,036570.KS
엔피씨,004250,플라스틱제품 제조업,1969-09-08,코스피,004250.KS
와이투솔루션,011690,반도체 제조업,1995-12-21,코스피,011690.KS
우진,105840,"측정, 시험, 항해, 제어 및 기타 정밀기기 제조업; 광학기기 제외",2010-07-26,코스피,105840.KS
웅진,016880,회사 본부 및 경영 컨설팅 서비스업,1994-11-05,코스피,016880.KS
원림,005820,직물직조 및 직물제품 제조업,1990-04-20,코스피,005820.KS
이건산업,008250,나무제품 제조업,1988-10-21,코스피,008250.KS
이구산업,025820,1차 비철금속 제조업,1995-08-18,코스피,025820.KS
이리츠코크렙,088260,부동산 임대 및 공급업,2018-06-27,코스피,088260.KS
인바이오젠,101140,기계장비 및 관련 물품 도매업,2008-04-02,코스피,101140.KS
인스코비,006490,전기 통신업,1985-01-17,코스피,006490.KS
인지컨트롤스,023800,자동차 신품 부품 제조업,1997-06-23,코스피,023800.KS
일동홀딩스,000230,의약품 제조업,1975-06-28,코스피,000230.KS
일신방직,003200,방적 및 가공사 제조업,1973-05-23,코스피,003200.KS
일신석재,007110,"건축자재, 철물 및 난방장치 도매업",1986-03-04,코스피,007110.KS
제이준코스메틱,025620,기타 화학제품 제조업,1995-07-08,코스피,025620.KS
종근당바이오,063160,의약품 제조업,2001-12-11,코스피,063160.KS
주성코퍼레이션,109070,통신 및 방송 장비 제조업,2009-03-17,코스피,109070.KS
참엔지니어링,009310,특수 목적용 기계 제조업,1987-11-12,코스피,009310.KS
코람코더원리츠,417310,부동산 임대 및 공급업,2022-03-28,코스피,417310.KS
코람코라이프인프라리츠,357120,부동산 임대 및 공급업,2020-08-31,코스피,357120.KS
코스모화학,005420,기타 화학제품 제조업,1987-07-23,코스피,005420.KS
코오롱ENP,138490,합성고무 및 플라스틱 물질 제조업,2011-06-15,코스피,138490.KS
코오롱글로벌,003070,토목 건설업,1978-09-15,코스피,003070.KS
쿠쿠홈시스,284740,개인 및 가정용품 임대업,2018-01-11,코스피,284740.KS
크라운제과,264900,"떡, 빵 및 과자류 제조업",2017-04-11,코스피,264900.KS
키다리스튜디오,020120,"자료처리, 호스팅, 포털 및 기타 인터넷 정보매개 서비스업",1996-07-03,코스피,020120.KS
키움증권,039490,금융 지원 서비스업,2009-08-03,코스피,039490.KS
티비에이치글로벌,084870,봉제의복 제조업,2005-12-19,코스피,084870.KS
퍼시스,016800,가구 제조업,1996-12-24,코스피,016800.KS
풍산홀딩스,005810,기타 금융업,1988-07-28,코스피,005810.KS
한국금융지주,071050,기타 금융업,2003-07-21,코스피,071050.KS
한국석유공업,004090,기타 비금속 광물제품 제조업,1977-06-25,코스피,004090.KS
한국주철관공업,000970,1차 철강 제조업,1969-12-12,코스피,000970.KS
한국카본,017960,"구조용 금속제품, 탱크 및 증기발생기 제조업",1995-07-08,코스피,017960.KS
한국특강,007280,1차 철강 제조업,1989-11-13,코스피,007280.KS
한일홀딩스,003300,"시멘트, 석회, 플라스터 및 그 제품 제조업",1969-11-20,코스피,003300.KS
한진칼,180640,기타 금융업,2013-09-16,코스피,180640.KS
한창,005110,기계장비 및 관련 물품 도매업,1976-06-01,코스피,005110.KS
한화시스템,272210,전자부품 제조업,2019-11-13,코스피,272210.KS
현대비앤지스틸,004560,1차 철강 제조업,1987-03-24,코스피,004560.KS
현대오토에버,307950,소프트웨어 개발 및 공급업,2019-03-28,코스피,307950.KS
현대차증권,001500,금융 지원 서비스업,1990-06-09,코스피,001500.KS
현대해상,001450,보험업,1989-08-25,코스피,001450.KS
형지엘리트,093240,봉제의복 제조업,2009-09-28,코스피,093240.KS
혜인,003010,기계장비 및 관련 물품 도매업,1988-09-20,코스피,003010.KS
효성 ITX,094280,기타 사업지원 서비스업,2007-10-25,코스피,094280.KS
효성중공업,298040,"전동기, 발전기 및 전기 변환 · 공급 · 제어 장치 제조업",2018-07-13,코스피,298040.KS
효성화학,298000,기초 화학물질 제조업,2018-07-13,코스피,298000.KS
BNK금융지주,138930,기타 금융업,2011-03-30,코스피,138930.KS
CJ제일제당,097950,기타 식품 제조업,2007-09-28,코스피,097950.KS
DRB동일,004840,고무제품 제조업,1976-05-21,코스피,004840.KS
GS건설,006360,건물 건설업,1981-08-03,코스피,006360.KS
HDC현대EP,089470,기타 화학제품 제조업,2006-09-25,코스피,089470.KS
HD현대건설기계,267270,일반 목적용 기계 제조업,2017-05-10,코스피,267270.KS
HD현대마린엔진,071970,일반 목적용 기계 제조업,2009-05-15,코스피,071970.KS
HD현대인프라코어,042670,특수 목적용 기계 제조업,2001-02-02,코스피,042670.KS
HJ중공업,097230,토목 건설업,2007-08-31,코스피,097230.KS
HLB글로벌,003580,종합 소매업,1990-03-23,코스피,003580.KS
HS효성,487570,기타 금융업,2024-07-29,코스피,487570.KS
JB금융지주,175330,기타 금융업,2013-07-18,코스피,175330.KS
PI첨단소재,178920,플라스틱제품 제조업,2021-08-09,코스피,178920.KS
PKC,001340,기초 화학물질 제조업,1976-06-10,코스피,001340.KS
SK리츠,395400,부동산 임대 및 공급업,2021-09-14,코스피,395400.KS
SNT에너지,100840,일반 목적용 기계 제조업,2008-02-22,코스피,100840.KS
SUN&L,002820,나무제품 제조업,1976-05-22,코스피,002820.KS
강원랜드,035250,유원지 및 기타 오락관련 서비스업,2003-09-04,코스피,035250.KS
경동인베스트,012320,기타 금융업,1997-03-07,코스피,012320.KS
경방,000050,종합 소매업,1956-03-03,코스피,000050.KS
경보제약,214390,기초 의약물질 제조업,2015-06-29,코스피,214390.KS
고려제강,002240,1차 철강 제조업,1976-05-25,코스피,002240.KS
교보증권,030610,금융 지원 서비스업,2002-07-18,코스피,030610.KS
금강공업,014280,1차 철강 제조업,1988-09-10,코스피,014280.KS
금호건설,002990,건물 건설업,1976-06-26,코스피,002990.KS
남선알미늄,008350,1차 비철금속 제조업,1978-05-22,코스피,008350.KS
노루페인트,090350,기타 화학제품 제조업,2006-07-03,코스피,090350.KS
노루홀딩스,000320,기타 금융업,1973-08-10,코스피,000320.KS
다스코,058730,"구조용 금속제품, 탱크 및 증기발생기 제조업",2004-08-02,코스피,058730.KS
다올투자증권,030210,금융 지원 서비스업,1996-11-19,코스피,030210.KS
다우기술,023590,"자료처리, 호스팅, 포털 및 기타 인터넷 정보매개 서비스업",1997-08-27,코스피,023590.KS
대동전자,008110,통신 및 방송 장비 제조업,1990-06-05,코스피,008110.KS
대웅,003090,의약품 제조업,1973-06-26,코스피,003090.KS
대웅제약,069620,의약품 제조업,2002-11-01,코스피,069620.KS
대원강업,000430,자동차 신품 부품 제조업,1977-06-22,코스피,000430.KS
대창단조,015230,자동차 신품 부품 제조업,1989-07-25,코스피,015230.KS
동국씨엠,460850,1차 철강 제조업,2023-06-16,코스피,460850.KS
동국홀딩스,001230,기타 금융업,1988-05-09,코스피,001230.KS
동부건설,005960,토목 건설업,1978-10-30,코스피,005960.KS
동아쏘시오홀딩스,000640,기타 금융업,1970-02-10,코스피,000640.KS
동원시스템즈,014820,플라스틱제품 제조업,1994-03-29,코스피,014820.KS
동일고무벨트,163560,고무제품 제조업,2012-10-19,코스피,163560.KS
두산퓨얼셀,336260,"전동기, 발전기 및 전기 변환 · 공급 · 제어 장치 제조업",2019-10-18,코스피,336260.KS
디와이파워,210540,특수 목적용 기계 제조업,2015-01-15,코스피,210540.KS
롯데관광개발,032350,여행사 및 기타 여행보조 서비스업,2006-06-08,코스피,032350.KS
롯데쇼핑,023530,종합 소매업,2006-02-09,코스피,023530.KS
롯데지주,004990,기타 금융업,1974-02-16,코스피,004990.KS
만호제강,001080,1차 철강 제조업,1977-06-18,코스피,001080.KS
맵스리얼티1,094800,신탁업 및 집합투자업,2007-04-09,코스피,094800.KS
미래에셋증권,006800,금융 지원 서비스업,1975-09-30,코스피,006800.KS
부국철강,026940,1차 철강 제조업,2008-10-14,코스피,026940.KS
사조동아원,008040,"곡물가공품, 전분 및 전분제품 제조업",1989-06-24,코스피,008040.KS
삼부토건,001470,토목 건설업,1976-06-26,코스피,001470.KS
삼성공조,006660,자동차 신품 부품 제조업,1987-11-28,코스피,006660.KS
삼성중공업,010140,선박 및 보트 건조업,1994-01-28,코스피,010140.KS
삼양홀딩스,000070,기타 금융업,1968-12-27,코스피,000070.KS
삼호개발,010960,기반조성 및 시설물 축조관련 전문공사업,2005-05-12,코스피,010960.KS
삼화왕관,004450,기타 금속 가공제품 제조업,1976-05-28,코스피,004450.KS
세방전지,004490,일차전지 및 이차전지 제조업,1987-11-28,코스피,004490.KS
세아베스틸지주,001430,1차 철강 제조업,1991-03-12,코스피,001430.KS
세아제강,306200,1차 철강 제조업,2018-10-05,코스피,306200.KS
세아특수강,019440,1차 철강 제조업,2011-06-01,코스피,019440.KS
셀트리온,068270,기초 의약물질 제조업,2018-02-09,코스피,068270.KS
신라교역,004970,어로 어업,1976-06-30,코스피,004970.KS
신성이엔지,011930,반도체 제조업,1996-07-31,코스피,011930.KS
신세계I&C,035510,"컴퓨터 프로그래밍, 시스템 통합 및 관리업",2006-05-18,코스피,035510.KS
아센디오,012170,"영화, 비디오물, 방송프로그램 제작 및 배급업",1989-12-20,코스피,012170.KS
아주스틸,139990,1차 철강 제조업,2021-08-20,코스피,139990.KS
알루코,001780,1차 비철금속 제조업,2007-06-07,코스피,001780.KS
에스케이바이오팜,326030,자연과학 및 공학 연구개발업,2020-07-02,코스피,326030.KS
엘브이엠씨,900140,자동차 판매업,2010-11-30,코스피,900140.KS
엘에스일렉트릭,010120,"전동기, 발전기 및 전기 변환 · 공급 · 제어 장치 제조업",1994-07-11,코스피,010120.KS
영원무역,111770,상품 종합 도매업,2009-07-30,코스피,111770.KS
영화금속,012280,자동차 신품 부품 제조업,1990-01-25,코스피,012280.KS
유엔젤,072130,"자료처리, 호스팅, 포털 및 기타 인터넷 정보매개 서비스업",2003-07-01,코스피,072130.KS
이수스페셜티케미컬,457190,기초 화학물질 제조업,2023-05-31,코스피,457190.KS
이수페타시스,007660,전자부품 제조업,2003-10-07,코스피,007660.KS
이월드,084680,귀금속 및 장신용품 제조업,2005-07-26,코스피,084680.KS
이지스밸류플러스리츠,334890,부동산 임대 및 공급업,2020-07-16,코스피,334890.KS
인팩,023810,자동차 신품 부품 제조업,2004-09-21,코스피,023810.KS
일진홀딩스,015860,기타 금융업,1990-03-22,코스피,015860.KS
자이에스앤디,317400,부동산 임대 및 공급업,2019-11-06,코스피,317400.KS
전진건설로봇,079900,특수 목적용 기계 제조업,2024-08-19,코스피,079900.KS
제일파마홀딩스,002620,회사 본부 및 경영 컨설팅 서비스업,1988-01-20,코스피,002620.KS
조비,001550,"비료, 농약 및 살균, 살충제 제조업",1976-12-28,코스피,001550.KS
지누스,013890,가구 제조업,2019-10-30,코스피,013890.KS
지엠비코리아,013870,자동차 신품 부품 제조업,2012-11-20,코스피,013870.KS
카카오페이,377300,금융 지원 서비스업,2021-11-03,코스피,377300.KS
코리아써키트,007810,전자부품 제조업,1985-09-09,코스피,007810.KS
코오롱,002020,기타 금융업,1975-06-23,코스피,002020.KS
태경산업,015890,기초 화학물질 제조업,1996-01-30,코스피,015890.KS
티웨이홀딩스,004870,"시멘트, 석회, 플라스터 및 그 제품 제조업",1977-06-30,코스피,004870.KS
파미셀,005690,기초 의약물질 제조업,1988-05-20,코스피,005690.KS
포스코스틸리온,058430,1차 철강 제조업,2002-08-16,코스피,058430.KS
하나투어,039130,여행사 및 기타 여행보조 서비스업,2011-11-01,코스피,039130.KS
한국내화,010040,"내화, 비내화 요업제품 제조업",2000-10-16,코스피,010040.KS
한국단자공업,025540,"전동기, 발전기 및 전기 변환 · 공급 · 제어 장치 제조업",1996-10-16,코스피,025540.KS
한국종합기술,023350,"건축기술, 엔지니어링 및 관련 기술 서비스업",2011-04-28,코스피,023350.KS
한세예스24홀딩스,016450,봉제의복 제조업,2000-01-06,코스피,016450.KS
한일현대시멘트,006390,"시멘트, 석회, 플라스터 및 그 제품 제조업",1975-12-26,코스피,006390.KS
한전기술,052690,"건축기술, 엔지니어링 및 관련 기술 서비스업",2009-12-14,코스피,052690.KS
한진중공업홀딩스,003480,연료용 가스 제조 및 배관공급업,1956-03-03,코스피,003480.KS
한컴라이프케어,372910,의료용 기기 제조업,2021-08-17,코스피,372910.KS
해태제과식품,101530,기타 식품 제조업,2016-05-11,코스피,101530.KS
현대약품,004310,의약품 제조업,1978-06-28,코스피,004310.KS
현대코퍼레이션,011760,상품 종합 도매업,1977-12-01,코스피,011760.KS
호전실업,111110,봉제의복 제조업,2017-02-02,코스피,111110.KS
호텔신라,008770,기타 상품 전문 소매업,1991-03-12,코스피,008770.KS
효성티앤씨,298020,화학섬유 제조업,2018-07-13,코스피,298020.KS
BYC,001460,봉제의복 제조업,1975-06-02,코스피,001460.KS
CJ CGV,079160,"영화, 비디오물, 방송프로그램 제작 및 배급업",2004-12-24,코스피,079160.KS
DYP,092780,자동차용 엔진 및 자동차 제조업,2017-12-08,코스피,092780.KS
GKL,114090,유원지 및 기타 오락관련 서비스업,2009-11-19,코스피,114090.KS
GS피앤엘,499790,기타 금융업,2024-12-23,코스피,499790.KS
HS화성,002460,건물 건설업,1988-09-29,코스피,002460.KS
KC그린홀딩스,009440,기타 금융업,1994-11-05,코스피,009440.KS
KC코트렐,119650,일반 목적용 기계 제조업,2010-01-29,코스피,119650.KS
KSS해운,044450,해상 운송업,2007-10-26,코스피,044450.KS
KTis,058860,기타 정보 서비스업,2010-12-17,코스피,058860.KS
LF,093050,봉제의복 제조업,2006-12-01,코스피,093050.KS
LG유플러스,032640,전기 통신업,2008-04-21,코스피,032640.KS
LIG넥스원,079550,무기 및 총포탄 제조업,2015-10-02,코스피,079550.KS
LS,006260,기타 금융업,1977-06-30,코스피,006260.KS
LS에코에너지,229640,기타 금융업,2016-09-22,코스피,229640.KS
LX하우시스,108670,플라스틱제품 제조업,2009-04-20,코스피,108670.KS
MH에탄올,023150,알코올음료 제조업,1996-12-24,코스피,023150.KS
NH올원리츠,400760,부동산 임대 및 공급업,2021-11-18,코스피,400760.KS
NI스틸,008260,1차 철강 제조업,1975-06-28,코스피,008260.KS
SIMPAC,009160,1차 철강 제조업,1989-07-29,코스피,009160.KS
SK가스,018670,기타 전문 도매업,1997-08-27,코스피,018670.KS
SK디스커버리,006120,기타 금융업,1976-06-29,코스피,006120.KS
SNT다이내믹스,003570,자동차 신품 부품 제조업,1976-07-08,코스피,003570.KS
경동나비엔,009450,가정용 기기 제조업,1993-08-31,코스피,009450.KS
경인양행,012610,기초 화학물질 제조업,1995-10-05,코스피,012610.KS
광명전기,017040,"전동기, 발전기 및 전기 변환 · 공급 · 제어 장치 제조업",1990-09-14,코스피,017040.KS
남성,004270,기타 전문 도매업,1989-11-14,코스피,004270.KS
남양유업,003920,동·식물성 유지 및 낙농제품 제조업,1978-06-24,코스피,003920.KS
넷마블,251270,소프트웨어 개발 및 공급업,2017-05-12,코스피,251270.KS
녹십자홀딩스,005250,회사 본부 및 경영 컨설팅 서비스업,1978-08-28,코스피,005250.KS
대교,019680,초등 교육기관,2004-02-03,코스피,019680.KS
대상,001680,기타 식품 제조업,1970-04-01,코스피,001680.KS
대신증권,003540,금융 지원 서비스업,1975-10-01,코스피,003540.KS
대원제약,003220,의약품 제조업,1999-12-15,코스피,003220.KS
대한전선,001440,절연선 및 케이블 제조업,1968-12-27,코스피,001440.KS
동성케미컬,102260,합성고무 및 플라스틱 물질 제조업,2008-06-23,코스피,102260.KS
동양생명,082640,보험업,2009-10-08,코스피,082640.KS
동양철관,008970,1차 철강 제조업,1977-03-05,코스피,008970.KS
동원산업,006040,기타 금융업,1989-03-07,코스피,006040.KS
디앤디플랫폼리츠,377190,부동산 임대 및 공급업,2021-08-27,코스피,377190.KS
롯데이노베이트,286940,"컴퓨터 프로그래밍, 시스템 통합 및 관리업",2018-07-27,코스피,286940.KS
맥쿼리인프라,088980,신탁업 및 집합투자업,2006-03-15,코스피,088980.KS
메타케어,118000,기계장비 및 관련 물품 도매업,2009-12-30,코스피,118000.KS
무림P&P,009580,"펄프, 종이 및 판지 제조업",1989-06-20,코스피,009580.KS
무학,033920,알코올음료 제조업,2010-07-20,코스피,033920.KS
미래아이앤지,007120,"컴퓨터 프로그래밍, 시스템 통합 및 관리업",1999-11-26,코스피,007120.KS
미창석유공업,003650,석유 정제품 제조업,1989-09-27,코스피,003650.KS
범양건영,002410,건물 건설업,1988-05-25,코스피,002410.KS
비상교육,100220,"서적, 잡지 및 기타 인쇄물 출판업",2008-06-30,코스피,100220.KS
삼성에스디에스,018260,"컴퓨터 프로그래밍, 시스템 통합 및 관리업",2014-11-14,코스피,018260.KS
삼성출판사,068290,"서적, 잡지 및 기타 인쇄물 출판업",2002-08-05,코스피,068290.KS
삼성화재해상보험,000810,보험업,1975-06-30,코스피,000810.KS
삼양패키징,272550,플라스틱제품 제조업,2017-11-29,코스피,272550.KS
삼영,003720,플라스틱제품 제조업,1976-06-30,코스피,003720.KS
삼익악기,002450,악기 제조업,1988-09-30,코스피,002450.KS
삼진제약,005500,의약품 제조업,1988-06-18,코스피,005500.KS
삼화전자공업,011230,영상 및 음향기기 제조업,1987-05-25,코스피,011230.KS
서원,021050,금속 주조업,1996-01-30,코스피,021050.KS
성문전자,014910,전자부품 제조업,1990-03-24,코스피,014910.KS
세원이앤씨,091090,"구조용 금속제품, 탱크 및 증기발생기 제조업",2006-07-31,코스피,091090.KS
스틱인베스트먼트,026890,신탁업 및 집합투자업,1997-11-25,코스피,026890.KS
신도리코,029530,컴퓨터 및 주변장치 제조업,1996-12-24,코스피,029530.KS
신영증권,001720,금융 지원 서비스업,1987-08-24,코스피,001720.KS
아시아나IDT,267850,"컴퓨터 프로그래밍, 시스템 통합 및 관리업",2018-11-23,코스피,267850.KS
아이티센씨티에스,031820,"컴퓨터 프로그래밍, 시스템 통합 및 관리업",1997-02-12,코스피,031820.KS
애경케미칼,161000,기초 화학물질 제조업,2012-09-17,코스피,161000.KS
에스제이엠홀딩스,025530,자동차 부품 및 내장품 판매업,1997-02-12,코스피,025530.KS
에이프로젠바이오로직스,003060,의약품 제조업,1984-10-19,코스피,003060.KS
에이피알,278470,기타 화학제품 제조업,2024-02-27,코스피,278470.KS
오리온홀딩스,001800,기타 금융업,1975-06-27,코스피,001800.KS
유진증권,001200,금융 지원 서비스업,1987-08-24,코스피,001200.KS
유화증권,003460,금융 지원 서비스업,1987-08-24,코스피,003460.KS
이지스레지던스리츠,350520,부동산 임대 및 공급업,2020-08-05,코스피,350520.KS
이화산업,000760,기타 전문 도매업,1994-04-29,코스피,000760.KS
인천도시가스,034590,연료용 가스 제조 및 배관공급업,2006-11-07,코스피,034590.KS
인터지스,129260,도로 화물 운송업,2011-12-16,코스피,129260.KS
일성건설,013360,토목 건설업,1989-12-02,코스피,013360.KS
잇츠한불,226320,기타 화학제품 제조업,2015-12-28,코스피,226320.KS
자화전자,033240,전자부품 제조업,1999-01-06,코스피,033240.KS
전방,000950,방적 및 가공사 제조업,1968-10-21,코스피,000950.KS
종근당홀딩스,001630,의약품 제조업,1976-06-30,코스피,001630.KS
주연테크,044380,컴퓨터 및 주변장치 제조업,2006-11-15,코스피,044380.KS
진원생명과학,011000,의약품 제조업,1987-11-16,코스피,011000.KS
코오롱모빌리티그룹,450140,자동차 판매업,2023-01-31,코스피,450140.KS
콘텐트리중앙,036420,"영화, 비디오물, 방송프로그램 제작 및 배급업",2019-10-18,코스피,036420.KS
쿠쿠홀딩스,192400,기타 금융업,2014-08-06,코스피,192400.KS
크래프톤,259960,소프트웨어 개발 및 공급업,2021-08-10,코스피,259960.KS
태광산업,003240,화학섬유 제조업,1975-12-27,코스피,003240.KS
태림포장,011280,"골판지, 종이 상자 및 종이용기 제조업",1988-12-20,코스피,011280.KS
토니모리,214420,기타 화학제품 제조업,2015-07-10,코스피,214420.KS
티케이지휴켐스,069260,기타 화학제품 제조업,2002-10-07,코스피,069260.KS
팜스코,036580,"곡물가공품, 전분 및 전분제품 제조업",1999-10-25,코스피,036580.KS
풍산,103140,1차 비철금속 제조업,2008-07-30,코스피,103140.KS
하나금융지주,086790,기타 금융업,2005-12-12,코스피,086790.KS
하이트진로홀딩스,000140,기타 금융업,1973-09-19,코스피,000140.KS
한국ANKOR유전,152550,신탁업 및 집합투자업,2012-03-08,코스피,152550.KS
한국공항,005430,기타 운송관련 서비스업,1976-12-28,코스피,005430.KS
한국전력공사,015760,전기업,1989-08-10,코스피,015760.KS
한신공영,004960,건물 건설업,1976-07-07,코스피,004960.KS
한전KPS,051600,전기 및 통신 공사업,2007-12-14,코스피,051600.KS
한창제지,009460,"펄프, 종이 및 판지 제조업",1987-12-23,코스피,009460.KS
한화손해보험,000370,보험업,1975-06-30,코스피,000370.KS
한화솔루션,009830,기초 화학물질 제조업,1974-06-19,코스피,009830.KS
한화투자증권,003530,금융 지원 서비스업,1986-11-25,코스피,003530.KS
현대로템,064350,철도장비 제조업,2013-10-30,코스피,064350.KS
현대백화점,069960,종합 소매업,2002-11-25,코스피,069960.KS
현대자동차,005380,자동차용 엔진 및 자동차 제조업,1974-06-28,코스피,005380.KS
화신,010690,자동차 신품 부품 제조업,1994-01-14,코스피,010690.KS
화천기계,010660,특수 목적용 기계 제조업,1988-12-12,코스피,010660.KS
환인제약,016580,의약품 제조업,1996-07-03,코스피,016580.KS
BGF리테일,282330,종합 소매업,2017-12-08,코스피,282330.KS
CJ씨푸드,011150,기타 식품 제조업,1988-11-26,코스피,011150.KS
DB,012030,"컴퓨터 프로그래밍, 시스템 통합 및 관리업",1993-01-06,코스피,012030.KS
DH오토넥스,000300,자동차 신품 부품 제조업,1975-06-09,코스피,000300.KS
HL홀딩스,060980,기타 금융업,2010-05-19,코스피,060980.KS
HMM,011200,해상 운송업,1995-10-05,코스피,011200.KS
HS애드,035000,광고업,1999-08-11,코스피,035000.KS
HS효성첨단소재,298050,화학섬유 제조업,2018-07-13,코스피,298050.KS
KISCO홀딩스,001940,1차 철강 제조업,1989-11-13,코스피,001940.KS
LG전자,066570,통신 및 방송 장비 제조업,2002-04-22,코스피,066570.KS
LG화학,051910,기초 화학물질 제조업,2001-04-25,코스피,051910.KS
LX인터내셔널,001120,상품 중개업,1976-01-30,코스피,001120.KS
NH프라임리츠,338100,부동산 임대 및 공급업,2019-12-05,코스피,338100.KS
OCI홀딩스,010060,기타 금융업,1985-07-09,코스피,010060.KS
SK,034730,기타 금융업,2009-11-11,코스피,034730.KS
SKC,011790,기타 화학제품 제조업,1997-07-18,코스피,011790.KS
SK네트웍스,001740,기타 전문 도매업,1977-06-30,코스피,001740.KS
SK증권,001510,금융 지원 서비스업,1986-09-20,코스피,001510.KS
STX그린로지스,465770,해상 운송업,2023-09-15,코스피,465770.KS
TP,007980,봉제의복 제조업,1994-12-27,코스피,007980.KS
WISCOM,024070,플라스틱제품 제조업,1996-11-22,코스피,024070.KS
계양전기,012200,일반 목적용 기계 제조업,1988-07-06,코스피,012200.KS
국보,001140,도로 화물 운송업,1989-12-02,코스피,001140.KS
금호타이어,073240,고무제품 제조업,2005-02-17,코스피,073240.KS
기신정기,092440,특수 목적용 기계 제조업,2007-10-30,코스피,092440.KS
기아,000270,자동차용 엔진 및 자동차 제조업,1973-07-21,코스피,000270.KS
넥센타이어,002350,고무제품 제조업,1976-05-19,코스피,002350.KS
대호에이엘,069460,1차 비철금속 제조업,2002-11-11,코스피,069460.KS
동일산업,004890,1차 철강 제조업,2005-06-30,코스피,004890.KS
드림텍,192650,전자부품 제조업,2019-03-14,코스피,192650.KS
디아이,003160,"측정, 시험, 항해, 제어 및 기타 정밀기기 제조업; 광학기기 제외",1996-07-31,코스피,003160.KS
롯데하이마트,071840,가전제품 및 정보통신장비 소매업,2011-06-29,코스피,071840.KS
메타랩스,090370,봉제의복 제조업,2006-12-26,코스피,090370.KS
부광약품,003000,의약품 제조업,1988-08-05,코스피,003000.KS
부국증권,001270,금융 지원 서비스업,1988-07-19,코스피,001270.KS
부산주공,005030,자동차 신품 부품 제조업,1975-12-26,코스피,005030.KS
빙그레,005180,동·식물성 유지 및 낙농제품 제조업,1978-08-31,코스피,005180.KS
사조씨푸드,014710,수산물 가공 및 저장 처리업,2012-06-29,코스피,014710.KS
삼성FN리츠,448730,부동산 임대 및 공급업,2023-04-10,코스피,448730.KS
삼아알미늄,006110,1차 비철금속 제조업,1980-12-05,코스피,006110.KS
삼익THK,004380,일반 목적용 기계 제조업,1989-09-26,코스피,004380.KS
삼화콘덴서공업,001820,전자부품 제조업,1976-06-26,코스피,001820.KS
서연,007860,기타 금융업,1989-09-09,코스피,007860.KS
수산세보틱스,017550,특수 목적용 기계 제조업,1991-08-30,코스피,017550.KS
수산인더스트리,126720,건물설비 설치 공사업,2022-08-01,코스피,126720.KS
스타에스엠리츠,204210,부동산 임대 및 공급업,2016-09-22,코스피,204210.KS
신원,009270,봉제의복 제조업,1988-08-24,코스피,009270.KS
신일전자,002700,기계장비 및 관련 물품 도매업,1975-09-30,코스피,002700.KS
신한글로벌액티브리츠,481850,신탁업 및 집합투자업,2024-07-01,코스피,481850.KS
아남전자,008700,영상 및 음향기기 제조업,1984-08-11,코스피,008700.KS
아이마켓코리아,122900,상품 종합 도매업,2010-07-30,코스피,122900.KS
아이에스동서,010780,"시멘트, 석회, 플라스터 및 그 제품 제조업",1986-01-27,코스피,010780.KS
에스엠벡셀,010580,자동차 신품 부품 제조업,1994-12-27,코스피,010580.KS
에스원,012750,"경비, 경호 및 탐정업",1996-01-30,코스피,012750.KS
에스제이엠,123700,자동차 신품 부품 제조업,2010-05-31,코스피,123700.KS
에이리츠,140910,부동산 임대 및 공급업,2011-07-14,코스피,140910.KS
에이블씨엔씨,078520,기타 화학제품 제조업,2011-09-07,코스피,078520.KS
에코프로머티,450080,일차전지 및 이차전지 제조업,2023-11-17,코스피,450080.KS
엑시큐어하이트론,019490,영상 및 음향기기 제조업,1998-11-04,코스피,019490.KS
엔에이치엔,181710,소프트웨어 개발 및 공급업,2013-08-29,코스피,181710.KS
엠앤씨솔루션,484870,특수 목적용 기계 제조업,2024-12-16,코스피,484870.KS
영진약품,003520,의약품 제조업,1973-06-25,코스피,003520.KS
영풍제지,006740,"골판지, 종이 상자 및 종이용기 제조업",1996-07-03,코스피,006740.KS
오뚜기,007310,기타 식품 제조업,1994-08-12,코스피,007310.KS
오리온,271560,기타 식품 제조업,2017-07-07,코스피,271560.KS
웅진씽크빅,095720,초등 교육기관,2007-05-31,코스피,095720.KS
유니온,000910,"시멘트, 석회, 플라스터 및 그 제품 제조업",1996-07-03,코스피,000910.KS
이노션,214320,광고업,2015-07-17,코스피,214320.KS
이수화학,005950,기초 화학물질 제조업,1988-04-28,코스피,005950.KS
이엔플러스,074610,일반 목적용 기계 제조업,2003-12-23,코스피,074610.KS
제이에스코퍼레이션,194370,"가죽, 가방 및 유사제품 제조업",2016-02-04,코스피,194370.KS
제주항공,089590,항공 여객 운송업,2015-11-06,코스피,089590.KS
진도,088790,기타 전문 도매업,2006-03-28,코스피,088790.KS
진양홀딩스,100250,플라스틱제품 제조업,2008-02-15,코스피,100250.KS
진양화학,051630,플라스틱제품 제조업,2001-01-29,코스피,051630.KS
케이씨텍,281820,"측정, 시험, 항해, 제어 및 기타 정밀기기 제조업; 광학기기 제외",2017-12-05,코스피,281820.KS
케이씨티시,009070,도로 화물 운송업,1978-09-29,코스피,009070.KS
케이티앤지,033780,담배 제조업,1999-10-08,코스피,033780.KS
콜마홀딩스,024720,기타 금융업,2002-04-09,코스피,024720.KS
태원물산,001420,자동차 신품 부품 제조업,1975-06-24,코스피,001420.KS
테이팩스,055490,플라스틱제품 제조업,2017-10-31,코스피,055490.KS
텔코웨어,078000,"자료처리, 호스팅, 포털 및 기타 인터넷 정보매개 서비스업",2004-07-20,코스피,078000.KS
포스코DX,022100,"건축기술, 엔지니어링 및 관련 기술 서비스업",2024-01-02,코스피,022100.KS
포스코인터내셔널,047050,상품 중개업,2001-03-23,코스피,047050.KS
플레이그램,009810,기타 전문 도매업,1988-08-31,코스피,009810.KS
한국가스공사,036460,연료용 가스 제조 및 배관공급업,1999-12-15,코스피,036460.KS
한국수출포장공업,002200,"골판지, 종이 상자 및 종이용기 제조업",1974-06-28,코스피,002200.KS
한국토지신탁,034830,신탁업 및 집합투자업,2016-07-11,코스피,034830.KS
한미약품,128940,의약품 제조업,2010-07-30,코스피,128940.KS
한샘,009240,생활용품 도매업,2002-07-16,코스피,009240.KS
한솔로지스틱스,009180,기타 운송관련 서비스업,1989-11-13,코스피,009180.KS
한일시멘트,300720,"시멘트, 석회, 플라스터 및 그 제품 제조업",2018-08-06,코스피,300720.KS
한전산업,130660,"건축기술, 엔지니어링 및 관련 기술 서비스업",2010-12-16,코스피,130660.KS
한화에어로스페이스,012450,"항공기,우주선 및 부품 제조업",1987-05-27,코스피,012450.KS
핸즈코퍼레이션,143210,자동차 신품 부품 제조업,2016-12-02,코스피,143210.KS
현대리바트,079430,가구 제조업,2005-11-22,코스피,079430.KS
현대모비스,012330,자동차 신품 부품 제조업,1989-09-05,코스피,012330.KS
현대지에프홀딩스,005440,기타 금융업,1989-08-22,코스피,005440.KS
현대홈쇼핑,057050,무점포 소매업,2010-09-13,코스피,057050.KS
화승인더스트리,006060,상품 종합 도매업,1991-02-04,코스피,006060.KS
화천기공,000850,특수 목적용 기계 제조업,1999-11-18,코스피,000850.KS
휴스틸,005010,1차 철강 제조업,1973-06-29,코스피,005010.KS
흥국화재,000540,보험업,1974-12-05,코스피,000540.KS
DB손해보험,005830,보험업,1973-06-28,코스피,005830.KS
DL이앤씨,375500,토목 건설업,2021-01-25,코스피,375500.KS
DN오토모티브,007340,일차전지 및 이차전지 제조업,1988-09-24,코스피,007340.KS
F&F 홀딩스,007700,기타 금융업,1984-10-04,코스피,007700.KS
HD현대에너지솔루션,322000,반도체 제조업,2019-11-19,코스피,322000.KS
KB발해인프라,415640,신탁업 및 집합투자업,2024-11-29,코스피,415640.KS
KIB플러그에너지,015590,일반 목적용 기계 제조업,1989-05-27,코스피,015590.KS
KTcs,058850,기타 정보 서비스업,2010-09-16,코스피,058850.KS
LG생활건강,051900,기타 화학제품 제조업,2001-04-25,코스피,051900.KS
LG에너지솔루션,373220,일차전지 및 이차전지 제조업,2022-01-27,코스피,373220.KS
LX세미콘,108320,반도체 제조업,2022-11-03,코스피,108320.KS
POSCO홀딩스,005490,1차 철강 제조업,1988-06-10,코스피,005490.KS
S-Oil,010950,석유 정제품 제조업,1987-05-27,코스피,010950.KS
SGC에너지,005090,전기업,1993-01-06,코스피,005090.KS
SJG세종,033530,자동차 신품 부품 제조업,2002-09-25,코스피,033530.KS
SK스퀘어,402340,기타 금융업,2021-11-29,코스피,402340.KS
SK아이이테크놀로지,361610,일차전지 및 이차전지 제조업,2021-05-11,코스피,361610.KS
SK이노베이션,096770,석유 정제품 제조업,2007-07-25,코스피,096770.KS
SNT모티브,064960,자동차 신품 부품 제조업,2002-03-11,코스피,064960.KS
STX엔진,077970,일반 목적용 기계 제조업,2004-05-10,코스피,077970.KS
TYM,002900,특수 목적용 기계 제조업,1973-06-26,코스피,002900.KS
경인전자,009140,전자부품 제조업,1989-06-20,코스피,009140.KS
계룡건설산업,013580,토목 건설업,1996-01-30,코스피,013580.KS
광동제약,009290,의약품 제조업,1989-11-17,코스피,009290.KS
교촌에프앤비,339770,음·식료품 및 담배 도매업,2020-11-12,코스피,339770.KS
국도화학,007690,기초 화학물질 제조업,1989-08-05,코스피,007690.KS
극동유화,014530,석유 정제품 제조업,1991-01-31,코스피,014530.KS
깨끗한나라,004540,"펄프, 종이 및 판지 제조업",1975-06-25,코스피,004540.KS
넥스틸,092790,1차 철강 제조업,2023-08-21,코스피,092790.KS
농심홀딩스,072710,기타 금융업,2003-07-30,코스피,072710.KS
대구백화점,006370,종합 소매업,1988-10-10,코스피,006370.KS
대림통상,006570,기타 금속 가공제품 제조업,1975-11-20,코스피,006570.KS
대상홀딩스,084690,기타 금융업,2005-08-17,코스피,084690.KS
대우건설,047040,건물 건설업,2001-03-23,코스피,047040.KS
대창,012800,1차 비철금속 제조업,1989-12-05,코스피,012800.KS
대한제강,084010,1차 철강 제조업,2005-10-31,코스피,084010.KS
동국제강,460860,1차 철강 제조업,2023-06-16,코스피,460860.KS
동원수산,030720,어로 어업,1996-11-22,코스피,030720.KS
롯데렌탈,089860,운송장비 임대업,2021-08-19,코스피,089860.KS
롯데리츠,330590,부동산 임대 및 공급업,2019-10-30,코스피,330590.KS
롯데정밀화학,004000,기초 화학물질 제조업,1976-04-15,코스피,004000.KS
마스턴프리미어리츠,357430,부동산 임대 및 공급업,2022-05-31,코스피,357430.KS
명문제약,017180,의약품 제조업,2008-07-10,코스피,017180.KS
모토닉,009680,자동차 신품 부품 제조업,1994-01-14,코스피,009680.KS
문배철강,008420,1차 철강 제조업,1994-11-05,코스피,008420.KS
방림,003610,직물직조 및 직물제품 제조업,1989-05-30,코스피,003610.KS
비에이치,090460,전자부품 제조업,2023-06-20,코스피,090460.KS
삼성증권,016360,금융 지원 서비스업,1988-03-28,코스피,016360.KS
삼화전기,009470,전자부품 제조업,1986-11-24,코스피,009470.KS
새론오토모티브,075180,자동차 신품 부품 제조업,2005-10-21,코스피,075180.KS
세아제강지주,003030,기타 금융업,1969-05-13,코스피,003030.KS
솔루스첨단소재,336370,전자부품 제조업,2019-10-18,코스피,336370.KS
솔루엠,248070,전자부품 제조업,2021-02-02,코스피,248070.KS
송원산업,004430,기타 화학제품 제조업,1977-06-25,코스피,004430.KS
신대양제지,016590,"골판지, 종이 상자 및 종이용기 제조업",1995-12-21,코스피,016590.KS
신송홀딩스,006880,산업용 농·축산물 및 동·식물 도매업,2013-11-21,코스피,006880.KS
신영와코루,005800,봉제의복 제조업,1976-12-28,코스피,005800.KS
신흥,004080,기계장비 및 관련 물품 도매업,1991-02-08,코스피,004080.KS
쌍방울,102280,봉제의복 제조업,2008-06-10,코스피,102280.KS
아세아시멘트,183190,"시멘트, 석회, 플라스터 및 그 제품 제조업",2013-11-06,코스피,183190.KS
에넥스,011090,가구 제조업,1995-07-08,코스피,011090.KS
에스엘,005850,자동차 신품 부품 제조업,1988-11-08,코스피,005850.KS
엘앤에프,066970,일차전지 및 이차전지 제조업,2024-01-29,코스피,066970.KS
영풍,000670,1차 비철금속 제조업,1976-06-12,코스피,000670.KS
우성,006980,"곡물가공품, 전분 및 전분제품 제조업",1988-10-10,코스피,006980.KS
우진아이엔에스,010400,건물설비 설치 공사업,2018-09-14,코스피,010400.KS
우진플라임,049800,특수 목적용 기계 제조업,2006-05-24,코스피,049800.KS
유나이티드,033270,의약품 제조업,2007-10-23,코스피,033270.KS
유니드,014830,기초 화학물질 제조업,2004-12-03,코스피,014830.KS
유니온머티리얼,047400,"내화, 비내화 요업제품 제조업",2009-09-29,코스피,047400.KS
유유제약,000220,의약품 제조업,1975-11-18,코스피,000220.KS
유한양행,000100,의약품 제조업,1962-11-01,코스피,000100.KS
이연제약,102460,의약품 제조업,2010-06-10,코스피,102460.KS
일양약품,007570,의약품 제조업,1974-08-28,코스피,007570.KS
제이알글로벌리츠,348950,부동산 임대 및 공급업,2020-08-07,코스피,348950.KS
제일약품,271980,의약품 제조업,2017-07-17,코스피,271980.KS
조광페인트,004910,기타 화학제품 제조업,1976-12-27,코스피,004910.KS
조선내화,462520,"내화, 비내화 요업제품 제조업",2023-07-28,코스피,462520.KS
진양산업,003780,플라스틱제품 제조업,1973-06-26,코스피,003780.KS
진흥기업,002780,토목 건설업,1977-06-25,코스피,002780.KS
케이씨,029460,"측정, 시험, 항해, 제어 및 기타 정밀기기 제조업; 광학기기 제외",1997-11-25,코스피,029460.KS
케이씨씨글라스,344820,유리 및 유리제품 제조업,2020-01-21,코스피,344820.KS
코스모신소재,005070,기타 화학제품 제조업,1987-09-28,코스피,005070.KS
코아스,071950,가구 제조업,2005-08-04,코스피,071950.KS
코웨이,021240,그외 기타 개인 서비스업,2001-08-07,코스피,021240.KS
파라다이스,034230,유원지 및 기타 오락관련 서비스업,2024-06-24,코스피,034230.KS
팬오션,028670,해상 운송업,2007-09-21,코스피,028670.KS
퍼스텍,010820,무기 및 총포탄 제조업,1989-05-10,코스피,010820.KS
하이스틸,071090,1차 철강 제조업,2003-02-17,코스피,071090.KS
한국앤컴퍼니,000240,기타 금융업,1968-12-27,코스피,000240.KS
한미반도체,042700,특수 목적용 기계 제조업,2005-07-22,코스피,042700.KS
한섬,020000,봉제의복 제조업,1996-07-03,코스피,020000.KS
한세실업,105630,봉제의복 제조업,2009-03-20,코스피,105630.KS
한세엠케이,069640,"섬유, 의복, 신발 및 가죽제품 소매업",2011-06-21,코스피,069640.KS
한솔테크닉스,004710,전자부품 제조업,1988-07-06,코스피,004710.KS
한솔홈데코,025750,제재 및 목재 가공업,2003-11-04,코스피,025750.KS
한양증권,001750,금융 지원 서비스업,1988-03-04,코스피,001750.KS
한익스프레스,014130,도로 화물 운송업,1989-07-25,코스피,014130.KS
한진,002320,도로 화물 운송업,1974-08-12,코스피,002320.KS
한화생명,088350,보험업,2010-03-17,코스피,088350.KS
현대위아,011210,자동차 신품 부품 제조업,2011-02-21,코스피,011210.KS
현대제철,004020,1차 철강 제조업,1987-05-23,코스피,004020.KS
현대코퍼레이션홀딩스,227840,음·식료품 및 담배 도매업,2015-10-23,코스피,227840.KS
화승코퍼레이션,013520,자동차 신품 부품 제조업,1991-02-22,코스피,013520.KS
화인베스틸,133820,1차 철강 제조업,2014-07-22,코스피,133820.KS
휴니드테크놀러지스,005870,통신 및 방송 장비 제조업,1991-09-03,코스피,005870.KS
휴비스,079980,화학섬유 제조업,2012-02-23,코스피,079980.KS
AJ네트웍스,095570,산업용 기계 및 장비 임대업,2015-08-21,코스피,095570.KS
BGF,027410,기타 금융업,2014-05-19,코스피,027410.KS
DSR,155660,1차 비철금속 제조업,2013-05-15,코스피,155660.KS
DS단석,017860,기타 화학제품 제조업,2023-12-22,코스피,017860.KS
HL D&I,014790,토목 건설업,1994-08-12,코스피,014790.KS
INVENI,015360,회사 본부 및 경영 컨설팅 서비스업,1996-12-24,코스피,015360.KS
JW생명과학,234080,의약품 제조업,2016-10-27,코스피,234080.KS
KB스타리츠,432320,부동산 임대 및 공급업,2022-10-06,코스피,432320.KS
KG스틸,016380,1차 철강 제조업,1986-02-03,코스피,016380.KS
KPX케미칼,025000,기초 화학물질 제조업,1994-12-27,코스피,025000.KS
KPX홀딩스,092230,기초 화학물질 제조업,2006-10-12,코스피,092230.KS
LG헬로비전,037560,텔레비전 방송업,2012-11-09,코스피,037560.KS
SBS,034120,텔레비전 방송업,2003-06-25,코스피,034120.KS
SH에너지화학,002360,기초 화학물질 제조업,1985-12-23,코스피,002360.KS
SK오션플랜트,100090,1차 철강 제조업,2023-04-19,코스피,100090.KS
SK하이닉스,000660,반도체 제조업,1996-12-26,코스피,000660.KS
SNT홀딩스,036530,기타 금융업,2002-10-22,코스피,036530.KS
SPC삼립,005610,기타 식품 제조업,1975-05-02,코스피,005610.KS
TCC스틸,002710,1차 철강 제조업,1984-12-21,코스피,002710.KS
YG PLUS,037270,"자료처리, 호스팅, 포털 및 기타 인터넷 정보매개 서비스업",2003-08-01,코스피,037270.KS
갤럭시아에스엠,011420,스포츠 서비스업,1989-11-14,코스피,011420.KS
국제약품,002720,의약품 제조업,1975-12-27,코스피,002720.KS
금비,008870,유리 및 유리제품 제조업,1990-06-08,코스피,008870.KS
금호전기,001210,전구 및 조명장치 제조업,1973-11-15,코스피,001210.KS
남광토건,001260,토목 건설업,1976-12-28,코스피,001260.KS
남해화학,025860,"비료, 농약 및 살균, 살충제 제조업",1995-11-10,코스피,025860.KS
녹십자,006280,의약품 제조업,1989-08-01,코스피,006280.KS
대동,000490,특수 목적용 기계 제조업,1975-06-27,코스피,000490.KS
대성산업,128820,연료 소매업,2010-07-30,코스피,128820.KS
대성에너지,117580,연료용 가스 제조 및 배관공급업,2010-12-24,코스피,117580.KS
대양금속,009190,1차 철강 제조업,1994-04-29,코스피,009190.KS
대한제분,001130,"곡물가공품, 전분 및 전분제품 제조업",1970-11-25,코스피,001130.KS
더본코리아,475560,상품 종합 도매업,2024-11-06,코스피,475560.KS
동아지질,028100,기반조성 및 시설물 축조관련 전문공사업,2009-06-12,코스피,028100.KS
동원F&B,049770,기타 식품 제조업,2000-11-23,코스피,049770.KS
동인기연,111380,"가죽, 가방 및 유사제품 제조업",2023-11-21,코스피,111380.KS
동일제강,002690,1차 철강 제조업,2015-09-24,코스피,002690.KS
두산밥캣,241560,특수 목적용 기계 제조업,2016-11-18,코스피,241560.KS
디와이덕양,024900,자동차 신품 부품 제조업,1997-06-23,코스피,024900.KS
롯데칠성음료,005300,비알코올음료 및 얼음 제조업,1973-06-21,코스피,005300.KS
메리츠금융지주,138040,기타 금융업,2011-05-13,코스피,138040.KS
미래산업,025560,"측정, 시험, 항해, 제어 및 기타 정밀기기 제조업; 광학기기 제외",1996-11-22,코스피,025560.KS
미원에스씨,268280,기초 화학물질 제조업,2017-05-22,코스피,268280.KS
바이오노트,377740,의료용품 및 기타 의약 관련제품 제조업,2022-12-22,코스피,377740.KS
백산,035150,플라스틱제품 제조업,1999-08-11,코스피,035150.KS
벽산,007210,기타 비금속 광물제품 제조업,1972-01-04,코스피,007210.KS
보락,002760,기타 화학제품 제조업,1989-11-30,코스피,002760.KS
산일전기,062040,"전동기, 발전기 및 전기 변환 · 공급 · 제어 장치 제조업",2024-07-29,코스피,062040.KS
삼성물산,028260,기타 전문 도매업,2014-12-18,코스피,028260.KS
삼성바이오로직스,207940,기초 의약물질 제조업,2016-11-10,코스피,207940.KS
삼성전자,005930,통신 및 방송 장비 제조업,1975-06-11,코스피,005930.KS
삼성카드,029780,기타 금융업,2007-06-27,코스피,029780.KS
삼영전자공업,005680,전자부품 제조업,1976-12-28,코스피,005680.KS
상상인증권,001290,금융 지원 서비스업,1988-09-23,코스피,001290.KS
상신브레이크,041650,자동차 신품 부품 제조업,2004-10-27,코스피,041650.KS
샘표식품,248170,기타 식품 제조업,2016-08-09,코스피,248170.KS
서연이화,200880,자동차 신품 부품 제조업,2014-08-08,코스피,200880.KS
신세계,004170,종합 소매업,1985-08-19,코스피,004170.KS
신한서부티엔디리츠,404990,부동산 임대 및 공급업,2021-12-10,코스피,404990.KS
써니전자,004770,전자부품 제조업,1987-04-22,코스피,004770.KS
씨티알모빌리티,308170,자동차 신품 부품 제조업,2019-11-25,코스피,308170.KS
아세아제지,002310,"골판지, 종이 상자 및 종이용기 제조업",1988-12-15,코스피,002310.KS
아진전자부품,009320,자동차 신품 부품 제조업,1989-08-25,코스피,009320.KS
애경산업,018250,기타 화학제품 제조업,2018-03-22,코스피,018250.KS
에쓰씨엔지니어링,023960,토목 건설업,1997-06-23,코스피,023960.KS
에어부산,298690,항공 여객 운송업,2018-12-27,코스피,298690.KS
에이플러스에셋,244920,보험 및 연금관련 서비스업,2020-11-20,코스피,244920.KS
오리엔트바이오,002630,의약품 제조업,1976-12-28,코스피,002630.KS
웰바이오텍,010600,상품 중개업,1997-07-18,코스피,010600.KS
유니드비티플러스,446070,제재 및 목재 가공업,2022-11-28,코스피,446070.KS
유안타증권,003470,금융 지원 서비스업,1988-01-21,코스피,003470.KS
이아이디,093230,기타 전문 도매업,2007-11-01,코스피,093230.KS
일정실업,008500,편조원단 제조업,1994-08-12,코스피,008500.KS
일진다이아,081000,기타 화학제품 제조업,2004-12-22,코스피,081000.KS
일진디스플,020760,반도체 제조업,2002-01-09,코스피,020760.KS
제주은행,006220,은행 및 저축기관,1972-12-28,코스피,006220.KS
조선선재,120030,기타 금속 가공제품 제조업,2010-02-19,코스피,120030.KS
조흥,002600,기타 식품 제조업,1976-12-23,코스피,002600.KS
진양폴리우레탄,010640,플라스틱제품 제조업,1989-09-30,코스피,010640.KS
청호ICT,012600,일반 목적용 기계 제조업,1990-07-10,코스피,012600.KS
카프로,006380,기초 화학물질 제조업,1974-05-28,코스피,006380.KS
케이비아이동국실업,001620,자동차 신품 부품 제조업,1990-09-15,코스피,001620.KS
케이티,030200,전기 통신업,1998-12-23,코스피,030200.KS
태경비케이,014580,"시멘트, 석회, 플라스터 및 그 제품 제조업",1991-03-07,코스피,014580.KS
태영건설,009410,토목 건설업,1989-11-13,코스피,009410.KS
팜젠사이언스,004720,의약품 제조업,1990-06-15,코스피,004720.KS
풀무원,017810,기타 식품 제조업,1995-10-05,코스피,017810.KS
한국쉘석유,002960,석유 정제품 제조업,1988-08-10,코스피,002960.KS
한국철강,104700,1차 철강 제조업,2008-09-29,코스피,104700.KS
한국콜마,161890,기타 화학제품 제조업,2012-10-19,코스피,161890.KS
한국항공우주,047810,"항공기,우주선 및 부품 제조업",2011-06-30,코스피,047810.KS
한국화장품,123690,생활용품 도매업,2010-06-01,코스피,123690.KS
한국화장품제조,003350,기타 화학제품 제조업,1978-02-06,코스피,003350.KS
한농화성,011500,기타 화학제품 제조업,2003-01-09,코스피,011500.KS
한독,002390,의약품 제조업,1976-06-30,코스피,002390.KS
한미사이언스,008930,기타 금융업,1988-06-20,코스피,008930.KS
한성기업,003680,수산물 가공 및 저장 처리업,1989-01-26,코스피,003680.KS
한올바이오파마,009420,의약품 제조업,1989-12-18,코스피,009420.KS
한화,000880,기타 화학제품 제조업,1976-06-24,코스피,000880.KS
한화갤러리아,452260,종합 소매업,2023-03-31,코스피,452260.KS
한화엔진,082740,일반 목적용 기계 제조업,2011-01-04,코스피,082740.KS
현대건설,000720,토목 건설업,1984-12-22,코스피,000720.KS
현대퓨처넷,126560,전기 통신업,2010-12-23,코스피,126560.KS
CJ,001040,기타 금융업,1973-06-29,코스피,001040.KS
CJ대한통운,000120,도로 화물 운송업,1956-07-02,코스피,000120.KS
E1,017940,기타 전문 도매업,1997-08-27,코스피,017940.KS
GS리테일,007070,종합 소매업,2011-12-23,코스피,007070.KS
HDC,012630,기타 금융업,1996-10-16,코스피,012630.KS
HD현대마린솔루션,443060,"건축기술, 엔지니어링 및 관련 기술 서비스업",2024-05-08,코스피,443060.KS
JW중외제약,001060,의약품 제조업,1976-06-14,코스피,001060.KS
JW홀딩스,096760,기타 금융업,2007-07-31,코스피,096760.KS
KB금융,105560,기타 금융업,2008-10-10,코스피,105560.KS
KG모빌리티,003620,자동차용 엔진 및 자동차 제조업,1975-05-29,코스피,003620.KS
KH 필룩스,033180,전자부품 제조업,2001-12-26,코스피,033180.KS
LG씨엔에스,064400,"컴퓨터 프로그래밍, 시스템 통합 및 관리업",2025-02-05,코스피,064400.KS
OCI,456040,기초 화학물질 제조업,2023-05-30,코스피,456040.KS
SB성보,003080,"비료, 농약 및 살균, 살충제 제조업",1976-12-23,코스피,003080.KS
SG글로벌,001380,자동차 신품 부품 제조업,1976-06-29,코스피,001380.KS
SK디앤디,210980,부동산 임대 및 공급업,2015-06-23,코스피,210980.KS
SK텔레콤,017670,전기 통신업,1989-11-07,코스피,017670.KS
STX,011810,상품 종합 도매업,1990-09-12,코스피,011810.KS
경동도시가스,267290,연료용 가스 제조 및 배관공급업,2017-05-12,코스피,267290.KS
고려아연,010130,1차 비철금속 제조업,1990-07-28,코스피,010130.KS
광전자,017900,반도체 제조업,1996-10-16,코스피,017900.KS
광주신세계,037710,종합 소매업,2002-02-07,코스피,037710.KS
그린케미칼,083420,기타 화학제품 제조업,2005-10-20,코스피,083420.KS
금양,001570,기초 화학물질 제조업,1976-12-17,코스피,001570.KS
까뮤이앤씨,013700,건물 건설업,1989-11-30,코스피,013700.KS
농심,004370,기타 식품 제조업,1976-06-30,코스피,004370.KS
다이나믹디자인,145210,특수 목적용 기계 제조업,2015-03-19,코스피,145210.KS
대덕,008060,기타 금융업,1989-01-26,코스피,008060.KS
대림바스,005750,"내화, 비내화 요업제품 제조업",1992-12-23,코스피,005750.KS
대성홀딩스,016710,회사 본부 및 경영 컨설팅 서비스업,1999-12-22,코스피,016710.KS
대한방직,001070,직물직조 및 직물제품 제조업,1973-12-28,코스피,001070.KS
대한유화,006650,기초 화학물질 제조업,1999-08-11,코스피,006650.KS
동방아그로,007590,"비료, 농약 및 살균, 살충제 제조업",1977-06-29,코스피,007590.KS
두산,000150,기타 금융업,1973-06-29,코스피,000150.KS
두산로보틱스,454910,특수 목적용 기계 제조업,2023-10-05,코스피,454910.KS
두올,016740,자동차 신품 부품 제조업,2016-07-29,코스피,016740.KS
디아이동일,001530,상품 중개업,1964-01-04,코스피,001530.KS
디아이씨,092200,자동차 신품 부품 제조업,2007-10-18,코스피,092200.KS
롯데손해보험,000400,보험업,1971-04-16,코스피,000400.KS
롯데웰푸드,280360,기타 식품 제조업,2017-10-30,코스피,280360.KS
마니커,027740,"도축, 육류 가공 및 저장 처리업",2002-10-29,코스피,027740.KS
모나미,005360,생활용품 도매업,1974-06-26,코스피,005360.KS
미원상사,002840,기타 화학제품 제조업,1989-09-25,코스피,002840.KS
미원화학,134380,기타 화학제품 제조업,2011-02-15,코스피,134380.KS
보령,003850,의약품 제조업,1988-10-24,코스피,003850.KS
사조대림,003960,수산물 가공 및 저장 처리업,1976-09-16,코스피,003960.KS
사조오양,006090,수산물 가공 및 저장 처리업,1986-12-24,코스피,006090.KS
삼성SDI,006400,일차전지 및 이차전지 제조업,1979-02-27,코스피,006400.KS
삼성전기,009150,전자부품 제조업,1979-02-27,코스피,009150.KS
삼양사,145990,기타 식품 제조업,2011-12-05,코스피,145990.KS
삼일씨엔에스,004440,"시멘트, 석회, 플라스터 및 그 제품 제조업",2016-03-30,코스피,004440.KS
삼화페인트공업,000390,기타 화학제품 제조업,1993-09-10,코스피,000390.KS
샘표,007540,기타 금융업,1976-06-29,코스피,007540.KS
서울보증보험,031210,보험업,2025-03-14,코스피,031210.KS
서흥,008490,기타 화학제품 제조업,1990-03-27,코스피,008490.KS
세기상사,002420,연료 소매업,1968-12-27,코스피,002420.KS
세아홀딩스,058650,1차 철강 제조업,2001-07-30,코스피,058650.KS
세우글로벌,013000,기타 전문 도매업,1989-09-05,코스피,013000.KS
시디즈,134790,가구 제조업,2011-01-25,코스피,134790.KS
시알홀딩스,000480,"내화, 비내화 요업제품 제조업",1978-06-30,코스피,000480.KS
신세계인터내셔날,031430,"섬유, 의복, 신발 및 가죽제품 소매업",2011-07-14,코스피,031430.KS
신풍제약,019170,의약품 제조업,1990-01-20,코스피,019170.KS
씨케이솔루션,480370,"건축기술, 엔지니어링 및 관련 기술 서비스업",2025-03-17,코스피,480370.KS
아세아,002030,회사 본부 및 경영 컨설팅 서비스업,1974-06-03,코스피,002030.KS
에이엔피,015260,전자부품 제조업,1988-01-18,코스피,015260.KS
에이프로젠,007460,기타 금속 가공제품 제조업,1995-07-08,코스피,007460.KS
엔케이,085310,"구조용 금속제품, 탱크 및 증기발생기 제조업",2008-01-24,코스피,085310.KS
영보화학,014440,플라스틱제품 제조업,1997-08-27,코스피,014440.KS
영흥,012160,1차 철강 제조업,2010-01-25,코스피,012160.KS
우신시스템,017370,특수 목적용 기계 제조업,2002-05-28,코스피,017370.KS
유니켐,011330,"가죽, 가방 및 유사제품 제조업",1989-12-14,코스피,011330.KS
유니퀘스트,077500,기계장비 및 관련 물품 도매업,2004-08-05,코스피,077500.KS
이마트,139480,종합 소매업,2011-06-10,코스피,139480.KS
이스타코,015020,부동산 임대 및 공급업,1988-12-23,코스피,015020.KS
인디에프,014990,봉제의복 제조업,1989-06-20,코스피,014990.KS
일진전기,103590,절연선 및 케이블 제조업,2008-08-01,코스피,103590.KS
제일연마,001560,기타 비금속 광물제품 제조업,2005-12-09,코스피,001560.KS
조광피혁,004700,"가죽, 가방 및 유사제품 제조업",1977-05-27,코스피,004700.KS
종근당,185750,의약품 제조업,2013-12-06,코스피,185750.KS
진에어,272450,항공 여객 운송업,2017-12-08,코스피,272450.KS
체시스,033250,자동차 신품 부품 제조업,1999-08-11,코스피,033250.KS
카카오,035720,"자료처리, 호스팅, 포털 및 기타 인터넷 정보매개 서비스업",2017-07-10,코스피,035720.KS
케이씨씨,002380,기타 화학제품 제조업,1973-06-25,코스피,002380.KS
케이탑리츠,145270,부동산 임대 및 공급업,2012-01-31,코스피,145270.KS
케이티스카이라이프,053210,텔레비전 방송업,2011-06-03,코스피,053210.KS
코리안리,003690,재 보험업,1969-12-22,코스피,003690.KS
코오롱인더,120110,화학섬유 제조업,2010-02-01,코스피,120110.KS
태경케미컬,006890,기초 화학물질 제조업,2003-01-28,코스피,006890.KS
평화홀딩스,010770,자동차 신품 부품 제조업,1986-03-31,코스피,010770.KS
포스코퓨처엠,003670,일차전지 및 이차전지 제조업,2019-05-29,코스피,003670.KS
하나제약,293480,의약품 제조업,2018-10-02,코스피,293480.KS
한국주강,025890,특수 목적용 기계 제조업,1997-07-18,코스피,025890.KS
한솔제지,213500,"펄프, 종이 및 판지 제조업",2015-01-26,코스피,213500.KS
한솔홀딩스,004150,기타 금융업,1972-05-17,코스피,004150.KS
한신기계공업,011700,일반 목적용 기계 제조업,1987-07-24,코스피,011700.KS
한온시스템,018880,일반 목적용 기계 제조업,1996-07-31,코스피,018880.KS
현대그린푸드,453340,종합 소매업,2023-04-10,코스피,453340.KS
현대엘리베이터,017800,일반 목적용 기계 제조업,1996-07-03,코스피,017800.KS
화승알앤에이,378850,자동차 신품 부품 제조업,2021-03-15,코스피,378850.KS
효성,004800,기타 금융업,1973-06-30,코스피,004800.KS
흥아해운,003280,해상 운송업,1976-06-29,코스피,003280.KS
AK홀딩스,006840,기타 금융업,1999-08-11,코스피,006840.KS
CS홀딩스,000590,기타 금융업,1975-12-22,코스피,000590.KS
DB증권,016610,금융 지원 서비스업,1988-06-27,코스피,016610.KS
DB하이텍,000990,반도체 제조업,1975-12-12,코스피,000990.KS
DL,000210,기초 화학물질 제조업,1976-02-02,코스피,000210.KS
ESR켄달스퀘어리츠,365550,부동산 임대 및 공급업,2020-12-23,코스피,365550.KS
F&F,383220,봉제의복 제조업,2021-05-21,코스피,383220.KS
GS,078930,기타 금융업,2004-08-05,코스피,078930.KS
HD현대미포,010620,선박 및 보트 건조업,1983-12-20,코스피,010620.KS
HD현대일렉트릭,267260,"전동기, 발전기 및 전기 변환 · 공급 · 제어 장치 제조업",2017-05-10,코스피,267260.KS
HD현대중공업,329180,선박 및 보트 건조업,2021-09-17,코스피,329180.KS
KEC,092220,반도체 제조업,2006-10-16,코스피,092220.KS
KG케미칼,001390,기초 화학물질 제조업,1989-08-25,코스피,001390.KS
KR모터스,000040,그외 기타 운송장비 제조업,1976-05-25,코스피,000040.KS
LG,003550,기타 금융업,1970-02-13,코스피,003550.KS
LG디스플레이,034220,전자부품 제조업,2004-07-23,코스피,034220.KS
LG이노텍,011070,전자부품 제조업,2008-07-24,코스피,011070.KS
LX홀딩스,383800,기타 금융업,2021-05-27,코스피,383800.KS
NH투자증권,005940,금융 지원 서비스업,1975-09-30,코스피,005940.KS
NICE,034310,회사 본부 및 경영 컨설팅 서비스업,2004-02-04,코스피,034310.KS
SHD,001770,1차 철강 제조업,1988-11-23,코스피,001770.KS
SK케미칼,285130,합성고무 및 플라스틱 물질 제조업,2018-01-05,코스피,285130.KS
iM금융지주,139130,기타 금융업,2011-06-07,코스피,139130.KS
가온전선,000500,절연선 및 케이블 제조업,1987-06-08,코스피,000500.KS
강남제비스코,000860,기타 화학제품 제조업,1975-11-12,코스피,000860.KS
고려산업,002140,"곡물가공품, 전분 및 전분제품 제조업",1991-01-14,코스피,002140.KS
대영포장,014160,"골판지, 종이 상자 및 종이용기 제조업",1990-03-06,코스피,014160.KS
대원화성,024890,플라스틱제품 제조업,1997-10-28,코스피,024890.KS
대유에이텍,002880,자동차 신품 부품 제조업,1977-02-18,코스피,002880.KS
대한제당,001790,"곡물가공품, 전분 및 전분제품 제조업",1968-12-27,코스피,001790.KS
대한해운,005880,해상 운송업,1992-04-23,코스피,005880.KS
대한화섬,003830,화학섬유 제조업,1985-12-23,코스피,003830.KS
더블유게임즈,192080,소프트웨어 개발 및 공급업,2019-03-12,코스피,192080.KS
더존비즈온,012510,"컴퓨터 프로그래밍, 시스템 통합 및 관리업",1988-10-28,코스피,012510.KS
덕성,004830,플라스틱제품 제조업,1987-09-25,코스피,004830.KS
도화엔지니어링,002150,"건축기술, 엔지니어링 및 관련 기술 서비스업",2010-08-12,코스피,002150.KS
동남합성,023450,기초 화학물질 제조업,1996-12-24,코스피,023450.KS
동방,004140,기타 운송관련 서비스업,1988-08-10,코스피,004140.KS
동서,026960,음·식료품 및 담배 도매업,2016-07-15,코스피,026960.KS
동양고속,084670,육상 여객 운송업,2005-07-25,코스피,084670.KS
두산에너빌리티,034020,일반 목적용 기계 제조업,2000-10-25,코스피,034020.KS
디씨엠,024090,1차 철강 제조업,1999-08-18,코스피,024090.KS
모나용평,070960,일반 및 생활 숙박시설 운영업,2016-05-27,코스피,070960.KS
미스토홀딩스,081660,생활용품 도매업,2010-09-28,코스피,081660.KS
보해양조,000890,알코올음료 제조업,1988-09-23,코스피,000890.KS
비비안,002070,봉제의복 제조업,1976-07-13,코스피,002070.KS
사조산업,007160,수산물 가공 및 저장 처리업,1989-07-25,코스피,007160.KS
삼성E&A,028050,"건축기술, 엔지니어링 및 관련 기술 서비스업",1996-12-24,코스피,028050.KS
삼성생명,032830,보험업,2010-05-12,코스피,032830.KS
삼양식품,003230,기타 식품 제조업,1975-06-30,코스피,003230.KS
삼양통상,002170,"가죽, 가방 및 유사제품 제조업",1989-11-10,코스피,002170.KS
삼영무역,002810,기타 전문 도매업,1988-03-28,코스피,002810.KS
삼원강재,023000,자동차 신품 부품 제조업,2011-07-22,코스피,023000.KS
삼일제약,000520,의약품 제조업,1985-05-29,코스피,000520.KS
삼천리,004690,연료용 가스 제조 및 배관공급업,1976-12-23,코스피,004690.KS
서울도시가스,017390,연료용 가스 제조 및 배관공급업,1995-08-18,코스피,017390.KS
서울식품공업,004410,기타 식품 제조업,1973-12-28,코스피,004410.KS
성신양회,004980,"시멘트, 석회, 플라스터 및 그 제품 제조업",1976-06-30,코스피,004980.KS
성안머티리얼스,011300,직물직조 및 직물제품 제조업,1995-11-10,코스피,011300.KS
성창기업지주,000180,회사 본부 및 경영 컨설팅 서비스업,1976-06-02,코스피,000180.KS
세방,004360,도로 화물 운송업,1977-05-19,코스피,004360.KS
세이브존I&C,067830,종합 소매업,2002-07-25,코스피,067830.KS
세진중공업,075580,선박 및 보트 건조업,2015-11-30,코스피,075580.KS
시프트업,462870,소프트웨어 개발 및 공급업,2024-07-11,코스피,462870.KS
신세계푸드,031440,음식점업,2010-04-29,코스피,031440.KS
신풍,002870,기타 전문 도매업,1976-06-30,코스피,002870.KS
씨아이테크,004920,영상 및 음향기기 제조업,1989-11-30,코스피,004920.KS
씨에스윈드,112610,"구조용 금속제품, 탱크 및 증기발생기 제조업",2014-11-27,코스피,112610.KS
아모레퍼시픽,090430,기타 화학제품 제조업,2006-06-29,코스피,090430.KS
아모레퍼시픽홀딩스,002790,기타 화학제품 제조업,1973-04-30,코스피,002790.KS
에스디바이오센서,137310,의료용 기기 제조업,2021-07-16,코스피,137310.KS
엠씨넥스,097520,영상 및 음향기기 제조업,2021-07-06,코스피,097520.KS
영원무역홀딩스,009970,기타 금융업,1988-11-07,코스피,009970.KS
온타이드,005320,생활용품 도매업,1996-12-24,코스피,005320.KS
우리금융지주,316140,기타 금융업,2019-02-13,코스피,316140.KS
윌비스,008600,생활용품 도매업,1989-07-28,코스피,008600.KS
유성기업,002920,자동차 신품 부품 제조업,1988-10-10,코스피,002920.KS
유수홀딩스,000700,회사 본부 및 경영 컨설팅 서비스업,1956-03-03,코스피,000700.KS
율촌화학,008730,플라스틱제품 제조업,1988-08-30,코스피,008730.KS
일동제약,249420,의약품 제조업,2016-08-31,코스피,249420.KS
일성아이에스,003120,의약품 제조업,1985-01-14,코스피,003120.KS
일진하이솔루스,271940,그외 기타 운송장비 제조업,2021-09-01,코스피,271940.KS
제일기획,030000,광고업,1998-03-03,코스피,030000.KS
조일알미늄,018470,1차 비철금속 제조업,1988-11-22,코스피,018470.KS
지역난방공사,071320,"증기, 냉·온수 및 공기조절 공급업",2010-01-29,코스피,071320.KS
천일고속,000650,육상 여객 운송업,1977-06-23,코스피,000650.KS
카카오뱅크,323410,은행 및 저축기관,2021-08-06,코스피,323410.KS
케이카,381970,자동차 판매업,2021-10-13,코스피,381970.KS
코스맥스,192820,기타 화학제품 제조업,2014-04-07,코스피,192820.KS
코스맥스비티아이,044820,기타 금융업,2006-11-13,코스피,044820.KS
크라운해태홀딩스,005740,기타 금융업,1976-06-30,코스피,005740.KS
태양금속공업,004100,자동차 신품 부품 제조업,1976-05-25,코스피,004100.KS
티에이치엔,019180,기타 전기장비 제조업,1996-07-31,코스피,019180.KS
티와이홀딩스,363280,기타 금융업,2020-09-22,코스피,363280.KS
티웨이항공,091810,항공 여객 운송업,2018-08-01,코스피,091810.KS
페이퍼코리아,001020,"펄프, 종이 및 판지 제조업",1976-06-26,코스피,001020.KS
평화산업,090080,자동차 신품 부품 제조업,2006-06-02,코스피,090080.KS
프레스티지바이오파마,950210,자연과학 및 공학 연구개발업,2021-02-05,코스피,950210.KS
하이브,352820,오디오물 출판 및 원판 녹음업,2020-10-15,코스피,352820.KS
하이트진로,000080,알코올음료 제조업,2009-10-19,코스피,000080.KS
한국무브넥스,010100,자동차 신품 부품 제조업,1987-10-02,코스피,010100.KS
한국자산신탁,123890,신탁업 및 집합투자업,2016-07-13,코스피,123890.KS
한국전자홀딩스,006200,기타 금융업,1979-11-30,코스피,006200.KS
한국제지,027970,"펄프, 종이 및 판지 제조업",1996-07-03,코스피,027970.KS
한국타이어앤테크놀로지,161390,고무제품 제조업,2012-10-04,코스피,161390.KS
한미글로벌,053690,"건축기술, 엔지니어링 및 관련 기술 서비스업",2009-06-23,코스피,053690.KS
한솔케미칼,014680,기초 화학물질 제조업,1989-05-20,코스피,014680.KS
한솔피엔에스,010420,기타 전문 도매업,1989-05-31,코스피,010420.KS
한일철강,002220,1차 철강 제조업,1988-10-07,코스피,002220.KS
한화리츠,451800,부동산 임대 및 공급업,2023-03-27,코스피,451800.KS
한화비전,489790,기타 금융업,2024-09-27,코스피,489790.KS
한화오션,042660,선박 및 보트 건조업,2001-02-02,코스피,042660.KS
해성디에스,195870,전자부품 제조업,2016-06-24,코스피,195870.KS
현대글로비스,086280,기타 운송관련 서비스업,2005-12-26,코스피,086280.KS
화승엔터프라이즈,241590,신발 및 신발 부분품 제조업,2016-10-04,코스피,241590.KS
황금에스티,032560,1차 비철금속 제조업,2009-10-29,코스피,032560.KS
후성,093370,기초 화학물질 제조업,2006-12-22,코스피,093370.KS
CJ프레시웨이,051500,음·식료품 및 담배 도매업,2001-07-26,코스닥,051500.KQ
FSN,214270,소프트웨어 개발 및 공급업,2015-03-25,코스닥,214270.KQ
GH신소재,130500,기타 섬유제품 제조업,2013-08-02,코스닥,130500.KQ
GRT,900290,기타 금융업,2016-10-25,코스닥,900290.KQ
HLB,028300,의료용품 및 기타 의약 관련제품 제조업,1996-07-27,코스닥,028300.KQ
HPSP,403870,특수 목적용 기계 제조업,2022-07-15,코스닥,403870.KQ
KCC건설,021320,건물 건설업,2001-08-21,코스닥,021320.KQ
M83,476080,"영화, 비디오물, 방송프로그램 제작 및 배급업",2024-08-22,코스닥,476080.KQ
PN풍년,024940,생활용품 도매업,1995-01-04,코스닥,024940.KQ
RFHIC,218410,통신 및 방송 장비 제조업,2015-06-30,코스닥,218410.KQ
S&K폴리텍,091340,전자부품 제조업,2007-07-30,코스닥,091340.KQ
SGA,049470,소프트웨어 개발 및 공급업,2001-10-11,코스닥,049470.KQ
SM Life Design,063440,기록매체 복제업,2002-05-30,코스닥,063440.KQ
YBM넷,057030,교육지원 서비스업,2004-06-08,코스닥,057030.KQ
iMBC,052220,영상·오디오물 제공 서비스업,2005-01-21,코스닥,052220.KQ
가온그룹,078890,통신 및 방송 장비 제조업,2005-07-12,코스닥,078890.KQ
감성코퍼레이션,036620,기타 전문 도매업,2000-01-11,코스닥,036620.KQ
경동제약,011040,의약품 제조업,1992-12-18,코스닥,011040.KQ
경창산업,024910,자동차 신품 부품 제조업,1994-12-29,코스닥,024910.KQ
골드앤에스,035290,"서적, 잡지 및 기타 인쇄물 출판업",1999-12-07,코스닥,035290.KQ
교보17호스팩,489210,금융 지원 서비스업,2024-11-21,코스닥,489210.KQ
금화피에스시,036190,전기 및 통신 공사업,2000-12-26,코스닥,036190.KQ
나노엔텍,039860,의료용 기기 제조업,2000-08-16,코스닥,039860.KQ
내츄럴엔도텍,168330,자연과학 및 공학 연구개발업,2013-10-31,코스닥,168330.KQ
네오펙트,290660,의료용 기기 제조업,2018-11-28,코스닥,290660.KQ
노바텍,285490,그외 기타 제품 제조업,2018-11-02,코스닥,285490.KQ
녹십자엠에스,142280,의료용품 및 기타 의약 관련제품 제조업,2014-12-17,코스닥,142280.KQ
뉴온,123840,특수 목적용 기계 제조업,2010-10-05,코스닥,123840.KQ
다원넥스뷰,323350,사진장비 및 광학기기 제조업,2024-06-11,코스닥,323350.KQ
대명에너지,389260,건물 건설업,2022-05-16,코스닥,389260.KQ
대모,317850,특수 목적용 기계 제조업,2019-07-24,코스닥,317850.KQ
대성미생물,036480,의약품 제조업,2000-04-04,코스닥,036480.KQ
대원산업,005710,자동차 신품 부품 제조업,1993-06-21,코스닥,005710.KQ
더네이쳐홀딩스,298540,의복 액세서리 제조업,2020-07-27,코스닥,298540.KQ
더블유에스아이,299170,생활용품 도매업,2018-09-21,코스닥,299170.KQ
덕우전자,263600,전자부품 제조업,2017-08-28,코스닥,263600.KQ
덴티스,261200,의료용 기기 제조업,2017-06-26,코스닥,261200.KQ
동구바이오제약,006620,의약품 제조업,2018-02-13,코스닥,006620.KQ
동우팜투테이블,088910,"도축, 육류 가공 및 저장 처리업",2006-06-23,코스닥,088910.KQ
드림어스컴퍼니,060570,영상·오디오물 제공 서비스업,2003-12-19,코스닥,060570.KQ
디알텍,214680,의료용 기기 제조업,2015-04-20,코스닥,214680.KQ
디지캡,197140,소프트웨어 개발 및 공급업,2018-09-07,코스닥,197140.KQ
라온테크,232680,특수 목적용 기계 제조업,2021-06-17,코스닥,232680.KQ
라온텍,418420,전자부품 제조업,2023-03-09,코스닥,418420.KQ
라이콤,388790,통신 및 방송 장비 제조업,2021-09-03,코스닥,388790.KQ
램테크놀러지,171010,기초 화학물질 제조업,2013-11-18,코스닥,171010.KQ
러셀,217500,특수 목적용 기계 제조업,2015-06-16,코스닥,217500.KQ
레이저쎌,412350,특수 목적용 기계 제조업,2022-06-24,코스닥,412350.KQ
로보스타,090360,특수 목적용 기계 제조업,2011-10-17,코스닥,090360.KQ
로체시스템즈,071280,특수 목적용 기계 제조업,2003-11-14,코스닥,071280.KQ
리더스코스메틱,016100,"골판지, 종이 상자 및 종이용기 제조업",2003-01-15,코스닥,016100.KQ
메타바이오메드,059210,의료용품 및 기타 의약 관련제품 제조업,2008-04-15,코스닥,059210.KQ
모베이스,101330,통신 및 방송 장비 제조업,2010-02-04,코스닥,101330.KQ
모헨즈,006920,"시멘트, 석회, 플라스터 및 그 제품 제조업",1989-01-05,코스닥,006920.KQ
미래반도체,254490,기타 전문 도매업,2023-01-27,코스닥,254490.KQ
바이오다인,314930,의료용 기기 제조업,2021-03-17,코스닥,314930.KQ
바이젠셀,308080,자연과학 및 공학 연구개발업,2021-08-25,코스닥,308080.KQ
바텍,043150,의료용 기기 제조업,2006-09-29,코스닥,043150.KQ
벨로크,424760,"컴퓨터 프로그래밍, 시스템 통합 및 관리업",2022-07-22,코스닥,424760.KQ
본느,226340,기타 화학제품 제조업,2015-11-05,코스닥,226340.KQ
부방,014470,부동산 임대 및 공급업,1994-02-25,코스닥,014470.KQ
뷰노,338220,소프트웨어 개발 및 공급업,2021-02-26,코스닥,338220.KQ
브이씨,365900,운동 및 경기용구 제조업,2022-02-24,코스닥,365900.KQ
비보존 제약,082800,의약품 제조업,2005-11-18,코스닥,082800.KQ
비피도,238200,기타 식품 제조업,2018-12-26,코스닥,238200.KQ
삼보모터스,053700,자동차 신품 부품 제조업,2001-11-06,코스닥,053700.KQ
삼성스팩8호,448740,금융 지원 서비스업,2023-03-02,코스닥,448740.KQ
삼양엔씨켐,482630,기타 화학제품 제조업,2025-02-03,코스닥,482630.KQ
삼현철강,017480,1차 철강 제조업,2001-01-09,코스닥,017480.KQ
상신이디피,091580,일차전지 및 이차전지 제조업,2007-05-23,코스닥,091580.KQ
서린바이오,038070,기타 전문 도매업,2005-10-25,코스닥,038070.KQ
서울바이오시스,092190,반도체 제조업,2020-03-06,코스닥,092190.KQ
서울평가정보,036120,기타 정보 서비스업,1999-12-07,코스닥,036120.KQ
서전기전,189860,"전동기, 발전기 및 전기 변환 · 공급 · 제어 장치 제조업",2014-12-24,코스닥,189860.KQ
서플러스글로벌,140070,기계장비 및 관련 물품 도매업,2017-01-25,코스닥,140070.KQ
선광,003100,기타 운송관련 서비스업,1999-12-21,코스닥,003100.KQ
선익시스템,171090,특수 목적용 기계 제조업,2017-09-20,코스닥,171090.KQ
세림B&G,340440,플라스틱제품 제조업,2019-12-27,코스닥,340440.KQ
세보엠이씨,011560,건물설비 설치 공사업,1996-12-23,코스닥,011560.KQ
세아메카닉스,396300,기타 금속 가공제품 제조업,2022-03-24,코스닥,396300.KQ
센코,347000,"측정, 시험, 항해, 제어 및 기타 정밀기기 제조업; 광학기기 제외",2020-10-29,코스닥,347000.KQ
셀레믹스,331920,기초 의약물질 제조업,2020-08-21,코스닥,331920.KQ
셀루메드,049180,기초 의약물질 제조업,2002-05-23,코스닥,049180.KQ
셀바스AI,108860,소프트웨어 개발 및 공급업,2009-12-10,코스닥,108860.KQ
셀바이오휴먼텍,318160,기타 섬유제품 제조업,2023-04-20,코스닥,318160.KQ
소룩스,290690,전구 및 조명장치 제조업,2020-11-06,코스닥,290690.KQ
수산아이앤티,050960,소프트웨어 개발 및 공급업,2016-10-11,코스닥,050960.KQ
슈피겐코리아,192440,그외 기타 제품 제조업,2014-11-05,코스닥,192440.KQ
스킨앤스킨,159910,기타 화학제품 제조업,2012-12-27,코스닥,159910.KQ
스타코링크,060240,선박 및 보트 건조업,2002-01-04,코스닥,060240.KQ
스톤브릿지벤처스,330730,기타 금융업,2022-02-25,코스닥,330730.KQ
스튜디오산타클로스,204630,창작 및 예술관련 서비스업,2014-12-29,코스닥,204630.KQ
시너지이노베이션,048870,의료용 기기 제조업,2004-08-13,코스닥,048870.KQ
시지메드텍,056090,의료용 기기 제조업,2015-11-12,코스닥,056090.KQ
신신제약,002800,의약품 제조업,2017-02-28,코스닥,002800.KQ
신한제14호스팩,487360,금융 지원 서비스업,2024-12-23,코스닥,487360.KQ
신흥에스이씨,243840,일차전지 및 이차전지 제조업,2017-09-27,코스닥,243840.KQ
쎄트렉아이,099320,"항공기,우주선 및 부품 제조업",2008-06-13,코스닥,099320.KQ
쎌바이오텍,049960,기초 의약물질 제조업,2002-12-13,코스닥,049960.KQ
씨싸이트,109670,봉제의복 제조업,2023-12-21,코스닥,109670.KQ
씨젠,096530,의료용품 및 기타 의약 관련제품 제조업,2010-09-10,코스닥,096530.KQ
씨티케이,260930,기타 화학제품 제조업,2017-12-07,코스닥,260930.KQ
아모센스,357580,전자부품 제조업,2021-06-25,코스닥,357580.KQ
아미노로직스,074430,기초 의약물질 제조업,2004-06-04,코스닥,074430.KQ
아비코전자,036010,전자부품 제조업,2002-07-03,코스닥,036010.KQ
아이디피,332370,컴퓨터 및 주변장치 제조업,2020-08-24,코스닥,332370.KQ
아이빔테크놀로지,460470,사진장비 및 광학기기 제조업,2024-08-06,코스닥,460470.KQ
아이엘,307180,전구 및 조명장치 제조업,2018-12-21,코스닥,307180.KQ
아이엠비디엑스,461030,자연과학 및 공학 연구개발업,2024-04-03,코스닥,461030.KQ
알파녹스,043100,의료용 기기 제조업,2000-08-08,코스닥,043100.KQ
애머릿지,900100,자동차 부품 및 내장품 판매업,2010-04-21,코스닥,900100.KQ
앤디포스,238090,플라스틱제품 제조업,2016-10-12,코스닥,238090.KQ
에스디시스템,121890,전자부품 제조업,2010-07-16,코스닥,121890.KQ
에스앤디,260970,기타 식품 제조업,2021-09-29,코스닥,260970.KQ
에스에스알,275630,소프트웨어 개발 및 공급업,2018-08-06,코스닥,275630.KQ
에스와이,109610,"구조용 금속제품, 탱크 및 증기발생기 제조업",2015-12-29,코스닥,109610.KQ
에스코넥,096630,통신 및 방송 장비 제조업,2007-12-26,코스닥,096630.KQ
에어레인,163280,일반 목적용 기계 제조업,2024-11-08,코스닥,163280.KQ
에이디칩스,054630,그외 기타 제품 제조업,2001-11-13,코스닥,054630.KQ
에이에스텍,453860,기타 화학제품 제조업,2023-11-28,코스닥,453860.KQ
에이치시티,072990,기타 과학기술 서비스업,2016-10-17,코스닥,072990.KQ
에이치엠씨제7호스팩,477340,금융 지원 서비스업,2024-06-24,코스닥,477340.KQ
에이텍,045660,컴퓨터 및 주변장치 제조업,2001-05-24,코스닥,045660.KQ
에이프로,262260,기타 전기장비 제조업,2020-07-16,코스닥,262260.KQ
에이프릴바이오,397030,자연과학 및 공학 연구개발업,2022-07-28,코스닥,397030.KQ
에프엔에스테크,083500,특수 목적용 기계 제조업,2017-02-27,코스닥,083500.KQ
엔에이치스팩31호,481890,금융 지원 서비스업,2024-07-26,코스닥,481890.KQ
엘앤씨바이오,290650,의약품 제조업,2018-11-01,코스닥,290650.KQ
엠디바이스,226590,전자부품 제조업,2025-03-07,코스닥,226590.KQ
엠브레인,169330,시장조사 및 여론조사업,2020-07-01,코스닥,169330.KQ
엠아이큐브솔루션,373170,소프트웨어 개발 및 공급업,2023-08-04,코스닥,373170.KQ
엠케이전자,033160,전자부품 제조업,1997-11-10,코스닥,033160.KQ
오공,045060,기타 화학제품 제조업,2000-08-10,코스닥,045060.KQ
와이씨켐,112290,기타 화학제품 제조업,2022-07-14,코스닥,112290.KQ
와이어블,065530,전기 통신업,2002-06-04,코스닥,065530.KQ
와이엔텍,067900,폐기물 처리업,2005-12-23,코스닥,067900.KQ
와이제이링크,209640,특수 목적용 기계 제조업,2024-10-18,코스닥,209640.KQ
와이즈버즈,273060,광고업,2017-08-07,코스닥,273060.KQ
와이지엔터테인먼트,122870,오디오물 출판 및 원판 녹음업,2011-11-23,코스닥,122870.KQ
우리바이오,082850,기타 식품 제조업,2005-07-29,코스닥,082850.KQ
우양에이치씨,101970,"구조용 금속제품, 탱크 및 증기발생기 제조업",2025-03-28,코스닥,101970.KQ
우진엔텍,457550,"그외 기타 전문, 과학 및 기술 서비스업",2024-01-24,코스닥,457550.KQ
원익IPS,240810,특수 목적용 기계 제조업,2016-05-02,코스닥,240810.KQ
원일특강,012620,1차 철강 제조업,1994-06-28,코스닥,012620.KQ
원준,382840,특수 목적용 기계 제조업,2021-10-07,코스닥,382840.KQ
원텍,336570,의료용 기기 제조업,2019-12-19,코스닥,336570.KQ
웨이버스,336060,소프트웨어 개발 및 공급업,2019-11-28,코스닥,336060.KQ
위니아에이드,377460,개인 및 가정용품 수리업,2022-06-23,코스닥,377460.KQ
위닉스,044340,가정용 기기 제조업,2000-10-24,코스닥,044340.KQ
유아이디,069330,전자부품 제조업,2003-08-18,코스닥,069330.KQ
유아이엘,049520,전자부품 제조업,2001-08-02,코스닥,049520.KQ
유안타제16호스팩,474490,금융 지원 서비스업,2024-05-02,코스닥,474490.KQ
유진스팩11호,488060,금융 지원 서비스업,2024-10-31,코스닥,488060.KQ
이노룰스,296640,소프트웨어 개발 및 공급업,2022-10-07,코스닥,296640.KQ
이랜텍,054210,전자부품 제조업,2002-05-09,코스닥,054210.KQ
이렘,009730,1차 철강 제조업,1990-07-27,코스닥,009730.KQ
이브이첨단소재,131400,전자부품 제조업,2010-12-27,코스닥,131400.KQ
이스트아시아홀딩스,900110,기타 금융업,2010-04-23,코스닥,900110.KQ
이엔셀,456070,기초 의약물질 제조업,2024-08-23,코스닥,456070.KQ
이지트로닉스,377330,"전동기, 발전기 및 전기 변환 · 공급 · 제어 장치 제조업",2022-02-04,코스닥,377330.KQ
이크레더블,092130,기타 정보 서비스업,2008-10-24,코스닥,092130.KQ
이트론,096040,기타 전문 도매업,2008-01-25,코스닥,096040.KQ
인성정보,033230,"컴퓨터 프로그래밍, 시스템 통합 및 관리업",1999-07-30,코스닥,033230.KQ
인터엠,017250,영상 및 음향기기 제조업,1996-01-03,코스닥,017250.KQ
일승,333430,선박 및 보트 건조업,2019-11-06,코스닥,333430.KQ
잉크테크,049550,기타 화학제품 제조업,2002-02-28,코스닥,049550.KQ
정다운,208140,"도축, 육류 가공 및 저장 처리업",2014-12-17,코스닥,208140.KQ
정상제이엘에스,040420,일반 교습 학원,2000-08-01,코스닥,040420.KQ
제우스,079370,특수 목적용 기계 제조업,2006-02-01,코스닥,079370.KQ
제일일렉트릭,199820,"전동기, 발전기 및 전기 변환 · 공급 · 제어 장치 제조업",2020-11-26,코스닥,199820.KQ
젝시믹스,337930,기타 정보 서비스업,2020-08-13,코스닥,337930.KQ
젬백스,082270,특수 목적용 기계 제조업,2005-06-24,코스닥,082270.KQ
조이시티,067000,소프트웨어 개발 및 공급업,2008-05-30,코스닥,067000.KQ
주성엔지니어링,036930,특수 목적용 기계 제조업,1999-12-24,코스닥,036930.KQ
중앙에너비스,000440,기타 전문 도매업,1993-03-24,코스닥,000440.KQ
지어소프트,051160,소프트웨어 개발 및 공급업,2002-05-28,코스닥,051160.KQ
지에스이,053050,연료용 가스 제조 및 배관공급업,2001-10-11,코스닥,053050.KQ
지엘팜텍,204840,생활용품 도매업,2014-11-20,코스닥,204840.KQ
진양제약,007370,의약품 제조업,2000-07-27,코스닥,007370.KQ
창해에탄올,004650,알코올음료 제조업,2014-07-30,코스닥,004650.KQ
카페24,042000,"자료처리, 호스팅, 포털 및 기타 인터넷 정보매개 서비스업",2018-02-08,코스닥,042000.KQ
캐리소프트,317530,"영화, 비디오물, 방송프로그램 제작 및 배급업",2019-10-29,코스닥,317530.KQ
캡스톤파트너스,452300,기타 금융업,2023-11-15,코스닥,452300.KQ
컴투스홀딩스,063080,소프트웨어 개발 및 공급업,2009-07-30,코스닥,063080.KQ
케이엘넷,039420,전기 통신업,2002-03-12,코스닥,039420.KQ
케이프,064820,선박 및 보트 건조업,2007-05-29,코스닥,064820.KQ
케이피에프,024880,기타 금속 가공제품 제조업,1994-12-29,코스닥,024880.KQ
케일럼,258610,"구조용 금속제품, 탱크 및 증기발생기 제조업",2017-08-22,코스닥,258610.KQ
코닉오토메이션,391710,특수 목적용 기계 제조업,2021-10-15,코스닥,391710.KQ
코리아나,027050,기타 화학제품 제조업,1999-12-10,코스닥,027050.KQ
코미코,183300,특수 목적용 기계 제조업,2017-03-23,코스닥,183300.KQ
코세스,089890,특수 목적용 기계 제조업,2006-11-08,코스닥,089890.KQ
코칩,126730,전자부품 제조업,2024-05-07,코스닥,126730.KQ
코텍,052330,영상 및 음향기기 제조업,2001-07-10,코스닥,052330.KQ
퀄리타스반도체,432720,반도체 제조업,2023-10-27,코스닥,432720.KQ
큐렉소,060280,기타 상품 전문 소매업,2002-07-03,코스닥,060280.KQ
큐브엔터,182360,오디오물 출판 및 원판 녹음업,2013-11-21,코스닥,182360.KQ
크리스탈신소재,900250,기타 금융업,2016-01-28,코스닥,900250.KQ
키움제10호스팩,487720,금융 지원 서비스업,2024-12-20,코스닥,487720.KQ
키움제8호스팩,446840,금융 지원 서비스업,2023-05-17,코스닥,446840.KQ
킵스파마,256940,특수 목적용 기계 제조업,2017-09-06,코스닥,256940.KQ
탑엔지니어링,065130,특수 목적용 기계 제조업,2003-01-29,코스닥,065130.KQ
탑코미디어,134580,"자료처리, 호스팅, 포털 및 기타 인터넷 정보매개 서비스업",2013-11-26,코스닥,134580.KQ
테고사이언스,191420,기초 의약물질 제조업,2014-11-06,코스닥,191420.KQ
토비스,051360,영상 및 음향기기 제조업,2004-11-19,코스닥,051360.KQ
투비소프트,079970,소프트웨어 개발 및 공급업,2010-06-01,코스닥,079970.KQ
티이엠씨씨엔에스,241790,특수 목적용 기계 제조업,2016-12-01,코스닥,241790.KQ
파라텍,033540,특수 목적용 기계 제조업,1997-12-26,코스닥,033540.KQ
파버나인,177830,전자부품 제조업,2014-08-04,코스닥,177830.KQ
파워로직스,047310,"전동기, 발전기 및 전기 변환 · 공급 · 제어 장치 제조업",2003-07-25,코스닥,047310.KQ
파커스,065690,고무제품 제조업,2002-07-16,코스닥,065690.KQ
포니링크,064800,"섬유, 의복, 신발 및 가죽제품 소매업",2002-08-22,코스닥,064800.KQ
포스코엠텍,009520,1차 철강 제조업,1997-11-10,코스닥,009520.KQ
폴라리스오피스,041020,소프트웨어 개발 및 공급업,2005-10-28,코스닥,041020.KQ
푸드나무,290720,무점포 소매업,2018-10-04,코스닥,290720.KQ
프레스티지바이오로직스,334970,의약품 제조업,2021-03-11,코스닥,334970.KQ
프로이천,321260,반도체 제조업,2019-05-31,코스닥,321260.KQ
프롬바이오,377220,기타 식품 제조업,2021-09-28,코스닥,377220.KQ
플래티어,367000,소프트웨어 개발 및 공급업,2021-08-12,코스닥,367000.KQ
플레이디,237820,광고업,2020-03-12,코스닥,237820.KQ
피씨엘,241820,의료용품 및 기타 의약 관련제품 제조업,2017-02-23,코스닥,241820.KQ
피앤에스미캐닉스,460940,의료용 기기 제조업,2024-07-31,코스닥,460940.KQ
피에이치에이,043370,자동차 신품 부품 제조업,2001-12-13,코스닥,043370.KQ
피엔에이치테크,239890,기초 화학물질 제조업,2021-02-16,코스닥,239890.KQ
핑거스토리,417180,기타 정보 서비스업,2022-12-08,코스닥,417180.KQ
하나26호스팩,446750,금융 지원 서비스업,2023-03-07,코스닥,446750.KQ
하스,450330,의료용품 및 기타 의약 관련제품 제조업,2024-07-03,코스닥,450330.KQ
하이제8호스팩,450050,금융 지원 서비스업,2023-06-22,코스닥,450050.KQ
한네트,052600,전기 통신업,2001-07-10,코스닥,052600.KQ
한솔인티큐브,070590,"컴퓨터 프로그래밍, 시스템 통합 및 관리업",2004-01-08,코스닥,070590.KQ
현대사료,016790,동물용 사료 및 조제식품 제조업,2018-06-01,코스닥,016790.KQ
화인써키트,127980,전자부품 제조업,2023-02-17,코스닥,127980.KQ
휴림에이텍,078590,자동차 신품 부품 제조업,2005-10-27,코스닥,078590.KQ
휴마시스,205470,의료용품 및 기타 의약 관련제품 제조업,2014-12-01,코스닥,205470.KQ
휴먼테크놀로지,175140,통신 및 방송 장비 제조업,2015-09-23,코스닥,175140.KQ
휴온스,243070,의약품 제조업,2016-06-03,코스닥,243070.KQ
GST,083450,특수 목적용 기계 제조업,2006-02-01,코스닥,083450.KQ
HB인베스트먼트,440290,기타 금융업,2024-01-25,코스닥,440290.KQ
HLB바이오스텝,278650,자연과학 및 공학 연구개발업,2019-11-27,코스닥,278650.KQ
HLB이노베이션,024850,전자부품 제조업,2001-01-18,코스닥,024850.KQ
HLB제넥스,187420,기초 의약물질 제조업,2015-05-29,코스닥,187420.KQ
HLB파나진,046210,의료용품 및 기타 의약 관련제품 제조업,2000-08-16,코스닥,046210.KQ
IBKS제24호스팩,469480,금융 지원 서비스업,2024-02-01,코스닥,469480.KQ
KB제27호스팩,464680,금융 지원 서비스업,2023-11-03,코스닥,464680.KQ
KB제29호스팩,478390,금융 지원 서비스업,2024-06-21,코스닥,478390.KQ
RF머트리얼즈,327260,전자부품 제조업,2019-12-24,코스닥,327260.KQ
RF시스템즈,474610,기타 금속 가공제품 제조업,2024-11-19,코스닥,474610.KQ
YTN,040300,"영화, 비디오물, 방송프로그램 제작 및 배급업",2001-09-04,코스닥,040300.KQ
YW,051390,상품 종합 도매업,2001-11-15,코스닥,051390.KQ
강동씨앤엘,198440,"시멘트, 석회, 플라스터 및 그 제품 제조업",2014-08-13,코스닥,198440.KQ
고려신용정보,049720,기타 사업지원 서비스업,2002-01-31,코스닥,049720.KQ
고영,098460,특수 목적용 기계 제조업,2008-06-03,코스닥,098460.KQ
교보15호스팩,465320,금융 지원 서비스업,2023-12-05,코스닥,465320.KQ
넥스트아이,137940,"측정, 시험, 항해, 제어 및 기타 정밀기기 제조업; 광학기기 제외",2011-06-14,코스닥,137940.KQ
넵튠,217270,소프트웨어 개발 및 공급업,2015-06-18,코스닥,217270.KQ
노머스,473980,창작 및 예술관련 서비스업,2024-11-12,코스닥,473980.KQ
노브랜드,145170,편조의복 제조업,2024-05-23,코스닥,145170.KQ
누보,332290,"비료, 농약 및 살균, 살충제 제조업",2019-10-11,코스닥,332290.KQ
뉴인텍,012340,자동차 신품 부품 제조업,1997-02-12,코스닥,012340.KQ
다산솔루에타,154040,전자부품 제조업,2013-12-27,코스닥,154040.KQ
대동스틸,048470,기타 전문 도매업,2002-01-10,코스닥,048470.KQ
대신밸런스제14호스팩,442310,금융 지원 서비스업,2022-12-05,코스닥,442310.KQ
대신정보통신,020180,"컴퓨터 프로그래밍, 시스템 통합 및 관리업",1995-10-06,코스닥,020180.KQ
대원미디어,048910,기타 전문 도매업,2001-07-31,코스닥,048910.KQ
대주산업,003310,동물용 사료 및 조제식품 제조업,1992-08-01,코스닥,003310.KQ
대화제약,067080,의약품 제조업,2003-02-14,코스닥,067080.KQ
더라미,032860,"해체, 선별 및 원료 재생업",1997-07-04,코스닥,032860.KQ
덕신이피씨,090410,"구조용 금속제품, 탱크 및 증기발생기 제조업",2014-08-01,코스닥,090410.KQ
덱스터,206560,"영화, 비디오물, 방송프로그램 제작 및 배급업",2015-12-22,코스닥,206560.KQ
듀켐바이오,176750,의약품 제조업,2024-12-20,코스닥,176750.KQ
드래곤플라이,030350,소프트웨어 개발 및 공급업,1997-11-10,코스닥,030350.KQ
디앤디파마텍,347850,자연과학 및 공학 연구개발업,2024-05-02,코스닥,347850.KQ
디에이치엑스컴퍼니,031860,상품 종합 도매업,1997-01-07,코스닥,031860.KQ
디에이테크놀로지,196490,특수 목적용 기계 제조업,2014-11-19,코스닥,196490.KQ
디오,039840,의료용 기기 제조업,2000-06-29,코스닥,039840.KQ
디지틀조선,033130,"자료처리, 호스팅, 포털 및 기타 인터넷 정보매개 서비스업",1997-08-06,코스닥,033130.KQ
딜리,131180,컴퓨터 및 주변장치 제조업,2011-01-31,코스닥,131180.KQ
딥마인드,223310,상품 종합 도매업,2015-12-24,코스닥,223310.KQ
라이온켐텍,171120,기타 화학제품 제조업,2013-11-19,코스닥,171120.KQ
링네트,042500,"컴퓨터 프로그래밍, 시스템 통합 및 관리업",2002-01-10,코스닥,042500.KQ
메디앙스,014100,상품 종합 도매업,1995-01-03,코스닥,014100.KQ
모니터랩,434480,소프트웨어 개발 및 공급업,2023-05-19,코스닥,434480.KQ
모비데이즈,363260,광고업,2021-02-10,코스닥,363260.KQ
미래에셋비전스팩5호,477470,금융 지원 서비스업,2024-06-19,코스닥,477470.KQ
미코,059090,반도체 제조업,2002-01-15,코스닥,059090.KQ
바이오솔루션,086820,기초 의약물질 제조업,2018-08-20,코스닥,086820.KQ
보성파워텍,006910,"구조용 금속제품, 탱크 및 증기발생기 제조업",1994-09-07,코스닥,006910.KQ
브리지텍,064480,소프트웨어 개발 및 공급업,2008-06-04,코스닥,064480.KQ
블루엠텍,439580,기타 전문 도매업,2023-12-13,코스닥,439580.KQ
비나텍,126340,일차전지 및 이차전지 제조업,2020-09-23,코스닥,126340.KQ
비스토스,419540,의료용 기기 제조업,2022-10-18,코스닥,419540.KQ
비올,335890,의료용 기기 제조업,2019-12-03,코스닥,335890.KQ
비츠로시스,054220,"전동기, 발전기 및 전기 변환 · 공급 · 제어 장치 제조업",2001-12-26,코스닥,054220.KQ
빅텍,065450,"측정, 시험, 항해, 제어 및 기타 정밀기기 제조업; 광학기기 제외",2003-02-05,코스닥,065450.KQ
삼현,437730,자동차 신품 부품 제조업,2024-03-21,코스닥,437730.KQ
상아프론테크,089980,플라스틱제품 제조업,2011-07-21,코스닥,089980.KQ
새빗켐,107600,기타 화학제품 제조업,2022-08-04,코스닥,107600.KQ
서연탑메탈,019770,특수 목적용 기계 제조업,2011-06-24,코스닥,019770.KQ
서울전자통신,027040,"전동기, 발전기 및 전기 변환 · 공급 · 제어 장치 제조업",1999-12-03,코스닥,027040.KQ
성우,458650,일차전지 및 이차전지 제조업,2024-10-31,코스닥,458650.KQ
세동,053060,자동차 신품 부품 제조업,2001-08-17,코스닥,053060.KQ
세운메디칼,100700,의료용품 및 기타 의약 관련제품 제조업,2008-09-30,코스닥,100700.KQ
세원물산,024830,자동차 신품 부품 제조업,1994-12-29,코스닥,024830.KQ
세종텔레콤,036630,전기 및 통신 공사업,2000-01-04,코스닥,036630.KQ
세중,039310,소프트웨어 개발 및 공급업,2000-06-09,코스닥,039310.KQ
세화피앤씨,252500,기타 화학제품 제조업,2016-11-02,코스닥,252500.KQ
셀로맥스사이언스,471820,기타 식품 제조업,2024-12-13,코스닥,471820.KQ
소프트캠프,258790,소프트웨어 개발 및 공급업,2017-04-27,코스닥,258790.KQ
수성웹툰,084180,일반 목적용 기계 제조업,2005-12-16,코스닥,084180.KQ
수젠텍,253840,의료용품 및 기타 의약 관련제품 제조업,2019-05-28,코스닥,253840.KQ
슈어소프트테크,298830,소프트웨어 개발 및 공급업,2023-04-28,코스닥,298830.KQ
스코넥,276040,소프트웨어 개발 및 공급업,2022-02-04,코스닥,276040.KQ
시선AI,340810,소프트웨어 개발 및 공급업,2023-05-19,코스닥,340810.KQ
시큐브,131090,소프트웨어 개발 및 공급업,2011-12-21,코스닥,131090.KQ
신라섬유,001000,부동산 임대 및 공급업,1994-06-28,코스닥,001000.KQ
신라에스지,025870,음·식료품 및 담배 도매업,1995-07-07,코스닥,025870.KQ
신테카바이오,226330,소프트웨어 개발 및 공급업,2019-12-17,코스닥,226330.KQ
신한제12호스팩,474660,금융 지원 서비스업,2024-04-15,코스닥,474660.KQ
심플랫폼,444530,소프트웨어 개발 및 공급업,2025-03-21,코스닥,444530.KQ
썸에이지,208640,소프트웨어 개발 및 공급업,2014-12-29,코스닥,208640.KQ
쓰리빌리언,394800,자연과학 및 공학 연구개발업,2024-11-14,코스닥,394800.KQ
씨앤씨인터내셔널,352480,기타 화학제품 제조업,2021-05-17,코스닥,352480.KQ
씨앤투스,352700,화학섬유 제조업,2021-01-28,코스닥,352700.KQ
씨엔알리서치,359090,"그외 기타 전문, 과학 및 기술 서비스업",2020-09-23,코스닥,359090.KQ
씨유메디칼,115480,의료용 기기 제조업,2011-12-15,코스닥,115480.KQ
아가방컴퍼니,013990,생활용품 도매업,2002-01-17,코스닥,013990.KQ
아모텍,052710,전자부품 제조업,2003-08-01,코스닥,052710.KQ
아스타,246720,의료용품 및 기타 의약 관련제품 제조업,2017-03-20,코스닥,246720.KQ
아스테라시스,450950,의료용 기기 제조업,2025-01-24,코스닥,450950.KQ
아이비젼웍스,469750,특수 목적용 기계 제조업,2024-09-03,코스닥,469750.KQ
아이스크림미디어,461300,소프트웨어 개발 및 공급업,2024-08-30,코스닥,461300.KQ
아이앤씨,052860,반도체 제조업,2009-10-06,코스닥,052860.KQ
아이윈,090150,자동차 신품 부품 제조업,2006-10-20,코스닥,090150.KQ
알멕,354320,1차 비철금속 제조업,2023-06-30,코스닥,354320.KQ
알서포트,131370,소프트웨어 개발 및 공급업,2011-01-05,코스닥,131370.KQ
알에프세미,096610,반도체 제조업,2007-11-20,코스닥,096610.KQ
알엔투테크놀로지,148250,전자부품 제조업,2016-06-22,코스닥,148250.KQ
앤씨앤,092600,반도체 제조업,2007-06-26,코스닥,092600.KQ
앱트뉴로사이언스,270520,"건축기술, 엔지니어링 및 관련 기술 서비스업",2017-08-22,코스닥,270520.KQ
양지사,030960,인쇄 및 인쇄관련 산업,1996-10-24,코스닥,030960.KQ
에스넷,038680,"컴퓨터 프로그래밍, 시스템 통합 및 관리업",2000-04-27,코스닥,038680.KQ
에스씨엠생명과학,298060,의약품 제조업,2020-06-17,코스닥,298060.KQ
에스퓨얼셀,288620,"전동기, 발전기 및 전기 변환 · 공급 · 제어 장치 제조업",2018-10-15,코스닥,288620.KQ
에스피시스템스,317830,특수 목적용 기계 제조업,2019-08-14,코스닥,317830.KQ
에이직랜드,445090,반도체 제조업,2023-11-13,코스닥,445090.KQ
에이치엠넥스,036170,반도체 제조업,1999-12-21,코스닥,036170.KQ
에이텀,355690,전자부품 제조업,2023-12-01,코스닥,355690.KQ
에코마케팅,230360,광고업,2016-08-08,코스닥,230360.KQ
에코프로,086520,기타 금융업,2007-07-20,코스닥,086520.KQ
에프앤가이드,064850,기타 정보 서비스업,2020-12-17,코스닥,064850.KQ
에프엔씨엔터,173940,창작 및 예술관련 서비스업,2014-12-04,코스닥,173940.KQ
엑스게이트,356680,소프트웨어 개발 및 공급업,2023-03-16,코스닥,356680.KQ
엔비티,236810,광고업,2021-01-21,코스닥,236810.KQ
엔시트론,101400,반도체 제조업,2009-03-31,코스닥,101400.KQ
엔켐,348370,기초 화학물질 제조업,2021-11-01,코스닥,348370.KQ
엔투텍,227950,특수 목적용 기계 제조업,2015-11-18,코스닥,227950.KQ
엘오티베큠,083310,특수 목적용 기계 제조업,2005-10-05,코스닥,083310.KQ
엠투엔,033310,전자부품 제조업,1997-11-10,코스닥,033310.KQ
오비고,352910,"컴퓨터 프로그래밍, 시스템 통합 및 관리업",2021-07-13,코스닥,352910.KQ
오스코텍,039200,의약품 제조업,2007-01-17,코스닥,039200.KQ
오스테오닉,226400,의료용 기기 제조업,2018-02-22,코스닥,226400.KQ
오에스피,368970,동물용 사료 및 조제식품 제조업,2022-10-14,코스닥,368970.KQ
올릭스,226950,자연과학 및 공학 연구개발업,2018-07-18,코스닥,226950.KQ
옵투스제약,131030,의약품 제조업,2010-12-03,코스닥,131030.KQ
옵트론텍,082210,사진장비 및 광학기기 제조업,2005-06-24,코스닥,082210.KQ
와이바이오로직스,338840,자연과학 및 공학 연구개발업,2023-12-05,코스닥,338840.KQ
우원개발,046940,기반조성 및 시설물 축조관련 전문공사업,2002-06-18,코스닥,046940.KQ
웹케시,053580,소프트웨어 개발 및 공급업,2019-01-25,코스닥,053580.KQ
위즈코프,038620,연료 소매업,2000-05-04,코스닥,038620.KQ
위츠,459100,전자부품 제조업,2024-11-20,코스닥,459100.KQ
유바이오로직스,206650,의약품 제조업,2017-01-24,코스닥,206650.KQ
유안타제10호스팩,435380,금융 지원 서비스업,2022-10-06,코스닥,435380.KQ
유안타제17호스팩,493790,금융 지원 서비스업,2025-01-23,코스닥,493790.KQ
유진로봇,056080,특수 목적용 기계 제조업,2001-11-13,코스닥,056080.KQ
유진테크놀로지,240600,기타 금속 가공제품 제조업,2023-11-02,코스닥,240600.KQ
유투바이오,221800,기타 과학기술 서비스업,2023-11-02,코스닥,221800.KQ
유티아이,179900,전자부품 제조업,2017-09-27,코스닥,179900.KQ
유틸렉스,263050,기초 의약물질 제조업,2018-12-24,코스닥,263050.KQ
윤성에프앤씨,372170,특수 목적용 기계 제조업,2022-11-14,코스닥,372170.KQ
이수앱지스,086890,의료용품 및 기타 의약 관련제품 제조업,2009-02-03,코스닥,086890.KQ
이엠넷,123570,광고업,2011-11-25,코스닥,123570.KQ
이엠코리아,095190,기타 금속 가공제품 제조업,2007-10-29,코스닥,095190.KQ
이퓨쳐,134060,"서적, 잡지 및 기타 인쇄물 출판업",2011-04-27,코스닥,134060.KQ
이화전기,024810,"전동기, 발전기 및 전기 변환 · 공급 · 제어 장치 제조업",1994-12-29,코스닥,024810.KQ
인바이오,352940,"비료, 농약 및 살균, 살충제 제조업",2020-12-11,코스닥,352940.KQ
인선이엔티,060150,폐기물 처리업,2002-06-14,코스닥,060150.KQ
인탑스,049070,통신 및 방송 장비 제조업,2002-02-21,코스닥,049070.KQ
인포바인,115310,전기 통신업,2010-02-09,코스닥,115310.KQ
인피니트헬스케어,071200,소프트웨어 개발 및 공급업,2010-05-26,코스닥,071200.KQ
자비스,254120,특수 목적용 기계 제조업,2016-12-02,코스닥,254120.KQ
제이스코홀딩스,023440,1차 철강 제조업,1994-10-07,코스닥,023440.KQ
제이엔케이글로벌,126880,일반 목적용 기계 제조업,2011-01-31,코스닥,126880.KQ
제일엠앤에스,412540,특수 목적용 기계 제조업,2024-04-30,코스닥,412540.KQ
좋은사람들,033340,봉제의복 제조업,1997-11-03,코스닥,033340.KQ
지놈앤컴퍼니,314130,기초 의약물질 제조업,2020-12-23,코스닥,314130.KQ
지란지교시큐리티,208350,소프트웨어 개발 및 공급업,2014-12-24,코스닥,208350.KQ
진영,285800,플라스틱제품 제조업,2023-06-01,코스닥,285800.KQ
차이커뮤니케이션,351870,광고업,2024-09-27,코스닥,351870.KQ
체리부로,066360,"도축, 육류 가공 및 저장 처리업",2017-12-04,코스닥,066360.KQ
케이엔솔,053080,일반 목적용 기계 제조업,2020-09-24,코스닥,053080.KQ
켄코아에어로스페이스,274090,"항공기,우주선 및 부품 제조업",2020-03-03,코스닥,274090.KQ
코다코,046070,자동차 신품 부품 제조업,2000-12-26,코스닥,046070.KQ
코디,080530,기타 화학제품 제조업,2010-01-05,코스닥,080530.KQ
코스텍시스,355150,반도체 제조업,2020-09-18,코스닥,355150.KQ
큐라티스,348080,자연과학 및 공학 연구개발업,2023-06-15,코스닥,348080.KQ
큐리언트,115180,자연과학 및 공학 연구개발업,2016-02-29,코스닥,115180.KQ
큐캐피탈,016600,기타 금융업,1993-06-21,코스닥,016600.KQ
키움제11호스팩,489480,금융 지원 서비스업,2024-12-11,코스닥,489480.KQ
탑런토탈솔루션,336680,전자부품 제조업,2024-11-01,코스닥,336680.KQ
태양,053620,기타 금속 가공제품 제조업,2001-08-07,코스닥,053620.KQ
테라사이언스,073640,기타 금속 가공제품 제조업,2004-01-06,코스닥,073640.KQ
텔레칩스,054450,반도체 제조업,2004-12-10,코스닥,054450.KQ
토모큐브,475960,사진장비 및 광학기기 제조업,2024-11-07,코스닥,475960.KQ
토탈소프트,045340,소프트웨어 개발 및 공급업,2002-07-19,코스닥,045340.KQ
트루엔,417790,영상 및 음향기기 제조업,2023-05-17,코스닥,417790.KQ
티디에스팜,464280,의약품 제조업,2024-08-21,코스닥,464280.KQ
티로보틱스,117730,특수 목적용 기계 제조업,2018-11-29,코스닥,117730.KQ
파루,043200,"전동기, 발전기 및 전기 변환 · 공급 · 제어 장치 제조업",2000-07-19,코스닥,043200.KQ
파마리서치,214450,의료용품 및 기타 의약 관련제품 제조업,2015-07-24,코스닥,214450.KQ
파멥신,208340,의약품 제조업,2018-11-21,코스닥,208340.KQ
파수,150900,소프트웨어 개발 및 공급업,2013-10-18,코스닥,150900.KQ
파인테크닉스,106240,전구 및 조명장치 제조업,2009-03-16,코스닥,106240.KQ
파트론,091700,전자부품 제조업,2006-12-13,코스닥,091700.KQ
팬엔터테인먼트,068050,"영화, 비디오물, 방송프로그램 제작 및 배급업",2006-07-07,코스닥,068050.KQ
팬젠,222110,의약품 제조업,2016-03-11,코스닥,222110.KQ
포시에스,189690,소프트웨어 개발 및 공급업,2015-02-11,코스닥,189690.KQ
풍국주정,023900,알코올음료 제조업,1994-11-23,코스닥,023900.KQ
프리엠스,053160,"전동기, 발전기 및 전기 변환 · 공급 · 제어 장치 제조업",2001-10-30,코스닥,053160.KQ
피플바이오,304840,의료용품 및 기타 의약 관련제품 제조업,2020-10-19,코스닥,304840.KQ
핌스,347770,전자부품 제조업,2020-09-18,코스닥,347770.KQ
하나27호스팩,448370,금융 지원 서비스업,2023-04-06,코스닥,448370.KQ
하이로닉,149980,의료용 기기 제조업,2014-12-17,코스닥,149980.KQ
하이즈항공,221840,"항공기,우주선 및 부품 제조업",2015-11-25,코스닥,221840.KQ
한국선재,025550,1차 철강 제조업,1995-06-19,코스닥,025550.KQ
한국제12호스팩,458610,금융 지원 서비스업,2023-08-30,코스닥,458610.KQ
한국팩키지,037230,"골판지, 종이 상자 및 종이용기 제조업",1999-12-21,코스닥,037230.KQ
한창산업,079170,1차 비철금속 제조업,2005-02-01,코스닥,079170.KQ
해성옵틱스,076610,사진장비 및 광학기기 제조업,2013-11-06,코스닥,076610.KQ
헝셩그룹,900270,기타 금융업,2016-08-18,코스닥,900270.KQ
현대이지웰,090850,소프트웨어 개발 및 공급업,2013-12-27,코스닥,090850.KQ
현우산업,092300,전자부품 제조업,2007-10-24,코스닥,092300.KQ
휴림로봇,090710,특수 목적용 기계 제조업,2006-12-05,코스닥,090710.KQ
휴맥스,115160,영상 및 음향기기 제조업,2009-11-16,코스닥,115160.KQ
휴엠앤씨,263920,그외 기타 제품 제조업,2017-09-28,코스닥,263920.KQ
CJ ENM,035760,텔레비전 방송업,1999-11-23,코스닥,035760.KQ
DMS,068790,특수 목적용 기계 제조업,2004-10-01,코스닥,068790.KQ
EG,037370,기초 화학물질 제조업,2000-01-11,코스닥,037370.KQ
IBKS제21호스팩,442770,금융 지원 서비스업,2022-12-16,코스닥,442770.KQ
IBKS제23호스팩,467930,금융 지원 서비스업,2023-12-22,코스닥,467930.KQ
KH 미래물산,111870,영상 및 음향기기 제조업,2010-11-05,코스닥,111870.KQ
KNN,058400,텔레비전 방송업,2010-11-03,코스닥,058400.KQ
MDS테크,086960,소프트웨어 개발 및 공급업,2006-09-26,코스닥,086960.KQ
NE능률,053290,"서적, 잡지 및 기타 인쇄물 출판업",2002-12-10,코스닥,053290.KQ
NPX,222160,특수 목적용 기계 제조업,2021-11-18,코스닥,222160.KQ
TS인베스트먼트,246690,신탁업 및 집합투자업,2016-12-15,코스닥,246690.KQ
가비아,079940,소프트웨어 개발 및 공급업,2005-10-19,코스닥,079940.KQ
강스템바이오텍,217730,기초 의약물질 제조업,2015-12-21,코스닥,217730.KQ
경남스틸,039240,1차 철강 제조업,2000-03-07,코스닥,039240.KQ
광림,014200,자동차용 엔진 및 자동차 제조업,1993-07-07,코스닥,014200.KQ
교보13호스팩,440790,금융 지원 서비스업,2022-11-02,코스닥,440790.KQ
구영테크,053270,자동차 신품 부품 제조업,2002-02-07,코스닥,053270.KQ
국일신동,060480,1차 비철금속 제조업,2014-12-29,코스닥,060480.KQ
그래디언트,035080,무점포 소매업,1999-07-05,코스닥,035080.KQ
그리드위즈,453450,"그외 기타 전문, 과학 및 기술 서비스업",2024-06-14,코스닥,453450.KQ
글로벌에스엠,900070,기타 금융업,2009-12-23,코스닥,900070.KQ
금양그린파워,282720,전기 및 통신 공사업,2023-03-13,코스닥,282720.KQ
기가비스,420770,특수 목적용 기계 제조업,2023-05-24,코스닥,420770.KQ
기산텔레콤,035460,통신 및 방송 장비 제조업,1999-11-18,코스닥,035460.KQ
나노캠텍,091970,플라스틱제품 제조업,2007-01-30,코스닥,091970.KQ
나노팀,417010,일반 목적용 기계 제조업,2023-03-03,코스닥,417010.KQ
나우IB,293580,기타 금융업,2018-10-04,코스닥,293580.KQ
나이스정보통신,036800,전기 통신업,2000-05-03,코스닥,036800.KQ
네오리진,094860,소프트웨어 개발 및 공급업,2007-04-16,코스닥,094860.KQ
노을,376930,의료용 기기 제조업,2022-03-03,코스닥,376930.KQ
뉴프렉스,085670,전자부품 제조업,2006-01-17,코스닥,085670.KQ
대동금속,020400,금속 주조업,1993-07-30,코스닥,020400.KQ
대성하이텍,129920,특수 목적용 기계 제조업,2022-08-22,코스닥,129920.KQ
대한뉴팜,054670,의약품 제조업,2002-02-26,코스닥,054670.KQ
대한약품,023910,의약품 제조업,1994-11-23,코스닥,023910.KQ
대호특수강,021040,1차 철강 제조업,1996-08-27,코스닥,021040.KQ
덕산네오룩스,213420,전자부품 제조업,2015-02-06,코스닥,213420.KQ
동방메디컬,240550,의료용 기기 제조업,2025-02-13,코스닥,240550.KQ
동성화인텍,033500,기초 화학물질 제조업,1997-12-19,코스닥,033500.KQ
동아엘텍,088130,특수 목적용 기계 제조업,2007-01-03,코스닥,088130.KQ
동양에스텍,060380,1차 철강 제조업,2002-02-05,코스닥,060380.KQ
동일금속,109860,금속 주조업,2009-07-28,코스닥,109860.KQ
동진쎄미켐,005290,기초 화학물질 제조업,1999-12-21,코스닥,005290.KQ
드림씨아이에스,223250,자연과학 및 공학 연구개발업,2020-05-22,코스닥,223250.KQ
디젠스,113810,자동차 신품 부품 제조업,2012-11-22,코스닥,113810.KQ
딥노이드,315640,소프트웨어 개발 및 공급업,2021-08-17,코스닥,315640.KQ
라메디텍,462510,의료용 기기 제조업,2024-06-17,코스닥,462510.KQ
라온피플,300120,소프트웨어 개발 및 공급업,2019-10-18,코스닥,300120.KQ
레인보우로보틱스,277810,특수 목적용 기계 제조업,2021-02-03,코스닥,277810.KQ
메드팩토,235980,자연과학 및 공학 연구개발업,2019-12-19,코스닥,235980.KQ
메디아나,041920,의료용 기기 제조업,2014-10-07,코스닥,041920.KQ
메디톡스,086900,기초 의약물질 제조업,2009-01-16,코스닥,086900.KQ
메카로,241770,반도체 제조업,2017-12-06,코스닥,241770.KQ
모다이노칩,080420,"섬유, 의복, 신발 및 가죽제품 소매업",2005-12-06,코스닥,080420.KQ
모두투어,080160,여행사 및 기타 여행보조 서비스업,2005-07-26,코스닥,080160.KQ
모바일어플라이언스,087260,소프트웨어 개발 및 공급업,2017-02-24,코스닥,087260.KQ
모베이스전자,012860,자동차 신품 부품 제조업,1994-10-26,코스닥,012860.KQ
모아텍,033200,전자부품 제조업,1997-10-13,코스닥,033200.KQ
바른손,018700,생활용품 도매업,1994-03-18,코스닥,018700.KQ
바이오인프라,199730,자연과학 및 공학 연구개발업,2023-03-02,코스닥,199730.KQ
백금T&A,046310,통신 및 방송 장비 제조업,2002-02-05,코스닥,046310.KQ
벡트,457600,영상 및 음향기기 제조업,2024-12-16,코스닥,457600.KQ
비아트론,141000,특수 목적용 기계 제조업,2012-05-04,코스닥,141000.KQ
비유테크놀러지,230980,소프트웨어 개발 및 공급업,2016-03-02,코스닥,230980.KQ
비케이홀딩스,050090,광고업,2004-06-29,코스닥,050090.KQ
삼기,122350,자동차 신품 부품 제조업,2010-03-19,코스닥,122350.KQ
삼영에스앤씨,361670,전자부품 제조업,2021-05-21,코스닥,361670.KQ
삼영이엔씨,065570,통신 및 방송 장비 제조업,2003-01-21,코스닥,065570.KQ
삼일,032280,도로 화물 운송업,1997-03-15,코스닥,032280.KQ
삼천당제약,000250,의약품 제조업,2000-10-04,코스닥,000250.KQ
삼표시멘트,038500,기타 비금속 광물제품 제조업,2001-02-01,코스닥,038500.KQ
상상인,038540,"컴퓨터 프로그래밍, 시스템 통합 및 관리업",2000-08-18,코스닥,038540.KQ
서부T&D,006730,일반 및 생활 숙박시설 운영업,1995-10-06,코스닥,006730.KQ
서울리거,043710,기타 전문 도매업,2002-07-11,코스닥,043710.KQ
석경에이티,357550,기초 화학물질 제조업,2020-12-23,코스닥,357550.KQ
성광벤드,014620,1차 철강 제조업,2001-01-11,코스닥,014620.KQ
세경하이테크,148150,전자부품 제조업,2019-07-30,코스닥,148150.KQ
세종메디칼,258830,의료용 기기 제조업,2018-05-29,코스닥,258830.KQ
세토피아,222810,1차 철강 제조업,2015-08-13,코스닥,222810.KQ
소프트센,032680,기타 정보 서비스업,1997-07-18,코스닥,032680.KQ
솔디펜스,215090,"측정, 시험, 항해, 제어 및 기타 정밀기기 제조업; 광학기기 제외",2015-04-28,코스닥,215090.KQ
스톰테크,352090,플라스틱제품 제조업,2023-11-20,코스닥,352090.KQ
시노펙스,025320,전자부품 제조업,1995-04-20,코스닥,025320.KQ
시지트로닉스,429270,반도체 제조업,2023-08-03,코스닥,429270.KQ
신도기연,290520,특수 목적용 기계 제조업,2020-07-06,코스닥,290520.KQ
신라젠,215600,자연과학 및 공학 연구개발업,2016-12-06,코스닥,215600.KQ
신일제약,012790,의약품 제조업,1999-08-13,코스닥,012790.KQ
쎄니트,037760,1차 철강 제조업,2000-04-07,코스닥,037760.KQ
씨에스베어링,297090,일반 목적용 기계 제조업,2019-11-21,코스닥,297090.KQ
씨큐브,101240,기초 화학물질 제조업,2011-11-08,코스닥,101240.KQ
아바텍,149950,전자부품 제조업,2012-11-06,코스닥,149950.KQ
아세아텍,050860,특수 목적용 기계 제조업,2010-01-26,코스닥,050860.KQ
아이디스,143160,통신 및 방송 장비 제조업,2011-09-26,코스닥,143160.KQ
아이쓰리시스템,214430,전자부품 제조업,2015-07-30,코스닥,214430.KQ
아이씨에이치,368600,전자부품 제조업,2022-07-29,코스닥,368600.KQ
아이씨티케이,456010,반도체 제조업,2024-05-17,코스닥,456010.KQ
아이패밀리에스씨,114840,기타 화학제품 제조업,2021-10-28,코스닥,114840.KQ
아진산업,013310,자동차 신품 부품 제조업,2015-12-22,코스닥,013310.KQ
아티스트스튜디오,200350,"영화, 비디오물, 방송프로그램 제작 및 배급업",2021-12-30,코스닥,200350.KQ
알리코제약,260660,의료용품 및 기타 의약 관련제품 제조업,2018-02-12,코스닥,260660.KQ
알에스오토메이션,140670,전자부품 제조업,2017-08-11,코스닥,140670.KQ
알톤,123750,그외 기타 운송장비 제조업,2010-07-02,코스닥,123750.KQ
알피바이오,314140,의약품 제조업,2022-09-29,코스닥,314140.KQ
압타바이오,293780,자연과학 및 공학 연구개발업,2019-06-12,코스닥,293780.KQ
애드바이오텍,179530,의약품 제조업,2022-01-24,코스닥,179530.KQ
앱코,129890,컴퓨터 및 주변장치 제조업,2020-12-02,코스닥,129890.KQ
어보브반도체,102120,반도체 제조업,2009-06-05,코스닥,102120.KQ
에너토크,019990,일반 목적용 기계 제조업,2006-02-01,코스닥,019990.KQ
에스앤더블류,103230,일반 목적용 기계 제조업,2009-08-05,코스닥,103230.KQ
에스에너지,095910,"전동기, 발전기 및 전기 변환 · 공급 · 제어 장치 제조업",2007-10-16,코스닥,095910.KQ
에스에이티,060540,"측정, 시험, 항해, 제어 및 기타 정밀기기 제조업; 광학기기 제외",2006-11-28,코스닥,060540.KQ
에스에이티이엔지,351320,특수 목적용 기계 제조업,2020-06-22,코스닥,351320.KQ
에스지헬스케어,398120,의료용 기기 제조업,2024-12-19,코스닥,398120.KQ
에스티오,098660,봉제의복 제조업,2009-04-17,코스닥,098660.KQ
에스티큐브,052020,기계장비 및 관련 물품 도매업,2001-07-05,코스닥,052020.KQ
에스폴리텍,050760,플라스틱제품 제조업,2002-05-16,코스닥,050760.KQ
에스피지,058610,"전동기, 발전기 및 전기 변환 · 공급 · 제어 장치 제조업",2002-07-23,코스닥,058610.KQ
에쎈테크,043340,일반 목적용 기계 제조업,2000-08-29,코스닥,043340.KQ
에이비프로바이오,195990,특수 목적용 기계 제조업,2015-04-13,코스닥,195990.KQ
에이스침대,003800,가구 제조업,1996-05-03,코스닥,003800.KQ
에이스테크,088800,통신 및 방송 장비 제조업,2006-03-27,코스닥,088800.KQ
에이에프더블류,312610,일차전지 및 이차전지 제조업,2019-07-01,코스닥,312610.KQ
에이엘티,172670,반도체 제조업,2023-07-27,코스닥,172670.KQ
에이치엔에스하이텍,044990,전자부품 제조업,2024-10-25,코스닥,044990.KQ
에이치이엠파마,376270,자연과학 및 공학 연구개발업,2024-11-05,코스닥,376270.KQ
에코캡,128540,자동차 신품 부품 제조업,2018-12-05,코스닥,128540.KQ
엑셀세라퓨틱스,373110,기초 의약물질 제조업,2024-07-15,코스닥,373110.KQ
엔에이치스팩24호,437780,금융 지원 서비스업,2022-10-20,코스닥,437780.KQ
엔젠바이오,354200,"그외 기타 전문, 과학 및 기술 서비스업",2020-12-10,코스닥,354200.KQ
엔젯,419080,특수 목적용 기계 제조업,2022-11-18,코스닥,419080.KQ
엔케이맥스,182400,기초 의약물질 제조업,2015-10-23,코스닥,182400.KQ
엠아이텍,179290,의료용 기기 제조업,2018-11-29,코스닥,179290.KQ
영화테크,265560,자동차 신품 부품 제조업,2017-10-26,코스닥,265560.KQ
오리엔탈정공,014940,일반 목적용 기계 제조업,2001-12-26,코스닥,014940.KQ
오션인더블유,052300,상품 종합 도매업,2001-08-02,코스닥,052300.KQ
오픈놀,440320,소프트웨어 개발 및 공급업,2023-06-30,코스닥,440320.KQ
오픈엣지테크놀로지,394280,소프트웨어 개발 및 공급업,2022-09-26,코스닥,394280.KQ
와이솔,122990,전자부품 제조업,2010-09-10,코스닥,122990.KQ
와토스코리아,079000,플라스틱제품 제조업,2005-11-15,코스닥,079000.KQ
우듬지팜,403490,"과실, 채소 가공 및 저장 처리업",2023-09-19,코스닥,403490.KQ
우리손에프앤지,073560,"도축, 육류 가공 및 저장 처리업",2016-07-27,코스닥,073560.KQ
우리이앤엘,153490,반도체 제조업,2013-02-05,코스닥,153490.KQ
원티드랩,376980,소프트웨어 개발 및 공급업,2021-08-11,코스닥,376980.KQ
월덱스,101160,전자부품 제조업,2008-06-19,코스닥,101160.KQ
유니온바이오메트릭스,203450,통신 및 방송 장비 제조업,2016-12-07,코스닥,203450.KQ
유니테스트,086390,특수 목적용 기계 제조업,2006-12-05,코스닥,086390.KQ
유디엠텍,389680,소프트웨어 개발 및 공급업,2024-11-20,코스닥,389680.KQ
유성티엔에스,024800,육상 여객 운송업,1999-12-10,코스닥,024800.KQ
유안타제13호스팩,449020,금융 지원 서비스업,2023-02-28,코스닥,449020.KQ
육일씨엔에쓰,191410,전자부품 제조업,2015-12-24,코스닥,191410.KQ
이글벳,044960,기타 전문 도매업,2000-11-16,코스닥,044960.KQ
이닉스,452400,자동차 신품 부품 제조업,2024-02-01,코스닥,452400.KQ
이엘씨,041520,상품 중개업,2003-07-04,코스닥,041520.KQ
이엘피,063760,"측정, 시험, 항해, 제어 및 기타 정밀기기 제조업; 광학기기 제외",2017-04-06,코스닥,063760.KQ
이엠텍,091120,전자부품 제조업,2007-05-02,코스닥,091120.KQ
인산가,277410,기타 식품 제조업,2017-09-29,코스닥,277410.KQ
인스피언,465480,소프트웨어 개발 및 공급업,2024-10-18,코스닥,465480.KQ
재영솔루텍,049630,사진장비 및 광학기기 제조업,2003-01-24,코스닥,049630.KQ
제넥신,095700,자연과학 및 공학 연구개발업,2009-09-15,코스닥,095700.KQ
제노코,361390,통신 및 방송 장비 제조업,2021-03-24,코스닥,361390.KQ
제로투세븐,159580,생활용품 도매업,2013-02-19,코스닥,159580.KQ
제이씨현시스템,033320,기계장비 및 관련 물품 도매업,1997-11-10,코스닥,033320.KQ
제이앤티씨,204270,전자부품 제조업,2020-03-04,코스닥,204270.KQ
제이에스티나,026040,귀금속 및 장신용품 제조업,1999-12-21,코스닥,026040.KQ
제이엘케이,322510,소프트웨어 개발 및 공급업,2019-12-11,코스닥,322510.KQ
제테마,216080,의료용품 및 기타 의약 관련제품 제조업,2019-11-14,코스닥,216080.KQ
지니너스,389030,자연과학 및 공학 연구개발업,2021-11-08,코스닥,389030.KQ
지더블유바이텍,036180,기계장비 및 관련 물품 도매업,1999-12-21,코스닥,036180.KQ
지씨셀,144510,"그외 기타 전문, 과학 및 기술 서비스업",2016-06-23,코스닥,144510.KQ
지아이텍,382480,특수 목적용 기계 제조업,2021-10-21,코스닥,382480.KQ
지오엘리먼트,311320,전자부품 제조업,2021-11-11,코스닥,311320.KQ
지투파워,388050,"전동기, 발전기 및 전기 변환 · 공급 · 제어 장치 제조업",2022-04-01,코스닥,388050.KQ
진로발효,018120,알코올음료 제조업,1993-12-29,코스닥,018120.KQ
진바이오텍,086060,산업용 농·축산물 및 동·식물 도매업,2006-04-28,코스닥,086060.KQ
진성티이씨,036890,특수 목적용 기계 제조업,2000-07-20,코스닥,036890.KQ
차백신연구소,261780,자연과학 및 공학 연구개발업,2021-10-22,코스닥,261780.KQ
캔버스엔,210120,"영화, 비디오물, 방송프로그램 제작 및 배급업",2023-08-17,코스닥,210120.KQ
케이사인,192250,소프트웨어 개발 및 공급업,2014-04-28,코스닥,192250.KQ
케이옥션,102370,상품 중개업,2022-01-24,코스닥,102370.KQ
케이피티유,054410,기타 금속 가공제품 제조업,2002-04-25,코스닥,054410.KQ
켐트로닉스,089010,기타 화학제품 제조업,2007-01-17,코스닥,089010.KQ
코데즈컴바인,047770,봉제의복 제조업,2001-09-18,코스닥,047770.KQ
코리아에프티,123410,자동차 신품 부품 제조업,2010-08-27,코스닥,123410.KQ
코스맥스엔비티,222040,기타 식품 제조업,2015-12-16,코스닥,222040.KQ
코스메카코리아,241710,기타 화학제품 제조업,2016-10-28,코스닥,241710.KQ
코어라인소프트,384470,소프트웨어 개발 및 공급업,2023-09-18,코스닥,384470.KQ
코엔텍,029960,"증기, 냉·온수 및 공기조절 공급업",2004-06-18,코스닥,029960.KQ
코웰패션,033290,"섬유, 의복, 신발 및 가죽제품 소매업",1997-10-13,코스닥,033290.KQ
코윈테크,282880,특수 목적용 기계 제조업,2019-08-05,코스닥,282880.KQ
코이즈,121850,플라스틱제품 제조업,2012-09-27,코스닥,121850.KQ
퀀타매트릭스,317690,의료용 기기 제조업,2020-12-09,코스닥,317690.KQ
큐라클,365270,자연과학 및 공학 연구개발업,2021-07-22,코스닥,365270.KQ
큐로홀딩스,051780,음·식료품 및 담배 소매업,2001-06-26,코스닥,051780.KQ
크레오에스지,040350,"컴퓨터 프로그래밍, 시스템 통합 및 관리업",2002-01-10,코스닥,040350.KQ
테크엘,064520,반도체 제조업,2002-12-04,코스닥,064520.KQ
톱텍,108230,특수 목적용 기계 제조업,2009-09-15,코스닥,108230.KQ
티에스아이,277880,특수 목적용 기계 제조업,2020-07-22,코스닥,277880.KQ
티에스이,131290,"측정, 시험, 항해, 제어 및 기타 정밀기기 제조업; 광학기기 제외",2011-01-05,코스닥,131290.KQ
티엑스알로보틱스,484810,일반 목적용 기계 제조업,2025-03-20,코스닥,484810.KQ
티케이케미칼,104480,화학섬유 제조업,2011-04-26,코스닥,104480.KQ
티플랙스,081150,1차 비철금속 제조업,2009-04-23,코스닥,081150.KQ
파두,440110,반도체 제조업,2023-08-07,코스닥,440110.KQ
파로스아이바이오,388870,자연과학 및 공학 연구개발업,2023-07-27,코스닥,388870.KQ
파세코,037070,가정용 기기 제조업,2000-01-04,코스닥,037070.KQ
파워넷,037030,"전동기, 발전기 및 전기 변환 · 공급 · 제어 장치 제조업",2018-06-07,코스닥,037030.KQ
파인디지털,038950,통신 및 방송 장비 제조업,2000-05-04,코스닥,038950.KQ
파인텍,131760,특수 목적용 기계 제조업,2015-08-17,코스닥,131760.KQ
패션플랫폼,225590,봉제의복 제조업,2015-10-05,코스닥,225590.KQ
팬스타엔터프라이즈,054300,일반 목적용 기계 제조업,2002-01-10,코스닥,054300.KQ
펄어비스,263750,소프트웨어 개발 및 공급업,2017-09-14,코스닥,263750.KQ
포스뱅크,105760,일반 목적용 기계 제조업,2024-01-29,코스닥,105760.KQ
포톤,208710,전자부품 제조업,2014-12-24,코스닥,208710.KQ
풍원정밀,371950,전자부품 제조업,2022-02-28,코스닥,371950.KQ
퓨쳐켐,220100,의약품 제조업,2016-12-01,코스닥,220100.KQ
플래스크,041590,실내건축 및 건축마무리 공사업,2002-11-01,코스닥,041590.KQ
피씨디렉트,051380,기계장비 및 관련 물품 도매업,2002-02-15,코스닥,051380.KQ
피앤씨테크,237750,"전동기, 발전기 및 전기 변환 · 공급 · 제어 장치 제조업",2016-07-04,코스닥,237750.KQ
피에스케이,319660,특수 목적용 기계 제조업,2019-05-10,코스닥,319660.KQ
피엔티엠에스,257370,특수 목적용 기계 제조업,2018-09-13,코스닥,257370.KQ
하나31호스팩,469900,금융 지원 서비스업,2024-03-05,코스닥,469900.KQ
하나32호스팩,475240,금융 지원 서비스업,2024-03-27,코스닥,475240.KQ
하나33호스팩,475250,금융 지원 서비스업,2024-04-24,코스닥,475250.KQ
하나기술,299030,특수 목적용 기계 제조업,2020-11-25,코스닥,299030.KQ
하나마이크론,067310,반도체 제조업,2005-10-11,코스닥,067310.KQ
한국경제TV,039340,텔레비전 방송업,2004-07-30,코스닥,039340.KQ
한국비티비,219750,의료용 기기 제조업,2018-09-21,코스닥,219750.KQ
한국알콜,017890,기타 화학제품 제조업,1992-08-04,코스닥,017890.KQ
한독크린텍,256150,일반 목적용 기계 제조업,2019-09-05,코스닥,256150.KQ
한빛레이저,452190,특수 목적용 기계 제조업,2024-01-04,코스닥,452190.KQ
한싹,430690,소프트웨어 개발 및 공급업,2023-10-04,코스닥,430690.KQ
한양이엔지,045100,"건축기술, 엔지니어링 및 관련 기술 서비스업",2000-08-31,코스닥,045100.KQ
한주라이트메탈,198940,1차 비철금속 제조업,2023-01-19,코스닥,198940.KQ
한주에이알티,058450,"영화, 비디오물, 방송프로그램 제작 및 배급업",2002-01-17,코스닥,058450.KQ
한켐,457370,기초 화학물질 제조업,2024-10-22,코스닥,457370.KQ
한텍,098070,일반 목적용 기계 제조업,2025-03-20,코스닥,098070.KQ
현대에버다임,041440,특수 목적용 기계 제조업,2003-11-14,코스닥,041440.KQ
협진,138360,특수 목적용 기계 제조업,2013-11-08,코스닥,138360.KQ
홈캐스트,064240,기타 전문 도매업,2003-06-11,코스닥,064240.KQ
화일약품,061250,의약품 제조업,2002-04-18,코스닥,061250.KQ
휴럼,353190,기타 식품 제조업,2020-06-17,코스닥,353190.KQ
휴온스글로벌,084110,의약품 제조업,2006-12-19,코스닥,084110.KQ
휴젤,145020,기초 의약물질 제조업,2015-12-24,코스닥,145020.KQ
APS,054620,기타 금융업,2001-12-04,코스닥,054620.KQ
CS,065770,통신 및 방송 장비 제조업,2004-06-04,코스닥,065770.KQ
CSA 코스믹,083660,기타 화학제품 제조업,2006-07-25,코스닥,083660.KQ
DGI,099520,영상 및 음향기기 제조업,2009-12-22,코스닥,099520.KQ
EDGC,245620,자연과학 및 공학 연구개발업,2018-06-26,코스닥,245620.KQ
HB테크놀러지,078150,특수 목적용 기계 제조업,2004-12-08,코스닥,078150.KQ
HLB펩,196300,기초 의약물질 제조업,2016-12-07,코스닥,196300.KQ
KG모빌리언스,046440,소프트웨어 개발 및 공급업,2004-12-14,코스닥,046440.KQ
KG에코솔루션,151860,자동차 차체나 트레일러 제조업,2013-07-24,코스닥,151860.KQ
KH바텍,060720,전자부품 제조업,2002-05-21,코스닥,060720.KQ
KS인더스트리,101000,특수 목적용 기계 제조업,2009-11-06,코스닥,101000.KQ
KX하이텍,052900,플라스틱제품 제조업,2005-01-18,코스닥,052900.KQ
KZ정밀,036560,일반 목적용 기계 제조업,1999-12-28,코스닥,036560.KQ
LK삼양,225190,사진장비 및 광학기기 제조업,2017-06-02,코스닥,225190.KQ
PS일렉트로닉스,332570,전자부품 제조업,2020-07-31,코스닥,332570.KQ
SBI핀테크솔루션즈,950110,소프트웨어 개발 및 공급업,2012-12-17,코스닥,950110.KQ
SFA반도체,036540,반도체 제조업,2001-05-02,코스닥,036540.KQ
SM C&C,048550,광고업,2001-01-18,코스닥,048550.KQ
TS트릴리온,317240,기타 화학제품 제조업,2019-04-29,코스닥,317240.KQ
광무,029480,통신 및 방송 장비 제조업,1996-08-27,코스닥,029480.KQ
나라셀라,405920,음·식료품 및 담배 도매업,2023-06-02,코스닥,405920.KQ
남화토건,091590,건물 건설업,2012-01-31,코스닥,091590.KQ
네오셈,253590,특수 목적용 기계 제조업,2018-04-04,코스닥,253590.KQ
네오오토,212560,자동차 신품 부품 제조업,2015-11-18,코스닥,212560.KQ
네이블,153460,소프트웨어 개발 및 공급업,2012-07-19,코스닥,153460.KQ
노블엠앤비,106520,사진장비 및 광학기기 제조업,2012-07-13,코스닥,106520.KQ
녹십자웰빙,234690,의약품 제조업,2019-10-14,코스닥,234690.KQ
누리플랜,069140,"구조용 금속제품, 탱크 및 증기발생기 제조업",2010-10-26,코스닥,069140.KQ
누리플렉스,040160,소프트웨어 개발 및 공급업,2000-08-29,코스닥,040160.KQ
다산네트웍스,039560,통신 및 방송 장비 제조업,2000-06-22,코스닥,039560.KQ
대동기어,008830,특수 목적용 기계 제조업,1991-05-17,코스닥,008830.KQ
대보마그네틱,290670,기타 전기장비 제조업,2018-11-06,코스닥,290670.KQ
대신밸런스제18호스팩,478780,금융 지원 서비스업,2024-08-22,코스닥,478780.KQ
대양전기공업,108380,선박 및 보트 건조업,2011-07-08,코스닥,108380.KQ
대진첨단소재,393970,플라스틱제품 제조업,2025-03-06,코스닥,393970.KQ
대창솔루션,096350,"구조용 금속제품, 탱크 및 증기발생기 제조업",2007-12-17,코스닥,096350.KQ
대한과학,131220,기계장비 및 관련 물품 도매업,2011-10-11,코스닥,131220.KQ
대한광통신,010170,절연선 및 케이블 제조업,1994-11-07,코스닥,010170.KQ
더블유씨피,393890,일차전지 및 이차전지 제조업,2022-09-30,코스닥,393890.KQ
더즌,462860,전기 통신업,2025-03-24,코스닥,462860.KQ
덕산테코피아,317330,기타 화학제품 제조업,2019-08-02,코스닥,317330.KQ
데이원컴퍼니,373160,기타 교육기관,2025-01-24,코스닥,373160.KQ
동신건설,025950,토목 건설업,1995-08-07,코스닥,025950.KQ
동양이엔피,079960,"전동기, 발전기 및 전기 변환 · 공급 · 제어 장치 제조업",2005-02-01,코스닥,079960.KQ
두산테스나,131970,"그외 기타 전문, 과학 및 기술 서비스업",2013-10-22,코스닥,131970.KQ
디비금융스팩12호,477760,기타 금융업,2024-06-18,코스닥,477760.KQ
디케이락,105740,일반 목적용 기계 제조업,2010-11-12,코스닥,105740.KQ
디티씨,066670,전자부품 제조업,2002-12-30,코스닥,066670.KQ
디티앤씨알오,383930,자연과학 및 공학 연구개발업,2022-11-11,코스닥,383930.KQ
랩지노믹스,084650,자연과학 및 공학 연구개발업,2014-12-16,코스닥,084650.KQ
로보티즈,108490,특수 목적용 기계 제조업,2018-10-26,코스닥,108490.KQ
리메드,302550,의료용 기기 제조업,2019-12-06,코스닥,302550.KQ
링크드,193250,전자부품 제조업,2014-12-29,코스닥,193250.KQ
마음AI,377480,소프트웨어 개발 및 공급업,2021-11-23,코스닥,377480.KQ
매커스,093520,기계장비 및 관련 물품 도매업,2007-02-12,코스닥,093520.KQ
메가터치,446540,일차전지 및 이차전지 제조업,2023-11-09,코스닥,446540.KQ
미래나노텍,095500,플라스틱제품 제조업,2007-10-01,코스닥,095500.KQ
미래에셋비전스팩6호,478440,금융 지원 서비스업,2024-06-24,코스닥,478440.KQ
바디텍메드,206640,의료용품 및 기타 의약 관련제품 제조업,2014-12-29,코스닥,206640.KQ
바이브컴퍼니,301300,소프트웨어 개발 및 공급업,2020-10-28,코스닥,301300.KQ
바이오에프디엔씨,251120,기초 의약물질 제조업,2022-02-21,코스닥,251120.KQ
바이오플러스,099430,기초 의약물질 제조업,2021-09-27,코스닥,099430.KQ
버넥트,438700,소프트웨어 개발 및 공급업,2023-07-26,코스닥,438700.KQ
베뉴지,019010,종합 소매업,1993-11-05,코스닥,019010.KQ
뷰티스킨,406820,기타 화학제품 제조업,2023-07-24,코스닥,406820.KQ
브레인즈컴퍼니,099390,소프트웨어 개발 및 공급업,2021-08-19,코스닥,099390.KQ
브이원텍,251630,특수 목적용 기계 제조업,2017-07-13,코스닥,251630.KQ
비덴트,121800,통신 및 방송 장비 제조업,2011-12-01,코스닥,121800.KQ
비엠티,086670,일반 목적용 기계 제조업,2007-11-02,코스닥,086670.KQ
비큐AI,148780,소프트웨어 개발 및 공급업,2022-06-20,코스닥,148780.KQ
빅솔론,093190,컴퓨터 및 주변장치 제조업,2007-08-20,코스닥,093190.KQ
빌리언스,044480,고무제품 제조업,2001-01-11,코스닥,044480.KQ
빛과전자,069540,통신 및 방송 장비 제조업,2004-02-13,코스닥,069540.KQ
빛샘전자,072950,전자부품 제조업,2012-03-21,코스닥,072950.KQ
삼보산업,009620,1차 비철금속 제조업,1993-12-07,코스닥,009620.KQ
삼성스팩7호,439250,금융 지원 서비스업,2022-10-26,코스닥,439250.KQ
삼아제약,009300,의약품 제조업,2000-07-19,코스닥,009300.KQ
삼천리자전거,024950,생활용품 도매업,1995-01-04,코스닥,024950.KQ
상상인제4호스팩,452670,금융 지원 서비스업,2023-09-14,코스닥,452670.KQ
상지건설,042940,건물 건설업,2000-10-19,코스닥,042940.KQ
새로닉스,042600,전자부품 제조업,2002-10-01,코스닥,042600.KQ
서남,294630,기타 전기장비 제조업,2020-02-20,코스닥,294630.KQ
서울반도체,046890,반도체 제조업,2002-01-17,코스닥,046890.KQ
선진뷰티사이언스,086710,기타 화학제품 제조업,2021-01-27,코스닥,086710.KQ
성우하이텍,015750,자동차 신품 부품 제조업,1995-11-04,코스닥,015750.KQ
성일하이텍,365340,기초 화학물질 제조업,2022-07-28,코스닥,365340.KQ
세명전기,017510,기타 금속 가공제품 제조업,1991-12-26,코스닥,017510.KQ
스마트레이더시스템,424960,"측정, 시험, 항해, 제어 및 기타 정밀기기 제조업; 광학기기 제외",2023-08-22,코스닥,424960.KQ
스타플렉스,115570,플라스틱제품 제조업,2010-01-27,코스닥,115570.KQ
스튜디오미르,408900,"영화, 비디오물, 방송프로그램 제작 및 배급업",2023-02-07,코스닥,408900.KQ
시큐레터,418250,소프트웨어 개발 및 공급업,2023-08-24,코스닥,418250.KQ
신성델타테크,065350,가정용 기기 제조업,2004-08-06,코스닥,065350.KQ
신한제15호스팩,487830,금융 지원 서비스업,2024-11-15,코스닥,487830.KQ
신화콘텍,187270,"전동기, 발전기 및 전기 변환 · 공급 · 제어 장치 제조업",2014-08-08,코스닥,187270.KQ
실리콘투,257720,상품 종합 도매업,2021-09-29,코스닥,257720.KQ
싸이버원,356890,소프트웨어 개발 및 공급업,2021-03-11,코스닥,356890.KQ
쏘닉스,088280,반도체 제조업,2023-11-07,코스닥,088280.KQ
씨씨에스,066790,텔레비전 방송업,2003-05-30,코스닥,066790.KQ
씨어스테크놀로지,458870,의료용 기기 제조업,2024-06-19,코스닥,458870.KQ
씨엔플러스,115530,전자부품 제조업,2011-11-02,코스닥,115530.KQ
아시아종묘,154030,작물 재배업,2018-02-12,코스닥,154030.KQ
아우딘퓨쳐스,227610,기타 화학제품 제조업,2017-07-12,코스닥,227610.KQ
아이디스홀딩스,054800,기타 전문 서비스업,2001-09-27,코스닥,054800.KQ
아이엠,101390,전자부품 제조업,2008-07-23,코스닥,101390.KQ
아이티아이즈,372800,소프트웨어 개발 및 공급업,2021-11-11,코스닥,372800.KQ
안국약품,001540,의약품 제조업,2000-06-15,코스닥,001540.KQ
알비더블유,361570,오디오물 출판 및 원판 녹음업,2021-11-22,코스닥,361570.KQ
알티캐스트,085810,소프트웨어 개발 및 공급업,2013-12-06,코스닥,085810.KQ
에르코스,435570,도시락 및 식사용 조리식품 제조업,2025-02-28,코스닥,435570.KQ
에스오에스랩,464080,"측정, 시험, 항해, 제어 및 기타 정밀기기 제조업; 광학기기 제외",2024-06-25,코스닥,464080.KQ
에스텍,069510,영상 및 음향기기 제조업,2003-11-14,코스닥,069510.KQ
에이비엘바이오,298380,기초 의약물질 제조업,2018-12-19,코스닥,298380.KQ
에이치케이,044780,특수 목적용 기계 제조업,2000-09-07,코스닥,044780.KQ
에이치피오,357230,기타 식품 제조업,2021-05-14,코스닥,357230.KQ
에이티넘인베스트,021080,신탁업 및 집합투자업,1991-07-12,코스닥,021080.KQ
에치에프알,230240,통신 및 방송 장비 제조업,2015-12-16,코스닥,230240.KQ
엑세스바이오,950130,의료용품 및 기타 의약 관련제품 제조업,2013-05-30,코스닥,950130.KQ
엑셈,205100,소프트웨어 개발 및 공급업,2014-11-07,코스닥,205100.KQ
엑스큐어,070300,소프트웨어 개발 및 공급업,2010-06-09,코스닥,070300.KQ
엑스페릭스,317770,전자부품 제조업,2019-08-01,코스닥,317770.KQ
엔바이오니아,317870,그외 기타 제품 제조업,2019-10-24,코스닥,317870.KQ
엔시스,333620,기타 전기장비 제조업,2021-04-01,코스닥,333620.KQ
엔에이치스팩25호,438580,금융 지원 서비스업,2022-11-03,코스닥,438580.KQ
엔에이치스팩27호,440820,금융 지원 서비스업,2022-12-16,코스닥,440820.KQ
엔지스테크널러지,208860,소프트웨어 개발 및 공급업,2016-07-28,코스닥,208860.KQ
엔지켐생명과학,183490,기초 의약물질 제조업,2018-02-21,코스닥,183490.KQ
엠게임,058630,소프트웨어 개발 및 공급업,2008-12-19,코스닥,058630.KQ
엠로,058970,소프트웨어 개발 및 공급업,2021-08-13,코스닥,058970.KQ
엠에스오토텍,123040,자동차 신품 부품 제조업,2010-08-06,코스닥,123040.KQ
영우디에스피,143540,특수 목적용 기계 제조업,2014-10-29,코스닥,143540.KQ
예림당,036000,"서적, 잡지 및 기타 인쇄물 출판업",1999-11-30,코스닥,036000.KQ
예스24,053280,무점포 소매업,2008-05-07,코스닥,053280.KQ
오가닉티코스메틱,900300,기타 금융업,2016-11-04,코스닥,900300.KQ
오늘이엔엠,192410,통신 및 방송 장비 제조업,2014-08-14,코스닥,192410.KQ
오로스테크놀로지,322310,특수 목적용 기계 제조업,2021-02-24,코스닥,322310.KQ
오리엔트정공,065500,자동차 신품 부품 제조업,2002-09-19,코스닥,065500.KQ
오상헬스케어,036220,의료용 기기 제조업,2024-03-13,코스닥,036220.KQ
오토앤,353590,자동차 부품 및 내장품 판매업,2022-01-20,코스닥,353590.KQ
온코크로스,382150,자연과학 및 공학 연구개발업,2024-12-18,코스닥,382150.KQ
와이씨,232140,특수 목적용 기계 제조업,2015-12-24,코스닥,232140.KQ
와이엠,007530,기타 금속 가공제품 제조업,1994-08-05,코스닥,007530.KQ
와이엠텍,273640,"전동기, 발전기 및 전기 변환 · 공급 · 제어 장치 제조업",2021-09-10,코스닥,273640.KQ
우수AMS,066590,자동차 신품 부품 제조업,2003-02-12,코스닥,066590.KQ
우진비앤지,018620,의약품 제조업,2008-05-20,코스닥,018620.KQ
워트,396470,특수 목적용 기계 제조업,2023-10-26,코스닥,396470.KQ
원익머트리얼즈,104830,기초 화학물질 제조업,2011-12-28,코스닥,104830.KQ
원풍물산,008290,봉제의복 제조업,1997-07-18,코스닥,008290.KQ
웨이브일렉트로,095270,"측정, 시험, 항해, 제어 및 기타 정밀기기 제조업; 광학기기 제외",2007-09-12,코스닥,095270.KQ
웨이비스,289930,반도체 제조업,2024-10-25,코스닥,289930.KQ
위니아,071460,가정용 기기 제조업,2016-07-14,코스닥,071460.KQ
위드텍,348350,"측정, 시험, 항해, 제어 및 기타 정밀기기 제조업; 광학기기 제외",2020-10-30,코스닥,348350.KQ
위메이드,112040,소프트웨어 개발 및 공급업,2009-12-18,코스닥,112040.KQ
윈스테크넷,136540,"컴퓨터 프로그래밍, 시스템 통합 및 관리업",2011-05-02,코스닥,136540.KQ
윙스풋,335870,"섬유, 의복, 신발 및 가죽제품 소매업",2019-12-09,코스닥,335870.KQ
유니셈,036200,특수 목적용 기계 제조업,1999-12-10,코스닥,036200.KQ
유니크,011320,자동차 신품 부품 제조업,1993-12-29,코스닥,011320.KQ
유니테크노,241690,자동차 신품 부품 제조업,2016-09-20,코스닥,241690.KQ
유라클,088340,소프트웨어 개발 및 공급업,2024-08-16,코스닥,088340.KQ
유라테크,048430,"전동기, 발전기 및 전기 변환 · 공급 · 제어 장치 제조업",2001-01-11,코스닥,048430.KQ
유비벨록스,089850,소프트웨어 개발 및 공급업,2010-06-18,코스닥,089850.KQ
유안타제12호스팩,446150,금융 지원 서비스업,2023-03-17,코스닥,446150.KQ
유일로보틱스,388720,특수 목적용 기계 제조업,2022-03-18,코스닥,388720.KQ
유진기업,023410,"시멘트, 석회, 플라스터 및 그 제품 제조업",1994-10-07,코스닥,023410.KQ
유진스팩10호,468760,금융 지원 서비스업,2024-02-29,코스닥,468760.KQ
유진테크,084370,특수 목적용 기계 제조업,2006-01-17,코스닥,084370.KQ
율호,072770,"컴퓨터 프로그래밍, 시스템 통합 및 관리업",2007-07-25,코스닥,072770.KQ
이글루,067920,기타 정보 서비스업,2010-08-04,코스닥,067920.KQ
이노와이어리스,073490,통신 및 방송 장비 제조업,2005-02-04,코스닥,073490.KQ
이녹스첨단소재,272290,전자부품 제조업,2017-07-10,코스닥,272290.KQ
이씨에스,067010,"컴퓨터 프로그래밍, 시스템 통합 및 관리업",2007-12-18,코스닥,067010.KQ
이엠앤아이,083470,기초 화학물질 제조업,2008-09-18,코스닥,083470.KQ
이화공영,001840,건물 건설업,1994-11-23,코스닥,001840.KQ
인콘,083640,상품 종합 도매업,2005-12-27,코스닥,083640.KQ
인텍플러스,064290,특수 목적용 기계 제조업,2011-01-05,코스닥,064290.KQ
인화정공,101930,선박 및 보트 건조업,2010-10-22,코스닥,101930.KQ
자람테크놀로지,389020,반도체 제조업,2023-03-07,코스닥,389020.KQ
장원테크,174880,통신 및 방송 장비 제조업,2016-07-15,코스닥,174880.KQ
전진바이오팜,110020,기타 화학제품 제조업,2018-12-14,코스닥,110020.KQ
제닉,123330,기타 화학제품 제조업,2011-08-03,코스닥,123330.KQ
제룡산업,147830,"구조용 금속제품, 탱크 및 증기발생기 제조업",2012-02-13,코스닥,147830.KQ
제룡전기,033100,"전동기, 발전기 및 전기 변환 · 공급 · 제어 장치 제조업",1997-08-18,코스닥,033100.KQ
제이에스링크,127120,자연과학 및 공학 연구개발업,2011-12-26,코스닥,127120.KQ
젠큐릭스,229000,의료용품 및 기타 의약 관련제품 제조업,2020-06-25,코스닥,229000.KQ
조광ILI,044060,일반 목적용 기계 제조업,2001-01-18,코스닥,044060.KQ
청담글로벌,362320,생활용품 도매업,2022-06-03,코스닥,362320.KQ
카스,016920,기계장비 및 관련 물품 도매업,1990-01-04,코스닥,016920.KQ
컨텍,451760,"컴퓨터 프로그래밍, 시스템 통합 및 관리업",2023-11-09,코스닥,451760.KQ
케스피온,079190,통신 및 방송 장비 제조업,2005-11-29,코스닥,079190.KQ
케이쓰리아이,431190,소프트웨어 개발 및 공급업,2024-08-20,코스닥,431190.KQ
케이엔더블유,105330,자동차 신품 부품 제조업,2009-09-29,코스닥,105330.KQ
케이엔알시스템,199430,"측정, 시험, 항해, 제어 및 기타 정밀기기 제조업; 광학기기 제외",2024-03-07,코스닥,199430.KQ
케이엔에스,432470,특수 목적용 기계 제조업,2023-12-06,코스닥,432470.KQ
케이이엠텍,106080,전자부품 제조업,2010-02-09,코스닥,106080.KQ
코나아이,052400,소프트웨어 개발 및 공급업,2001-10-18,코스닥,052400.KQ
코난테크놀로지,402030,소프트웨어 개발 및 공급업,2022-07-07,코스닥,402030.KQ
코렌텍,104540,의료용 기기 제조업,2013-03-05,코스닥,104540.KQ
코리아에셋투자증권,190650,금융 지원 서비스업,2019-11-20,코스닥,190650.KQ
코메론,049430,"측정, 시험, 항해, 제어 및 기타 정밀기기 제조업; 광학기기 제외",2001-01-16,코스닥,049430.KQ
코아시아,045970,반도체 제조업,2000-08-03,코스닥,045970.KQ
코츠테크놀로지,448710,컴퓨터 및 주변장치 제조업,2023-08-10,코스닥,448710.KQ
크라우드웍스,355390,소프트웨어 개발 및 공급업,2023-08-31,코스닥,355390.KQ
키이스트,054780,"영화, 비디오물, 방송프로그램 제작 및 배급업",2003-11-14,코스닥,054780.KQ
태웅,044490,기타 금속 가공제품 제조업,2001-11-08,코스닥,044490.KQ
태웅로직스,124560,기타 운송관련 서비스업,2019-12-10,코스닥,124560.KQ
테라젠이텍스,066700,의약품 제조업,2004-05-27,코스닥,066700.KQ
테크윙,089030,특수 목적용 기계 제조업,2011-11-10,코스닥,089030.KQ
티비씨,033830,텔레비전 방송업,2010-11-29,코스닥,033830.KQ
티사이언티픽,057680,소프트웨어 개발 및 공급업,2002-06-18,코스닥,057680.KQ
티씨케이,064760,기타 비금속 광물제품 제조업,2003-08-18,코스닥,064760.KQ
티에스넥스젠,043220,특수 목적용 기계 제조업,2001-07-03,코스닥,043220.KQ
티에프이,425420,전자부품 제조업,2022-11-17,코스닥,425420.KQ
티움바이오,321550,자연과학 및 공학 연구개발업,2019-11-22,코스닥,321550.KQ
포바이포,389140,"영화, 비디오물, 방송프로그램 제작 및 배급업",2022-04-28,코스닥,389140.KQ
포인트엔지니어링,256630,기타 금속 가공제품 제조업,2017-05-02,코스닥,256630.KQ
폴라리스AI,039980,"컴퓨터 프로그래밍, 시스템 통합 및 관리업",2002-08-13,코스닥,039980.KQ
폴라리스세원,234100,자동차 신품 부품 제조업,2017-10-20,코스닥,234100.KQ
푸른저축은행,007330,은행 및 저축기관,1993-12-07,코스닥,007330.KQ
프리시젼바이오,335810,의료용 기기 제조업,2020-12-22,코스닥,335810.KQ
플라즈맵,405000,의료용 기기 제조업,2022-10-21,코스닥,405000.KQ
피아이이,452450,특수 목적용 기계 제조업,2025-02-04,코스닥,452450.KQ
피엠티,147760,"측정, 시험, 항해, 제어 및 기타 정밀기기 제조업; 광학기기 제외",2016-12-12,코스닥,147760.KQ
피코그램,376180,그외 기타 제품 제조업,2021-11-03,코스닥,376180.KQ
픽셀플러스,087600,전자부품 제조업,2015-06-12,코스닥,087600.KQ
필에너지,378340,특수 목적용 기계 제조업,2023-07-14,코스닥,378340.KQ
하나28호스팩,454750,금융 지원 서비스업,2023-08-10,코스닥,454750.KQ
하이딥,365590,반도체 제조업,2020-12-21,코스닥,365590.KQ
하츠,066130,가정용 기기 제조업,2003-02-11,코스닥,066130.KQ
한국가구,004590,기타 상품 전문 소매업,1993-06-03,코스닥,004590.KQ
한국맥널티,222980,기타 식품 제조업,2015-12-23,코스닥,222980.KQ
한국비엔씨,256840,기초 의약물질 제조업,2016-12-28,코스닥,256840.KQ
한국파마,032300,의약품 제조업,2020-08-10,코스닥,032300.KQ
한선엔지니어링,452280,기타 금속 가공제품 제조업,2023-11-24,코스닥,452280.KQ
한성크린텍,066980,"건축기술, 엔지니어링 및 관련 기술 서비스업",2003-01-17,코스닥,066980.KQ
한일사료,005860,동물용 사료 및 조제식품 제조업,1994-11-07,코스닥,005860.KQ
해성에어로보틱스,059270,기타 금속 가공제품 제조업,2021-04-21,코스닥,059270.KQ
화성밸브,039610,일반 목적용 기계 제조업,2000-03-16,코스닥,039610.KQ
휴네시온,290270,소프트웨어 개발 및 공급업,2018-08-02,코스닥,290270.KQ
휴메딕스,200670,의약품 제조업,2014-12-26,코스닥,200670.KQ
AP위성,211270,통신 및 방송 장비 제조업,2016-03-04,코스닥,211270.KQ
CG인바이츠,083790,자연과학 및 공학 연구개발업,2006-01-06,코스닥,083790.KQ
DH오토리드,290120,자동차 신품 부품 제조업,2018-12-07,코스닥,290120.KQ
HK이노엔,195940,의약품 제조업,2021-08-09,코스닥,195940.KQ
HRS,036640,합성고무 및 플라스틱 물질 제조업,2000-05-30,코스닥,036640.KQ
JTC,950170,종합 소매업,2018-04-06,코스닥,950170.KQ
JYP Ent.,035900,오디오물 출판 및 원판 녹음업,2001-08-30,코스닥,035900.KQ
KBG,318000,합성고무 및 플라스틱 물질 제조업,2019-08-01,코스닥,318000.KQ
LS마린솔루션,060370,전기 및 통신 공사업,2002-02-15,코스닥,060370.KQ
LS티라유텍,322180,소프트웨어 개발 및 공급업,2019-10-31,코스닥,322180.KQ
NEW,160550,"영화, 비디오물, 방송프로그램 제작 및 배급업",2014-12-23,코스닥,160550.KQ
SAMG엔터,419530,"영화, 비디오물, 방송프로그램 제작 및 배급업",2022-12-06,코스닥,419530.KQ
SCL사이언스,246960,의료용품 및 기타 의약 관련제품 제조업,2019-02-01,코스닥,246960.KQ
SG,255220,기타 비금속 광물제품 제조업,2018-01-26,코스닥,255220.KQ
SG&G,040610,자동차 신품 부품 제조업,2000-04-27,코스닥,040610.KQ
SKAI,357880,소프트웨어 개발 및 공급업,2021-11-10,코스닥,357880.KQ
SK증권제10호스팩,457940,금융 지원 서비스업,2023-08-11,코스닥,457940.KQ
SK증권제11호스팩,472230,금융 지원 서비스업,2024-03-04,코스닥,472230.KQ
SK증권제8호스팩,435870,금융 지원 서비스업,2022-10-06,코스닥,435870.KQ
SOOP,067160,소프트웨어 개발 및 공급업,2003-12-19,코스닥,067160.KQ
SV인베스트먼트,289080,기타 금융업,2018-07-06,코스닥,289080.KQ
TKG애강,022220,플라스틱제품 제조업,2006-04-11,코스닥,022220.KQ
가온칩스,399720,반도체 제조업,2022-05-20,코스닥,399720.KQ
국영지앤엠,006050,유리 및 유리제품 제조업,1994-10-07,코스닥,006050.KQ
그린플러스,186230,1차 비철금속 제조업,2019-08-07,코스닥,186230.KQ
기가레인,049080,전자부품 제조업,2013-12-19,코스닥,049080.KQ
네오이뮨텍,950220,자연과학 및 공학 연구개발업,2021-03-16,코스닥,950220.KQ
네오팜,092730,기타 화학제품 제조업,2007-01-30,코스닥,092730.KQ
네이처셀,007390,기초 의약물질 제조업,1992-11-30,코스닥,007390.KQ
네패스,033640,반도체 제조업,1999-12-14,코스닥,033640.KQ
농우바이오,054050,작물 재배업,2002-04-02,코스닥,054050.KQ
뉴트리,270870,기타 식품 제조업,2018-12-13,코스닥,270870.KQ
다원시스,068240,"전동기, 발전기 및 전기 변환 · 공급 · 제어 장치 제조업",2010-09-14,코스닥,068240.KQ
닷밀,464580,"영화, 비디오물, 방송프로그램 제작 및 배급업",2024-11-13,코스닥,464580.KQ
대봉엘에스,078140,의약품 제조업,2005-12-23,코스닥,078140.KQ
대성파인텍,104040,자동차 신품 부품 제조업,2009-01-23,코스닥,104040.KQ
대신밸런스제19호스팩,482690,금융 지원 서비스업,2024-11-20,코스닥,482690.KQ
더코디,224060,특수 목적용 기계 제조업,2015-12-29,코스닥,224060.KQ
데이타솔루션,263800,기계장비 및 관련 물품 도매업,2017-08-03,코스닥,263800.KQ
동국S&C,100130,"구조용 금속제품, 탱크 및 증기발생기 제조업",2009-08-31,코스닥,100130.KQ
동국생명과학,303810,의약품 제조업,2025-02-17,코스닥,303810.KQ
디바이스,187870,특수 목적용 기계 제조업,2017-12-20,코스닥,187870.KQ
디알젬,263690,의료용 기기 제조업,2018-11-22,코스닥,263690.KQ
디와이디,219550,생활용품 도매업,2015-07-22,코스닥,219550.KQ
디와이피엔에프,104460,일반 목적용 기계 제조업,2009-12-22,코스닥,104460.KQ
디지아이,043360,컴퓨터 및 주변장치 제조업,2001-07-20,코스닥,043360.KQ
라온시큐어,042510,소프트웨어 개발 및 공급업,2001-01-03,코스닥,042510.KQ
라파스,214260,기타 화학제품 제조업,2019-11-11,코스닥,214260.KQ
리가켐바이오,141080,자연과학 및 공학 연구개발업,2013-05-10,코스닥,141080.KQ
마이크로디지탈,305090,의료용 기기 제조업,2019-06-05,코스닥,305090.KQ
매일홀딩스,005990,동·식물성 유지 및 낙농제품 제조업,1999-05-14,코스닥,005990.KQ
머큐리,100590,통신 및 방송 장비 제조업,2018-12-14,코스닥,100590.KQ
메이슨캐피탈,021880,기타 금융업,1996-09-02,코스닥,021880.KQ
멕아이씨에스,058110,의료용 기기 제조업,2015-12-14,코스닥,058110.KQ
모아데이타,288980,소프트웨어 개발 및 공급업,2022-03-10,코스닥,288980.KQ
미래에셋비전스팩7호,482680,금융 지원 서비스업,2024-09-11,코스닥,482680.KQ
미스터블루,207760,기타 정보 서비스업,2014-12-12,코스닥,207760.KQ
미코바이오메드,214610,의료용 기기 제조업,2020-10-22,코스닥,214610.KQ
미트박스,475460,기타 정보 서비스업,2025-01-23,코스닥,475460.KQ
밀리의서재,418470,"서적, 잡지 및 기타 인쇄물 출판업",2023-09-27,코스닥,418470.KQ
바이오니아,064550,의료용품 및 기타 의약 관련제품 제조업,2005-12-29,코스닥,064550.KQ
바이오톡스텍,086040,자연과학 및 공학 연구개발업,2007-09-21,코스닥,086040.KQ
배럴,267790,봉제의복 제조업,2018-02-01,코스닥,267790.KQ
밸로프,331520,소프트웨어 개발 및 공급업,2019-10-29,코스닥,331520.KQ
뱅크웨어글로벌,199480,소프트웨어 개발 및 공급업,2024-08-12,코스닥,199480.KQ
베노티앤알,206400,실내건축 및 건축마무리 공사업,2014-12-10,코스닥,206400.KQ
베셀,177350,특수 목적용 기계 제조업,2015-06-19,코스닥,177350.KQ
부스타,008470,"구조용 금속제품, 탱크 및 증기발생기 제조업",2011-02-23,코스닥,008470.KQ
브릿지바이오,288330,기초 의약물질 제조업,2019-12-20,코스닥,288330.KQ
블랙야크아이앤씨,478560,신발 및 신발 부분품 제조업,2025-01-21,코스닥,478560.KQ
블리츠웨이엔터테인먼트,369370,창작 및 예술관련 서비스업,2020-12-23,코스닥,369370.KQ
비씨엔씨,146320,반도체 제조업,2022-03-03,코스닥,146320.KQ
비에이치아이,083650,일반 목적용 기계 제조업,2005-12-02,코스닥,083650.KQ
비엔케이제2호스팩,473370,금융 지원 서비스업,2024-03-05,코스닥,473370.KQ
사람인,143240,"자료처리, 호스팅, 포털 및 기타 인터넷 정보매개 서비스업",2012-02-21,코스닥,143240.KQ
삼기에너지솔루션즈,419050,자동차 신품 부품 제조업,2023-02-03,코스닥,419050.KQ
샘씨엔에스,252990,전자부품 제조업,2021-05-20,코스닥,252990.KQ
샤페론,378800,기초 의약물질 제조업,2022-10-19,코스닥,378800.KQ
서산,079650,"시멘트, 석회, 플라스터 및 그 제품 제조업",2005-01-21,코스닥,079650.KQ
서희건설,035890,건물 건설업,1999-12-24,코스닥,035890.KQ
선바이오,067370,의약품 제조업,2022-10-05,코스닥,067370.KQ
성도이엔지,037350,"건축기술, 엔지니어링 및 관련 기술 서비스업",2000-01-11,코스닥,037350.KQ
성우전자,081580,통신 및 방송 장비 제조업,2007-10-12,코스닥,081580.KQ
셀레스트라,352770,의료용품 및 기타 의약 관련제품 제조업,2020-12-04,코스닥,352770.KQ
셀비온,308430,의약품 제조업,2024-10-16,코스닥,308430.KQ
소마젠,950200,"그외 기타 전문, 과학 및 기술 서비스업",2020-07-13,코스닥,950200.KQ
솔트룩스,304100,소프트웨어 개발 및 공급업,2020-07-23,코스닥,304100.KQ
스맥,099440,특수 목적용 기계 제조업,2009-05-26,코스닥,099440.KQ
스튜디오삼익,415380,기타 생활용품 소매업,2024-02-06,코스닥,415380.KQ
신스틸,162300,1차 철강 제조업,2022-12-23,코스닥,162300.KQ
신시웨이,290560,소프트웨어 개발 및 공급업,2023-11-03,코스닥,290560.KQ
신영스팩9호,445970,금융 지원 서비스업,2022-12-27,코스닥,445970.KQ
신원종합개발,017000,건물 건설업,1994-12-07,코스닥,017000.KQ
신진에스엠,138070,기타 금속 가공제품 제조업,2011-11-28,코스닥,138070.KQ
신화인터텍,056700,플라스틱제품 제조업,2001-12-13,코스닥,056700.KQ
심텍,222800,전자부품 제조업,2015-08-07,코스닥,222800.KQ
싸이토젠,217330,자연과학 및 공학 연구개발업,2018-11-22,코스닥,217330.KQ
쎄노텍,222420,기타 비금속 광물제품 제조업,2015-08-06,코스닥,222420.KQ
씨앤지하이테크,264660,특수 목적용 기계 제조업,2018-01-25,코스닥,264660.KQ
씨이랩,189330,소프트웨어 개발 및 공급업,2021-02-24,코스닥,189330.KQ
아나패스,123860,반도체 제조업,2010-11-05,코스닥,123860.KQ
아스트,067390,"항공기,우주선 및 부품 제조업",2014-12-24,코스닥,067390.KQ
아이센스,099190,의료용 기기 제조업,2013-01-30,코스닥,099190.KQ
아이씨디,040910,특수 목적용 기계 제조업,2011-08-05,코스닥,040910.KQ
아이에스티이,212710,반도체 제조업,2025-02-12,코스닥,212710.KQ
아이진,185490,자연과학 및 공학 연구개발업,2015-11-16,코스닥,185490.KQ
아이퀘스트,262840,소프트웨어 개발 및 공급업,2021-02-05,코스닥,262840.KQ
아이큐어,175250,의약품 제조업,2018-07-12,코스닥,175250.KQ
아이티센엔텍,010280,"컴퓨터 프로그래밍, 시스템 통합 및 관리업",2000-04-14,코스닥,010280.KQ
아크솔루션스,203690,"펄프, 종이 및 판지 제조업",2014-09-30,코스닥,203690.KQ
안랩,053800,소프트웨어 개발 및 공급업,2001-09-13,코스닥,053800.KQ
알로이스,297570,통신 및 방송 장비 제조업,2018-07-20,코스닥,297570.KQ
애니플러스,310200,"영화, 비디오물, 방송프로그램 제작 및 배급업",2018-12-21,코스닥,310200.KQ
액트로,290740,전자부품 제조업,2018-08-28,코스닥,290740.KQ
야스,255440,특수 목적용 기계 제조업,2017-09-29,코스닥,255440.KQ
에스바이오메딕스,304360,의약품 제조업,2023-05-04,코스닥,304360.KQ
에스엠씨지,460870,유리 및 유리제품 제조업,2025-03-07,코스닥,460870.KQ
에스엠코어,007820,일반 목적용 기계 제조업,2011-11-08,코스닥,007820.KQ
에이디테크놀로지,200710,반도체 제조업,2014-12-16,코스닥,200710.KQ
에이유브랜즈,481070,"섬유, 의복, 신발 및 가죽제품 소매업",2025-04-03,코스닥,481070.KQ
에이치엘사이언스,239610,기타 식품 제조업,2016-10-28,코스닥,239610.KQ
에이치와이티씨,148930,기타 금속 가공제품 제조업,2022-08-09,코스닥,148930.KQ
에프에스티,036810,전자부품 제조업,2000-01-18,코스닥,036810.KQ
엑시온그룹,069920,무점포 소매업,2007-12-05,코스닥,069920.KQ
엑시콘,092870,특수 목적용 기계 제조업,2015-10-22,코스닥,092870.KQ
엔텔스,069410,소프트웨어 개발 및 공급업,2007-06-20,코스닥,069410.KQ
엘컴텍,037950,전자부품 제조업,2000-08-24,코스닥,037950.KQ
엘티씨,170920,기초 화학물질 제조업,2013-10-08,코스닥,170920.KQ
엠에프엠코리아,323230,편조의복 제조업,2019-06-19,코스닥,323230.KQ
오르비텍,046120,기타 과학기술 서비스업,2010-06-15,코스닥,046120.KQ
오리콤,010470,광고업,2000-10-24,코스닥,010470.KQ
오텍,067170,자동차 재제조 부품 제조업,2003-11-14,코스닥,067170.KQ
오파스넷,173130,"컴퓨터 프로그래밍, 시스템 통합 및 관리업",2018-08-24,코스닥,173130.KQ
오하임앤컴퍼니,309930,기타 생활용품 소매업,2018-12-20,코스닥,309930.KQ
옵티코어,380540,마그네틱 및 광학 매체 제조업,2022-12-29,코스닥,380540.KQ
와이엠씨,155650,전자부품 제조업,2012-11-15,코스닥,155650.KQ
우리로,046970,기타 전문 도매업,2012-11-27,코스닥,046970.KQ
우리산업홀딩스,072470,자동차 신품 부품 제조업,2003-10-28,코스닥,072470.KQ
우림피티에스,101170,일반 목적용 기계 제조업,2009-04-28,코스닥,101170.KQ
우양,103840,"과실, 채소 가공 및 저장 처리업",2019-11-20,코스닥,103840.KQ
우정바이오,215380,자연과학 및 공학 연구개발업,2015-05-18,코스닥,215380.KQ
원익QnC,074600,유리 및 유리제품 제조업,2003-12-12,코스닥,074600.KQ
웰킵스하이텍,043590,반도체 제조업,2001-12-20,코스닥,043590.KQ
웹젠,069080,소프트웨어 개발 및 공급업,2003-05-23,코스닥,069080.KQ
위너스,479960,기타 전기장비 제조업,2025-02-24,코스닥,479960.KQ
위더스제약,330350,의약품 제조업,2020-07-03,코스닥,330350.KQ
윈하이텍,192390,"구조용 금속제품, 탱크 및 증기발생기 제조업",2014-07-25,코스닥,192390.KQ
유비케어,032620,소프트웨어 개발 및 공급업,1997-05-02,코스닥,032620.KQ
유안타제15호스팩,473050,금융 지원 서비스업,2024-02-29,코스닥,473050.KQ
유에스티,263770,1차 철강 제조업,2017-04-06,코스닥,263770.KQ
율촌,146060,1차 철강 제조업,2023-09-08,코스닥,146060.KQ
이건홀딩스,039020,제재 및 목재 가공업,2000-05-04,코스닥,039020.KQ
이노메트리,302430,특수 목적용 기계 제조업,2018-12-12,코스닥,302430.KQ
이노시뮬레이션,274400,소프트웨어 개발 및 공급업,2023-07-06,코스닥,274400.KQ
이노인스트루먼트,215790,통신 및 방송 장비 제조업,2015-05-08,코스닥,215790.KQ
이랜시스,264850,전자부품 제조업,2017-06-01,코스닥,264850.KQ
이미지스,115610,반도체 제조업,2010-02-26,코스닥,115610.KQ
이베스트스팩6호,478110,금융 지원 서비스업,2024-07-12,코스닥,478110.KQ
이삭엔지니어링,351330,"컴퓨터 프로그래밍, 시스템 통합 및 관리업",2021-04-21,코스닥,351330.KQ
이엔에프테크놀로지,102710,기타 화학제품 제조업,2009-05-28,코스닥,102710.KQ
이오테크닉스,039030,특수 목적용 기계 제조업,2000-08-24,코스닥,039030.KQ
이지바이오,353810,동물용 사료 및 조제식품 제조업,2020-06-05,코스닥,353810.KQ
이지홀딩스,035810,동물용 사료 및 조제식품 제조업,1999-11-23,코스닥,035810.KQ
인지소프트,100030,소프트웨어 개발 및 공급업,2010-05-25,코스닥,100030.KQ
인크레더블버즈,064090,상품 종합 도매업,2002-12-17,코스닥,064090.KQ
인크로스,216050,광고업,2016-10-31,코스닥,216050.KQ
인트로메딕,150840,의료용 기기 제조업,2013-12-19,코스닥,150840.KQ
일월지엠엘,178780,상품 종합 도매업,2015-06-30,코스닥,178780.KQ
정원엔시스,045510,기계장비 및 관련 물품 도매업,2000-09-07,코스닥,045510.KQ
제놀루션,225220,기초 의약물질 제조업,2020-07-24,코스닥,225220.KQ
제이스텍,090470,특수 목적용 기계 제조업,2007-01-10,코스닥,090470.KQ
제일바이오,052670,의약품 제조업,2002-01-24,코스닥,052670.KQ
진시스템,363250,의료용 기기 제조업,2021-05-26,코스닥,363250.KQ
차바이오텍,085660,기초 의약물질 제조업,2005-12-27,코스닥,085660.KQ
캐리,313760,"전동기, 발전기 및 전기 변환 · 공급 · 제어 장치 제조업",2019-07-25,코스닥,313760.KQ
컴퍼니케이,307930,기타 금융업,2019-05-23,코스닥,307930.KQ
케어젠,214370,기초 의약물질 제조업,2015-11-17,코스닥,214370.KQ
케이씨에스,115500,"컴퓨터 프로그래밍, 시스템 통합 및 관리업",2010-04-14,코스닥,115500.KQ
케이엔제이,272110,반도체 제조업,2019-10-25,코스닥,272110.KQ
케이피엠테크,042040,기타 전문 도매업,2003-01-07,코스닥,042040.KQ
켐트로스,220260,기타 화학제품 제조업,2015-07-27,코스닥,220260.KQ
코맥스,036690,통신 및 방송 장비 제조업,2000-01-18,코스닥,036690.KQ
코아스템켐온,166480,의약품 제조업,2015-06-26,코스닥,166480.KQ
콜마비앤에이치,200130,기초 의약물질 제조업,2014-07-23,코스닥,200130.KQ
큐리옥스바이오시스템즈,445680,의료용 기기 제조업,2023-08-10,코스닥,445680.KQ
크린앤사이언스,045520,일반 목적용 기계 제조업,2000-12-05,코스닥,045520.KQ
클래시스,214150,의료용 기기 제조업,2015-04-03,코스닥,214150.KQ
클리오,237880,기타 화학제품 제조업,2016-11-09,코스닥,237880.KQ
태광,023160,1차 철강 제조업,1994-09-07,코스닥,023160.KQ
토마토시스템,393210,소프트웨어 개발 및 공급업,2023-04-27,코스닥,393210.KQ
토박스코리아,215480,"섬유, 의복, 신발 및 가죽제품 소매업",2015-05-13,코스닥,215480.KQ
툴젠,199800,자연과학 및 공학 연구개발업,2021-12-10,코스닥,199800.KQ
티앤알바이오팹,246710,기초 의약물질 제조업,2018-11-28,코스닥,246710.KQ
티이엠씨,425040,기초 화학물질 제조업,2023-01-19,코스닥,425040.KQ
파이버프로,368770,"측정, 시험, 항해, 제어 및 기타 정밀기기 제조업; 광학기기 제외",2021-01-21,코스닥,368770.KQ
파이오링크,170790,통신 및 방송 장비 제조업,2013-08-01,코스닥,170790.KQ
파인디앤씨,049120,전자부품 제조업,2001-07-26,코스닥,049120.KQ
팜스빌,318010,기타 식품 제조업,2019-10-22,코스닥,318010.KQ
팜스토리,027710,동물용 사료 및 조제식품 제조업,1996-07-06,코스닥,027710.KQ
포인트모바일,318020,컴퓨터 및 주변장치 제조업,2020-12-03,코스닥,318020.KQ
푸른소나무,057880,비거주 복지시설 운영업,2003-12-29,코스닥,057880.KQ
풍강,093380,기타 금속 가공제품 제조업,2007-06-01,코스닥,093380.KQ
퓨런티어,370090,"측정, 시험, 항해, 제어 및 기타 정밀기기 제조업; 광학기기 제외",2022-02-23,코스닥,370090.KQ
프럼파스트,035200,플라스틱제품 제조업,2002-01-15,코스닥,035200.KQ
플랜티넷,075130,"컴퓨터 프로그래밍, 시스템 통합 및 관리업",2005-06-10,코스닥,075130.KQ
피노,033790,통신 및 방송 장비 제조업,2001-06-26,코스닥,033790.KQ
피에스케이홀딩스,031980,특수 목적용 기계 제조업,1997-01-07,코스닥,031980.KQ
피에스텍,002230,"측정, 시험, 항해, 제어 및 기타 정밀기기 제조업; 광학기기 제외",1991-01-04,코스닥,002230.KQ
하나금융25호스팩,435620,금융 지원 서비스업,2022-10-20,코스닥,435620.KQ
하이드로리튬,101670,"구조용 금속제품, 탱크 및 증기발생기 제조업",2008-07-15,코스닥,101670.KQ
하이젠알앤엠,160190,"전동기, 발전기 및 전기 변환 · 공급 · 제어 장치 제조업",2024-06-27,코스닥,160190.KQ
한국유니온제약,080720,의약품 제조업,2018-07-26,코스닥,080720.KQ
한국전자인증,041460,소프트웨어 개발 및 공급업,2010-11-19,코스닥,041460.KQ
한국제15호스팩,479880,금융 지원 서비스업,2024-06-26,코스닥,479880.KQ
한빛소프트,047080,소프트웨어 개발 및 공급업,2002-01-10,코스닥,047080.KQ
한울소재과학,091440,통신 및 방송 장비 제조업,2008-02-01,코스닥,091440.KQ
한중엔시에스,107640,"전동기, 발전기 및 전기 변환 · 공급 · 제어 장치 제조업",2024-06-24,코스닥,107640.KQ
현대힘스,460930,선박 및 보트 건조업,2024-01-26,코스닥,460930.KQ
홈센타홀딩스,060560,기타 전문 도매업,2002-07-11,코스닥,060560.KQ
화신정공,126640,자동차 신품 부품 제조업,2010-08-31,코스닥,126640.KQ
효성오앤비,097870,"비료, 농약 및 살균, 살충제 제조업",2008-04-08,코스닥,097870.KQ
흥구석유,024060,기타 전문 도매업,1994-12-07,코스닥,024060.KQ
흥국,010240,특수 목적용 기계 제조업,2009-05-12,코스닥,010240.KQ
3S,060310,"측정, 시험, 항해, 제어 및 기타 정밀기기 제조업; 광학기기 제외",2002-04-23,코스닥,060310.KQ
AP시스템,265520,특수 목적용 기계 제조업,2017-04-07,코스닥,265520.KQ
CBI,013720,자동차 신품 부품 제조업,1993-12-29,코스닥,013720.KQ
CMG제약,058820,의약품 제조업,2001-08-31,코스닥,058820.KQ
CNT85,056730,건물 건설업,2002-01-04,코스닥,056730.KQ
DB금융스팩11호,456440,기타 금융업,2023-07-12,코스닥,456440.KQ
DH오토웨어,025440,영상 및 음향기기 제조업,1995-05-22,코스닥,025440.KQ
ES큐브,050120,생활용품 도매업,2002-04-25,코스닥,050120.KQ
HLB생명과학,067630,의료용품 및 기타 의약 관련제품 제조업,2008-11-25,코스닥,067630.KQ
HLB제약,047920,자연과학 및 공학 연구개발업,2015-12-21,코스닥,047920.KQ
JW신약,067290,의약품 제조업,2003-02-11,코스닥,067290.KQ
KB제25호스팩,455250,금융 지원 서비스업,2023-06-23,코스닥,455250.KQ
KB제30호스팩,486630,금융 지원 서비스업,2024-09-25,코스닥,486630.KQ
KT나스미디어,089600,광고업,2013-07-17,코스닥,089600.KQ
LB세미콘,061970,반도체 제조업,2011-01-31,코스닥,061970.KQ
SDN,099220,기계장비 및 관련 물품 도매업,2009-05-19,코스닥,099220.KQ
SGA솔루션즈,184230,소프트웨어 개발 및 공급업,2013-12-20,코스닥,184230.KQ
SK증권제13호스팩,473950,금융 지원 서비스업,2024-07-25,코스닥,473950.KQ
THE E&M,089230,기타 정보 서비스업,2006-10-10,코스닥,089230.KQ
TPC,048770,일반 목적용 기계 제조업,2001-01-16,코스닥,048770.KQ
갤럭시아머니트리,094480,소프트웨어 개발 및 공급업,2007-07-20,코스닥,094480.KQ
고바이오랩,348150,자연과학 및 공학 연구개발업,2020-11-18,코스닥,348150.KQ
국보디자인,066620,실내건축 및 건축마무리 공사업,2002-09-05,코스닥,066620.KQ
국전약품,307750,의약품 제조업,2018-12-19,코스닥,307750.KQ
그린리소스,402490,반도체 제조업,2023-11-24,코스닥,402490.KQ
나이스디앤비,130580,기타 사업지원 서비스업,2011-12-22,코스닥,130580.KQ
남화산업,111710,스포츠 서비스업,2018-11-29,코스닥,111710.KQ
네오위즈홀딩스,042420,소프트웨어 개발 및 공급업,2000-06-27,코스닥,042420.KQ
네오티스,085910,자동차 신품 부품 제조업,2007-10-01,코스닥,085910.KQ
네온테크,306620,특수 목적용 기계 제조업,2018-10-31,코스닥,306620.KQ
넥스트바이오메디컬,389650,의료용 기기 제조업,2024-08-20,코스닥,389650.KQ
넥써쓰,205500,소프트웨어 개발 및 공급업,2014-11-12,코스닥,205500.KQ
노랑풍선,104620,여행사 및 기타 여행보조 서비스업,2019-01-30,코스닥,104620.KQ
뉴보텍,060260,플라스틱제품 제조업,2002-02-05,코스닥,060260.KQ
대륙제관,004780,기타 금속 가공제품 제조업,1994-12-29,코스닥,004780.KQ
대유,290380,"비료, 농약 및 살균, 살충제 제조업",2018-08-10,코스닥,290380.KQ
대창스틸,140520,1차 철강 제조업,2014-12-05,코스닥,140520.KQ
덕산하이메탈,077360,반도체 제조업,2005-10-14,코스닥,077360.KQ
데브시스터즈,194480,소프트웨어 개발 및 공급업,2014-10-06,코스닥,194480.KQ
도이치모터스,067990,자동차 판매업,2004-12-03,코스닥,067990.KQ
동국알앤에스,075970,기타 비금속 광물제품 제조업,2004-02-13,코스닥,075970.KQ
동국제약,086450,의약품 제조업,2007-05-29,코스닥,086450.KQ
동운아나텍,094170,반도체 제조업,2015-06-30,코스닥,094170.KQ
동화기업,025900,나무제품 제조업,1995-08-07,코스닥,025900.KQ
드림시큐리티,203650,소프트웨어 개발 및 공급업,2014-10-13,코스닥,203650.KQ
디에스케이,109740,특수 목적용 기계 제조업,2009-09-23,코스닥,109740.KQ
디케이티,290550,전자부품 제조업,2018-12-21,코스닥,290550.KQ
디티앤씨,187220,기타 과학기술 서비스업,2014-12-17,코스닥,187220.KQ
라닉스,317120,반도체 제조업,2019-09-18,코스닥,317120.KQ
레몬,294140,화학섬유 제조업,2020-02-28,코스닥,294140.KQ
레이,228670,의료용 기기 제조업,2019-08-08,코스닥,228670.KQ
레이언스,228850,의료용 기기 제조업,2016-04-11,코스닥,228850.KQ
레이크머티리얼즈,281740,기타 화학제품 제조업,2017-12-12,코스닥,281740.KQ
마이크로컨텍솔,098120,전자부품 제조업,2008-09-23,코스닥,098120.KQ
마이크로투나노,424980,반도체 제조업,2023-04-26,코스닥,424980.KQ
메디콕스,054180,선박 및 보트 건조업,2001-10-16,코스닥,054180.KQ
미래에셋드림스팩1호,442900,금융 지원 서비스업,2023-03-15,코스닥,442900.KQ
미래컴퍼니,049950,특수 목적용 기계 제조업,2005-01-04,코스닥,049950.KQ
바른손이앤에이,035620,"영화, 비디오물, 방송프로그램 제작 및 배급업",1999-08-13,코스닥,035620.KQ
바이온,032980,음·식료품 및 담배 도매업,1997-08-06,코스닥,032980.KQ
보로노이,310210,자연과학 및 공학 연구개발업,2022-06-24,코스닥,310210.KQ
뷰웍스,100120,의료용 기기 제조업,2009-04-10,코스닥,100120.KQ
브이티,018290,기타 화학제품 제조업,1994-09-07,코스닥,018290.KQ
블루콤,033560,영상 및 음향기기 제조업,2011-01-26,코스닥,033560.KQ
비아이매트릭스,413640,소프트웨어 개발 및 공급업,2023-11-09,코스닥,413640.KQ
비엔케이제1호스팩,445360,금융 지원 서비스업,2022-12-22,코스닥,445360.KQ
비츠로셀,082920,일차전지 및 이차전지 제조업,2009-10-28,코스닥,082920.KQ
비트맥스,377030,소프트웨어 개발 및 공급업,2021-07-27,코스닥,377030.KQ
사피엔반도체,452430,반도체 제조업,2024-02-19,코스닥,452430.KQ
산돌,419120,소프트웨어 개발 및 공급업,2022-10-27,코스닥,419120.KQ
삼보판지,023600,"펄프, 종이 및 판지 제조업",1996-05-29,코스닥,023600.KQ
삼양케이씨아이,036670,기타 화학제품 제조업,2001-01-03,코스닥,036670.KQ
삼진,032750,통신 및 방송 장비 제조업,1997-07-14,코스닥,032750.KQ
삼진엘앤디,054090,그외 기타 제품 제조업,2004-02-06,코스닥,054090.KQ
샌즈랩,411080,소프트웨어 개발 및 공급업,2023-02-15,코스닥,411080.KQ
서암기계공업,100660,일반 목적용 기계 제조업,2011-12-19,코스닥,100660.KQ
서울제약,018680,의약품 제조업,2000-08-18,코스닥,018680.KQ
서원인텍,093920,통신 및 방송 장비 제조업,2007-12-20,코스닥,093920.KQ
서진시스템,178320,기타 전기장비 제조업,2017-03-27,코스닥,178320.KQ
서진오토모티브,122690,자동차 신품 부품 제조업,2010-05-25,코스닥,122690.KQ
성창오토텍,080470,자동차 신품 부품 제조업,2006-11-03,코스닥,080470.KQ
성호전자,043260,전자부품 제조업,2001-11-29,코스닥,043260.KQ
셀바스헬스케어,208370,의료용 기기 제조업,2014-12-17,코스닥,208370.KQ
소노스퀘어,007720,상품 종합 도매업,1994-01-06,코스닥,007720.KQ
소니드,060230,기타 화학제품 제조업,2002-06-25,코스닥,060230.KQ
솔브레인홀딩스,036830,회사 본부 및 경영 컨설팅 서비스업,2000-01-18,코스닥,036830.KQ
슈프리마,236200,통신 및 방송 장비 제조업,2016-02-05,코스닥,236200.KQ
스페코,013810,특수 목적용 기계 제조업,1997-11-03,코스닥,013810.KQ
스피어,347700,소프트웨어 개발 및 공급업,2021-03-23,코스닥,347700.KQ
승일,049830,기타 금속 가공제품 제조업,2001-01-18,코스닥,049830.KQ
시그네틱스,033170,반도체 제조업,2010-11-26,코스닥,033170.KQ
시스웍,269620,"측정, 시험, 항해, 제어 및 기타 정밀기기 제조업; 광학기기 제외",2017-12-26,코스닥,269620.KQ
신성에스티,416180,자동차 신품 부품 제조업,2023-10-19,코스닥,416180.KQ
신영스팩8호,430220,금융 지원 서비스업,2022-08-26,코스닥,430220.KQ
신한제13호스팩,474930,금융 지원 서비스업,2024-04-22,코스닥,474930.KQ
싸이맥스,160980,특수 목적용 기계 제조업,2015-06-17,코스닥,160980.KQ
씨유테크,376290,전자부품 제조업,2021-10-08,코스닥,376290.KQ
씨피시스템,413630,플라스틱제품 제조업,2022-03-31,코스닥,413630.KQ
아난티,025980,일반 및 생활 숙박시설 운영업,1996-01-06,코스닥,025980.KQ
아바코,083930,특수 목적용 기계 제조업,2005-10-11,코스닥,083930.KQ
아셈스,136410,플라스틱제품 제조업,2022-02-07,코스닥,136410.KQ
아이비김영,339950,일반 교습 학원,2019-12-24,코스닥,339950.KQ
아이언디바이스,464500,반도체 제조업,2024-09-23,코스닥,464500.KQ
아이즈비전,031310,전기 통신업,1997-07-25,코스닥,031310.KQ
아이톡시,052770,소프트웨어 개발 및 공급업,2002-08-22,코스닥,052770.KQ
아톤,158430,소프트웨어 개발 및 공급업,2019-10-17,코스닥,158430.KQ
알에프텍,061040,통신 및 방송 장비 제조업,2002-05-16,코스닥,061040.KQ
알파칩스,117670,반도체 제조업,2010-09-17,코스닥,117670.KQ
액토즈소프트,052790,소프트웨어 개발 및 공급업,2001-08-14,코스닥,052790.KQ
앱클론,174900,의료용품 및 기타 의약 관련제품 제조업,2017-09-18,코스닥,174900.KQ
에스아이리소스,065420,기타 화학제품 제조업,2002-08-22,코스닥,065420.KQ
에스앤에스텍,101490,전자부품 제조업,2009-04-14,코스닥,101490.KQ
에스제이그룹,306040,"가죽, 가방 및 유사제품 제조업",2019-11-18,코스닥,306040.KQ
에스켐,475660,기타 화학제품 제조업,2024-11-18,코스닥,475660.KQ
에이럭스,475580,그외 기타 제품 제조업,2024-11-01,코스닥,475580.KQ
에이루트,096690,컴퓨터 및 주변장치 제조업,2010-12-01,코스닥,096690.KQ
에이치브이엠,295310,1차 비철금속 제조업,2024-06-28,코스닥,295310.KQ
에이테크솔루션,071670,특수 목적용 기계 제조업,2009-04-17,코스닥,071670.KQ
에이텍모빌리티,224110,통신 및 방송 장비 제조업,2015-08-25,코스닥,224110.KQ
에코바이오,038870,사업시설 유지·관리 서비스업,2001-05-29,코스닥,038870.KQ
에코아이,448280,기타 전문 서비스업,2023-11-21,코스닥,448280.KQ
엔에이치스팩26호,439410,금융 지원 서비스업,2022-12-01,코스닥,439410.KQ
엔에이치스팩29호,451700,금융 지원 서비스업,2023-06-23,코스닥,451700.KQ
엔피디,198080,전자부품 제조업,2020-03-16,코스닥,198080.KQ
엘케이켐,489500,기타 화학제품 제조업,2025-02-25,코스닥,489500.KQ
엠에스씨,009780,기타 식품 제조업,1993-10-12,코스닥,009780.KQ
엣지파운드리,105550,전자부품 제조업,2014-07-11,코스닥,105550.KQ
오성첨단소재,052420,플라스틱제품 제조업,2001-08-07,코스닥,052420.KQ
오픈베이스,049480,"컴퓨터 프로그래밍, 시스템 통합 및 관리업",2001-01-09,코스닥,049480.KQ
온코닉테라퓨틱스,476060,자연과학 및 공학 연구개발업,2024-12-19,코스닥,476060.KQ
옵티시스,109080,통신 및 방송 장비 제조업,2011-07-12,코스닥,109080.KQ
와이랩,432430,"영화, 비디오물, 방송프로그램 제작 및 배급업",2023-07-20,코스닥,432430.KQ
와이오엠,066430,기타 전문 도매업,2002-12-24,코스닥,066430.KQ
우리기술투자,041190,기타 금융업,2000-06-09,코스닥,041190.KQ
우리넷,115440,통신 및 방송 장비 제조업,2010-01-27,코스닥,115440.KQ
우리산업,215360,자동차 신품 부품 제조업,2015-05-06,코스닥,215360.KQ
원익,032940,기계장비 및 관련 물품 도매업,1997-07-18,코스닥,032940.KQ
위세아이텍,065370,소프트웨어 개발 및 공급업,2020-02-10,코스닥,065370.KQ
위지윅스튜디오,299900,"영화, 비디오물, 방송프로그램 제작 및 배급업",2018-12-20,코스닥,299900.KQ
윙입푸드,900340,기타 금융업,2018-11-30,코스닥,900340.KQ
유니트론텍,142210,자동차 부품 및 내장품 판매업,2016-02-02,코스닥,142210.KQ
유비쿼스,264450,통신 및 방송 장비 제조업,2017-03-31,코스닥,264450.KQ
유안타제14호스팩,450940,금융 지원 서비스업,2023-07-27,코스닥,450940.KQ
이니텍,053350,소프트웨어 개발 및 공급업,2001-11-15,코스닥,053350.KQ
이루온,065440,소프트웨어 개발 및 공급업,2003-01-28,코스닥,065440.KQ
이상네트웍스,080010,상품 중개업,2005-09-30,코스닥,080010.KQ
이스트소프트,047560,소프트웨어 개발 및 공급업,2008-07-01,코스닥,047560.KQ
인바디,041830,의료용 기기 제조업,2000-12-14,코스닥,041830.KQ
인벤티지랩,389470,자연과학 및 공학 연구개발업,2022-11-22,코스닥,389470.KQ
인스웨이브,450520,소프트웨어 개발 및 공급업,2023-09-25,코스닥,450520.KQ
인텔리안테크,189300,통신 및 방송 장비 제조업,2016-10-18,코스닥,189300.KQ
인트론바이오,048530,기초 의약물질 제조업,2011-01-26,코스닥,048530.KQ
일신바이오,068330,일반 목적용 기계 제조업,2007-12-26,코스닥,068330.KQ
잉글우드랩,950140,기타 화학제품 제조업,2016-10-14,코스닥,950140.KQ
자연과환경,043910,"시멘트, 석회, 플라스터 및 그 제품 제조업",2005-11-18,코스닥,043910.KQ
자이글,234920,가정용 기기 제조업,2016-09-06,코스닥,234920.KQ
제너셈,217190,특수 목적용 기계 제조업,2015-09-25,코스닥,217190.KQ
제노레이,122310,의료용 기기 제조업,2018-05-28,코스닥,122310.KQ
제닉스,381620,특수 목적용 기계 제조업,2024-09-30,코스닥,381620.KQ
제이씨케미칼,137950,기타 화학제품 제조업,2011-08-08,코스닥,137950.KQ
제이오,418550,"건축기술, 엔지니어링 및 관련 기술 서비스업",2023-02-16,코스닥,418550.KQ
중앙백신,072020,기초 의약물질 제조업,2003-10-31,코스닥,072020.KQ
지노믹트리,228760,자연과학 및 공학 연구개발업,2019-03-27,코스닥,228760.KQ
참좋은여행,094850,여행사 및 기타 여행보조 서비스업,2007-04-30,코스닥,094850.KQ
초록뱀미디어,047820,"영화, 비디오물, 방송프로그램 제작 및 배급업",2002-12-24,코스닥,047820.KQ
칩스앤미디어,094360,반도체 제조업,2015-08-05,코스닥,094360.KQ
캠시스,050110,전자부품 제조업,2001-05-17,코스닥,050110.KQ
컴투스,078340,소프트웨어 개발 및 공급업,2007-07-06,코스닥,078340.KQ
케이바이오,038530,생활용품 도매업,2000-06-09,코스닥,038530.KQ
코오롱생명과학,102940,기초 의약물질 제조업,2009-04-07,코스닥,102940.KQ
코오롱티슈진,950160,기초 의약물질 제조업,2017-11-06,코스닥,950160.KQ
코콤,015710,통신 및 방송 장비 제조업,1997-09-30,코스닥,015710.KQ
쿠콘,294570,기타 정보 서비스업,2021-04-28,코스닥,294570.KQ
퀀텀온,227100,부동산 관련 서비스업,2018-11-15,코스닥,227100.KQ
큐로셀,372320,자연과학 및 공학 연구개발업,2023-11-09,코스닥,372320.KQ
큐에스아이,066310,반도체 제조업,2006-11-24,코스닥,066310.KQ
클로봇,466100,소프트웨어 개발 및 공급업,2024-10-28,코스닥,466100.KQ
키네마스터,139670,소프트웨어 개발 및 공급업,2011-12-02,코스닥,139670.KQ
타이거일렉,219130,전자부품 제조업,2015-09-25,코스닥,219130.KQ
탑머티리얼,360070,일차전지 및 이차전지 제조업,2022-10-18,코스닥,360070.KQ
티쓰리,204610,소프트웨어 개발 및 공급업,2022-11-17,코스닥,204610.KQ
팅크웨어,084730,통신 및 방송 장비 제조업,2006-05-19,코스닥,084730.KQ
팸텍,271830,특수 목적용 기계 제조업,2023-05-23,코스닥,271830.KQ
푸드웰,005670,"과실, 채소 가공 및 저장 처리업",1993-12-07,코스닥,005670.KQ
푸른기술,094940,컴퓨터 및 주변장치 제조업,2007-09-14,코스닥,094940.KQ
프로텍,053610,특수 목적용 기계 제조업,2001-08-17,코스닥,053610.KQ
플루토스,019570,신탁업 및 집합투자업,1989-03-14,코스닥,019570.KQ
플리토,300080,"자료처리, 호스팅, 포털 및 기타 인터넷 정보매개 서비스업",2019-07-17,코스닥,300080.KQ
피엔케이피부임상연구센타,347740,"그외 기타 전문, 과학 및 기술 서비스업",2020-09-09,코스닥,347740.KQ
피제이전자,006140,의료용 기기 제조업,1993-12-07,코스닥,006140.KQ
핀텔,291810,소프트웨어 개발 및 공급업,2022-10-20,코스닥,291810.KQ
하나29호스팩,454640,금융 지원 서비스업,2023-06-28,코스닥,454640.KQ
하나34호스팩,484130,금융 지원 서비스업,2024-11-19,코스닥,484130.KQ
하이록코리아,013030,1차 철강 제조업,1989-12-15,코스닥,013030.KQ
하이비젼시스템,126700,사진장비 및 광학기기 제조업,2010-09-10,코스닥,126700.KQ
하이텍팜,106190,기초 의약물질 제조업,2010-07-28,코스닥,106190.KQ
한국정밀기계,101680,특수 목적용 기계 제조업,2009-05-19,코스닥,101680.KQ
한양디지텍,078350,반도체 제조업,2004-05-14,코스닥,078350.KQ
한울반도체,320000,특수 목적용 기계 제조업,2019-09-18,코스닥,320000.KQ
한컴위드,054920,소프트웨어 개발 및 공급업,2001-11-01,코스닥,054920.KQ
한탑,002680,"곡물가공품, 전분 및 전분제품 제조업",1995-07-07,코스닥,002680.KQ
해성산업,034810,기타 금융업,1999-04-16,코스닥,034810.KQ
핸디소프트,220180,소프트웨어 개발 및 공급업,2016-11-24,코스닥,220180.KQ
헥토이노베이션,214180,기타 정보 서비스업,2015-06-30,코스닥,214180.KQ
현대ADM,187660,자연과학 및 공학 연구개발업,2021-06-03,코스닥,187660.KQ
현대에이치티,039010,통신 및 방송 장비 제조업,2000-07-20,코스닥,039010.KQ
힘스,238490,특수 목적용 기계 제조업,2017-07-20,코스닥,238490.KQ
AP헬스케어,109960,기타 전문 도매업,2009-11-13,코스닥,109960.KQ
CJ 바이오사이언스,311690,자연과학 및 공학 연구개발업,2019-12-26,코스닥,311690.KQ
CNH,023460,기타 금융업,1994-10-07,코스닥,023460.KQ
DGP,060900,전기업,2002-09-17,코스닥,060900.KQ
HLB테라퓨틱스,115450,기타 전문 도매업,2010-03-26,코스닥,115450.KQ
IBKS제20호스팩,439730,금융 지원 서비스업,2022-10-28,코스닥,439730.KQ
ISC,095340,기계장비 및 관련 물품 도매업,2007-10-01,코스닥,095340.KQ
KB오토시스,024120,자동차 신품 부품 제조업,1994-12-07,코스닥,024120.KQ
KH 건설,226360,토목 건설업,2015-10-22,코스닥,226360.KQ
KT지니뮤직,043610,영상·오디오물 제공 서비스업,2000-07-20,코스닥,043610.KQ
KX,122450,텔레비전 방송업,2011-05-25,코스닥,122450.KQ
LB인베스트먼트,309960,기타 금융업,2023-03-29,코스닥,309960.KQ
LS증권,078020,금융 지원 서비스업,2007-02-21,코스닥,078020.KQ
NHN벅스,104200,소프트웨어 개발 및 공급업,2009-10-06,코스닥,104200.KQ
SBI인베스트먼트,019550,신탁업 및 집합투자업,1989-09-06,코스닥,019550.KQ
강원에너지,114190,기타 전기장비 제조업,2009-11-20,코스닥,114190.KQ
고스트스튜디오,950190,소프트웨어 개발 및 공급업,2020-08-18,코스닥,950190.KQ
골프존홀딩스,121440,상품 중개업,2011-05-20,코스닥,121440.KQ
공구우먼,366030,의복 액세서리 제조업,2022-03-23,코스닥,366030.KQ
그리티,204020,봉제의복 제조업,2018-07-23,코스닥,204020.KQ
그린생명과학,114450,기초 의약물질 제조업,2009-12-22,코스닥,114450.KQ
글로벌텍스프리,204620,금융 지원 서비스업,2014-11-19,코스닥,204620.KQ
금강철강,053260,1차 철강 제조업,2002-01-04,코스닥,053260.KQ
나노신소재,121600,기타 화학제품 제조업,2011-02-09,코스닥,121600.KQ
나노실리칸첨단소재,286750,기초 화학물질 제조업,2019-08-19,코스닥,286750.KQ
나라엠앤디,051490,특수 목적용 기계 제조업,2001-06-12,코스닥,051490.KQ
나무가,190510,전자부품 제조업,2015-11-12,코스닥,190510.KQ
나인테크,267320,특수 목적용 기계 제조업,2017-06-22,코스닥,267320.KQ
네패스아크,330860,"그외 기타 전문, 과학 및 기술 서비스업",2020-11-17,코스닥,330860.KQ
넥스틴,348210,특수 목적용 기계 제조업,2020-10-08,코스닥,348210.KQ
넥슨게임즈,225570,소프트웨어 개발 및 공급업,2015-09-25,코스닥,225570.KQ
다보링크,340360,통신 및 방송 장비 제조업,2019-12-19,코스닥,340360.KQ
대산F&B,065150,음·식료품 및 담배 도매업,2007-07-18,코스닥,065150.KQ
대성창투,027830,신탁업 및 집합투자업,1999-11-30,코스닥,027830.KQ
대신밸런스제15호스팩,457390,금융 지원 서비스업,2023-08-30,코스닥,457390.KQ
대정화금,120240,기초 화학물질 제조업,2010-12-20,코스닥,120240.KQ
동국산업,005160,1차 철강 제조업,1999-06-25,코스닥,005160.KQ
동방선기,099410,선박 및 보트 건조업,2009-11-10,코스닥,099410.KQ
동아화성,041930,고무제품 제조업,2001-12-26,코스닥,041930.KQ
동원개발,013120,건물 건설업,1994-12-29,코스닥,013120.KQ
드림인사이트,362990,광고업,2024-01-25,코스닥,362990.KQ
디비금융제13호스팩,489730,기타 금융업,2024-11-28,코스닥,489730.KQ
디앤씨미디어,263720,"서적, 잡지 및 기타 인쇄물 출판업",2017-08-01,코스닥,263720.KQ
디와이씨,310870,자동차 신품 부품 제조업,2018-12-20,코스닥,310870.KQ
레드캡투어,038390,여행사 및 기타 여행보조 서비스업,2000-02-01,코스닥,038390.KQ
레뷰코퍼레이션,443250,광고업,2023-10-06,코스닥,443250.KQ
루닛,328130,소프트웨어 개발 및 공급업,2022-07-21,코스닥,328130.KQ
루멘스,038060,반도체 제조업,2006-08-08,코스닥,038060.KQ
루미르,474170,"항공기,우주선 및 부품 제조업",2024-10-21,코스닥,474170.KQ
리노공업,058470,전자부품 제조업,2001-12-18,코스닥,058470.KQ
리드코프,012700,기타 전문 도매업,1996-01-19,코스닥,012700.KQ
리파인,377450,기타 정보 서비스업,2021-10-29,코스닥,377450.KQ
린드먼아시아,277070,신탁업 및 집합투자업,2018-03-14,코스닥,277070.KQ
마녀공장,439090,기타 화학제품 제조업,2023-06-08,코스닥,439090.KQ
마니커에프앤지,195500,"도축, 육류 가공 및 저장 처리업",2019-08-20,코스닥,195500.KQ
마크로젠,038290,"그외 기타 전문, 과학 및 기술 서비스업",2000-02-22,코스닥,038290.KQ
멀티캠퍼스,067280,기타 교육기관,2006-11-16,코스닥,067280.KQ
메가스터디교육,215200,일반 교습 학원,2015-05-04,코스닥,215200.KQ
메디포스트,078160,기초 의약물질 제조업,2005-07-29,코스닥,078160.KQ
메지온,140410,자연과학 및 공학 연구개발업,2012-01-20,코스닥,140410.KQ
모델솔루션,417970,특수 목적용 기계 제조업,2022-10-07,코스닥,417970.KQ
모비릭스,348030,소프트웨어 개발 및 공급업,2021-01-28,코스닥,348030.KQ
모코엠시스,333050,소프트웨어 개발 및 공급업,2019-10-31,코스닥,333050.KQ
미래에셋벤처투자,100790,기타 금융업,2019-03-15,코스닥,100790.KQ
미투온,201490,소프트웨어 개발 및 공급업,2016-10-10,코스닥,201490.KQ
민테크,452200,"측정, 시험, 항해, 제어 및 기타 정밀기기 제조업; 광학기기 제외",2024-05-03,코스닥,452200.KQ
바이넥스,053030,의약품 제조업,2001-08-07,코스닥,053030.KQ
바이오스마트,038460,전자부품 제조업,2000-06-22,코스닥,038460.KQ
범한퓨얼셀,382900,"전동기, 발전기 및 전기 변환 · 공급 · 제어 장치 제조업",2022-06-17,코스닥,382900.KQ
브이엠,089970,특수 목적용 기계 제조업,2018-08-23,코스닥,089970.KQ
비비씨,318410,기타 화학제품 제조업,2020-09-21,코스닥,318410.KQ
비씨월드제약,200780,의약품 제조업,2014-12-15,코스닥,200780.KQ
비엘팜텍,065170,음·식료품 및 담배 도매업,2002-11-19,코스닥,065170.KQ
비츠로테크,042370,기타 금융업,2000-08-03,코스닥,042370.KQ
사이냅소프트,466410,소프트웨어 개발 및 공급업,2024-11-19,코스닥,466410.KQ
삼목에스폼,018310,"구조용 금속제품, 탱크 및 증기발생기 제조업",1996-05-03,코스닥,018310.KQ
상신전자,263810,전자부품 제조업,2017-10-16,코스닥,263810.KQ
서한,011370,건물 건설업,1994-05-24,코스닥,011370.KQ
성우테크론,045300,전자부품 제조업,2001-12-18,코스닥,045300.KQ
세진티에스,067770,전자부품 제조업,2004-01-09,코스닥,067770.KQ
세코닉스,053450,사진장비 및 광학기기 제조업,2001-08-09,코스닥,053450.KQ
센서뷰,321370,전자부품 제조업,2023-07-19,코스닥,321370.KQ
셀리드,299660,자연과학 및 공학 연구개발업,2019-02-20,코스닥,299660.KQ
솔본,035610,회사 본부 및 경영 컨설팅 서비스업,1999-08-13,코스닥,035610.KQ
솔트웨어,328380,"컴퓨터 프로그래밍, 시스템 통합 및 관리업",2019-08-20,코스닥,328380.KQ
쇼박스,086980,"영화, 비디오물, 방송프로그램 제작 및 배급업",2006-07-07,코스닥,086980.KQ
스튜디오드래곤,253450,"영화, 비디오물, 방송프로그램 제작 및 배급업",2017-11-24,코스닥,253450.KQ
시공테크,020710,전문디자인업,1999-08-13,코스닥,020710.KQ
시큐센,232830,소프트웨어 개발 및 공급업,2023-06-29,코스닥,232830.KQ
신한제11호스팩,452980,금융 지원 서비스업,2023-10-04,코스닥,452980.KQ
심텍홀딩스,036710,회사 본부 및 경영 컨설팅 서비스업,2000-01-04,코스닥,036710.KQ
쏠리드,050890,통신 및 방송 장비 제조업,2005-07-08,코스닥,050890.KQ
씨메스,475400,특수 목적용 기계 제조업,2024-10-24,코스닥,475400.KQ
아미코젠,092040,기타 식품 제조업,2013-09-12,코스닥,092040.KQ
아시아경제,127710,"자료처리, 호스팅, 포털 및 기타 인터넷 정보매개 서비스업",2015-07-31,코스닥,127710.KQ
아이스크림에듀,289010,"서적, 잡지 및 기타 인쇄물 출판업",2019-07-11,코스닥,289010.KQ
아이에이,038880,전자부품 제조업,2000-04-27,코스닥,038880.KQ
아이윈플러스,123010,전자부품 제조업,2016-07-20,코스닥,123010.KQ
아이지넷,462980,기타 정보 서비스업,2025-02-04,코스닥,462980.KQ
아이텍,119830,"그외 기타 전문, 과학 및 기술 서비스업",2010-10-26,코스닥,119830.KQ
아이티엠반도체,084850,전자부품 제조업,2019-11-07,코스닥,084850.KQ
아주IB투자,027360,기타 금융업,2018-11-21,코스닥,027360.KQ
아즈텍WB,032080,"섬유제품 염색, 정리 및 마무리 가공업",2000-10-26,코스닥,032080.KQ
아진엑스텍,059120,반도체 제조업,2014-07-24,코스닥,059120.KQ
안트로젠,065660,기타 전문 도매업,2016-02-15,코스닥,065660.KQ
에스디생명공학,217480,기타 화학제품 제조업,2017-03-02,코스닥,217480.KQ
에스씨디,042110,가정용 기기 제조업,2000-07-13,코스닥,042110.KQ
에스에이엠티,031330,기계장비 및 관련 물품 도매업,2000-05-23,코스닥,031330.KQ
에스엘에스바이오,246250,"그외 기타 전문, 과학 및 기술 서비스업",2023-10-20,코스닥,246250.KQ
에스엠,041510,오디오물 출판 및 원판 녹음업,2000-04-27,코스닥,041510.KQ
에스와이스틸텍,365330,"구조용 금속제품, 탱크 및 증기발생기 제조업",2023-11-13,코스닥,365330.KQ
에스유앤피,019590,신탁업 및 집합투자업,1989-03-14,코스닥,019590.KQ
에스트래픽,234300,"컴퓨터 프로그래밍, 시스템 통합 및 관리업",2017-12-05,코스닥,234300.KQ
에스티아이,039440,특수 목적용 기계 제조업,2002-02-28,코스닥,039440.KQ
에이비온,203400,자연과학 및 공학 연구개발업,2021-09-08,코스닥,203400.KQ
에이스토리,241840,"영화, 비디오물, 방송프로그램 제작 및 배급업",2019-07-19,코스닥,241840.KQ
에코볼트,097780,자동차 신품 부품 제조업,2008-01-23,코스닥,097780.KQ
에코프로비엠,247540,일차전지 및 이차전지 제조업,2019-03-05,코스닥,247540.KQ
에코프로에이치엔,383310,기타 화학제품 제조업,2021-05-28,코스닥,383310.KQ
엑사이엔씨,054940,실내건축 및 건축마무리 공사업,2001-12-13,코스닥,054940.KQ
엑스플러스,373200,그외 기타 제품 제조업,2021-02-26,코스닥,373200.KQ
엔에이치스팩30호,466910,금융 지원 서비스업,2023-12-01,코스닥,466910.KQ
엔에프씨,265740,기타 화학제품 제조업,2020-12-02,코스닥,265740.KQ
엔젤로보틱스,455900,특수 목적용 기계 제조업,2024-03-26,코스닥,455900.KQ
엔피,291230,기타 사업지원 서비스업,2018-09-13,코스닥,291230.KQ
엔피케이,048830,합성고무 및 플라스틱 물질 제조업,2000-10-12,코스닥,048830.KQ
엘디티,096870,반도체 제조업,2008-05-02,코스닥,096870.KQ
엘앤케이바이오,156100,의료용 기기 제조업,2016-11-30,코스닥,156100.KQ
엠오티,413390,특수 목적용 기계 제조업,2024-11-18,코스닥,413390.KQ
엠젠솔루션,032790,기계장비 및 관련 물품 도매업,1997-06-26,코스닥,032790.KQ
엠투아이,347890,"측정, 시험, 항해, 제어 및 기타 정밀기기 제조업; 광학기기 제외",2020-07-29,코스닥,347890.KQ
영림원소프트랩,060850,소프트웨어 개발 및 공급업,2020-08-12,코스닥,060850.KQ
예선테크,250930,플라스틱제품 제조업,2016-09-29,코스닥,250930.KQ
오디텍,080520,반도체 제조업,2007-10-08,코스닥,080520.KQ
오스템,031510,자동차 신품 부품 제조업,1997-02-12,코스닥,031510.KQ
오이솔루션,138080,통신 및 방송 장비 제조업,2014-02-27,코스닥,138080.KQ
와이즈넛,096250,소프트웨어 개발 및 공급업,2025-01-24,코스닥,096250.KQ
와이지-원,019210,기타 금속 가공제품 제조업,1997-08-06,코스닥,019210.KQ
우리기술,032820,"전동기, 발전기 및 전기 변환 · 공급 · 제어 장치 제조업",2000-06-22,코스닥,032820.KQ
우리엔터프라이즈,037400,상품 종합 도매업,1999-12-16,코스닥,037400.KQ
우주일렉트로,065680,전자부품 제조업,2004-01-02,코스닥,065680.KQ
원바이오젠,307280,의료용품 및 기타 의약 관련제품 제조업,2018-12-05,코스닥,307280.KQ
원익홀딩스,030530,기초 화학물질 제조업,1996-09-24,코스닥,030530.KQ
원풍,008370,플라스틱제품 제조업,1992-12-18,코스닥,008370.KQ
웰크론,065950,직물직조 및 직물제품 제조업,2003-07-29,코스닥,065950.KQ
웹스,196700,합성고무 및 플라스틱 물질 제조업,2015-08-24,코스닥,196700.KQ
위메이드맥스,101730,소프트웨어 개발 및 공급업,2009-06-03,코스닥,101730.KQ
유니슨,018000,일반 목적용 기계 제조업,1996-01-10,코스닥,018000.KQ
유안타제11호스팩,444920,금융 지원 서비스업,2023-09-01,코스닥,444920.KQ
유일에너테크,340930,특수 목적용 기계 제조업,2021-02-25,코스닥,340930.KQ
이노스페이스,462350,"항공기,우주선 및 부품 제조업",2024-07-02,코스닥,462350.KQ
이노진,344860,기타 화학제품 제조업,2023-02-20,코스닥,344860.KQ
이스트에이드,239340,"자료처리, 호스팅, 포털 및 기타 인터넷 정보매개 서비스업",2016-06-09,코스닥,239340.KQ
이에이트,418620,소프트웨어 개발 및 공급업,2024-02-23,코스닥,418620.KQ
이지케어텍,099750,소프트웨어 개발 및 공급업,2019-03-22,코스닥,099750.KQ
인터플렉스,051370,전자부품 제조업,2003-01-22,코스닥,051370.KQ
인포뱅크,039290,기타 정보 서비스업,2006-07-04,코스닥,039290.KQ
일진파워,094820,전기 및 통신 공사업,2007-11-06,코스닥,094820.KQ
제이브이엠,054950,일반 목적용 기계 제조업,2006-06-07,코스닥,054950.KQ
제이아이테크,417500,기타 화학제품 제조업,2022-11-04,코스닥,417500.KQ
제이엔비,452160,특수 목적용 기계 제조업,2023-11-24,코스닥,452160.KQ
제이엠아이,033050,기타 화학제품 제조업,1997-08-18,코스닥,033050.KQ
제이티,089790,특수 목적용 기계 제조업,2006-10-27,코스닥,089790.KQ
제일테크노스,038010,"구조용 금속제품, 탱크 및 증기발생기 제조업",2000-01-11,코스닥,038010.KQ
제주반도체,080220,반도체 제조업,2005-02-01,코스닥,080220.KQ
중앙첨단소재,051980,통신 및 방송 장비 제조업,2001-07-31,코스닥,051980.KQ
지니언스,263860,소프트웨어 개발 및 공급업,2017-08-02,코스닥,263860.KQ
지니틱스,303030,반도체 제조업,2018-08-30,코스닥,303030.KQ
지앤비에스 에코,382800,특수 목적용 기계 제조업,2021-10-29,코스닥,382800.KQ
지엔코,065060,봉제의복 제조업,2002-05-28,코스닥,065060.KQ
카이노스메드,284620,자연과학 및 공학 연구개발업,2018-06-08,코스닥,284620.KQ
카티스,140430,"컴퓨터 프로그래밍, 시스템 통합 및 관리업",2024-05-03,코스닥,140430.KQ
케어랩스,263700,광고업,2018-03-28,코스닥,263700.KQ
케이디켐,221980,기타 화학제품 제조업,2015-11-19,코스닥,221980.KQ
케이에스피,073010,일반 목적용 기계 제조업,2004-12-17,코스닥,073010.KQ
케이엠제약,225430,기타 화학제품 제조업,2015-10-08,코스닥,225430.KQ
코미팜,041960,의약품 제조업,2001-10-30,코스닥,041960.KQ
코아시아씨엠,196450,사진장비 및 광학기기 제조업,2014-06-02,코스닥,196450.KQ
코위버,056360,통신 및 방송 장비 제조업,2001-12-04,코스닥,056360.KQ
코퍼스코리아,322780,"영화, 비디오물, 방송프로그램 제작 및 배급업",2019-05-31,코스닥,322780.KQ
큐알티,405100,"그외 기타 전문, 과학 및 기술 서비스업",2022-11-02,코스닥,405100.KQ
크리스에프앤씨,110790,봉제의복 제조업,2018-10-01,코스닥,110790.KQ
트윔,290090,소프트웨어 개발 및 공급업,2021-11-17,코스닥,290090.KQ
특수건설,026150,토목 건설업,1997-08-06,코스닥,026150.KQ
티엔엔터테인먼트,131100,"영화, 비디오물, 방송프로그램 제작 및 배급업",2011-06-14,코스닥,131100.KQ
파인메딕스,387570,의료용 기기 제조업,2024-12-26,코스닥,387570.KQ
판타지오,032800,창작 및 예술관련 서비스업,1997-06-26,코스닥,032800.KQ
포메탈,119500,기타 금속 가공제품 제조업,2010-09-17,코스닥,119500.KQ
포커스에이아이,331380,영상 및 음향기기 제조업,2019-10-02,코스닥,331380.KQ
폴라리스우노,114630,화학섬유 제조업,2010-01-15,코스닥,114630.KQ
퓨릿,445180,기초 화학물질 제조업,2023-10-18,코스닥,445180.KQ
퓨처코어,151910,전자부품 제조업,2012-08-02,코스닥,151910.KQ
피엔티,137400,특수 목적용 기계 제조업,2012-07-06,코스닥,137400.KQ
피제이메탈,128660,1차 비철금속 제조업,2010-12-13,코스닥,128660.KQ
필옵틱스,161580,특수 목적용 기계 제조업,2017-06-01,코스닥,161580.KQ
핑거,163730,소프트웨어 개발 및 공급업,2021-01-29,코스닥,163730.KQ
한국정보인증,053300,소프트웨어 개발 및 공급업,2014-02-04,코스닥,053300.KQ
한국제13호스팩,464440,금융 지원 서비스업,2023-11-13,코스닥,464440.KQ
한국컴퓨터,054040,전자부품 제조업,2002-01-15,코스닥,054040.KQ
한국피아이엠,448900,자동차 신품 부품 제조업,2025-04-04,코스닥,448900.KQ
한글과컴퓨터,030520,소프트웨어 개발 및 공급업,1996-09-24,코스닥,030520.KQ
한솔아이원스,114810,특수 목적용 기계 제조업,2013-02-07,코스닥,114810.KQ
한스바이오메드,042520,의료용품 및 기타 의약 관련제품 제조업,2009-10-09,코스닥,042520.KQ
한일화학,007770,기초 화학물질 제조업,1992-09-07,코스닥,007770.KQ
한화플러스제5호스팩,498390,금융 지원 서비스업,2025-03-20,코스닥,498390.KQ
헥토파이낸셜,234340,기타 정보 서비스업,2019-07-12,코스닥,234340.KQ
현대공업,170030,자동차 신품 부품 제조업,2013-12-04,코스닥,170030.KQ
현대바이오랜드,052260,기타 화학제품 제조업,2001-05-17,코스닥,052260.KQ
형지I&C,011080,봉제의복 제조업,2004-07-02,코스닥,011080.KQ
휴비츠,065510,의료용 기기 제조업,2003-10-31,코스닥,065510.KQ
희림,037440,"건축기술, 엔지니어링 및 관련 기술 서비스업",2000-02-03,코스닥,037440.KQ
BF랩스,139050,"컴퓨터 프로그래밍, 시스템 통합 및 관리업",2011-07-29,코스닥,139050.KQ
BGF에코머티리얼즈,126600,합성고무 및 플라스틱 물질 제조업,2010-11-12,코스닥,126600.KQ
DSC인베스트먼트,241520,신탁업 및 집합투자업,2016-12-19,코스닥,241520.KQ
DXVX,180400,기타 과학기술 서비스업,2015-11-20,코스닥,180400.KQ
HB솔루션,297890,특수 목적용 기계 제조업,2020-06-22,코스닥,297890.KQ
IBKS제22호스팩,448760,금융 지원 서비스업,2023-04-06,코스닥,448760.KQ
KBI메탈,024840,1차 비철금속 제조업,1994-12-29,코스닥,024840.KQ
KB제28호스팩,476470,금융 지원 서비스업,2024-05-17,코스닥,476470.KQ
KB제31호스팩,492220,금융 지원 서비스업,2024-12-12,코스닥,492220.KQ
KD,044180,건물 건설업,2000-11-16,코스닥,044180.KQ
KG이니시스,035600,소프트웨어 개발 및 공급업,2002-11-22,코스닥,035600.KQ
LS머트리얼즈,417200,전자부품 제조업,2023-12-12,코스닥,417200.KQ
NHN KCP,060250,금융 지원 서비스업,2002-01-08,코스닥,060250.KQ
NICE인프라,063570,기타 사업지원 서비스업,2006-07-14,코스닥,063570.KQ
SGC E&C,016250,건물 건설업,1999-12-28,코스닥,016250.KQ
SK증권제12호스팩,473000,금융 지원 서비스업,2024-05-07,코스닥,473000.KQ
SK증권제9호스팩,455910,금융 지원 서비스업,2023-07-21,코스닥,455910.KQ
TJ미디어,032540,영상 및 음향기기 제조업,1997-04-16,코스닥,032540.KQ
경남제약,053950,의약품 제조업,2001-11-06,코스닥,053950.KQ
고려제약,014570,의약품 제조업,2000-12-07,코스닥,014570.KQ
골프존,215000,소프트웨어 개발 및 공급업,2015-04-03,코스닥,215000.KQ
광진실업,026910,1차 철강 제조업,1996-01-03,코스닥,026910.KQ
교보14호스팩,456490,금융 지원 서비스업,2023-07-06,코스닥,456490.KQ
교보16호스팩,482520,금융 지원 서비스업,2024-08-13,코스닥,482520.KQ
국순당,043650,알코올음료 제조업,2000-08-24,코스닥,043650.KQ
국일제지,078130,기타 종이 및 판지 제품 제조업,2004-10-22,코스닥,078130.KQ
글로본,019660,상품 종합 도매업,1992-06-04,코스닥,019660.KQ
꿈비,407400,가구 제조업,2023-02-09,코스닥,407400.KQ
나노,187790,기초 화학물질 제조업,2014-05-08,코스닥,187790.KQ
나노씨엠에스,247660,전자부품 제조업,2021-03-09,코스닥,247660.KQ
나래나노텍,137080,특수 목적용 기계 제조업,2022-02-08,코스닥,137080.KQ
나무기술,242040,소프트웨어 개발 및 공급업,2016-09-07,코스닥,242040.KQ
나이벡,138610,의료용품 및 기타 의약 관련제품 제조업,2011-07-13,코스닥,138610.KQ
네오위즈,095660,소프트웨어 개발 및 공급업,2007-07-02,코스닥,095660.KQ
네오크레마,311390,기타 식품 제조업,2019-08-22,코스닥,311390.KQ
넥스턴바이오,089140,특수 목적용 기계 제조업,2006-11-01,코스닥,089140.KQ
넥스트칩,396270,반도체 제조업,2022-07-01,코스닥,396270.KQ
노바렉스,194700,기타 식품 제조업,2018-11-14,코스닥,194700.KQ
뉴로메카,348340,특수 목적용 기계 제조업,2022-11-04,코스닥,348340.KQ
뉴파워프라즈마,144960,특수 목적용 기계 제조업,2016-11-30,코스닥,144960.KQ
다날,064260,소프트웨어 개발 및 공급업,2004-07-23,코스닥,064260.KQ
다우데이타,032190,기계장비 및 관련 물품 도매업,1999-12-21,코스닥,032190.KQ
대림제지,017650,기타 종이 및 판지 제품 제조업,1994-11-07,코스닥,017650.KQ
대신밸런스제16호스팩,457630,금융 지원 서비스업,2023-09-04,코스닥,457630.KQ
대신밸런스제17호스팩,471050,금융 지원 서비스업,2024-01-24,코스닥,471050.KQ
대아티아이,045390,기타 전기장비 제조업,2001-05-17,코스닥,045390.KQ
대원,007680,건물 건설업,2017-12-01,코스닥,007680.KQ
대주전자재료,078600,전자부품 제조업,2004-12-10,코스닥,078600.KQ
더테크놀로지,043090,기타 전문 도매업,2001-10-11,코스닥,043090.KQ
동양파일,228340,"시멘트, 석회, 플라스터 및 그 제품 제조업",2016-04-06,코스닥,228340.KQ
동일기연,032960,전자부품 제조업,1997-07-18,코스닥,032960.KQ
동일스틸럭스,023790,1차 철강 제조업,1994-11-07,코스닥,023790.KQ
듀오백,073190,가구 제조업,2004-02-06,코스닥,073190.KQ
디모아,016670,기타 전문 도매업,1993-04-21,코스닥,016670.KQ
디아이티,110990,특수 목적용 기계 제조업,2018-08-07,코스닥,110990.KQ
디어유,376300,소프트웨어 개발 및 공급업,2021-11-10,코스닥,376300.KQ
디에이피,066900,전자부품 제조업,2004-05-14,코스닥,066900.KQ
디엔에프,092070,기타 화학제품 제조업,2007-11-16,코스닥,092070.KQ
디이엔티,079810,기타 전기장비 제조업,2005-01-26,코스닥,079810.KQ
디지털대성,068930,일반 교습 학원,2003-10-17,코스닥,068930.KQ
디케이앤디,263020,플라스틱제품 제조업,2018-11-20,코스닥,263020.KQ
레이저옵텍,199550,의료용 기기 제조업,2024-02-01,코스닥,199550.KQ
로보로보,215100,기타 전기장비 제조업,2015-04-22,코스닥,215100.KQ
로스웰,900260,기타 금융업,2016-06-30,코스닥,900260.KQ
로지시스,067730,"컴퓨터 프로그래밍, 시스템 통합 및 관리업",2015-07-29,코스닥,067730.KQ
리튬포어스,073570,그외 기타 제품 제조업,2004-01-06,코스닥,073570.KQ
링크제니시스,219420,소프트웨어 개발 및 공급업,2018-02-05,코스닥,219420.KQ
매일유업,267980,동·식물성 유지 및 낙농제품 제조업,2017-06-05,코스닥,267980.KQ
메가스터디,072870,"서적, 잡지 및 기타 인쇄물 출판업",2004-12-21,코스닥,072870.KQ
메가엠디,133750,일반 교습 학원,2015-12-18,코스닥,133750.KQ
메쎄이상,408920,기타 사업지원 서비스업,2022-03-07,코스닥,408920.KQ
모비스,250060,"컴퓨터 프로그래밍, 시스템 통합 및 관리업",2016-09-08,코스닥,250060.KQ
모아라이프플러스,142760,자연과학 및 공학 연구개발업,2016-07-07,코스닥,142760.KQ
모트렉스,118990,자동차 신품 부품 제조업,2017-08-04,코스닥,118990.KQ
모티브링크,463480,전자부품 제조업,2025-02-20,코스닥,463480.KQ
무림SP,001810,"펄프, 종이 및 판지 제조업",2000-01-04,코스닥,001810.KQ
미디어젠,279600,소프트웨어 개발 및 공급업,2019-11-05,코스닥,279600.KQ
미래생명자원,218150,동물용 사료 및 조제식품 제조업,2015-06-18,코스닥,218150.KQ
미래에셋비전스팩2호,446190,금융 지원 서비스업,2023-02-24,코스닥,446190.KQ
미래에셋비전스팩3호,448830,금융 지원 서비스업,2023-04-07,코스닥,448830.KQ
미래에셋비전스팩4호,477380,금융 지원 서비스업,2024-05-29,코스닥,477380.KQ
박셀바이오,323990,자연과학 및 공학 연구개발업,2020-09-22,코스닥,323990.KQ
버킷스튜디오,066410,전기 통신업,2003-12-19,코스닥,066410.KQ
보광산업,225530,기타 비금속 광물제품 제조업,2015-12-17,코스닥,225530.KQ
보라티알,250000,음·식료품 및 담배 도매업,2017-06-08,코스닥,250000.KQ
비투엔,307870,소프트웨어 개발 및 공급업,2018-12-12,코스닥,307870.KQ
비트컴퓨터,032850,소프트웨어 개발 및 공급업,1997-07-04,코스닥,032850.KQ
삐아,451250,기타 화학제품 제조업,2024-04-25,코스닥,451250.KQ
삼륭물산,014970,"골판지, 종이 상자 및 종이용기 제조업",1992-12-29,코스닥,014970.KQ
삼성스팩9호,468510,금융 지원 서비스업,2023-12-04,코스닥,468510.KQ
삼영엠텍,054540,"구조용 금속제품, 탱크 및 증기발생기 제조업",2001-11-15,코스닥,054540.KQ
삼일기업공사,002290,건물 건설업,1992-11-30,코스닥,002290.KQ
삼지전자,037460,통신 및 방송 장비 제조업,1999-12-16,코스닥,037460.KQ
삼화네트웍스,046390,"영화, 비디오물, 방송프로그램 제작 및 배급업",2001-01-11,코스닥,046390.KQ
상보,027580,플라스틱제품 제조업,2007-10-01,코스닥,027580.KQ
서울옥션,063170,상품 중개업,2008-07-01,코스닥,063170.KQ
서호전기,065710,"전동기, 발전기 및 전기 변환 · 공급 · 제어 장치 제조업",2002-07-16,코스닥,065710.KQ
선샤인푸드,217620,음식점업,2015-06-10,코스닥,217620.KQ
세니젠,188260,그외 기타 제품 제조업,2023-11-03,코스닥,188260.KQ
셀트리온제약,068760,의약품 제조업,2006-02-03,코스닥,068760.KQ
셀피글로벌,068940,전자부품 제조업,2010-10-19,코스닥,068940.KQ
손오공,066910,기타 전문 도매업,2005-01-07,코스닥,066910.KQ
솔브레인,357780,기타 화학제품 제조업,2020-08-06,코스닥,357780.KQ
슈프리마에이치큐,094840,통신 및 방송 장비 제조업,2008-07-11,코스닥,094840.KQ
신영스팩10호,472220,금융 지원 서비스업,2024-02-06,코스닥,472220.KQ
쎄크,081180,일반 목적용 기계 제조업,2025-04-28,코스닥,081180.KQ
쓰리에이로직스,177900,반도체 제조업,2024-12-24,코스닥,177900.KQ
씨아이에스,222080,특수 목적용 기계 제조업,2015-09-02,코스닥,222080.KQ
씨엑스아이,900120,기타 금융업,2010-03-31,코스닥,900120.KQ
씨티씨바이오,060590,의약품 제조업,2002-02-21,코스닥,060590.KQ
아모그린텍,125210,전자부품 제조업,2019-03-29,코스닥,125210.KQ
아스플로,159010,일반 목적용 기계 제조업,2021-10-07,코스닥,159010.KQ
아이엠티,451220,특수 목적용 기계 제조업,2023-10-10,코스닥,451220.KQ
아이컴포넌트,059100,전자부품 제조업,2008-12-16,코스닥,059100.KQ
아이크래프트,052460,"컴퓨터 프로그래밍, 시스템 통합 및 관리업",2005-01-03,코스닥,052460.KQ
아이티센글로벌,124500,"컴퓨터 프로그래밍, 시스템 통합 및 관리업",2014-12-23,코스닥,124500.KQ
아티스트컴퍼니,321820,소프트웨어 개발 및 공급업,2021-02-03,코스닥,321820.KQ
알체라,347860,소프트웨어 개발 및 공급업,2020-12-21,코스닥,347860.KQ
알테오젠,196170,자연과학 및 공학 연구개발업,2014-12-12,코스닥,196170.KQ
압타머사이언스,291650,자연과학 및 공학 연구개발업,2020-09-16,코스닥,291650.KQ
얼라인드,238120,사진장비 및 광학기기 제조업,2016-11-03,코스닥,238120.KQ
에브리봇,270660,가정용 기기 제조업,2021-07-28,코스닥,270660.KQ
에스비비테크,389500,일반 목적용 기계 제조업,2022-10-17,코스닥,389500.KQ
에스에프에이,056190,특수 목적용 기계 제조업,2001-12-18,코스닥,056190.KQ
에스티팜,237690,의약품 제조업,2016-06-23,코스닥,237690.KQ
에스피소프트,443670,상품 중개업,2024-02-15,코스닥,443670.KQ
에이아이코리아,364950,특수 목적용 기계 제조업,2025-04-29,코스닥,364950.KQ
에이치엠씨제6호스팩,462020,금융 지원 서비스업,2023-10-13,코스닥,462020.KQ
에이팩트,200470,반도체 제조업,2014-12-26,코스닥,200470.KQ
에코앤드림,101360,기타 화학제품 제조업,2020-07-30,코스닥,101360.KQ
에코플라스틱,038110,자동차 신품 부품 제조업,2000-03-23,코스닥,038110.KQ
에프알텍,073540,통신 및 방송 장비 제조업,2007-05-18,코스닥,073540.KQ
엔브이에이치코리아,067570,자동차 신품 부품 제조업,2013-12-03,코스닥,067570.KQ
엔에스이엔엠,078860,"영화, 비디오물, 방송프로그램 제작 및 배급업",2006-06-27,코스닥,078860.KQ
엘엠에스,073110,전자부품 제조업,2007-10-12,코스닥,073110.KQ
엠에프씨,432980,기초 의약물질 제조업,2024-12-26,코스닥,432980.KQ
엠플러스,259630,특수 목적용 기계 제조업,2017-09-20,코스닥,259630.KQ
예스티,122640,특수 목적용 기계 제조업,2015-12-16,코스닥,122640.KQ
오로라,039830,전문디자인업,2001-01-03,코스닥,039830.KQ
오름테라퓨틱,475830,기초 의약물질 제조업,2025-02-14,코스닥,475830.KQ
오브젠,417860,소프트웨어 개발 및 공급업,2023-01-30,코스닥,417860.KQ
오상자이엘,053980,소프트웨어 개발 및 공급업,2002-04-09,코스닥,053980.KQ
오킨스전자,080580,전자부품 제조업,2014-12-24,코스닥,080580.KQ
올리패스,244460,기초 의약물질 제조업,2019-09-20,코스닥,244460.KQ
옴니시스템,057540,"측정, 시험, 항해, 제어 및 기타 정밀기기 제조업; 광학기기 제외",2007-09-19,코스닥,057540.KQ
옵티팜,153710,의료용품 및 기타 의약 관련제품 제조업,2018-10-26,코스닥,153710.KQ
와이엠티,251370,기초 화학물질 제조업,2017-04-27,코스닥,251370.KQ
원익큐브,014190,기타 전문 도매업,1996-04-26,코스닥,014190.KQ
원익피앤이,217820,특수 목적용 기계 제조업,2015-12-07,코스닥,217820.KQ
웰크론한텍,076080,건물 건설업,2008-07-18,코스닥,076080.KQ
위메이드플레이,123420,소프트웨어 개발 및 공급업,2010-11-10,코스닥,123420.KQ
위지트,036090,특수 목적용 기계 제조업,1999-12-10,코스닥,036090.KQ
윈팩,097800,반도체 제조업,2013-03-07,코스닥,097800.KQ
유비온,084440,소프트웨어 개발 및 공급업,2022-11-18,코스닥,084440.KQ
유비쿼스홀딩스,078070,기타 금융업,2009-01-23,코스닥,078070.KQ
유신,054930,"건축기술, 엔지니어링 및 관련 기술 서비스업",2002-01-15,코스닥,054930.KQ
유진스팩9호,442130,금융 지원 서비스업,2022-12-01,코스닥,442130.KQ
이노뎁,303530,소프트웨어 개발 및 공급업,2021-06-18,코스닥,303530.KQ
이녹스,088390,그외 기타 운송장비 제조업,2006-10-20,코스닥,088390.KQ
이오플로우,294090,의료용 기기 제조업,2020-09-14,코스닥,294090.KQ
이원컴포텍,088290,자동차 신품 부품 제조업,2009-12-01,코스닥,088290.KQ
인베니아,079950,특수 목적용 기계 제조업,2005-02-04,코스닥,079950.KQ
인지디스플레,037330,전자부품 제조업,1999-12-14,코스닥,037330.KQ
인카금융서비스,211050,보험 및 연금관련 서비스업,2022-02-16,코스닥,211050.KQ
인터로조,119610,의료용 기기 제조업,2010-07-28,코스닥,119610.KQ
일지테크,019540,자동차 신품 부품 제조업,1992-11-03,코스닥,019540.KQ
자이언트스텝,289220,"영화, 비디오물, 방송프로그램 제작 및 배급업",2021-03-24,코스닥,289220.KQ
저스템,417840,특수 목적용 기계 제조업,2022-10-28,코스닥,417840.KQ
제넨바이오,072520,자연과학 및 공학 연구개발업,2004-10-29,코스닥,072520.KQ
제이엠티,094970,전자부품 제조업,2007-10-12,코스닥,094970.KQ
제이투케이바이오,420570,기타 화학제품 제조업,2024-03-25,코스닥,420570.KQ
조아제약,034940,의약품 제조업,1999-08-13,코스닥,034940.KQ
지아이이노베이션,358570,자연과학 및 공학 연구개발업,2023-03-30,코스닥,358570.KQ
지엔씨에너지,119850,"전동기, 발전기 및 전기 변환 · 공급 · 제어 장치 제조업",2013-10-02,코스닥,119850.KQ
진매트릭스,109820,자연과학 및 공학 연구개발업,2009-11-06,코스닥,109820.KQ
천보,278280,기초 화학물질 제조업,2019-02-11,코스닥,278280.KQ
카카오게임즈,293490,소프트웨어 개발 및 공급업,2020-09-10,코스닥,293490.KQ
캐스텍코리아,071850,자동차 신품 부품 제조업,2014-05-27,코스닥,071850.KQ
컬러레이,900310,기타 금융업,2017-08-10,코스닥,900310.KQ
케이씨티,089150,"컴퓨터 프로그래밍, 시스템 통합 및 관리업",2006-12-13,코스닥,089150.KQ
케이씨피드,025880,동물용 사료 및 조제식품 제조업,1995-07-07,코스닥,025880.KQ
케이아이엔엑스,093320,"자료처리, 호스팅, 포털 및 기타 인터넷 정보매개 서비스업",2011-02-08,코스닥,093320.KQ
케이알엠,093640,반도체 제조업,2007-10-19,코스닥,093640.KQ
케이엠,083550,기타 섬유제품 제조업,2005-12-20,코스닥,083550.KQ
케이엠더블유,032500,통신 및 방송 장비 제조업,2000-03-21,코스닥,032500.KQ
케이웨더,068100,일반 목적용 기계 제조업,2024-02-22,코스닥,068100.KQ
케이티알파,036030,상품 중개업,1999-12-24,코스닥,036030.KQ
코셈,360350,"측정, 시험, 항해, 제어 및 기타 정밀기기 제조업; 광학기기 제외",2024-02-23,코스닥,360350.KQ
코스나인,082660,기타 화학제품 제조업,2005-10-05,코스닥,082660.KQ
크레버스,096240,일반 교습 학원,2008-06-27,코스닥,096240.KQ
태성,323280,특수 목적용 기계 제조업,2019-06-24,코스닥,323280.KQ
테스,095610,특수 목적용 기계 제조업,2008-05-20,코스닥,095610.KQ
텔콘RF제약,200230,의약품 제조업,2014-11-24,코스닥,200230.KQ
티앤엘,340570,의료용품 및 기타 의약 관련제품 제조업,2020-11-20,코스닥,340570.KQ
티엘비,356860,전자부품 제조업,2020-12-14,코스닥,356860.KQ
티피씨글로벌,130740,자동차 신품 부품 제조업,2011-02-08,코스닥,130740.KQ
파인엠텍,441270,전자부품 제조업,2022-10-07,코스닥,441270.KQ
파크시스템스,140860,"측정, 시험, 항해, 제어 및 기타 정밀기기 제조업; 광학기기 제외",2015-12-17,코스닥,140860.KQ
펌텍코리아,251970,플라스틱제품 제조업,2019-07-04,코스닥,251970.KQ
펨트론,168360,특수 목적용 기계 제조업,2022-11-24,코스닥,168360.KQ
펩트론,087010,기초 의약물질 제조업,2015-07-22,코스닥,087010.KQ
폰드그룹,472850,"섬유, 의복, 신발 및 가죽제품 소매업",2024-02-02,코스닥,472850.KQ
폴라리스AI파마,041910,의약품 제조업,2004-02-06,코스닥,041910.KQ
프로티아,303360,의료용 기기 제조업,2023-06-16,코스닥,303360.KQ
플레이위드,023770,소프트웨어 개발 및 공급업,1994-11-07,코스닥,023770.KQ
피델릭스,032580,반도체 제조업,1997-04-22,코스닥,032580.KQ
하나30호스팩,469880,금융 지원 서비스업,2023-12-22,코스닥,469880.KQ
하나머티리얼즈,166090,반도체 제조업,2017-04-28,코스닥,166090.KQ
하림,136480,"도축, 육류 가공 및 저장 처리업",2011-05-02,코스닥,136480.KQ
하림지주,003380,기타 금융업,2017-06-30,코스닥,003380.KQ
하이퍼코퍼레이션,065650,기계장비 및 관련 물품 도매업,2003-01-21,코스닥,065650.KQ
한국기업평가,034950,기타 사업지원 서비스업,2002-02-07,코스닥,034950.KQ
한국정보공학,039740,기타 전문 도매업,2000-07-06,코스닥,039740.KQ
한국정보통신,025770,전기 통신업,1998-01-20,코스닥,025770.KQ
한국첨단소재,062970,통신 및 방송 장비 제조업,2019-12-26,코스닥,062970.KQ
한국캐피탈,023760,기타 금융업,1994-11-07,코스닥,023760.KQ
한국큐빅,021650,플라스틱제품 제조업,2003-01-24,코스닥,021650.KQ
한라IMS,092460,선박 및 보트 건조업,2007-05-22,코스닥,092460.KQ
한송네오텍,226440,특수 목적용 기계 제조업,2015-10-06,코스닥,226440.KQ
한울앤제주,276730,알코올음료 제조업,2021-05-26,코스닥,276730.KQ
한일단조,024740,자동차 신품 부품 제조업,1996-11-29,코스닥,024740.KQ
한화플러스제4호스팩,455310,금융 지원 서비스업,2023-09-07,코스닥,455310.KQ
헬릭스미스,084990,자연과학 및 공학 연구개발업,2005-12-29,코스닥,084990.KQ
현대무벡스,319400,일반 목적용 기계 제조업,2019-05-08,코스닥,319400.KQ
현대바이오,048410,기타 화학제품 제조업,2002-08-08,코스닥,048410.KQ
형지글로벌,308100,"섬유, 의복, 신발 및 가죽제품 소매업",2019-06-10,코스닥,308100.KQ
휴맥스홀딩스,028080,"컴퓨터 프로그래밍, 시스템 통합 및 관리업",1997-04-16,코스닥,028080.KQ
흥국에프엔비,189980,비알코올음료 및 얼음 제조업,2015-08-07,코스닥,189980.KQ
