날짜,종가,전일비,시가,고가,저가,거래량,회사명,종목코드
2020-03-13,136000.0,"하락  6,000",130000.0,140000.0,130000.0,57520.0,BGF리테일,282330
2020-03-16,134000.0,"하락  2,000",136500.0,140000.0,130500.0,42183.0,BGF리테일,282330
2020-03-17,129000.0,"하락  5,000",124500.0,132000.0,124500.0,68369.0,BGF리테일,282330
2020-03-18,120000.0,"하락  9,000",127000.0,129000.0,120000.0,48304.0,BGF리테일,282330
2020-03-19,109000.0,"하락  11,000",121500.0,122500.0,105500.0,55754.0,BGF리테일,282330
2020-03-20,121500.0,"상승  12,500",110500.0,121500.0,110500.0,45758.0,BGF리테일,282330
2020-03-23,116000.0,"하락  5,500",112000.0,120000.0,111000.0,37483.0,BGF리테일,282330
2020-03-24,122000.0,"상승  6,000",112500.0,124000.0,112500.0,59289.0,BGF리테일,282330
2020-03-25,122500.0,상승  500,124500.0,125500.0,120000.0,60237.0,BGF리테일,282330
2020-03-26,121000.0,"하락  1,500",121500.0,123000.0,120000.0,72665.0,BGF리테일,282330
2020-03-27,118500.0,"하락  2,500",124000.0,126500.0,116000.0,51419.0,BGF리테일,282330
2020-03-30,121000.0,"상승  2,500",116500.0,121500.0,113500.0,51915.0,BGF리테일,282330
2020-03-31,132000.0,"상승  11,000",123000.0,134500.0,123000.0,96353.0,BGF리테일,282330
2020-04-01,127500.0,"하락  4,500",130500.0,136500.0,126000.0,62937.0,BGF리테일,282330
2020-04-02,129500.0,"상승  2,000",126000.0,133000.0,124500.0,33941.0,BGF리테일,282330
2020-04-03,130500.0,"상승  1,000",128500.0,132000.0,128000.0,27354.0,BGF리테일,282330
2020-04-06,145000.0,"상승  14,500",132000.0,145000.0,131000.0,45854.0,BGF리테일,282330
2020-04-07,148500.0,"상승  3,500",145500.0,152000.0,144000.0,52406.0,BGF리테일,282330
2020-04-08,148000.0,하락  500,145000.0,153500.0,144000.0,37529.0,BGF리테일,282330
2020-04-09,149000.0,"상승  1,000",147500.0,153000.0,145500.0,39796.0,BGF리테일,282330
2020-04-10,148000.0,"하락  1,000",147000.0,148000.0,145000.0,27777.0,BGF리테일,282330
2020-04-13,139000.0,"하락  9,000",145500.0,148000.0,139000.0,32134.0,BGF리테일,282330
2020-04-14,146500.0,"상승  7,500",139000.0,146500.0,138500.0,33157.0,BGF리테일,282330
2020-04-16,147000.0,상승  500,143000.0,148000.0,142500.0,57266.0,BGF리테일,282330
2020-04-17,151000.0,"상승  4,000",145500.0,153500.0,145500.0,39577.0,BGF리테일,282330
2020-04-20,145500.0,"하락  5,500",148000.0,154000.0,145500.0,39377.0,BGF리테일,282330
2020-04-21,143000.0,"하락  2,500",146500.0,148500.0,139500.0,49019.0,BGF리테일,282330
2020-04-22,146500.0,"상승  3,500",144000.0,146500.0,140500.0,30210.0,BGF리테일,282330
2020-04-23,151500.0,"상승  5,000",146000.0,153000.0,145500.0,37537.0,BGF리테일,282330
2020-04-24,148500.0,"하락  3,000",149000.0,151000.0,148000.0,54169.0,BGF리테일,282330
2020-04-27,158500.0,"상승  10,000",155500.0,168500.0,154500.0,137872.0,BGF리테일,282330
2020-04-28,159000.0,상승  500,159500.0,162000.0,153000.0,50434.0,BGF리테일,282330
2020-04-29,158000.0,"하락  1,000",160000.0,163000.0,157500.0,21517.0,BGF리테일,282330
2020-05-04,153500.0,"하락  4,500",157500.0,158500.0,151000.0,55079.0,BGF리테일,282330
2020-05-06,159500.0,"상승  6,000",156500.0,161000.0,155000.0,71067.0,BGF리테일,282330
2020-05-07,160500.0,"상승  1,000",160000.0,161000.0,156500.0,41199.0,BGF리테일,282330
2020-05-08,150500.0,"하락  10,000",150500.0,152500.0,147500.0,162984.0,BGF리테일,282330
2020-05-11,150000.0,하락  500,151500.0,154000.0,150000.0,46462.0,BGF리테일,282330
2020-05-12,149000.0,"하락  1,000",151500.0,151500.0,148000.0,46939.0,BGF리테일,282330
2020-05-13,151500.0,"상승  2,500",147000.0,153500.0,146000.0,60799.0,BGF리테일,282330
2020-05-14,156000.0,"상승  4,500",152500.0,161000.0,151500.0,90118.0,BGF리테일,282330
2020-05-15,158000.0,"상승  2,000",157500.0,160500.0,155000.0,61413.0,BGF리테일,282330
2020-05-18,158500.0,상승  500,160500.0,160500.0,156000.0,23811.0,BGF리테일,282330
2020-05-19,161000.0,"상승  2,500",159500.0,162500.0,159000.0,55805.0,BGF리테일,282330
2020-05-20,157500.0,"하락  3,500",160500.0,161000.0,156000.0,47527.0,BGF리테일,282330
2020-05-21,158500.0,"상승  1,000",157000.0,159000.0,155000.0,32127.0,BGF리테일,282330
2020-05-22,155500.0,"하락  3,000",158500.0,159000.0,154500.0,33934.0,BGF리테일,282330
2020-05-25,157000.0,"상승  1,500",157000.0,158500.0,154000.0,30339.0,BGF리테일,282330
2020-05-26,156500.0,하락  500,158000.0,159000.0,156000.0,31565.0,BGF리테일,282330
2020-05-27,157000.0,상승  500,156000.0,158000.0,156000.0,37664.0,BGF리테일,282330
2020-05-28,155500.0,"하락  1,500",156000.0,157000.0,155000.0,31933.0,BGF리테일,282330
2020-05-29,167000.0,"상승  11,500",155000.0,167000.0,154000.0,74107.0,BGF리테일,282330
2020-06-01,162000.0,"하락  5,000",162000.0,164000.0,160500.0,41530.0,BGF리테일,282330
2020-06-02,159500.0,"하락  2,500",160000.0,162000.0,158500.0,33445.0,BGF리테일,282330
2020-06-03,157500.0,"하락  2,000",159500.0,161500.0,157500.0,51577.0,BGF리테일,282330
2020-06-04,154500.0,"하락  3,000",157500.0,159000.0,154000.0,58191.0,BGF리테일,282330
2020-06-05,154500.0,보합0,155000.0,156500.0,154000.0,36080.0,BGF리테일,282330
2020-06-08,151500.0,"하락  3,000",156500.0,156500.0,150500.0,56457.0,BGF리테일,282330
2020-06-09,151000.0,하락  500,151500.0,154000.0,150500.0,37566.0,BGF리테일,282330
2020-06-10,150000.0,"하락  1,000",151000.0,152500.0,150000.0,25250.0,BGF리테일,282330
2020-06-11,149500.0,하락  500,151000.0,151500.0,147000.0,44795.0,BGF리테일,282330
2020-06-12,143500.0,"하락  6,000",147000.0,147000.0,143000.0,53698.0,BGF리테일,282330
2020-06-15,136500.0,"하락  7,000",141500.0,144000.0,136500.0,48751.0,BGF리테일,282330
2020-06-16,141500.0,"상승  5,000",137500.0,143500.0,137500.0,34890.0,BGF리테일,282330
2020-06-17,141000.0,하락  500,140000.0,143500.0,137500.0,51106.0,BGF리테일,282330
2020-06-18,139500.0,"하락  1,500",140000.0,141500.0,138500.0,41990.0,BGF리테일,282330
2020-06-19,140000.0,상승  500,140000.0,140500.0,136500.0,48136.0,BGF리테일,282330
2020-06-22,138000.0,"하락  2,000",138000.0,140500.0,137500.0,23348.0,BGF리테일,282330
2020-06-23,137000.0,"하락  1,000",139000.0,139500.0,136000.0,29986.0,BGF리테일,282330
2020-06-24,137000.0,보합0,137000.0,138000.0,135500.0,34685.0,BGF리테일,282330
2020-06-25,135000.0,"하락  2,000",135500.0,137000.0,134000.0,39425.0,BGF리테일,282330
2020-06-26,136000.0,"상승  1,000",135500.0,137000.0,134500.0,27734.0,BGF리테일,282330
2020-06-29,137500.0,"상승  1,500",135500.0,138000.0,135000.0,28942.0,BGF리테일,282330
2020-06-30,139000.0,"상승  1,500",137500.0,139500.0,136000.0,28961.0,BGF리테일,282330
2020-07-01,138500.0,하락  500,139000.0,140000.0,136500.0,28473.0,BGF리테일,282330
2020-07-02,138000.0,하락  500,138500.0,140000.0,136500.0,38622.0,BGF리테일,282330
2020-07-03,142500.0,"상승  4,500",137500.0,143000.0,137500.0,37091.0,BGF리테일,282330
2020-07-06,142500.0,보합0,142500.0,144000.0,140500.0,37444.0,BGF리테일,282330
2020-07-07,141000.0,"하락  1,500",144000.0,146500.0,140500.0,56617.0,BGF리테일,282330
2020-07-08,137500.0,"하락  3,500",140000.0,141500.0,137000.0,57429.0,BGF리테일,282330
2020-07-09,135500.0,"하락  2,000",136500.0,137500.0,135500.0,53529.0,BGF리테일,282330
2020-07-10,129500.0,"하락  6,000",135500.0,135500.0,129500.0,54173.0,BGF리테일,282330
2020-07-13,128500.0,"하락  1,000",130500.0,130500.0,127500.0,36879.0,BGF리테일,282330
2020-07-14,126500.0,"하락  2,000",128500.0,130500.0,125000.0,50636.0,BGF리테일,282330
2020-07-15,129000.0,"상승  2,500",127000.0,129500.0,126500.0,46649.0,BGF리테일,282330
2020-07-16,128000.0,"하락  1,000",129000.0,130000.0,128000.0,27909.0,BGF리테일,282330
2020-07-17,129000.0,"상승  1,000",128500.0,130000.0,128000.0,18816.0,BGF리테일,282330
2020-07-20,127500.0,"하락  1,500",129500.0,129500.0,127000.0,23986.0,BGF리테일,282330
2020-07-21,127000.0,하락  500,127500.0,129000.0,126500.0,22255.0,BGF리테일,282330
2020-07-22,128500.0,"상승  1,500",128500.0,129000.0,127000.0,24425.0,BGF리테일,282330
2020-07-23,127000.0,"하락  1,500",128000.0,128500.0,126000.0,23115.0,BGF리테일,282330
2020-07-24,128000.0,"상승  1,000",126000.0,128000.0,125000.0,21275.0,BGF리테일,282330
2020-07-27,127000.0,"하락  1,000",128000.0,129500.0,127000.0,17070.0,BGF리테일,282330
2020-07-28,126000.0,"하락  1,000",126500.0,128000.0,126000.0,30145.0,BGF리테일,282330
2020-07-29,124500.0,"하락  1,500",125000.0,126000.0,123500.0,28181.0,BGF리테일,282330
2020-07-30,125000.0,상승  500,124000.0,127500.0,124000.0,27562.0,BGF리테일,282330
2020-07-31,124500.0,하락  500,124000.0,125000.0,123000.0,35997.0,BGF리테일,282330
2020-08-03,121500.0,"하락  3,000",124500.0,124500.0,121000.0,46687.0,BGF리테일,282330
2020-08-04,122000.0,상승  500,121000.0,123500.0,120500.0,26889.0,BGF리테일,282330
2020-08-05,123500.0,"상승  1,500",122000.0,125000.0,122000.0,31919.0,BGF리테일,282330
2020-08-06,126000.0,"상승  2,500",123500.0,126500.0,123000.0,36010.0,BGF리테일,282330
2020-08-07,129500.0,"상승  3,500",124500.0,129500.0,124500.0,67588.0,BGF리테일,282330
2020-08-10,132500.0,"상승  3,000",130000.0,133000.0,129500.0,55438.0,BGF리테일,282330
2020-08-11,133000.0,상승  500,132000.0,134500.0,131500.0,79586.0,BGF리테일,282330
2020-08-12,134000.0,"상승  1,000",133000.0,137500.0,132000.0,116522.0,BGF리테일,282330
2020-08-13,132500.0,"하락  1,500",134000.0,136000.0,131000.0,79699.0,BGF리테일,282330
2020-08-14,133000.0,상승  500,134000.0,136500.0,132500.0,85814.0,BGF리테일,282330
2020-08-18,129000.0,"하락  4,000",131000.0,132500.0,128000.0,67782.0,BGF리테일,282330
2020-08-19,126500.0,"하락  2,500",127500.0,129500.0,125000.0,41829.0,BGF리테일,282330
2020-08-20,123500.0,"하락  3,000",125000.0,127500.0,123500.0,37660.0,BGF리테일,282330
2020-08-21,122500.0,"하락  1,000",123500.0,125000.0,121000.0,30038.0,BGF리테일,282330
2020-08-24,126000.0,"상승  3,500",122500.0,126000.0,120500.0,45135.0,BGF리테일,282330
2020-08-25,126000.0,보합0,126000.0,126500.0,123500.0,25095.0,BGF리테일,282330
2020-08-26,124500.0,"하락  1,500",125500.0,126500.0,124000.0,23206.0,BGF리테일,282330
2020-08-27,123000.0,"하락  1,500",124500.0,124500.0,123000.0,69452.0,BGF리테일,282330
2020-08-28,121500.0,"하락  1,500",123000.0,124500.0,121500.0,31205.0,BGF리테일,282330
2020-08-31,127500.0,"상승  6,000",125000.0,129500.0,122500.0,101675.0,BGF리테일,282330
2020-09-01,125000.0,"하락  2,500",126000.0,127000.0,123500.0,42326.0,BGF리테일,282330
2020-09-02,124500.0,하락  500,126500.0,126500.0,123500.0,19259.0,BGF리테일,282330
2020-09-03,123500.0,"하락  1,000",124500.0,126500.0,123500.0,24846.0,BGF리테일,282330
2020-09-04,122000.0,"하락  1,500",122000.0,123000.0,121500.0,22870.0,BGF리테일,282330
2020-09-07,124500.0,"상승  2,500",122000.0,125000.0,122000.0,26510.0,BGF리테일,282330
2020-09-08,123500.0,"하락  1,000",123500.0,126000.0,123000.0,35145.0,BGF리테일,282330
2020-09-09,121000.0,"하락  2,500",123000.0,124500.0,121000.0,59307.0,BGF리테일,282330
2020-09-10,119000.0,"하락  2,000",121500.0,122000.0,119000.0,50985.0,BGF리테일,282330
2020-09-11,119500.0,상승  500,119000.0,120000.0,118500.0,28265.0,BGF리테일,282330
2020-09-14,121500.0,"상승  2,000",120000.0,121500.0,119500.0,33405.0,BGF리테일,282330
2020-09-15,121000.0,하락  500,120500.0,121500.0,119500.0,32894.0,BGF리테일,282330
2020-09-16,120500.0,하락  500,120500.0,122000.0,120000.0,34725.0,BGF리테일,282330
2020-09-17,120500.0,보합0,120500.0,121500.0,119500.0,43921.0,BGF리테일,282330
2020-09-18,120000.0,하락  500,121500.0,121500.0,119500.0,29857.0,BGF리테일,282330
2020-09-21,119500.0,하락  500,120000.0,121000.0,119000.0,31538.0,BGF리테일,282330
2020-09-22,116000.0,"하락  3,500",120000.0,120000.0,116000.0,43916.0,BGF리테일,282330
2020-09-23,117000.0,"상승  1,000",116000.0,120000.0,115500.0,39121.0,BGF리테일,282330
2020-09-24,118000.0,"상승  1,000",117000.0,118000.0,115000.0,32304.0,BGF리테일,282330
2020-09-25,117000.0,"하락  1,000",119000.0,119000.0,116000.0,31816.0,BGF리테일,282330
2020-09-28,120500.0,"상승  3,500",118500.0,121000.0,118000.0,51485.0,BGF리테일,282330
2020-09-29,123500.0,"상승  3,000",121500.0,124000.0,120000.0,71328.0,BGF리테일,282330
2020-10-05,124000.0,상승  500,125000.0,125000.0,121500.0,49855.0,BGF리테일,282330
2020-10-06,123000.0,"하락  1,000",123000.0,124500.0,123000.0,45619.0,BGF리테일,282330
2020-10-07,122500.0,하락  500,121500.0,124000.0,120500.0,52512.0,BGF리테일,282330
2020-10-08,123500.0,"상승  1,000",123500.0,124500.0,123000.0,28169.0,BGF리테일,282330
2020-10-12,126500.0,"상승  3,000",128000.0,131000.0,124500.0,107811.0,BGF리테일,282330
2020-10-13,123500.0,"하락  3,000",127000.0,129000.0,123000.0,45249.0,BGF리테일,282330
2020-10-14,121000.0,"하락  2,500",123500.0,124500.0,121000.0,48362.0,BGF리테일,282330
2020-10-15,120000.0,"하락  1,000",121000.0,122000.0,120000.0,31290.0,BGF리테일,282330
2020-10-16,122000.0,"상승  2,000",120500.0,124500.0,118500.0,41476.0,BGF리테일,282330
2020-10-19,128000.0,"상승  6,000",122500.0,129500.0,122000.0,123078.0,BGF리테일,282330
2020-10-20,133000.0,"상승  5,000",128500.0,134000.0,126000.0,154161.0,BGF리테일,282330
2020-10-21,136000.0,"상승  3,000",132500.0,136500.0,130500.0,77972.0,BGF리테일,282330
2020-10-22,135000.0,"하락  1,000",133500.0,136000.0,131500.0,52545.0,BGF리테일,282330
2020-10-23,133500.0,"하락  1,500",133500.0,135500.0,130000.0,52296.0,BGF리테일,282330
2020-10-26,129000.0,"하락  4,500",132500.0,134500.0,128000.0,36066.0,BGF리테일,282330
2020-10-27,125000.0,"하락  4,000",127000.0,128000.0,124500.0,41325.0,BGF리테일,282330
2020-10-28,124500.0,하락  500,123500.0,125000.0,121500.0,28427.0,BGF리테일,282330
2020-10-29,122500.0,"하락  2,000",122000.0,123000.0,121000.0,23042.0,BGF리테일,282330
2020-10-30,118000.0,"하락  4,500",122500.0,122500.0,118000.0,33602.0,BGF리테일,282330
2020-11-02,120000.0,"상승  2,000",119000.0,121000.0,117500.0,13771.0,BGF리테일,282330
2020-11-03,123500.0,"상승  3,500",119500.0,123500.0,119500.0,20674.0,BGF리테일,282330
2020-11-04,123500.0,보합0,124500.0,125500.0,122000.0,18129.0,BGF리테일,282330
2020-11-05,128000.0,"상승  4,500",123000.0,128000.0,123000.0,25794.0,BGF리테일,282330
2020-11-06,130000.0,"상승  2,000",127000.0,131500.0,126000.0,41594.0,BGF리테일,282330
2020-11-09,130000.0,보합0,128000.0,131500.0,127500.0,63139.0,BGF리테일,282330
2020-11-10,132000.0,"상승  2,000",132500.0,133000.0,129500.0,69691.0,BGF리테일,282330
2020-11-11,141000.0,"상승  9,000",130000.0,142000.0,130000.0,132622.0,BGF리테일,282330
2020-11-12,136500.0,"하락  4,500",139000.0,139500.0,135000.0,79074.0,BGF리테일,282330
2020-11-13,136500.0,보합0,134500.0,140000.0,132500.0,92228.0,BGF리테일,282330
2020-11-16,140500.0,"상승  4,000",136500.0,140500.0,136000.0,47620.0,BGF리테일,282330
2020-11-17,136500.0,"하락  4,000",138500.0,140000.0,135500.0,44808.0,BGF리테일,282330
2020-11-18,133000.0,"하락  3,500",135500.0,138000.0,132000.0,29477.0,BGF리테일,282330
2020-11-19,130500.0,"하락  2,500",134000.0,134000.0,129500.0,33920.0,BGF리테일,282330
2020-11-20,132500.0,"상승  2,000",129000.0,133000.0,129000.0,19041.0,BGF리테일,282330
2020-11-23,131500.0,"하락  1,000",132500.0,134500.0,130500.0,49113.0,BGF리테일,282330
2020-11-24,131500.0,보합0,132500.0,132500.0,130500.0,24514.0,BGF리테일,282330
2020-11-25,131000.0,하락  500,132000.0,133500.0,129500.0,33461.0,BGF리테일,282330
2020-11-26,129500.0,"하락  1,500",129500.0,131000.0,129000.0,19937.0,BGF리테일,282330
2020-11-27,127500.0,"하락  2,000",128500.0,129500.0,127500.0,31306.0,BGF리테일,282330
2020-11-30,125500.0,"하락  2,000",127000.0,127500.0,123500.0,84163.0,BGF리테일,282330
2020-12-01,126000.0,상승  500,126500.0,126500.0,125000.0,24477.0,BGF리테일,282330
2020-12-02,129000.0,"상승  3,000",125500.0,130000.0,125000.0,38959.0,BGF리테일,282330
2020-12-03,128500.0,하락  500,127000.0,129500.0,127000.0,28453.0,BGF리테일,282330
2020-12-04,128000.0,하락  500,127500.0,129500.0,126500.0,38522.0,BGF리테일,282330
2020-12-07,126000.0,"하락  2,000",127000.0,127000.0,124500.0,42283.0,BGF리테일,282330
2020-12-08,126500.0,상승  500,127000.0,127500.0,125000.0,21837.0,BGF리테일,282330
2020-12-09,125500.0,"하락  1,000",126500.0,127000.0,125500.0,40457.0,BGF리테일,282330
2020-12-10,128000.0,"상승  2,500",126000.0,130000.0,124500.0,87637.0,BGF리테일,282330
2020-12-11,132000.0,"상승  4,000",129500.0,138500.0,129000.0,135284.0,BGF리테일,282330
2020-12-14,128000.0,"하락  4,000",133500.0,134000.0,127500.0,84091.0,BGF리테일,282330
2020-12-15,127500.0,하락  500,129000.0,131500.0,126000.0,63092.0,BGF리테일,282330
2020-12-16,127000.0,하락  500,128000.0,128500.0,126500.0,56310.0,BGF리테일,282330
2020-12-17,130500.0,"상승  3,500",128000.0,130500.0,127000.0,50919.0,BGF리테일,282330
2020-12-18,132500.0,"상승  2,000",130500.0,133000.0,129000.0,48889.0,BGF리테일,282330
2020-12-21,137000.0,"상승  4,500",133000.0,138000.0,132000.0,83942.0,BGF리테일,282330
2020-12-22,137500.0,상승  500,137000.0,140500.0,135000.0,74665.0,BGF리테일,282330
2020-12-23,136500.0,"하락  1,000",139000.0,139500.0,136000.0,32156.0,BGF리테일,282330
2020-12-24,138500.0,"상승  2,000",136000.0,138500.0,136000.0,24520.0,BGF리테일,282330
2020-12-28,138000.0,하락  500,140000.0,140000.0,136500.0,28571.0,BGF리테일,282330
2020-12-29,133500.0,"하락  4,500",135500.0,135500.0,132500.0,46917.0,BGF리테일,282330
2020-12-30,135500.0,"상승  2,000",133500.0,135500.0,132500.0,25983.0,BGF리테일,282330
2021-01-04,132000.0,"하락  3,500",134000.0,134000.0,132000.0,47745.0,BGF리테일,282330
2021-01-05,134500.0,"상승  2,500",132000.0,135000.0,131500.0,45974.0,BGF리테일,282330
2021-01-06,134000.0,하락  500,134500.0,136000.0,132500.0,51001.0,BGF리테일,282330
2021-01-07,136500.0,"상승  2,500",135500.0,139000.0,133500.0,79835.0,BGF리테일,282330
2021-01-08,141000.0,"상승  4,500",138000.0,142500.0,136500.0,105333.0,BGF리테일,282330
2021-01-11,135500.0,"하락  5,500",141000.0,141500.0,134500.0,69442.0,BGF리테일,282330
2021-01-12,140500.0,"상승  5,000",137000.0,141500.0,134000.0,89517.0,BGF리테일,282330
2021-01-13,147500.0,"상승  7,000",140000.0,148500.0,140000.0,135734.0,BGF리테일,282330
2021-01-14,151500.0,"상승  4,000",146000.0,152500.0,146000.0,109615.0,BGF리테일,282330
2021-01-15,145000.0,"하락  6,500",151500.0,152000.0,144500.0,75654.0,BGF리테일,282330
2021-01-18,140500.0,"하락  4,500",143000.0,144000.0,140500.0,37172.0,BGF리테일,282330
2021-01-19,145000.0,"상승  4,500",140500.0,147500.0,140000.0,41581.0,BGF리테일,282330
2021-01-20,147000.0,"상승  2,000",145000.0,147000.0,144000.0,50662.0,BGF리테일,282330
2021-01-21,156000.0,"상승  9,000",147500.0,162000.0,147500.0,143118.0,BGF리테일,282330
2021-01-22,152000.0,"하락  4,000",156500.0,156500.0,151500.0,62510.0,BGF리테일,282330
2021-01-25,155500.0,"상승  3,500",152000.0,160500.0,151500.0,82986.0,BGF리테일,282330
2021-01-26,160500.0,"상승  5,000",155000.0,161500.0,153500.0,124596.0,BGF리테일,282330
2021-01-27,158000.0,"하락  2,500",161000.0,163000.0,157500.0,65876.0,BGF리테일,282330
2021-01-28,165000.0,"상승  7,000",153000.0,167500.0,153000.0,91596.0,BGF리테일,282330
2021-01-29,170000.0,"상승  5,000",165000.0,181000.0,162000.0,200940.0,BGF리테일,282330
2021-02-01,164000.0,"하락  6,000",168000.0,169000.0,163000.0,64398.0,BGF리테일,282330
2021-02-02,161500.0,"하락  2,500",163000.0,165000.0,160500.0,62919.0,BGF리테일,282330
2021-02-03,164500.0,"상승  3,000",161000.0,165000.0,160000.0,42538.0,BGF리테일,282330
2021-02-04,161500.0,"하락  3,000",162500.0,164000.0,160000.0,32933.0,BGF리테일,282330
2021-02-05,162500.0,"상승  1,000",162000.0,164000.0,160500.0,25699.0,BGF리테일,282330
2021-02-08,163000.0,상승  500,162500.0,166000.0,160500.0,43729.0,BGF리테일,282330
2021-02-09,165000.0,"상승  2,000",163500.0,166000.0,162000.0,36145.0,BGF리테일,282330
2021-02-10,170500.0,"상승  5,500",166000.0,171500.0,164000.0,41374.0,BGF리테일,282330
2021-02-15,177500.0,"상승  7,000",172000.0,177500.0,169500.0,182653.0,BGF리테일,282330
2021-02-16,174500.0,"하락  3,000",174000.0,177500.0,171000.0,39060.0,BGF리테일,282330
2021-02-17,166500.0,"하락  8,000",171000.0,173500.0,165000.0,43092.0,BGF리테일,282330
2021-02-18,165500.0,"하락  1,000",166500.0,169000.0,165000.0,25662.0,BGF리테일,282330
2021-02-19,163000.0,"하락  2,500",162000.0,166500.0,159500.0,36630.0,BGF리테일,282330
2021-02-22,167000.0,"상승  4,000",163000.0,167000.0,162500.0,21445.0,BGF리테일,282330
2021-02-23,166500.0,하락  500,165500.0,166500.0,161000.0,27910.0,BGF리테일,282330
2021-02-24,159500.0,"하락  7,000",165500.0,166500.0,158500.0,45652.0,BGF리테일,282330
2021-02-25,162000.0,"상승  2,500",159000.0,163500.0,158500.0,37059.0,BGF리테일,282330
2021-02-26,159000.0,"하락  3,000",159000.0,161000.0,155000.0,53045.0,BGF리테일,282330
2021-03-02,159000.0,보합0,159500.0,163000.0,155500.0,33430.0,BGF리테일,282330
2021-03-03,169500.0,"상승  10,500",159000.0,171000.0,157500.0,59126.0,BGF리테일,282330
2021-03-04,166000.0,"하락  3,500",164000.0,169000.0,163000.0,35476.0,BGF리테일,282330
2021-03-05,168000.0,"상승  2,000",166000.0,168000.0,161500.0,37860.0,BGF리테일,282330
2021-03-08,167000.0,"하락  1,000",166500.0,171000.0,165000.0,25929.0,BGF리테일,282330
2021-03-09,173500.0,"상승  6,500",169500.0,179500.0,167500.0,102861.0,BGF리테일,282330
2021-03-10,171000.0,"하락  2,500",175500.0,176000.0,166000.0,40579.0,BGF리테일,282330
2021-03-11,173000.0,"상승  2,000",169000.0,175000.0,166000.0,74846.0,BGF리테일,282330
2021-03-12,172500.0,하락  500,171000.0,177000.0,170500.0,43409.0,BGF리테일,282330
2021-03-15,174500.0,"상승  2,000",172000.0,179000.0,172000.0,43402.0,BGF리테일,282330
2021-03-16,172000.0,"하락  2,500",174500.0,177500.0,172000.0,27465.0,BGF리테일,282330
2021-03-17,169500.0,"하락  2,500",172500.0,173500.0,168500.0,29953.0,BGF리테일,282330
2021-03-18,174000.0,"상승  4,500",171000.0,177000.0,168500.0,46118.0,BGF리테일,282330
2021-03-19,169000.0,"하락  5,000",172000.0,172000.0,168500.0,53861.0,BGF리테일,282330
2021-03-22,166000.0,"하락  3,000",169000.0,169500.0,165500.0,36678.0,BGF리테일,282330
2021-03-23,161500.0,"하락  4,500",166500.0,167500.0,160500.0,41027.0,BGF리테일,282330
2021-03-24,162500.0,"상승  1,000",160000.0,163500.0,158500.0,33230.0,BGF리테일,282330
2021-03-25,162500.0,보합0,162500.0,165000.0,161000.0,49839.0,BGF리테일,282330
2021-03-26,163500.0,"상승  1,000",164000.0,166500.0,162500.0,28074.0,BGF리테일,282330
2021-03-29,160500.0,"하락  3,000",163500.0,164000.0,159500.0,31881.0,BGF리테일,282330
2021-03-30,159000.0,"하락  1,500",160500.0,162000.0,159000.0,41622.0,BGF리테일,282330
2021-03-31,158000.0,"하락  1,000",159500.0,163500.0,156500.0,51465.0,BGF리테일,282330
2021-04-01,162500.0,"상승  4,500",158500.0,162500.0,157500.0,33313.0,BGF리테일,282330
2021-04-02,159500.0,"하락  3,000",163000.0,163500.0,159000.0,33832.0,BGF리테일,282330
2021-04-05,159000.0,하락  500,159000.0,160500.0,158500.0,15080.0,BGF리테일,282330
2021-04-06,160500.0,"상승  1,500",159000.0,161500.0,159000.0,20183.0,BGF리테일,282330
2021-04-07,161000.0,상승  500,160000.0,162500.0,160000.0,20269.0,BGF리테일,282330
2021-04-08,159000.0,"하락  2,000",162000.0,163000.0,158500.0,41561.0,BGF리테일,282330
2021-04-09,162000.0,"상승  3,000",159500.0,166500.0,159500.0,37197.0,BGF리테일,282330
2021-04-12,163500.0,"상승  1,500",162000.0,164000.0,161500.0,14371.0,BGF리테일,282330
2021-04-13,162000.0,"하락  1,500",164000.0,164000.0,161000.0,27042.0,BGF리테일,282330
2021-04-14,162500.0,상승  500,162500.0,164500.0,161000.0,30554.0,BGF리테일,282330
2021-04-15,159500.0,"하락  3,000",162000.0,163000.0,158000.0,45050.0,BGF리테일,282330
2021-04-16,159500.0,보합0,159000.0,160000.0,157500.0,43010.0,BGF리테일,282330
2021-04-19,159500.0,보합0,159500.0,161000.0,158000.0,24775.0,BGF리테일,282330
2021-04-20,163000.0,"상승  3,500",159500.0,163000.0,159000.0,29866.0,BGF리테일,282330
2021-04-21,158500.0,"하락  4,500",161000.0,162000.0,158000.0,29356.0,BGF리테일,282330
2021-04-22,158500.0,보합0,158500.0,160000.0,158000.0,13919.0,BGF리테일,282330
2021-04-23,156500.0,"하락  2,000",159000.0,159500.0,156500.0,17821.0,BGF리테일,282330
2021-04-26,156500.0,보합0,157500.0,158000.0,156500.0,16114.0,BGF리테일,282330
2021-04-27,155000.0,"하락  1,500",157000.0,157000.0,155000.0,25881.0,BGF리테일,282330
2021-04-28,151500.0,"하락  3,500",154500.0,155000.0,150500.0,36225.0,BGF리테일,282330
2021-04-29,149500.0,"하락  2,000",151000.0,154000.0,148500.0,35075.0,BGF리테일,282330
2021-04-30,153000.0,"상승  3,500",149500.0,154000.0,147500.0,63877.0,BGF리테일,282330
2021-05-03,153000.0,보합0,155000.0,156000.0,153000.0,46354.0,BGF리테일,282330
2021-05-04,158500.0,"상승  5,500",153000.0,159000.0,153000.0,50475.0,BGF리테일,282330
2021-05-06,161000.0,"상승  2,500",160000.0,162000.0,156500.0,47289.0,BGF리테일,282330
2021-05-07,166000.0,"상승  5,000",162500.0,167500.0,161500.0,77220.0,BGF리테일,282330
2021-05-10,177000.0,"상승  11,000",169000.0,179500.0,168500.0,122935.0,BGF리테일,282330
2021-05-11,179000.0,"상승  2,000",177500.0,185000.0,175000.0,90608.0,BGF리테일,282330
2021-05-12,184500.0,"상승  5,500",179000.0,185000.0,175500.0,64882.0,BGF리테일,282330
2021-05-13,180000.0,"하락  4,500",181000.0,184000.0,177000.0,51020.0,BGF리테일,282330
2021-05-14,177500.0,"하락  2,500",181000.0,184000.0,177000.0,25706.0,BGF리테일,282330
2021-05-17,180500.0,"상승  3,000",177500.0,181500.0,176000.0,30384.0,BGF리테일,282330
2021-05-18,182000.0,"상승  1,500",183000.0,183500.0,180000.0,21897.0,BGF리테일,282330
2021-05-20,178000.0,"하락  4,000",178000.0,182000.0,175000.0,37376.0,BGF리테일,282330
2021-05-21,174000.0,"하락  4,000",178000.0,179500.0,171500.0,32438.0,BGF리테일,282330
2021-05-24,173500.0,하락  500,171000.0,175000.0,170500.0,16727.0,BGF리테일,282330
2021-05-25,179000.0,"상승  5,500",171000.0,179500.0,171000.0,32248.0,BGF리테일,282330
2021-05-26,173000.0,"하락  6,000",179000.0,179500.0,172000.0,53661.0,BGF리테일,282330
2021-05-27,175500.0,"상승  2,500",173500.0,178500.0,173500.0,95058.0,BGF리테일,282330
2021-05-28,179000.0,"상승  3,500",176000.0,179000.0,173500.0,26365.0,BGF리테일,282330
2021-05-31,181500.0,"상승  2,500",180000.0,182500.0,176000.0,52537.0,BGF리테일,282330
2021-06-01,184000.0,"상승  2,500",182500.0,188500.0,181500.0,39293.0,BGF리테일,282330
2021-06-02,185500.0,"상승  1,500",182000.0,186000.0,181000.0,26185.0,BGF리테일,282330
2021-06-03,188500.0,"상승  3,000",185500.0,189000.0,185000.0,40222.0,BGF리테일,282330
2021-06-04,183000.0,"하락  5,500",185500.0,188000.0,183000.0,34562.0,BGF리테일,282330
2021-06-07,192000.0,"상승  9,000",183000.0,192000.0,180500.0,45005.0,BGF리테일,282330
2021-06-08,185500.0,"하락  6,500",190000.0,193000.0,184500.0,53874.0,BGF리테일,282330
2021-06-09,185000.0,하락  500,185000.0,189000.0,184500.0,23712.0,BGF리테일,282330
2021-06-10,187500.0,"상승  2,500",184500.0,188000.0,182000.0,33047.0,BGF리테일,282330
2021-06-11,186000.0,"하락  1,500",187500.0,187500.0,184000.0,18358.0,BGF리테일,282330
2021-06-14,185500.0,하락  500,188000.0,188000.0,184500.0,10759.0,BGF리테일,282330
2021-06-15,184500.0,"하락  1,000",186500.0,186500.0,184000.0,13326.0,BGF리테일,282330
2021-06-16,184000.0,하락  500,183000.0,186500.0,181500.0,17957.0,BGF리테일,282330
2021-06-17,181000.0,"하락  3,000",188000.0,188000.0,180500.0,32894.0,BGF리테일,282330
2021-06-18,180000.0,"하락  1,000",181000.0,182500.0,179500.0,24110.0,BGF리테일,282330
2021-06-21,179500.0,하락  500,180500.0,180500.0,176000.0,32618.0,BGF리테일,282330
2021-06-22,178500.0,"하락  1,000",179500.0,180000.0,177000.0,20382.0,BGF리테일,282330
2021-06-23,175500.0,"하락  3,000",179000.0,179000.0,175000.0,24897.0,BGF리테일,282330
2021-06-24,186000.0,"상승  10,500",176000.0,186500.0,175000.0,44755.0,BGF리테일,282330
2021-06-25,185000.0,"하락  1,000",184000.0,186000.0,183000.0,20485.0,BGF리테일,282330
2021-06-28,185500.0,상승  500,182500.0,186000.0,182000.0,14397.0,BGF리테일,282330
2021-06-29,185500.0,보합0,183500.0,185500.0,181500.0,30123.0,BGF리테일,282330
2021-06-30,179500.0,"하락  6,000",186000.0,187500.0,178500.0,55771.0,BGF리테일,282330
2021-07-01,170000.0,"하락  9,500",177500.0,178000.0,166500.0,131003.0,BGF리테일,282330
2021-07-02,168000.0,"하락  2,000",169000.0,169000.0,166500.0,59060.0,BGF리테일,282330
2021-07-05,167000.0,"하락  1,000",168500.0,168500.0,166500.0,27420.0,BGF리테일,282330
2021-07-06,169000.0,"상승  2,000",168500.0,170000.0,167000.0,50607.0,BGF리테일,282330
2021-07-07,168000.0,"하락  1,000",169000.0,169000.0,167000.0,29516.0,BGF리테일,282330
2021-07-08,168500.0,상승  500,167500.0,170000.0,167000.0,44450.0,BGF리테일,282330
2021-07-09,163000.0,"하락  5,500",166000.0,166500.0,162000.0,41677.0,BGF리테일,282330
2021-07-12,167000.0,"상승  4,000",162000.0,167500.0,162000.0,21563.0,BGF리테일,282330
2021-07-13,169000.0,"상승  2,000",168000.0,169000.0,167000.0,23576.0,BGF리테일,282330
2021-07-14,167500.0,"하락  1,500",167500.0,168500.0,165500.0,24766.0,BGF리테일,282330
2021-07-15,168500.0,"상승  1,000",169000.0,170000.0,166500.0,23415.0,BGF리테일,282330
2021-07-16,168000.0,하락  500,166500.0,169000.0,166000.0,13865.0,BGF리테일,282330
2021-07-19,165500.0,"하락  2,500",166000.0,167500.0,165000.0,11758.0,BGF리테일,282330
2021-07-20,168000.0,"상승  2,500",166500.0,168500.0,166000.0,21616.0,BGF리테일,282330
2021-07-21,166000.0,"하락  2,000",167000.0,168500.0,164000.0,30624.0,BGF리테일,282330
2021-07-22,168000.0,"상승  2,000",167000.0,168000.0,165000.0,19976.0,BGF리테일,282330
2021-07-23,168500.0,상승  500,166000.0,169000.0,165500.0,33824.0,BGF리테일,282330
2021-07-26,164000.0,"하락  4,500",166500.0,167500.0,163500.0,16322.0,BGF리테일,282330
2021-07-27,162500.0,"하락  1,500",164000.0,165000.0,162500.0,42891.0,BGF리테일,282330
2021-07-28,163000.0,상승  500,163500.0,165000.0,161500.0,26429.0,BGF리테일,282330
2021-07-29,163500.0,상승  500,162000.0,166500.0,162000.0,32339.0,BGF리테일,282330
2021-07-30,161500.0,"하락  2,000",162500.0,164000.0,161000.0,40250.0,BGF리테일,282330
2021-08-02,165000.0,"상승  3,500",163000.0,165000.0,161500.0,27305.0,BGF리테일,282330
2021-08-03,166000.0,"상승  1,000",163000.0,166500.0,162000.0,18501.0,BGF리테일,282330
2021-08-04,170000.0,"상승  4,000",164000.0,171000.0,164000.0,46309.0,BGF리테일,282330
2021-08-05,170000.0,보합0,170000.0,171000.0,168500.0,25632.0,BGF리테일,282330
2021-08-06,174000.0,"상승  4,000",173000.0,177500.0,172000.0,62355.0,BGF리테일,282330
2021-08-09,171500.0,"하락  2,500",172500.0,176000.0,170000.0,27521.0,BGF리테일,282330
2021-08-10,174000.0,"상승  2,500",172000.0,174000.0,170000.0,20891.0,BGF리테일,282330
2021-08-11,174500.0,상승  500,174000.0,176000.0,171000.0,24905.0,BGF리테일,282330
2021-08-12,173000.0,"하락  1,500",176000.0,176000.0,171500.0,28312.0,BGF리테일,282330
2021-08-13,177000.0,"상승  4,000",175500.0,177000.0,171000.0,50757.0,BGF리테일,282330
2021-08-17,173000.0,"하락  4,000",177000.0,177000.0,169000.0,49347.0,BGF리테일,282330
2021-08-18,163500.0,"하락  9,500",172500.0,173500.0,163000.0,69302.0,BGF리테일,282330
2021-08-19,162000.0,"하락  1,500",163500.0,164000.0,160500.0,20208.0,BGF리테일,282330
2021-08-20,159000.0,"하락  3,000",162500.0,163500.0,159000.0,24596.0,BGF리테일,282330
2021-08-23,167500.0,"상승  8,500",160500.0,170000.0,160500.0,48616.0,BGF리테일,282330
2021-08-24,173000.0,"상승  5,500",168500.0,173000.0,168500.0,20517.0,BGF리테일,282330
2021-08-25,175500.0,"상승  2,500",170000.0,176000.0,169000.0,31915.0,BGF리테일,282330
2021-08-26,178000.0,"상승  2,500",173000.0,178500.0,172500.0,26850.0,BGF리테일,282330
2021-08-27,177000.0,"하락  1,000",177500.0,178000.0,174500.0,20551.0,BGF리테일,282330
2021-08-30,181000.0,"상승  4,000",176500.0,181000.0,176500.0,27053.0,BGF리테일,282330
2021-08-31,178500.0,"하락  2,500",180500.0,183000.0,174000.0,40176.0,BGF리테일,282330
2021-09-01,180500.0,"상승  2,000",176000.0,181000.0,176000.0,19851.0,BGF리테일,282330
2021-09-02,183000.0,"상승  2,500",177500.0,185500.0,177000.0,61880.0,BGF리테일,282330
2021-09-03,178000.0,"하락  5,000",180500.0,181500.0,177000.0,22134.0,BGF리테일,282330
2021-09-06,179500.0,"상승  1,500",176000.0,179500.0,175500.0,9000.0,BGF리테일,282330
2021-09-07,179500.0,보합0,178000.0,179500.0,177000.0,8927.0,BGF리테일,282330
2021-09-08,183500.0,"상승  4,000",179500.0,184000.0,178000.0,33543.0,BGF리테일,282330
2021-09-09,180000.0,"하락  3,500",181000.0,183000.0,177000.0,28779.0,BGF리테일,282330
2021-09-10,181000.0,"상승  1,000",180000.0,182000.0,178500.0,12952.0,BGF리테일,282330
2021-09-13,179000.0,"하락  2,000",183000.0,183500.0,177500.0,23213.0,BGF리테일,282330
2021-09-14,179000.0,보합0,179500.0,182500.0,177500.0,48987.0,BGF리테일,282330
2021-09-15,179500.0,상승  500,178000.0,182000.0,177000.0,31706.0,BGF리테일,282330
2021-09-16,174500.0,"하락  5,000",178500.0,179500.0,172500.0,32453.0,BGF리테일,282330
2021-09-17,175000.0,상승  500,172000.0,176000.0,171500.0,26308.0,BGF리테일,282330
2021-09-23,171500.0,"하락  3,500",172000.0,174500.0,168500.0,24005.0,BGF리테일,282330
2021-09-24,172500.0,"상승  1,000",170500.0,176000.0,170000.0,23217.0,BGF리테일,282330
2021-09-27,174500.0,"상승  2,000",171500.0,176000.0,171000.0,15335.0,BGF리테일,282330
2021-09-28,173000.0,"하락  1,500",172000.0,175500.0,172000.0,14311.0,BGF리테일,282330
2021-09-29,173000.0,보합0,172500.0,173000.0,167500.0,23323.0,BGF리테일,282330
2021-09-30,170500.0,"하락  2,500",171000.0,173000.0,169000.0,20932.0,BGF리테일,282330
2021-10-01,171000.0,상승  500,167500.0,172500.0,167500.0,11802.0,BGF리테일,282330
2021-10-05,173500.0,"상승  2,500",168000.0,173500.0,167000.0,21160.0,BGF리테일,282330
2021-10-06,172500.0,"하락  1,000",174000.0,175000.0,169000.0,25099.0,BGF리테일,282330
2021-10-07,179000.0,"상승  6,500",174000.0,180000.0,173000.0,27489.0,BGF리테일,282330
2021-10-08,180000.0,"상승  1,000",175500.0,180000.0,174000.0,19861.0,BGF리테일,282330
2021-10-12,174000.0,"하락  6,000",177500.0,178500.0,172000.0,29028.0,BGF리테일,282330
2021-10-13,174000.0,보합0,171500.0,176000.0,171500.0,21093.0,BGF리테일,282330
2021-10-14,174500.0,상승  500,175500.0,177500.0,172500.0,16471.0,BGF리테일,282330
2021-10-15,168000.0,"하락  6,500",173000.0,174500.0,166500.0,56279.0,BGF리테일,282330
2021-10-18,169500.0,"상승  1,500",169500.0,169500.0,165500.0,28397.0,BGF리테일,282330
2021-10-19,171500.0,"상승  2,000",170000.0,172500.0,169500.0,24177.0,BGF리테일,282330
2021-10-20,170500.0,"하락  1,000",170500.0,171500.0,169000.0,13645.0,BGF리테일,282330
2021-10-21,169000.0,"하락  1,500",169000.0,172500.0,168500.0,31339.0,BGF리테일,282330
2021-10-22,174000.0,"상승  5,000",168500.0,174000.0,168500.0,20031.0,BGF리테일,282330
2021-10-25,170500.0,"하락  3,500",171500.0,175500.0,170000.0,25319.0,BGF리테일,282330
2021-10-26,168000.0,"하락  2,500",170500.0,172500.0,166500.0,34794.0,BGF리테일,282330
2021-10-27,168500.0,상승  500,168500.0,171000.0,167000.0,26880.0,BGF리테일,282330
2021-10-28,162500.0,"하락  6,000",168500.0,169500.0,162500.0,30334.0,BGF리테일,282330
2021-10-29,161500.0,"하락  1,000",163500.0,164000.0,160000.0,25297.0,BGF리테일,282330
2021-11-01,167000.0,"상승  5,500",163500.0,168000.0,160500.0,30219.0,BGF리테일,282330
2021-11-02,164500.0,"하락  2,500",165500.0,169000.0,164000.0,17210.0,BGF리테일,282330
2021-11-03,167000.0,"상승  2,500",164000.0,167500.0,163500.0,16300.0,BGF리테일,282330
2021-11-04,168000.0,"상승  1,000",165500.0,170500.0,165500.0,17268.0,BGF리테일,282330
2021-11-05,165500.0,"하락  2,500",170500.0,171000.0,164000.0,22489.0,BGF리테일,282330
2021-11-08,169500.0,"상승  4,000",166500.0,169500.0,165500.0,17865.0,BGF리테일,282330
2021-11-09,167000.0,"하락  2,500",168000.0,170500.0,166500.0,14504.0,BGF리테일,282330
2021-11-10,167500.0,상승  500,169000.0,169000.0,163500.0,18114.0,BGF리테일,282330
2021-11-11,162500.0,"하락  5,000",164500.0,164500.0,161500.0,21790.0,BGF리테일,282330
2021-11-12,164500.0,"상승  2,000",161500.0,166500.0,161500.0,14772.0,BGF리테일,282330
2021-11-15,165500.0,"상승  1,000",163000.0,166000.0,163000.0,10191.0,BGF리테일,282330
2021-11-16,163000.0,"하락  2,500",163500.0,165500.0,162500.0,14703.0,BGF리테일,282330
2021-11-17,156000.0,"하락  7,000",162000.0,162500.0,154000.0,57059.0,BGF리테일,282330
2021-11-18,151000.0,"하락  5,000",156000.0,156000.0,151000.0,35931.0,BGF리테일,282330
2021-11-19,151500.0,상승  500,150500.0,154000.0,148500.0,25022.0,BGF리테일,282330
2021-11-22,152500.0,"상승  1,000",149500.0,154000.0,149500.0,18479.0,BGF리테일,282330
2021-11-23,153500.0,"상승  1,000",150000.0,158500.0,149500.0,46442.0,BGF리테일,282330
2021-11-24,153500.0,보합0,151000.0,156500.0,150500.0,31794.0,BGF리테일,282330
2021-11-25,151500.0,"하락  2,000",153500.0,155000.0,151000.0,15820.0,BGF리테일,282330
2021-11-26,148500.0,"하락  3,000",152000.0,153500.0,148000.0,18542.0,BGF리테일,282330
2021-11-29,147500.0,"하락  1,000",147500.0,151500.0,144000.0,50470.0,BGF리테일,282330
2021-11-30,146000.0,"하락  1,500",145000.0,148000.0,142000.0,87399.0,BGF리테일,282330
2021-12-01,143500.0,"하락  2,500",146000.0,146500.0,141000.0,51220.0,BGF리테일,282330
2021-12-02,150500.0,"상승  7,000",141000.0,151000.0,141000.0,29725.0,BGF리테일,282330
2021-12-03,151000.0,상승  500,148500.0,152500.0,147000.0,37381.0,BGF리테일,282330
2021-12-06,153500.0,"상승  2,500",151000.0,155500.0,147500.0,35626.0,BGF리테일,282330
2021-12-07,153000.0,하락  500,153000.0,154500.0,150500.0,21802.0,BGF리테일,282330
2021-12-08,151000.0,"하락  2,000",153500.0,154500.0,150500.0,27121.0,BGF리테일,282330
2021-12-09,150500.0,하락  500,151000.0,152000.0,150000.0,43305.0,BGF리테일,282330
2021-12-10,151000.0,상승  500,150500.0,152500.0,149500.0,12306.0,BGF리테일,282330
2021-12-13,148000.0,"하락  3,000",151500.0,152500.0,147000.0,33657.0,BGF리테일,282330
2021-12-14,152000.0,"상승  4,000",147000.0,152500.0,147000.0,25567.0,BGF리테일,282330
2021-12-15,152500.0,상승  500,152000.0,153500.0,149500.0,22502.0,BGF리테일,282330
2021-12-16,153500.0,"상승  1,000",151500.0,154000.0,151500.0,12130.0,BGF리테일,282330
2021-12-17,151500.0,"하락  2,000",153500.0,155000.0,151500.0,31302.0,BGF리테일,282330
2021-12-20,148000.0,"하락  3,500",151500.0,152000.0,148000.0,11423.0,BGF리테일,282330
2021-12-21,147000.0,"하락  1,000",149500.0,151000.0,147000.0,29813.0,BGF리테일,282330
2021-12-22,146000.0,"하락  1,000",147000.0,148000.0,145500.0,18171.0,BGF리테일,282330
2021-12-23,147000.0,"상승  1,000",147000.0,148500.0,145500.0,14371.0,BGF리테일,282330
2021-12-24,147000.0,보합0,146000.0,148500.0,146000.0,13506.0,BGF리테일,282330
2021-12-27,145500.0,"하락  1,500",148000.0,148500.0,144000.0,17215.0,BGF리테일,282330
2021-12-28,150000.0,"상승  4,500",147000.0,150000.0,145000.0,21550.0,BGF리테일,282330
2021-12-29,146000.0,"하락  4,000",146500.0,147500.0,144500.0,14662.0,BGF리테일,282330
2021-12-30,145500.0,하락  500,145500.0,146500.0,143500.0,20511.0,BGF리테일,282330
2022-01-03,143500.0,"하락  2,000",143500.0,146000.0,142500.0,15765.0,BGF리테일,282330
2022-01-04,142000.0,"하락  1,500",142500.0,143500.0,140500.0,29610.0,BGF리테일,282330
2022-01-05,139500.0,"하락  2,500",140500.0,141500.0,138000.0,48402.0,BGF리테일,282330
2022-01-06,141500.0,"상승  2,000",139000.0,143500.0,138500.0,36533.0,BGF리테일,282330
2022-01-07,140000.0,"하락  1,500",143500.0,144500.0,139500.0,28464.0,BGF리테일,282330
2022-01-10,139000.0,"하락  1,000",139000.0,141000.0,136500.0,23350.0,BGF리테일,282330
2022-01-11,137500.0,"하락  1,500",137500.0,139500.0,136500.0,29829.0,BGF리테일,282330
2022-01-12,138500.0,"상승  1,000",137500.0,140500.0,137000.0,28617.0,BGF리테일,282330
2022-01-13,146000.0,"상승  7,500",139000.0,146500.0,139000.0,53814.0,BGF리테일,282330
2022-01-14,144000.0,"하락  2,000",147000.0,148000.0,143500.0,41253.0,BGF리테일,282330
2022-01-17,151000.0,"상승  7,000",144000.0,151500.0,143500.0,48774.0,BGF리테일,282330
2022-01-18,149000.0,"하락  2,000",151500.0,151500.0,148000.0,18931.0,BGF리테일,282330
2022-01-19,159500.0,"상승  10,500",150000.0,160000.0,148000.0,86661.0,BGF리테일,282330
2022-01-20,157000.0,"하락  2,500",158500.0,161000.0,155500.0,37847.0,BGF리테일,282330
2022-01-21,157000.0,보합0,156500.0,159500.0,155000.0,33568.0,BGF리테일,282330
2022-01-24,153000.0,"하락  4,000",158500.0,158500.0,152000.0,28186.0,BGF리테일,282330
2022-01-25,157000.0,"상승  4,000",151000.0,158000.0,150000.0,46130.0,BGF리테일,282330
2022-01-26,158000.0,"상승  1,000",157500.0,163000.0,157500.0,40723.0,BGF리테일,282330
2022-01-27,155500.0,"하락  2,500",160000.0,161000.0,155500.0,34027.0,BGF리테일,282330
2022-01-28,162000.0,"상승  6,500",158000.0,164000.0,157500.0,56515.0,BGF리테일,282330
2022-02-03,162500.0,상승  500,163000.0,165500.0,157500.0,37782.0,BGF리테일,282330
2022-02-04,167500.0,"상승  5,000",162000.0,169500.0,161500.0,36500.0,BGF리테일,282330
2022-02-07,165500.0,"하락  2,000",164000.0,167500.0,160500.0,39768.0,BGF리테일,282330
2022-02-08,165500.0,보합0,169500.0,170500.0,160500.0,46804.0,BGF리테일,282330
2022-02-09,164000.0,"하락  1,500",165500.0,169500.0,163500.0,39453.0,BGF리테일,282330
2022-02-10,169500.0,"상승  5,500",162500.0,171000.0,162500.0,62925.0,BGF리테일,282330
2022-02-11,167500.0,"하락  2,000",166500.0,174000.0,165500.0,76068.0,BGF리테일,282330
2022-02-14,165500.0,"하락  2,000",169500.0,170000.0,163500.0,55102.0,BGF리테일,282330
2022-02-15,166000.0,상승  500,164500.0,171000.0,164500.0,44341.0,BGF리테일,282330
2022-02-16,164000.0,"하락  2,000",165500.0,169000.0,161500.0,42447.0,BGF리테일,282330
2022-02-17,167500.0,"상승  3,500",165000.0,172000.0,163500.0,46925.0,BGF리테일,282330
2022-02-18,166000.0,"하락  1,500",167000.0,169500.0,165000.0,21098.0,BGF리테일,282330
2022-02-21,166000.0,보합0,164000.0,167000.0,163500.0,25140.0,BGF리테일,282330
2022-02-22,162000.0,"하락  4,000",166000.0,166000.0,162000.0,24113.0,BGF리테일,282330
2022-02-23,163000.0,"상승  1,000",164000.0,166500.0,161500.0,30141.0,BGF리테일,282330
2022-02-24,161500.0,"하락  1,500",161000.0,165000.0,159500.0,21923.0,BGF리테일,282330
2022-02-25,165000.0,"상승  3,500",161500.0,166000.0,160000.0,25511.0,BGF리테일,282330
2022-02-28,169500.0,"상승  4,500",165000.0,171000.0,163000.0,50992.0,BGF리테일,282330
2022-03-02,163000.0,"하락  6,500",166000.0,166500.0,159000.0,89785.0,BGF리테일,282330
2022-03-03,165500.0,"상승  2,500",163500.0,167500.0,163000.0,17949.0,BGF리테일,282330
2022-03-04,161500.0,"하락  4,000",166000.0,166500.0,161500.0,26594.0,BGF리테일,282330
2022-03-07,167500.0,"상승  6,000",161500.0,170000.0,161000.0,60809.0,BGF리테일,282330
2022-03-08,170500.0,"상승  3,000",168500.0,176500.0,167000.0,92970.0,BGF리테일,282330
2022-03-10,169500.0,"하락  1,000",171000.0,175000.0,166500.0,74316.0,BGF리테일,282330
2022-03-11,175000.0,"상승  5,500",168500.0,177500.0,168500.0,95057.0,BGF리테일,282330
2022-03-14,171000.0,"하락  4,000",175000.0,178500.0,171000.0,54739.0,BGF리테일,282330
2022-03-15,173000.0,"상승  2,000",170500.0,175000.0,169000.0,40281.0,BGF리테일,282330
2022-03-16,179000.0,"상승  6,000",171500.0,185500.0,170000.0,99809.0,BGF리테일,282330
2022-03-17,175000.0,"하락  4,000",180000.0,182500.0,175000.0,62066.0,BGF리테일,282330
2022-03-18,177500.0,"상승  2,500",175000.0,179500.0,174000.0,41056.0,BGF리테일,282330
2022-03-21,178000.0,상승  500,176000.0,180000.0,176000.0,35359.0,BGF리테일,282330
2022-03-22,179000.0,"상승  1,000",178500.0,180000.0,176000.0,28943.0,BGF리테일,282330
2022-03-23,180000.0,"상승  1,000",178500.0,181000.0,176500.0,32657.0,BGF리테일,282330
2022-03-24,180000.0,보합0,178000.0,182000.0,178000.0,37137.0,BGF리테일,282330
2022-03-25,181000.0,"상승  1,000",180000.0,182500.0,178500.0,32543.0,BGF리테일,282330
2022-03-28,176000.0,"하락  5,000",179500.0,180000.0,174000.0,36554.0,BGF리테일,282330
2022-03-29,173000.0,"하락  3,000",177000.0,178500.0,171500.0,34427.0,BGF리테일,282330
2022-03-30,173500.0,상승  500,174000.0,176500.0,172000.0,33881.0,BGF리테일,282330
2022-03-31,174500.0,"상승  1,000",173000.0,177500.0,172500.0,30649.0,BGF리테일,282330
2022-04-01,179500.0,"상승  5,000",174500.0,181000.0,172500.0,42874.0,BGF리테일,282330
2022-04-04,179000.0,하락  500,177500.0,182000.0,177000.0,30076.0,BGF리테일,282330
2022-04-05,180000.0,"상승  1,000",179000.0,181000.0,177500.0,21909.0,BGF리테일,282330
2022-04-06,179500.0,하락  500,180000.0,180500.0,177500.0,24955.0,BGF리테일,282330
2022-04-07,178000.0,"하락  1,500",177000.0,181500.0,177000.0,30823.0,BGF리테일,282330
2022-04-08,178500.0,상승  500,178500.0,180000.0,177000.0,19684.0,BGF리테일,282330
2022-04-11,182000.0,"상승  3,500",176500.0,182000.0,176500.0,29050.0,BGF리테일,282330
2022-04-12,178500.0,"하락  3,500",180500.0,184000.0,177500.0,31776.0,BGF리테일,282330
2022-04-13,180000.0,"상승  1,500",180000.0,180500.0,174500.0,35360.0,BGF리테일,282330
2022-04-14,180500.0,상승  500,178000.0,181500.0,175500.0,40853.0,BGF리테일,282330
2022-04-15,179500.0,"하락  1,000",180500.0,181000.0,176500.0,22939.0,BGF리테일,282330
2022-04-18,184500.0,"상승  5,000",179500.0,190000.0,179500.0,55151.0,BGF리테일,282330
2022-04-19,181500.0,"하락  3,000",185000.0,186000.0,180000.0,30858.0,BGF리테일,282330
2022-04-20,182000.0,상승  500,179000.0,183000.0,177500.0,20316.0,BGF리테일,282330
2022-04-21,180000.0,"하락  2,000",183500.0,184000.0,179000.0,19396.0,BGF리테일,282330
2022-04-22,179500.0,하락  500,177500.0,181500.0,177500.0,21683.0,BGF리테일,282330
2022-04-25,183000.0,"상승  3,500",177500.0,186000.0,177000.0,32476.0,BGF리테일,282330
2022-04-26,181000.0,"하락  2,000",182500.0,184000.0,176000.0,55818.0,BGF리테일,282330
2022-04-27,180000.0,"하락  1,000",179000.0,182000.0,177000.0,22506.0,BGF리테일,282330
2022-04-28,181000.0,"상승  1,000",178000.0,183500.0,178000.0,29709.0,BGF리테일,282330
2022-04-29,181000.0,보합0,178500.0,183500.0,178500.0,20456.0,BGF리테일,282330
2022-05-02,182000.0,"상승  1,000",181000.0,183500.0,179000.0,15530.0,BGF리테일,282330
2022-05-03,187000.0,"상승  5,000",181000.0,190000.0,180500.0,47962.0,BGF리테일,282330
2022-05-04,187500.0,상승  500,187000.0,189000.0,185000.0,34742.0,BGF리테일,282330
2022-05-06,187500.0,보합0,187500.0,190000.0,182500.0,39851.0,BGF리테일,282330
2022-05-09,187000.0,하락  500,186500.0,188500.0,184000.0,49965.0,BGF리테일,282330
2022-05-10,187500.0,상승  500,187000.0,190500.0,182500.0,104680.0,BGF리테일,282330
2022-05-11,192000.0,"상승  4,500",187500.0,194500.0,186000.0,80377.0,BGF리테일,282330
2022-05-12,195000.0,"상승  3,000",190500.0,197000.0,190000.0,86388.0,BGF리테일,282330
2022-05-13,196500.0,"상승  1,500",198500.0,200000.0,193000.0,33661.0,BGF리테일,282330
2022-05-16,203000.0,"상승  6,500",198500.0,204000.0,196500.0,72377.0,BGF리테일,282330
2022-05-17,193000.0,"하락  10,000",201500.0,202000.0,187000.0,92951.0,BGF리테일,282330
2022-05-18,187000.0,"하락  6,000",188500.0,191000.0,183000.0,64386.0,BGF리테일,282330
2022-05-19,184000.0,"하락  3,000",181500.0,188000.0,178000.0,66291.0,BGF리테일,282330
2022-05-20,186000.0,"상승  2,000",185000.0,187500.0,182000.0,41761.0,BGF리테일,282330
2022-05-23,184500.0,"하락  1,500",186000.0,187000.0,182000.0,24406.0,BGF리테일,282330
2022-05-24,184500.0,보합0,183000.0,188000.0,182500.0,24551.0,BGF리테일,282330
2022-05-25,194000.0,"상승  9,500",187000.0,194000.0,185000.0,46295.0,BGF리테일,282330
2022-05-26,188000.0,"하락  6,000",192000.0,195500.0,186000.0,35837.0,BGF리테일,282330
2022-05-27,185500.0,"하락  2,500",191000.0,191500.0,185000.0,23735.0,BGF리테일,282330
2022-05-30,185500.0,보합0,185500.0,188000.0,185000.0,19987.0,BGF리테일,282330
2022-05-31,183500.0,"하락  2,000",185000.0,186000.0,181500.0,62208.0,BGF리테일,282330
2022-06-02,183500.0,보합0,181500.0,183500.0,181000.0,22608.0,BGF리테일,282330
2022-06-03,182500.0,"하락  1,000",182000.0,183000.0,176000.0,79333.0,BGF리테일,282330
2022-06-07,183000.0,상승  500,180500.0,184500.0,180500.0,18707.0,BGF리테일,282330
2022-06-08,185000.0,"상승  2,000",183000.0,187000.0,181500.0,32502.0,BGF리테일,282330
2022-06-09,184000.0,"하락  1,000",185000.0,185000.0,181000.0,32487.0,BGF리테일,282330
2022-06-10,178500.0,"하락  5,500",181000.0,182000.0,175500.0,46323.0,BGF리테일,282330
2022-06-13,176000.0,"하락  2,500",175000.0,179000.0,174500.0,29620.0,BGF리테일,282330
2022-06-14,174000.0,"하락  2,000",176500.0,177000.0,168500.0,58921.0,BGF리테일,282330
2022-06-15,175000.0,"상승  1,000",171000.0,178000.0,171000.0,27221.0,BGF리테일,282330
2022-06-16,174500.0,하락  500,175000.0,180000.0,174500.0,34865.0,BGF리테일,282330
2022-06-17,174500.0,보합0,177500.0,178000.0,170500.0,53682.0,BGF리테일,282330
2022-06-20,176000.0,"상승  1,500",174500.0,177500.0,174000.0,32857.0,BGF리테일,282330
2022-06-21,177000.0,"상승  1,000",179500.0,179500.0,176000.0,38751.0,BGF리테일,282330
2022-06-22,174500.0,"하락  2,500",176500.0,176500.0,173000.0,29946.0,BGF리테일,282330
2022-06-23,173500.0,"하락  1,000",175000.0,177500.0,172000.0,47496.0,BGF리테일,282330
2022-06-24,174500.0,"상승  1,000",175000.0,176000.0,172000.0,25902.0,BGF리테일,282330
2022-06-27,177500.0,"상승  3,000",175000.0,178500.0,173000.0,31788.0,BGF리테일,282330
2022-06-28,181000.0,"상승  3,500",178500.0,182000.0,174000.0,42525.0,BGF리테일,282330
2022-06-29,186000.0,"상승  5,000",179000.0,187000.0,179000.0,48803.0,BGF리테일,282330
2022-06-30,189000.0,"상승  3,000",189000.0,198500.0,187000.0,84956.0,BGF리테일,282330
2022-07-01,193000.0,"상승  4,000",196000.0,199000.0,188000.0,61097.0,BGF리테일,282330
2022-07-04,189000.0,"하락  4,000",190500.0,193000.0,184500.0,24361.0,BGF리테일,282330
2022-07-05,189500.0,상승  500,194000.0,194000.0,187000.0,29402.0,BGF리테일,282330
2022-07-06,185000.0,"하락  4,500",185500.0,188500.0,181500.0,37441.0,BGF리테일,282330
2022-07-07,188000.0,"상승  3,000",188000.0,190000.0,184500.0,19792.0,BGF리테일,282330
2022-07-08,189500.0,"상승  1,500",186000.0,192500.0,186000.0,35456.0,BGF리테일,282330
2022-07-11,186000.0,"하락  3,500",189000.0,191500.0,183000.0,24217.0,BGF리테일,282330
2022-07-12,188500.0,"상승  2,500",187000.0,189500.0,184500.0,25372.0,BGF리테일,282330
2022-07-13,184000.0,"하락  4,500",190000.0,190000.0,176000.0,48229.0,BGF리테일,282330
2022-07-14,188000.0,"상승  4,000",181000.0,190500.0,181000.0,28221.0,BGF리테일,282330
2022-07-15,185500.0,"하락  2,500",186500.0,191000.0,181500.0,20998.0,BGF리테일,282330
2022-07-18,188500.0,"상승  3,000",184000.0,189000.0,183500.0,10909.0,BGF리테일,282330
2022-07-19,188000.0,하락  500,188500.0,190000.0,186000.0,21697.0,BGF리테일,282330
2022-07-20,182500.0,"하락  5,500",187000.0,190000.0,182500.0,30545.0,BGF리테일,282330
2022-07-21,185500.0,"상승  3,000",183000.0,186500.0,181500.0,35938.0,BGF리테일,282330
2022-07-22,183000.0,"하락  2,500",184000.0,186500.0,180500.0,27655.0,BGF리테일,282330
2022-07-25,181000.0,"하락  2,000",182500.0,184000.0,179500.0,19952.0,BGF리테일,282330
2022-07-26,184500.0,"상승  3,500",181000.0,184500.0,179000.0,24944.0,BGF리테일,282330
2022-07-27,184500.0,보합0,184500.0,186500.0,181000.0,15580.0,BGF리테일,282330
2022-07-28,184000.0,하락  500,183000.0,187500.0,182500.0,23340.0,BGF리테일,282330
2022-07-29,181000.0,"하락  3,000",187500.0,188000.0,179500.0,30190.0,BGF리테일,282330
2022-08-01,178500.0,"하락  2,500",180000.0,182000.0,178000.0,19887.0,BGF리테일,282330
2022-08-02,183500.0,"상승  5,000",177500.0,186500.0,176000.0,46003.0,BGF리테일,282330
2022-08-03,184500.0,"상승  1,000",183500.0,187500.0,183000.0,27618.0,BGF리테일,282330
2022-08-04,186500.0,"상승  2,000",187500.0,189000.0,183500.0,29465.0,BGF리테일,282330
2022-08-05,174000.0,"하락  12,500",187000.0,187000.0,170000.0,160965.0,BGF리테일,282330
2022-08-08,174000.0,보합0,175000.0,176000.0,172500.0,35300.0,BGF리테일,282330
2022-08-09,178500.0,"상승  4,500",175000.0,180500.0,174000.0,60094.0,BGF리테일,282330
2022-08-10,174000.0,"하락  4,500",177000.0,181000.0,173500.0,31225.0,BGF리테일,282330
2022-08-11,169500.0,"하락  4,500",176000.0,176000.0,167500.0,85021.0,BGF리테일,282330
2022-08-12,167000.0,"하락  2,500",169000.0,169000.0,166500.0,67658.0,BGF리테일,282330
2022-08-16,166500.0,하락  500,166500.0,167000.0,162000.0,89500.0,BGF리테일,282330
2022-08-17,166500.0,보합0,167000.0,167500.0,163500.0,30362.0,BGF리테일,282330
2022-08-18,174500.0,"상승  8,000",164500.0,174500.0,164000.0,96119.0,BGF리테일,282330
2022-08-19,171500.0,"하락  3,000",173000.0,173500.0,169000.0,29174.0,BGF리테일,282330
2022-08-22,169500.0,"하락  2,000",170500.0,170500.0,165500.0,61458.0,BGF리테일,282330
2022-08-23,162500.0,"하락  7,000",169500.0,169500.0,161500.0,63182.0,BGF리테일,282330
2022-08-24,163000.0,상승  500,163500.0,164500.0,160000.0,54030.0,BGF리테일,282330
2022-08-25,163500.0,상승  500,164000.0,164000.0,161000.0,42369.0,BGF리테일,282330
2022-08-26,160500.0,"하락  3,000",163500.0,164500.0,159000.0,42535.0,BGF리테일,282330
2022-08-29,159000.0,"하락  1,500",157000.0,160000.0,156000.0,34046.0,BGF리테일,282330
2022-08-30,160000.0,"상승  1,000",159500.0,162000.0,159000.0,33263.0,BGF리테일,282330
2022-08-31,160500.0,상승  500,159500.0,161000.0,157000.0,52288.0,BGF리테일,282330
2022-09-01,157500.0,"하락  3,000",159000.0,161000.0,155500.0,64367.0,BGF리테일,282330
2022-09-02,156000.0,"하락  1,500",157500.0,157500.0,155000.0,54287.0,BGF리테일,282330
2022-09-05,154500.0,"하락  1,500",156000.0,158500.0,154500.0,35529.0,BGF리테일,282330
2022-09-06,155500.0,"상승  1,000",155500.0,159500.0,154000.0,37709.0,BGF리테일,282330
2022-09-07,157500.0,"상승  2,000",154500.0,159000.0,153000.0,77282.0,BGF리테일,282330
2022-09-08,158500.0,"상승  1,000",157500.0,160000.0,153500.0,99063.0,BGF리테일,282330
2022-09-13,155500.0,"하락  3,000",159500.0,160500.0,153500.0,88299.0,BGF리테일,282330
2022-09-14,159000.0,"상승  3,500",154000.0,160000.0,152500.0,52573.0,BGF리테일,282330
2022-09-15,159500.0,상승  500,159000.0,164000.0,158500.0,69600.0,BGF리테일,282330
2022-09-16,162500.0,"상승  3,000",159000.0,164000.0,158500.0,41724.0,BGF리테일,282330
2022-09-19,164500.0,"상승  2,000",163500.0,166000.0,159500.0,62759.0,BGF리테일,282330
2022-09-20,164000.0,하락  500,166000.0,168000.0,162500.0,73238.0,BGF리테일,282330
2022-09-21,163500.0,하락  500,162500.0,166000.0,162000.0,38216.0,BGF리테일,282330
2022-09-22,164000.0,상승  500,161500.0,166500.0,161000.0,36264.0,BGF리테일,282330
2022-09-23,162000.0,"하락  2,000",166000.0,166000.0,162000.0,14757.0,BGF리테일,282330
2022-09-26,160000.0,"하락  2,000",162500.0,165500.0,159000.0,40720.0,BGF리테일,282330
2022-09-27,163500.0,"상승  3,500",161000.0,165500.0,156000.0,37123.0,BGF리테일,282330
2022-09-28,161000.0,"하락  2,500",162500.0,167000.0,158000.0,40560.0,BGF리테일,282330
2022-09-29,164000.0,"상승  3,000",161500.0,164500.0,161000.0,24954.0,BGF리테일,282330
2022-09-30,165500.0,"상승  1,500",165000.0,169500.0,161000.0,72789.0,BGF리테일,282330
2022-10-04,164000.0,"하락  1,500",165500.0,167000.0,163500.0,29923.0,BGF리테일,282330
2022-10-05,166000.0,"상승  2,000",165000.0,167500.0,164500.0,211733.0,BGF리테일,282330
2022-10-06,165000.0,"하락  1,000",166000.0,166000.0,162500.0,155917.0,BGF리테일,282330
2022-10-07,168000.0,"상승  3,000",163500.0,170500.0,163500.0,60781.0,BGF리테일,282330
2022-10-11,172000.0,"상승  4,000",167500.0,172000.0,164500.0,55955.0,BGF리테일,282330
2022-10-12,171500.0,하락  500,176000.0,180000.0,168500.0,86371.0,BGF리테일,282330
2022-10-13,167000.0,"하락  4,500",170500.0,173500.0,166000.0,52695.0,BGF리테일,282330
2022-10-14,173500.0,"상승  6,500",168500.0,173500.0,166500.0,28929.0,BGF리테일,282330
2022-10-17,173000.0,하락  500,175000.0,175000.0,170500.0,26257.0,BGF리테일,282330
2022-10-18,176000.0,"상승  3,000",174500.0,176000.0,172500.0,28881.0,BGF리테일,282330
2022-10-19,175000.0,"하락  1,000",176500.0,179000.0,173500.0,18570.0,BGF리테일,282330
2022-10-20,176000.0,"상승  1,000",174000.0,177500.0,173000.0,41985.0,BGF리테일,282330
2022-10-21,183000.0,"상승  7,000",175000.0,184500.0,174500.0,62816.0,BGF리테일,282330
2022-10-24,184000.0,"상승  1,000",186000.0,186000.0,180500.0,36913.0,BGF리테일,282330
2022-10-25,181000.0,"하락  3,000",186000.0,186000.0,178500.0,31398.0,BGF리테일,282330
2022-10-26,182000.0,"상승  1,000",179000.0,185000.0,179000.0,24601.0,BGF리테일,282330
2022-10-27,184000.0,"상승  2,000",183000.0,185000.0,181500.0,29594.0,BGF리테일,282330
2022-10-28,184000.0,보합0,183500.0,185500.0,182000.0,18754.0,BGF리테일,282330
2022-10-31,186500.0,"상승  2,500",184500.0,188000.0,180500.0,36985.0,BGF리테일,282330
2022-11-01,186000.0,하락  500,188000.0,189000.0,185000.0,32989.0,BGF리테일,282330
2022-11-02,183500.0,"하락  2,500",183500.0,186000.0,181500.0,44206.0,BGF리테일,282330
2022-11-03,183500.0,보합0,185000.0,188500.0,182000.0,35912.0,BGF리테일,282330
2022-11-04,188000.0,"상승  4,500",186000.0,190000.0,184000.0,50948.0,BGF리테일,282330
2022-11-07,186000.0,"하락  2,000",188000.0,189000.0,184500.0,28364.0,BGF리테일,282330
2022-11-08,181500.0,"하락  4,500",189000.0,189000.0,180000.0,53923.0,BGF리테일,282330
2022-11-09,178500.0,"하락  3,000",181500.0,182000.0,176500.0,67787.0,BGF리테일,282330
2022-11-10,178000.0,하락  500,178000.0,181000.0,176500.0,45394.0,BGF리테일,282330
2022-11-11,177500.0,하락  500,180000.0,180000.0,176500.0,50762.0,BGF리테일,282330
2022-11-14,182500.0,"상승  5,000",177000.0,184000.0,177000.0,47411.0,BGF리테일,282330
2022-11-15,190500.0,"상승  8,000",185000.0,193000.0,184500.0,52879.0,BGF리테일,282330
2022-11-16,193500.0,"상승  3,000",188500.0,197000.0,188000.0,70266.0,BGF리테일,282330
2022-11-17,198000.0,"상승  4,500",195500.0,200000.0,194000.0,51568.0,BGF리테일,282330
2022-11-18,195000.0,"하락  3,000",200000.0,203000.0,191500.0,50834.0,BGF리테일,282330
2022-11-21,194000.0,"하락  1,000",194500.0,199000.0,192500.0,40918.0,BGF리테일,282330
2022-11-22,196500.0,"상승  2,500",195000.0,200000.0,192500.0,58415.0,BGF리테일,282330
2022-11-23,200000.0,"상승  3,500",193500.0,200500.0,192000.0,50690.0,BGF리테일,282330
2022-11-24,200500.0,상승  500,200000.0,202000.0,199000.0,35730.0,BGF리테일,282330
2022-11-25,205500.0,"상승  5,000",201500.0,206000.0,199500.0,54020.0,BGF리테일,282330
2022-11-28,200000.0,"하락  5,500",203500.0,205500.0,196500.0,39547.0,BGF리테일,282330
2022-11-29,199000.0,"하락  1,000",201500.0,205000.0,198500.0,51291.0,BGF리테일,282330
2022-11-30,205500.0,"상승  6,500",199500.0,210000.0,199500.0,215574.0,BGF리테일,282330
2022-12-01,196500.0,"하락  9,000",202500.0,203500.0,195500.0,40334.0,BGF리테일,282330
2022-12-02,195000.0,"하락  1,500",197500.0,197500.0,193000.0,22676.0,BGF리테일,282330
2022-12-05,196000.0,"상승  1,000",195000.0,199500.0,189000.0,55203.0,BGF리테일,282330
2022-12-06,207000.0,"상승  11,000",195500.0,207000.0,195000.0,47951.0,BGF리테일,282330
2022-12-07,205000.0,"하락  2,000",208500.0,219500.0,204000.0,63314.0,BGF리테일,282330
2022-12-08,203500.0,"하락  1,500",203500.0,205500.0,200000.0,36134.0,BGF리테일,282330
2022-12-09,205000.0,"상승  1,500",205000.0,207000.0,203500.0,37638.0,BGF리테일,282330
2022-12-12,205000.0,보합0,207000.0,207000.0,200500.0,15287.0,BGF리테일,282330
2022-12-13,209000.0,"상승  4,000",207000.0,209500.0,204000.0,31156.0,BGF리테일,282330
2022-12-14,209000.0,보합0,210000.0,210000.0,206000.0,36742.0,BGF리테일,282330
2022-12-15,211500.0,"상승  2,500",210000.0,214000.0,207000.0,30860.0,BGF리테일,282330
2022-12-16,206500.0,"하락  5,000",209500.0,211000.0,203500.0,40275.0,BGF리테일,282330
2022-12-19,212000.0,"상승  5,500",207000.0,213500.0,204000.0,18425.0,BGF리테일,282330
2022-12-20,213000.0,"상승  1,000",212000.0,213500.0,207000.0,23583.0,BGF리테일,282330
2022-12-21,212500.0,하락  500,215500.0,215500.0,210500.0,14358.0,BGF리테일,282330
2022-12-22,209500.0,"하락  3,000",211000.0,212500.0,208500.0,31002.0,BGF리테일,282330
2022-12-23,206500.0,"하락  3,000",211000.0,211000.0,204500.0,28853.0,BGF리테일,282330
2022-12-26,204500.0,"하락  2,000",206000.0,208000.0,201000.0,33859.0,BGF리테일,282330
2022-12-27,208500.0,"상승  4,000",204500.0,209000.0,202000.0,43241.0,BGF리테일,282330
2022-12-28,212000.0,"상승  3,500",205500.0,214000.0,202500.0,28229.0,BGF리테일,282330
2022-12-29,210500.0,"하락  1,500",207000.0,212500.0,206500.0,33874.0,BGF리테일,282330
2023-01-02,202000.0,"하락  8,500",212500.0,213000.0,199000.0,31009.0,BGF리테일,282330
2023-01-03,199000.0,"하락  3,000",205000.0,205000.0,197500.0,34013.0,BGF리테일,282330
2023-01-04,197500.0,"하락  1,500",199000.0,200000.0,194000.0,36531.0,BGF리테일,282330
2023-01-05,192000.0,"하락  5,500",195000.0,197000.0,190000.0,60951.0,BGF리테일,282330
2023-01-06,191500.0,하락  500,188500.0,193000.0,187000.0,16736.0,BGF리테일,282330
2023-01-09,193000.0,"상승  1,500",193000.0,194500.0,188500.0,35024.0,BGF리테일,282330
2023-01-10,189500.0,"하락  3,500",193500.0,193500.0,189500.0,30741.0,BGF리테일,282330
2023-01-11,189500.0,보합0,190000.0,191500.0,188000.0,36155.0,BGF리테일,282330
2023-01-12,191000.0,"상승  1,500",190000.0,194500.0,186500.0,52677.0,BGF리테일,282330
2023-01-13,193500.0,"상승  2,500",193000.0,195500.0,189500.0,44032.0,BGF리테일,282330
2023-01-16,195500.0,"상승  2,000",193500.0,199000.0,191500.0,18129.0,BGF리테일,282330
2023-01-17,197500.0,"상승  2,000",196000.0,198500.0,193500.0,41307.0,BGF리테일,282330
2023-01-18,192500.0,"하락  5,000",197500.0,197500.0,190500.0,43069.0,BGF리테일,282330
2023-01-19,192500.0,보합0,190500.0,193500.0,188000.0,35115.0,BGF리테일,282330
2023-01-20,192500.0,보합0,191000.0,195000.0,190500.0,19765.0,BGF리테일,282330
2023-01-25,189900.0,"하락  2,600",191000.0,193500.0,189100.0,24808.0,BGF리테일,282330
2023-01-26,189400.0,하락  500,189500.0,190700.0,189000.0,27187.0,BGF리테일,282330
2023-01-27,184000.0,"하락  5,400",187800.0,189200.0,183100.0,105903.0,BGF리테일,282330
2023-01-30,183300.0,하락  700,184000.0,185500.0,182000.0,63264.0,BGF리테일,282330
2023-01-31,186700.0,"상승  3,400",183900.0,187300.0,183600.0,70752.0,BGF리테일,282330
2023-02-01,185100.0,"하락  1,600",185000.0,186400.0,183700.0,64566.0,BGF리테일,282330
2023-02-02,190400.0,"상승  5,300",186800.0,192900.0,186000.0,107825.0,BGF리테일,282330
2023-02-03,190900.0,상승  500,189600.0,191600.0,188500.0,26993.0,BGF리테일,282330
2023-02-06,187500.0,"하락  3,400",189200.0,190200.0,186100.0,19147.0,BGF리테일,282330
2023-02-07,187700.0,상승  200,186000.0,187800.0,186000.0,25263.0,BGF리테일,282330
2023-02-08,188000.0,상승  300,188000.0,189400.0,186100.0,61468.0,BGF리테일,282330
2023-02-09,188400.0,상승  400,188100.0,192400.0,187500.0,30417.0,BGF리테일,282330
2023-02-10,186500.0,"하락  1,900",188500.0,189000.0,185100.0,28772.0,BGF리테일,282330
2023-02-13,184900.0,"하락  1,600",185300.0,186500.0,183000.0,23445.0,BGF리테일,282330
2023-02-14,185200.0,상승  300,186000.0,188000.0,184800.0,30039.0,BGF리테일,282330
2023-02-15,183800.0,"하락  1,400",185300.0,185300.0,182500.0,27812.0,BGF리테일,282330
2023-02-16,183800.0,보합0,184800.0,185500.0,182900.0,31280.0,BGF리테일,282330
2023-02-17,181300.0,"하락  2,500",182100.0,183800.0,180600.0,19743.0,BGF리테일,282330
2023-02-20,183300.0,"상승  2,000",181400.0,185000.0,180600.0,37468.0,BGF리테일,282330
2023-02-21,181700.0,"하락  1,600",183300.0,183600.0,181000.0,22412.0,BGF리테일,282330
2023-02-22,183400.0,"상승  1,700",181600.0,183900.0,181500.0,33105.0,BGF리테일,282330
2023-02-23,181400.0,"하락  2,000",183400.0,184400.0,181300.0,27409.0,BGF리테일,282330
2023-02-24,181900.0,상승  500,181300.0,183200.0,180200.0,28190.0,BGF리테일,282330
2023-02-27,180500.0,"하락  1,400",180300.0,181900.0,178300.0,40693.0,BGF리테일,282330
2023-02-28,180700.0,상승  200,180800.0,183000.0,179100.0,30839.0,BGF리테일,282330
2023-03-02,182000.0,"상승  1,300",179100.0,183400.0,179000.0,27383.0,BGF리테일,282330
2023-03-03,180700.0,"하락  1,300",182000.0,183900.0,180500.0,27066.0,BGF리테일,282330
2023-03-06,180900.0,상승  200,182800.0,182800.0,179700.0,22333.0,BGF리테일,282330
2023-03-07,182000.0,"상승  1,100",180800.0,183300.0,180000.0,20932.0,BGF리테일,282330
2023-03-08,183900.0,"상승  1,900",180300.0,183900.0,179100.0,38173.0,BGF리테일,282330
2023-03-09,181900.0,"하락  2,000",184400.0,184400.0,181400.0,30079.0,BGF리테일,282330
2023-03-10,180200.0,"하락  1,700",181500.0,182800.0,178000.0,31366.0,BGF리테일,282330
2023-03-13,179900.0,하락  300,181200.0,182000.0,177000.0,22741.0,BGF리테일,282330
2023-03-14,179300.0,하락  600,178000.0,181500.0,176400.0,27101.0,BGF리테일,282330
2023-03-15,177100.0,"하락  2,200",178500.0,179200.0,175000.0,24262.0,BGF리테일,282330
2023-03-16,175800.0,"하락  1,300",175100.0,176400.0,173200.0,21352.0,BGF리테일,282330
2023-03-17,174700.0,"하락  1,100",176000.0,177000.0,174200.0,25847.0,BGF리테일,282330
2023-03-20,174300.0,하락  400,175000.0,176700.0,174000.0,12819.0,BGF리테일,282330
2023-03-21,178100.0,"상승  3,800",174300.0,181000.0,174300.0,25733.0,BGF리테일,282330
2023-03-22,177600.0,하락  500,178100.0,180500.0,176900.0,17249.0,BGF리테일,282330
2023-03-23,179300.0,"상승  1,700",182000.0,182000.0,177500.0,18847.0,BGF리테일,282330
2023-03-24,180400.0,"상승  1,100",178200.0,183900.0,176000.0,31348.0,BGF리테일,282330
2023-03-27,178600.0,"하락  1,800",183000.0,183000.0,177100.0,11210.0,BGF리테일,282330
2023-03-28,180800.0,"상승  2,200",178900.0,181500.0,176600.0,16592.0,BGF리테일,282330
2023-03-29,181100.0,상승  300,182000.0,183000.0,179700.0,11694.0,BGF리테일,282330
2023-03-30,180400.0,하락  700,179400.0,181800.0,177200.0,15391.0,BGF리테일,282330
2023-03-31,181700.0,"상승  1,300",180100.0,182900.0,179000.0,19390.0,BGF리테일,282330
2023-04-03,180700.0,"하락  1,000",181800.0,183500.0,180400.0,22103.0,BGF리테일,282330
2023-04-04,187600.0,"상승  6,900",181800.0,188800.0,180100.0,52206.0,BGF리테일,282330
2023-04-05,189300.0,"상승  1,700",188500.0,193900.0,188200.0,53126.0,BGF리테일,282330
2023-04-06,189400.0,상승  100,191000.0,191900.0,186600.0,31103.0,BGF리테일,282330
2023-04-07,183800.0,"하락  5,600",187200.0,187200.0,182100.0,31622.0,BGF리테일,282330
2023-04-10,185400.0,"상승  1,600",182300.0,190800.0,182300.0,24676.0,BGF리테일,282330
2023-04-11,185500.0,상승  100,184300.0,189700.0,184300.0,22128.0,BGF리테일,282330
2023-04-12,182300.0,"하락  3,200",184800.0,186100.0,182100.0,30822.0,BGF리테일,282330
2023-04-13,181200.0,"하락  1,100",182000.0,183700.0,180100.0,41769.0,BGF리테일,282330
2023-04-14,182300.0,"상승  1,100",180900.0,182900.0,180700.0,34760.0,BGF리테일,282330
2023-04-17,179500.0,"하락  2,800",181500.0,183300.0,178900.0,23546.0,BGF리테일,282330
2023-04-18,180100.0,상승  600,177800.0,181300.0,177800.0,30996.0,BGF리테일,282330
2023-04-19,179500.0,하락  600,179100.0,180900.0,177800.0,34242.0,BGF리테일,282330
2023-04-20,183000.0,"상승  3,500",178600.0,183000.0,178100.0,32198.0,BGF리테일,282330
2023-04-21,183100.0,상승  100,180200.0,184400.0,180200.0,30182.0,BGF리테일,282330
2023-04-24,181900.0,"하락  1,200",181400.0,183400.0,178600.0,29433.0,BGF리테일,282330
2023-04-25,185400.0,"상승  3,500",183100.0,186000.0,181100.0,26093.0,BGF리테일,282330
2023-04-26,183600.0,"하락  1,800",185300.0,186400.0,181800.0,21793.0,BGF리테일,282330
2023-04-27,178000.0,"하락  5,600",182200.0,183800.0,178000.0,22290.0,BGF리테일,282330
2023-04-28,186600.0,"상승  8,600",176800.0,187900.0,176800.0,38997.0,BGF리테일,282330
2023-05-02,192000.0,"상승  5,400",184100.0,193700.0,184000.0,50301.0,BGF리테일,282330
2023-05-03,188800.0,"하락  3,200",192100.0,193100.0,184400.0,30780.0,BGF리테일,282330
2023-05-04,189000.0,상승  200,187300.0,191400.0,185600.0,23906.0,BGF리테일,282330
2023-05-08,186100.0,"하락  2,900",184500.0,188700.0,184500.0,22215.0,BGF리테일,282330
2023-05-09,185200.0,하락  900,186200.0,187900.0,185100.0,12422.0,BGF리테일,282330
2023-05-10,184500.0,하락  700,184100.0,185800.0,182100.0,23158.0,BGF리테일,282330
2023-05-11,182000.0,"하락  2,500",184100.0,186700.0,181200.0,22947.0,BGF리테일,282330
2023-05-12,179600.0,"하락  2,400",180900.0,182000.0,177900.0,38329.0,BGF리테일,282330
2023-05-15,181200.0,"상승  1,600",178300.0,183300.0,178200.0,27413.0,BGF리테일,282330
2023-05-16,182200.0,"상승  1,000",179200.0,182800.0,178400.0,19617.0,BGF리테일,282330
2023-05-17,180100.0,"하락  2,100",179800.0,182200.0,179500.0,18669.0,BGF리테일,282330
2023-05-18,180100.0,보합0,180100.0,180900.0,178900.0,18832.0,BGF리테일,282330
2023-05-19,181600.0,"상승  1,500",179000.0,182200.0,179000.0,19361.0,BGF리테일,282330
2023-05-22,184900.0,"상승  3,300",183500.0,187000.0,181800.0,27946.0,BGF리테일,282330
2023-05-23,183800.0,"하락  1,100",188000.0,188000.0,182500.0,22021.0,BGF리테일,282330
2023-05-24,190200.0,"상승  6,400",182100.0,190800.0,182000.0,30998.0,BGF리테일,282330
2023-05-25,185300.0,"하락  4,900",186400.0,188500.0,182600.0,45818.0,BGF리테일,282330
2023-05-26,182800.0,"하락  2,500",183100.0,184800.0,181000.0,27840.0,BGF리테일,282330
2023-05-30,183400.0,상승  600,183900.0,186400.0,181300.0,31911.0,BGF리테일,282330
2023-05-31,190400.0,"상승  7,000",181900.0,190800.0,181900.0,93134.0,BGF리테일,282330
2023-06-01,184400.0,"하락  6,000",190400.0,190400.0,184200.0,32207.0,BGF리테일,282330
2023-06-02,184700.0,상승  300,184600.0,185500.0,183000.0,20791.0,BGF리테일,282330
2023-06-05,184900.0,상승  200,184600.0,186800.0,183400.0,19912.0,BGF리테일,282330
2023-06-07,186600.0,"상승  1,700",187100.0,189500.0,184800.0,25937.0,BGF리테일,282330
2023-06-08,183500.0,"하락  3,100",188000.0,188000.0,183200.0,33058.0,BGF리테일,282330
2023-06-09,186100.0,"상승  2,600",185000.0,186500.0,184000.0,21358.0,BGF리테일,282330
2023-06-12,186800.0,상승  700,187900.0,188200.0,185000.0,17402.0,BGF리테일,282330
2023-06-13,185700.0,"하락  1,100",189500.0,189500.0,184900.0,18064.0,BGF리테일,282330
2023-06-14,188800.0,"상승  3,100",185000.0,190000.0,185000.0,20897.0,BGF리테일,282330
2023-06-15,190400.0,"상승  1,600",188800.0,192800.0,188300.0,35047.0,BGF리테일,282330
2023-06-16,193900.0,"상승  3,500",193900.0,196500.0,190800.0,84157.0,BGF리테일,282330
2023-06-19,185700.0,"하락  8,200",193300.0,197000.0,185000.0,39064.0,BGF리테일,282330
2023-06-20,187000.0,"상승  1,300",185700.0,187100.0,183700.0,27144.0,BGF리테일,282330
2023-06-21,183900.0,"하락  3,100",187900.0,187900.0,183000.0,37726.0,BGF리테일,282330
2023-06-22,182300.0,"하락  1,600",184000.0,184600.0,181300.0,21137.0,BGF리테일,282330
2023-06-23,179800.0,"하락  2,500",181400.0,182500.0,178600.0,33941.0,BGF리테일,282330
2023-06-26,184000.0,"상승  4,200",179000.0,184200.0,178800.0,29025.0,BGF리테일,282330
2023-06-27,182300.0,"하락  1,700",184000.0,184300.0,181000.0,20486.0,BGF리테일,282330
2023-06-28,183000.0,상승  700,182300.0,183600.0,180600.0,12691.0,BGF리테일,282330
2023-06-29,179000.0,"하락  4,000",181500.0,182400.0,179000.0,16892.0,BGF리테일,282330
2023-06-30,174900.0,"하락  4,100",178200.0,180800.0,172300.0,41549.0,BGF리테일,282330
2023-07-03,175900.0,"상승  1,000",174500.0,178400.0,174500.0,18863.0,BGF리테일,282330
2023-07-04,170200.0,"하락  5,700",174700.0,175700.0,170200.0,42443.0,BGF리테일,282330
2023-07-05,167800.0,"하락  2,400",170000.0,171500.0,167200.0,44933.0,BGF리테일,282330
2023-07-06,166600.0,"하락  1,200",167800.0,169100.0,161500.0,75342.0,BGF리테일,282330
2023-07-07,166800.0,상승  200,163700.0,168400.0,162500.0,40578.0,BGF리테일,282330
2023-07-10,170500.0,"상승  3,700",166100.0,171800.0,165800.0,29140.0,BGF리테일,282330
2023-07-11,168800.0,"하락  1,700",171700.0,171700.0,166800.0,32793.0,BGF리테일,282330
2023-07-12,168400.0,하락  400,168800.0,169500.0,167000.0,42768.0,BGF리테일,282330
2023-07-13,174900.0,"상승  6,500",169400.0,177600.0,168900.0,64588.0,BGF리테일,282330
2023-07-14,173400.0,"하락  1,500",176300.0,177000.0,172100.0,48119.0,BGF리테일,282330
2023-07-17,171000.0,"하락  2,400",172000.0,173000.0,170800.0,40248.0,BGF리테일,282330
2023-07-18,169700.0,"하락  1,300",172100.0,172500.0,169500.0,70636.0,BGF리테일,282330
2023-07-19,164100.0,"하락  5,600",168000.0,169700.0,162200.0,53161.0,BGF리테일,282330
2023-07-20,165400.0,"상승  1,300",163500.0,167800.0,163500.0,27651.0,BGF리테일,282330
2023-07-21,168200.0,"상승  2,800",165400.0,168200.0,165000.0,23677.0,BGF리테일,282330
2023-07-24,164000.0,"하락  4,200",166900.0,166900.0,162500.0,23573.0,BGF리테일,282330
2023-07-25,159700.0,"하락  4,300",164000.0,164500.0,158700.0,39424.0,BGF리테일,282330
2023-07-26,159600.0,하락  100,159700.0,161300.0,156200.0,37602.0,BGF리테일,282330
2023-07-27,167700.0,"상승  8,100",161000.0,167700.0,159000.0,32401.0,BGF리테일,282330
2023-07-28,164200.0,"하락  3,500",163500.0,166100.0,162300.0,19051.0,BGF리테일,282330
2023-07-31,167600.0,"상승  3,400",165800.0,167700.0,164400.0,15527.0,BGF리테일,282330
2023-08-01,172700.0,"상승  5,100",166700.0,173800.0,165100.0,32667.0,BGF리테일,282330
2023-08-02,170200.0,"하락  2,500",170300.0,171500.0,168900.0,24900.0,BGF리테일,282330
2023-08-03,171200.0,"상승  1,000",169500.0,171900.0,167400.0,25209.0,BGF리테일,282330
2023-08-04,169400.0,"하락  1,800",172100.0,173600.0,166100.0,33462.0,BGF리테일,282330
2023-08-07,170300.0,상승  900,169300.0,174400.0,167900.0,37496.0,BGF리테일,282330
2023-08-08,171600.0,"상승  1,300",173400.0,173400.0,170000.0,27146.0,BGF리테일,282330
2023-08-09,165300.0,"하락  6,300",172100.0,172100.0,164200.0,41483.0,BGF리테일,282330
2023-08-10,170000.0,"상승  4,700",165300.0,171700.0,165000.0,67311.0,BGF리테일,282330
2023-08-11,167400.0,"하락  2,600",165200.0,169700.0,165200.0,22340.0,BGF리테일,282330
2023-08-14,169200.0,"상승  1,800",167500.0,170000.0,166600.0,21042.0,BGF리테일,282330
2023-08-16,163600.0,"하락  5,600",169200.0,169300.0,163600.0,26086.0,BGF리테일,282330
2023-08-17,163900.0,상승  300,163700.0,165000.0,161800.0,32725.0,BGF리테일,282330
2023-08-18,160200.0,"하락  3,700",162100.0,162500.0,159500.0,32712.0,BGF리테일,282330
2023-08-21,162400.0,"상승  2,200",160200.0,163900.0,160000.0,17391.0,BGF리테일,282330
2023-08-22,161800.0,하락  600,162400.0,163700.0,161000.0,23520.0,BGF리테일,282330
2023-08-23,162800.0,"상승  1,000",161000.0,164400.0,161000.0,23285.0,BGF리테일,282330
2023-08-24,161600.0,"하락  1,200",162900.0,163600.0,161100.0,28229.0,BGF리테일,282330
2023-08-25,161000.0,하락  600,161600.0,163000.0,160000.0,24017.0,BGF리테일,282330
2023-08-28,160200.0,하락  800,163200.0,164900.0,160100.0,28065.0,BGF리테일,282330
2023-08-29,160500.0,상승  300,161300.0,161300.0,159600.0,19601.0,BGF리테일,282330
2023-08-30,159000.0,"하락  1,500",161100.0,161400.0,158500.0,37100.0,BGF리테일,282330
2023-08-31,156400.0,"하락  2,600",158900.0,159100.0,156400.0,93603.0,BGF리테일,282330
2023-09-01,156300.0,하락  100,156200.0,158500.0,156200.0,24291.0,BGF리테일,282330
2023-09-04,154500.0,"하락  1,800",155800.0,157000.0,154200.0,33205.0,BGF리테일,282330
2023-09-05,154800.0,상승  300,154000.0,156500.0,153900.0,20943.0,BGF리테일,282330
2023-09-06,157000.0,"상승  2,200",154500.0,158100.0,154500.0,24639.0,BGF리테일,282330
2023-09-07,153400.0,"하락  3,600",156000.0,156500.0,152300.0,43721.0,BGF리테일,282330
2023-09-08,153600.0,상승  200,154100.0,154400.0,152700.0,21162.0,BGF리테일,282330
2023-09-11,150100.0,"하락  3,500",153500.0,154200.0,149500.0,33186.0,BGF리테일,282330
2023-09-12,149500.0,하락  600,150500.0,152400.0,148200.0,38154.0,BGF리테일,282330
2023-09-13,151000.0,"상승  1,500",148300.0,151200.0,148300.0,34318.0,BGF리테일,282330
2023-09-14,152400.0,"상승  1,400",149700.0,152500.0,149700.0,30696.0,BGF리테일,282330
2023-09-15,153300.0,상승  900,153000.0,154100.0,151400.0,46333.0,BGF리테일,282330
2023-09-18,149600.0,"하락  3,700",153700.0,153900.0,149600.0,21250.0,BGF리테일,282330
2023-09-19,149200.0,하락  400,149200.0,150200.0,149000.0,14136.0,BGF리테일,282330
2023-09-20,148600.0,하락  600,149200.0,149300.0,148000.0,31079.0,BGF리테일,282330
2023-09-21,144200.0,"하락  4,400",147900.0,149000.0,144000.0,38966.0,BGF리테일,282330
2023-09-22,143000.0,"하락  1,200",143000.0,145000.0,141200.0,48466.0,BGF리테일,282330
2023-09-25,144200.0,"상승  1,200",143900.0,145500.0,142400.0,53239.0,BGF리테일,282330
2023-09-26,141200.0,"하락  3,000",142700.0,144200.0,140000.0,42694.0,BGF리테일,282330
2023-09-27,141000.0,하락  200,140200.0,141700.0,135000.0,105243.0,BGF리테일,282330
2023-10-04,131800.0,"하락  9,200",138200.0,139000.0,130600.0,111813.0,BGF리테일,282330
2023-10-05,141500.0,"상승  9,700",132600.0,143200.0,131300.0,40727.0,BGF리테일,282330
2023-10-06,138100.0,"하락  3,400",141500.0,141500.0,137200.0,44079.0,BGF리테일,282330
2023-10-10,139600.0,"상승  1,500",138300.0,144400.0,138100.0,65549.0,BGF리테일,282330
2023-10-11,139200.0,하락  400,139700.0,142800.0,137600.0,61748.0,BGF리테일,282330
2023-10-12,139200.0,보합0,140500.0,140500.0,137200.0,65574.0,BGF리테일,282330
2023-10-13,139600.0,상승  400,137800.0,141900.0,137800.0,38882.0,BGF리테일,282330
2023-10-16,138900.0,하락  700,139600.0,141700.0,138300.0,47281.0,BGF리테일,282330
2023-10-17,134800.0,"하락  4,100",140300.0,140300.0,134400.0,57346.0,BGF리테일,282330
2023-10-18,136800.0,"상승  2,000",134600.0,138800.0,134600.0,83423.0,BGF리테일,282330
2023-10-19,136600.0,하락  200,134600.0,137400.0,130800.0,87497.0,BGF리테일,282330
2023-10-20,131700.0,"하락  4,900",135000.0,137500.0,131200.0,40394.0,BGF리테일,282330
2023-10-23,130900.0,하락  800,133800.0,133800.0,129400.0,41588.0,BGF리테일,282330
2023-10-24,131400.0,상승  500,131100.0,132400.0,129700.0,48179.0,BGF리테일,282330
2023-10-25,133100.0,"상승  1,700",131000.0,134700.0,130100.0,61809.0,BGF리테일,282330
2023-10-26,131700.0,"하락  1,400",134000.0,134000.0,129500.0,62880.0,BGF리테일,282330
2023-10-27,138600.0,"상승  6,900",134300.0,140500.0,133000.0,61218.0,BGF리테일,282330
2023-10-30,141300.0,"상승  2,700",138600.0,142400.0,137800.0,39599.0,BGF리테일,282330
2023-10-31,138200.0,"하락  3,100",142600.0,142600.0,137500.0,39041.0,BGF리테일,282330
2023-11-01,144000.0,"상승  5,800",139100.0,145100.0,139100.0,48569.0,BGF리테일,282330
2023-11-02,140400.0,"하락  3,600",144100.0,144200.0,138900.0,45634.0,BGF리테일,282330
2023-11-03,144600.0,"상승  4,200",140500.0,147100.0,139500.0,61685.0,BGF리테일,282330
2023-11-06,150400.0,"상승  5,800",147800.0,150900.0,145900.0,58014.0,BGF리테일,282330
2023-11-07,145000.0,"하락  5,400",149000.0,149500.0,143400.0,30783.0,BGF리테일,282330
2023-11-08,144900.0,하락  100,147900.0,147900.0,144000.0,18389.0,BGF리테일,282330
2023-11-09,147000.0,"상승  2,100",144500.0,152000.0,144500.0,55679.0,BGF리테일,282330
2023-11-10,145300.0,"하락  1,700",145300.0,147000.0,141100.0,36424.0,BGF리테일,282330
2023-11-13,148000.0,"상승  2,700",148300.0,148800.0,145200.0,12563.0,BGF리테일,282330
2023-11-14,150500.0,"상승  2,500",150000.0,150500.0,147200.0,21984.0,BGF리테일,282330
2023-11-15,141200.0,"하락  9,300",153000.0,153700.0,138800.0,131614.0,BGF리테일,282330
2023-11-16,139600.0,"하락  1,600",140000.0,141500.0,139500.0,35188.0,BGF리테일,282330
2023-11-17,133500.0,"하락  6,100",139300.0,139500.0,132800.0,56902.0,BGF리테일,282330
2023-11-20,135400.0,"상승  1,900",133400.0,136500.0,132100.0,37377.0,BGF리테일,282330
2023-11-21,135100.0,하락  300,136300.0,137100.0,134800.0,32271.0,BGF리테일,282330
2023-11-22,132300.0,"하락  2,800",134200.0,135100.0,132300.0,44196.0,BGF리테일,282330
2023-11-23,131100.0,"하락  1,200",132600.0,133300.0,131100.0,60239.0,BGF리테일,282330
2023-11-24,131100.0,보합0,131600.0,132300.0,131000.0,66523.0,BGF리테일,282330
2023-11-27,128900.0,"하락  2,200",131400.0,131700.0,128800.0,90996.0,BGF리테일,282330
2023-11-28,129400.0,상승  500,129700.0,130600.0,128500.0,83236.0,BGF리테일,282330
2023-11-29,132500.0,"상승  3,100",129400.0,136200.0,129400.0,173987.0,BGF리테일,282330
2023-11-30,135700.0,"상승  3,200",130900.0,142900.0,130900.0,1122398.0,BGF리테일,282330
2023-12-01,136900.0,"상승  1,200",136600.0,141400.0,136600.0,140282.0,BGF리테일,282330
2023-12-04,135500.0,"하락  1,400",138000.0,138000.0,135100.0,56641.0,BGF리테일,282330
2023-12-05,141100.0,"상승  5,600",135500.0,143400.0,134700.0,92022.0,BGF리테일,282330
2023-12-06,137700.0,"하락  3,400",143100.0,143100.0,137400.0,53595.0,BGF리테일,282330
2023-12-07,137000.0,하락  700,136800.0,140200.0,136000.0,62975.0,BGF리테일,282330
2023-12-08,137000.0,보합0,137100.0,139200.0,136400.0,52697.0,BGF리테일,282330
2023-12-11,136600.0,하락  400,138900.0,138900.0,136000.0,30774.0,BGF리테일,282330
2023-12-12,136100.0,하락  500,138400.0,138500.0,135900.0,35497.0,BGF리테일,282330
2023-12-13,132100.0,"하락  4,000",135600.0,137300.0,131900.0,99733.0,BGF리테일,282330
2023-12-14,134800.0,"상승  2,700",134400.0,134800.0,132300.0,102815.0,BGF리테일,282330
2023-12-15,134200.0,하락  600,135300.0,136000.0,133300.0,51987.0,BGF리테일,282330
2023-12-18,131100.0,"하락  3,100",133100.0,134000.0,130900.0,88528.0,BGF리테일,282330
2023-12-19,132700.0,"상승  1,600",131200.0,135500.0,130900.0,82882.0,BGF리테일,282330
2023-12-20,133800.0,"상승  1,100",134400.0,134400.0,132200.0,55037.0,BGF리테일,282330
2023-12-21,132500.0,"하락  1,300",133400.0,133700.0,131500.0,46671.0,BGF리테일,282330
2023-12-22,131900.0,하락  600,132800.0,133000.0,131400.0,45069.0,BGF리테일,282330
2023-12-26,134800.0,"상승  2,900",133000.0,134800.0,131000.0,84544.0,BGF리테일,282330
2023-12-27,128700.0,"하락  6,100",132300.0,132700.0,128500.0,140743.0,BGF리테일,282330
2023-12-28,131300.0,"상승  2,600",129300.0,131400.0,128500.0,72995.0,BGF리테일,282330
2024-01-02,135100.0,"상승  3,800",131200.0,135400.0,130800.0,70077.0,BGF리테일,282330
2024-01-03,137300.0,"상승  2,200",134800.0,137500.0,133500.0,93942.0,BGF리테일,282330
2024-01-04,134800.0,"하락  2,500",137500.0,137500.0,134800.0,39346.0,BGF리테일,282330
2024-01-05,137600.0,"상승  2,800",134800.0,139300.0,134300.0,77754.0,BGF리테일,282330
2024-01-08,140000.0,"상승  2,400",137900.0,141700.0,137700.0,78744.0,BGF리테일,282330
2024-01-09,140100.0,상승  100,141400.0,143600.0,139400.0,59858.0,BGF리테일,282330
2024-01-10,140300.0,상승  200,140300.0,141800.0,139800.0,50059.0,BGF리테일,282330
2024-01-11,135700.0,"하락  4,600",139000.0,140000.0,135000.0,100254.0,BGF리테일,282330
2024-01-12,140900.0,"상승  5,200",137000.0,141800.0,136300.0,100783.0,BGF리테일,282330
2024-01-15,143500.0,"상승  2,600",141800.0,144500.0,140000.0,82757.0,BGF리테일,282330
2024-01-16,144900.0,"상승  1,400",143600.0,147800.0,140900.0,108406.0,BGF리테일,282330
2024-01-17,140000.0,"하락  4,900",146000.0,146000.0,139900.0,58494.0,BGF리테일,282330
2024-01-18,140800.0,상승  800,140900.0,144800.0,140200.0,72915.0,BGF리테일,282330
2024-01-19,144800.0,"상승  4,000",141000.0,145700.0,141000.0,62531.0,BGF리테일,282330
2024-01-22,146100.0,"상승  1,300",145900.0,147100.0,143200.0,64600.0,BGF리테일,282330
2024-01-23,144600.0,"하락  1,500",147300.0,147300.0,143000.0,45065.0,BGF리테일,282330
2024-01-24,143300.0,"하락  1,300",142800.0,146500.0,142800.0,37602.0,BGF리테일,282330
2024-01-25,143000.0,하락  300,143300.0,144800.0,141100.0,43685.0,BGF리테일,282330
2024-01-26,146100.0,"상승  3,100",143500.0,146600.0,142800.0,40128.0,BGF리테일,282330
2024-01-29,144600.0,"하락  1,500",147100.0,147100.0,144600.0,20144.0,BGF리테일,282330
2024-01-30,141200.0,"하락  3,400",144500.0,145300.0,141200.0,47910.0,BGF리테일,282330
2024-01-31,141100.0,하락  100,140500.0,142500.0,138600.0,45681.0,BGF리테일,282330
2024-02-01,140800.0,하락  300,139200.0,143100.0,139100.0,49593.0,BGF리테일,282330
2024-02-02,139300.0,"하락  1,500",140800.0,140900.0,138700.0,70959.0,BGF리테일,282330
2024-02-05,137700.0,"하락  1,600",139300.0,139600.0,136600.0,99257.0,BGF리테일,282330
2024-02-06,136500.0,"하락  1,200",137200.0,138200.0,135100.0,46340.0,BGF리테일,282330
2024-02-07,137700.0,"상승  1,200",138000.0,138100.0,135400.0,58630.0,BGF리테일,282330
2024-02-08,133100.0,"하락  4,600",138000.0,138000.0,133100.0,84583.0,BGF리테일,282330
2024-02-13,133000.0,하락  100,134400.0,135100.0,133000.0,41395.0,BGF리테일,282330
2024-02-14,133400.0,상승  400,133100.0,133800.0,131800.0,30990.0,BGF리테일,282330
2024-02-15,132200.0,"하락  1,200",134600.0,134600.0,132200.0,37027.0,BGF리테일,282330
2024-02-16,132100.0,하락  100,133400.0,133400.0,131800.0,76602.0,BGF리테일,282330
2024-02-19,130900.0,"하락  1,200",132200.0,133200.0,130600.0,84405.0,BGF리테일,282330
2024-02-20,129600.0,"하락  1,300",130900.0,131000.0,129300.0,81783.0,BGF리테일,282330
2024-02-21,130000.0,상승  400,129900.0,131200.0,129200.0,46654.0,BGF리테일,282330
2024-02-22,132000.0,"상승  2,000",130800.0,132400.0,129800.0,64485.0,BGF리테일,282330
2024-02-23,132700.0,상승  700,132000.0,133000.0,130700.0,38583.0,BGF리테일,282330
2024-02-26,131200.0,"하락  1,500",133500.0,133500.0,130400.0,30192.0,BGF리테일,282330
2024-02-27,130000.0,"하락  1,200",131800.0,131800.0,129900.0,31489.0,BGF리테일,282330
2024-02-28,133900.0,"상승  3,900",130200.0,134100.0,130100.0,56163.0,BGF리테일,282330
2024-02-29,132100.0,"하락  1,800",132700.0,133800.0,131900.0,44355.0,BGF리테일,282330
2024-03-04,131000.0,"하락  1,100",132600.0,133400.0,131000.0,51161.0,BGF리테일,282330
2024-03-05,130000.0,"하락  1,000",130800.0,131800.0,129500.0,51474.0,BGF리테일,282330
2024-03-06,130400.0,상승  400,129900.0,132000.0,129600.0,34435.0,BGF리테일,282330
2024-03-07,122500.0,"하락  7,900",131400.0,131400.0,121500.0,149638.0,BGF리테일,282330
2024-03-08,124900.0,"상승  2,400",123400.0,126600.0,121400.0,96350.0,BGF리테일,282330
2024-03-11,128800.0,"상승  3,900",125000.0,129700.0,122700.0,103150.0,BGF리테일,282330
2024-03-12,128300.0,하락  500,129600.0,129600.0,126800.0,48473.0,BGF리테일,282330
2024-03-13,126900.0,"하락  1,400",128300.0,128900.0,126000.0,104475.0,BGF리테일,282330
2024-03-14,123400.0,"하락  3,500",126300.0,126900.0,123400.0,137917.0,BGF리테일,282330
2024-03-15,121100.0,"하락  2,300",123400.0,123700.0,120600.0,122040.0,BGF리테일,282330
2024-03-18,119300.0,"하락  1,800",121300.0,121700.0,119300.0,65929.0,BGF리테일,282330
2024-03-19,118400.0,하락  900,119300.0,119600.0,117700.0,78328.0,BGF리테일,282330
2024-03-20,118200.0,하락  200,119400.0,119400.0,116700.0,52508.0,BGF리테일,282330
2024-03-21,117900.0,하락  300,118600.0,119300.0,117600.0,61548.0,BGF리테일,282330
2024-03-22,118600.0,상승  700,117600.0,118600.0,116500.0,74330.0,BGF리테일,282330
2024-03-25,117000.0,"하락  1,600",118100.0,118100.0,116700.0,36330.0,BGF리테일,282330
2024-03-26,118400.0,"상승  1,400",117300.0,119800.0,116700.0,92948.0,BGF리테일,282330
2024-03-27,118500.0,상승  100,117600.0,119400.0,117500.0,66341.0,BGF리테일,282330
2024-03-28,117000.0,"하락  1,500",118200.0,118600.0,117000.0,77188.0,BGF리테일,282330
2024-03-29,117700.0,상승  700,117600.0,118700.0,117000.0,60274.0,BGF리테일,282330
2024-04-01,121900.0,"상승  4,200",118500.0,121900.0,117700.0,64407.0,BGF리테일,282330
2024-04-02,121500.0,하락  400,120600.0,122000.0,120000.0,63585.0,BGF리테일,282330
2024-04-03,119500.0,"하락  2,000",120400.0,120600.0,117200.0,72499.0,BGF리테일,282330
2024-04-04,117100.0,"하락  2,400",120000.0,120000.0,117000.0,59081.0,BGF리테일,282330
2024-04-05,117000.0,하락  100,116800.0,118800.0,116700.0,49946.0,BGF리테일,282330
2024-04-08,118700.0,"상승  1,700",117000.0,118800.0,116500.0,55143.0,BGF리테일,282330
2024-04-09,119900.0,"상승  1,200",119400.0,119900.0,117900.0,39512.0,BGF리테일,282330
2024-04-11,120700.0,상승  800,117300.0,120700.0,117300.0,86665.0,BGF리테일,282330
2024-04-12,116700.0,"하락  4,000",119600.0,119900.0,116700.0,83082.0,BGF리테일,282330
2024-04-15,112500.0,"하락  4,200",116500.0,116600.0,112300.0,109075.0,BGF리테일,282330
2024-04-16,117100.0,"상승  4,600",112000.0,117100.0,111300.0,67490.0,BGF리테일,282330
2024-04-17,121500.0,"상승  4,400",117100.0,121500.0,115600.0,95340.0,BGF리테일,282330
2024-04-18,125600.0,"상승  4,100",121400.0,125600.0,120000.0,146496.0,BGF리테일,282330
2024-04-19,128900.0,"상승  3,300",124500.0,129000.0,123100.0,148617.0,BGF리테일,282330
2024-04-22,129100.0,상승  200,129100.0,130600.0,126900.0,57455.0,BGF리테일,282330
2024-04-23,130800.0,"상승  1,700",128200.0,130900.0,128200.0,52618.0,BGF리테일,282330
2024-04-24,131900.0,"상승  1,100",131000.0,132000.0,130700.0,52155.0,BGF리테일,282330
2024-04-25,129000.0,"하락  2,900",130100.0,130900.0,125200.0,75148.0,BGF리테일,282330
2024-04-26,128000.0,"하락  1,000",127900.0,130000.0,126100.0,38996.0,BGF리테일,282330
2024-04-29,130000.0,"상승  2,000",130000.0,131000.0,129200.0,69725.0,BGF리테일,282330
2024-04-30,131100.0,"상승  1,100",130200.0,132900.0,127600.0,78005.0,BGF리테일,282330
2024-05-02,133100.0,"상승  2,000",132300.0,133500.0,130000.0,77366.0,BGF리테일,282330
2024-05-03,132700.0,하락  400,131500.0,134200.0,129700.0,58780.0,BGF리테일,282330
2024-05-07,133500.0,상승  800,134300.0,134400.0,132600.0,74246.0,BGF리테일,282330
2024-05-08,136200.0,"상승  2,700",134100.0,136200.0,131300.0,33728.0,BGF리테일,282330
2024-05-09,135200.0,"하락  1,000",135900.0,135900.0,133800.0,82091.0,BGF리테일,282330
2024-05-10,133600.0,"하락  1,600",136200.0,136200.0,133300.0,23137.0,BGF리테일,282330
2024-05-13,127800.0,"하락  5,800",133800.0,133800.0,127100.0,49564.0,BGF리테일,282330
2024-05-14,126000.0,"하락  1,800",127800.0,128000.0,125900.0,46440.0,BGF리테일,282330
2024-05-16,120600.0,"하락  5,400",126000.0,127100.0,120500.0,104491.0,BGF리테일,282330
2024-05-17,120100.0,하락  500,120400.0,121000.0,119800.0,66486.0,BGF리테일,282330
2024-05-20,118500.0,"하락  1,600",121000.0,121000.0,118200.0,47482.0,BGF리테일,282330
2024-05-21,117500.0,"하락  1,000",118000.0,119500.0,117500.0,38480.0,BGF리테일,282330
2024-05-22,117000.0,하락  500,117500.0,118300.0,116800.0,40537.0,BGF리테일,282330
2024-05-23,118500.0,"상승  1,500",116600.0,118900.0,116100.0,36489.0,BGF리테일,282330
2024-05-24,117900.0,하락  600,117400.0,120100.0,117200.0,46902.0,BGF리테일,282330
2024-05-27,119800.0,"상승  1,900",118000.0,120100.0,118000.0,33392.0,BGF리테일,282330
2024-05-28,118600.0,"하락  1,200",119800.0,120800.0,118600.0,26891.0,BGF리테일,282330
2024-05-29,118300.0,하락  300,117800.0,119300.0,116900.0,23037.0,BGF리테일,282330
2024-05-30,116500.0,"하락  1,800",117000.0,118300.0,116500.0,24195.0,BGF리테일,282330
2024-05-31,116500.0,보합0,117700.0,117900.0,116000.0,45895.0,BGF리테일,282330
2024-06-03,118700.0,"상승  2,200",117700.0,119300.0,116800.0,40602.0,BGF리테일,282330
2024-06-04,118700.0,보합0,117600.0,119600.0,117500.0,23479.0,BGF리테일,282330
2024-06-05,117000.0,"하락  1,700",118700.0,120200.0,116900.0,49524.0,BGF리테일,282330
2024-06-07,115900.0,"하락  1,100",116700.0,118100.0,115400.0,59724.0,BGF리테일,282330
2024-06-10,116300.0,상승  400,115300.0,117900.0,115000.0,39830.0,BGF리테일,282330
2024-06-11,115200.0,"하락  1,100",116400.0,118000.0,115000.0,40516.0,BGF리테일,282330
2024-06-12,115900.0,상승  700,115200.0,116300.0,115100.0,14598.0,BGF리테일,282330
2024-06-13,114900.0,"하락  1,000",115900.0,116500.0,114900.0,66712.0,BGF리테일,282330
2024-06-14,115000.0,상승  100,114300.0,115900.0,114300.0,33878.0,BGF리테일,282330
2024-06-17,113000.0,"하락  2,000",114700.0,115500.0,112600.0,52961.0,BGF리테일,282330
2024-06-18,111500.0,"하락  1,500",113600.0,113600.0,111500.0,50232.0,BGF리테일,282330
2024-06-19,111300.0,하락  200,112400.0,112400.0,110500.0,58874.0,BGF리테일,282330
2024-06-20,109900.0,"하락  1,400",111200.0,111300.0,109800.0,56181.0,BGF리테일,282330
2024-06-21,109700.0,하락  200,109600.0,110600.0,109200.0,43929.0,BGF리테일,282330
2024-06-24,109400.0,하락  300,110700.0,111500.0,109400.0,44071.0,BGF리테일,282330
2024-06-25,108000.0,"하락  1,400",110400.0,110400.0,107600.0,60696.0,BGF리테일,282330
2024-06-26,106000.0,"하락  2,000",107100.0,108500.0,105700.0,36564.0,BGF리테일,282330
2024-06-27,104000.0,"하락  2,000",105300.0,107000.0,102900.0,77125.0,BGF리테일,282330
2024-06-28,103300.0,하락  700,104100.0,104400.0,101700.0,86796.0,BGF리테일,282330
2024-07-01,107200.0,"상승  3,900",103000.0,108400.0,102100.0,70399.0,BGF리테일,282330
2024-07-02,106400.0,하락  800,107000.0,110100.0,105900.0,73639.0,BGF리테일,282330
2024-07-03,104000.0,"하락  2,400",107200.0,107200.0,103100.0,34422.0,BGF리테일,282330
2024-07-04,101500.0,"하락  2,500",104800.0,104800.0,100800.0,90199.0,BGF리테일,282330
2024-07-05,99900.0,"하락  1,600",101500.0,101700.0,99000.0,132549.0,BGF리테일,282330
2024-07-08,100300.0,상승  400,99800.0,101000.0,99100.0,70416.0,BGF리테일,282330
2024-07-09,101600.0,"상승  1,300",100900.0,102000.0,100300.0,37148.0,BGF리테일,282330
2024-07-10,100700.0,하락  900,101600.0,101600.0,100500.0,26361.0,BGF리테일,282330
2024-07-11,99700.0,"하락  1,000",101200.0,101200.0,99700.0,59965.0,BGF리테일,282330
2024-07-12,103900.0,"상승  4,200",100100.0,103900.0,100000.0,75408.0,BGF리테일,282330
2024-07-15,105500.0,"상승  1,600",104000.0,106200.0,103900.0,62663.0,BGF리테일,282330
2024-07-16,104900.0,하락  600,105500.0,106800.0,103700.0,49791.0,BGF리테일,282330
2024-07-17,106200.0,"상승  1,300",105100.0,106700.0,104700.0,55268.0,BGF리테일,282330
2024-07-18,107000.0,상승  800,106900.0,107000.0,105000.0,49757.0,BGF리테일,282330
2024-07-19,105600.0,"하락  1,400",106000.0,107100.0,104900.0,44707.0,BGF리테일,282330
2024-07-22,104700.0,하락  900,105800.0,105900.0,104000.0,23925.0,BGF리테일,282330
2024-07-23,101600.0,"하락  3,100",104000.0,105100.0,100900.0,67527.0,BGF리테일,282330
2024-07-24,102700.0,"상승  1,100",101600.0,103800.0,101000.0,32382.0,BGF리테일,282330
2024-07-25,102400.0,하락  300,103200.0,103300.0,100600.0,34451.0,BGF리테일,282330
2024-07-26,103900.0,"상승  1,500",103100.0,105400.0,102400.0,35581.0,BGF리테일,282330
2024-07-29,104200.0,상승  300,104600.0,105700.0,103100.0,23871.0,BGF리테일,282330
2024-07-30,102000.0,"하락  2,200",103100.0,104700.0,102000.0,30184.0,BGF리테일,282330
2024-07-31,103400.0,"상승  1,400",102500.0,104200.0,101800.0,30383.0,BGF리테일,282330
2024-08-01,108300.0,"상승  4,900",102700.0,109500.0,102700.0,105885.0,BGF리테일,282330
2024-08-02,111600.0,"상승  3,300",107300.0,112800.0,106100.0,169516.0,BGF리테일,282330
2024-08-05,109500.0,"하락  2,100",112400.0,114500.0,107000.0,140781.0,BGF리테일,282330
2024-08-06,111500.0,"상승  2,000",113900.0,113900.0,106800.0,88603.0,BGF리테일,282330
2024-08-07,112800.0,"상승  1,300",108900.0,115200.0,108800.0,63383.0,BGF리테일,282330
2024-08-08,113900.0,"상승  1,100",111800.0,114200.0,109800.0,51783.0,BGF리테일,282330
2024-08-09,112400.0,"하락  1,500",113100.0,113700.0,111300.0,26335.0,BGF리테일,282330
2024-08-12,112500.0,상승  100,112200.0,113400.0,111400.0,10800.0,BGF리테일,282330
2024-08-13,111400.0,"하락  1,100",111400.0,113800.0,111400.0,16412.0,BGF리테일,282330
2024-08-14,114000.0,"상승  2,600",111300.0,114700.0,110100.0,43091.0,BGF리테일,282330
2024-08-16,111000.0,"하락  3,000",115000.0,115200.0,110800.0,44513.0,BGF리테일,282330
2024-08-19,110700.0,하락  300,111300.0,111300.0,109100.0,36291.0,BGF리테일,282330
2024-08-20,108100.0,"하락  2,600",111100.0,111100.0,107600.0,24054.0,BGF리테일,282330
2024-08-21,109500.0,"상승  1,400",108800.0,110300.0,107700.0,27172.0,BGF리테일,282330
2024-08-22,110800.0,"상승  1,300",110400.0,111000.0,109200.0,17180.0,BGF리테일,282330
2024-08-23,112700.0,"상승  1,900",111400.0,114200.0,110000.0,32993.0,BGF리테일,282330
2024-08-26,112700.0,보합0,112700.0,113600.0,111400.0,17278.0,BGF리테일,282330
2024-08-27,113600.0,상승  900,113700.0,114000.0,112300.0,31726.0,BGF리테일,282330
2024-08-28,111700.0,"하락  1,900",113000.0,113900.0,111000.0,21979.0,BGF리테일,282330
2024-08-29,115300.0,"상승  3,600",112800.0,115800.0,111000.0,52587.0,BGF리테일,282330
2024-08-30,118000.0,"상승  2,700",116100.0,118000.0,115000.0,47791.0,BGF리테일,282330
2024-09-02,119300.0,"상승  1,300",118000.0,119700.0,117000.0,43534.0,BGF리테일,282330
2024-09-03,121000.0,"상승  1,700",119900.0,121300.0,118700.0,36795.0,BGF리테일,282330
2024-09-04,118000.0,"하락  3,000",119800.0,121500.0,117400.0,56791.0,BGF리테일,282330
2024-09-05,120500.0,"상승  2,500",118300.0,123200.0,118200.0,63201.0,BGF리테일,282330
2024-09-06,118200.0,"하락  2,300",121000.0,121000.0,117600.0,37420.0,BGF리테일,282330
2024-09-09,119300.0,"상승  1,100",117000.0,119300.0,115000.0,27844.0,BGF리테일,282330
2024-09-10,119000.0,하락  300,118500.0,120600.0,118100.0,24995.0,BGF리테일,282330
2024-09-11,122000.0,"상승  3,000",120200.0,122500.0,119100.0,35336.0,BGF리테일,282330
2024-09-12,120500.0,"하락  1,500",122100.0,122100.0,119500.0,80557.0,BGF리테일,282330
2024-09-13,118000.0,"하락  2,500",121400.0,122800.0,117400.0,23861.0,BGF리테일,282330
2024-09-19,118900.0,상승  900,118900.0,119500.0,117100.0,86516.0,BGF리테일,282330
2024-09-20,119000.0,상승  100,120500.0,120500.0,118200.0,56544.0,BGF리테일,282330
2024-09-23,120000.0,"상승  1,000",119500.0,121800.0,118600.0,38990.0,BGF리테일,282330
2024-09-24,123300.0,"상승  3,300",121100.0,123600.0,119500.0,87364.0,BGF리테일,282330
2024-09-25,119800.0,"하락  3,500",123500.0,125000.0,119800.0,55457.0,BGF리테일,282330
2024-09-26,120200.0,상승  400,120000.0,120300.0,119000.0,59894.0,BGF리테일,282330
2024-09-27,116700.0,"하락  3,500",120200.0,120200.0,116300.0,35062.0,BGF리테일,282330
2024-09-30,114700.0,"하락  2,000",118000.0,118000.0,114300.0,28069.0,BGF리테일,282330
2024-10-02,112900.0,"하락  1,800",114000.0,114700.0,110000.0,24716.0,BGF리테일,282330
2024-10-04,110500.0,"하락  2,400",114100.0,114100.0,109800.0,30205.0,BGF리테일,282330
2024-10-07,110600.0,상승  100,110600.0,111700.0,108500.0,22349.0,BGF리테일,282330
2024-10-08,108300.0,"하락  2,300",110500.0,110900.0,108300.0,32671.0,BGF리테일,282330
2024-10-10,111000.0,"상승  2,700",109300.0,112400.0,109200.0,31298.0,BGF리테일,282330
2024-10-11,112000.0,"상승  1,000",112100.0,113400.0,110600.0,18800.0,BGF리테일,282330
2024-10-14,113500.0,"상승  1,500",112600.0,114500.0,110500.0,20269.0,BGF리테일,282330
2024-10-15,112600.0,하락  900,113500.0,114500.0,111800.0,24623.0,BGF리테일,282330
2024-10-16,110100.0,"하락  2,500",110900.0,113100.0,110100.0,27107.0,BGF리테일,282330
2024-10-17,112400.0,"상승  2,300",111500.0,114200.0,110300.0,22511.0,BGF리테일,282330
2024-10-18,111900.0,하락  500,114100.0,114100.0,111800.0,15347.0,BGF리테일,282330
2024-10-21,113300.0,"상승  1,400",111800.0,114100.0,111800.0,17328.0,BGF리테일,282330
2024-10-22,114200.0,상승  900,112800.0,114400.0,111400.0,13923.0,BGF리테일,282330
2024-10-23,114900.0,상승  700,114500.0,117000.0,113000.0,28570.0,BGF리테일,282330
2024-10-24,116300.0,"상승  1,400",116100.0,117500.0,114000.0,26704.0,BGF리테일,282330
2024-10-25,110800.0,"하락  5,500",115400.0,116300.0,110200.0,35004.0,BGF리테일,282330
2024-10-28,112000.0,"상승  1,200",110800.0,112400.0,110400.0,12556.0,BGF리테일,282330
2024-10-29,112700.0,상승  700,112000.0,113300.0,111100.0,9438.0,BGF리테일,282330
2024-10-30,114100.0,"상승  1,400",113800.0,114200.0,112100.0,9828.0,BGF리테일,282330
2024-10-31,115700.0,"상승  1,600",114100.0,116700.0,111800.0,27196.0,BGF리테일,282330
2024-11-01,114000.0,"하락  1,700",115700.0,116600.0,114000.0,8846.0,BGF리테일,282330
2024-11-04,116600.0,"상승  2,600",114100.0,117400.0,113400.0,19408.0,BGF리테일,282330
2024-11-05,118600.0,"상승  2,000",115600.0,119000.0,114700.0,30201.0,BGF리테일,282330
2024-11-06,115300.0,"하락  3,300",118900.0,118900.0,114800.0,12543.0,BGF리테일,282330
2024-11-07,116300.0,"상승  1,000",114000.0,116500.0,113600.0,18519.0,BGF리테일,282330
2024-11-08,109800.0,"하락  6,500",117200.0,117200.0,108300.0,80968.0,BGF리테일,282330
2024-11-11,107700.0,"하락  2,100",108000.0,109000.0,106600.0,24197.0,BGF리테일,282330
2024-11-12,107600.0,하락  100,106600.0,109800.0,106500.0,33614.0,BGF리테일,282330
2024-11-13,101900.0,"하락  5,700",106200.0,107600.0,101000.0,40728.0,BGF리테일,282330
2024-11-14,105000.0,"상승  3,100",103100.0,105000.0,101100.0,45686.0,BGF리테일,282330
2024-11-15,104100.0,하락  900,105000.0,106700.0,104100.0,18267.0,BGF리테일,282330
2024-11-18,106400.0,"상승  2,300",102600.0,107100.0,102600.0,11877.0,BGF리테일,282330
2024-11-19,108000.0,"상승  1,600",104900.0,108800.0,104900.0,16304.0,BGF리테일,282330
2024-11-20,110000.0,"상승  2,000",106500.0,111000.0,106500.0,34987.0,BGF리테일,282330
2024-11-21,109300.0,하락  700,110900.0,110900.0,108100.0,17532.0,BGF리테일,282330
2024-11-22,108000.0,"하락  1,300",110000.0,110000.0,107100.0,11344.0,BGF리테일,282330
2024-11-25,106800.0,"하락  1,200",108100.0,108100.0,105800.0,21634.0,BGF리테일,282330
2024-11-26,107000.0,상승  200,106100.0,108200.0,106000.0,27723.0,BGF리테일,282330
2024-11-27,108700.0,"상승  1,700",106500.0,110300.0,106200.0,34087.0,BGF리테일,282330
2024-11-28,109000.0,상승  300,109200.0,110500.0,108000.0,32394.0,BGF리테일,282330
2024-11-29,108200.0,하락  800,109200.0,110400.0,106900.0,65214.0,BGF리테일,282330
2024-12-02,106800.0,"하락  1,400",108900.0,108900.0,106100.0,24089.0,BGF리테일,282330
2024-12-03,109200.0,"상승  2,400",107600.0,111200.0,106800.0,76150.0,BGF리테일,282330
2024-12-04,105300.0,"하락  3,900",107000.0,108000.0,104900.0,46905.0,BGF리테일,282330
2024-12-05,100500.0,"하락  4,800",104500.0,105600.0,100000.0,78747.0,BGF리테일,282330
2024-12-06,100500.0,보합0,100300.0,101100.0,98300.0,75699.0,BGF리테일,282330
2024-12-09,99400.0,"하락  1,100",100000.0,100500.0,98000.0,61581.0,BGF리테일,282330
2024-12-10,100300.0,상승  900,100300.0,101700.0,100100.0,75944.0,BGF리테일,282330
2024-12-11,101000.0,상승  700,100400.0,101500.0,100200.0,55677.0,BGF리테일,282330
2024-12-12,102200.0,"상승  1,200",101400.0,102600.0,101000.0,88190.0,BGF리테일,282330
2024-12-13,103100.0,상승  900,101900.0,103800.0,101800.0,61104.0,BGF리테일,282330
2024-12-16,103200.0,상승  100,102800.0,103700.0,102100.0,73704.0,BGF리테일,282330
2024-12-17,108200.0,"상승  5,000",102900.0,109100.0,102800.0,114074.0,BGF리테일,282330
2024-12-18,110000.0,"상승  1,800",108300.0,110400.0,106500.0,36983.0,BGF리테일,282330
2024-12-19,108700.0,"하락  1,300",108500.0,111900.0,107500.0,53338.0,BGF리테일,282330
2024-12-20,107600.0,"하락  1,100",107700.0,110200.0,107500.0,31031.0,BGF리테일,282330
2024-12-23,107700.0,상승  100,108900.0,109000.0,106600.0,21090.0,BGF리테일,282330
2024-12-24,107000.0,하락  700,106600.0,108500.0,106600.0,20314.0,BGF리테일,282330
2024-12-26,105400.0,"하락  1,600",107300.0,108100.0,104700.0,29747.0,BGF리테일,282330
2024-12-27,102600.0,"하락  2,800",104800.0,105400.0,102500.0,111950.0,BGF리테일,282330
2024-12-30,102500.0,하락  100,103000.0,104500.0,101000.0,24058.0,BGF리테일,282330
2025-01-02,101500.0,"하락  1,000",102300.0,103500.0,100400.0,22835.0,BGF리테일,282330
2025-01-03,103600.0,"상승  2,100",101100.0,104200.0,101100.0,22298.0,BGF리테일,282330
2025-01-06,104600.0,"상승  1,000",103600.0,105500.0,103100.0,22035.0,BGF리테일,282330
2025-01-07,104900.0,상승  300,105500.0,107200.0,104100.0,28714.0,BGF리테일,282330
2025-01-08,104300.0,하락  600,104200.0,105900.0,104100.0,13236.0,BGF리테일,282330
2025-01-09,103100.0,"하락  1,200",104000.0,105000.0,103100.0,30476.0,BGF리테일,282330
2025-01-10,102100.0,"하락  1,000",102100.0,103900.0,101400.0,79002.0,BGF리테일,282330
2025-01-13,102800.0,상승  700,101600.0,103700.0,100700.0,47138.0,BGF리테일,282330
2025-01-14,102800.0,보합0,102800.0,105600.0,102000.0,53589.0,BGF리테일,282330
2025-01-15,101800.0,"하락  1,000",102400.0,103300.0,101500.0,34839.0,BGF리테일,282330
2025-01-16,101500.0,하락  300,102600.0,102900.0,101100.0,29784.0,BGF리테일,282330
2025-01-17,104100.0,"상승  2,600",101500.0,105000.0,101500.0,65253.0,BGF리테일,282330
2025-01-20,103500.0,하락  600,104000.0,104900.0,102700.0,20582.0,BGF리테일,282330
2025-01-21,105600.0,"상승  2,100",103900.0,106500.0,103700.0,42100.0,BGF리테일,282330
2025-01-22,102600.0,"하락  3,000",106000.0,106300.0,102300.0,34101.0,BGF리테일,282330
2025-01-23,102900.0,상승  300,103600.0,104000.0,102200.0,20357.0,BGF리테일,282330
2025-01-24,103500.0,상승  600,102500.0,104200.0,102000.0,38836.0,BGF리테일,282330
2025-01-31,103600.0,상승  100,104900.0,105000.0,102600.0,24009.0,BGF리테일,282330
2025-02-03,100800.0,"하락  2,800",101600.0,101900.0,100100.0,20000.0,BGF리테일,282330
2025-02-04,102700.0,"상승  1,900",100900.0,103500.0,100700.0,30479.0,BGF리테일,282330
2025-02-05,103200.0,상승  500,103900.0,105100.0,102700.0,18777.0,BGF리테일,282330
2025-02-06,103300.0,상승  100,103800.0,104500.0,102600.0,16198.0,BGF리테일,282330
2025-02-07,103300.0,보합0,102800.0,105600.0,102800.0,33105.0,BGF리테일,282330
2025-02-10,99500.0,"하락  3,800",103900.0,103900.0,99300.0,102503.0,BGF리테일,282330
2025-02-11,101400.0,"상승  1,900",100000.0,101400.0,99800.0,30243.0,BGF리테일,282330
2025-02-12,101500.0,상승  100,102000.0,102800.0,100700.0,37570.0,BGF리테일,282330
2025-02-13,101500.0,보합0,101500.0,103000.0,101200.0,31792.0,BGF리테일,282330
2025-02-14,104700.0,"상승  3,200",102000.0,104900.0,101600.0,69354.0,BGF리테일,282330
2025-02-17,104100.0,하락  600,105000.0,105200.0,102100.0,39535.0,BGF리테일,282330
2025-02-18,104700.0,상승  600,103200.0,105000.0,102800.0,48485.0,BGF리테일,282330
2025-02-19,103800.0,하락  900,104000.0,104700.0,102800.0,59434.0,BGF리테일,282330
2025-02-20,104400.0,상승  600,103200.0,104700.0,101500.0,84562.0,BGF리테일,282330
2025-02-21,106700.0,"상승  2,300",104400.0,107400.0,103800.0,76376.0,BGF리테일,282330
2025-02-24,106300.0,하락  400,106600.0,106900.0,104900.0,26480.0,BGF리테일,282330
2025-02-25,104100.0,"하락  2,200",105400.0,105800.0,103900.0,42924.0,BGF리테일,282330
2025-02-26,104700.0,상승  600,104600.0,105300.0,103600.0,51648.0,BGF리테일,282330
2025-02-27,102100.0,"하락  2,600",101700.0,103100.0,101100.0,82821.0,BGF리테일,282330
2025-02-28,99900.0,"하락  2,200",101000.0,101700.0,99800.0,52826.0,BGF리테일,282330
2025-03-04,99500.0,하락  400,99900.0,100700.0,98800.0,45535.0,BGF리테일,282330
2025-03-05,100000.0,상승  500,100200.0,101200.0,99700.0,41460.0,BGF리테일,282330
2025-03-06,101500.0,"상승  1,500",99900.0,102200.0,99800.0,37225.0,BGF리테일,282330
2025-03-07,103200.0,"상승  1,700",101400.0,103600.0,100200.0,58605.0,BGF리테일,282330
2025-03-10,103600.0,상승  400,103200.0,104300.0,102300.0,38025.0,BGF리테일,282330
2025-03-11,104700.0,"상승  1,100",102100.0,105400.0,102000.0,58614.0,BGF리테일,282330
2025-03-12,104400.0,하락  300,104300.0,105300.0,103000.0,25558.0,BGF리테일,282330
2025-03-13,105100.0,상승  700,103700.0,105900.0,103700.0,54144.0,BGF리테일,282330
2025-03-14,104300.0,하락  800,105900.0,105900.0,104300.0,33524.0,BGF리테일,282330
2025-03-17,105600.0,"상승  1,300",104200.0,105900.0,103800.0,29663.0,BGF리테일,282330
2025-03-18,105100.0,하락  500,105900.0,106100.0,103800.0,26572.0,BGF리테일,282330
2025-03-19,106600.0,"상승  1,500",105100.0,108400.0,105000.0,40345.0,BGF리테일,282330
2025-03-20,110100.0,"상승  3,500",107000.0,110900.0,106400.0,67170.0,BGF리테일,282330
2025-03-21,112800.0,"상승  2,700",110000.0,113400.0,107500.0,98015.0,BGF리테일,282330
2025-03-24,110900.0,"하락  1,900",112800.0,113500.0,110900.0,14052.0,BGF리테일,282330
2025-03-25,111700.0,상승  800,109800.0,112900.0,109800.0,20414.0,BGF리테일,282330
2025-03-26,109000.0,"하락  2,700",112800.0,112900.0,108900.0,14318.0,BGF리테일,282330
2025-03-27,110600.0,"상승  1,600",107500.0,112800.0,107200.0,48517.0,BGF리테일,282330
2025-03-28,109000.0,"하락  1,600",110600.0,111500.0,108100.0,26425.0,BGF리테일,282330
2025-03-31,109400.0,상승  400,108900.0,110500.0,106200.0,49566.0,BGF리테일,282330
2025-04-01,102800.0,"하락  6,600",108700.0,108700.0,102000.0,79507.0,BGF리테일,282330
2025-04-02,101700.0,"하락  1,100",102800.0,103800.0,100200.0,65142.0,BGF리테일,282330
2025-04-03,103500.0,"상승  1,800",100500.0,103700.0,100300.0,31654.0,BGF리테일,282330
2025-04-04,108500.0,"상승  5,000",102900.0,111300.0,101500.0,113285.0,BGF리테일,282330
2025-04-07,108000.0,하락  500,104000.0,109600.0,103900.0,122012.0,BGF리테일,282330
2025-04-08,107300.0,하락  700,107800.0,110600.0,105800.0,53952.0,BGF리테일,282330
2025-04-09,105100.0,"하락  2,200",107500.0,107900.0,104000.0,41186.0,BGF리테일,282330
2025-04-10,107400.0,"상승  2,300",105500.0,107800.0,104800.0,33081.0,BGF리테일,282330
2025-04-11,103300.0,"하락  4,100",106400.0,107400.0,103300.0,44064.0,BGF리테일,282330
2025-04-14,105900.0,"상승  2,600",103000.0,107400.0,103000.0,30611.0,BGF리테일,282330
2025-04-15,104600.0,"하락  1,300",105500.0,105900.0,103800.0,26891.0,BGF리테일,282330
2025-04-16,106500.0,"상승  1,900",105100.0,108000.0,104600.0,26415.0,BGF리테일,282330
2025-04-17,105700.0,하락  800,107500.0,107500.0,104900.0,17027.0,BGF리테일,282330
2025-04-18,105000.0,하락  700,105900.0,106500.0,104500.0,29365.0,BGF리테일,282330
2025-04-21,103900.0,"하락  1,100",105300.0,106000.0,103300.0,24585.0,BGF리테일,282330
2025-04-22,104000.0,상승  100,104000.0,104800.0,103200.0,23758.0,BGF리테일,282330
2025-04-23,104300.0,상승  300,105200.0,105200.0,103900.0,17668.0,BGF리테일,282330
2025-04-24,103200.0,"하락  1,100",104000.0,104500.0,102600.0,41491.0,BGF리테일,282330
2025-04-25,105300.0,"상승  2,100",103700.0,105600.0,102600.0,53432.0,BGF리테일,282330
2025-04-28,105500.0,상승  200,104300.0,105700.0,104100.0,28678.0,BGF리테일,282330
2025-04-29,106200.0,상승  700,105500.0,106900.0,105200.0,29565.0,BGF리테일,282330
2025-04-30,107800.0,"상승  1,600",106000.0,107900.0,105700.0,28780.0,BGF리테일,282330
2025-05-02,106700.0,"하락  1,100",106700.0,107800.0,105200.0,32756.0,BGF리테일,282330
2025-05-07,112900.0,"상승  6,200",109600.0,115300.0,108100.0,117064.0,BGF리테일,282330
2025-05-08,112600.0,하락  300,112000.0,113900.0,111500.0,48619.0,BGF리테일,282330
2025-05-09,101500.0,"하락  11,100",106900.0,106900.0,99700.0,251545.0,BGF리테일,282330
2025-05-12,101800.0,상승  300,101900.0,102000.0,100500.0,62668.0,BGF리테일,282330
2025-05-13,101500.0,하락  300,101600.0,102200.0,100800.0,43048.0,BGF리테일,282330
2025-05-14,101100.0,하락  400,101900.0,101900.0,100300.0,52506.0,BGF리테일,282330
2025-05-15,100500.0,하락  600,100500.0,101200.0,100300.0,30115.0,BGF리테일,282330
2025-05-16,99500.0,"하락  1,000",100600.0,100800.0,99300.0,55949.0,BGF리테일,282330
2025-05-19,100300.0,상승  800,99500.0,100700.0,99400.0,29091.0,BGF리테일,282330
2025-05-20,100300.0,보합0,100700.0,101000.0,99700.0,34549.0,BGF리테일,282330
2025-05-21,99700.0,하락  600,100200.0,100900.0,99500.0,38512.0,BGF리테일,282330
2025-05-22,99000.0,하락  700,99500.0,100200.0,98500.0,61621.0,BGF리테일,282330
2025-05-23,100200.0,"상승  1,200",98800.0,101300.0,98500.0,45146.0,BGF리테일,282330
2025-05-26,101800.0,"상승  1,600",100900.0,101800.0,99500.0,44470.0,BGF리테일,282330
2025-05-27,101200.0,하락  600,100900.0,102300.0,100800.0,21085.0,BGF리테일,282330
2025-05-28,102000.0,상승  800,101000.0,102300.0,100800.0,36112.0,BGF리테일,282330
2025-05-29,103000.0,"상승  1,000",102000.0,103300.0,101300.0,47255.0,BGF리테일,282330
