날짜,종가,전일비,시가,고가,저가,거래량,회사명,종목코드
2020-03-13,222000.0,"하락  13,000",218500.0,227500.0,213000.0,108516.0,CJ제일제당,097950
2020-03-16,218000.0,"하락  4,000",224000.0,229000.0,217500.0,55956.0,CJ제일제당,097950
2020-03-17,214000.0,"하락  4,000",210000.0,222000.0,208500.0,51639.0,CJ제일제당,097950
2020-03-18,210000.0,"하락  4,000",214500.0,217000.0,209500.0,66872.0,CJ제일제당,097950
2020-03-19,155000.0,"하락  55,000",210000.0,214000.0,148000.0,263704.0,CJ제일제당,097950
2020-03-20,188000.0,"상승  33,000",163000.0,189500.0,161000.0,191267.0,CJ제일제당,097950
2020-03-23,172500.0,"하락  15,500",171500.0,182000.0,165000.0,84035.0,CJ제일제당,097950
2020-03-24,191000.0,"상승  18,500",178000.0,197500.0,175500.0,97920.0,CJ제일제당,097950
2020-03-25,203000.0,"상승  12,000",202000.0,206000.0,196000.0,98228.0,CJ제일제당,097950
2020-03-26,200000.0,"하락  3,000",203000.0,205500.0,199000.0,69775.0,CJ제일제당,097950
2020-03-27,203500.0,"상승  3,500",209000.0,209000.0,195500.0,61337.0,CJ제일제당,097950
2020-03-30,213500.0,"상승  10,000",202000.0,214500.0,197000.0,65338.0,CJ제일제당,097950
2020-03-31,216000.0,"상승  2,500",216000.0,225000.0,213500.0,73363.0,CJ제일제당,097950
2020-04-01,214000.0,"하락  2,000",220000.0,234000.0,214000.0,108866.0,CJ제일제당,097950
2020-04-02,228000.0,"상승  14,000",217000.0,229000.0,210500.0,80386.0,CJ제일제당,097950
2020-04-03,230500.0,"상승  2,500",225500.0,232500.0,224500.0,55439.0,CJ제일제당,097950
2020-04-06,245500.0,"상승  15,000",235000.0,249000.0,233000.0,83605.0,CJ제일제당,097950
2020-04-07,248000.0,"상승  2,500",257000.0,257000.0,243000.0,87731.0,CJ제일제당,097950
2020-04-08,243500.0,"하락  4,500",247500.0,250000.0,242500.0,67150.0,CJ제일제당,097950
2020-04-09,238500.0,"하락  5,000",249000.0,249000.0,233500.0,103520.0,CJ제일제당,097950
2020-04-10,231500.0,"하락  7,000",239500.0,239500.0,229000.0,102231.0,CJ제일제당,097950
2020-04-13,229000.0,"하락  2,500",229000.0,237000.0,226500.0,71348.0,CJ제일제당,097950
2020-04-14,236000.0,"상승  7,000",230000.0,237000.0,230000.0,52513.0,CJ제일제당,097950
2020-04-16,237000.0,"상승  1,000",233000.0,240500.0,232000.0,66956.0,CJ제일제당,097950
2020-04-17,237000.0,보합0,238000.0,241500.0,236000.0,75134.0,CJ제일제당,097950
2020-04-20,235500.0,"하락  1,500",237000.0,239000.0,234500.0,51991.0,CJ제일제당,097950
2020-04-21,233500.0,"하락  2,000",233000.0,235500.0,227500.0,57790.0,CJ제일제당,097950
2020-04-22,236000.0,"상승  2,500",233000.0,236000.0,228000.0,63289.0,CJ제일제당,097950
2020-04-23,250000.0,"상승  14,000",236500.0,252000.0,236000.0,103721.0,CJ제일제당,097950
2020-04-24,259000.0,"상승  9,000",251000.0,270000.0,245000.0,166536.0,CJ제일제당,097950
2020-04-27,274000.0,"상승  15,000",264500.0,276000.0,264000.0,122239.0,CJ제일제당,097950
2020-04-28,269500.0,"하락  4,500",274000.0,276000.0,266000.0,77212.0,CJ제일제당,097950
2020-04-29,272500.0,"상승  3,000",269500.0,274500.0,268500.0,72019.0,CJ제일제당,097950
2020-05-04,271000.0,"하락  1,500",268000.0,275000.0,260000.0,62449.0,CJ제일제당,097950
2020-05-06,286500.0,"상승  15,500",274500.0,287000.0,272000.0,106384.0,CJ제일제당,097950
2020-05-07,284500.0,"하락  2,000",286500.0,293000.0,282500.0,73423.0,CJ제일제당,097950
2020-05-08,277000.0,"하락  7,500",285500.0,289000.0,276000.0,94497.0,CJ제일제당,097950
2020-05-11,273500.0,"하락  3,500",277500.0,280500.0,273500.0,47980.0,CJ제일제당,097950
2020-05-12,287500.0,"상승  14,000",274500.0,288000.0,274000.0,115839.0,CJ제일제당,097950
2020-05-13,292000.0,"상승  4,500",287500.0,293500.0,284000.0,76455.0,CJ제일제당,097950
2020-05-14,301000.0,"상승  9,000",291000.0,301000.0,286000.0,144145.0,CJ제일제당,097950
2020-05-15,308500.0,"상승  7,500",312000.0,322500.0,308000.0,263558.0,CJ제일제당,097950
2020-05-18,308000.0,하락  500,315500.0,322000.0,305000.0,128313.0,CJ제일제당,097950
2020-05-19,294500.0,"하락  13,500",305500.0,306000.0,294000.0,159699.0,CJ제일제당,097950
2020-05-20,296000.0,"상승  1,500",296500.0,305000.0,294500.0,131278.0,CJ제일제당,097950
2020-05-21,300000.0,"상승  4,000",296500.0,302000.0,290500.0,113048.0,CJ제일제당,097950
2020-05-22,301500.0,"상승  1,500",302000.0,302500.0,297500.0,80322.0,CJ제일제당,097950
2020-05-25,303000.0,"상승  1,500",304000.0,304000.0,295500.0,62267.0,CJ제일제당,097950
2020-05-26,298500.0,"하락  4,500",303500.0,304500.0,298000.0,63891.0,CJ제일제당,097950
2020-05-27,302000.0,"상승  3,500",301000.0,308500.0,300500.0,89616.0,CJ제일제당,097950
2020-05-28,298000.0,"하락  4,000",302000.0,303500.0,294000.0,74989.0,CJ제일제당,097950
2020-05-29,297000.0,"하락  1,000",294000.0,299500.0,294000.0,80710.0,CJ제일제당,097950
2020-06-01,299000.0,"상승  2,000",295000.0,302000.0,295000.0,42750.0,CJ제일제당,097950
2020-06-02,302000.0,"상승  3,000",300500.0,307000.0,299000.0,61739.0,CJ제일제당,097950
2020-06-03,299500.0,"하락  2,500",304000.0,306500.0,296000.0,96388.0,CJ제일제당,097950
2020-06-04,297500.0,"하락  2,000",299000.0,300500.0,296000.0,96244.0,CJ제일제당,097950
2020-06-05,299000.0,"상승  1,500",299000.0,300000.0,296000.0,62754.0,CJ제일제당,097950
2020-06-08,297500.0,"하락  1,500",300500.0,301000.0,296500.0,55673.0,CJ제일제당,097950
2020-06-09,305500.0,"상승  8,000",298500.0,308000.0,297500.0,94024.0,CJ제일제당,097950
2020-06-10,329500.0,"상승  24,000",307000.0,329500.0,307000.0,207335.0,CJ제일제당,097950
2020-06-11,320000.0,"하락  9,500",327500.0,333000.0,317000.0,143966.0,CJ제일제당,097950
2020-06-12,328500.0,"상승  8,500",305500.0,333500.0,304500.0,178247.0,CJ제일제당,097950
2020-06-15,316500.0,"하락  12,000",329500.0,342000.0,316500.0,194015.0,CJ제일제당,097950
2020-06-16,336500.0,"상승  20,000",328000.0,340000.0,326000.0,130120.0,CJ제일제당,097950
2020-06-17,337000.0,상승  500,336500.0,342000.0,331000.0,89020.0,CJ제일제당,097950
2020-06-18,338000.0,"상승  1,000",335000.0,340500.0,332000.0,52581.0,CJ제일제당,097950
2020-06-19,332000.0,"하락  6,000",340000.0,340000.0,327000.0,67834.0,CJ제일제당,097950
2020-06-22,329000.0,"하락  3,000",329000.0,332000.0,327000.0,40462.0,CJ제일제당,097950
2020-06-23,338000.0,"상승  9,000",330000.0,341000.0,327500.0,70173.0,CJ제일제당,097950
2020-06-24,346000.0,"상승  8,000",341000.0,346500.0,338000.0,68032.0,CJ제일제당,097950
2020-06-25,339500.0,"하락  6,500",342500.0,345500.0,338000.0,52744.0,CJ제일제당,097950
2020-06-26,338000.0,"하락  1,500",342000.0,342500.0,334000.0,46777.0,CJ제일제당,097950
2020-06-29,328500.0,"하락  9,500",337500.0,337500.0,328000.0,46185.0,CJ제일제당,097950
2020-06-30,326000.0,"하락  2,500",332000.0,333000.0,324000.0,48346.0,CJ제일제당,097950
2020-07-01,339000.0,"상승  13,000",333000.0,344000.0,329000.0,71848.0,CJ제일제당,097950
2020-07-02,356500.0,"상승  17,500",342000.0,356500.0,341000.0,107583.0,CJ제일제당,097950
2020-07-03,357000.0,상승  500,357500.0,360000.0,352000.0,49630.0,CJ제일제당,097950
2020-07-06,360500.0,"상승  3,500",357500.0,363000.0,351500.0,44473.0,CJ제일제당,097950
2020-07-07,369000.0,"상승  8,500",361000.0,370000.0,356000.0,77365.0,CJ제일제당,097950
2020-07-08,362000.0,"하락  7,000",368500.0,368500.0,361500.0,64227.0,CJ제일제당,097950
2020-07-09,382000.0,"상승  20,000",366500.0,384500.0,364000.0,137719.0,CJ제일제당,097950
2020-07-10,390000.0,"상승  8,000",382000.0,399500.0,377000.0,121447.0,CJ제일제당,097950
2020-07-13,400000.0,"상승  10,000",390000.0,400000.0,384500.0,65825.0,CJ제일제당,097950
2020-07-14,406000.0,"상승  6,000",398000.0,414000.0,395500.0,127633.0,CJ제일제당,097950
2020-07-15,392500.0,"하락  13,500",410000.0,410000.0,391500.0,103449.0,CJ제일제당,097950
2020-07-16,384000.0,"하락  8,500",388500.0,393500.0,379500.0,85788.0,CJ제일제당,097950
2020-07-17,380000.0,"하락  4,000",383000.0,388000.0,375000.0,69815.0,CJ제일제당,097950
2020-07-20,376000.0,"하락  4,000",380000.0,382000.0,368500.0,71177.0,CJ제일제당,097950
2020-07-21,376500.0,상승  500,381000.0,383000.0,374500.0,54558.0,CJ제일제당,097950
2020-07-22,371000.0,"하락  5,500",376000.0,376000.0,369000.0,57919.0,CJ제일제당,097950
2020-07-23,373000.0,"상승  2,000",371000.0,381000.0,370000.0,75587.0,CJ제일제당,097950
2020-07-24,369000.0,"하락  4,000",372000.0,375500.0,366000.0,47447.0,CJ제일제당,097950
2020-07-27,369500.0,상승  500,368500.0,375000.0,362500.0,67295.0,CJ제일제당,097950
2020-07-28,366500.0,"하락  3,000",367000.0,369500.0,363000.0,63561.0,CJ제일제당,097950
2020-07-29,366000.0,하락  500,364000.0,368500.0,363000.0,47229.0,CJ제일제당,097950
2020-07-30,367000.0,"상승  1,000",365000.0,371000.0,364500.0,62059.0,CJ제일제당,097950
2020-07-31,386000.0,"상승  19,000",367000.0,390000.0,366000.0,147404.0,CJ제일제당,097950
2020-08-03,414000.0,"상승  28,000",393000.0,414000.0,390000.0,216845.0,CJ제일제당,097950
2020-08-04,415000.0,"상승  1,000",417500.0,420000.0,403000.0,102043.0,CJ제일제당,097950
2020-08-05,417500.0,"상승  2,500",417000.0,419500.0,408500.0,70042.0,CJ제일제당,097950
2020-08-06,420000.0,"상승  2,500",420000.0,428000.0,413500.0,70190.0,CJ제일제당,097950
2020-08-07,424000.0,"상승  4,000",422000.0,428500.0,413000.0,89595.0,CJ제일제당,097950
2020-08-10,427000.0,"상승  3,000",425500.0,431000.0,422500.0,67787.0,CJ제일제당,097950
2020-08-11,443500.0,"상승  16,500",427000.0,443500.0,407000.0,194475.0,CJ제일제당,097950
2020-08-12,414500.0,"하락  29,000",438500.0,451000.0,413000.0,277899.0,CJ제일제당,097950
2020-08-13,414000.0,하락  500,418500.0,425000.0,405500.0,163946.0,CJ제일제당,097950
2020-08-14,401000.0,"하락  13,000",413000.0,417000.0,397500.0,121448.0,CJ제일제당,097950
2020-08-18,403000.0,"상승  2,000",407000.0,421000.0,398000.0,133759.0,CJ제일제당,097950
2020-08-19,402500.0,하락  500,408000.0,412500.0,402000.0,76931.0,CJ제일제당,097950
2020-08-20,400500.0,"하락  2,000",400000.0,420000.0,399000.0,138623.0,CJ제일제당,097950
2020-08-21,397000.0,"하락  3,500",403000.0,405000.0,387000.0,92889.0,CJ제일제당,097950
2020-08-24,406000.0,"상승  9,000",404000.0,410000.0,401500.0,67976.0,CJ제일제당,097950
2020-08-25,416500.0,"상승  10,500",413000.0,417500.0,405500.0,87109.0,CJ제일제당,097950
2020-08-26,416500.0,보합0,416500.0,420000.0,408000.0,70882.0,CJ제일제당,097950
2020-08-27,418000.0,"상승  1,500",416500.0,419500.0,412000.0,70579.0,CJ제일제당,097950
2020-08-28,416500.0,"하락  1,500",420000.0,422000.0,413000.0,58254.0,CJ제일제당,097950
2020-08-31,407000.0,"하락  9,500",419500.0,419500.0,404500.0,112822.0,CJ제일제당,097950
2020-09-01,403500.0,"하락  3,500",403500.0,409500.0,398500.0,59447.0,CJ제일제당,097950
2020-09-02,401500.0,"하락  2,000",409500.0,409500.0,398500.0,73476.0,CJ제일제당,097950
2020-09-03,401500.0,보합0,401500.0,405000.0,399500.0,57308.0,CJ제일제당,097950
2020-09-04,396500.0,"하락  5,000",394500.0,400000.0,393000.0,69718.0,CJ제일제당,097950
2020-09-07,389500.0,"하락  7,000",399000.0,399500.0,387500.0,72911.0,CJ제일제당,097950
2020-09-08,389500.0,보합0,392500.0,396000.0,389500.0,60046.0,CJ제일제당,097950
2020-09-09,375500.0,"하락  14,000",385000.0,388500.0,373000.0,138771.0,CJ제일제당,097950
2020-09-10,401500.0,"상승  26,000",381500.0,404500.0,380000.0,172970.0,CJ제일제당,097950
2020-09-11,403500.0,"상승  2,000",401500.0,416500.0,399500.0,108033.0,CJ제일제당,097950
2020-09-14,392000.0,"하락  11,500",403500.0,404000.0,388000.0,100636.0,CJ제일제당,097950
2020-09-15,394000.0,"상승  2,000",392000.0,396000.0,388000.0,47654.0,CJ제일제당,097950
2020-09-16,393000.0,"하락  1,000",395000.0,402000.0,392500.0,48945.0,CJ제일제당,097950
2020-09-17,387000.0,"하락  6,000",393000.0,396000.0,386000.0,51640.0,CJ제일제당,097950
2020-09-18,387000.0,보합0,387000.0,391500.0,382500.0,42724.0,CJ제일제당,097950
2020-09-21,387500.0,상승  500,387000.0,395000.0,386000.0,41556.0,CJ제일제당,097950
2020-09-22,380500.0,"하락  7,000",389500.0,389500.0,377500.0,63034.0,CJ제일제당,097950
2020-09-23,383000.0,"상승  2,500",380500.0,386000.0,378000.0,58639.0,CJ제일제당,097950
2020-09-24,387500.0,"상승  4,500",382500.0,395000.0,376000.0,82693.0,CJ제일제당,097950
2020-09-25,390000.0,"상승  2,500",392000.0,392000.0,384000.0,37348.0,CJ제일제당,097950
2020-09-28,394000.0,"상승  4,000",391000.0,396000.0,391000.0,33555.0,CJ제일제당,097950
2020-09-29,395000.0,"상승  1,000",398500.0,398500.0,392500.0,40631.0,CJ제일제당,097950
2020-10-05,398500.0,"상승  3,500",395500.0,402000.0,392000.0,50811.0,CJ제일제당,097950
2020-10-06,410500.0,"상승  12,000",403000.0,417000.0,400000.0,98125.0,CJ제일제당,097950
2020-10-07,407000.0,"하락  3,500",411000.0,411000.0,403500.0,45522.0,CJ제일제당,097950
2020-10-08,405500.0,"하락  1,500",411500.0,411500.0,405500.0,55070.0,CJ제일제당,097950
2020-10-12,410000.0,"상승  4,500",410000.0,411500.0,406000.0,46338.0,CJ제일제당,097950
2020-10-13,398000.0,"하락  12,000",407000.0,408500.0,396500.0,53648.0,CJ제일제당,097950
2020-10-14,393500.0,"하락  4,500",398000.0,404000.0,393000.0,39985.0,CJ제일제당,097950
2020-10-15,391000.0,"하락  2,500",394000.0,396500.0,388500.0,30506.0,CJ제일제당,097950
2020-10-16,387500.0,"하락  3,500",390500.0,393500.0,387000.0,36089.0,CJ제일제당,097950
2020-10-19,385500.0,"하락  2,000",388500.0,393500.0,385500.0,41560.0,CJ제일제당,097950
2020-10-20,386500.0,"상승  1,000",383500.0,391500.0,381500.0,37641.0,CJ제일제당,097950
2020-10-21,388000.0,"상승  1,500",387000.0,392000.0,386000.0,27584.0,CJ제일제당,097950
2020-10-22,387000.0,"하락  1,000",388500.0,389000.0,383000.0,23506.0,CJ제일제당,097950
2020-10-23,383000.0,"하락  4,000",387000.0,387500.0,380000.0,48119.0,CJ제일제당,097950
2020-10-26,371000.0,"하락  12,000",380500.0,383000.0,369000.0,58629.0,CJ제일제당,097950
2020-10-27,363000.0,"하락  8,000",367000.0,371000.0,362500.0,66499.0,CJ제일제당,097950
2020-10-28,368000.0,"상승  5,000",363000.0,368000.0,362000.0,29123.0,CJ제일제당,097950
2020-10-29,369000.0,"상승  1,000",364500.0,370000.0,360000.0,43880.0,CJ제일제당,097950
2020-10-30,361000.0,"하락  8,000",369000.0,372000.0,360000.0,38401.0,CJ제일제당,097950
2020-11-02,358500.0,"하락  2,500",361000.0,365500.0,357000.0,29321.0,CJ제일제당,097950
2020-11-03,363000.0,"상승  4,500",358500.0,368000.0,358500.0,33779.0,CJ제일제당,097950
2020-11-04,387000.0,"상승  24,000",365500.0,388500.0,365500.0,93504.0,CJ제일제당,097950
2020-11-05,388000.0,"상승  1,000",389000.0,391000.0,382000.0,51635.0,CJ제일제당,097950
2020-11-06,389000.0,"상승  1,000",388000.0,390500.0,383000.0,42408.0,CJ제일제당,097950
2020-11-09,395000.0,"상승  6,000",389500.0,398500.0,388000.0,51902.0,CJ제일제당,097950
2020-11-10,379500.0,"하락  15,500",389500.0,389500.0,378500.0,84054.0,CJ제일제당,097950
2020-11-11,367000.0,"하락  12,500",382000.0,382000.0,365500.0,182413.0,CJ제일제당,097950
2020-11-12,366000.0,"하락  1,000",369500.0,372000.0,365000.0,75041.0,CJ제일제당,097950
2020-11-13,366500.0,상승  500,366000.0,370500.0,363500.0,57373.0,CJ제일제당,097950
2020-11-16,367000.0,상승  500,369500.0,369500.0,366500.0,62531.0,CJ제일제당,097950
2020-11-17,364500.0,"하락  2,500",368500.0,369000.0,364000.0,66035.0,CJ제일제당,097950
2020-11-18,374500.0,"상승  10,000",365500.0,375000.0,364000.0,79432.0,CJ제일제당,097950
2020-11-19,370000.0,"하락  4,500",376500.0,376500.0,369000.0,54617.0,CJ제일제당,097950
2020-11-20,370500.0,상승  500,370000.0,374000.0,369000.0,39315.0,CJ제일제당,097950
2020-11-23,370500.0,보합0,371500.0,375500.0,370000.0,73571.0,CJ제일제당,097950
2020-11-24,367000.0,"하락  3,500",370500.0,371500.0,366500.0,67138.0,CJ제일제당,097950
2020-11-25,366500.0,하락  500,367000.0,368000.0,363500.0,77501.0,CJ제일제당,097950
2020-11-26,366500.0,보합0,365500.0,368500.0,365000.0,39762.0,CJ제일제당,097950
2020-11-27,366500.0,보합0,366500.0,367000.0,365000.0,51723.0,CJ제일제당,097950
2020-11-30,361500.0,"하락  5,000",366500.0,368500.0,361500.0,91321.0,CJ제일제당,097950
2020-12-01,362500.0,"상승  1,000",365000.0,365000.0,361000.0,46676.0,CJ제일제당,097950
2020-12-02,359500.0,"하락  3,000",362500.0,363000.0,358000.0,89069.0,CJ제일제당,097950
2020-12-03,360500.0,"상승  1,000",359500.0,360500.0,357000.0,68193.0,CJ제일제당,097950
2020-12-04,357000.0,"하락  3,500",360500.0,360500.0,355500.0,99302.0,CJ제일제당,097950
2020-12-07,363000.0,"상승  6,000",357000.0,364000.0,352000.0,89633.0,CJ제일제당,097950
2020-12-08,362500.0,하락  500,364000.0,365000.0,360000.0,45165.0,CJ제일제당,097950
2020-12-09,363000.0,상승  500,362000.0,364000.0,360500.0,52943.0,CJ제일제당,097950
2020-12-10,364000.0,"상승  1,000",363500.0,365000.0,357500.0,72564.0,CJ제일제당,097950
2020-12-11,377000.0,"상승  13,000",365500.0,377000.0,365500.0,166616.0,CJ제일제당,097950
2020-12-14,379000.0,"상승  2,000",380500.0,383000.0,373500.0,93929.0,CJ제일제당,097950
2020-12-15,380000.0,"상승  1,000",382000.0,382000.0,374000.0,74279.0,CJ제일제당,097950
2020-12-16,383000.0,"상승  3,000",381000.0,383000.0,378000.0,64207.0,CJ제일제당,097950
2020-12-17,382000.0,"하락  1,000",383000.0,383500.0,378500.0,45791.0,CJ제일제당,097950
2020-12-18,376000.0,"하락  6,000",381500.0,381500.0,375500.0,60817.0,CJ제일제당,097950
2020-12-21,376500.0,상승  500,377000.0,377000.0,372500.0,31458.0,CJ제일제당,097950
2020-12-22,379000.0,"상승  2,500",379000.0,390500.0,376000.0,128762.0,CJ제일제당,097950
2020-12-23,384500.0,"상승  5,500",384500.0,386500.0,379000.0,58702.0,CJ제일제당,097950
2020-12-24,382500.0,"하락  2,000",387500.0,387500.0,382000.0,54395.0,CJ제일제당,097950
2020-12-28,382500.0,보합0,383500.0,387000.0,380500.0,66282.0,CJ제일제당,097950
2020-12-29,383000.0,상승  500,382500.0,386500.0,379000.0,53807.0,CJ제일제당,097950
2020-12-30,381000.0,"하락  2,000",385000.0,385000.0,379000.0,78987.0,CJ제일제당,097950
2021-01-04,384500.0,"상승  3,500",382500.0,385000.0,378000.0,94480.0,CJ제일제당,097950
2021-01-05,414500.0,"상승  30,000",388000.0,415500.0,387500.0,334236.0,CJ제일제당,097950
2021-01-06,403500.0,"하락  11,000",417000.0,418000.0,403000.0,139612.0,CJ제일제당,097950
2021-01-07,405000.0,"상승  1,500",408000.0,409500.0,402500.0,99806.0,CJ제일제당,097950
2021-01-08,432500.0,"상승  27,500",406500.0,438500.0,406000.0,288067.0,CJ제일제당,097950
2021-01-11,424000.0,"하락  8,500",433500.0,441000.0,412000.0,197206.0,CJ제일제당,097950
2021-01-12,417000.0,"하락  7,000",423500.0,423500.0,406000.0,98843.0,CJ제일제당,097950
2021-01-13,432000.0,"상승  15,000",429500.0,442000.0,425500.0,162369.0,CJ제일제당,097950
2021-01-14,448000.0,"상승  16,000",437500.0,452500.0,432000.0,202127.0,CJ제일제당,097950
2021-01-15,437000.0,"하락  11,000",450000.0,453000.0,434000.0,100989.0,CJ제일제당,097950
2021-01-18,424000.0,"하락  13,000",435000.0,441000.0,423500.0,92131.0,CJ제일제당,097950
2021-01-19,437000.0,"상승  13,000",427000.0,439500.0,421000.0,77244.0,CJ제일제당,097950
2021-01-20,433500.0,"하락  3,500",437500.0,442500.0,430000.0,70306.0,CJ제일제당,097950
2021-01-21,441000.0,"상승  7,500",435500.0,447500.0,435500.0,68599.0,CJ제일제당,097950
2021-01-22,443500.0,"상승  2,500",447500.0,452000.0,441000.0,90512.0,CJ제일제당,097950
2021-01-25,471000.0,"상승  27,500",446000.0,474000.0,446000.0,156650.0,CJ제일제당,097950
2021-01-26,461000.0,"하락  10,000",469000.0,469500.0,458000.0,104761.0,CJ제일제당,097950
2021-01-27,461500.0,상승  500,462500.0,471000.0,456000.0,82215.0,CJ제일제당,097950
2021-01-28,450000.0,"하락  11,500",446000.0,458000.0,445000.0,76665.0,CJ제일제당,097950
2021-01-29,426000.0,"하락  24,000",450000.0,450500.0,425500.0,113415.0,CJ제일제당,097950
2021-02-01,434000.0,"상승  8,000",425500.0,437000.0,421000.0,71462.0,CJ제일제당,097950
2021-02-02,444000.0,"상승  10,000",437000.0,455000.0,434500.0,74665.0,CJ제일제당,097950
2021-02-03,445500.0,"상승  1,500",444500.0,449000.0,438000.0,63202.0,CJ제일제당,097950
2021-02-04,439500.0,"하락  6,000",445500.0,451000.0,435500.0,58622.0,CJ제일제당,097950
2021-02-05,443500.0,"상승  4,000",443500.0,446000.0,439500.0,60629.0,CJ제일제당,097950
2021-02-08,454500.0,"상승  11,000",443500.0,458000.0,436500.0,133654.0,CJ제일제당,097950
2021-02-09,431000.0,"하락  23,500",444000.0,446000.0,429500.0,221723.0,CJ제일제당,097950
2021-02-10,429000.0,"하락  2,000",431000.0,431500.0,420500.0,101661.0,CJ제일제당,097950
2021-02-15,429000.0,보합0,431500.0,433500.0,429000.0,64209.0,CJ제일제당,097950
2021-02-16,432000.0,"상승  3,000",432500.0,433000.0,429000.0,50955.0,CJ제일제당,097950
2021-02-17,441000.0,"상승  9,000",433000.0,444000.0,432000.0,102494.0,CJ제일제당,097950
2021-02-18,440000.0,"하락  1,000",441500.0,448500.0,436000.0,62429.0,CJ제일제당,097950
2021-02-19,440000.0,보합0,438000.0,442000.0,430000.0,66106.0,CJ제일제당,097950
2021-02-22,435000.0,"하락  5,000",439500.0,440000.0,430500.0,57790.0,CJ제일제당,097950
2021-02-23,426000.0,"하락  9,000",430500.0,433000.0,426000.0,54742.0,CJ제일제당,097950
2021-02-24,408500.0,"하락  17,500",426500.0,431000.0,402500.0,124623.0,CJ제일제당,097950
2021-02-25,411000.0,"상승  2,500",409000.0,412500.0,401000.0,94437.0,CJ제일제당,097950
2021-02-26,406500.0,"하락  4,500",400000.0,406500.0,393000.0,127142.0,CJ제일제당,097950
2021-03-02,400000.0,"하락  6,500",408000.0,411500.0,398000.0,77574.0,CJ제일제당,097950
2021-03-03,406000.0,"상승  6,000",401500.0,406000.0,399500.0,34055.0,CJ제일제당,097950
2021-03-04,415000.0,"상승  9,000",401000.0,420500.0,400000.0,90293.0,CJ제일제당,097950
2021-03-05,410000.0,"하락  5,000",412000.0,412000.0,402500.0,36414.0,CJ제일제당,097950
2021-03-08,405000.0,"하락  5,000",410500.0,410500.0,403500.0,24412.0,CJ제일제당,097950
2021-03-09,396500.0,"하락  8,500",408000.0,410000.0,393000.0,52784.0,CJ제일제당,097950
2021-03-10,395500.0,"하락  1,000",399000.0,399500.0,391000.0,32882.0,CJ제일제당,097950
2021-03-11,395000.0,하락  500,393000.0,398000.0,389000.0,57507.0,CJ제일제당,097950
2021-03-12,407500.0,"상승  12,500",397500.0,407500.0,397000.0,42672.0,CJ제일제당,097950
2021-03-15,421000.0,"상승  13,500",409000.0,423000.0,402000.0,69523.0,CJ제일제당,097950
2021-03-16,424000.0,"상승  3,000",423500.0,429000.0,422000.0,58257.0,CJ제일제당,097950
2021-03-17,421500.0,"하락  2,500",427000.0,434000.0,421500.0,55264.0,CJ제일제당,097950
2021-03-18,417500.0,"하락  4,000",426000.0,427500.0,417500.0,45947.0,CJ제일제당,097950
2021-03-19,421000.0,"상승  3,500",418000.0,428500.0,412500.0,59740.0,CJ제일제당,097950
2021-03-22,419500.0,"하락  1,500",424500.0,427500.0,419500.0,34406.0,CJ제일제당,097950
2021-03-23,426500.0,"상승  7,000",423500.0,427500.0,416000.0,58470.0,CJ제일제당,097950
2021-03-24,429000.0,"상승  2,500",426000.0,430000.0,420500.0,47782.0,CJ제일제당,097950
2021-03-25,422500.0,"하락  6,500",426500.0,429000.0,420500.0,39648.0,CJ제일제당,097950
2021-03-26,417500.0,"하락  5,000",423500.0,423500.0,416000.0,35258.0,CJ제일제당,097950
2021-03-29,411000.0,"하락  6,500",417500.0,418000.0,408500.0,40692.0,CJ제일제당,097950
2021-03-30,411000.0,보합0,411000.0,413500.0,409000.0,26888.0,CJ제일제당,097950
2021-03-31,411000.0,보합0,411000.0,418000.0,409000.0,45750.0,CJ제일제당,097950
2021-04-01,416000.0,"상승  5,000",413000.0,418000.0,412500.0,38393.0,CJ제일제당,097950
2021-04-02,411500.0,"하락  4,500",415000.0,417500.0,410000.0,33063.0,CJ제일제당,097950
2021-04-05,410000.0,"하락  1,500",412000.0,413000.0,407500.0,28271.0,CJ제일제당,097950
2021-04-06,407000.0,"하락  3,000",410000.0,413000.0,407000.0,30405.0,CJ제일제당,097950
2021-04-07,408000.0,"상승  1,000",407000.0,409500.0,405000.0,31835.0,CJ제일제당,097950
2021-04-08,405000.0,"하락  3,000",405500.0,407000.0,403000.0,50303.0,CJ제일제당,097950
2021-04-09,420000.0,"상승  15,000",406500.0,421500.0,406000.0,99891.0,CJ제일제당,097950
2021-04-12,416500.0,"하락  3,500",420000.0,420000.0,413000.0,29180.0,CJ제일제당,097950
2021-04-13,415000.0,"하락  1,500",420000.0,420000.0,414500.0,31214.0,CJ제일제당,097950
2021-04-14,414500.0,하락  500,415500.0,418500.0,413000.0,25980.0,CJ제일제당,097950
2021-04-15,417000.0,"상승  2,500",416500.0,417000.0,413000.0,36500.0,CJ제일제당,097950
2021-04-16,419500.0,"상승  2,500",415000.0,421000.0,414500.0,38748.0,CJ제일제당,097950
2021-04-19,416500.0,"하락  3,000",421500.0,421500.0,415000.0,36662.0,CJ제일제당,097950
2021-04-20,417500.0,"상승  1,000",416500.0,419500.0,415000.0,31379.0,CJ제일제당,097950
2021-04-21,413000.0,"하락  4,500",417500.0,418000.0,411000.0,42918.0,CJ제일제당,097950
2021-04-22,410500.0,"하락  2,500",412000.0,414000.0,410500.0,30393.0,CJ제일제당,097950
2021-04-23,410500.0,보합0,410500.0,413000.0,407000.0,26969.0,CJ제일제당,097950
2021-04-26,409500.0,"하락  1,000",411500.0,412000.0,408500.0,30452.0,CJ제일제당,097950
2021-04-27,409000.0,하락  500,409500.0,411000.0,407000.0,27705.0,CJ제일제당,097950
2021-04-28,406000.0,"하락  3,000",409000.0,410000.0,403500.0,36552.0,CJ제일제당,097950
2021-04-29,400000.0,"하락  6,000",405000.0,407500.0,399500.0,38024.0,CJ제일제당,097950
2021-04-30,395500.0,"하락  4,500",400000.0,401500.0,395500.0,42806.0,CJ제일제당,097950
2021-05-03,407500.0,"상승  12,000",399000.0,409500.0,396000.0,69385.0,CJ제일제당,097950
2021-05-04,407000.0,하락  500,409000.0,409500.0,399500.0,43218.0,CJ제일제당,097950
2021-05-06,407500.0,상승  500,407000.0,409000.0,400000.0,38246.0,CJ제일제당,097950
2021-05-07,427000.0,"상승  19,500",410500.0,429000.0,410000.0,199457.0,CJ제일제당,097950
2021-05-10,435000.0,"상승  8,000",430000.0,441000.0,427000.0,154887.0,CJ제일제당,097950
2021-05-11,454000.0,"상승  19,000",440000.0,459500.0,436000.0,353489.0,CJ제일제당,097950
2021-05-12,454500.0,상승  500,459000.0,461500.0,447500.0,160453.0,CJ제일제당,097950
2021-05-13,462000.0,"상승  7,500",447000.0,479500.0,444000.0,217299.0,CJ제일제당,097950
2021-05-14,454000.0,"하락  8,000",463000.0,468500.0,450000.0,97157.0,CJ제일제당,097950
2021-05-17,457500.0,"상승  3,500",452500.0,466500.0,448500.0,64338.0,CJ제일제당,097950
2021-05-18,458500.0,"상승  1,000",457500.0,465000.0,451500.0,54662.0,CJ제일제당,097950
2021-05-20,444500.0,"하락  14,000",453000.0,458000.0,441500.0,76460.0,CJ제일제당,097950
2021-05-21,440000.0,"하락  4,500",447000.0,450500.0,438000.0,46428.0,CJ제일제당,097950
2021-05-24,451500.0,"상승  11,500",437500.0,454000.0,433000.0,65707.0,CJ제일제당,097950
2021-05-25,474000.0,"상승  22,500",451500.0,474000.0,450000.0,119605.0,CJ제일제당,097950
2021-05-26,477500.0,"상승  3,500",473500.0,484000.0,472000.0,85602.0,CJ제일제당,097950
2021-05-27,478500.0,"상승  1,000",477500.0,490000.0,474000.0,102429.0,CJ제일제당,097950
2021-05-28,472500.0,"하락  6,000",478500.0,479000.0,470500.0,43162.0,CJ제일제당,097950
2021-05-31,488500.0,"상승  16,000",472500.0,489000.0,470500.0,72172.0,CJ제일제당,097950
2021-06-01,485500.0,"하락  3,000",489500.0,491000.0,476000.0,57895.0,CJ제일제당,097950
2021-06-02,477500.0,"하락  8,000",479500.0,485000.0,477000.0,37022.0,CJ제일제당,097950
2021-06-03,473500.0,"하락  4,000",481000.0,485000.0,472500.0,47137.0,CJ제일제당,097950
2021-06-04,474000.0,상승  500,470000.0,480000.0,470000.0,38118.0,CJ제일제당,097950
2021-06-07,471500.0,"하락  2,500",478000.0,478500.0,469000.0,28779.0,CJ제일제당,097950
2021-06-08,473000.0,"상승  1,500",471500.0,479000.0,471500.0,26228.0,CJ제일제당,097950
2021-06-09,464000.0,"하락  9,000",470500.0,474000.0,464000.0,39082.0,CJ제일제당,097950
2021-06-10,465000.0,"상승  1,000",464000.0,469500.0,460000.0,48262.0,CJ제일제당,097950
2021-06-11,455000.0,"하락  10,000",465000.0,467000.0,455000.0,56463.0,CJ제일제당,097950
2021-06-14,457500.0,"상승  2,500",460000.0,460500.0,454000.0,32810.0,CJ제일제당,097950
2021-06-15,450500.0,"하락  7,000",454500.0,454500.0,448500.0,42269.0,CJ제일제당,097950
2021-06-16,452000.0,"상승  1,500",450000.0,457500.0,449000.0,46088.0,CJ제일제당,097950
2021-06-17,453000.0,"상승  1,000",450500.0,458500.0,449000.0,58072.0,CJ제일제당,097950
2021-06-18,450000.0,"하락  3,000",455500.0,456500.0,445000.0,59895.0,CJ제일제당,097950
2021-06-21,441500.0,"하락  8,500",447000.0,447000.0,439500.0,42206.0,CJ제일제당,097950
2021-06-22,453500.0,"상승  12,000",440000.0,455000.0,440000.0,45875.0,CJ제일제당,097950
2021-06-23,449500.0,"하락  4,000",455000.0,455500.0,446000.0,36720.0,CJ제일제당,097950
2021-06-24,448000.0,"하락  1,500",448000.0,450500.0,442000.0,31298.0,CJ제일제당,097950
2021-06-25,452500.0,"상승  4,500",448000.0,455500.0,448000.0,33580.0,CJ제일제당,097950
2021-06-28,459500.0,"상승  7,000",455000.0,467000.0,451500.0,61670.0,CJ제일제당,097950
2021-06-29,459000.0,하락  500,457000.0,466000.0,455000.0,36621.0,CJ제일제당,097950
2021-06-30,461000.0,"상승  2,000",461500.0,473000.0,459500.0,42509.0,CJ제일제당,097950
2021-07-01,454000.0,"하락  7,000",459000.0,462000.0,453500.0,36600.0,CJ제일제당,097950
2021-07-02,449500.0,"하락  4,500",451000.0,455000.0,447500.0,38995.0,CJ제일제당,097950
2021-07-05,448000.0,"하락  1,500",450000.0,452000.0,447000.0,18380.0,CJ제일제당,097950
2021-07-06,449000.0,"상승  1,000",448500.0,454500.0,445500.0,27958.0,CJ제일제당,097950
2021-07-07,452500.0,"상승  3,500",445500.0,454500.0,445500.0,28961.0,CJ제일제당,097950
2021-07-08,446000.0,"하락  6,500",452500.0,454500.0,445000.0,41462.0,CJ제일제당,097950
2021-07-09,442500.0,"하락  3,500",443500.0,447500.0,435500.0,49621.0,CJ제일제당,097950
2021-07-12,443000.0,상승  500,443500.0,447000.0,442500.0,16179.0,CJ제일제당,097950
2021-07-13,444500.0,"상승  1,500",447000.0,448000.0,441500.0,26746.0,CJ제일제당,097950
2021-07-14,452000.0,"상승  7,500",444500.0,458000.0,441500.0,43879.0,CJ제일제당,097950
2021-07-15,461000.0,"상승  9,000",455000.0,465500.0,448000.0,51896.0,CJ제일제당,097950
2021-07-16,465000.0,"상승  4,000",467000.0,477500.0,461000.0,54899.0,CJ제일제당,097950
2021-07-19,472500.0,"상승  7,500",465500.0,477000.0,460000.0,59297.0,CJ제일제당,097950
2021-07-20,468000.0,"하락  4,500",467500.0,476500.0,467500.0,39281.0,CJ제일제당,097950
2021-07-21,463000.0,"하락  5,000",470000.0,471500.0,459000.0,25993.0,CJ제일제당,097950
2021-07-22,469500.0,"상승  6,500",468500.0,470500.0,463000.0,34888.0,CJ제일제당,097950
2021-07-23,470000.0,상승  500,469500.0,474500.0,463000.0,26829.0,CJ제일제당,097950
2021-07-26,471000.0,"상승  1,000",470500.0,474500.0,464500.0,26044.0,CJ제일제당,097950
2021-07-27,470500.0,하락  500,474000.0,475000.0,467000.0,23334.0,CJ제일제당,097950
2021-07-28,464000.0,"하락  6,500",470500.0,471500.0,461000.0,25067.0,CJ제일제당,097950
2021-07-29,479000.0,"상승  15,000",465000.0,479000.0,465000.0,46852.0,CJ제일제당,097950
2021-07-30,468000.0,"하락  11,000",477500.0,477500.0,467500.0,38821.0,CJ제일제당,097950
2021-08-02,478500.0,"상승  10,500",471500.0,483000.0,468000.0,54570.0,CJ제일제당,097950
2021-08-03,482000.0,"상승  3,500",473000.0,483000.0,471000.0,47996.0,CJ제일제당,097950
2021-08-04,492500.0,"상승  10,500",480000.0,493500.0,478000.0,67149.0,CJ제일제당,097950
2021-08-05,487000.0,"하락  5,500",492000.0,492000.0,485000.0,34149.0,CJ제일제당,097950
2021-08-06,492000.0,"상승  5,000",487000.0,498500.0,477500.0,50998.0,CJ제일제당,097950
2021-08-09,489500.0,"하락  2,500",482000.0,494500.0,480500.0,59041.0,CJ제일제당,097950
2021-08-10,462500.0,"하락  27,000",492000.0,492000.0,458500.0,223772.0,CJ제일제당,097950
2021-08-11,451500.0,"하락  11,000",463000.0,465500.0,451000.0,90585.0,CJ제일제당,097950
2021-08-12,449000.0,"하락  2,500",453000.0,461000.0,446000.0,79794.0,CJ제일제당,097950
2021-08-13,445500.0,"하락  3,500",454000.0,454500.0,440000.0,63692.0,CJ제일제당,097950
2021-08-17,442000.0,"하락  3,500",447500.0,449500.0,441500.0,53546.0,CJ제일제당,097950
2021-08-18,447500.0,"상승  5,500",446500.0,447500.0,439500.0,48684.0,CJ제일제당,097950
2021-08-19,434000.0,"하락  13,500",444000.0,444000.0,434000.0,51665.0,CJ제일제당,097950
2021-08-20,426000.0,"하락  8,000",436000.0,439000.0,421500.0,46465.0,CJ제일제당,097950
2021-08-23,429500.0,"상승  3,500",430000.0,433000.0,427000.0,34645.0,CJ제일제당,097950
2021-08-24,443000.0,"상승  13,500",433000.0,447000.0,432500.0,41201.0,CJ제일제당,097950
2021-08-25,441500.0,"하락  1,500",444000.0,447500.0,440000.0,31087.0,CJ제일제당,097950
2021-08-26,437000.0,"하락  4,500",442000.0,447500.0,436500.0,27776.0,CJ제일제당,097950
2021-08-27,439000.0,"상승  2,000",438500.0,442500.0,435500.0,29478.0,CJ제일제당,097950
2021-08-30,448000.0,"상승  9,000",446000.0,451000.0,442000.0,32520.0,CJ제일제당,097950
2021-08-31,453500.0,"상승  5,500",448500.0,453500.0,444000.0,45002.0,CJ제일제당,097950
2021-09-01,446500.0,"하락  7,000",450500.0,453000.0,446000.0,29555.0,CJ제일제당,097950
2021-09-02,443500.0,"하락  3,000",445000.0,445500.0,440000.0,21995.0,CJ제일제당,097950
2021-09-03,444500.0,"상승  1,000",445000.0,450000.0,442000.0,29326.0,CJ제일제당,097950
2021-09-06,442000.0,"하락  2,500",445000.0,445000.0,440000.0,19461.0,CJ제일제당,097950
2021-09-07,442500.0,상승  500,440000.0,449500.0,440000.0,23865.0,CJ제일제당,097950
2021-09-08,438000.0,"하락  4,500",440000.0,442500.0,438000.0,23934.0,CJ제일제당,097950
2021-09-09,437500.0,하락  500,437000.0,440000.0,434000.0,30130.0,CJ제일제당,097950
2021-09-10,432500.0,"하락  5,000",438000.0,438500.0,430000.0,37071.0,CJ제일제당,097950
2021-09-13,435000.0,"상승  2,500",431500.0,435500.0,429000.0,28226.0,CJ제일제당,097950
2021-09-14,441000.0,"상승  6,000",437500.0,443500.0,437000.0,37955.0,CJ제일제당,097950
2021-09-15,435000.0,"하락  6,000",438000.0,442500.0,434000.0,43530.0,CJ제일제당,097950
2021-09-16,429500.0,"하락  5,500",435000.0,437500.0,428000.0,46630.0,CJ제일제당,097950
2021-09-17,431000.0,"상승  1,500",429500.0,433000.0,427000.0,42846.0,CJ제일제당,097950
2021-09-23,432500.0,"상승  1,500",430500.0,434500.0,426000.0,32735.0,CJ제일제당,097950
2021-09-24,430000.0,"하락  2,500",431500.0,433500.0,428000.0,19143.0,CJ제일제당,097950
2021-09-27,429000.0,"하락  1,000",428500.0,436500.0,427500.0,25407.0,CJ제일제당,097950
2021-09-28,416500.0,"하락  12,500",427000.0,428000.0,414500.0,44231.0,CJ제일제당,097950
2021-09-29,410500.0,"하락  6,000",411000.0,417000.0,404000.0,51544.0,CJ제일제당,097950
2021-09-30,409500.0,"하락  1,000",409500.0,413500.0,405500.0,31515.0,CJ제일제당,097950
2021-10-01,401000.0,"하락  8,500",407000.0,410500.0,397000.0,59272.0,CJ제일제당,097950
2021-10-05,397500.0,"하락  3,500",396500.0,402500.0,395000.0,49095.0,CJ제일제당,097950
2021-10-06,391000.0,"하락  6,500",398000.0,401500.0,391000.0,49255.0,CJ제일제당,097950
2021-10-07,397000.0,"상승  6,000",391000.0,399000.0,390500.0,40910.0,CJ제일제당,097950
2021-10-08,399000.0,"상승  2,000",392500.0,400500.0,386000.0,74274.0,CJ제일제당,097950
2021-10-12,392000.0,"하락  7,000",399500.0,401500.0,391000.0,50291.0,CJ제일제당,097950
2021-10-13,398500.0,"상승  6,500",395000.0,399000.0,391500.0,36504.0,CJ제일제당,097950
2021-10-14,403000.0,"상승  4,500",399000.0,404500.0,398500.0,34278.0,CJ제일제당,097950
2021-10-15,400000.0,"하락  3,000",407000.0,407000.0,400000.0,40188.0,CJ제일제당,097950
2021-10-18,410000.0,"상승  10,000",404000.0,413500.0,400500.0,46859.0,CJ제일제당,097950
2021-10-19,406500.0,"하락  3,500",415000.0,417500.0,403500.0,28249.0,CJ제일제당,097950
2021-10-20,399500.0,"하락  7,000",404500.0,408000.0,399000.0,33642.0,CJ제일제당,097950
2021-10-21,395500.0,"하락  4,000",399500.0,401500.0,395500.0,43030.0,CJ제일제당,097950
2021-10-22,394000.0,"하락  1,500",395500.0,398000.0,392000.0,34844.0,CJ제일제당,097950
2021-10-25,396000.0,"상승  2,000",392000.0,397000.0,390500.0,24968.0,CJ제일제당,097950
2021-10-26,394500.0,"하락  1,500",398500.0,398500.0,393500.0,33190.0,CJ제일제당,097950
2021-10-27,393000.0,"하락  1,500",394500.0,396000.0,392000.0,35994.0,CJ제일제당,097950
2021-10-28,386500.0,"하락  6,500",394000.0,395000.0,386500.0,61206.0,CJ제일제당,097950
2021-10-29,380000.0,"하락  6,500",386500.0,389000.0,378000.0,72829.0,CJ제일제당,097950
2021-11-01,387500.0,"상승  7,500",380500.0,388000.0,379000.0,27954.0,CJ제일제당,097950
2021-11-02,387500.0,보합0,387500.0,394500.0,387000.0,31296.0,CJ제일제당,097950
2021-11-03,386000.0,"하락  1,500",387000.0,388000.0,383500.0,21256.0,CJ제일제당,097950
2021-11-04,384000.0,"하락  2,000",386500.0,392000.0,383000.0,29100.0,CJ제일제당,097950
2021-11-05,381500.0,"하락  2,500",385000.0,388000.0,379000.0,26010.0,CJ제일제당,097950
2021-11-08,376500.0,"하락  5,000",382000.0,382000.0,374000.0,40788.0,CJ제일제당,097950
2021-11-09,374500.0,"하락  2,000",382000.0,391500.0,373500.0,67498.0,CJ제일제당,097950
2021-11-10,366000.0,"하락  8,500",373500.0,374000.0,364000.0,50545.0,CJ제일제당,097950
2021-11-11,366000.0,보합0,361000.0,368500.0,361000.0,33002.0,CJ제일제당,097950
2021-11-12,368500.0,"상승  2,500",366000.0,370000.0,363000.0,34177.0,CJ제일제당,097950
2021-11-15,373000.0,"상승  4,500",371500.0,374500.0,368500.0,30784.0,CJ제일제당,097950
2021-11-16,373000.0,보합0,371000.0,376000.0,369000.0,30163.0,CJ제일제당,097950
2021-11-17,366500.0,"하락  6,500",373000.0,376500.0,366500.0,34649.0,CJ제일제당,097950
2021-11-18,359000.0,"하락  7,500",366500.0,366500.0,359000.0,48105.0,CJ제일제당,097950
2021-11-19,365000.0,"상승  6,000",358000.0,365000.0,355500.0,35614.0,CJ제일제당,097950
2021-11-22,364000.0,"하락  1,000",363500.0,369000.0,360000.0,33584.0,CJ제일제당,097950
2021-11-23,369500.0,"상승  5,500",360500.0,371500.0,360500.0,37188.0,CJ제일제당,097950
2021-11-24,383000.0,"상승  13,500",375500.0,392500.0,375000.0,136621.0,CJ제일제당,097950
2021-11-25,379500.0,"하락  3,500",383500.0,384000.0,377000.0,31004.0,CJ제일제당,097950
2021-11-26,369500.0,"하락  10,000",382000.0,382000.0,368500.0,60546.0,CJ제일제당,097950
2021-11-29,369000.0,하락  500,362500.0,374000.0,361000.0,42455.0,CJ제일제당,097950
2021-11-30,354000.0,"하락  15,000",369000.0,373500.0,351500.0,101418.0,CJ제일제당,097950
2021-12-01,350500.0,"하락  3,500",356000.0,356000.0,344000.0,62052.0,CJ제일제당,097950
2021-12-02,364500.0,"상승  14,000",345000.0,367000.0,345000.0,44400.0,CJ제일제당,097950
2021-12-03,363500.0,"하락  1,000",362000.0,371500.0,361000.0,34753.0,CJ제일제당,097950
2021-12-06,362500.0,"하락  1,000",363500.0,365500.0,357000.0,24355.0,CJ제일제당,097950
2021-12-07,374500.0,"상승  12,000",360500.0,374500.0,357500.0,47358.0,CJ제일제당,097950
2021-12-08,370000.0,"하락  4,500",378000.0,378000.0,369000.0,40130.0,CJ제일제당,097950
2021-12-09,372500.0,"상승  2,500",375000.0,377000.0,372500.0,44737.0,CJ제일제당,097950
2021-12-10,376000.0,"상승  3,500",372500.0,379500.0,370000.0,35979.0,CJ제일제당,097950
2021-12-13,378000.0,"상승  2,000",377500.0,388000.0,374000.0,43834.0,CJ제일제당,097950
2021-12-14,392000.0,"상승  14,000",374000.0,394500.0,373500.0,90581.0,CJ제일제당,097950
2021-12-15,392000.0,보합0,394000.0,398000.0,388000.0,37658.0,CJ제일제당,097950
2021-12-16,390000.0,"하락  2,000",390500.0,391500.0,384500.0,43255.0,CJ제일제당,097950
2021-12-17,402500.0,"상승  12,500",389000.0,403500.0,387500.0,87537.0,CJ제일제당,097950
2021-12-20,398000.0,"하락  4,500",398000.0,405000.0,397000.0,40120.0,CJ제일제당,097950
2021-12-21,395000.0,"하락  3,000",400000.0,402000.0,393000.0,39790.0,CJ제일제당,097950
2021-12-22,390000.0,"하락  5,000",394000.0,397000.0,385500.0,39804.0,CJ제일제당,097950
2021-12-23,391000.0,"상승  1,000",390500.0,394000.0,387000.0,29278.0,CJ제일제당,097950
2021-12-24,387500.0,"하락  3,500",391000.0,395000.0,387000.0,24822.0,CJ제일제당,097950
2021-12-27,394000.0,"상승  6,500",389000.0,397500.0,387000.0,35701.0,CJ제일제당,097950
2021-12-28,392000.0,"하락  2,000",396000.0,396000.0,388500.0,29485.0,CJ제일제당,097950
2021-12-29,388500.0,"하락  3,500",388000.0,393000.0,386000.0,26374.0,CJ제일제당,097950
2021-12-30,387500.0,"하락  1,000",386000.0,394000.0,385500.0,29345.0,CJ제일제당,097950
2022-01-03,379500.0,"하락  8,000",388000.0,389000.0,378000.0,36699.0,CJ제일제당,097950
2022-01-04,379500.0,보합0,379500.0,380500.0,374000.0,37341.0,CJ제일제당,097950
2022-01-05,378000.0,"하락  1,500",375500.0,381500.0,374500.0,31655.0,CJ제일제당,097950
2022-01-06,374500.0,"하락  3,500",373000.0,383500.0,373000.0,32601.0,CJ제일제당,097950
2022-01-07,380500.0,"상승  6,000",374000.0,382000.0,373000.0,26954.0,CJ제일제당,097950
2022-01-10,385000.0,"상승  4,500",379500.0,388500.0,377000.0,36588.0,CJ제일제당,097950
2022-01-11,383500.0,"하락  1,500",382500.0,389000.0,382500.0,32826.0,CJ제일제당,097950
2022-01-12,383000.0,하락  500,383000.0,385500.0,379500.0,39579.0,CJ제일제당,097950
2022-01-13,380000.0,"하락  3,000",381000.0,385500.0,379000.0,46366.0,CJ제일제당,097950
2022-01-14,376500.0,"하락  3,500",380500.0,382000.0,373000.0,30843.0,CJ제일제당,097950
2022-01-17,378000.0,"상승  1,500",373500.0,386500.0,373500.0,31250.0,CJ제일제당,097950
2022-01-18,372500.0,"하락  5,500",379000.0,381000.0,371000.0,23499.0,CJ제일제당,097950
2022-01-19,367000.0,"하락  5,500",365000.0,374500.0,365000.0,25329.0,CJ제일제당,097950
2022-01-20,366000.0,"하락  1,000",369000.0,371500.0,364000.0,27787.0,CJ제일제당,097950
2022-01-21,361500.0,"하락  4,500",363500.0,365000.0,355500.0,38668.0,CJ제일제당,097950
2022-01-24,367000.0,"상승  5,500",361500.0,378500.0,361500.0,66423.0,CJ제일제당,097950
2022-01-25,351500.0,"하락  15,500",366500.0,369500.0,350000.0,50608.0,CJ제일제당,097950
2022-01-26,355000.0,"상승  3,500",354500.0,359000.0,350000.0,32770.0,CJ제일제당,097950
2022-01-27,332000.0,"하락  23,000",358000.0,359500.0,332000.0,66051.0,CJ제일제당,097950
2022-01-28,346000.0,"상승  14,000",336000.0,351000.0,334500.0,69761.0,CJ제일제당,097950
2022-02-03,358000.0,"상승  12,000",350000.0,363500.0,350000.0,37171.0,CJ제일제당,097950
2022-02-04,368000.0,"상승  10,000",355000.0,372000.0,355000.0,35930.0,CJ제일제당,097950
2022-02-07,379000.0,"상승  11,000",356000.0,384000.0,355500.0,72718.0,CJ제일제당,097950
2022-02-08,386000.0,"상승  7,000",384500.0,394500.0,380000.0,74384.0,CJ제일제당,097950
2022-02-09,381000.0,"하락  5,000",386500.0,390500.0,377000.0,26825.0,CJ제일제당,097950
2022-02-10,383000.0,"상승  2,000",379000.0,386000.0,377500.0,34544.0,CJ제일제당,097950
2022-02-11,376000.0,"하락  7,000",378000.0,382000.0,373500.0,26981.0,CJ제일제당,097950
2022-02-14,371500.0,"하락  4,500",374000.0,376000.0,363500.0,39730.0,CJ제일제당,097950
2022-02-15,361000.0,"하락  10,500",362000.0,364500.0,353000.0,72372.0,CJ제일제당,097950
2022-02-16,369500.0,"상승  8,500",366000.0,371500.0,361000.0,32673.0,CJ제일제당,097950
2022-02-17,373500.0,"상승  4,000",370000.0,378000.0,366500.0,34936.0,CJ제일제당,097950
2022-02-18,380000.0,"상승  6,500",371500.0,387000.0,369000.0,38311.0,CJ제일제당,097950
2022-02-21,379500.0,하락  500,370500.0,384000.0,370500.0,26808.0,CJ제일제당,097950
2022-02-22,384000.0,"상승  4,500",371500.0,385000.0,371500.0,42017.0,CJ제일제당,097950
2022-02-23,380500.0,"하락  3,500",386500.0,387000.0,377000.0,27388.0,CJ제일제당,097950
2022-02-24,374000.0,"하락  6,500",376000.0,381000.0,369500.0,32302.0,CJ제일제당,097950
2022-02-25,372000.0,"하락  2,000",373000.0,380000.0,370500.0,27736.0,CJ제일제당,097950
2022-02-28,378500.0,"상승  6,500",372000.0,378500.0,364500.0,59685.0,CJ제일제당,097950
2022-03-02,374500.0,"하락  4,000",378000.0,379500.0,373500.0,21915.0,CJ제일제당,097950
2022-03-03,371000.0,"하락  3,500",373500.0,376500.0,369000.0,38093.0,CJ제일제당,097950
2022-03-04,374000.0,"상승  3,000",371000.0,375000.0,366000.0,23998.0,CJ제일제당,097950
2022-03-07,355500.0,"하락  18,500",369000.0,370000.0,353000.0,46060.0,CJ제일제당,097950
2022-03-08,345000.0,"하락  10,500",351500.0,353500.0,345000.0,43797.0,CJ제일제당,097950
2022-03-10,354500.0,"상승  9,500",352000.0,354500.0,348000.0,37235.0,CJ제일제당,097950
2022-03-11,348500.0,"하락  6,000",352000.0,353500.0,347500.0,23166.0,CJ제일제당,097950
2022-03-14,343500.0,"하락  5,000",349000.0,350000.0,338500.0,30272.0,CJ제일제당,097950
2022-03-15,339000.0,"하락  4,500",339500.0,343000.0,337500.0,22271.0,CJ제일제당,097950
2022-03-16,344500.0,"상승  5,500",342500.0,345000.0,339000.0,19756.0,CJ제일제당,097950
2022-03-17,352000.0,"상승  7,500",350000.0,354000.0,348000.0,32338.0,CJ제일제당,097950
2022-03-18,353500.0,"상승  1,500",353000.0,354000.0,349000.0,32457.0,CJ제일제당,097950
2022-03-21,353500.0,보합0,353500.0,356000.0,352000.0,19473.0,CJ제일제당,097950
2022-03-22,353000.0,하락  500,353500.0,354500.0,349000.0,20990.0,CJ제일제당,097950
2022-03-23,365500.0,"상승  12,500",356500.0,368500.0,354500.0,47153.0,CJ제일제당,097950
2022-03-24,369500.0,"상승  4,000",361000.0,370500.0,357500.0,37612.0,CJ제일제당,097950
2022-03-25,367500.0,"하락  2,000",369000.0,371500.0,366000.0,26288.0,CJ제일제당,097950
2022-03-28,376500.0,"상승  9,000",366000.0,376500.0,363000.0,45261.0,CJ제일제당,097950
2022-03-29,372500.0,"하락  4,000",376500.0,378000.0,371000.0,30813.0,CJ제일제당,097950
2022-03-30,373500.0,"상승  1,000",377000.0,378000.0,371000.0,21564.0,CJ제일제당,097950
2022-03-31,369500.0,"하락  4,000",373500.0,376500.0,369500.0,35318.0,CJ제일제당,097950
2022-04-01,379500.0,"상승  10,000",369500.0,381500.0,369500.0,57243.0,CJ제일제당,097950
2022-04-04,388000.0,"상승  8,500",379500.0,388000.0,378000.0,37525.0,CJ제일제당,097950
2022-04-05,389000.0,"상승  1,000",387500.0,389000.0,383500.0,21703.0,CJ제일제당,097950
2022-04-06,389000.0,보합0,390000.0,392000.0,386000.0,25135.0,CJ제일제당,097950
2022-04-07,392000.0,"상승  3,000",385000.0,396500.0,379500.0,69935.0,CJ제일제당,097950
2022-04-08,395000.0,"상승  3,000",396500.0,398000.0,391500.0,34644.0,CJ제일제당,097950
2022-04-11,397000.0,"상승  2,000",397000.0,397000.0,388500.0,26950.0,CJ제일제당,097950
2022-04-12,393500.0,"하락  3,500",392000.0,396000.0,390000.0,32323.0,CJ제일제당,097950
2022-04-13,390000.0,"하락  3,500",396500.0,397000.0,387000.0,24757.0,CJ제일제당,097950
2022-04-14,393000.0,"상승  3,000",386500.0,393500.0,386000.0,24355.0,CJ제일제당,097950
2022-04-15,386000.0,"하락  7,000",388000.0,391000.0,385000.0,25901.0,CJ제일제당,097950
2022-04-18,387500.0,"상승  1,500",383000.0,396000.0,381500.0,34307.0,CJ제일제당,097950
2022-04-19,394500.0,"상승  7,000",392500.0,399000.0,390500.0,42108.0,CJ제일제당,097950
2022-04-20,407000.0,"상승  12,500",391500.0,412500.0,390500.0,103634.0,CJ제일제당,097950
2022-04-21,403500.0,"하락  3,500",410000.0,411500.0,400000.0,45404.0,CJ제일제당,097950
2022-04-22,412500.0,"상승  9,000",400000.0,414000.0,397000.0,82379.0,CJ제일제당,097950
2022-04-25,418000.0,"상승  5,500",416500.0,427500.0,414000.0,135656.0,CJ제일제당,097950
2022-04-26,407000.0,"하락  11,000",420000.0,420500.0,398000.0,73040.0,CJ제일제당,097950
2022-04-27,407500.0,상승  500,402000.0,411000.0,399000.0,47850.0,CJ제일제당,097950
2022-04-28,407000.0,하락  500,407000.0,407500.0,401000.0,33410.0,CJ제일제당,097950
2022-04-29,398000.0,"하락  9,000",403500.0,412000.0,396000.0,54369.0,CJ제일제당,097950
2022-05-02,401500.0,"상승  3,500",395000.0,402000.0,394000.0,22168.0,CJ제일제당,097950
2022-05-03,388000.0,"하락  13,500",396500.0,400500.0,385000.0,56262.0,CJ제일제당,097950
2022-05-04,387000.0,"하락  1,000",388000.0,391000.0,382500.0,27003.0,CJ제일제당,097950
2022-05-06,383000.0,"하락  4,000",383000.0,386500.0,379000.0,20691.0,CJ제일제당,097950
2022-05-09,377500.0,"하락  5,500",379500.0,384000.0,374500.0,24542.0,CJ제일제당,097950
2022-05-10,401000.0,"상승  23,500",387000.0,407500.0,386500.0,155540.0,CJ제일제당,097950
2022-05-11,399000.0,"하락  2,000",402000.0,410000.0,396500.0,79436.0,CJ제일제당,097950
2022-05-12,401500.0,"상승  2,500",397500.0,412000.0,397500.0,62414.0,CJ제일제당,097950
2022-05-13,404000.0,"상승  2,500",409000.0,409000.0,402000.0,25754.0,CJ제일제당,097950
2022-05-16,408000.0,"상승  4,000",410000.0,416500.0,404000.0,29615.0,CJ제일제당,097950
2022-05-17,401000.0,"하락  7,000",408000.0,410000.0,392000.0,38476.0,CJ제일제당,097950
2022-05-18,407500.0,"상승  6,500",401500.0,410000.0,398500.0,32788.0,CJ제일제당,097950
2022-05-19,396000.0,"하락  11,500",400500.0,402000.0,392000.0,52950.0,CJ제일제당,097950
2022-05-20,398000.0,"상승  2,000",396500.0,402500.0,396000.0,31094.0,CJ제일제당,097950
2022-05-23,403000.0,"상승  5,000",400000.0,406000.0,398500.0,33731.0,CJ제일제당,097950
2022-05-24,396000.0,"하락  7,000",400500.0,405000.0,395000.0,32032.0,CJ제일제당,097950
2022-05-25,394000.0,"하락  2,000",403500.0,406000.0,392500.0,38918.0,CJ제일제당,097950
2022-05-26,387000.0,"하락  7,000",392500.0,393000.0,382000.0,58237.0,CJ제일제당,097950
2022-05-27,393000.0,"상승  6,000",392500.0,395000.0,387000.0,28858.0,CJ제일제당,097950
2022-05-30,394500.0,"상승  1,500",395000.0,401500.0,393500.0,25449.0,CJ제일제당,097950
2022-05-31,393500.0,"하락  1,000",395000.0,399500.0,389500.0,73424.0,CJ제일제당,097950
2022-06-02,397500.0,"상승  4,000",404500.0,404500.0,392000.0,42394.0,CJ제일제당,097950
2022-06-03,393500.0,"하락  4,000",400000.0,400000.0,390000.0,27251.0,CJ제일제당,097950
2022-06-07,388000.0,"하락  5,500",393500.0,393500.0,387000.0,21037.0,CJ제일제당,097950
2022-06-08,386500.0,"하락  1,500",387000.0,390000.0,383000.0,34641.0,CJ제일제당,097950
2022-06-09,381500.0,"하락  5,000",384000.0,388000.0,381000.0,39653.0,CJ제일제당,097950
2022-06-10,377000.0,"하락  4,500",380000.0,385000.0,375500.0,38349.0,CJ제일제당,097950
2022-06-13,366000.0,"하락  11,000",372000.0,376500.0,365500.0,34053.0,CJ제일제당,097950
2022-06-14,366000.0,보합0,363000.0,366000.0,357000.0,39802.0,CJ제일제당,097950
2022-06-15,366000.0,보합0,366500.0,378000.0,364000.0,48186.0,CJ제일제당,097950
2022-06-16,363500.0,"하락  2,500",367000.0,377000.0,360500.0,28215.0,CJ제일제당,097950
2022-06-17,364000.0,상승  500,361000.0,367000.0,357000.0,33990.0,CJ제일제당,097950
2022-06-20,372000.0,"상승  8,000",365500.0,376500.0,365500.0,55249.0,CJ제일제당,097950
2022-06-21,372000.0,보합0,379000.0,379000.0,366000.0,18909.0,CJ제일제당,097950
2022-06-22,371000.0,"하락  1,000",372500.0,382000.0,368000.0,36065.0,CJ제일제당,097950
2022-06-23,382500.0,"상승  11,500",378000.0,392500.0,377500.0,81763.0,CJ제일제당,097950
2022-06-24,382500.0,보합0,390000.0,390000.0,378000.0,35556.0,CJ제일제당,097950
2022-06-27,384000.0,"상승  1,500",382500.0,391500.0,381000.0,29756.0,CJ제일제당,097950
2022-06-28,389500.0,"상승  5,500",389500.0,390500.0,380500.0,29308.0,CJ제일제당,097950
2022-06-29,381500.0,"하락  8,000",384000.0,389000.0,379500.0,25200.0,CJ제일제당,097950
2022-06-30,379000.0,"하락  2,500",377500.0,387500.0,377500.0,26064.0,CJ제일제당,097950
2022-07-01,392000.0,"상승  13,000",388000.0,396500.0,382000.0,57687.0,CJ제일제당,097950
2022-07-04,400500.0,"상승  8,500",396500.0,404000.0,391000.0,59743.0,CJ제일제당,097950
2022-07-05,397500.0,"하락  3,000",401500.0,401500.0,387500.0,35560.0,CJ제일제당,097950
2022-07-06,393000.0,"하락  4,500",390500.0,400500.0,389000.0,32653.0,CJ제일제당,097950
2022-07-07,392000.0,"하락  1,000",398500.0,398500.0,392000.0,21510.0,CJ제일제당,097950
2022-07-08,389000.0,"하락  3,000",391500.0,396000.0,387000.0,26223.0,CJ제일제당,097950
2022-07-11,386500.0,"하락  2,500",387500.0,389500.0,381500.0,22921.0,CJ제일제당,097950
2022-07-12,398500.0,"상승  12,000",389500.0,398500.0,388500.0,48509.0,CJ제일제당,097950
2022-07-13,403000.0,"상승  4,500",400000.0,407500.0,396500.0,50183.0,CJ제일제당,097950
2022-07-14,402000.0,"하락  1,000",399000.0,405500.0,395000.0,34230.0,CJ제일제당,097950
2022-07-15,397500.0,"하락  4,500",395000.0,401000.0,381000.0,40227.0,CJ제일제당,097950
2022-07-18,391000.0,"하락  6,500",396000.0,399000.0,389000.0,27816.0,CJ제일제당,097950
2022-07-19,405000.0,"상승  14,000",393000.0,405000.0,390000.0,41409.0,CJ제일제당,097950
2022-07-20,396500.0,"하락  8,500",402000.0,403000.0,395500.0,39486.0,CJ제일제당,097950
2022-07-21,398500.0,"상승  2,000",397000.0,399500.0,394000.0,19596.0,CJ제일제당,097950
2022-07-22,397500.0,"하락  1,000",394500.0,398500.0,394500.0,20025.0,CJ제일제당,097950
2022-07-25,395000.0,"하락  2,500",394500.0,398000.0,393500.0,15932.0,CJ제일제당,097950
2022-07-26,397000.0,"상승  2,000",395000.0,400500.0,395000.0,19443.0,CJ제일제당,097950
2022-07-27,395000.0,"하락  2,000",396500.0,400000.0,394000.0,16778.0,CJ제일제당,097950
2022-07-28,395000.0,보합0,395500.0,398000.0,391000.0,25944.0,CJ제일제당,097950
2022-07-29,391500.0,"하락  3,500",397500.0,397500.0,389000.0,27618.0,CJ제일제당,097950
2022-08-01,387000.0,"하락  4,500",391500.0,392000.0,383500.0,37653.0,CJ제일제당,097950
2022-08-02,385500.0,"하락  1,500",387000.0,388000.0,383000.0,29317.0,CJ제일제당,097950
2022-08-03,387500.0,"상승  2,000",385000.0,387500.0,383500.0,30267.0,CJ제일제당,097950
2022-08-04,384500.0,"하락  3,000",388000.0,389500.0,383500.0,24225.0,CJ제일제당,097950
2022-08-05,389000.0,"상승  4,500",386500.0,391000.0,385000.0,26817.0,CJ제일제당,097950
2022-08-08,394500.0,"상승  5,500",389000.0,394500.0,386000.0,28337.0,CJ제일제당,097950
2022-08-09,428500.0,"상승  34,000",402000.0,437000.0,402000.0,265521.0,CJ제일제당,097950
2022-08-10,423500.0,"하락  5,000",426500.0,428500.0,414500.0,66726.0,CJ제일제당,097950
2022-08-11,421500.0,"하락  2,000",425000.0,425000.0,417000.0,66420.0,CJ제일제당,097950
2022-08-12,416500.0,"하락  5,000",419000.0,422000.0,414000.0,43606.0,CJ제일제당,097950
2022-08-16,418500.0,"상승  2,000",418000.0,420500.0,416500.0,31340.0,CJ제일제당,097950
2022-08-17,417000.0,"하락  1,500",419500.0,423000.0,413500.0,31606.0,CJ제일제당,097950
2022-08-18,419000.0,"상승  2,000",414500.0,421000.0,412500.0,30924.0,CJ제일제당,097950
2022-08-19,416000.0,"하락  3,000",418000.0,421500.0,413500.0,26639.0,CJ제일제당,097950
2022-08-22,412500.0,"하락  3,500",412000.0,415500.0,408500.0,24704.0,CJ제일제당,097950
2022-08-23,404000.0,"하락  8,500",408500.0,412500.0,404000.0,31815.0,CJ제일제당,097950
2022-08-24,414000.0,"상승  10,000",405500.0,415500.0,404500.0,36070.0,CJ제일제당,097950
2022-08-25,414000.0,보합0,416000.0,416000.0,410000.0,17185.0,CJ제일제당,097950
2022-08-26,414500.0,상승  500,413000.0,415000.0,409000.0,17330.0,CJ제일제당,097950
2022-08-29,406500.0,"하락  8,000",407000.0,410000.0,399000.0,33074.0,CJ제일제당,097950
2022-08-30,408000.0,"상승  1,500",409000.0,411500.0,405500.0,17112.0,CJ제일제당,097950
2022-08-31,407500.0,하락  500,406000.0,412500.0,403500.0,27651.0,CJ제일제당,097950
2022-09-01,400500.0,"하락  7,000",402000.0,405500.0,398000.0,38750.0,CJ제일제당,097950
2022-09-02,400000.0,하락  500,401500.0,407500.0,400000.0,18335.0,CJ제일제당,097950
2022-09-05,397500.0,"하락  2,500",404500.0,404500.0,395500.0,14164.0,CJ제일제당,097950
2022-09-06,398000.0,상승  500,399000.0,399500.0,393500.0,13650.0,CJ제일제당,097950
2022-09-07,390000.0,"하락  8,000",395000.0,398000.0,389500.0,30584.0,CJ제일제당,097950
2022-09-08,390000.0,보합0,394000.0,394500.0,389000.0,25209.0,CJ제일제당,097950
2022-09-13,395500.0,"상승  5,500",396000.0,402000.0,394500.0,18269.0,CJ제일제당,097950
2022-09-14,389500.0,"하락  6,000",387000.0,391000.0,385500.0,21300.0,CJ제일제당,097950
2022-09-15,389500.0,보합0,390000.0,394000.0,387000.0,17541.0,CJ제일제당,097950
2022-09-16,385500.0,"하락  4,000",390000.0,397000.0,383500.0,38859.0,CJ제일제당,097950
2022-09-19,393000.0,"상승  7,500",388500.0,400000.0,386500.0,32955.0,CJ제일제당,097950
2022-09-20,404500.0,"상승  11,500",395000.0,405000.0,395000.0,34829.0,CJ제일제당,097950
2022-09-21,408500.0,"상승  4,000",404000.0,419500.0,401000.0,60814.0,CJ제일제당,097950
2022-09-22,417500.0,"상승  9,000",411000.0,425000.0,410000.0,73744.0,CJ제일제당,097950
2022-09-23,413000.0,"하락  4,500",422000.0,426000.0,411500.0,37527.0,CJ제일제당,097950
2022-09-26,405500.0,"하락  7,500",410000.0,416000.0,404000.0,51344.0,CJ제일제당,097950
2022-09-27,420000.0,"상승  14,500",410000.0,423000.0,407000.0,68889.0,CJ제일제당,097950
2022-09-28,406500.0,"하락  13,500",412000.0,420000.0,402000.0,47609.0,CJ제일제당,097950
2022-09-29,407500.0,"상승  1,000",406500.0,412000.0,395500.0,42641.0,CJ제일제당,097950
2022-09-30,411000.0,"상승  3,500",407000.0,417000.0,404500.0,46890.0,CJ제일제당,097950
2022-10-04,404000.0,"하락  7,000",411500.0,417500.0,401000.0,27511.0,CJ제일제당,097950
2022-10-05,402000.0,"하락  2,000",404500.0,404500.0,396000.0,36730.0,CJ제일제당,097950
2022-10-06,402000.0,보합0,402500.0,408000.0,402000.0,13009.0,CJ제일제당,097950
2022-10-07,402000.0,보합0,400000.0,409500.0,400000.0,23598.0,CJ제일제당,097950
2022-10-11,400000.0,"하락  2,000",402000.0,404000.0,394500.0,20343.0,CJ제일제당,097950
2022-10-12,398000.0,"하락  2,000",397500.0,400000.0,389500.0,28276.0,CJ제일제당,097950
2022-10-13,388500.0,"하락  9,500",399000.0,399500.0,388000.0,25684.0,CJ제일제당,097950
2022-10-14,404500.0,"상승  16,000",389500.0,408000.0,389000.0,25952.0,CJ제일제당,097950
2022-10-17,401000.0,"하락  3,500",404000.0,407500.0,397000.0,28055.0,CJ제일제당,097950
2022-10-18,402000.0,"상승  1,000",405500.0,407500.0,398000.0,18044.0,CJ제일제당,097950
2022-10-19,403000.0,"상승  1,000",406500.0,406500.0,399000.0,17357.0,CJ제일제당,097950
2022-10-20,403500.0,상승  500,399500.0,403500.0,395500.0,31996.0,CJ제일제당,097950
2022-10-21,398500.0,"하락  5,000",399000.0,401000.0,396500.0,11325.0,CJ제일제당,097950
2022-10-24,398000.0,하락  500,402500.0,404000.0,396000.0,14675.0,CJ제일제당,097950
2022-10-25,400500.0,"상승  2,500",400000.0,401000.0,396000.0,16313.0,CJ제일제당,097950
2022-10-26,413500.0,"상승  13,000",397500.0,416000.0,397500.0,52264.0,CJ제일제당,097950
2022-10-27,416500.0,"상승  3,000",417500.0,419000.0,410500.0,38236.0,CJ제일제당,097950
2022-10-28,414500.0,"하락  2,000",416000.0,416000.0,409000.0,22128.0,CJ제일제당,097950
2022-10-31,414000.0,하락  500,415500.0,422500.0,410000.0,38844.0,CJ제일제당,097950
2022-11-01,420000.0,"상승  6,000",414500.0,423000.0,411000.0,31675.0,CJ제일제당,097950
2022-11-02,427500.0,"상승  7,500",417000.0,428500.0,415500.0,39805.0,CJ제일제당,097950
2022-11-03,427000.0,하락  500,425000.0,429000.0,421500.0,32611.0,CJ제일제당,097950
2022-11-04,424000.0,"하락  3,000",423000.0,426000.0,418000.0,25051.0,CJ제일제당,097950
2022-11-07,417500.0,"하락  6,500",424000.0,425500.0,409000.0,45513.0,CJ제일제당,097950
2022-11-08,415500.0,"하락  2,000",418500.0,419500.0,413000.0,40167.0,CJ제일제당,097950
2022-11-09,417500.0,"상승  2,000",419500.0,422000.0,415000.0,34533.0,CJ제일제당,097950
2022-11-10,422000.0,"상승  4,500",417500.0,427000.0,414000.0,51764.0,CJ제일제당,097950
2022-11-11,415500.0,"하락  6,500",423500.0,428000.0,411000.0,80999.0,CJ제일제당,097950
2022-11-14,417000.0,"상승  1,500",416500.0,421500.0,413500.0,49273.0,CJ제일제당,097950
2022-11-15,396500.0,"하락  20,500",413000.0,413500.0,392500.0,158898.0,CJ제일제당,097950
2022-11-16,392000.0,"하락  4,500",396500.0,399000.0,392000.0,77786.0,CJ제일제당,097950
2022-11-17,392000.0,보합0,393000.0,393500.0,389500.0,33260.0,CJ제일제당,097950
2022-11-18,394500.0,"상승  2,500",392500.0,396000.0,390000.0,39167.0,CJ제일제당,097950
2022-11-21,401000.0,"상승  6,500",395000.0,401000.0,392000.0,46168.0,CJ제일제당,097950
2022-11-22,394000.0,"하락  7,000",401000.0,401000.0,393500.0,26962.0,CJ제일제당,097950
2022-11-23,391500.0,"하락  2,500",394500.0,395500.0,390500.0,35335.0,CJ제일제당,097950
2022-11-24,390500.0,"하락  1,000",391500.0,393000.0,388500.0,34491.0,CJ제일제당,097950
2022-11-25,392500.0,"상승  2,000",391500.0,394000.0,389500.0,28267.0,CJ제일제당,097950
2022-11-28,388000.0,"하락  4,500",392500.0,393000.0,383000.0,27177.0,CJ제일제당,097950
2022-11-29,389500.0,"상승  1,500",391500.0,391500.0,386500.0,20337.0,CJ제일제당,097950
2022-11-30,395000.0,"상승  5,500",387500.0,395000.0,387000.0,60786.0,CJ제일제당,097950
2022-12-01,390000.0,"하락  5,000",395500.0,396500.0,390000.0,30081.0,CJ제일제당,097950
2022-12-02,380500.0,"하락  9,500",390000.0,390500.0,380500.0,45023.0,CJ제일제당,097950
2022-12-05,375000.0,"하락  5,500",381500.0,382500.0,373000.0,52037.0,CJ제일제당,097950
2022-12-06,376000.0,"상승  1,000",371000.0,377500.0,371000.0,25095.0,CJ제일제당,097950
2022-12-07,372500.0,"하락  3,500",377500.0,380000.0,372000.0,31636.0,CJ제일제당,097950
2022-12-08,372000.0,하락  500,375000.0,377500.0,370000.0,43117.0,CJ제일제당,097950
2022-12-09,378500.0,"상승  6,500",372500.0,379000.0,371500.0,45053.0,CJ제일제당,097950
2022-12-12,376500.0,"하락  2,000",378000.0,380000.0,375500.0,21997.0,CJ제일제당,097950
2022-12-13,374000.0,"하락  2,500",378500.0,378500.0,372500.0,29216.0,CJ제일제당,097950
2022-12-14,378000.0,"상승  4,000",377000.0,381000.0,375000.0,23660.0,CJ제일제당,097950
2022-12-15,378000.0,보합0,378000.0,380000.0,375500.0,26392.0,CJ제일제당,097950
2022-12-16,376000.0,"하락  2,000",375500.0,377500.0,373500.0,45772.0,CJ제일제당,097950
2022-12-19,374500.0,"하락  1,500",373500.0,376000.0,373000.0,11785.0,CJ제일제당,097950
2022-12-20,379500.0,"상승  5,000",374500.0,379500.0,374500.0,33493.0,CJ제일제당,097950
2022-12-21,391000.0,"상승  11,500",380000.0,392500.0,379500.0,64466.0,CJ제일제당,097950
2022-12-22,390500.0,하락  500,389000.0,395500.0,386500.0,35429.0,CJ제일제당,097950
2022-12-23,390500.0,보합0,390000.0,393500.0,386500.0,27241.0,CJ제일제당,097950
2022-12-26,386000.0,"하락  4,500",388500.0,392000.0,384500.0,18517.0,CJ제일제당,097950
2022-12-27,384000.0,"하락  2,000",389000.0,389000.0,380000.0,40969.0,CJ제일제당,097950
2022-12-28,388500.0,"상승  4,500",381500.0,392000.0,380500.0,31626.0,CJ제일제당,097950
2022-12-29,380500.0,"하락  8,000",384000.0,387000.0,379000.0,24104.0,CJ제일제당,097950
2023-01-02,376500.0,"하락  4,000",381000.0,383500.0,374500.0,18755.0,CJ제일제당,097950
2023-01-03,369000.0,"하락  7,500",376500.0,378000.0,366000.0,49245.0,CJ제일제당,097950
2023-01-04,349000.0,"하락  20,000",368000.0,368000.0,349000.0,139501.0,CJ제일제당,097950
2023-01-05,338000.0,"하락  11,000",351000.0,351000.0,335000.0,166569.0,CJ제일제당,097950
2023-01-06,340000.0,"상승  2,000",338000.0,342000.0,335500.0,74250.0,CJ제일제당,097950
2023-01-09,343500.0,"상승  3,500",343000.0,347000.0,337000.0,76805.0,CJ제일제당,097950
2023-01-10,341500.0,"하락  2,000",343500.0,346000.0,340000.0,68885.0,CJ제일제당,097950
2023-01-11,342500.0,"상승  1,000",342000.0,343500.0,340000.0,48735.0,CJ제일제당,097950
2023-01-12,342500.0,보합0,344000.0,345000.0,341500.0,48550.0,CJ제일제당,097950
2023-01-13,343000.0,상승  500,344000.0,348500.0,343000.0,69332.0,CJ제일제당,097950
2023-01-16,346500.0,"상승  3,500",345500.0,348500.0,344000.0,47567.0,CJ제일제당,097950
2023-01-17,345500.0,"하락  1,000",348000.0,348500.0,343500.0,39938.0,CJ제일제당,097950
2023-01-18,343000.0,"하락  2,500",346000.0,346000.0,340500.0,36216.0,CJ제일제당,097950
2023-01-19,345000.0,"상승  2,000",341000.0,345500.0,340000.0,36268.0,CJ제일제당,097950
2023-01-20,340000.0,"하락  5,000",343000.0,344000.0,338000.0,82894.0,CJ제일제당,097950
2023-01-25,338500.0,"하락  1,500",342000.0,342000.0,337500.0,65199.0,CJ제일제당,097950
2023-01-26,343000.0,"상승  4,500",339000.0,343000.0,338500.0,55791.0,CJ제일제당,097950
2023-01-27,352500.0,"상승  9,500",343500.0,353000.0,342000.0,95120.0,CJ제일제당,097950
2023-01-30,345500.0,"하락  7,000",353500.0,354000.0,345000.0,62503.0,CJ제일제당,097950
2023-01-31,345000.0,하락  500,347000.0,347500.0,343500.0,46875.0,CJ제일제당,097950
2023-02-01,344000.0,"하락  1,000",345000.0,346000.0,342000.0,42049.0,CJ제일제당,097950
2023-02-02,342500.0,"하락  1,500",345000.0,345500.0,341000.0,52349.0,CJ제일제당,097950
2023-02-03,348500.0,"상승  6,000",342500.0,349500.0,342000.0,68690.0,CJ제일제당,097950
2023-02-06,347000.0,"하락  1,500",348500.0,350000.0,345000.0,40114.0,CJ제일제당,097950
2023-02-07,344000.0,"하락  3,000",346000.0,348500.0,343000.0,36713.0,CJ제일제당,097950
2023-02-08,346500.0,"상승  2,500",344500.0,347500.0,344000.0,28136.0,CJ제일제당,097950
2023-02-09,344000.0,"하락  2,500",345000.0,347000.0,343500.0,40793.0,CJ제일제당,097950
2023-02-10,345500.0,"상승  1,500",343500.0,346000.0,343000.0,46480.0,CJ제일제당,097950
2023-02-13,347000.0,"상승  1,500",344000.0,347000.0,339500.0,55071.0,CJ제일제당,097950
2023-02-14,334500.0,"하락  12,500",345000.0,345000.0,327500.0,270012.0,CJ제일제당,097950
2023-02-15,329500.0,"하락  5,000",334000.0,334500.0,328500.0,69206.0,CJ제일제당,097950
2023-02-16,329000.0,하락  500,330000.0,331500.0,327500.0,65723.0,CJ제일제당,097950
2023-02-17,329000.0,보합0,329000.0,329500.0,327000.0,43532.0,CJ제일제당,097950
2023-02-20,331000.0,"상승  2,000",329000.0,333500.0,328000.0,36220.0,CJ제일제당,097950
2023-02-21,329500.0,"하락  1,500",331000.0,335000.0,329000.0,40257.0,CJ제일제당,097950
2023-02-22,319000.0,"하락  10,500",327500.0,328000.0,318000.0,101542.0,CJ제일제당,097950
2023-02-23,324500.0,"상승  5,500",319000.0,327000.0,318000.0,57373.0,CJ제일제당,097950
2023-02-24,327500.0,"상승  3,000",323500.0,332500.0,323500.0,68644.0,CJ제일제당,097950
2023-02-27,321000.0,"하락  6,500",325000.0,326000.0,316000.0,67588.0,CJ제일제당,097950
2023-02-28,321000.0,보합0,321000.0,323500.0,320000.0,74673.0,CJ제일제당,097950
2023-03-02,319500.0,"하락  1,500",318500.0,321000.0,315500.0,54605.0,CJ제일제당,097950
2023-03-03,322500.0,"상승  3,000",319500.0,325000.0,319500.0,39686.0,CJ제일제당,097950
2023-03-06,320500.0,"하락  2,000",324000.0,326000.0,319000.0,46973.0,CJ제일제당,097950
2023-03-07,325500.0,"상승  5,000",320500.0,327000.0,319500.0,51367.0,CJ제일제당,097950
2023-03-08,319000.0,"하락  6,500",323000.0,323000.0,317500.0,44513.0,CJ제일제당,097950
2023-03-09,320000.0,"상승  1,000",319500.0,322000.0,316500.0,45881.0,CJ제일제당,097950
2023-03-10,314000.0,"하락  6,000",316500.0,319000.0,312500.0,46131.0,CJ제일제당,097950
2023-03-13,309500.0,"하락  4,500",312000.0,312500.0,304000.0,95157.0,CJ제일제당,097950
2023-03-14,305000.0,"하락  4,500",305000.0,307500.0,299500.0,83591.0,CJ제일제당,097950
2023-03-15,309000.0,"상승  4,000",308500.0,311000.0,304500.0,67272.0,CJ제일제당,097950
2023-03-16,308000.0,"하락  1,000",305500.0,309500.0,305000.0,34262.0,CJ제일제당,097950
2023-03-17,311000.0,"상승  3,000",310500.0,313500.0,307500.0,63840.0,CJ제일제당,097950
2023-03-20,311000.0,보합0,311500.0,313000.0,310500.0,21387.0,CJ제일제당,097950
2023-03-21,314500.0,"상승  3,500",312000.0,315500.0,311500.0,22429.0,CJ제일제당,097950
2023-03-22,315000.0,상승  500,316500.0,318000.0,313500.0,30455.0,CJ제일제당,097950
2023-03-23,315000.0,보합0,312500.0,317000.0,310500.0,27166.0,CJ제일제당,097950
2023-03-24,315000.0,보합0,312000.0,315500.0,310000.0,31193.0,CJ제일제당,097950
2023-03-27,314500.0,하락  500,315000.0,315500.0,307500.0,56852.0,CJ제일제당,097950
2023-03-28,321000.0,"상승  6,500",315500.0,321000.0,314500.0,33768.0,CJ제일제당,097950
2023-03-29,322000.0,"상승  1,000",320000.0,323000.0,317000.0,40448.0,CJ제일제당,097950
2023-03-30,319000.0,"하락  3,000",319500.0,321500.0,317000.0,28315.0,CJ제일제당,097950
2023-03-31,326000.0,"상승  7,000",320000.0,328500.0,319500.0,61251.0,CJ제일제당,097950
2023-04-03,323500.0,"하락  2,500",327500.0,328000.0,323000.0,27536.0,CJ제일제당,097950
2023-04-04,322500.0,"하락  1,000",325500.0,326000.0,320500.0,33955.0,CJ제일제당,097950
2023-04-05,320000.0,"하락  2,500",324500.0,324500.0,319500.0,22317.0,CJ제일제당,097950
2023-04-06,319000.0,"하락  1,000",320000.0,322000.0,316500.0,35175.0,CJ제일제당,097950
2023-04-07,315500.0,"하락  3,500",317500.0,318500.0,315500.0,28963.0,CJ제일제당,097950
2023-04-10,312500.0,"하락  3,000",315000.0,315000.0,308500.0,44121.0,CJ제일제당,097950
2023-04-11,315000.0,"상승  2,500",311500.0,318000.0,309500.0,33483.0,CJ제일제당,097950
2023-04-12,318000.0,"상승  3,000",313500.0,318500.0,313000.0,43916.0,CJ제일제당,097950
2023-04-13,318000.0,보합0,317500.0,320000.0,314000.0,36646.0,CJ제일제당,097950
2023-04-14,321500.0,"상승  3,500",317000.0,325000.0,317000.0,45227.0,CJ제일제당,097950
2023-04-17,319000.0,"하락  2,500",322500.0,323000.0,317000.0,34377.0,CJ제일제당,097950
2023-04-18,320000.0,"상승  1,000",317500.0,320000.0,315500.0,24507.0,CJ제일제당,097950
2023-04-19,318000.0,"하락  2,000",319000.0,322500.0,317500.0,29546.0,CJ제일제당,097950
2023-04-20,319500.0,"상승  1,500",319000.0,323000.0,317000.0,37425.0,CJ제일제당,097950
2023-04-21,315500.0,"하락  4,000",319500.0,322000.0,313500.0,37206.0,CJ제일제당,097950
2023-04-24,314000.0,"하락  1,500",315500.0,316000.0,312000.0,27030.0,CJ제일제당,097950
2023-04-25,309000.0,"하락  5,000",314000.0,314500.0,307500.0,34369.0,CJ제일제당,097950
2023-04-26,315000.0,"상승  6,000",307500.0,315000.0,306500.0,33014.0,CJ제일제당,097950
2023-04-27,308000.0,"하락  7,000",315000.0,315500.0,307000.0,35558.0,CJ제일제당,097950
2023-04-28,309500.0,"상승  1,500",308000.0,309500.0,305500.0,27579.0,CJ제일제당,097950
2023-05-02,310000.0,상승  500,307500.0,311000.0,307500.0,21937.0,CJ제일제당,097950
2023-05-03,313000.0,"상승  3,000",308500.0,313000.0,308000.0,22068.0,CJ제일제당,097950
2023-05-04,309500.0,"하락  3,500",311000.0,312500.0,308000.0,18263.0,CJ제일제당,097950
2023-05-08,322500.0,"상승  13,000",310000.0,323500.0,309500.0,76743.0,CJ제일제당,097950
2023-05-09,318500.0,"하락  4,000",319500.0,321500.0,310500.0,70853.0,CJ제일제당,097950
2023-05-10,321500.0,"상승  3,000",319000.0,332500.0,317000.0,109672.0,CJ제일제당,097950
2023-05-11,317000.0,"하락  4,500",323000.0,323000.0,317000.0,40654.0,CJ제일제당,097950
2023-05-12,318000.0,"상승  1,000",318000.0,319500.0,314500.0,21927.0,CJ제일제당,097950
2023-05-15,317000.0,"하락  1,000",316500.0,318500.0,313500.0,28902.0,CJ제일제당,097950
2023-05-16,319500.0,"상승  2,500",316000.0,321000.0,315500.0,29800.0,CJ제일제당,097950
2023-05-17,320500.0,"상승  1,000",318000.0,323500.0,317000.0,36814.0,CJ제일제당,097950
2023-05-18,320500.0,보합0,320500.0,322500.0,318500.0,23859.0,CJ제일제당,097950
2023-05-19,322500.0,"상승  2,000",319000.0,323500.0,319000.0,29209.0,CJ제일제당,097950
2023-05-22,328500.0,"상승  6,000",325000.0,329000.0,323500.0,39390.0,CJ제일제당,097950
2023-05-23,324500.0,"하락  4,000",328500.0,328500.0,324000.0,32239.0,CJ제일제당,097950
2023-05-24,326000.0,"상승  1,500",323500.0,329500.0,321500.0,21255.0,CJ제일제당,097950
2023-05-25,320500.0,"하락  5,500",324500.0,325000.0,320500.0,25102.0,CJ제일제당,097950
2023-05-26,317500.0,"하락  3,000",319500.0,320000.0,316000.0,16491.0,CJ제일제당,097950
2023-05-30,317500.0,보합0,318000.0,320500.0,316500.0,23474.0,CJ제일제당,097950
2023-05-31,310000.0,"하락  7,500",316000.0,317500.0,310000.0,74942.0,CJ제일제당,097950
2023-06-01,315500.0,"상승  5,500",311000.0,316000.0,311000.0,25643.0,CJ제일제당,097950
2023-06-02,320500.0,"상승  5,000",315000.0,321000.0,314000.0,29454.0,CJ제일제당,097950
2023-06-05,325500.0,"상승  5,000",320500.0,327500.0,320000.0,39885.0,CJ제일제당,097950
2023-06-07,324000.0,"하락  1,500",328500.0,329000.0,324000.0,32680.0,CJ제일제당,097950
2023-06-08,324000.0,보합0,324000.0,327500.0,321000.0,50760.0,CJ제일제당,097950
2023-06-09,321500.0,"하락  2,500",326000.0,326500.0,320500.0,33817.0,CJ제일제당,097950
2023-06-12,323000.0,"상승  1,500",324000.0,325500.0,320000.0,32828.0,CJ제일제당,097950
2023-06-13,318500.0,"하락  4,500",323000.0,323000.0,313000.0,62096.0,CJ제일제당,097950
2023-06-14,315000.0,"하락  3,500",318500.0,319000.0,312500.0,46226.0,CJ제일제당,097950
2023-06-15,314000.0,"하락  1,000",315000.0,317000.0,313500.0,25780.0,CJ제일제당,097950
2023-06-16,314500.0,상승  500,315500.0,317000.0,314500.0,39931.0,CJ제일제당,097950
2023-06-19,303500.0,"하락  11,000",314500.0,316000.0,302500.0,80127.0,CJ제일제당,097950
2023-06-20,292000.0,"하락  11,500",304500.0,305000.0,290500.0,127452.0,CJ제일제당,097950
2023-06-21,276500.0,"하락  15,500",292000.0,292500.0,274000.0,151271.0,CJ제일제당,097950
2023-06-22,280500.0,"상승  4,000",278500.0,285000.0,273500.0,77986.0,CJ제일제당,097950
2023-06-23,273500.0,"하락  7,000",280500.0,280500.0,272000.0,65675.0,CJ제일제당,097950
2023-06-26,273500.0,보합0,273500.0,275500.0,269000.0,35607.0,CJ제일제당,097950
2023-06-27,274000.0,상승  500,272000.0,275000.0,270000.0,46888.0,CJ제일제당,097950
2023-06-28,274000.0,보합0,275000.0,280000.0,273500.0,39855.0,CJ제일제당,097950
2023-06-29,268500.0,"하락  5,500",273000.0,275500.0,268500.0,32465.0,CJ제일제당,097950
2023-06-30,269500.0,"상승  1,000",267000.0,272000.0,265500.0,37038.0,CJ제일제당,097950
2023-07-03,280000.0,"상승  10,500",271500.0,283000.0,270000.0,55058.0,CJ제일제당,097950
2023-07-04,277500.0,"하락  2,500",280500.0,281500.0,275000.0,33053.0,CJ제일제당,097950
2023-07-05,271500.0,"하락  6,000",275500.0,277500.0,270000.0,42655.0,CJ제일제당,097950
2023-07-06,267500.0,"하락  4,000",272000.0,272000.0,265500.0,49530.0,CJ제일제당,097950
2023-07-07,264000.0,"하락  3,500",267500.0,268000.0,259500.0,51402.0,CJ제일제당,097950
2023-07-10,266500.0,"상승  2,500",264000.0,267500.0,261000.0,26367.0,CJ제일제당,097950
2023-07-11,271000.0,"상승  4,500",269000.0,275500.0,268500.0,35864.0,CJ제일제당,097950
2023-07-12,276000.0,"상승  5,000",273000.0,278000.0,271000.0,39839.0,CJ제일제당,097950
2023-07-13,277000.0,"상승  1,000",280500.0,282500.0,277000.0,50106.0,CJ제일제당,097950
2023-07-14,280000.0,"상승  3,000",280000.0,281500.0,277500.0,32769.0,CJ제일제당,097950
2023-07-17,278500.0,"하락  1,500",280000.0,283000.0,276500.0,23851.0,CJ제일제당,097950
2023-07-18,279000.0,상승  500,279000.0,283000.0,278500.0,25890.0,CJ제일제당,097950
2023-07-19,278000.0,"하락  1,000",280000.0,280500.0,276000.0,31393.0,CJ제일제당,097950
2023-07-20,276500.0,"하락  1,500",277000.0,280000.0,275500.0,24471.0,CJ제일제당,097950
2023-07-21,282000.0,"상승  5,500",275500.0,284000.0,274000.0,40677.0,CJ제일제당,097950
2023-07-24,273000.0,"하락  9,000",281500.0,282000.0,270000.0,52196.0,CJ제일제당,097950
2023-07-25,270000.0,"하락  3,000",273500.0,274500.0,268000.0,34439.0,CJ제일제당,097950
2023-07-26,262000.0,"하락  8,000",270000.0,270000.0,258000.0,65792.0,CJ제일제당,097950
2023-07-27,281000.0,"상승  19,000",262000.0,281500.0,262000.0,70671.0,CJ제일제당,097950
2023-07-28,277500.0,"하락  3,500",278000.0,280000.0,275000.0,39143.0,CJ제일제당,097950
2023-07-31,280000.0,"상승  2,500",280000.0,281500.0,275500.0,36365.0,CJ제일제당,097950
2023-08-01,292500.0,"상승  12,500",278500.0,293500.0,277000.0,70336.0,CJ제일제당,097950
2023-08-02,295000.0,"상승  2,500",292500.0,296000.0,288500.0,61974.0,CJ제일제당,097950
2023-08-03,294500.0,하락  500,294500.0,297000.0,290000.0,44091.0,CJ제일제당,097950
2023-08-04,294500.0,보합0,294500.0,296500.0,290000.0,23294.0,CJ제일제당,097950
2023-08-07,297000.0,"상승  2,500",292000.0,301000.0,290000.0,48205.0,CJ제일제당,097950
2023-08-08,310500.0,"상승  13,500",304000.0,317500.0,302000.0,153533.0,CJ제일제당,097950
2023-08-09,305000.0,"하락  5,500",310000.0,310000.0,303000.0,42995.0,CJ제일제당,097950
2023-08-10,310000.0,"상승  5,000",304500.0,311500.0,302500.0,46933.0,CJ제일제당,097950
2023-08-11,308000.0,"하락  2,000",306000.0,311000.0,306000.0,17293.0,CJ제일제당,097950
2023-08-14,314000.0,"상승  6,000",308500.0,316500.0,305000.0,54404.0,CJ제일제당,097950
2023-08-16,309500.0,"하락  4,500",314000.0,318000.0,308500.0,36173.0,CJ제일제당,097950
2023-08-17,307500.0,"하락  2,000",310000.0,310000.0,302500.0,38805.0,CJ제일제당,097950
2023-08-18,303500.0,"하락  4,000",302000.0,306000.0,300000.0,30286.0,CJ제일제당,097950
2023-08-21,304000.0,상승  500,303500.0,309000.0,302000.0,18201.0,CJ제일제당,097950
2023-08-22,300500.0,"하락  3,500",301500.0,307000.0,300000.0,20233.0,CJ제일제당,097950
2023-08-23,305000.0,"상승  4,500",298000.0,310000.0,298000.0,28307.0,CJ제일제당,097950
2023-08-24,301000.0,"하락  4,000",305500.0,305500.0,300000.0,15964.0,CJ제일제당,097950
2023-08-25,304000.0,"상승  3,000",298000.0,305500.0,297000.0,19472.0,CJ제일제당,097950
2023-08-28,308500.0,"상승  4,500",307000.0,312000.0,305000.0,25290.0,CJ제일제당,097950
2023-08-29,303000.0,"하락  5,500",308500.0,310000.0,302500.0,15618.0,CJ제일제당,097950
2023-08-30,302000.0,"하락  1,000",306000.0,308500.0,301500.0,22433.0,CJ제일제당,097950
2023-08-31,299000.0,"하락  3,000",302500.0,304500.0,298000.0,34691.0,CJ제일제당,097950
2023-09-01,299500.0,상승  500,297500.0,300500.0,295000.0,30178.0,CJ제일제당,097950
2023-09-04,303000.0,"상승  3,500",297000.0,303000.0,296500.0,18504.0,CJ제일제당,097950
2023-09-05,299500.0,"하락  3,500",301000.0,304000.0,299500.0,16330.0,CJ제일제당,097950
2023-09-06,297500.0,"하락  2,000",298500.0,302000.0,296000.0,27861.0,CJ제일제당,097950
2023-09-07,294000.0,"하락  3,500",296000.0,297000.0,290000.0,44545.0,CJ제일제당,097950
2023-09-08,297500.0,"상승  3,500",295000.0,299500.0,294000.0,22795.0,CJ제일제당,097950
2023-09-11,294000.0,"하락  3,500",298000.0,298000.0,292000.0,26751.0,CJ제일제당,097950
2023-09-12,297000.0,"상승  3,000",295000.0,300000.0,295000.0,25667.0,CJ제일제당,097950
2023-09-13,295500.0,"하락  1,500",294000.0,295500.0,292500.0,23049.0,CJ제일제당,097950
2023-09-14,297000.0,"상승  1,500",293500.0,298000.0,293500.0,26302.0,CJ제일제당,097950
2023-09-15,305500.0,"상승  8,500",300000.0,308000.0,297000.0,59365.0,CJ제일제당,097950
2023-09-18,311000.0,"상승  5,500",304500.0,314000.0,304500.0,38377.0,CJ제일제당,097950
2023-09-19,310000.0,"하락  1,000",310000.0,312500.0,308500.0,16834.0,CJ제일제당,097950
2023-09-20,306000.0,"하락  4,000",310000.0,311000.0,305000.0,11984.0,CJ제일제당,097950
2023-09-21,305000.0,"하락  1,000",303000.0,308500.0,302500.0,22825.0,CJ제일제당,097950
2023-09-22,298500.0,"하락  6,500",304500.0,304500.0,295500.0,15141.0,CJ제일제당,097950
2023-09-25,299500.0,"상승  1,000",299500.0,301000.0,296000.0,12037.0,CJ제일제당,097950
2023-09-26,307000.0,"상승  7,500",296500.0,310500.0,295000.0,58554.0,CJ제일제당,097950
2023-09-27,307000.0,보합0,305000.0,309000.0,300500.0,26288.0,CJ제일제당,097950
2023-10-04,293000.0,"하락  14,000",306500.0,310000.0,291000.0,41064.0,CJ제일제당,097950
2023-10-05,291000.0,"하락  2,000",293500.0,295000.0,289000.0,24087.0,CJ제일제당,097950
2023-10-06,284500.0,"하락  6,500",291000.0,291000.0,283000.0,28663.0,CJ제일제당,097950
2023-10-10,281000.0,"하락  3,500",289500.0,294000.0,279500.0,42829.0,CJ제일제당,097950
2023-10-11,281500.0,상승  500,284000.0,284500.0,277000.0,43937.0,CJ제일제당,097950
2023-10-12,279000.0,"하락  2,500",283500.0,284000.0,278500.0,34387.0,CJ제일제당,097950
2023-10-13,279500.0,상승  500,278000.0,281500.0,277500.0,14975.0,CJ제일제당,097950
2023-10-16,283500.0,"상승  4,000",279000.0,285000.0,279000.0,28111.0,CJ제일제당,097950
2023-10-17,281500.0,"하락  2,000",286500.0,288000.0,281000.0,15702.0,CJ제일제당,097950
2023-10-18,281500.0,보합0,281500.0,283500.0,279500.0,11555.0,CJ제일제당,097950
2023-10-19,282500.0,"상승  1,000",279500.0,286500.0,277000.0,21040.0,CJ제일제당,097950
2023-10-20,274000.0,"하락  8,500",282000.0,282000.0,274000.0,30251.0,CJ제일제당,097950
2023-10-23,275000.0,"상승  1,000",276500.0,278000.0,271500.0,19939.0,CJ제일제당,097950
2023-10-24,275500.0,상승  500,277500.0,278500.0,267500.0,32615.0,CJ제일제당,097950
2023-10-25,281000.0,"상승  5,500",275500.0,284000.0,275500.0,21051.0,CJ제일제당,097950
2023-10-26,276500.0,"하락  4,500",280000.0,283000.0,275500.0,18751.0,CJ제일제당,097950
2023-10-27,279000.0,"상승  2,500",277000.0,281000.0,274500.0,19010.0,CJ제일제당,097950
2023-10-30,281000.0,"상승  2,000",276000.0,282500.0,276000.0,16031.0,CJ제일제당,097950
2023-10-31,282500.0,"상승  1,500",283500.0,287500.0,280500.0,15322.0,CJ제일제당,097950
2023-11-01,289000.0,"상승  6,500",282500.0,292000.0,282500.0,25386.0,CJ제일제당,097950
2023-11-02,287000.0,"하락  2,000",289500.0,293000.0,286000.0,21416.0,CJ제일제당,097950
2023-11-03,289500.0,"상승  2,500",290000.0,291000.0,285500.0,14013.0,CJ제일제당,097950
2023-11-06,299500.0,"상승  10,000",290000.0,299500.0,289500.0,24201.0,CJ제일제당,097950
2023-11-07,294500.0,"하락  5,000",297000.0,301000.0,291500.0,33762.0,CJ제일제당,097950
2023-11-08,301500.0,"상승  7,000",300000.0,303000.0,294500.0,26614.0,CJ제일제당,097950
2023-11-09,303500.0,"상승  2,000",299500.0,305500.0,298000.0,25142.0,CJ제일제당,097950
2023-11-10,304500.0,"상승  1,000",301500.0,306500.0,300500.0,15022.0,CJ제일제당,097950
2023-11-13,307000.0,"상승  2,500",306500.0,312500.0,305000.0,39905.0,CJ제일제당,097950
2023-11-14,318500.0,"상승  11,500",308000.0,320000.0,307000.0,83086.0,CJ제일제당,097950
2023-11-15,319500.0,"상승  1,000",320500.0,322000.0,315500.0,38182.0,CJ제일제당,097950
2023-11-16,318500.0,"하락  1,000",317500.0,322500.0,316000.0,20852.0,CJ제일제당,097950
2023-11-17,319000.0,상승  500,320000.0,322500.0,317000.0,30129.0,CJ제일제당,097950
2023-11-20,320000.0,"상승  1,000",319000.0,322500.0,315500.0,22257.0,CJ제일제당,097950
2023-11-21,325500.0,"상승  5,500",323000.0,326500.0,320000.0,40664.0,CJ제일제당,097950
2023-11-22,326000.0,상승  500,322500.0,327500.0,322000.0,35122.0,CJ제일제당,097950
2023-11-23,324000.0,"하락  2,000",322500.0,327000.0,321000.0,22336.0,CJ제일제당,097950
2023-11-24,319500.0,"하락  4,500",322500.0,324000.0,319000.0,14316.0,CJ제일제당,097950
2023-11-27,319500.0,보합0,319500.0,322500.0,319000.0,15867.0,CJ제일제당,097950
2023-11-28,318000.0,"하락  1,500",322000.0,324500.0,317500.0,18774.0,CJ제일제당,097950
2023-11-29,315500.0,"하락  2,500",316000.0,320000.0,315500.0,17443.0,CJ제일제당,097950
2023-11-30,309000.0,"하락  6,500",314500.0,317500.0,309000.0,53808.0,CJ제일제당,097950
2023-12-01,311500.0,"상승  2,500",309000.0,320500.0,308500.0,22661.0,CJ제일제당,097950
2023-12-04,315500.0,"상승  4,000",313500.0,319000.0,308000.0,20138.0,CJ제일제당,097950
2023-12-05,320500.0,"상승  5,000",314000.0,324000.0,312000.0,19818.0,CJ제일제당,097950
2023-12-06,320000.0,하락  500,324000.0,326500.0,320000.0,24987.0,CJ제일제당,097950
2023-12-07,315000.0,"하락  5,000",318500.0,322500.0,314500.0,17051.0,CJ제일제당,097950
2023-12-08,316500.0,"상승  1,500",317000.0,318500.0,311500.0,19362.0,CJ제일제당,097950
2023-12-11,321000.0,"상승  4,500",318500.0,322500.0,316000.0,16272.0,CJ제일제당,097950
2023-12-12,320500.0,하락  500,324500.0,326000.0,320500.0,22635.0,CJ제일제당,097950
2023-12-13,318500.0,"하락  2,000",324500.0,324500.0,316500.0,17953.0,CJ제일제당,097950
2023-12-14,318500.0,보합0,316500.0,324500.0,316500.0,30651.0,CJ제일제당,097950
2023-12-15,318500.0,보합0,316000.0,320000.0,313000.0,34572.0,CJ제일제당,097950
2023-12-18,316500.0,"하락  2,000",315500.0,323500.0,314500.0,13379.0,CJ제일제당,097950
2023-12-19,316500.0,보합0,315000.0,319000.0,315000.0,10026.0,CJ제일제당,097950
2023-12-20,317500.0,"상승  1,000",318500.0,319500.0,315500.0,21307.0,CJ제일제당,097950
2023-12-21,319500.0,"상승  2,000",317500.0,319500.0,315500.0,18612.0,CJ제일제당,097950
2023-12-22,320000.0,상승  500,320500.0,321000.0,315500.0,12591.0,CJ제일제당,097950
2023-12-26,320000.0,보합0,323000.0,323000.0,317000.0,15053.0,CJ제일제당,097950
2023-12-27,320000.0,보합0,320000.0,320000.0,315500.0,9624.0,CJ제일제당,097950
2023-12-28,324000.0,"상승  4,000",321000.0,324000.0,317500.0,24175.0,CJ제일제당,097950
2024-01-02,323000.0,"하락  1,000",320500.0,325000.0,319500.0,18530.0,CJ제일제당,097950
2024-01-03,315500.0,"하락  7,500",319000.0,322500.0,315500.0,21039.0,CJ제일제당,097950
2024-01-04,318000.0,"상승  2,500",315500.0,322500.0,313000.0,23362.0,CJ제일제당,097950
2024-01-05,316000.0,"하락  2,000",318000.0,325000.0,313500.0,33917.0,CJ제일제당,097950
2024-01-08,300000.0,"하락  16,000",317000.0,318000.0,300000.0,52372.0,CJ제일제당,097950
2024-01-09,301500.0,"상승  1,500",305000.0,305000.0,300000.0,24114.0,CJ제일제당,097950
2024-01-10,300000.0,"하락  1,500",303500.0,303500.0,300000.0,15159.0,CJ제일제당,097950
2024-01-11,292500.0,"하락  7,500",302000.0,302500.0,292500.0,28914.0,CJ제일제당,097950
2024-01-12,295000.0,"상승  2,500",295000.0,296500.0,291500.0,16101.0,CJ제일제당,097950
2024-01-15,299000.0,"상승  4,000",298000.0,299000.0,295000.0,11990.0,CJ제일제당,097950
2024-01-16,290000.0,"하락  9,000",295000.0,297000.0,289000.0,24084.0,CJ제일제당,097950
2024-01-17,287500.0,"하락  2,500",292000.0,292000.0,286500.0,16122.0,CJ제일제당,097950
2024-01-18,284500.0,"하락  3,000",285500.0,291500.0,284000.0,21429.0,CJ제일제당,097950
2024-01-19,286500.0,"상승  2,000",287000.0,289000.0,283500.0,18417.0,CJ제일제당,097950
2024-01-22,286500.0,보합0,289000.0,291500.0,286000.0,16687.0,CJ제일제당,097950
2024-01-23,289500.0,"상승  3,000",288500.0,291000.0,287000.0,18193.0,CJ제일제당,097950
2024-01-24,284500.0,"하락  5,000",289500.0,290000.0,282000.0,22370.0,CJ제일제당,097950
2024-01-25,284500.0,보합0,284500.0,285000.0,282500.0,13823.0,CJ제일제당,097950
2024-01-26,286000.0,"상승  1,500",283500.0,288000.0,283000.0,14290.0,CJ제일제당,097950
2024-01-29,290000.0,"상승  4,000",287000.0,294500.0,285500.0,17645.0,CJ제일제당,097950
2024-01-30,291000.0,"상승  1,000",291000.0,294500.0,289500.0,18908.0,CJ제일제당,097950
2024-01-31,292000.0,"상승  1,000",291000.0,293000.0,286500.0,19764.0,CJ제일제당,097950
2024-02-01,297500.0,"상승  5,500",289000.0,299500.0,289000.0,25811.0,CJ제일제당,097950
2024-02-02,305000.0,"상승  7,500",297500.0,307000.0,296000.0,34111.0,CJ제일제당,097950
2024-02-05,300500.0,"하락  4,500",307000.0,307000.0,297000.0,37303.0,CJ제일제당,097950
2024-02-06,296500.0,"하락  4,000",297500.0,302000.0,295000.0,35976.0,CJ제일제당,097950
2024-02-07,300000.0,"상승  3,500",299500.0,302000.0,296500.0,27354.0,CJ제일제당,097950
2024-02-08,296000.0,"하락  4,000",300500.0,302000.0,295500.0,35673.0,CJ제일제당,097950
2024-02-13,298000.0,"상승  2,000",299500.0,304000.0,296000.0,25426.0,CJ제일제당,097950
2024-02-14,297000.0,"하락  1,000",298000.0,306500.0,295500.0,30290.0,CJ제일제당,097950
2024-02-15,297000.0,보합0,301500.0,301500.0,296500.0,13615.0,CJ제일제당,097950
2024-02-16,302500.0,"상승  5,500",300000.0,303500.0,298500.0,16725.0,CJ제일제당,097950
2024-02-19,304000.0,"상승  1,500",304500.0,307500.0,302000.0,19431.0,CJ제일제당,097950
2024-02-20,305500.0,"상승  1,500",304500.0,307500.0,303500.0,23760.0,CJ제일제당,097950
2024-02-21,309500.0,"상승  4,000",307000.0,310000.0,305000.0,33470.0,CJ제일제당,097950
2024-02-22,303500.0,"하락  6,000",310500.0,310500.0,302500.0,27124.0,CJ제일제당,097950
2024-02-23,308000.0,"상승  4,500",303500.0,308000.0,301500.0,23545.0,CJ제일제당,097950
2024-02-26,302500.0,"하락  5,500",308000.0,308000.0,301500.0,18357.0,CJ제일제당,097950
2024-02-27,298500.0,"하락  4,000",305000.0,305000.0,297000.0,31124.0,CJ제일제당,097950
2024-02-28,297000.0,"하락  1,500",299000.0,300000.0,295500.0,28133.0,CJ제일제당,097950
2024-02-29,299500.0,"상승  2,500",295000.0,299500.0,293000.0,52089.0,CJ제일제당,097950
2024-03-04,293500.0,"하락  6,000",300000.0,302000.0,293500.0,23089.0,CJ제일제당,097950
2024-03-05,291000.0,"하락  2,500",291000.0,295500.0,290500.0,18106.0,CJ제일제당,097950
2024-03-06,289500.0,"하락  1,500",291000.0,292500.0,286000.0,29758.0,CJ제일제당,097950
2024-03-07,283500.0,"하락  6,000",290000.0,291000.0,281500.0,47103.0,CJ제일제당,097950
2024-03-08,287500.0,"상승  4,000",286000.0,289500.0,285000.0,36067.0,CJ제일제당,097950
2024-03-11,287500.0,보합0,287500.0,288000.0,284500.0,17196.0,CJ제일제당,097950
2024-03-12,290000.0,"상승  2,500",289500.0,290500.0,286000.0,21402.0,CJ제일제당,097950
2024-03-13,283000.0,"하락  7,000",292500.0,292500.0,282500.0,36770.0,CJ제일제당,097950
2024-03-14,287000.0,"상승  4,000",285000.0,287500.0,284000.0,35735.0,CJ제일제당,097950
2024-03-15,287500.0,상승  500,287000.0,292000.0,286500.0,39192.0,CJ제일제당,097950
2024-03-18,293500.0,"상승  6,000",290500.0,297500.0,287000.0,36825.0,CJ제일제당,097950
2024-03-19,292000.0,"하락  1,500",293000.0,297000.0,291000.0,30116.0,CJ제일제당,097950
2024-03-20,292000.0,보합0,295500.0,295500.0,289500.0,21578.0,CJ제일제당,097950
2024-03-21,288500.0,"하락  3,500",293000.0,293000.0,286000.0,53924.0,CJ제일제당,097950
2024-03-22,289500.0,"상승  1,000",288000.0,292000.0,287500.0,31253.0,CJ제일제당,097950
2024-03-25,291000.0,"상승  1,500",290000.0,292500.0,288000.0,19724.0,CJ제일제당,097950
2024-03-26,295000.0,"상승  4,000",293000.0,296500.0,291000.0,32268.0,CJ제일제당,097950
2024-03-27,292500.0,"하락  2,500",291500.0,294000.0,291500.0,18130.0,CJ제일제당,097950
2024-03-28,292000.0,하락  500,293000.0,294000.0,289500.0,22443.0,CJ제일제당,097950
2024-03-29,294000.0,"상승  2,000",292500.0,295000.0,291000.0,21325.0,CJ제일제당,097950
2024-04-01,311000.0,"상승  17,000",295000.0,315000.0,292500.0,86021.0,CJ제일제당,097950
2024-04-02,304500.0,"하락  6,500",308000.0,308000.0,303500.0,23657.0,CJ제일제당,097950
2024-04-03,317000.0,"상승  12,500",309000.0,321000.0,308500.0,111430.0,CJ제일제당,097950
2024-04-04,323500.0,"상승  6,500",320000.0,327000.0,315500.0,66480.0,CJ제일제당,097950
2024-04-05,321000.0,"하락  2,500",320000.0,324000.0,318000.0,36957.0,CJ제일제당,097950
2024-04-08,318000.0,"하락  3,000",321000.0,324000.0,317000.0,27463.0,CJ제일제당,097950
2024-04-09,315500.0,"하락  2,500",319000.0,320000.0,315000.0,13920.0,CJ제일제당,097950
2024-04-11,315000.0,하락  500,311000.0,317500.0,309000.0,30440.0,CJ제일제당,097950
2024-04-12,314000.0,"하락  1,000",314000.0,320000.0,312000.0,28057.0,CJ제일제당,097950
2024-04-15,326000.0,"상승  12,000",314000.0,328000.0,313500.0,83014.0,CJ제일제당,097950
2024-04-16,332500.0,"상승  6,500",326000.0,338000.0,322000.0,138068.0,CJ제일제당,097950
2024-04-17,327500.0,"하락  5,000",335000.0,338000.0,327000.0,45500.0,CJ제일제당,097950
2024-04-18,332000.0,"상승  4,500",332500.0,335000.0,330000.0,43057.0,CJ제일제당,097950
2024-04-19,335000.0,"상승  3,000",331000.0,338000.0,327500.0,44438.0,CJ제일제당,097950
2024-04-22,347000.0,"상승  12,000",338500.0,347000.0,335500.0,86243.0,CJ제일제당,097950
2024-04-23,341500.0,"하락  5,500",345000.0,346500.0,339500.0,47028.0,CJ제일제당,097950
2024-04-24,337000.0,"하락  4,500",341000.0,341500.0,333500.0,47050.0,CJ제일제당,097950
2024-04-25,332500.0,"하락  4,500",334000.0,341000.0,332500.0,33374.0,CJ제일제당,097950
2024-04-26,337000.0,"상승  4,500",335500.0,338500.0,329000.0,20733.0,CJ제일제당,097950
2024-04-29,334500.0,"하락  2,500",339500.0,341500.0,334000.0,29627.0,CJ제일제당,097950
2024-04-30,337000.0,"상승  2,500",335500.0,342500.0,335500.0,42984.0,CJ제일제당,097950
2024-05-02,342500.0,"상승  5,500",334500.0,345500.0,331500.0,48794.0,CJ제일제당,097950
2024-05-03,340000.0,"하락  2,500",345500.0,345500.0,339000.0,25405.0,CJ제일제당,097950
2024-05-07,337500.0,"하락  2,500",347000.0,347000.0,336500.0,32283.0,CJ제일제당,097950
2024-05-08,340000.0,"상승  2,500",341000.0,345500.0,338000.0,25369.0,CJ제일제당,097950
2024-05-09,334000.0,"하락  6,000",342000.0,342500.0,332000.0,38911.0,CJ제일제당,097950
2024-05-10,336000.0,"상승  2,000",337500.0,339000.0,331000.0,25955.0,CJ제일제당,097950
2024-05-13,350000.0,"상승  14,000",339500.0,352500.0,337000.0,75133.0,CJ제일제당,097950
2024-05-14,332500.0,"하락  17,500",351000.0,354000.0,329500.0,147510.0,CJ제일제당,097950
2024-05-16,329000.0,"하락  3,500",334500.0,339500.0,328500.0,47559.0,CJ제일제당,097950
2024-05-17,333500.0,"상승  4,500",332500.0,345000.0,332500.0,79396.0,CJ제일제당,097950
2024-05-20,342000.0,"상승  8,500",339000.0,345500.0,334500.0,52533.0,CJ제일제당,097950
2024-05-21,339000.0,"하락  3,000",345500.0,345500.0,338000.0,33256.0,CJ제일제당,097950
2024-05-22,354000.0,"상승  15,000",339000.0,356000.0,338000.0,107402.0,CJ제일제당,097950
2024-05-23,346500.0,"하락  7,500",351000.0,354000.0,345000.0,45989.0,CJ제일제당,097950
2024-05-24,363000.0,"상승  16,500",343500.0,365500.0,340500.0,92981.0,CJ제일제당,097950
2024-05-27,371500.0,"상승  8,500",366500.0,378000.0,363500.0,88955.0,CJ제일제당,097950
2024-05-28,365000.0,"하락  6,500",372000.0,374500.0,362000.0,38882.0,CJ제일제당,097950
2024-05-29,360000.0,"하락  5,000",361500.0,366000.0,357000.0,42662.0,CJ제일제당,097950
2024-05-30,353500.0,"하락  6,500",361500.0,366500.0,350000.0,52840.0,CJ제일제당,097950
2024-05-31,349500.0,"하락  4,000",357000.0,357000.0,348000.0,105057.0,CJ제일제당,097950
2024-06-03,351500.0,"상승  2,000",353500.0,356000.0,348500.0,33993.0,CJ제일제당,097950
2024-06-04,343500.0,"하락  8,000",347500.0,350500.0,341000.0,55854.0,CJ제일제당,097950
2024-06-05,339000.0,"하락  4,500",344500.0,344500.0,337500.0,27821.0,CJ제일제당,097950
2024-06-07,343500.0,"상승  4,500",341500.0,344500.0,339000.0,26394.0,CJ제일제당,097950
2024-06-10,363000.0,"상승  19,500",338500.0,367000.0,336500.0,94217.0,CJ제일제당,097950
2024-06-11,362500.0,하락  500,366500.0,372000.0,361000.0,46997.0,CJ제일제당,097950
2024-06-12,374500.0,"상승  12,000",361500.0,375000.0,357000.0,58646.0,CJ제일제당,097950
2024-06-13,374000.0,하락  500,377000.0,386500.0,371000.0,98357.0,CJ제일제당,097950
2024-06-14,382000.0,"상승  8,000",372000.0,391500.0,369500.0,77574.0,CJ제일제당,097950
2024-06-17,389500.0,"상승  7,500",385500.0,394000.0,379000.0,68517.0,CJ제일제당,097950
2024-06-18,396500.0,"상승  7,000",393500.0,399500.0,388000.0,68725.0,CJ제일제당,097950
2024-06-19,396000.0,하락  500,396000.0,399000.0,385000.0,69261.0,CJ제일제당,097950
2024-06-20,394000.0,"하락  2,000",392500.0,400000.0,388000.0,44119.0,CJ제일제당,097950
2024-06-21,390500.0,"하락  3,500",390500.0,393500.0,382000.0,51141.0,CJ제일제당,097950
2024-06-24,393000.0,"상승  2,500",391500.0,398500.0,385000.0,41338.0,CJ제일제당,097950
2024-06-25,397500.0,"상승  4,500",396500.0,401500.0,391000.0,46847.0,CJ제일제당,097950
2024-06-26,398000.0,상승  500,397500.0,407500.0,393000.0,54498.0,CJ제일제당,097950
2024-06-27,376000.0,"하락  22,000",394000.0,394500.0,373500.0,76662.0,CJ제일제당,097950
2024-06-28,385500.0,"상승  9,500",378000.0,388000.0,372500.0,43021.0,CJ제일제당,097950
2024-07-01,369000.0,"하락  16,500",382000.0,382000.0,367000.0,51954.0,CJ제일제당,097950
2024-07-02,370000.0,"상승  1,000",365500.0,371500.0,363500.0,36995.0,CJ제일제당,097950
2024-07-03,365500.0,"하락  4,500",369000.0,370000.0,359000.0,36511.0,CJ제일제당,097950
2024-07-04,365500.0,보합0,368500.0,375000.0,361000.0,43590.0,CJ제일제당,097950
2024-07-05,364000.0,"하락  1,500",366500.0,369000.0,360000.0,42592.0,CJ제일제당,097950
2024-07-08,371500.0,"상승  7,500",363000.0,374000.0,360000.0,31210.0,CJ제일제당,097950
2024-07-09,373500.0,"상승  2,000",374000.0,374000.0,368000.0,27832.0,CJ제일제당,097950
2024-07-10,366000.0,"하락  7,500",370000.0,374500.0,364500.0,29025.0,CJ제일제당,097950
2024-07-11,367500.0,"상승  1,500",367500.0,371000.0,364500.0,36412.0,CJ제일제당,097950
2024-07-12,370500.0,"상승  3,000",372000.0,372000.0,364500.0,20207.0,CJ제일제당,097950
2024-07-15,371500.0,"상승  1,000",373000.0,377000.0,368000.0,19437.0,CJ제일제당,097950
2024-07-16,372500.0,"상승  1,000",373000.0,379000.0,369500.0,28338.0,CJ제일제당,097950
2024-07-17,379500.0,"상승  7,000",372500.0,379500.0,372500.0,33443.0,CJ제일제당,097950
2024-07-18,379500.0,보합0,381500.0,381500.0,372500.0,22549.0,CJ제일제당,097950
2024-07-19,371000.0,"하락  8,500",375500.0,375500.0,365000.0,20406.0,CJ제일제당,097950
2024-07-22,365500.0,"하락  5,500",369500.0,371000.0,360500.0,25727.0,CJ제일제당,097950
2024-07-23,385000.0,"상승  19,500",366500.0,387000.0,366500.0,47835.0,CJ제일제당,097950
2024-07-24,385000.0,보합0,380500.0,390000.0,376500.0,22442.0,CJ제일제당,097950
2024-07-25,378500.0,"하락  6,500",386000.0,386500.0,374000.0,23697.0,CJ제일제당,097950
2024-07-26,377000.0,"하락  1,500",380000.0,385000.0,375000.0,17107.0,CJ제일제당,097950
2024-07-29,386500.0,"상승  9,500",379000.0,390000.0,372500.0,20788.0,CJ제일제당,097950
2024-07-30,379500.0,"하락  7,000",385000.0,390000.0,379500.0,25684.0,CJ제일제당,097950
2024-07-31,386500.0,"상승  7,000",379500.0,391000.0,377500.0,49533.0,CJ제일제당,097950
2024-08-01,373500.0,"하락  13,000",380500.0,381500.0,373000.0,30614.0,CJ제일제당,097950
2024-08-02,368000.0,"하락  5,500",370000.0,374000.0,362000.0,21439.0,CJ제일제당,097950
2024-08-05,343000.0,"하락  25,000",361000.0,361500.0,335000.0,61311.0,CJ제일제당,097950
2024-08-06,344500.0,"상승  1,500",354500.0,354500.0,339000.0,32982.0,CJ제일제당,097950
2024-08-07,352000.0,"상승  7,500",337500.0,362000.0,337000.0,27768.0,CJ제일제당,097950
2024-08-08,353500.0,"상승  1,500",348500.0,353500.0,345000.0,24752.0,CJ제일제당,097950
2024-08-09,355000.0,"상승  1,500",358000.0,362000.0,353500.0,15974.0,CJ제일제당,097950
2024-08-12,359000.0,"상승  4,000",361000.0,361500.0,354000.0,12360.0,CJ제일제당,097950
2024-08-13,370000.0,"상승  11,000",355500.0,373500.0,355000.0,41122.0,CJ제일제당,097950
2024-08-14,366000.0,"하락  4,000",378500.0,380000.0,363500.0,39537.0,CJ제일제당,097950
2024-08-16,353000.0,"하락  13,000",369500.0,370000.0,352000.0,40958.0,CJ제일제당,097950
2024-08-19,342500.0,"하락  10,500",353500.0,353500.0,339500.0,63398.0,CJ제일제당,097950
2024-08-20,350000.0,"상승  7,500",345000.0,350500.0,344000.0,30205.0,CJ제일제당,097950
2024-08-21,350000.0,보합0,351000.0,351000.0,345000.0,16059.0,CJ제일제당,097950
2024-08-22,344500.0,"하락  5,500",351500.0,352000.0,341500.0,26883.0,CJ제일제당,097950
2024-08-23,331000.0,"하락  13,500",341000.0,343500.0,329500.0,64276.0,CJ제일제당,097950
2024-08-26,330000.0,"하락  1,000",332000.0,332500.0,320500.0,47207.0,CJ제일제당,097950
2024-08-27,338500.0,"상승  8,500",331000.0,339500.0,328500.0,36989.0,CJ제일제당,097950
2024-08-28,335500.0,"하락  3,000",338000.0,341000.0,334000.0,20201.0,CJ제일제당,097950
2024-08-29,319500.0,"하락  16,000",337000.0,337000.0,317000.0,75019.0,CJ제일제당,097950
2024-08-30,322000.0,"상승  2,500",321500.0,326500.0,320000.0,42591.0,CJ제일제당,097950
2024-09-02,322000.0,보합0,324000.0,325500.0,319000.0,20112.0,CJ제일제당,097950
2024-09-03,320500.0,"하락  1,500",323000.0,325000.0,320000.0,23827.0,CJ제일제당,097950
2024-09-04,310500.0,"하락  10,000",316000.0,318500.0,309500.0,35580.0,CJ제일제당,097950
2024-09-05,310500.0,보합0,313000.0,315500.0,307000.0,27066.0,CJ제일제당,097950
2024-09-06,307000.0,"하락  3,500",313000.0,313000.0,306000.0,13637.0,CJ제일제당,097950
2024-09-09,310500.0,"상승  3,500",302000.0,312500.0,300000.0,22095.0,CJ제일제당,097950
2024-09-10,314000.0,"상승  3,500",313000.0,318000.0,311000.0,28460.0,CJ제일제당,097950
2024-09-11,312500.0,"하락  1,500",317500.0,317500.0,308500.0,20800.0,CJ제일제당,097950
2024-09-12,314500.0,"상승  2,000",313500.0,314500.0,309500.0,29146.0,CJ제일제당,097950
2024-09-13,317000.0,"상승  2,500",317000.0,320000.0,314000.0,17138.0,CJ제일제당,097950
2024-09-19,322000.0,"상승  5,000",324000.0,325000.0,315500.0,23058.0,CJ제일제당,097950
2024-09-20,310500.0,"하락  11,500",322000.0,323500.0,309000.0,72140.0,CJ제일제당,097950
2024-09-23,312500.0,"상승  2,000",312000.0,313500.0,308000.0,19120.0,CJ제일제당,097950
2024-09-24,315500.0,"상승  3,000",313500.0,315500.0,310000.0,22705.0,CJ제일제당,097950
2024-09-25,307000.0,"하락  8,500",317000.0,318500.0,306000.0,65471.0,CJ제일제당,097950
2024-09-26,312500.0,"상승  5,500",309500.0,312500.0,306000.0,35144.0,CJ제일제당,097950
2024-09-27,307000.0,"하락  5,500",312500.0,312500.0,306500.0,56158.0,CJ제일제당,097950
2024-09-30,304000.0,"하락  3,000",309500.0,314000.0,304000.0,50886.0,CJ제일제당,097950
2024-10-02,292500.0,"하락  11,500",301500.0,303000.0,290000.0,76193.0,CJ제일제당,097950
2024-10-04,294000.0,"상승  1,500",293000.0,294000.0,289500.0,49542.0,CJ제일제당,097950
2024-10-07,293000.0,"하락  1,000",295000.0,295000.0,289500.0,54678.0,CJ제일제당,097950
2024-10-08,280500.0,"하락  12,500",290500.0,293000.0,280500.0,105208.0,CJ제일제당,097950
2024-10-10,287000.0,"상승  6,500",283000.0,290500.0,279000.0,80289.0,CJ제일제당,097950
2024-10-11,280500.0,"하락  6,500",287500.0,287500.0,280000.0,65915.0,CJ제일제당,097950
2024-10-14,288000.0,"상승  7,500",281000.0,288500.0,281000.0,53539.0,CJ제일제당,097950
2024-10-15,287500.0,하락  500,289000.0,291500.0,285500.0,43557.0,CJ제일제당,097950
2024-10-16,290000.0,"상승  2,500",287000.0,290000.0,282500.0,58266.0,CJ제일제당,097950
2024-10-17,281500.0,"하락  8,500",290000.0,290000.0,281500.0,49626.0,CJ제일제당,097950
2024-10-18,281500.0,보합0,283000.0,285000.0,280500.0,17652.0,CJ제일제당,097950
2024-10-21,279500.0,"하락  2,000",280500.0,284000.0,278500.0,29461.0,CJ제일제당,097950
2024-10-22,276000.0,"하락  3,500",278000.0,278000.0,273000.0,42234.0,CJ제일제당,097950
2024-10-23,276500.0,상승  500,277000.0,280000.0,275500.0,29533.0,CJ제일제당,097950
2024-10-24,274000.0,"하락  2,500",274500.0,277500.0,273000.0,30725.0,CJ제일제당,097950
2024-10-25,269500.0,"하락  4,500",272500.0,274000.0,267500.0,38638.0,CJ제일제당,097950
2024-10-28,274000.0,"상승  4,500",270500.0,274000.0,269000.0,25049.0,CJ제일제당,097950
2024-10-29,274000.0,보합0,274000.0,274500.0,269000.0,23664.0,CJ제일제당,097950
2024-10-30,272000.0,"하락  2,000",274000.0,274000.0,269500.0,30384.0,CJ제일제당,097950
2024-10-31,274500.0,"상승  2,500",272000.0,277000.0,269000.0,43837.0,CJ제일제당,097950
2024-11-01,273500.0,"하락  1,000",274000.0,277500.0,271000.0,15335.0,CJ제일제당,097950
2024-11-04,278500.0,"상승  5,000",274000.0,279000.0,271500.0,19440.0,CJ제일제당,097950
2024-11-05,276500.0,"하락  2,000",276000.0,279500.0,275000.0,19351.0,CJ제일제당,097950
2024-11-06,274500.0,"하락  2,000",277000.0,278500.0,272000.0,19186.0,CJ제일제당,097950
2024-11-07,272000.0,"하락  2,500",273000.0,277500.0,272000.0,23579.0,CJ제일제당,097950
2024-11-08,264500.0,"하락  7,500",275000.0,276000.0,262500.0,71309.0,CJ제일제당,097950
2024-11-11,260500.0,"하락  4,000",263500.0,264000.0,259000.0,40831.0,CJ제일제당,097950
2024-11-12,256500.0,"하락  4,000",258000.0,260500.0,251500.0,56860.0,CJ제일제당,097950
2024-11-13,246500.0,"하락  10,000",253500.0,256000.0,246500.0,78854.0,CJ제일제당,097950
2024-11-14,240500.0,"하락  6,000",247500.0,251000.0,240500.0,71156.0,CJ제일제당,097950
2024-11-15,246500.0,"상승  6,000",242500.0,248000.0,239000.0,46319.0,CJ제일제당,097950
2024-11-18,257500.0,"상승  11,000",244500.0,259000.0,242000.0,63854.0,CJ제일제당,097950
2024-11-19,270500.0,"상승  13,000",271000.0,277500.0,264000.0,190976.0,CJ제일제당,097950
2024-11-20,284500.0,"상승  14,000",268000.0,288500.0,266500.0,141976.0,CJ제일제당,097950
2024-11-21,276500.0,"하락  8,000",288000.0,288500.0,275500.0,57233.0,CJ제일제당,097950
2024-11-22,272000.0,"하락  4,500",278500.0,278500.0,270500.0,33086.0,CJ제일제당,097950
2024-11-25,270500.0,"하락  1,500",272000.0,275500.0,270500.0,60344.0,CJ제일제당,097950
2024-11-26,275000.0,"상승  4,500",270000.0,276500.0,269000.0,42105.0,CJ제일제당,097950
2024-11-27,273500.0,"하락  1,500",269500.0,278500.0,269500.0,33207.0,CJ제일제당,097950
2024-11-28,273000.0,하락  500,276000.0,276000.0,271000.0,29721.0,CJ제일제당,097950
2024-11-29,263500.0,"하락  9,500",273000.0,273000.0,263000.0,58684.0,CJ제일제당,097950
2024-12-02,263500.0,보합0,265500.0,266000.0,261000.0,34442.0,CJ제일제당,097950
2024-12-03,271500.0,"상승  8,000",266000.0,273500.0,263500.0,37814.0,CJ제일제당,097950
2024-12-04,273500.0,"상승  2,000",269000.0,276000.0,265500.0,60359.0,CJ제일제당,097950
2024-12-05,265000.0,"하락  8,500",271000.0,272000.0,263000.0,48512.0,CJ제일제당,097950
2024-12-06,262000.0,"하락  3,000",265000.0,265000.0,257500.0,49154.0,CJ제일제당,097950
2024-12-09,250500.0,"하락  11,500",258500.0,259000.0,250500.0,49278.0,CJ제일제당,097950
2024-12-10,265000.0,"상승  14,500",251500.0,266000.0,251500.0,45726.0,CJ제일제당,097950
2024-12-11,265000.0,보합0,264500.0,272000.0,263000.0,37046.0,CJ제일제당,097950
2024-12-12,268000.0,"상승  3,000",267500.0,271000.0,263500.0,64834.0,CJ제일제당,097950
2024-12-13,269000.0,"상승  1,000",267000.0,275000.0,265000.0,31634.0,CJ제일제당,097950
2024-12-16,270000.0,"상승  1,000",270500.0,271000.0,266500.0,32955.0,CJ제일제당,097950
2024-12-17,266500.0,"하락  3,500",271000.0,271000.0,266500.0,35701.0,CJ제일제당,097950
2024-12-18,272000.0,"상승  5,500",268500.0,277500.0,267500.0,38363.0,CJ제일제당,097950
2024-12-19,268000.0,"하락  4,000",266500.0,274500.0,262500.0,65652.0,CJ제일제당,097950
2024-12-20,260500.0,"하락  7,500",267000.0,269000.0,255500.0,77632.0,CJ제일제당,097950
2024-12-23,265000.0,"상승  4,500",261000.0,266000.0,260000.0,31482.0,CJ제일제당,097950
2024-12-24,264500.0,하락  500,265000.0,266000.0,262000.0,22151.0,CJ제일제당,097950
2024-12-26,261000.0,"하락  3,500",265000.0,266000.0,259000.0,24245.0,CJ제일제당,097950
2024-12-27,255500.0,"하락  5,500",258500.0,260000.0,251500.0,28862.0,CJ제일제당,097950
2024-12-30,255500.0,보합0,255000.0,258500.0,253000.0,29285.0,CJ제일제당,097950
2025-01-02,247500.0,"하락  8,000",255500.0,255500.0,247000.0,46996.0,CJ제일제당,097950
2025-01-03,251500.0,"상승  4,000",251500.0,255000.0,250000.0,30799.0,CJ제일제당,097950
2025-01-06,252500.0,"상승  1,000",252000.0,254500.0,250000.0,28859.0,CJ제일제당,097950
2025-01-07,248000.0,"하락  4,500",252500.0,255500.0,248000.0,65535.0,CJ제일제당,097950
2025-01-08,251000.0,"상승  3,000",247000.0,254000.0,247000.0,44188.0,CJ제일제당,097950
2025-01-09,250500.0,하락  500,251000.0,253000.0,250000.0,46242.0,CJ제일제당,097950
2025-01-10,247000.0,"하락  3,500",250500.0,251500.0,245000.0,59289.0,CJ제일제당,097950
2025-01-13,241500.0,"하락  5,500",246500.0,248000.0,240500.0,69642.0,CJ제일제당,097950
2025-01-14,242000.0,상승  500,242000.0,243500.0,239500.0,41598.0,CJ제일제당,097950
2025-01-15,240000.0,"하락  2,000",242500.0,244000.0,239000.0,52582.0,CJ제일제당,097950
2025-01-16,241000.0,"상승  1,000",241500.0,242500.0,239500.0,49025.0,CJ제일제당,097950
2025-01-17,242500.0,"상승  1,500",241000.0,245000.0,241000.0,38826.0,CJ제일제당,097950
2025-01-20,244000.0,"상승  1,500",243000.0,246500.0,241500.0,26357.0,CJ제일제당,097950
2025-01-21,242000.0,"하락  2,000",246500.0,247000.0,240000.0,40946.0,CJ제일제당,097950
2025-01-22,241500.0,하락  500,243500.0,244000.0,240500.0,41212.0,CJ제일제당,097950
2025-01-23,234500.0,"하락  7,000",241500.0,242000.0,232500.0,104843.0,CJ제일제당,097950
2025-01-24,236000.0,"상승  1,500",235500.0,236500.0,232500.0,39245.0,CJ제일제당,097950
2025-01-31,242000.0,"상승  6,000",238000.0,242000.0,234500.0,54228.0,CJ제일제당,097950
2025-02-03,232500.0,"하락  9,500",239500.0,239500.0,232500.0,47457.0,CJ제일제당,097950
2025-02-04,242000.0,"상승  9,500",235000.0,242000.0,234000.0,46379.0,CJ제일제당,097950
2025-02-05,244000.0,"상승  2,000",245500.0,252500.0,243000.0,88275.0,CJ제일제당,097950
2025-02-06,247500.0,"상승  3,500",245000.0,251500.0,244000.0,51006.0,CJ제일제당,097950
2025-02-07,245000.0,"하락  2,500",247500.0,248500.0,244000.0,26309.0,CJ제일제당,097950
2025-02-10,250000.0,"상승  5,000",245000.0,252000.0,244000.0,58785.0,CJ제일제당,097950
2025-02-11,240000.0,"하락  10,000",247500.0,248500.0,239000.0,118675.0,CJ제일제당,097950
2025-02-12,244500.0,"상승  4,500",242000.0,247500.0,240500.0,64297.0,CJ제일제당,097950
2025-02-13,246000.0,"상승  1,500",245000.0,246000.0,241000.0,88053.0,CJ제일제당,097950
2025-02-14,247500.0,"상승  1,500",245000.0,250000.0,245000.0,64436.0,CJ제일제당,097950
2025-02-17,246000.0,"하락  1,500",247000.0,247000.0,243000.0,62971.0,CJ제일제당,097950
2025-02-18,242000.0,"하락  4,000",245000.0,245500.0,240500.0,86024.0,CJ제일제당,097950
2025-02-19,245000.0,"상승  3,000",242000.0,247500.0,241500.0,87246.0,CJ제일제당,097950
2025-02-20,249500.0,"상승  4,500",246000.0,250000.0,245500.0,69971.0,CJ제일제당,097950
2025-02-21,248000.0,"하락  1,500",250000.0,250000.0,246000.0,57402.0,CJ제일제당,097950
2025-02-24,249500.0,"상승  1,500",247500.0,252500.0,244500.0,56595.0,CJ제일제당,097950
2025-02-25,246000.0,"하락  3,500",249500.0,250500.0,244500.0,65095.0,CJ제일제당,097950
2025-02-26,247500.0,"상승  1,500",246500.0,249000.0,246000.0,44072.0,CJ제일제당,097950
2025-02-27,247000.0,하락  500,247000.0,247000.0,244000.0,49000.0,CJ제일제당,097950
2025-02-28,237000.0,"하락  10,000",244000.0,244500.0,236000.0,152864.0,CJ제일제당,097950
2025-03-04,240000.0,"상승  3,000",236500.0,242000.0,236000.0,49419.0,CJ제일제당,097950
2025-03-05,243000.0,"상승  3,000",240000.0,244500.0,240000.0,64952.0,CJ제일제당,097950
2025-03-06,257500.0,"상승  14,500",244000.0,258000.0,243500.0,153243.0,CJ제일제당,097950
2025-03-07,262000.0,"상승  4,500",258000.0,266500.0,253500.0,171861.0,CJ제일제당,097950
2025-03-10,259000.0,"하락  3,000",260000.0,265000.0,257500.0,62437.0,CJ제일제당,097950
2025-03-11,257000.0,"하락  2,000",253000.0,259500.0,253000.0,86665.0,CJ제일제당,097950
2025-03-12,257500.0,상승  500,257000.0,262500.0,257000.0,57472.0,CJ제일제당,097950
2025-03-13,250500.0,"하락  7,000",258500.0,259000.0,249000.0,102173.0,CJ제일제당,097950
2025-03-14,250500.0,보합0,250500.0,253000.0,248000.0,55717.0,CJ제일제당,097950
2025-03-17,252500.0,"상승  2,000",252500.0,253000.0,250000.0,43804.0,CJ제일제당,097950
2025-03-18,253500.0,"상승  1,000",253000.0,258000.0,252500.0,48586.0,CJ제일제당,097950
2025-03-19,265000.0,"상승  11,500",254000.0,266000.0,253500.0,118202.0,CJ제일제당,097950
2025-03-20,265500.0,상승  500,267500.0,272000.0,264000.0,104928.0,CJ제일제당,097950
2025-03-21,268500.0,"상승  3,000",265000.0,270000.0,263000.0,93748.0,CJ제일제당,097950
2025-03-24,266000.0,"하락  2,500",269000.0,270000.0,265000.0,46867.0,CJ제일제당,097950
2025-03-25,259000.0,"하락  7,000",264000.0,267500.0,258500.0,68723.0,CJ제일제당,097950
2025-03-26,257500.0,"하락  1,500",261000.0,263000.0,257500.0,36438.0,CJ제일제당,097950
2025-03-27,256500.0,"하락  1,000",256000.0,261000.0,256000.0,27765.0,CJ제일제당,097950
2025-03-28,254500.0,"하락  2,000",257000.0,258000.0,253000.0,34561.0,CJ제일제당,097950
2025-03-31,246500.0,"하락  8,000",251500.0,251500.0,245500.0,47600.0,CJ제일제당,097950
2025-04-01,249000.0,"상승  2,500",248500.0,250500.0,247000.0,33093.0,CJ제일제당,097950
2025-04-02,242500.0,"하락  6,500",249000.0,249500.0,241500.0,74383.0,CJ제일제당,097950
2025-04-03,236500.0,"하락  6,000",237000.0,238500.0,235500.0,85298.0,CJ제일제당,097950
2025-04-04,246000.0,"상승  9,500",234000.0,246000.0,233500.0,59684.0,CJ제일제당,097950
2025-04-07,238000.0,"하락  8,000",237500.0,242000.0,234500.0,58831.0,CJ제일제당,097950
2025-04-08,234500.0,"하락  3,500",241000.0,241000.0,232000.0,58489.0,CJ제일제당,097950
2025-04-09,228500.0,"하락  6,000",232000.0,234500.0,227500.0,59695.0,CJ제일제당,097950
2025-04-10,240000.0,"상승  11,500",235500.0,240000.0,231000.0,73013.0,CJ제일제당,097950
2025-04-11,231500.0,"하락  8,500",235000.0,235000.0,226500.0,133826.0,CJ제일제당,097950
2025-04-14,232000.0,상승  500,232000.0,234000.0,229000.0,63929.0,CJ제일제당,097950
2025-04-15,237500.0,"상승  5,500",232000.0,238000.0,232000.0,31918.0,CJ제일제당,097950
2025-04-16,237500.0,보합0,236500.0,241500.0,236500.0,49831.0,CJ제일제당,097950
2025-04-17,243500.0,"상승  6,000",239000.0,244500.0,237500.0,58415.0,CJ제일제당,097950
2025-04-18,239000.0,"하락  4,500",243500.0,244500.0,237000.0,55167.0,CJ제일제당,097950
2025-04-21,240000.0,"상승  1,000",239000.0,240500.0,237500.0,25616.0,CJ제일제당,097950
2025-04-22,240500.0,상승  500,239500.0,242000.0,238500.0,35954.0,CJ제일제당,097950
2025-04-23,241500.0,"상승  1,000",243000.0,243500.0,240000.0,28832.0,CJ제일제당,097950
2025-04-24,242500.0,"상승  1,000",242000.0,243000.0,240000.0,32128.0,CJ제일제당,097950
2025-04-25,243500.0,"상승  1,000",244000.0,245000.0,242500.0,23481.0,CJ제일제당,097950
2025-04-28,236500.0,"하락  7,000",243500.0,245000.0,235000.0,79247.0,CJ제일제당,097950
2025-04-29,238000.0,"상승  1,500",236500.0,239500.0,236500.0,54543.0,CJ제일제당,097950
2025-04-30,239000.0,"상승  1,000",238500.0,240000.0,235500.0,57084.0,CJ제일제당,097950
2025-05-02,243000.0,"상승  4,000",237500.0,244000.0,237000.0,39070.0,CJ제일제당,097950
2025-05-07,246000.0,"상승  3,000",246500.0,248500.0,243000.0,53088.0,CJ제일제당,097950
2025-05-08,245500.0,하락  500,245500.0,247500.0,244500.0,37068.0,CJ제일제당,097950
2025-05-09,249000.0,"상승  3,500",244500.0,249500.0,244000.0,34601.0,CJ제일제당,097950
2025-05-12,248500.0,하락  500,250000.0,250000.0,246500.0,24247.0,CJ제일제당,097950
2025-05-13,238500.0,"하락  10,000",244500.0,244500.0,237500.0,109907.0,CJ제일제당,097950
2025-05-14,236000.0,"하락  2,500",238500.0,239500.0,235000.0,88180.0,CJ제일제당,097950
2025-05-15,232000.0,"하락  4,000",235500.0,236500.0,232000.0,84960.0,CJ제일제당,097950
2025-05-16,229500.0,"하락  2,500",233000.0,234000.0,228500.0,74917.0,CJ제일제당,097950
2025-05-19,226500.0,"하락  3,000",229000.0,230000.0,226000.0,74026.0,CJ제일제당,097950
2025-05-20,226000.0,하락  500,228500.0,228500.0,225500.0,49924.0,CJ제일제당,097950
2025-05-21,225500.0,하락  500,226500.0,227000.0,225000.0,62180.0,CJ제일제당,097950
2025-05-22,226500.0,"상승  1,000",225500.0,228000.0,225000.0,36209.0,CJ제일제당,097950
2025-05-23,223000.0,"하락  3,500",227000.0,227500.0,222000.0,54604.0,CJ제일제당,097950
2025-05-26,224000.0,"상승  1,000",223000.0,225000.0,220000.0,57967.0,CJ제일제당,097950
2025-05-27,225000.0,"상승  1,000",223000.0,226000.0,222500.0,36665.0,CJ제일제당,097950
2025-05-28,229500.0,"상승  4,500",225500.0,231000.0,225500.0,56164.0,CJ제일제당,097950
2025-05-29,230500.0,"상승  1,000",230000.0,233000.0,229000.0,54356.0,CJ제일제당,097950
