날짜,종가,전일비,시가,고가,저가,거래량,회사명,종목코드
2020-03-13,80900.0,"하락  8,200",78700.0,84000.0,75500.0,969928.0,HD한국조선해양,009540
2020-03-16,76600.0,"하락  4,300",82200.0,83000.0,76400.0,526279.0,HD한국조선해양,009540
2020-03-17,78600.0,"상승  2,000",70200.0,80200.0,70200.0,616264.0,HD한국조선해양,009540
2020-03-18,71900.0,"하락  6,700",77600.0,78900.0,71900.0,404985.0,HD한국조선해양,009540
2020-03-19,66300.0,"하락  5,600",73000.0,74900.0,64200.0,661951.0,HD한국조선해양,009540
2020-03-20,77000.0,"상승  10,700",67600.0,77000.0,65800.0,517444.0,HD한국조선해양,009540
2020-03-23,68600.0,"하락  8,400",69600.0,72500.0,67600.0,324195.0,HD한국조선해양,009540
2020-03-24,73900.0,"상승  5,300",70800.0,75000.0,69400.0,294642.0,HD한국조선해양,009540
2020-03-25,79000.0,"상승  5,100",77000.0,81400.0,76000.0,492705.0,HD한국조선해양,009540
2020-03-26,77700.0,"하락  1,300",81300.0,82200.0,77700.0,434213.0,HD한국조선해양,009540
2020-03-27,77300.0,하락  400,81500.0,81700.0,74500.0,393599.0,HD한국조선해양,009540
2020-03-30,76300.0,"하락  1,000",74900.0,77500.0,72900.0,248836.0,HD한국조선해양,009540
2020-03-31,78600.0,"상승  2,300",77500.0,78900.0,76700.0,301113.0,HD한국조선해양,009540
2020-04-01,76400.0,"하락  2,200",78100.0,80600.0,75700.0,312501.0,HD한국조선해양,009540
2020-04-02,79300.0,"상승  2,900",76900.0,79400.0,74300.0,350961.0,HD한국조선해양,009540
2020-04-03,76600.0,"하락  2,700",80800.0,82700.0,76200.0,472317.0,HD한국조선해양,009540
2020-04-06,80700.0,"상승  4,100",77700.0,81000.0,76900.0,262082.0,HD한국조선해양,009540
2020-04-07,81500.0,상승  800,81800.0,82500.0,79000.0,342276.0,HD한국조선해양,009540
2020-04-08,79500.0,"하락  2,000",80100.0,81200.0,79500.0,332451.0,HD한국조선해양,009540
2020-04-09,83600.0,"상승  4,100",81100.0,83700.0,80200.0,453140.0,HD한국조선해양,009540
2020-04-10,85400.0,"상승  1,800",83500.0,86900.0,81800.0,475575.0,HD한국조선해양,009540
2020-04-13,80800.0,"하락  4,600",84700.0,84700.0,80700.0,360328.0,HD한국조선해양,009540
2020-04-14,82400.0,"상승  1,600",81500.0,83100.0,81100.0,227153.0,HD한국조선해양,009540
2020-04-16,80000.0,"하락  2,400",80100.0,80900.0,79000.0,322393.0,HD한국조선해양,009540
2020-04-17,82000.0,"상승  2,000",80200.0,82500.0,80200.0,287113.0,HD한국조선해양,009540
2020-04-20,81000.0,"하락  1,000",82000.0,82700.0,80900.0,211206.0,HD한국조선해양,009540
2020-04-21,77000.0,"하락  4,000",79700.0,80400.0,76000.0,758374.0,HD한국조선해양,009540
2020-04-22,75700.0,"하락  1,300",75900.0,76300.0,74300.0,552737.0,HD한국조선해양,009540
2020-04-23,77300.0,"상승  1,600",76700.0,78800.0,76400.0,540519.0,HD한국조선해양,009540
2020-04-24,76400.0,하락  900,77800.0,78500.0,75500.0,268763.0,HD한국조선해양,009540
2020-04-27,77300.0,상승  900,77200.0,77900.0,75900.0,256586.0,HD한국조선해양,009540
2020-04-28,77400.0,상승  100,77000.0,77400.0,76000.0,239439.0,HD한국조선해양,009540
2020-04-29,82700.0,"상승  5,300",78200.0,84200.0,77800.0,1107897.0,HD한국조선해양,009540
2020-05-04,79200.0,"하락  3,500",81300.0,81400.0,79100.0,453170.0,HD한국조선해양,009540
2020-05-06,82400.0,"상승  3,200",81300.0,83900.0,81000.0,429041.0,HD한국조선해양,009540
2020-05-07,82100.0,하락  300,81500.0,83000.0,81200.0,184219.0,HD한국조선해양,009540
2020-05-08,81700.0,하락  400,83000.0,83500.0,81500.0,250242.0,HD한국조선해양,009540
2020-05-11,79900.0,"하락  1,800",82100.0,82200.0,79700.0,256576.0,HD한국조선해양,009540
2020-05-12,78200.0,"하락  1,700",80000.0,80300.0,78000.0,287928.0,HD한국조선해양,009540
2020-05-13,78000.0,하락  200,77000.0,78000.0,76700.0,210748.0,HD한국조선해양,009540
2020-05-14,76700.0,"하락  1,300",77000.0,77500.0,76200.0,256721.0,HD한국조선해양,009540
2020-05-15,78400.0,"상승  1,700",77900.0,78800.0,77100.0,175559.0,HD한국조선해양,009540
2020-05-18,78400.0,보합0,79600.0,79700.0,77300.0,163360.0,HD한국조선해양,009540
2020-05-19,81400.0,"상승  3,000",82000.0,83600.0,81000.0,489426.0,HD한국조선해양,009540
2020-05-20,80300.0,"하락  1,100",81000.0,82100.0,80100.0,219398.0,HD한국조선해양,009540
2020-05-21,82200.0,"상승  1,900",81100.0,82700.0,80600.0,362493.0,HD한국조선해양,009540
2020-05-22,79900.0,"하락  2,300",82600.0,82600.0,79200.0,372013.0,HD한국조선해양,009540
2020-05-25,83800.0,"상승  3,900",81800.0,85600.0,81200.0,740036.0,HD한국조선해양,009540
2020-05-26,85800.0,"상승  2,000",85800.0,86700.0,85000.0,511045.0,HD한국조선해양,009540
2020-05-27,92700.0,"상승  6,900",86800.0,96000.0,86700.0,1476514.0,HD한국조선해양,009540
2020-05-28,89300.0,"하락  3,400",93600.0,93800.0,86800.0,737197.0,HD한국조선해양,009540
2020-05-29,90800.0,"상승  1,500",88700.0,91100.0,86600.0,481609.0,HD한국조선해양,009540
2020-06-01,92200.0,"상승  1,400",91300.0,93500.0,91000.0,309828.0,HD한국조선해양,009540
2020-06-02,98100.0,"상승  5,900",107000.0,111000.0,97500.0,1921151.0,HD한국조선해양,009540
2020-06-03,103000.0,"상승  4,900",101000.0,104000.0,99500.0,920385.0,HD한국조선해양,009540
2020-06-04,101000.0,"하락  2,000",105500.0,107000.0,99900.0,669111.0,HD한국조선해양,009540
2020-06-05,102500.0,"상승  1,500",101000.0,103500.0,99500.0,396517.0,HD한국조선해양,009540
2020-06-08,103500.0,"상승  1,000",105500.0,106000.0,103000.0,479511.0,HD한국조선해양,009540
2020-06-09,102000.0,"하락  1,500",104000.0,105000.0,101000.0,309031.0,HD한국조선해양,009540
2020-06-10,101000.0,"하락  1,000",102500.0,103000.0,101000.0,252618.0,HD한국조선해양,009540
2020-06-11,99000.0,"하락  2,000",100500.0,102000.0,97100.0,502827.0,HD한국조선해양,009540
2020-06-12,94600.0,"하락  4,400",92800.0,95500.0,92500.0,451334.0,HD한국조선해양,009540
2020-06-15,86300.0,"하락  8,300",93100.0,93500.0,86300.0,558684.0,HD한국조선해양,009540
2020-06-16,92500.0,"상승  6,200",88700.0,92500.0,88600.0,329689.0,HD한국조선해양,009540
2020-06-17,91700.0,하락  800,91300.0,94300.0,90500.0,294418.0,HD한국조선해양,009540
2020-06-18,93300.0,"상승  1,600",92100.0,94700.0,91700.0,284311.0,HD한국조선해양,009540
2020-06-19,93700.0,상승  400,95300.0,95300.0,92100.0,181498.0,HD한국조선해양,009540
2020-06-22,90500.0,"하락  3,200",92400.0,93100.0,90200.0,237306.0,HD한국조선해양,009540
2020-06-23,88500.0,"하락  2,000",91400.0,91600.0,87600.0,336055.0,HD한국조선해양,009540
2020-06-24,90300.0,"상승  1,800",88900.0,90700.0,88300.0,211861.0,HD한국조선해양,009540
2020-06-25,87600.0,"하락  2,700",88000.0,88900.0,87500.0,230117.0,HD한국조선해양,009540
2020-06-26,88800.0,"상승  1,200",88500.0,89100.0,87600.0,157275.0,HD한국조선해양,009540
2020-06-29,87600.0,"하락  1,200",87400.0,88700.0,86100.0,174399.0,HD한국조선해양,009540
2020-06-30,87400.0,하락  200,88600.0,89000.0,87400.0,191241.0,HD한국조선해양,009540
2020-07-01,87600.0,상승  200,88100.0,88900.0,87300.0,144807.0,HD한국조선해양,009540
2020-07-02,88300.0,상승  700,88100.0,89100.0,88000.0,102142.0,HD한국조선해양,009540
2020-07-03,88500.0,상승  200,88400.0,89000.0,87400.0,138087.0,HD한국조선해양,009540
2020-07-06,87800.0,하락  700,88600.0,88900.0,87100.0,180244.0,HD한국조선해양,009540
2020-07-07,86700.0,"하락  1,100",88800.0,89800.0,86700.0,240071.0,HD한국조선해양,009540
2020-07-08,85700.0,"하락  1,000",86700.0,87500.0,85400.0,185882.0,HD한국조선해양,009540
2020-07-09,86200.0,상승  500,86000.0,87800.0,85700.0,218445.0,HD한국조선해양,009540
2020-07-10,83700.0,"하락  2,500",85600.0,85900.0,83300.0,261070.0,HD한국조선해양,009540
2020-07-13,89700.0,"상승  6,000",83800.0,90000.0,83100.0,473931.0,HD한국조선해양,009540
2020-07-14,88500.0,"하락  1,200",89500.0,89500.0,87500.0,150034.0,HD한국조선해양,009540
2020-07-15,91000.0,"상승  2,500",90400.0,93700.0,90000.0,472903.0,HD한국조선해양,009540
2020-07-16,91000.0,보합0,91000.0,92900.0,90300.0,200880.0,HD한국조선해양,009540
2020-07-17,89400.0,"하락  1,600",92000.0,92000.0,89000.0,140487.0,HD한국조선해양,009540
2020-07-20,90100.0,상승  700,90000.0,91900.0,89300.0,182045.0,HD한국조선해양,009540
2020-07-21,93000.0,"상승  2,900",90700.0,93400.0,90200.0,416204.0,HD한국조선해양,009540
2020-07-22,90800.0,"하락  2,200",92600.0,93000.0,90700.0,245603.0,HD한국조선해양,009540
2020-07-23,89000.0,"하락  1,800",90400.0,90600.0,88000.0,274495.0,HD한국조선해양,009540
2020-07-24,88300.0,하락  700,88100.0,88700.0,86900.0,248471.0,HD한국조선해양,009540
2020-07-27,87700.0,하락  600,87300.0,89100.0,87300.0,131963.0,HD한국조선해양,009540
2020-07-28,90800.0,"상승  3,100",87800.0,91000.0,87300.0,317567.0,HD한국조선해양,009540
2020-07-29,90800.0,보합0,89400.0,91000.0,89000.0,154034.0,HD한국조선해양,009540
2020-07-30,91000.0,상승  200,90700.0,92400.0,89500.0,306548.0,HD한국조선해양,009540
2020-07-31,89200.0,"하락  1,800",90700.0,91500.0,89200.0,304064.0,HD한국조선해양,009540
2020-08-03,86300.0,"하락  2,900",89500.0,89500.0,86200.0,374753.0,HD한국조선해양,009540
2020-08-04,87100.0,상승  800,87500.0,89000.0,87000.0,233903.0,HD한국조선해양,009540
2020-08-05,86500.0,하락  600,86700.0,87200.0,86200.0,236374.0,HD한국조선해양,009540
2020-08-06,87000.0,상승  500,87100.0,88700.0,86600.0,332546.0,HD한국조선해양,009540
2020-08-07,86000.0,"하락  1,000",87000.0,87100.0,85200.0,381344.0,HD한국조선해양,009540
2020-08-10,87200.0,"상승  1,200",85500.0,87900.0,85100.0,306003.0,HD한국조선해양,009540
2020-08-11,91700.0,"상승  4,500",87400.0,92000.0,87300.0,775258.0,HD한국조선해양,009540
2020-08-12,92100.0,상승  400,91400.0,92100.0,89700.0,357704.0,HD한국조선해양,009540
2020-08-13,90300.0,"하락  1,800",93200.0,93600.0,89800.0,438141.0,HD한국조선해양,009540
2020-08-14,95900.0,"상승  5,600",91000.0,96000.0,90800.0,983827.0,HD한국조선해양,009540
2020-08-18,91500.0,"하락  4,400",99300.0,99400.0,90500.0,1118237.0,HD한국조선해양,009540
2020-08-19,91400.0,하락  100,91200.0,94200.0,91100.0,346839.0,HD한국조선해양,009540
2020-08-20,87500.0,"하락  3,900",90700.0,90700.0,87100.0,468677.0,HD한국조선해양,009540
2020-08-21,87700.0,상승  200,88200.0,89100.0,85900.0,306552.0,HD한국조선해양,009540
2020-08-24,87500.0,하락  200,89100.0,89100.0,87200.0,245500.0,HD한국조선해양,009540
2020-08-25,90500.0,"상승  3,000",88600.0,92500.0,86700.0,512590.0,HD한국조선해양,009540
2020-08-26,89100.0,"하락  1,400",90900.0,92300.0,88700.0,390394.0,HD한국조선해양,009540
2020-08-27,87100.0,"하락  2,000",89100.0,89200.0,87000.0,360311.0,HD한국조선해양,009540
2020-08-28,87600.0,상승  500,88000.0,88900.0,87100.0,247141.0,HD한국조선해양,009540
2020-08-31,86200.0,"하락  1,400",88400.0,89400.0,86200.0,442859.0,HD한국조선해양,009540
2020-09-01,88000.0,"상승  1,800",86100.0,88300.0,86100.0,225198.0,HD한국조선해양,009540
2020-09-02,87800.0,하락  200,88100.0,88500.0,87000.0,209881.0,HD한국조선해양,009540
2020-09-03,87600.0,하락  200,88100.0,88500.0,87500.0,220687.0,HD한국조선해양,009540
2020-09-04,86100.0,"하락  1,500",85000.0,86300.0,85000.0,319826.0,HD한국조선해양,009540
2020-09-07,87900.0,"상승  1,800",86000.0,88400.0,85200.0,342054.0,HD한국조선해양,009540
2020-09-08,87700.0,하락  200,89700.0,91200.0,87300.0,522666.0,HD한국조선해양,009540
2020-09-09,86500.0,"하락  1,200",86500.0,87100.0,86300.0,219262.0,HD한국조선해양,009540
2020-09-10,87200.0,상승  700,87000.0,88100.0,86300.0,314048.0,HD한국조선해양,009540
2020-09-11,86900.0,하락  300,86800.0,87800.0,86100.0,251036.0,HD한국조선해양,009540
2020-09-14,87300.0,상승  400,87500.0,88000.0,86800.0,280883.0,HD한국조선해양,009540
2020-09-15,86900.0,하락  400,87700.0,87700.0,86100.0,326374.0,HD한국조선해양,009540
2020-09-16,86400.0,하락  500,86600.0,87300.0,86200.0,204438.0,HD한국조선해양,009540
2020-09-17,86000.0,하락  400,86900.0,87100.0,85600.0,261943.0,HD한국조선해양,009540
2020-09-18,85400.0,하락  600,86000.0,86100.0,85100.0,225417.0,HD한국조선해양,009540
2020-09-21,84900.0,하락  500,85400.0,85800.0,84600.0,223152.0,HD한국조선해양,009540
2020-09-22,82400.0,"하락  2,500",84300.0,84600.0,82200.0,270444.0,HD한국조선해양,009540
2020-09-23,81200.0,"하락  1,200",82200.0,82800.0,81000.0,225272.0,HD한국조선해양,009540
2020-09-24,77700.0,"하락  3,500",79300.0,80600.0,77500.0,368708.0,HD한국조선해양,009540
2020-09-25,79700.0,"상승  2,000",77900.0,80800.0,77900.0,190543.0,HD한국조선해양,009540
2020-09-28,80000.0,상승  300,80000.0,80700.0,79300.0,114869.0,HD한국조선해양,009540
2020-09-29,82700.0,"상승  2,700",81300.0,84000.0,80500.0,264983.0,HD한국조선해양,009540
2020-10-05,83700.0,"상승  1,000",83500.0,84600.0,81800.0,205071.0,HD한국조선해양,009540
2020-10-06,83100.0,하락  600,83700.0,84200.0,82700.0,128744.0,HD한국조선해양,009540
2020-10-07,84100.0,"상승  1,000",83200.0,84700.0,82300.0,145912.0,HD한국조선해양,009540
2020-10-08,83000.0,"하락  1,100",84500.0,85000.0,83000.0,222287.0,HD한국조선해양,009540
2020-10-12,83300.0,상승  300,84400.0,84400.0,83100.0,108141.0,HD한국조선해양,009540
2020-10-13,83100.0,하락  200,83800.0,84100.0,82600.0,142431.0,HD한국조선해양,009540
2020-10-14,81100.0,"하락  2,000",82800.0,83300.0,80900.0,236667.0,HD한국조선해양,009540
2020-10-15,79800.0,"하락  1,300",80900.0,81100.0,79700.0,194401.0,HD한국조선해양,009540
2020-10-16,79600.0,하락  200,80000.0,80400.0,79400.0,150155.0,HD한국조선해양,009540
2020-10-19,80600.0,"상승  1,000",80000.0,81300.0,80000.0,144114.0,HD한국조선해양,009540
2020-10-20,80100.0,하락  500,80300.0,80800.0,79500.0,127838.0,HD한국조선해양,009540
2020-10-21,81100.0,"상승  1,000",80200.0,81200.0,80000.0,102118.0,HD한국조선해양,009540
2020-10-22,80600.0,하락  500,81100.0,81300.0,80200.0,106992.0,HD한국조선해양,009540
2020-10-23,81700.0,"상승  1,100",80600.0,82000.0,80200.0,133090.0,HD한국조선해양,009540
2020-10-26,83100.0,"상승  1,400",82400.0,83900.0,81200.0,279089.0,HD한국조선해양,009540
2020-10-27,80800.0,"하락  2,300",82500.0,82500.0,80600.0,202382.0,HD한국조선해양,009540
2020-10-28,81000.0,상승  200,80200.0,81100.0,80100.0,117286.0,HD한국조선해양,009540
2020-10-29,79800.0,"하락  1,200",79200.0,80300.0,79000.0,168185.0,HD한국조선해양,009540
2020-10-30,78400.0,"하락  1,400",79700.0,79700.0,78300.0,165598.0,HD한국조선해양,009540
2020-11-02,79600.0,"상승  1,200",79000.0,79900.0,78800.0,121799.0,HD한국조선해양,009540
2020-11-03,81000.0,"상승  1,400",79400.0,81200.0,79400.0,151265.0,HD한국조선해양,009540
2020-11-04,83300.0,"상승  2,300",81500.0,84700.0,81100.0,514717.0,HD한국조선해양,009540
2020-11-05,83800.0,상승  500,84000.0,84100.0,82600.0,197428.0,HD한국조선해양,009540
2020-11-06,82900.0,하락  900,83800.0,84500.0,82600.0,163996.0,HD한국조선해양,009540
2020-11-09,90100.0,"상승  7,200",84000.0,90500.0,83600.0,1228520.0,HD한국조선해양,009540
2020-11-10,93000.0,"상승  2,900",92000.0,94300.0,89800.0,969410.0,HD한국조선해양,009540
2020-11-11,93600.0,상승  600,92500.0,94500.0,91500.0,532802.0,HD한국조선해양,009540
2020-11-12,93500.0,하락  100,92400.0,94500.0,90700.0,511705.0,HD한국조선해양,009540
2020-11-13,92300.0,"하락  1,200",92600.0,95800.0,92200.0,381596.0,HD한국조선해양,009540
2020-11-16,98900.0,"상승  6,600",93500.0,99600.0,93200.0,1026744.0,HD한국조선해양,009540
2020-11-17,100000.0,"상승  1,100",100000.0,102000.0,98100.0,623616.0,HD한국조선해양,009540
2020-11-18,99300.0,하락  700,101000.0,101500.0,98100.0,414861.0,HD한국조선해양,009540
2020-11-19,94500.0,"하락  4,800",99300.0,99300.0,93100.0,889242.0,HD한국조선해양,009540
2020-11-20,95800.0,"상승  1,300",93600.0,96600.0,93200.0,404577.0,HD한국조선해양,009540
2020-11-23,102000.0,"상승  6,200",96000.0,104000.0,95100.0,1141724.0,HD한국조선해양,009540
2020-11-24,103000.0,"상승  1,000",103500.0,105000.0,101000.0,589124.0,HD한국조선해양,009540
2020-11-25,107000.0,"상승  4,000",104000.0,109000.0,103500.0,1019400.0,HD한국조선해양,009540
2020-11-26,108500.0,"상승  1,500",108000.0,109000.0,103500.0,475404.0,HD한국조선해양,009540
2020-11-27,105500.0,"하락  3,000",108000.0,109000.0,104000.0,547459.0,HD한국조선해양,009540
2020-11-30,103000.0,"하락  2,500",106000.0,108000.0,103000.0,617087.0,HD한국조선해양,009540
2020-12-01,104000.0,"상승  1,000",105000.0,105500.0,103500.0,275440.0,HD한국조선해양,009540
2020-12-02,103500.0,하락  500,104000.0,104500.0,102000.0,314446.0,HD한국조선해양,009540
2020-12-03,103500.0,보합0,104000.0,105000.0,101000.0,351267.0,HD한국조선해양,009540
2020-12-04,104500.0,"상승  1,000",104000.0,108500.0,103500.0,448343.0,HD한국조선해양,009540
2020-12-07,102500.0,"하락  2,000",105500.0,105500.0,101500.0,282543.0,HD한국조선해양,009540
2020-12-08,101500.0,"하락  1,000",102500.0,104000.0,101000.0,365293.0,HD한국조선해양,009540
2020-12-09,102000.0,상승  500,103000.0,103500.0,101000.0,319123.0,HD한국조선해양,009540
2020-12-10,102500.0,상승  500,101500.0,103500.0,100000.0,470372.0,HD한국조선해양,009540
2020-12-11,109500.0,"상승  7,000",104000.0,111000.0,104000.0,932001.0,HD한국조선해양,009540
2020-12-14,111000.0,"상승  1,500",109500.0,114000.0,108000.0,635970.0,HD한국조선해양,009540
2020-12-15,108500.0,"하락  2,500",111000.0,111000.0,108000.0,316141.0,HD한국조선해양,009540
2020-12-16,109500.0,"상승  1,000",112000.0,114000.0,109000.0,293153.0,HD한국조선해양,009540
2020-12-17,110500.0,"상승  1,000",110000.0,110500.0,106000.0,363731.0,HD한국조선해양,009540
2020-12-18,108000.0,"하락  2,500",111000.0,111500.0,108000.0,226642.0,HD한국조선해양,009540
2020-12-21,110000.0,"상승  2,000",108000.0,110000.0,106000.0,291561.0,HD한국조선해양,009540
2020-12-22,109500.0,하락  500,112000.0,116000.0,108500.0,675400.0,HD한국조선해양,009540
2020-12-23,107500.0,"하락  2,000",110500.0,111500.0,106000.0,385737.0,HD한국조선해양,009540
2020-12-24,108000.0,상승  500,109500.0,109500.0,107000.0,256354.0,HD한국조선해양,009540
2020-12-28,106500.0,"하락  1,500",108500.0,108500.0,105500.0,351891.0,HD한국조선해양,009540
2020-12-29,107000.0,상승  500,107500.0,109000.0,106000.0,257798.0,HD한국조선해양,009540
2020-12-30,108500.0,"상승  1,500",106500.0,108500.0,106000.0,310809.0,HD한국조선해양,009540
2021-01-04,110000.0,"상승  1,500",109000.0,111000.0,107500.0,444271.0,HD한국조선해양,009540
2021-01-05,117500.0,"상승  7,500",110500.0,118500.0,109000.0,1108466.0,HD한국조선해양,009540
2021-01-06,118000.0,상승  500,121000.0,124500.0,117500.0,861219.0,HD한국조선해양,009540
2021-01-07,118500.0,상승  500,120500.0,122000.0,118000.0,470056.0,HD한국조선해양,009540
2021-01-08,118500.0,보합0,118500.0,120000.0,117000.0,453240.0,HD한국조선해양,009540
2021-01-11,115000.0,"하락  3,500",118500.0,119500.0,113000.0,754442.0,HD한국조선해양,009540
2021-01-12,116000.0,"상승  1,000",114000.0,117000.0,112500.0,527749.0,HD한국조선해양,009540
2021-01-13,116000.0,보합0,117000.0,118000.0,115000.0,370710.0,HD한국조선해양,009540
2021-01-14,118500.0,"상승  2,500",115500.0,122500.0,115000.0,674916.0,HD한국조선해양,009540
2021-01-15,114000.0,"하락  4,500",120000.0,120500.0,114000.0,434422.0,HD한국조선해양,009540
2021-01-18,110500.0,"하락  3,500",112000.0,113500.0,108500.0,502297.0,HD한국조선해양,009540
2021-01-19,110500.0,보합0,111000.0,112000.0,109000.0,425262.0,HD한국조선해양,009540
2021-01-20,107500.0,"하락  3,000",111500.0,111500.0,106000.0,736471.0,HD한국조선해양,009540
2021-01-21,108000.0,상승  500,108500.0,111000.0,107500.0,544778.0,HD한국조선해양,009540
2021-01-22,105000.0,"하락  3,000",108000.0,108500.0,105000.0,441396.0,HD한국조선해양,009540
2021-01-25,109000.0,"상승  4,000",105500.0,110500.0,105500.0,435334.0,HD한국조선해양,009540
2021-01-26,106000.0,"하락  3,000",109500.0,110000.0,106000.0,544091.0,HD한국조선해양,009540
2021-01-27,102500.0,"하락  3,500",107000.0,107500.0,102000.0,642157.0,HD한국조선해양,009540
2021-01-28,98300.0,"하락  4,200",100000.0,101000.0,97700.0,674753.0,HD한국조선해양,009540
2021-01-29,94000.0,"하락  4,300",98300.0,99000.0,93600.0,780382.0,HD한국조선해양,009540
2021-02-01,99900.0,"상승  5,900",93500.0,100500.0,93200.0,449837.0,HD한국조선해양,009540
2021-02-02,99000.0,하락  900,100000.0,100500.0,96600.0,378047.0,HD한국조선해양,009540
2021-02-03,98900.0,하락  100,100000.0,101500.0,98500.0,313429.0,HD한국조선해양,009540
2021-02-04,97400.0,"하락  1,500",100000.0,100500.0,96600.0,325171.0,HD한국조선해양,009540
2021-02-05,98200.0,상승  800,97900.0,98900.0,96700.0,224555.0,HD한국조선해양,009540
2021-02-08,100500.0,"상승  2,300",98500.0,102500.0,98300.0,385954.0,HD한국조선해양,009540
2021-02-09,101000.0,상승  500,101500.0,102000.0,100000.0,292484.0,HD한국조선해양,009540
2021-02-10,101000.0,보합0,102000.0,102000.0,100000.0,263425.0,HD한국조선해양,009540
2021-02-15,107000.0,"상승  6,000",104000.0,107000.0,102500.0,494738.0,HD한국조선해양,009540
2021-02-16,106000.0,"하락  1,000",107500.0,107500.0,105000.0,214333.0,HD한국조선해양,009540
2021-02-17,104500.0,"하락  1,500",106000.0,106000.0,103500.0,246658.0,HD한국조선해양,009540
2021-02-18,104000.0,하락  500,104000.0,107500.0,104000.0,244795.0,HD한국조선해양,009540
2021-02-19,105000.0,"상승  1,000",104500.0,105500.0,100500.0,298487.0,HD한국조선해양,009540
2021-02-22,104000.0,"하락  1,000",105500.0,106500.0,103500.0,272316.0,HD한국조선해양,009540
2021-02-23,112000.0,"상승  8,000",106000.0,113000.0,105500.0,1164157.0,HD한국조선해양,009540
2021-02-24,109000.0,"하락  3,000",111500.0,113000.0,108000.0,544145.0,HD한국조선해양,009540
2021-02-25,114000.0,"상승  5,000",111500.0,114500.0,109500.0,502114.0,HD한국조선해양,009540
2021-02-26,112000.0,"하락  2,000",111000.0,113000.0,109000.0,505274.0,HD한국조선해양,009540
2021-03-02,110500.0,"하락  1,500",115000.0,116000.0,109000.0,447770.0,HD한국조선해양,009540
2021-03-03,111500.0,"상승  1,000",109500.0,111500.0,108000.0,260600.0,HD한국조선해양,009540
2021-03-04,108000.0,"하락  3,500",109500.0,111500.0,107500.0,381896.0,HD한국조선해양,009540
2021-03-05,107000.0,"하락  1,000",107000.0,108500.0,105000.0,416624.0,HD한국조선해양,009540
2021-03-08,111000.0,"상승  4,000",109000.0,114500.0,107500.0,725029.0,HD한국조선해양,009540
2021-03-09,115500.0,"상승  4,500",113000.0,116000.0,111000.0,814808.0,HD한국조선해양,009540
2021-03-10,115500.0,보합0,115000.0,116000.0,113000.0,376188.0,HD한국조선해양,009540
2021-03-11,115000.0,하락  500,116500.0,119000.0,114000.0,602567.0,HD한국조선해양,009540
2021-03-12,117500.0,"상승  2,500",116000.0,118000.0,114000.0,457677.0,HD한국조선해양,009540
2021-03-15,122000.0,"상승  4,500",118000.0,123000.0,116500.0,840969.0,HD한국조선해양,009540
2021-03-16,121500.0,하락  500,123500.0,124000.0,120000.0,360188.0,HD한국조선해양,009540
2021-03-17,118500.0,"하락  3,000",120500.0,120500.0,116500.0,388956.0,HD한국조선해양,009540
2021-03-18,118500.0,보합0,120500.0,120500.0,118000.0,299263.0,HD한국조선해양,009540
2021-03-19,118000.0,하락  500,117000.0,118000.0,115500.0,269284.0,HD한국조선해양,009540
2021-03-22,117000.0,"하락  1,000",117500.0,118000.0,115500.0,259520.0,HD한국조선해양,009540
2021-03-23,116000.0,"하락  1,000",116500.0,118000.0,114500.0,330135.0,HD한국조선해양,009540
2021-03-24,117500.0,"상승  1,500",115000.0,118500.0,113500.0,295851.0,HD한국조선해양,009540
2021-03-25,118500.0,"상승  1,000",118000.0,119000.0,116500.0,201537.0,HD한국조선해양,009540
2021-03-26,132000.0,"상승  13,500",120000.0,132000.0,118500.0,1926320.0,HD한국조선해양,009540
2021-03-29,134000.0,"상승  2,000",133500.0,138500.0,132500.0,1304188.0,HD한국조선해양,009540
2021-03-30,134500.0,상승  500,136500.0,138000.0,131500.0,502940.0,HD한국조선해양,009540
2021-03-31,133500.0,"하락  1,000",133500.0,140000.0,132500.0,534618.0,HD한국조선해양,009540
2021-04-01,128500.0,"하락  5,000",135000.0,135500.0,127500.0,674595.0,HD한국조선해양,009540
2021-04-02,131500.0,"상승  3,000",130000.0,131500.0,126500.0,504149.0,HD한국조선해양,009540
2021-04-05,133000.0,"상승  1,500",132000.0,136500.0,131500.0,416355.0,HD한국조선해양,009540
2021-04-06,130000.0,"하락  3,000",132000.0,132500.0,128000.0,368481.0,HD한국조선해양,009540
2021-04-07,127500.0,"하락  2,500",131000.0,131000.0,126500.0,303351.0,HD한국조선해양,009540
2021-04-08,130000.0,"상승  2,500",127500.0,130000.0,126500.0,256843.0,HD한국조선해양,009540
2021-04-09,128000.0,"하락  2,000",130000.0,130500.0,127500.0,203854.0,HD한국조선해양,009540
2021-04-12,131500.0,"상승  3,500",128500.0,134000.0,127000.0,406914.0,HD한국조선해양,009540
2021-04-13,133000.0,"상승  1,500",133500.0,135000.0,131500.0,316209.0,HD한국조선해양,009540
2021-04-14,133500.0,상승  500,134000.0,134500.0,132000.0,204270.0,HD한국조선해양,009540
2021-04-15,134500.0,"상승  1,000",133500.0,136000.0,132000.0,278838.0,HD한국조선해양,009540
2021-04-16,137000.0,"상승  2,500",136000.0,138000.0,133500.0,352129.0,HD한국조선해양,009540
2021-04-19,140000.0,"상승  3,000",138000.0,141000.0,136500.0,477073.0,HD한국조선해양,009540
2021-04-20,139000.0,"하락  1,000",139000.0,142500.0,138000.0,410030.0,HD한국조선해양,009540
2021-04-21,135500.0,"하락  3,500",138000.0,138500.0,134500.0,381492.0,HD한국조선해양,009540
2021-04-22,140500.0,"상승  5,000",137000.0,140500.0,136000.0,467517.0,HD한국조선해양,009540
2021-04-23,141000.0,상승  500,139500.0,141000.0,137500.0,298776.0,HD한국조선해양,009540
2021-04-26,150500.0,"상승  9,500",142500.0,151000.0,142000.0,1065089.0,HD한국조선해양,009540
2021-04-27,150000.0,하락  500,150500.0,152000.0,148000.0,578259.0,HD한국조선해양,009540
2021-04-28,149000.0,"하락  1,000",150500.0,155000.0,147000.0,707978.0,HD한국조선해양,009540
2021-04-29,150500.0,"상승  1,500",150000.0,154000.0,148500.0,636565.0,HD한국조선해양,009540
2021-04-30,153500.0,"상승  3,000",154000.0,162000.0,153000.0,1338154.0,HD한국조선해양,009540
2021-05-03,153000.0,하락  500,155000.0,161500.0,150500.0,746459.0,HD한국조선해양,009540
2021-05-04,150000.0,"하락  3,000",152500.0,152500.0,145500.0,705486.0,HD한국조선해양,009540
2021-05-06,153000.0,"상승  3,000",147500.0,154500.0,146000.0,588629.0,HD한국조선해양,009540
2021-05-07,154500.0,"상승  1,500",156500.0,158000.0,152000.0,451654.0,HD한국조선해양,009540
2021-05-10,159500.0,"상승  5,000",158000.0,161000.0,155500.0,594926.0,HD한국조선해양,009540
2021-05-11,160500.0,"상승  1,000",159000.0,163500.0,158500.0,512870.0,HD한국조선해양,009540
2021-05-12,153500.0,"하락  7,000",159000.0,159500.0,152000.0,750161.0,HD한국조선해양,009540
2021-05-13,149000.0,"하락  4,500",149500.0,155500.0,148500.0,700140.0,HD한국조선해양,009540
2021-05-14,148500.0,하락  500,151500.0,152500.0,145500.0,410730.0,HD한국조선해양,009540
2021-05-17,153000.0,"상승  4,500",150000.0,154000.0,149500.0,333311.0,HD한국조선해양,009540
2021-05-18,154000.0,"상승  1,000",153500.0,154500.0,150000.0,264645.0,HD한국조선해양,009540
2021-05-20,146000.0,"하락  8,000",152000.0,152000.0,145000.0,567446.0,HD한국조선해양,009540
2021-05-21,143000.0,"하락  3,000",147000.0,148000.0,140500.0,581739.0,HD한국조선해양,009540
2021-05-24,148000.0,"상승  5,000",143000.0,149000.0,143000.0,434147.0,HD한국조선해양,009540
2021-05-25,146500.0,"하락  1,500",148500.0,150500.0,145000.0,311674.0,HD한국조선해양,009540
2021-05-26,146500.0,보합0,147000.0,148500.0,145500.0,253705.0,HD한국조선해양,009540
2021-05-27,142500.0,"하락  4,000",145000.0,146500.0,141500.0,537815.0,HD한국조선해양,009540
2021-05-28,143000.0,상승  500,142500.0,145000.0,141500.0,318658.0,HD한국조선해양,009540
2021-05-31,142500.0,하락  500,144000.0,145000.0,142000.0,265266.0,HD한국조선해양,009540
2021-06-01,149000.0,"상승  6,500",143000.0,151000.0,142500.0,819339.0,HD한국조선해양,009540
2021-06-02,149500.0,상승  500,149500.0,150000.0,146500.0,363231.0,HD한국조선해양,009540
2021-06-03,145500.0,"하락  4,000",149500.0,149500.0,145000.0,377379.0,HD한국조선해양,009540
2021-06-04,144500.0,"하락  1,000",145500.0,149000.0,144000.0,424752.0,HD한국조선해양,009540
2021-06-07,143000.0,"하락  1,500",145500.0,145500.0,142000.0,508691.0,HD한국조선해양,009540
2021-06-08,140000.0,"하락  3,000",142500.0,143000.0,139000.0,479284.0,HD한국조선해양,009540
2021-06-09,138000.0,"하락  2,000",139500.0,142500.0,138000.0,335196.0,HD한국조선해양,009540
2021-06-10,139000.0,"상승  1,000",138500.0,141000.0,136500.0,344632.0,HD한국조선해양,009540
2021-06-11,140000.0,"상승  1,000",139500.0,141500.0,138000.0,294506.0,HD한국조선해양,009540
2021-06-14,138500.0,"하락  1,500",141000.0,141500.0,138000.0,225098.0,HD한국조선해양,009540
2021-06-15,136500.0,"하락  2,000",138000.0,138500.0,136000.0,307629.0,HD한국조선해양,009540
2021-06-16,137500.0,"상승  1,000",137500.0,140000.0,137000.0,282328.0,HD한국조선해양,009540
2021-06-17,134000.0,"하락  3,500",137000.0,137000.0,133500.0,396245.0,HD한국조선해양,009540
2021-06-18,132500.0,"하락  1,500",133500.0,134000.0,131000.0,568958.0,HD한국조선해양,009540
2021-06-21,136000.0,"상승  3,500",133000.0,137500.0,130500.0,561314.0,HD한국조선해양,009540
2021-06-22,135000.0,"하락  1,000",139000.0,139000.0,134500.0,326633.0,HD한국조선해양,009540
2021-06-23,131500.0,"하락  3,500",135000.0,135000.0,131500.0,350877.0,HD한국조선해양,009540
2021-06-24,132500.0,"상승  1,000",131500.0,135000.0,131500.0,301969.0,HD한국조선해양,009540
2021-06-25,134000.0,"상승  1,500",133500.0,137500.0,132500.0,399997.0,HD한국조선해양,009540
2021-06-28,136000.0,"상승  2,000",135000.0,136500.0,133000.0,218692.0,HD한국조선해양,009540
2021-06-29,134500.0,"하락  1,500",136500.0,137000.0,134500.0,195230.0,HD한국조선해양,009540
2021-06-30,134000.0,하락  500,135500.0,135500.0,133500.0,170170.0,HD한국조선해양,009540
2021-07-01,132000.0,"하락  2,000",134000.0,134000.0,131500.0,281991.0,HD한국조선해양,009540
2021-07-02,135500.0,"상승  3,500",133000.0,137500.0,132500.0,399500.0,HD한국조선해양,009540
2021-07-05,133000.0,"하락  2,500",136000.0,136500.0,132500.0,227778.0,HD한국조선해양,009540
2021-07-06,133000.0,보합0,133500.0,134500.0,132500.0,301846.0,HD한국조선해양,009540
2021-07-07,129000.0,"하락  4,000",132000.0,132000.0,129000.0,486800.0,HD한국조선해양,009540
2021-07-08,126000.0,"하락  3,000",129000.0,130000.0,125000.0,573496.0,HD한국조선해양,009540
2021-07-09,124500.0,"하락  1,500",125000.0,126000.0,121500.0,564444.0,HD한국조선해양,009540
2021-07-12,127000.0,"상승  2,500",125500.0,128500.0,125500.0,257881.0,HD한국조선해양,009540
2021-07-13,127500.0,상승  500,127500.0,129500.0,127500.0,195270.0,HD한국조선해양,009540
2021-07-14,127500.0,보합0,127000.0,128000.0,125000.0,218115.0,HD한국조선해양,009540
2021-07-15,127500.0,보합0,129000.0,131000.0,127000.0,254139.0,HD한국조선해양,009540
2021-07-16,126000.0,"하락  1,500",126000.0,127000.0,124000.0,224064.0,HD한국조선해양,009540
2021-07-19,123000.0,"하락  3,000",125000.0,125500.0,122500.0,288599.0,HD한국조선해양,009540
2021-07-20,122500.0,하락  500,120500.0,123000.0,120500.0,264781.0,HD한국조선해양,009540
2021-07-21,128000.0,"상승  5,500",123500.0,129500.0,123000.0,580847.0,HD한국조선해양,009540
2021-07-22,128500.0,상승  500,128000.0,133000.0,127500.0,571328.0,HD한국조선해양,009540
2021-07-23,132000.0,"상승  3,500",129000.0,132000.0,129000.0,348043.0,HD한국조선해양,009540
2021-07-26,131000.0,"하락  1,000",133000.0,134000.0,130500.0,201672.0,HD한국조선해양,009540
2021-07-27,130000.0,"하락  1,000",132500.0,133000.0,129500.0,162922.0,HD한국조선해양,009540
2021-07-28,133000.0,"상승  3,000",130000.0,133500.0,129500.0,325027.0,HD한국조선해양,009540
2021-07-29,135000.0,"상승  2,000",134000.0,135500.0,133000.0,310567.0,HD한국조선해양,009540
2021-07-30,130500.0,"하락  4,500",134000.0,135000.0,129500.0,288294.0,HD한국조선해양,009540
2021-08-02,130000.0,하락  500,130500.0,132000.0,128500.0,178527.0,HD한국조선해양,009540
2021-08-03,129500.0,하락  500,129000.0,130000.0,127000.0,239720.0,HD한국조선해양,009540
2021-08-04,132500.0,"상승  3,000",129000.0,133000.0,127500.0,201751.0,HD한국조선해양,009540
2021-08-05,130000.0,"하락  2,500",131000.0,133000.0,129500.0,213092.0,HD한국조선해양,009540
2021-08-06,130000.0,보합0,129500.0,131000.0,129000.0,150568.0,HD한국조선해양,009540
2021-08-09,125000.0,"하락  5,000",129000.0,129500.0,124000.0,440112.0,HD한국조선해양,009540
2021-08-10,124500.0,하락  500,125500.0,125500.0,122000.0,241783.0,HD한국조선해양,009540
2021-08-11,121000.0,"하락  3,500",124000.0,125500.0,120500.0,516220.0,HD한국조선해양,009540
2021-08-12,120000.0,"하락  1,000",122000.0,122500.0,119000.0,476655.0,HD한국조선해양,009540
2021-08-13,119000.0,"하락  1,000",120500.0,123000.0,118000.0,351432.0,HD한국조선해양,009540
2021-08-17,115500.0,"하락  3,500",119000.0,120500.0,114000.0,366937.0,HD한국조선해양,009540
2021-08-18,116500.0,"상승  1,000",114500.0,118000.0,114000.0,257123.0,HD한국조선해양,009540
2021-08-19,110500.0,"하락  6,000",114500.0,115500.0,110500.0,472104.0,HD한국조선해양,009540
2021-08-20,109500.0,"하락  1,000",111500.0,113500.0,109000.0,424122.0,HD한국조선해양,009540
2021-08-23,115500.0,"상승  6,000",110500.0,116500.0,110000.0,413872.0,HD한국조선해양,009540
2021-08-24,119500.0,"상승  4,000",116500.0,120000.0,116000.0,427675.0,HD한국조선해양,009540
2021-08-25,118500.0,"하락  1,000",121000.0,122500.0,116500.0,435651.0,HD한국조선해양,009540
2021-08-26,117000.0,"하락  1,500",118500.0,119000.0,115500.0,257646.0,HD한국조선해양,009540
2021-08-27,117500.0,상승  500,117000.0,118500.0,116000.0,206654.0,HD한국조선해양,009540
2021-08-30,117500.0,보합0,118500.0,119500.0,116000.0,250312.0,HD한국조선해양,009540
2021-08-31,118500.0,"상승  1,000",117500.0,118500.0,116000.0,321123.0,HD한국조선해양,009540
2021-09-01,114000.0,"하락  4,500",117500.0,118000.0,113000.0,705091.0,HD한국조선해양,009540
2021-09-02,114000.0,보합0,114000.0,115000.0,112500.0,428763.0,HD한국조선해양,009540
2021-09-03,113500.0,하락  500,114000.0,114500.0,112000.0,488582.0,HD한국조선해양,009540
2021-09-06,114000.0,상승  500,114000.0,115500.0,113000.0,326789.0,HD한국조선해양,009540
2021-09-07,116500.0,"상승  2,500",115500.0,117500.0,115000.0,443029.0,HD한국조선해양,009540
2021-09-08,113500.0,"하락  3,000",117000.0,117500.0,113500.0,321280.0,HD한국조선해양,009540
2021-09-09,108500.0,"하락  5,000",113000.0,113500.0,108500.0,571202.0,HD한국조선해양,009540
2021-09-10,114000.0,"상승  5,500",109000.0,114500.0,108500.0,337682.0,HD한국조선해양,009540
2021-09-13,114500.0,상승  500,114000.0,115500.0,112500.0,253520.0,HD한국조선해양,009540
2021-09-14,118500.0,"상승  4,000",115500.0,120000.0,115500.0,499195.0,HD한국조선해양,009540
2021-09-15,117500.0,"하락  1,000",117000.0,119000.0,115500.0,233150.0,HD한국조선해양,009540
2021-09-16,118500.0,"상승  1,000",119000.0,119500.0,116500.0,321544.0,HD한국조선해양,009540
2021-09-17,105500.0,"하락  13,000",118500.0,119000.0,104000.0,1935479.0,HD한국조선해양,009540
2021-09-23,101000.0,"하락  4,500",103500.0,103500.0,99900.0,715464.0,HD한국조선해양,009540
2021-09-24,102000.0,"상승  1,000",102500.0,103000.0,100000.0,396061.0,HD한국조선해양,009540
2021-09-27,102500.0,상승  500,101000.0,103500.0,101000.0,208705.0,HD한국조선해양,009540
2021-09-28,101500.0,"하락  1,000",103000.0,104500.0,101000.0,254971.0,HD한국조선해양,009540
2021-09-29,101500.0,보합0,99800.0,102000.0,99500.0,373727.0,HD한국조선해양,009540
2021-09-30,102000.0,상승  500,102000.0,102500.0,100000.0,270816.0,HD한국조선해양,009540
2021-10-01,97000.0,"하락  5,000",101000.0,101500.0,96700.0,529603.0,HD한국조선해양,009540
2021-10-05,96400.0,하락  600,96000.0,99500.0,95500.0,355429.0,HD한국조선해양,009540
2021-10-06,94300.0,"하락  2,100",96800.0,98000.0,94200.0,303277.0,HD한국조선해양,009540
2021-10-07,97000.0,"상승  2,700",94700.0,97600.0,94700.0,216900.0,HD한국조선해양,009540
2021-10-08,93800.0,"하락  3,200",96100.0,96900.0,93700.0,308328.0,HD한국조선해양,009540
2021-10-12,93600.0,하락  200,94000.0,95800.0,92400.0,301784.0,HD한국조선해양,009540
2021-10-13,95700.0,"상승  2,100",93700.0,96400.0,93700.0,194829.0,HD한국조선해양,009540
2021-10-14,96000.0,상승  300,96800.0,97900.0,95400.0,227060.0,HD한국조선해양,009540
2021-10-15,97300.0,"상승  1,300",96300.0,99300.0,96300.0,245833.0,HD한국조선해양,009540
2021-10-18,95800.0,"하락  1,500",97400.0,97800.0,95000.0,203395.0,HD한국조선해양,009540
2021-10-19,96900.0,"상승  1,100",96900.0,98200.0,96100.0,190502.0,HD한국조선해양,009540
2021-10-20,96400.0,하락  500,97400.0,97600.0,96200.0,151627.0,HD한국조선해양,009540
2021-10-21,97300.0,상승  900,96800.0,99000.0,96700.0,221101.0,HD한국조선해양,009540
2021-10-22,96600.0,하락  700,97000.0,97000.0,95500.0,164499.0,HD한국조선해양,009540
2021-10-25,101500.0,"상승  4,900",97200.0,102500.0,97000.0,452678.0,HD한국조선해양,009540
2021-10-26,104000.0,"상승  2,500",103000.0,104500.0,101000.0,294613.0,HD한국조선해양,009540
2021-10-27,104500.0,상승  500,105000.0,108500.0,103500.0,639080.0,HD한국조선해양,009540
2021-10-28,102000.0,"하락  2,500",104500.0,107000.0,101500.0,418310.0,HD한국조선해양,009540
2021-10-29,103000.0,"상승  1,000",103000.0,106000.0,102000.0,384656.0,HD한국조선해양,009540
2021-11-01,104500.0,"상승  1,500",104000.0,108000.0,103500.0,424178.0,HD한국조선해양,009540
2021-11-02,103500.0,"하락  1,000",106000.0,106000.0,103500.0,283209.0,HD한국조선해양,009540
2021-11-03,102500.0,"하락  1,000",103500.0,105000.0,102000.0,279705.0,HD한국조선해양,009540
2021-11-04,102000.0,하락  500,103500.0,105000.0,100500.0,268096.0,HD한국조선해양,009540
2021-11-05,102500.0,상승  500,102000.0,102500.0,99700.0,191994.0,HD한국조선해양,009540
2021-11-08,102500.0,보합0,103000.0,103500.0,100000.0,179616.0,HD한국조선해양,009540
2021-11-09,101000.0,"하락  1,500",103500.0,106000.0,100500.0,241569.0,HD한국조선해양,009540
2021-11-10,99100.0,"하락  1,900",100500.0,101500.0,99000.0,246424.0,HD한국조선해양,009540
2021-11-11,99000.0,하락  100,98000.0,101000.0,97500.0,221533.0,HD한국조선해양,009540
2021-11-12,101500.0,"상승  2,500",99000.0,103000.0,99000.0,179834.0,HD한국조선해양,009540
2021-11-15,102500.0,"상승  1,000",102000.0,103000.0,101000.0,124268.0,HD한국조선해양,009540
2021-11-16,101000.0,"하락  1,500",102500.0,102500.0,100500.0,122875.0,HD한국조선해양,009540
2021-11-17,98600.0,"하락  2,400",101000.0,102000.0,98500.0,193430.0,HD한국조선해양,009540
2021-11-18,96600.0,"하락  2,000",98600.0,98600.0,96300.0,215728.0,HD한국조선해양,009540
2021-11-19,96800.0,상승  200,96600.0,97900.0,95800.0,183870.0,HD한국조선해양,009540
2021-11-22,98000.0,"상승  1,200",96800.0,98200.0,95400.0,186715.0,HD한국조선해양,009540
2021-11-23,98100.0,상승  100,97200.0,98400.0,97000.0,141646.0,HD한국조선해양,009540
2021-11-24,96200.0,"하락  1,900",98100.0,98900.0,96000.0,180487.0,HD한국조선해양,009540
2021-11-25,96900.0,상승  700,96000.0,97400.0,94500.0,172173.0,HD한국조선해양,009540
2021-11-26,93400.0,"하락  3,500",97000.0,97100.0,93300.0,260727.0,HD한국조선해양,009540
2021-11-29,91000.0,"하락  2,400",90000.0,92700.0,90000.0,278052.0,HD한국조선해양,009540
2021-11-30,87500.0,"하락  3,500",91100.0,92500.0,87000.0,374193.0,HD한국조선해양,009540
2021-12-01,90800.0,"상승  3,300",88000.0,92000.0,87000.0,237592.0,HD한국조선해양,009540
2021-12-02,95400.0,"상승  4,600",89800.0,95900.0,89200.0,254858.0,HD한국조선해양,009540
2021-12-03,94600.0,하락  800,94700.0,96600.0,93400.0,185801.0,HD한국조선해양,009540
2021-12-06,95100.0,상승  500,94800.0,96400.0,93400.0,118500.0,HD한국조선해양,009540
2021-12-07,97600.0,"상승  2,500",95400.0,98000.0,95000.0,220904.0,HD한국조선해양,009540
2021-12-08,97100.0,하락  500,98400.0,99300.0,96700.0,175128.0,HD한국조선해양,009540
2021-12-09,98800.0,"상승  1,700",97600.0,99000.0,97600.0,214829.0,HD한국조선해양,009540
2021-12-10,98900.0,상승  100,98300.0,99500.0,97800.0,89081.0,HD한국조선해양,009540
2021-12-13,98300.0,하락  600,98000.0,100000.0,97200.0,151206.0,HD한국조선해양,009540
2021-12-14,97200.0,"하락  1,100",97900.0,99400.0,96800.0,130955.0,HD한국조선해양,009540
2021-12-15,97800.0,상승  600,96700.0,98700.0,96600.0,98874.0,HD한국조선해양,009540
2021-12-16,97900.0,상승  100,98000.0,99000.0,96900.0,189722.0,HD한국조선해양,009540
2021-12-17,99700.0,"상승  1,800",97300.0,101000.0,96800.0,309673.0,HD한국조선해양,009540
2021-12-20,95100.0,"하락  4,600",99100.0,99200.0,95100.0,249927.0,HD한국조선해양,009540
2021-12-21,95300.0,상승  200,95800.0,96800.0,95000.0,152855.0,HD한국조선해양,009540
2021-12-22,93700.0,"하락  1,600",95300.0,96600.0,93200.0,192715.0,HD한국조선해양,009540
2021-12-23,94200.0,상승  500,94100.0,94600.0,92300.0,158757.0,HD한국조선해양,009540
2021-12-24,93700.0,하락  500,93900.0,95000.0,93600.0,139676.0,HD한국조선해양,009540
2021-12-27,93000.0,하락  700,93700.0,94500.0,93000.0,128152.0,HD한국조선해양,009540
2021-12-28,93500.0,상승  500,93400.0,93500.0,91700.0,232602.0,HD한국조선해양,009540
2021-12-29,95800.0,"상승  2,300",94000.0,97600.0,93700.0,274089.0,HD한국조선해양,009540
2021-12-30,94600.0,"하락  1,200",95300.0,96400.0,94200.0,156652.0,HD한국조선해양,009540
2022-01-03,94000.0,하락  600,94700.0,96400.0,93800.0,155696.0,HD한국조선해양,009540
2022-01-04,98700.0,"상승  4,700",94000.0,98700.0,93100.0,406629.0,HD한국조선해양,009540
2022-01-05,98400.0,하락  300,99200.0,101500.0,97200.0,439827.0,HD한국조선해양,009540
2022-01-06,102000.0,"상승  3,600",98000.0,103000.0,96800.0,544412.0,HD한국조선해양,009540
2022-01-07,100500.0,"하락  1,500",103000.0,103500.0,99200.0,297426.0,HD한국조선해양,009540
2022-01-10,102500.0,"상승  2,000",100000.0,103000.0,99200.0,301734.0,HD한국조선해양,009540
2022-01-11,99900.0,"하락  2,600",103000.0,103000.0,99700.0,199766.0,HD한국조선해양,009540
2022-01-12,100500.0,상승  600,100000.0,101500.0,96900.0,271155.0,HD한국조선해양,009540
2022-01-13,98900.0,"하락  1,600",100000.0,101500.0,98400.0,232951.0,HD한국조선해양,009540
2022-01-14,97300.0,"하락  1,600",99000.0,102500.0,97200.0,408090.0,HD한국조선해양,009540
2022-01-17,93300.0,"하락  4,000",97300.0,97300.0,92800.0,338616.0,HD한국조선해양,009540
2022-01-18,90300.0,"하락  3,000",93700.0,94100.0,90200.0,292924.0,HD한국조선해양,009540
2022-01-19,91300.0,"상승  1,000",89700.0,92300.0,89600.0,245796.0,HD한국조선해양,009540
2022-01-20,90000.0,"하락  1,300",89800.0,91400.0,88000.0,315704.0,HD한국조선해양,009540
2022-01-21,89600.0,하락  400,88200.0,90200.0,88000.0,249075.0,HD한국조선해양,009540
2022-01-24,85600.0,"하락  4,000",89000.0,89600.0,85600.0,314758.0,HD한국조선해양,009540
2022-01-25,83000.0,"하락  2,600",85700.0,86100.0,82600.0,318912.0,HD한국조선해양,009540
2022-01-26,80800.0,"하락  2,200",82100.0,83800.0,80500.0,381995.0,HD한국조선해양,009540
2022-01-27,77800.0,"하락  3,000",80400.0,80800.0,77800.0,352412.0,HD한국조선해양,009540
2022-01-28,79700.0,"상승  1,900",78000.0,80200.0,76900.0,295099.0,HD한국조선해양,009540
2022-02-03,80700.0,"상승  1,000",80400.0,82000.0,79500.0,306933.0,HD한국조선해양,009540
2022-02-04,82200.0,"상승  1,500",80700.0,82400.0,80400.0,159655.0,HD한국조선해양,009540
2022-02-07,82300.0,상승  100,82200.0,83000.0,80600.0,155656.0,HD한국조선해양,009540
2022-02-08,83300.0,"상승  1,000",83000.0,84700.0,82100.0,218404.0,HD한국조선해양,009540
2022-02-09,85400.0,"상승  2,100",83600.0,85800.0,83400.0,143392.0,HD한국조선해양,009540
2022-02-10,84500.0,하락  900,85400.0,85800.0,84100.0,187411.0,HD한국조선해양,009540
2022-02-11,83000.0,"하락  1,500",83500.0,84600.0,82700.0,113235.0,HD한국조선해양,009540
2022-02-14,81400.0,"하락  1,600",81600.0,82600.0,80100.0,155389.0,HD한국조선해양,009540
2022-02-15,81300.0,하락  100,81500.0,82600.0,80400.0,129222.0,HD한국조선해양,009540
2022-02-16,82500.0,"상승  1,200",82100.0,83400.0,82000.0,100950.0,HD한국조선해양,009540
2022-02-17,82700.0,상승  200,83100.0,84000.0,81700.0,155224.0,HD한국조선해양,009540
2022-02-18,84000.0,"상승  1,300",81400.0,84600.0,81400.0,115393.0,HD한국조선해양,009540
2022-02-21,84000.0,보합0,82300.0,84700.0,82200.0,97807.0,HD한국조선해양,009540
2022-02-22,83200.0,하락  800,82700.0,85200.0,82200.0,166290.0,HD한국조선해양,009540
2022-02-23,89000.0,"상승  5,800",85000.0,89500.0,84900.0,450036.0,HD한국조선해양,009540
2022-02-24,86700.0,"하락  2,300",88800.0,88900.0,86300.0,3223358.0,HD한국조선해양,009540
2022-02-25,87400.0,상승  700,88400.0,90200.0,86600.0,313176.0,HD한국조선해양,009540
2022-02-28,88200.0,상승  800,87100.0,88400.0,86500.0,178161.0,HD한국조선해양,009540
2022-03-02,91600.0,"상승  3,400",88700.0,92800.0,88500.0,355924.0,HD한국조선해양,009540
2022-03-03,91500.0,하락  100,93000.0,93100.0,90500.0,240570.0,HD한국조선해양,009540
2022-03-04,93300.0,"상승  1,800",92000.0,94700.0,92000.0,315614.0,HD한국조선해양,009540
2022-03-07,92500.0,하락  800,92200.0,94200.0,91300.0,214987.0,HD한국조선해양,009540
2022-03-08,91100.0,"하락  1,400",91100.0,92100.0,90400.0,213911.0,HD한국조선해양,009540
2022-03-10,91600.0,상승  500,92100.0,92900.0,89700.0,197199.0,HD한국조선해양,009540
2022-03-11,93600.0,"상승  2,000",91700.0,94400.0,91600.0,166336.0,HD한국조선해양,009540
2022-03-14,92900.0,하락  700,93300.0,94100.0,92200.0,135625.0,HD한국조선해양,009540
2022-03-15,89000.0,"하락  3,900",92100.0,94000.0,89000.0,140496.0,HD한국조선해양,009540
2022-03-16,90000.0,"상승  1,000",89800.0,90200.0,89000.0,95951.0,HD한국조선해양,009540
2022-03-17,89500.0,하락  500,91600.0,92200.0,89500.0,170911.0,HD한국조선해양,009540
2022-03-18,89000.0,하락  500,89600.0,90800.0,88100.0,199760.0,HD한국조선해양,009540
2022-03-21,88800.0,하락  200,89100.0,90000.0,88400.0,111922.0,HD한국조선해양,009540
2022-03-22,90800.0,"상승  2,000",89000.0,91100.0,89000.0,121998.0,HD한국조선해양,009540
2022-03-23,91300.0,상승  500,90800.0,91900.0,90000.0,103849.0,HD한국조선해양,009540
2022-03-24,91500.0,상승  200,90600.0,92000.0,89700.0,114220.0,HD한국조선해양,009540
2022-03-25,90500.0,"하락  1,000",91100.0,91800.0,90300.0,84321.0,HD한국조선해양,009540
2022-03-28,90700.0,상승  200,89300.0,91100.0,89300.0,86907.0,HD한국조선해양,009540
2022-03-29,89400.0,"하락  1,300",90100.0,90900.0,89300.0,111536.0,HD한국조선해양,009540
2022-03-30,89200.0,하락  200,90400.0,90400.0,88800.0,126043.0,HD한국조선해양,009540
2022-03-31,88900.0,하락  300,89100.0,90300.0,88500.0,128257.0,HD한국조선해양,009540
2022-04-01,86100.0,"하락  2,800",88300.0,88800.0,86000.0,250253.0,HD한국조선해양,009540
2022-04-04,86500.0,상승  400,85500.0,87100.0,84800.0,131407.0,HD한국조선해양,009540
2022-04-05,87200.0,상승  700,86900.0,87700.0,86300.0,100101.0,HD한국조선해양,009540
2022-04-06,85800.0,"하락  1,400",86200.0,87200.0,85800.0,137841.0,HD한국조선해양,009540
2022-04-07,82300.0,"하락  3,500",85100.0,85300.0,82300.0,251285.0,HD한국조선해양,009540
2022-04-08,82400.0,상승  100,83000.0,83100.0,80900.0,174496.0,HD한국조선해양,009540
2022-04-11,84200.0,"상승  1,800",81200.0,84400.0,81200.0,137795.0,HD한국조선해양,009540
2022-04-12,85700.0,"상승  1,500",83600.0,86200.0,83600.0,205784.0,HD한국조선해양,009540
2022-04-13,91800.0,"상승  6,100",86300.0,91800.0,86100.0,506454.0,HD한국조선해양,009540
2022-04-14,92000.0,상승  200,90900.0,94100.0,90700.0,345826.0,HD한국조선해양,009540
2022-04-15,97700.0,"상승  5,700",91700.0,98000.0,90300.0,604282.0,HD한국조선해양,009540
2022-04-18,93900.0,"하락  3,800",98100.0,98200.0,93200.0,364907.0,HD한국조선해양,009540
2022-04-19,97400.0,"상승  3,500",93900.0,97900.0,93400.0,323960.0,HD한국조선해양,009540
2022-04-20,96700.0,하락  700,98000.0,98000.0,96100.0,281509.0,HD한국조선해양,009540
2022-04-21,95900.0,하락  800,96900.0,96900.0,94100.0,220726.0,HD한국조선해양,009540
2022-04-22,96300.0,상승  400,96100.0,97600.0,95000.0,270412.0,HD한국조선해양,009540
2022-04-25,95000.0,"하락  1,300",95000.0,96200.0,94700.0,180528.0,HD한국조선해양,009540
2022-04-26,93400.0,"하락  1,600",95300.0,95600.0,91600.0,212744.0,HD한국조선해양,009540
2022-04-27,93600.0,상승  200,91000.0,95500.0,91000.0,191263.0,HD한국조선해양,009540
2022-04-28,95100.0,"상승  1,500",93800.0,96400.0,92500.0,181056.0,HD한국조선해양,009540
2022-04-29,91800.0,"하락  3,300",94400.0,94600.0,91700.0,220942.0,HD한국조선해양,009540
2022-05-02,91700.0,하락  100,91100.0,92600.0,91000.0,106617.0,HD한국조선해양,009540
2022-05-03,90200.0,"하락  1,500",91300.0,91900.0,90000.0,123873.0,HD한국조선해양,009540
2022-05-04,88400.0,"하락  1,800",89800.0,91000.0,87600.0,239479.0,HD한국조선해양,009540
2022-05-06,88700.0,상승  300,87800.0,89600.0,87600.0,185402.0,HD한국조선해양,009540
2022-05-09,88500.0,하락  200,88100.0,89400.0,88000.0,137633.0,HD한국조선해양,009540
2022-05-10,86800.0,"하락  1,700",88300.0,88300.0,85100.0,144802.0,HD한국조선해양,009540
2022-05-11,86200.0,하락  600,86100.0,87200.0,85300.0,114842.0,HD한국조선해양,009540
2022-05-12,86800.0,상승  600,85300.0,88900.0,85300.0,173976.0,HD한국조선해양,009540
2022-05-13,91700.0,"상승  4,900",88900.0,91800.0,87800.0,259938.0,HD한국조선해양,009540
2022-05-16,90900.0,하락  800,91100.0,91400.0,89500.0,136985.0,HD한국조선해양,009540
2022-05-17,90800.0,하락  100,90900.0,93700.0,90000.0,159980.0,HD한국조선해양,009540
2022-05-18,88600.0,"하락  2,200",90900.0,91300.0,88100.0,144690.0,HD한국조선해양,009540
2022-05-19,86400.0,"하락  2,200",86400.0,87300.0,85400.0,176457.0,HD한국조선해양,009540
2022-05-20,88100.0,"상승  1,700",87300.0,88700.0,86300.0,112042.0,HD한국조선해양,009540
2022-05-23,88300.0,상승  200,87600.0,88600.0,87000.0,86647.0,HD한국조선해양,009540
2022-05-24,86500.0,"하락  1,800",87300.0,89000.0,86500.0,119868.0,HD한국조선해양,009540
2022-05-25,86600.0,상승  100,87000.0,87500.0,86000.0,107461.0,HD한국조선해양,009540
2022-05-26,88800.0,"상승  2,200",86000.0,89200.0,86000.0,132494.0,HD한국조선해양,009540
2022-05-27,89600.0,상승  800,89600.0,90200.0,88600.0,142191.0,HD한국조선해양,009540
2022-05-30,90000.0,상승  400,89800.0,91300.0,89800.0,97515.0,HD한국조선해양,009540
2022-05-31,91400.0,"상승  1,400",90300.0,92800.0,90300.0,433197.0,HD한국조선해양,009540
2022-06-02,89100.0,"하락  2,300",90300.0,91400.0,89100.0,158663.0,HD한국조선해양,009540
2022-06-03,91000.0,"상승  1,900",89900.0,91400.0,89000.0,106105.0,HD한국조선해양,009540
2022-06-07,92400.0,"상승  1,400",90800.0,93100.0,90800.0,206181.0,HD한국조선해양,009540
2022-06-08,93500.0,"상승  1,100",92700.0,94300.0,91700.0,220072.0,HD한국조선해양,009540
2022-06-09,93300.0,하락  200,93500.0,94300.0,91900.0,206840.0,HD한국조선해양,009540
2022-06-10,92100.0,"하락  1,200",92900.0,94700.0,91900.0,167036.0,HD한국조선해양,009540
2022-06-13,88800.0,"하락  3,300",90700.0,91200.0,88300.0,187034.0,HD한국조선해양,009540
2022-06-14,87500.0,"하락  1,300",87600.0,88300.0,86200.0,165477.0,HD한국조선해양,009540
2022-06-15,86000.0,"하락  1,500",87500.0,88100.0,85300.0,159989.0,HD한국조선해양,009540
2022-06-16,85900.0,하락  100,87200.0,89300.0,85400.0,146298.0,HD한국조선해양,009540
2022-06-17,87900.0,"상승  2,000",84700.0,88500.0,84300.0,160711.0,HD한국조선해양,009540
2022-06-20,88400.0,상승  500,88200.0,88900.0,87300.0,184623.0,HD한국조선해양,009540
2022-06-21,91600.0,"상승  3,200",88400.0,92100.0,88000.0,263602.0,HD한국조선해양,009540
2022-06-22,88800.0,"하락  2,800",91700.0,92400.0,88700.0,257838.0,HD한국조선해양,009540
2022-06-23,87500.0,"하락  1,300",90000.0,91700.0,87200.0,229019.0,HD한국조선해양,009540
2022-06-24,88100.0,상승  600,88100.0,89300.0,86300.0,145126.0,HD한국조선해양,009540
2022-06-27,91200.0,"상승  3,100",88900.0,91700.0,88600.0,184833.0,HD한국조선해양,009540
2022-06-28,91600.0,상승  400,91400.0,92300.0,90200.0,151893.0,HD한국조선해양,009540
2022-06-29,91200.0,하락  400,90900.0,92800.0,90400.0,157068.0,HD한국조선해양,009540
2022-06-30,93900.0,"상승  2,700",91600.0,94900.0,91000.0,347470.0,HD한국조선해양,009540
2022-07-01,92900.0,"하락  1,000",94700.0,94800.0,92000.0,202489.0,HD한국조선해양,009540
2022-07-04,88600.0,"하락  4,300",93700.0,93800.0,88000.0,239292.0,HD한국조선해양,009540
2022-07-05,89800.0,"상승  1,200",88900.0,90400.0,87500.0,134334.0,HD한국조선해양,009540
2022-07-06,82100.0,"하락  7,700",88300.0,89400.0,81900.0,354140.0,HD한국조선해양,009540
2022-07-07,82800.0,상승  700,83500.0,84000.0,80800.0,273811.0,HD한국조선해양,009540
2022-07-08,83300.0,상승  500,83900.0,85300.0,82900.0,238534.0,HD한국조선해양,009540
2022-07-11,81900.0,"하락  1,400",83700.0,84300.0,81500.0,179978.0,HD한국조선해양,009540
2022-07-12,81600.0,하락  300,81600.0,82500.0,80500.0,144253.0,HD한국조선해양,009540
2022-07-13,80400.0,"하락  1,200",81000.0,81700.0,79100.0,164323.0,HD한국조선해양,009540
2022-07-14,80300.0,하락  100,79900.0,80900.0,78100.0,224739.0,HD한국조선해양,009540
2022-07-15,79700.0,하락  600,80300.0,80400.0,78200.0,172600.0,HD한국조선해양,009540
2022-07-18,83000.0,"상승  3,300",79800.0,83300.0,79800.0,206827.0,HD한국조선해양,009540
2022-07-19,81900.0,"하락  1,100",82000.0,83300.0,81600.0,163239.0,HD한국조선해양,009540
2022-07-20,82000.0,상승  100,83200.0,83200.0,81800.0,143041.0,HD한국조선해양,009540
2022-07-21,83200.0,"상승  1,200",81700.0,83400.0,81600.0,118487.0,HD한국조선해양,009540
2022-07-22,82500.0,하락  700,82700.0,83700.0,82000.0,90219.0,HD한국조선해양,009540
2022-07-25,82900.0,상승  400,82500.0,83100.0,81800.0,97341.0,HD한국조선해양,009540
2022-07-26,82900.0,보합0,82300.0,83700.0,82200.0,108534.0,HD한국조선해양,009540
2022-07-27,83100.0,상승  200,82700.0,83400.0,81500.0,162114.0,HD한국조선해양,009540
2022-07-28,83700.0,상승  600,83200.0,84200.0,83000.0,140207.0,HD한국조선해양,009540
2022-07-29,84700.0,"상승  1,000",84100.0,85000.0,83500.0,207128.0,HD한국조선해양,009540
2022-08-01,86400.0,"상승  1,700",84900.0,86700.0,84700.0,247530.0,HD한국조선해양,009540
2022-08-02,87300.0,상승  900,86100.0,88900.0,85500.0,277455.0,HD한국조선해양,009540
2022-08-03,89600.0,"상승  2,300",87300.0,89900.0,87300.0,244195.0,HD한국조선해양,009540
2022-08-04,86700.0,"하락  2,900",89700.0,89800.0,86400.0,206966.0,HD한국조선해양,009540
2022-08-05,87900.0,"상승  1,200",86500.0,88600.0,86400.0,114057.0,HD한국조선해양,009540
2022-08-08,89400.0,"상승  1,500",86600.0,89600.0,86600.0,121554.0,HD한국조선해양,009540
2022-08-09,91000.0,"상승  1,600",89100.0,91100.0,89100.0,183210.0,HD한국조선해양,009540
2022-08-10,92600.0,"상승  1,600",91000.0,93500.0,90900.0,245768.0,HD한국조선해양,009540
2022-08-11,94000.0,"상승  1,400",93700.0,94000.0,92400.0,217524.0,HD한국조선해양,009540
2022-08-12,93600.0,하락  400,93200.0,95600.0,92700.0,148815.0,HD한국조선해양,009540
2022-08-16,92900.0,하락  700,94600.0,94700.0,92500.0,127580.0,HD한국조선해양,009540
2022-08-17,92100.0,하락  800,93000.0,94200.0,91700.0,154071.0,HD한국조선해양,009540
2022-08-18,92100.0,보합0,91100.0,92900.0,90100.0,115191.0,HD한국조선해양,009540
2022-08-19,92000.0,하락  100,92100.0,94000.0,91300.0,130552.0,HD한국조선해양,009540
2022-08-22,91000.0,"하락  1,000",91700.0,91900.0,90200.0,100599.0,HD한국조선해양,009540
2022-08-23,94600.0,"상승  3,600",90500.0,94600.0,90400.0,361228.0,HD한국조선해양,009540
2022-08-24,98800.0,"상승  4,200",94800.0,99000.0,94300.0,583030.0,HD한국조선해양,009540
2022-08-25,99100.0,상승  300,99700.0,101000.0,97200.0,459683.0,HD한국조선해양,009540
2022-08-26,98800.0,하락  300,98600.0,101500.0,98200.0,280272.0,HD한국조선해양,009540
2022-08-29,97100.0,"하락  1,700",95200.0,98800.0,95100.0,253905.0,HD한국조선해양,009540
2022-08-30,96900.0,하락  200,97700.0,99200.0,96400.0,219930.0,HD한국조선해양,009540
2022-08-31,97200.0,상승  300,96700.0,97800.0,94000.0,273653.0,HD한국조선해양,009540
2022-09-01,93000.0,"하락  4,200",95800.0,97100.0,93000.0,274018.0,HD한국조선해양,009540
2022-09-02,91100.0,"하락  1,900",93200.0,93600.0,91100.0,202318.0,HD한국조선해양,009540
2022-09-05,91700.0,상승  600,91100.0,92800.0,91000.0,144647.0,HD한국조선해양,009540
2022-09-06,92100.0,상승  400,91800.0,93600.0,91100.0,113961.0,HD한국조선해양,009540
2022-09-07,88300.0,"하락  3,800",91400.0,91400.0,87200.0,281131.0,HD한국조선해양,009540
2022-09-08,88100.0,하락  200,88900.0,89800.0,87000.0,249805.0,HD한국조선해양,009540
2022-09-13,88300.0,상승  200,89000.0,89300.0,87000.0,214900.0,HD한국조선해양,009540
2022-09-14,86400.0,"하락  1,900",85900.0,87100.0,85400.0,186215.0,HD한국조선해양,009540
2022-09-15,86400.0,보합0,87100.0,87800.0,86000.0,174271.0,HD한국조선해양,009540
2022-09-16,84200.0,"하락  2,200",85600.0,86500.0,84000.0,249116.0,HD한국조선해양,009540
2022-09-19,82100.0,"하락  2,100",84200.0,84800.0,81600.0,303236.0,HD한국조선해양,009540
2022-09-20,83700.0,"상승  1,600",83100.0,84000.0,82500.0,178036.0,HD한국조선해양,009540
2022-09-21,84600.0,상승  900,83700.0,87000.0,83000.0,224801.0,HD한국조선해양,009540
2022-09-22,85300.0,상승  700,83900.0,85500.0,82600.0,215900.0,HD한국조선해양,009540
2022-09-23,84100.0,"하락  1,200",85500.0,86600.0,83700.0,164451.0,HD한국조선해양,009540
2022-09-26,79800.0,"하락  4,300",82600.0,83100.0,79500.0,351282.0,HD한국조선해양,009540
2022-09-27,78800.0,"하락  1,000",80500.0,80600.0,77800.0,258003.0,HD한국조선해양,009540
2022-09-28,76000.0,"하락  2,800",78300.0,80100.0,75400.0,318241.0,HD한국조선해양,009540
2022-09-29,74300.0,"하락  1,700",77200.0,77600.0,74100.0,281414.0,HD한국조선해양,009540
2022-09-30,72900.0,"하락  1,400",73500.0,74800.0,72500.0,216344.0,HD한국조선해양,009540
2022-10-04,76200.0,"상승  3,300",73600.0,76600.0,73300.0,187434.0,HD한국조선해양,009540
2022-10-05,74900.0,"하락  1,300",77200.0,77400.0,74100.0,211366.0,HD한국조선해양,009540
2022-10-06,79600.0,"상승  4,700",76900.0,80300.0,76100.0,231358.0,HD한국조선해양,009540
2022-10-07,80100.0,상승  500,78500.0,81000.0,77800.0,257900.0,HD한국조선해양,009540
2022-10-11,76600.0,"하락  3,500",78000.0,78900.0,75900.0,178527.0,HD한국조선해양,009540
2022-10-12,77300.0,상승  700,76600.0,77500.0,75200.0,129395.0,HD한국조선해양,009540
2022-10-13,74000.0,"하락  3,300",77200.0,77300.0,74000.0,222529.0,HD한국조선해양,009540
2022-10-14,75400.0,"상승  1,400",75700.0,76900.0,75200.0,147318.0,HD한국조선해양,009540
2022-10-17,74800.0,하락  600,74400.0,75600.0,72700.0,143949.0,HD한국조선해양,009540
2022-10-18,74100.0,하락  700,76300.0,76900.0,72900.0,180006.0,HD한국조선해양,009540
2022-10-19,73000.0,"하락  1,100",74500.0,75200.0,73000.0,147610.0,HD한국조선해양,009540
2022-10-20,72900.0,하락  100,73000.0,74400.0,71800.0,215751.0,HD한국조선해양,009540
2022-10-21,71500.0,"하락  1,400",72800.0,73000.0,70300.0,209294.0,HD한국조선해양,009540
2022-10-24,71600.0,상승  100,72400.0,73300.0,71000.0,141354.0,HD한국조선해양,009540
2022-10-25,69700.0,"하락  1,900",70500.0,71200.0,69200.0,234576.0,HD한국조선해양,009540
2022-10-26,69300.0,하락  400,69500.0,70300.0,68600.0,181680.0,HD한국조선해양,009540
2022-10-27,71600.0,"상승  2,300",69700.0,71800.0,69000.0,258980.0,HD한국조선해양,009540
2022-10-28,73200.0,"상승  1,600",71400.0,74100.0,71100.0,223945.0,HD한국조선해양,009540
2022-10-31,72700.0,하락  500,73700.0,73800.0,72300.0,111677.0,HD한국조선해양,009540
2022-11-01,74400.0,"상승  1,700",72400.0,74600.0,72200.0,164018.0,HD한국조선해양,009540
2022-11-02,75000.0,상승  600,74300.0,75500.0,73700.0,140035.0,HD한국조선해양,009540
2022-11-03,74700.0,하락  300,73700.0,75300.0,73100.0,138579.0,HD한국조선해양,009540
2022-11-04,76000.0,"상승  1,300",74100.0,77000.0,74100.0,155874.0,HD한국조선해양,009540
2022-11-07,75600.0,하락  400,76000.0,77000.0,75200.0,137259.0,HD한국조선해양,009540
2022-11-08,77200.0,"상승  1,600",76400.0,77900.0,75800.0,129491.0,HD한국조선해양,009540
2022-11-09,77100.0,하락  100,77000.0,78100.0,76600.0,136227.0,HD한국조선해양,009540
2022-11-10,75900.0,"하락  1,200",76600.0,78100.0,75500.0,197444.0,HD한국조선해양,009540
2022-11-11,78300.0,"상승  2,400",78000.0,78600.0,77200.0,172973.0,HD한국조선해양,009540
2022-11-14,76900.0,"하락  1,400",78400.0,78800.0,76700.0,174359.0,HD한국조선해양,009540
2022-11-15,77400.0,상승  500,76900.0,77700.0,76200.0,134934.0,HD한국조선해양,009540
2022-11-16,79700.0,"상승  2,300",78000.0,79900.0,77200.0,166372.0,HD한국조선해양,009540
2022-11-17,77600.0,"하락  2,100",79700.0,79900.0,77600.0,102351.0,HD한국조선해양,009540
2022-11-18,78100.0,상승  500,77500.0,79000.0,77200.0,110664.0,HD한국조선해양,009540
2022-11-21,76900.0,"하락  1,200",77800.0,78500.0,75900.0,101737.0,HD한국조선해양,009540
2022-11-22,78300.0,"상승  1,400",76900.0,78800.0,76700.0,106980.0,HD한국조선해양,009540
2022-11-23,78200.0,하락  100,78300.0,78500.0,77300.0,97743.0,HD한국조선해양,009540
2022-11-24,77600.0,하락  600,78200.0,78600.0,77200.0,82880.0,HD한국조선해양,009540
2022-11-25,78200.0,상승  600,78000.0,78500.0,77300.0,71265.0,HD한국조선해양,009540
2022-11-28,76000.0,"하락  2,200",77500.0,78000.0,75100.0,140435.0,HD한국조선해양,009540
2022-11-29,76700.0,상승  700,76600.0,76900.0,75500.0,128726.0,HD한국조선해양,009540
2022-11-30,78300.0,"상승  1,600",76100.0,78300.0,75900.0,193944.0,HD한국조선해양,009540
2022-12-01,77100.0,"하락  1,200",78800.0,79000.0,76900.0,140665.0,HD한국조선해양,009540
2022-12-02,74000.0,"하락  3,100",77200.0,77200.0,74000.0,202320.0,HD한국조선해양,009540
2022-12-05,73800.0,하락  200,74100.0,74800.0,73300.0,116713.0,HD한국조선해양,009540
2022-12-06,74500.0,상승  700,73400.0,75600.0,73400.0,144376.0,HD한국조선해양,009540
2022-12-07,73800.0,하락  700,74500.0,74900.0,73500.0,119498.0,HD한국조선해양,009540
2022-12-08,72800.0,"하락  1,000",74300.0,74300.0,71600.0,230575.0,HD한국조선해양,009540
2022-12-09,73600.0,상승  800,73000.0,73600.0,72300.0,139532.0,HD한국조선해양,009540
2022-12-12,73600.0,보합0,73600.0,74400.0,73000.0,87834.0,HD한국조선해양,009540
2022-12-13,74500.0,상승  900,73700.0,75200.0,73700.0,117854.0,HD한국조선해양,009540
2022-12-14,74500.0,보합0,75200.0,75400.0,74100.0,113934.0,HD한국조선해양,009540
2022-12-15,73000.0,"하락  1,500",74600.0,75500.0,72900.0,161169.0,HD한국조선해양,009540
2022-12-16,72800.0,하락  200,72500.0,74000.0,72000.0,163845.0,HD한국조선해양,009540
2022-12-19,72000.0,하락  800,72400.0,72700.0,71600.0,88394.0,HD한국조선해양,009540
2022-12-20,71500.0,하락  500,72100.0,72500.0,71200.0,102741.0,HD한국조선해양,009540
2022-12-21,72400.0,상승  900,72100.0,73100.0,71500.0,113018.0,HD한국조선해양,009540
2022-12-22,74000.0,"상승  1,600",72900.0,74000.0,72800.0,138296.0,HD한국조선해양,009540
2022-12-23,72100.0,"하락  1,900",73300.0,73500.0,72100.0,122480.0,HD한국조선해양,009540
2022-12-26,72000.0,하락  100,72100.0,72500.0,71300.0,81728.0,HD한국조선해양,009540
2022-12-27,73500.0,"상승  1,500",72500.0,73700.0,71700.0,134138.0,HD한국조선해양,009540
2022-12-28,73200.0,하락  300,72500.0,74000.0,72300.0,112863.0,HD한국조선해양,009540
2022-12-29,70700.0,"하락  2,500",72300.0,73400.0,70700.0,144487.0,HD한국조선해양,009540
2023-01-02,71000.0,상승  300,71600.0,73400.0,70400.0,105162.0,HD한국조선해양,009540
2023-01-03,69500.0,"하락  1,500",71000.0,71500.0,68100.0,219996.0,HD한국조선해양,009540
2023-01-04,74400.0,"상승  4,900",71800.0,76900.0,71600.0,763996.0,HD한국조선해양,009540
2023-01-05,73400.0,"하락  1,000",74400.0,75800.0,72700.0,230704.0,HD한국조선해양,009540
2023-01-06,74000.0,상승  600,73000.0,74700.0,72400.0,164271.0,HD한국조선해양,009540
2023-01-09,76000.0,"상승  2,000",74900.0,76000.0,74200.0,196031.0,HD한국조선해양,009540
2023-01-10,74900.0,"하락  1,100",75900.0,76400.0,74500.0,175582.0,HD한국조선해양,009540
2023-01-11,75400.0,상승  500,75400.0,75700.0,74600.0,123423.0,HD한국조선해양,009540
2023-01-12,76000.0,상승  600,75700.0,76700.0,75400.0,198485.0,HD한국조선해양,009540
2023-01-13,77200.0,"상승  1,200",76500.0,77600.0,76200.0,180592.0,HD한국조선해양,009540
2023-01-16,76500.0,하락  700,77200.0,77300.0,75800.0,114691.0,HD한국조선해양,009540
2023-01-17,76100.0,하락  400,76500.0,77200.0,75300.0,160066.0,HD한국조선해양,009540
2023-01-18,75300.0,하락  800,76300.0,76300.0,74400.0,150171.0,HD한국조선해양,009540
2023-01-19,75200.0,하락  100,74500.0,75500.0,74100.0,110053.0,HD한국조선해양,009540
2023-01-20,76300.0,"상승  1,100",75300.0,76500.0,74700.0,124152.0,HD한국조선해양,009540
2023-01-25,76200.0,하락  100,77200.0,77300.0,75900.0,83928.0,HD한국조선해양,009540
2023-01-26,76900.0,상승  700,76000.0,77000.0,75300.0,123154.0,HD한국조선해양,009540
2023-01-27,78800.0,"상승  1,900",77100.0,79800.0,76700.0,281855.0,HD한국조선해양,009540
2023-01-30,77100.0,"하락  1,700",78900.0,79200.0,76800.0,242260.0,HD한국조선해양,009540
2023-01-31,79600.0,"상승  2,500",77000.0,80500.0,76300.0,394492.0,HD한국조선해양,009540
2023-02-01,80200.0,상승  600,79700.0,80700.0,78600.0,262515.0,HD한국조선해양,009540
2023-02-02,79400.0,하락  800,80900.0,81200.0,79200.0,216563.0,HD한국조선해양,009540
2023-02-03,83000.0,"상승  3,600",79600.0,83400.0,79400.0,365140.0,HD한국조선해양,009540
2023-02-06,81500.0,"하락  1,500",83000.0,83000.0,80600.0,335292.0,HD한국조선해양,009540
2023-02-07,79900.0,"하락  1,600",82000.0,82500.0,79700.0,240472.0,HD한국조선해양,009540
2023-02-08,79600.0,하락  300,80500.0,81200.0,79000.0,214148.0,HD한국조선해양,009540
2023-02-09,80800.0,"상승  1,200",79300.0,81100.0,79300.0,241733.0,HD한국조선해양,009540
2023-02-10,82200.0,"상승  1,400",80100.0,83100.0,79100.0,286333.0,HD한국조선해양,009540
2023-02-13,84200.0,"상승  2,000",82300.0,84500.0,81400.0,309583.0,HD한국조선해양,009540
2023-02-14,84000.0,하락  200,84700.0,84800.0,83500.0,176792.0,HD한국조선해양,009540
2023-02-15,84800.0,상승  800,84900.0,86500.0,84500.0,425106.0,HD한국조선해양,009540
2023-02-16,85400.0,상승  600,85100.0,85600.0,84100.0,198234.0,HD한국조선해양,009540
2023-02-17,85100.0,하락  300,84100.0,85800.0,84000.0,174017.0,HD한국조선해양,009540
2023-02-20,83400.0,"하락  1,700",85000.0,85100.0,82500.0,174177.0,HD한국조선해양,009540
2023-02-21,84800.0,"상승  1,400",83600.0,85400.0,82900.0,199230.0,HD한국조선해양,009540
2023-02-22,85500.0,상승  700,83500.0,85900.0,83500.0,321535.0,HD한국조선해양,009540
2023-02-23,85300.0,하락  200,85700.0,86000.0,84000.0,245730.0,HD한국조선해양,009540
2023-02-24,85400.0,상승  100,84500.0,86300.0,84500.0,163141.0,HD한국조선해양,009540
2023-02-27,83100.0,"하락  2,300",84300.0,84400.0,82300.0,172018.0,HD한국조선해양,009540
2023-02-28,81300.0,"하락  1,800",83500.0,83900.0,81200.0,223726.0,HD한국조선해양,009540
2023-03-02,83200.0,"상승  1,900",81300.0,84200.0,81000.0,249194.0,HD한국조선해양,009540
2023-03-03,80700.0,"하락  2,500",83200.0,83500.0,80400.0,237139.0,HD한국조선해양,009540
2023-03-06,80500.0,하락  200,81000.0,81700.0,79800.0,298141.0,HD한국조선해양,009540
2023-03-07,79700.0,하락  800,80700.0,81800.0,79600.0,203123.0,HD한국조선해양,009540
2023-03-08,77900.0,"하락  1,800",78900.0,79800.0,77700.0,1501112.0,HD한국조선해양,009540
2023-03-09,76800.0,"하락  1,100",78700.0,79300.0,76700.0,337371.0,HD한국조선해양,009540
2023-03-10,74800.0,"하락  2,000",76000.0,76200.0,74400.0,250497.0,HD한국조선해양,009540
2023-03-13,75200.0,상승  400,74500.0,75500.0,72600.0,210088.0,HD한국조선해양,009540
2023-03-14,72800.0,"하락  2,400",74600.0,75000.0,72800.0,196682.0,HD한국조선해양,009540
2023-03-15,73700.0,상승  900,73700.0,75200.0,73100.0,167581.0,HD한국조선해양,009540
2023-03-16,72300.0,"하락  1,400",72900.0,73700.0,71700.0,748878.0,HD한국조선해양,009540
2023-03-17,72800.0,상승  500,73000.0,73700.0,72100.0,217289.0,HD한국조선해양,009540
2023-03-20,73100.0,상승  300,73000.0,75400.0,72600.0,203070.0,HD한국조선해양,009540
2023-03-21,74500.0,"상승  1,400",73800.0,74900.0,73400.0,178307.0,HD한국조선해양,009540
2023-03-22,74000.0,하락  500,75600.0,75900.0,73800.0,201235.0,HD한국조선해양,009540
2023-03-23,73500.0,하락  500,73800.0,74000.0,72900.0,211189.0,HD한국조선해양,009540
2023-03-24,73100.0,하락  400,73200.0,74100.0,72500.0,223198.0,HD한국조선해양,009540
2023-03-27,73300.0,상승  200,73600.0,74100.0,72800.0,184105.0,HD한국조선해양,009540
2023-03-28,76000.0,"상승  2,700",73300.0,76900.0,73300.0,357499.0,HD한국조선해양,009540
2023-03-29,76000.0,보합0,76100.0,77300.0,75500.0,190589.0,HD한국조선해양,009540
2023-03-30,76800.0,상승  800,76100.0,77500.0,75300.0,169521.0,HD한국조선해양,009540
2023-03-31,77500.0,상승  700,76600.0,78800.0,76600.0,199232.0,HD한국조선해양,009540
2023-04-03,78900.0,"상승  1,400",78000.0,79500.0,78000.0,238025.0,HD한국조선해양,009540
2023-04-04,80400.0,"상승  1,500",79000.0,80600.0,78900.0,239455.0,HD한국조선해양,009540
2023-04-05,78700.0,"하락  1,700",80400.0,81100.0,78600.0,214285.0,HD한국조선해양,009540
2023-04-06,77500.0,"하락  1,200",78400.0,79400.0,77400.0,301785.0,HD한국조선해양,009540
2023-04-07,77200.0,하락  300,77500.0,78300.0,77000.0,146418.0,HD한국조선해양,009540
2023-04-10,76500.0,하락  700,76600.0,77300.0,75500.0,213778.0,HD한국조선해양,009540
2023-04-11,76600.0,상승  100,76500.0,77400.0,75800.0,238289.0,HD한국조선해양,009540
2023-04-12,78900.0,"상승  2,300",77000.0,79200.0,76700.0,215961.0,HD한국조선해양,009540
2023-04-13,80500.0,"상승  1,600",78900.0,80700.0,78000.0,243014.0,HD한국조선해양,009540
2023-04-14,83300.0,"상승  2,800",80700.0,84300.0,80200.0,325869.0,HD한국조선해양,009540
2023-04-17,83800.0,상승  500,83100.0,84800.0,83100.0,266514.0,HD한국조선해양,009540
2023-04-18,84100.0,상승  300,83500.0,84900.0,82700.0,259532.0,HD한국조선해양,009540
2023-04-19,85300.0,"상승  1,200",83600.0,86900.0,83600.0,332103.0,HD한국조선해양,009540
2023-04-20,86000.0,상승  700,85300.0,86900.0,84400.0,221706.0,HD한국조선해양,009540
2023-04-21,85600.0,하락  400,85300.0,86100.0,83900.0,229240.0,HD한국조선해양,009540
2023-04-24,86700.0,"상승  1,100",87000.0,88700.0,86300.0,316908.0,HD한국조선해양,009540
2023-04-25,85800.0,하락  900,87000.0,88100.0,85000.0,243247.0,HD한국조선해양,009540
2023-04-26,86500.0,상승  700,85300.0,87800.0,84900.0,212197.0,HD한국조선해양,009540
2023-04-27,84100.0,"하락  2,400",86400.0,86400.0,83200.0,296115.0,HD한국조선해양,009540
2023-04-28,84800.0,상승  700,84300.0,86200.0,83100.0,248846.0,HD한국조선해양,009540
2023-05-02,83800.0,"하락  1,000",84600.0,85000.0,82600.0,206006.0,HD한국조선해양,009540
2023-05-03,83800.0,보합0,83900.0,86400.0,83500.0,184639.0,HD한국조선해양,009540
2023-05-04,82600.0,"하락  1,200",83200.0,84600.0,81900.0,158741.0,HD한국조선해양,009540
2023-05-08,84100.0,"상승  1,500",82900.0,85100.0,82300.0,174436.0,HD한국조선해양,009540
2023-05-09,88400.0,"상승  4,300",84100.0,89400.0,83700.0,468774.0,HD한국조선해양,009540
2023-05-10,87200.0,"하락  1,200",88500.0,89100.0,86500.0,172840.0,HD한국조선해양,009540
2023-05-11,88100.0,상승  900,88200.0,89200.0,87300.0,236745.0,HD한국조선해양,009540
2023-05-12,85900.0,"하락  2,200",87800.0,87900.0,85900.0,149526.0,HD한국조선해양,009540
2023-05-15,87800.0,"상승  1,900",85500.0,89800.0,85400.0,223076.0,HD한국조선해양,009540
2023-05-16,87000.0,하락  800,87700.0,88400.0,86500.0,128068.0,HD한국조선해양,009540
2023-05-17,86900.0,하락  100,86300.0,87900.0,86300.0,98419.0,HD한국조선해양,009540
2023-05-18,90000.0,"상승  3,100",86600.0,90000.0,86600.0,320654.0,HD한국조선해양,009540
2023-05-19,90500.0,상승  500,90000.0,91100.0,89500.0,260396.0,HD한국조선해양,009540
2023-05-22,96300.0,"상승  5,800",91200.0,96300.0,91000.0,524337.0,HD한국조선해양,009540
2023-05-23,96400.0,상승  100,96500.0,97100.0,95600.0,308545.0,HD한국조선해양,009540
2023-05-24,98600.0,"상승  2,200",96100.0,99900.0,95500.0,395710.0,HD한국조선해양,009540
2023-05-25,97400.0,"하락  1,200",98200.0,99900.0,96200.0,251158.0,HD한국조선해양,009540
2023-05-26,96800.0,하락  600,97000.0,97800.0,95800.0,208905.0,HD한국조선해양,009540
2023-05-30,96900.0,상승  100,97900.0,99500.0,96100.0,245512.0,HD한국조선해양,009540
2023-05-31,96200.0,하락  700,97000.0,98300.0,96200.0,253690.0,HD한국조선해양,009540
2023-06-01,97000.0,상승  800,97100.0,98600.0,96300.0,192210.0,HD한국조선해양,009540
2023-06-02,98800.0,"상승  1,800",97100.0,98900.0,97100.0,213743.0,HD한국조선해양,009540
2023-06-05,103800.0,"상승  5,000",99200.0,103800.0,99200.0,510730.0,HD한국조선해양,009540
2023-06-07,104400.0,상승  600,104800.0,104900.0,102500.0,287920.0,HD한국조선해양,009540
2023-06-08,105000.0,상승  600,104500.0,105700.0,103200.0,365017.0,HD한국조선해양,009540
2023-06-09,103700.0,"하락  1,300",105000.0,105100.0,102300.0,226005.0,HD한국조선해양,009540
2023-06-12,105600.0,"상승  1,900",104400.0,106200.0,103000.0,241163.0,HD한국조선해양,009540
2023-06-13,104500.0,"하락  1,100",105500.0,105700.0,104100.0,166291.0,HD한국조선해양,009540
2023-06-14,106100.0,"상승  1,600",104500.0,107500.0,104200.0,240440.0,HD한국조선해양,009540
2023-06-15,108700.0,"상승  2,600",107000.0,109100.0,106500.0,348178.0,HD한국조선해양,009540
2023-06-16,114000.0,"상승  5,300",109700.0,114500.0,109000.0,612719.0,HD한국조선해양,009540
2023-06-19,115000.0,"상승  1,000",114100.0,117100.0,114100.0,447683.0,HD한국조선해양,009540
2023-06-20,117300.0,"상승  2,300",115800.0,118900.0,115300.0,491340.0,HD한국조선해양,009540
2023-06-21,120600.0,"상승  3,300",118700.0,121900.0,117800.0,776445.0,HD한국조선해양,009540
2023-06-22,117500.0,"하락  3,100",120700.0,120800.0,115700.0,542722.0,HD한국조선해양,009540
2023-06-23,115900.0,"하락  1,600",116600.0,118300.0,114600.0,299427.0,HD한국조선해양,009540
2023-06-26,116900.0,"상승  1,000",115900.0,118600.0,115400.0,222990.0,HD한국조선해양,009540
2023-06-27,120100.0,"상승  3,200",117000.0,120700.0,116600.0,345592.0,HD한국조선해양,009540
2023-06-28,115300.0,"하락  4,800",120300.0,120400.0,114800.0,389332.0,HD한국조선해양,009540
2023-06-29,114500.0,하락  800,115000.0,116400.0,113800.0,332545.0,HD한국조선해양,009540
2023-06-30,116500.0,"상승  2,000",114500.0,117700.0,111700.0,316229.0,HD한국조선해양,009540
2023-07-03,116100.0,하락  400,118000.0,118000.0,114000.0,296120.0,HD한국조선해양,009540
2023-07-04,118900.0,"상승  2,800",116200.0,119800.0,115300.0,323915.0,HD한국조선해양,009540
2023-07-05,121500.0,"상승  2,600",119000.0,124400.0,118000.0,490806.0,HD한국조선해양,009540
2023-07-06,120300.0,"하락  1,200",121800.0,122200.0,119500.0,259776.0,HD한국조선해양,009540
2023-07-07,120400.0,상승  100,119800.0,122500.0,118200.0,273217.0,HD한국조선해양,009540
2023-07-10,121700.0,"상승  1,300",120300.0,123900.0,119400.0,326325.0,HD한국조선해양,009540
2023-07-11,124000.0,"상승  2,300",122500.0,124000.0,121300.0,361133.0,HD한국조선해양,009540
2023-07-12,128000.0,"상승  4,000",124500.0,128500.0,124500.0,566480.0,HD한국조선해양,009540
2023-07-13,129000.0,"상승  1,000",127900.0,129200.0,125700.0,339359.0,HD한국조선해양,009540
2023-07-14,129400.0,상승  400,128500.0,129400.0,127000.0,300360.0,HD한국조선해양,009540
2023-07-17,128000.0,"하락  1,400",128200.0,130000.0,126300.0,386865.0,HD한국조선해양,009540
2023-07-18,124800.0,"하락  3,200",126800.0,127300.0,123700.0,423812.0,HD한국조선해양,009540
2023-07-19,126500.0,"상승  1,700",124700.0,128000.0,124200.0,266923.0,HD한국조선해양,009540
2023-07-20,125200.0,"하락  1,300",127000.0,128000.0,124200.0,328954.0,HD한국조선해양,009540
2023-07-21,125500.0,상승  300,125200.0,126600.0,123500.0,297536.0,HD한국조선해양,009540
2023-07-24,126400.0,상승  900,125500.0,127500.0,124100.0,367792.0,HD한국조선해양,009540
2023-07-25,127200.0,상승  800,126400.0,128500.0,125900.0,300996.0,HD한국조선해양,009540
2023-07-26,125900.0,"하락  1,300",128000.0,128000.0,124000.0,514899.0,HD한국조선해양,009540
2023-07-27,118500.0,"하락  7,400",126800.0,129200.0,117400.0,844642.0,HD한국조선해양,009540
2023-07-28,123700.0,"상승  5,200",118600.0,125000.0,117400.0,462187.0,HD한국조선해양,009540
2023-07-31,123300.0,하락  400,124400.0,125500.0,121900.0,379044.0,HD한국조선해양,009540
2023-08-01,124500.0,"상승  1,200",124000.0,125200.0,121700.0,289909.0,HD한국조선해양,009540
2023-08-02,122300.0,"하락  2,200",123000.0,125200.0,121600.0,276933.0,HD한국조선해양,009540
2023-08-03,120000.0,"하락  2,300",121900.0,121900.0,117800.0,343483.0,HD한국조선해양,009540
2023-08-04,121500.0,"상승  1,500",120500.0,123400.0,119400.0,217963.0,HD한국조선해양,009540
2023-08-07,120600.0,하락  900,120100.0,122300.0,119100.0,184248.0,HD한국조선해양,009540
2023-08-08,122900.0,"상승  2,300",121100.0,123900.0,120900.0,219655.0,HD한국조선해양,009540
2023-08-09,122300.0,하락  600,123300.0,123500.0,121300.0,161165.0,HD한국조선해양,009540
2023-08-10,119400.0,"하락  2,900",121100.0,122900.0,118200.0,272214.0,HD한국조선해양,009540
2023-08-11,118600.0,하락  800,118400.0,119900.0,117100.0,186084.0,HD한국조선해양,009540
2023-08-14,116500.0,"하락  2,100",118600.0,118900.0,114700.0,346992.0,HD한국조선해양,009540
2023-08-16,114000.0,"하락  2,500",114800.0,116500.0,113700.0,218272.0,HD한국조선해양,009540
2023-08-17,112700.0,"하락  1,300",112000.0,113400.0,110200.0,321293.0,HD한국조선해양,009540
2023-08-18,114000.0,"상승  1,300",111600.0,114900.0,110700.0,283664.0,HD한국조선해양,009540
2023-08-21,113000.0,"하락  1,000",114000.0,115300.0,112700.0,143644.0,HD한국조선해양,009540
2023-08-22,113000.0,보합0,113400.0,113700.0,112300.0,162385.0,HD한국조선해양,009540
2023-08-23,113300.0,상승  300,112100.0,114600.0,112100.0,127061.0,HD한국조선해양,009540
2023-08-24,113300.0,보합0,113300.0,113600.0,111400.0,122565.0,HD한국조선해양,009540
2023-08-25,111800.0,"하락  1,500",112200.0,113000.0,111300.0,127186.0,HD한국조선해양,009540
2023-08-28,120400.0,"상승  8,600",113100.0,120400.0,113100.0,271082.0,HD한국조선해양,009540
2023-08-29,123400.0,"상승  3,000",122000.0,124500.0,120800.0,299356.0,HD한국조선해양,009540
2023-08-30,123000.0,하락  400,123900.0,124300.0,122200.0,167015.0,HD한국조선해양,009540
2023-08-31,123700.0,상승  700,123000.0,124000.0,122300.0,251533.0,HD한국조선해양,009540
2023-09-01,120800.0,"하락  2,900",123000.0,124500.0,120600.0,225595.0,HD한국조선해양,009540
2023-09-04,122000.0,"상승  1,200",120100.0,123200.0,120000.0,157295.0,HD한국조선해양,009540
2023-09-05,120100.0,"하락  1,900",121400.0,122800.0,119400.0,104966.0,HD한국조선해양,009540
2023-09-06,119700.0,하락  400,120100.0,122400.0,119300.0,139256.0,HD한국조선해양,009540
2023-09-07,119000.0,하락  700,118900.0,119500.0,118100.0,121446.0,HD한국조선해양,009540
2023-09-08,118800.0,하락  200,120000.0,120000.0,117900.0,113539.0,HD한국조선해양,009540
2023-09-11,120800.0,"상승  2,000",118800.0,121500.0,117600.0,138520.0,HD한국조선해양,009540
2023-09-12,119300.0,"하락  1,500",121100.0,121200.0,118700.0,100577.0,HD한국조선해양,009540
2023-09-13,119300.0,보합0,119300.0,120400.0,118500.0,85224.0,HD한국조선해양,009540
2023-09-14,120000.0,상승  700,120000.0,120200.0,117600.0,173492.0,HD한국조선해양,009540
2023-09-15,122400.0,"상승  2,400",120000.0,123200.0,119300.0,224664.0,HD한국조선해양,009540
2023-09-18,121000.0,"하락  1,400",122300.0,123300.0,120700.0,119063.0,HD한국조선해양,009540
2023-09-19,120600.0,하락  400,120500.0,124000.0,120100.0,133641.0,HD한국조선해양,009540
2023-09-20,120000.0,하락  600,120600.0,120800.0,118800.0,95887.0,HD한국조선해양,009540
2023-09-21,118000.0,"하락  2,000",119000.0,119800.0,117400.0,128954.0,HD한국조선해양,009540
2023-09-22,115800.0,"하락  2,200",115900.0,117300.0,114200.0,141232.0,HD한국조선해양,009540
2023-09-25,116300.0,상승  500,115800.0,117500.0,114900.0,251911.0,HD한국조선해양,009540
2023-09-26,114500.0,"하락  1,800",116000.0,117400.0,114200.0,183962.0,HD한국조선해양,009540
2023-09-27,111000.0,"하락  3,500",114000.0,115500.0,110800.0,273590.0,HD한국조선해양,009540
2023-10-04,104800.0,"하락  6,200",112000.0,112000.0,104500.0,390191.0,HD한국조선해양,009540
2023-10-05,103000.0,"하락  1,800",106500.0,106700.0,102500.0,241948.0,HD한국조선해양,009540
2023-10-06,100700.0,"하락  2,300",103100.0,103900.0,100300.0,203652.0,HD한국조선해양,009540
2023-10-10,101400.0,상승  700,102700.0,104500.0,100600.0,221103.0,HD한국조선해양,009540
2023-10-11,104800.0,"상승  3,400",103400.0,105600.0,102400.0,188884.0,HD한국조선해양,009540
2023-10-12,102500.0,"하락  2,300",105800.0,105800.0,101700.0,236624.0,HD한국조선해양,009540
2023-10-13,99900.0,"하락  2,600",101300.0,101500.0,98800.0,232961.0,HD한국조선해양,009540
2023-10-16,100600.0,상승  700,99800.0,102000.0,99600.0,194496.0,HD한국조선해양,009540
2023-10-17,101100.0,상승  500,101600.0,104000.0,100800.0,147389.0,HD한국조선해양,009540
2023-10-18,100600.0,하락  500,101300.0,101800.0,100200.0,104753.0,HD한국조선해양,009540
2023-10-19,98300.0,"하락  2,300",99500.0,100600.0,97700.0,207699.0,HD한국조선해양,009540
2023-10-20,96800.0,"하락  1,500",97100.0,98200.0,95800.0,166988.0,HD한국조선해양,009540
2023-10-23,96300.0,하락  500,96800.0,99700.0,96000.0,133819.0,HD한국조선해양,009540
2023-10-24,96300.0,보합0,97600.0,97600.0,94000.0,139996.0,HD한국조선해양,009540
2023-10-25,99400.0,"상승  3,100",97300.0,100700.0,96600.0,166640.0,HD한국조선해양,009540
2023-10-26,96900.0,"하락  2,500",99200.0,100400.0,94000.0,269305.0,HD한국조선해양,009540
2023-10-27,94700.0,"하락  2,200",97500.0,99400.0,94500.0,215722.0,HD한국조선해양,009540
2023-10-30,93300.0,"하락  1,400",94200.0,95600.0,91500.0,225336.0,HD한국조선해양,009540
2023-10-31,90300.0,"하락  3,000",94200.0,94200.0,89000.0,276197.0,HD한국조선해양,009540
2023-11-01,92000.0,"상승  1,700",90300.0,92000.0,90200.0,134760.0,HD한국조선해양,009540
2023-11-02,93300.0,"상승  1,300",93000.0,94400.0,91800.0,196525.0,HD한국조선해양,009540
2023-11-03,96300.0,"상승  3,000",93800.0,96600.0,93500.0,168857.0,HD한국조선해양,009540
2023-11-06,102600.0,"상승  6,300",98100.0,102600.0,96200.0,884626.0,HD한국조선해양,009540
2023-11-07,101600.0,"하락  1,000",101000.0,102300.0,98000.0,344237.0,HD한국조선해양,009540
2023-11-08,98600.0,"하락  3,000",103000.0,103600.0,98500.0,181785.0,HD한국조선해양,009540
2023-11-09,98000.0,하락  600,98600.0,99500.0,97400.0,186587.0,HD한국조선해양,009540
2023-11-10,97100.0,하락  900,97000.0,97500.0,95400.0,137043.0,HD한국조선해양,009540
2023-11-13,95700.0,"하락  1,400",98200.0,99800.0,94800.0,178365.0,HD한국조선해양,009540
2023-11-14,95300.0,하락  400,97900.0,98000.0,94000.0,227430.0,HD한국조선해양,009540
2023-11-15,99400.0,"상승  4,100",97200.0,99800.0,96600.0,259351.0,HD한국조선해양,009540
2023-11-16,99100.0,하락  300,98800.0,99100.0,96600.0,164958.0,HD한국조선해양,009540
2023-11-17,98200.0,하락  900,99600.0,99600.0,97200.0,93316.0,HD한국조선해양,009540
2023-11-20,100900.0,"상승  2,700",98300.0,101800.0,97900.0,205312.0,HD한국조선해양,009540
2023-11-21,101100.0,상승  200,101800.0,101800.0,100400.0,201568.0,HD한국조선해양,009540
2023-11-22,103000.0,"상승  1,900",101000.0,104200.0,100200.0,171973.0,HD한국조선해양,009540
2023-11-23,102600.0,하락  400,102900.0,103700.0,101800.0,87010.0,HD한국조선해양,009540
2023-11-24,102000.0,하락  600,102600.0,102900.0,100900.0,120349.0,HD한국조선해양,009540
2023-11-27,106000.0,"상승  4,000",103400.0,106000.0,101400.0,191008.0,HD한국조선해양,009540
2023-11-28,108000.0,"상승  2,000",106900.0,109100.0,105800.0,199417.0,HD한국조선해양,009540
2023-11-29,107500.0,하락  500,108300.0,108700.0,105900.0,148750.0,HD한국조선해양,009540
2023-11-30,111700.0,"상승  4,200",107000.0,111700.0,106200.0,244425.0,HD한국조선해양,009540
2023-12-01,111300.0,하락  400,111600.0,112200.0,110000.0,146446.0,HD한국조선해양,009540
2023-12-04,114500.0,"상승  3,200",112700.0,115400.0,111500.0,176365.0,HD한국조선해양,009540
2023-12-05,113900.0,하락  600,114300.0,116500.0,113000.0,128358.0,HD한국조선해양,009540
2023-12-06,110200.0,"하락  3,700",113500.0,113900.0,110100.0,198755.0,HD한국조선해양,009540
2023-12-07,109500.0,하락  700,109200.0,110100.0,107900.0,152010.0,HD한국조선해양,009540
2023-12-08,109400.0,하락  100,110200.0,110500.0,108600.0,108426.0,HD한국조선해양,009540
2023-12-11,107800.0,"하락  1,600",109300.0,109500.0,106800.0,136987.0,HD한국조선해양,009540
2023-12-12,112100.0,"상승  4,300",108800.0,112600.0,107800.0,191370.0,HD한국조선해양,009540
2023-12-13,110800.0,"하락  1,300",111300.0,111300.0,109700.0,107250.0,HD한국조선해양,009540
2023-12-14,113900.0,"상승  3,100",112800.0,113900.0,110900.0,287602.0,HD한국조선해양,009540
2023-12-15,113600.0,하락  300,114000.0,114800.0,113000.0,168680.0,HD한국조선해양,009540
2023-12-18,112100.0,"하락  1,500",114200.0,114300.0,111800.0,114032.0,HD한국조선해양,009540
2023-12-19,110700.0,"하락  1,400",112100.0,113300.0,110000.0,129896.0,HD한국조선해양,009540
2023-12-20,112700.0,"상승  2,000",112500.0,113700.0,112000.0,135732.0,HD한국조선해양,009540
2023-12-21,110400.0,"하락  2,300",112300.0,112300.0,109700.0,94542.0,HD한국조선해양,009540
2023-12-22,112000.0,"상승  1,600",111200.0,113100.0,110400.0,132220.0,HD한국조선해양,009540
2023-12-26,113800.0,"상승  1,800",113100.0,113900.0,112000.0,138762.0,HD한국조선해양,009540
2023-12-27,116800.0,"상승  3,000",113700.0,117000.0,113300.0,144746.0,HD한국조선해양,009540
2023-12-28,120900.0,"상승  4,100",117300.0,121400.0,116600.0,209528.0,HD한국조선해양,009540
2024-01-02,118500.0,"하락  2,400",120000.0,120400.0,117600.0,108237.0,HD한국조선해양,009540
2024-01-03,113500.0,"하락  5,000",117200.0,117600.0,113500.0,165519.0,HD한국조선해양,009540
2024-01-04,112000.0,"하락  1,500",112500.0,113800.0,111800.0,113999.0,HD한국조선해양,009540
2024-01-05,110700.0,"하락  1,300",111400.0,112400.0,109400.0,111905.0,HD한국조선해양,009540
2024-01-08,111900.0,"상승  1,200",111400.0,113300.0,110600.0,109330.0,HD한국조선해양,009540
2024-01-09,110700.0,"하락  1,200",113300.0,113600.0,110500.0,90628.0,HD한국조선해양,009540
2024-01-10,110900.0,상승  200,111200.0,112400.0,109700.0,77820.0,HD한국조선해양,009540
2024-01-11,108600.0,"하락  2,300",111900.0,112400.0,108600.0,117324.0,HD한국조선해양,009540
2024-01-12,109100.0,상승  500,108300.0,110200.0,108200.0,79617.0,HD한국조선해양,009540
2024-01-15,112800.0,"상승  3,700",109600.0,113100.0,107500.0,133881.0,HD한국조선해양,009540
2024-01-16,109300.0,"하락  3,500",112100.0,112700.0,109200.0,71109.0,HD한국조선해양,009540
2024-01-17,104400.0,"하락  4,900",109500.0,109500.0,104000.0,155065.0,HD한국조선해양,009540
2024-01-18,105100.0,상승  700,105100.0,106700.0,104600.0,109282.0,HD한국조선해양,009540
2024-01-19,113300.0,"상승  8,200",105600.0,113300.0,105600.0,203740.0,HD한국조선해양,009540
2024-01-22,114600.0,"상승  1,300",116500.0,116600.0,112000.0,155499.0,HD한국조선해양,009540
2024-01-23,113500.0,"하락  1,100",116200.0,117400.0,112800.0,97866.0,HD한국조선해양,009540
2024-01-24,111400.0,"하락  2,100",113600.0,114100.0,109700.0,92316.0,HD한국조선해양,009540
2024-01-25,115900.0,"상승  4,500",112500.0,116300.0,111400.0,137231.0,HD한국조선해양,009540
2024-01-26,116500.0,상승  600,115900.0,118300.0,115200.0,129745.0,HD한국조선해양,009540
2024-01-29,113500.0,"하락  3,000",117900.0,117900.0,113500.0,112906.0,HD한국조선해양,009540
2024-01-30,111700.0,"하락  1,800",114500.0,116000.0,111000.0,139768.0,HD한국조선해양,009540
2024-01-31,113500.0,"상승  1,800",110500.0,113700.0,110500.0,133430.0,HD한국조선해양,009540
2024-02-01,114700.0,"상승  1,200",112500.0,115900.0,112000.0,160045.0,HD한국조선해양,009540
2024-02-02,119100.0,"상승  4,400",115000.0,120000.0,114900.0,315586.0,HD한국조선해양,009540
2024-02-05,123000.0,"상승  3,900",119100.0,123500.0,116900.0,302387.0,HD한국조선해양,009540
2024-02-06,120400.0,"하락  2,600",121900.0,123800.0,119800.0,188255.0,HD한국조선해양,009540
2024-02-07,121400.0,"상승  1,000",121700.0,122600.0,119600.0,152311.0,HD한국조선해양,009540
2024-02-08,121100.0,하락  300,121400.0,122200.0,120200.0,249797.0,HD한국조선해양,009540
2024-02-13,118500.0,"하락  2,600",122700.0,123200.0,118000.0,218838.0,HD한국조선해양,009540
2024-02-14,114300.0,"하락  4,200",117400.0,117400.0,114200.0,203379.0,HD한국조선해양,009540
2024-02-15,116400.0,"상승  2,100",115600.0,116700.0,114500.0,120694.0,HD한국조선해양,009540
2024-02-16,119900.0,"상승  3,500",117900.0,121500.0,117600.0,214906.0,HD한국조선해양,009540
2024-02-19,119500.0,하락  400,120000.0,120300.0,118100.0,96418.0,HD한국조선해양,009540
2024-02-20,116400.0,"하락  3,100",119500.0,120400.0,116300.0,141653.0,HD한국조선해양,009540
2024-02-21,118800.0,"상승  2,400",117200.0,119900.0,116300.0,159230.0,HD한국조선해양,009540
2024-02-22,116800.0,"하락  2,000",119800.0,119800.0,116600.0,84018.0,HD한국조선해양,009540
2024-02-23,115000.0,"하락  1,800",117000.0,117200.0,115000.0,130685.0,HD한국조선해양,009540
2024-02-26,111500.0,"하락  3,500",115700.0,115700.0,111200.0,268495.0,HD한국조선해양,009540
2024-02-27,113800.0,"상승  2,300",112300.0,116100.0,110600.0,246776.0,HD한국조선해양,009540
2024-02-28,115300.0,"상승  1,500",114000.0,116900.0,112100.0,147467.0,HD한국조선해양,009540
2024-02-29,111900.0,"하락  3,400",114500.0,115200.0,111800.0,311650.0,HD한국조선해양,009540
2024-03-04,107800.0,"하락  4,100",112800.0,113300.0,107300.0,360550.0,HD한국조선해양,009540
2024-03-05,110200.0,"상승  2,400",108000.0,111900.0,108000.0,207160.0,HD한국조선해양,009540
2024-03-06,112400.0,"상승  2,200",110500.0,113800.0,109300.0,196603.0,HD한국조선해양,009540
2024-03-07,113500.0,"상승  1,100",112700.0,115700.0,111900.0,142547.0,HD한국조선해양,009540
2024-03-08,112200.0,"하락  1,300",114800.0,115300.0,111400.0,117143.0,HD한국조선해양,009540
2024-03-11,114100.0,"상승  1,900",111000.0,116200.0,111000.0,132433.0,HD한국조선해양,009540
2024-03-12,114100.0,보합0,115500.0,116000.0,112600.0,100978.0,HD한국조선해양,009540
2024-03-13,112900.0,"하락  1,200",114500.0,115200.0,112000.0,127504.0,HD한국조선해양,009540
2024-03-14,118500.0,"상승  5,600",113800.0,121500.0,113300.0,497364.0,HD한국조선해양,009540
2024-03-15,123800.0,"상승  5,300",121000.0,127800.0,120900.0,851885.0,HD한국조선해양,009540
2024-03-18,125400.0,"상승  1,600",125600.0,127300.0,120600.0,426019.0,HD한국조선해양,009540
2024-03-19,124500.0,하락  900,125400.0,125500.0,122700.0,218550.0,HD한국조선해양,009540
2024-03-20,127600.0,"상승  3,100",125700.0,128700.0,125200.0,361496.0,HD한국조선해양,009540
2024-03-21,127900.0,상승  300,129000.0,129000.0,126100.0,208546.0,HD한국조선해양,009540
2024-03-22,125900.0,"하락  2,000",127900.0,128800.0,124000.0,283417.0,HD한국조선해양,009540
2024-03-25,124400.0,"하락  1,500",125900.0,126300.0,123100.0,138608.0,HD한국조선해양,009540
2024-03-26,124900.0,상승  500,125800.0,126100.0,122500.0,206321.0,HD한국조선해양,009540
2024-03-27,120200.0,"하락  4,700",123000.0,123300.0,119100.0,333316.0,HD한국조선해양,009540
2024-03-28,120200.0,보합0,120200.0,122300.0,119500.0,154202.0,HD한국조선해양,009540
2024-03-29,118400.0,"하락  1,800",120300.0,121800.0,117200.0,199548.0,HD한국조선해양,009540
2024-04-01,119700.0,"상승  1,300",119600.0,119800.0,116200.0,167375.0,HD한국조선해양,009540
2024-04-02,119800.0,상승  100,118700.0,121500.0,117300.0,162613.0,HD한국조선해양,009540
2024-04-03,119700.0,하락  100,120100.0,122100.0,118100.0,204535.0,HD한국조선해양,009540
2024-04-04,121000.0,"상승  1,300",121300.0,121800.0,118500.0,211694.0,HD한국조선해양,009540
2024-04-05,119600.0,"하락  1,400",119600.0,121300.0,119200.0,121020.0,HD한국조선해양,009540
2024-04-08,118500.0,"하락  1,100",119100.0,119200.0,116700.0,162229.0,HD한국조선해양,009540
2024-04-09,118600.0,상승  100,119700.0,121400.0,118000.0,130141.0,HD한국조선해양,009540
2024-04-11,116300.0,"하락  2,300",116900.0,118400.0,114100.0,273342.0,HD한국조선해양,009540
2024-04-12,117600.0,"상승  1,300",116300.0,120100.0,114600.0,235730.0,HD한국조선해양,009540
2024-04-15,118100.0,상승  500,116900.0,119300.0,114700.0,143881.0,HD한국조선해양,009540
2024-04-16,111700.0,"하락  6,400",116900.0,117800.0,110800.0,272471.0,HD한국조선해양,009540
2024-04-17,112300.0,상승  600,112300.0,114200.0,111800.0,156746.0,HD한국조선해양,009540
2024-04-18,119400.0,"상승  7,100",113400.0,121000.0,112700.0,375758.0,HD한국조선해양,009540
2024-04-19,119300.0,하락  100,118300.0,121000.0,115600.0,269638.0,HD한국조선해양,009540
2024-04-22,119300.0,보합0,121300.0,122900.0,117800.0,219316.0,HD한국조선해양,009540
2024-04-23,125300.0,"상승  6,000",119100.0,128200.0,118800.0,577236.0,HD한국조선해양,009540
2024-04-24,129400.0,"상승  4,100",125400.0,129900.0,123900.0,569640.0,HD한국조선해양,009540
2024-04-25,127300.0,"하락  2,100",129800.0,130700.0,126300.0,348090.0,HD한국조선해양,009540
2024-04-26,129000.0,"상승  1,700",127300.0,131800.0,127300.0,476373.0,HD한국조선해양,009540
2024-04-29,132700.0,"상승  3,700",130200.0,132900.0,129100.0,441479.0,HD한국조선해양,009540
2024-04-30,131500.0,"하락  1,200",132600.0,133500.0,130300.0,269506.0,HD한국조선해양,009540
2024-05-02,129500.0,"하락  2,000",133000.0,133000.0,129200.0,205850.0,HD한국조선해양,009540
2024-05-03,128300.0,"하락  1,200",130100.0,130200.0,127700.0,152870.0,HD한국조선해양,009540
2024-05-07,132500.0,"상승  4,200",127600.0,132600.0,127100.0,279702.0,HD한국조선해양,009540
2024-05-08,130800.0,"하락  1,700",132000.0,133100.0,130400.0,169581.0,HD한국조선해양,009540
2024-05-09,129500.0,"하락  1,300",131000.0,131800.0,129000.0,191606.0,HD한국조선해양,009540
2024-05-10,129900.0,상승  400,131400.0,132000.0,128900.0,141091.0,HD한국조선해양,009540
2024-05-13,136300.0,"상승  6,400",131600.0,137200.0,130700.0,492508.0,HD한국조선해양,009540
2024-05-14,135900.0,하락  400,137200.0,137200.0,134500.0,190837.0,HD한국조선해양,009540
2024-05-16,137700.0,"상승  1,800",137800.0,138000.0,135100.0,296050.0,HD한국조선해양,009540
2024-05-17,134500.0,"하락  3,200",137800.0,138000.0,133600.0,249670.0,HD한국조선해양,009540
2024-05-20,131900.0,"하락  2,600",134600.0,134700.0,131400.0,165918.0,HD한국조선해양,009540
2024-05-21,131200.0,하락  700,132000.0,133000.0,129200.0,219201.0,HD한국조선해양,009540
2024-05-22,128300.0,"하락  2,900",131200.0,131800.0,127400.0,285728.0,HD한국조선해양,009540
2024-05-23,128700.0,상승  400,127800.0,130700.0,127300.0,180513.0,HD한국조선해양,009540
2024-05-24,135400.0,"상승  6,700",127500.0,136100.0,127100.0,327931.0,HD한국조선해양,009540
2024-05-27,134300.0,"하락  1,100",137500.0,137500.0,132100.0,238014.0,HD한국조선해양,009540
2024-05-28,135400.0,"상승  1,100",134600.0,137500.0,133400.0,190498.0,HD한국조선해양,009540
2024-05-29,134300.0,"하락  1,100",134000.0,136000.0,132600.0,230294.0,HD한국조선해양,009540
2024-05-30,130800.0,"하락  3,500",133600.0,134300.0,129000.0,224061.0,HD한국조선해양,009540
2024-05-31,130400.0,하락  400,132000.0,132300.0,129100.0,264434.0,HD한국조선해양,009540
2024-06-03,132800.0,"상승  2,400",131200.0,134800.0,129600.0,184229.0,HD한국조선해양,009540
2024-06-04,130700.0,"하락  2,100",132000.0,133900.0,129900.0,156839.0,HD한국조선해양,009540
2024-06-05,130800.0,상승  100,130000.0,132400.0,129600.0,109970.0,HD한국조선해양,009540
2024-06-07,135000.0,"상승  4,200",131900.0,135500.0,131800.0,294666.0,HD한국조선해양,009540
2024-06-10,134700.0,하락  300,134900.0,136000.0,133500.0,136834.0,HD한국조선해양,009540
2024-06-11,133700.0,"하락  1,000",136400.0,137800.0,133300.0,186538.0,HD한국조선해양,009540
2024-06-12,133400.0,하락  300,133300.0,134600.0,131400.0,156537.0,HD한국조선해양,009540
2024-06-13,133000.0,하락  400,133000.0,134900.0,132900.0,213658.0,HD한국조선해양,009540
2024-06-14,138900.0,"상승  5,900",132200.0,139300.0,132200.0,428546.0,HD한국조선해양,009540
2024-06-17,137700.0,"하락  1,200",139000.0,139500.0,136500.0,210212.0,HD한국조선해양,009540
2024-06-18,138600.0,상승  900,138900.0,140300.0,136700.0,278955.0,HD한국조선해양,009540
2024-06-19,145700.0,"상승  7,100",140000.0,146600.0,139000.0,571372.0,HD한국조선해양,009540
2024-06-20,149900.0,"상승  4,200",147200.0,150000.0,145700.0,477826.0,HD한국조선해양,009540
2024-06-21,151600.0,"상승  1,700",151500.0,155600.0,149700.0,565193.0,HD한국조선해양,009540
2024-06-24,154300.0,"상승  2,700",152000.0,155700.0,150700.0,364763.0,HD한국조선해양,009540
2024-06-25,151800.0,"하락  2,500",155800.0,157100.0,150500.0,400489.0,HD한국조선해양,009540
2024-06-26,150500.0,"하락  1,300",150600.0,152700.0,149000.0,281380.0,HD한국조선해양,009540
2024-06-27,157500.0,"상승  7,000",150000.0,157800.0,148800.0,378924.0,HD한국조선해양,009540
2024-06-28,158800.0,"상승  1,300",157900.0,160000.0,155500.0,287465.0,HD한국조선해양,009540
2024-07-01,159900.0,"상승  1,100",160000.0,161500.0,157100.0,168638.0,HD한국조선해양,009540
2024-07-02,157200.0,"하락  2,700",159000.0,159800.0,155500.0,220393.0,HD한국조선해양,009540
2024-07-03,156700.0,하락  500,158000.0,158500.0,153600.0,203904.0,HD한국조선해양,009540
2024-07-04,159700.0,"상승  3,000",156900.0,161000.0,154600.0,218721.0,HD한국조선해양,009540
2024-07-05,155700.0,"하락  4,000",159700.0,160000.0,154900.0,253603.0,HD한국조선해양,009540
2024-07-08,160000.0,"상승  4,300",155100.0,161300.0,154500.0,256267.0,HD한국조선해양,009540
2024-07-09,159700.0,하락  300,160200.0,160500.0,157200.0,153233.0,HD한국조선해양,009540
2024-07-10,164100.0,"상승  4,400",159700.0,166500.0,159100.0,397291.0,HD한국조선해양,009540
2024-07-11,167100.0,"상승  3,000",165500.0,169200.0,163500.0,248249.0,HD한국조선해양,009540
2024-07-12,165700.0,"하락  1,400",166000.0,168000.0,162800.0,234150.0,HD한국조선해양,009540
2024-07-15,168800.0,"상승  3,100",167100.0,171400.0,165900.0,296923.0,HD한국조선해양,009540
2024-07-16,178300.0,"상승  9,500",172300.0,178500.0,170100.0,549559.0,HD한국조선해양,009540
2024-07-17,179200.0,상승  900,180000.0,184000.0,176900.0,551960.0,HD한국조선해양,009540
2024-07-18,177100.0,"하락  2,100",180000.0,182100.0,176400.0,398119.0,HD한국조선해양,009540
2024-07-19,174100.0,"하락  3,000",177100.0,179000.0,171300.0,446971.0,HD한국조선해양,009540
2024-07-22,186600.0,"상승  12,500",174300.0,187000.0,174300.0,686267.0,HD한국조선해양,009540
2024-07-23,189700.0,"상승  3,100",186600.0,190800.0,184100.0,454688.0,HD한국조선해양,009540
2024-07-24,189000.0,하락  700,189700.0,190500.0,183600.0,444894.0,HD한국조선해양,009540
2024-07-25,183800.0,"하락  5,200",185000.0,189000.0,175600.0,875455.0,HD한국조선해양,009540
2024-07-26,198800.0,"상승  15,000",190500.0,203000.0,190300.0,1098426.0,HD한국조선해양,009540
2024-07-29,203000.0,"상승  4,200",200000.0,206000.0,195900.0,447137.0,HD한국조선해양,009540
2024-07-30,201000.0,"하락  2,000",201000.0,204000.0,196700.0,365306.0,HD한국조선해양,009540
2024-07-31,207000.0,"상승  6,000",200500.0,210500.0,200000.0,490877.0,HD한국조선해양,009540
2024-08-01,213000.0,"상승  6,000",204500.0,213000.0,200000.0,333897.0,HD한국조선해양,009540
2024-08-02,203000.0,"하락  10,000",209000.0,212500.0,200500.0,408778.0,HD한국조선해양,009540
2024-08-05,172800.0,"하락  30,200",190400.0,196000.0,162900.0,1261095.0,HD한국조선해양,009540
2024-08-06,190300.0,"상승  17,500",183500.0,195800.0,183500.0,1033802.0,HD한국조선해양,009540
2024-08-07,192000.0,"상승  1,700",190800.0,195500.0,187200.0,558177.0,HD한국조선해양,009540
2024-08-08,205500.0,"상승  13,500",189100.0,206500.0,187100.0,658256.0,HD한국조선해양,009540
2024-08-09,202000.0,"하락  3,500",210000.0,210500.0,200500.0,400985.0,HD한국조선해양,009540
2024-08-12,199100.0,"하락  2,900",202000.0,204000.0,196600.0,312800.0,HD한국조선해양,009540
2024-08-13,195700.0,"하락  3,400",198000.0,202000.0,193200.0,397115.0,HD한국조선해양,009540
2024-08-14,197600.0,"상승  1,900",197600.0,198400.0,191900.0,380382.0,HD한국조선해양,009540
2024-08-16,196700.0,하락  900,199800.0,203500.0,189000.0,723287.0,HD한국조선해양,009540
2024-08-19,199300.0,"상승  2,600",196700.0,204500.0,196700.0,424279.0,HD한국조선해양,009540
2024-08-20,202500.0,"상승  3,200",201500.0,202500.0,197200.0,286133.0,HD한국조선해양,009540
2024-08-21,199700.0,"하락  2,800",202000.0,202500.0,195700.0,335928.0,HD한국조선해양,009540
2024-08-22,191800.0,"하락  7,900",199300.0,199600.0,186600.0,672934.0,HD한국조선해양,009540
2024-08-23,189800.0,"하락  2,000",189000.0,193000.0,188200.0,238650.0,HD한국조선해양,009540
2024-08-26,185000.0,"하락  4,800",190000.0,190000.0,182300.0,354558.0,HD한국조선해양,009540
2024-08-27,186400.0,"상승  1,400",185500.0,189000.0,182800.0,257312.0,HD한국조선해양,009540
2024-08-28,186700.0,상승  300,186400.0,192600.0,185600.0,321714.0,HD한국조선해양,009540
2024-08-29,185200.0,"하락  1,500",186700.0,189200.0,184600.0,183983.0,HD한국조선해양,009540
2024-08-30,191400.0,"상승  6,200",187000.0,191400.0,185200.0,254607.0,HD한국조선해양,009540
2024-09-02,180500.0,"하락  10,900",191700.0,192300.0,179800.0,387872.0,HD한국조선해양,009540
2024-09-03,180700.0,상승  200,180900.0,182500.0,177600.0,222997.0,HD한국조선해양,009540
2024-09-04,175800.0,"하락  4,900",174700.0,177300.0,171000.0,451125.0,HD한국조선해양,009540
2024-09-05,168000.0,"하락  7,800",175900.0,178300.0,162400.0,600045.0,HD한국조선해양,009540
2024-09-06,170500.0,"상승  2,500",168000.0,171700.0,163100.0,359721.0,HD한국조선해양,009540
2024-09-09,170600.0,상승  100,165300.0,171200.0,164200.0,221900.0,HD한국조선해양,009540
2024-09-10,173100.0,"상승  2,500",171300.0,175900.0,170700.0,273768.0,HD한국조선해양,009540
2024-09-11,174400.0,"상승  1,300",177000.0,179200.0,172000.0,262738.0,HD한국조선해양,009540
2024-09-12,171800.0,"하락  2,600",176000.0,176000.0,170800.0,306471.0,HD한국조선해양,009540
2024-09-13,183000.0,"상승  11,200",173400.0,184300.0,173300.0,394348.0,HD한국조선해양,009540
2024-09-19,191000.0,"상승  8,000",189500.0,191500.0,187200.0,401110.0,HD한국조선해양,009540
2024-09-20,198300.0,"상승  7,300",192700.0,198300.0,191600.0,378573.0,HD한국조선해양,009540
2024-09-23,194500.0,"하락  3,800",199200.0,199200.0,193500.0,165955.0,HD한국조선해양,009540
2024-09-24,196000.0,"상승  1,500",195400.0,196000.0,192800.0,170617.0,HD한국조선해양,009540
2024-09-25,196900.0,상승  900,199500.0,204000.0,195500.0,271684.0,HD한국조선해양,009540
2024-09-26,199000.0,"상승  2,100",197000.0,202000.0,195200.0,233534.0,HD한국조선해양,009540
2024-09-27,184500.0,"하락  14,500",198000.0,198900.0,183500.0,483836.0,HD한국조선해양,009540
2024-09-30,187700.0,"상승  3,200",185300.0,188900.0,184400.0,361440.0,HD한국조선해양,009540
2024-10-02,183300.0,"하락  4,400",184200.0,186800.0,179300.0,244243.0,HD한국조선해양,009540
2024-10-04,185800.0,"상승  2,500",183200.0,186200.0,182100.0,202161.0,HD한국조선해양,009540
2024-10-07,184000.0,"하락  1,800",184600.0,185000.0,175500.0,347348.0,HD한국조선해양,009540
2024-10-08,185000.0,"상승  1,000",184100.0,189600.0,184100.0,282004.0,HD한국조선해양,009540
2024-10-10,190500.0,"상승  5,500",187000.0,193400.0,186500.0,291800.0,HD한국조선해양,009540
2024-10-11,185200.0,"하락  5,300",194300.0,194400.0,184700.0,172206.0,HD한국조선해양,009540
2024-10-14,187800.0,"상승  2,600",184900.0,187900.0,184800.0,274058.0,HD한국조선해양,009540
2024-10-15,195100.0,"상승  7,300",188900.0,199400.0,188000.0,417867.0,HD한국조선해양,009540
2024-10-16,192900.0,"하락  2,200",193300.0,194900.0,191000.0,170760.0,HD한국조선해양,009540
2024-10-17,197200.0,"상승  4,300",192900.0,198000.0,189400.0,255391.0,HD한국조선해양,009540
2024-10-18,195000.0,"하락  2,200",199000.0,199000.0,193700.0,165878.0,HD한국조선해양,009540
2024-10-21,196800.0,"상승  1,800",196400.0,196900.0,190500.0,199899.0,HD한국조선해양,009540
2024-10-22,194900.0,"하락  1,900",195000.0,199300.0,191800.0,176810.0,HD한국조선해양,009540
2024-10-23,196800.0,"상승  1,900",195000.0,201000.0,194500.0,226739.0,HD한국조선해양,009540
2024-10-24,195800.0,"하락  1,000",195300.0,198000.0,193500.0,118916.0,HD한국조선해양,009540
2024-10-25,199900.0,"상승  4,100",196700.0,202000.0,195400.0,349326.0,HD한국조선해양,009540
2024-10-28,190500.0,"하락  9,400",201000.0,201000.0,190000.0,278287.0,HD한국조선해양,009540
2024-10-29,188100.0,"하락  2,400",190100.0,192000.0,186300.0,192444.0,HD한국조선해양,009540
2024-10-30,186800.0,"하락  1,300",187700.0,188000.0,184700.0,170349.0,HD한국조선해양,009540
2024-10-31,183400.0,"하락  3,400",186800.0,189800.0,181100.0,361077.0,HD한국조선해양,009540
2024-11-01,180000.0,"하락  3,400",183000.0,183000.0,175600.0,220276.0,HD한국조선해양,009540
2024-11-04,180700.0,상승  700,181000.0,183000.0,177300.0,164641.0,HD한국조선해양,009540
2024-11-05,181700.0,"상승  1,000",179300.0,187000.0,178800.0,171762.0,HD한국조선해양,009540
2024-11-06,185800.0,"상승  4,100",183300.0,186600.0,175600.0,330474.0,HD한국조선해양,009540
2024-11-07,197000.0,"상승  11,200",186000.0,199000.0,185100.0,734948.0,HD한국조선해양,009540
2024-11-08,194000.0,"하락  3,000",201000.0,203000.0,191200.0,395464.0,HD한국조선해양,009540
2024-11-11,193900.0,하락  100,194000.0,195800.0,190400.0,313409.0,HD한국조선해양,009540
2024-11-12,187700.0,"하락  6,200",195200.0,196500.0,187600.0,309884.0,HD한국조선해양,009540
2024-11-13,185600.0,"하락  2,100",188000.0,192400.0,185000.0,246586.0,HD한국조선해양,009540
2024-11-14,192900.0,"상승  7,300",187400.0,193600.0,186200.0,317800.0,HD한국조선해양,009540
2024-11-15,189600.0,"하락  3,300",196200.0,196200.0,187700.0,182078.0,HD한국조선해양,009540
2024-11-18,194400.0,"상승  4,800",189400.0,195800.0,187100.0,254885.0,HD한국조선해양,009540
2024-11-19,199200.0,"상승  4,800",194000.0,204000.0,191900.0,413848.0,HD한국조선해양,009540
2024-11-20,204000.0,"상승  4,800",198900.0,205000.0,197900.0,277651.0,HD한국조선해양,009540
2024-11-21,198300.0,"하락  5,700",205500.0,206000.0,196900.0,224141.0,HD한국조선해양,009540
2024-11-22,201500.0,"상승  3,200",199300.0,202500.0,196500.0,190276.0,HD한국조선해양,009540
2024-11-25,216500.0,"상승  15,000",204000.0,218500.0,202500.0,547270.0,HD한국조선해양,009540
2024-11-26,216000.0,하락  500,216500.0,217500.0,211000.0,256834.0,HD한국조선해양,009540
2024-11-27,212500.0,"하락  3,500",215000.0,219000.0,211000.0,211549.0,HD한국조선해양,009540
2024-11-28,211500.0,"하락  1,000",211500.0,216500.0,208000.0,144939.0,HD한국조선해양,009540
2024-11-29,204500.0,"하락  7,000",212000.0,212500.0,203000.0,220058.0,HD한국조선해양,009540
2024-12-02,195500.0,"하락  9,000",207500.0,207500.0,191600.0,351044.0,HD한국조선해양,009540
2024-12-03,197200.0,"상승  1,700",196300.0,198700.0,194500.0,195070.0,HD한국조선해양,009540
2024-12-04,195000.0,"하락  2,200",190900.0,197100.0,188800.0,348814.0,HD한국조선해양,009540
2024-12-05,194200.0,하락  800,195000.0,201000.0,193900.0,221059.0,HD한국조선해양,009540
2024-12-06,189300.0,"하락  4,900",194600.0,194600.0,185000.0,285597.0,HD한국조선해양,009540
2024-12-09,187900.0,"하락  1,400",185000.0,189000.0,181300.0,322889.0,HD한국조선해양,009540
2024-12-10,196000.0,"상승  8,100",190000.0,199300.0,187900.0,368010.0,HD한국조선해양,009540
2024-12-11,211000.0,"상승  15,000",196000.0,213500.0,195100.0,402836.0,HD한국조선해양,009540
2024-12-12,210000.0,"하락  1,000",211500.0,212500.0,206000.0,408624.0,HD한국조선해양,009540
2024-12-13,210000.0,보합0,210000.0,213000.0,205500.0,264700.0,HD한국조선해양,009540
2024-12-16,207500.0,"하락  2,500",214000.0,214500.0,202500.0,308029.0,HD한국조선해양,009540
2024-12-17,208500.0,"상승  1,000",205500.0,212000.0,204000.0,202344.0,HD한국조선해양,009540
2024-12-18,209500.0,"상승  1,000",208500.0,217000.0,207500.0,292084.0,HD한국조선해양,009540
2024-12-19,214500.0,"상승  5,000",204000.0,217500.0,203500.0,309564.0,HD한국조선해양,009540
2024-12-20,212500.0,"하락  2,000",214000.0,217000.0,210000.0,249183.0,HD한국조선해양,009540
2024-12-23,230000.0,"상승  17,500",216500.0,231500.0,216000.0,508110.0,HD한국조선해양,009540
2024-12-24,226000.0,"하락  4,000",230500.0,233500.0,223500.0,268663.0,HD한국조선해양,009540
2024-12-26,235500.0,"상승  9,500",231000.0,238000.0,229000.0,371213.0,HD한국조선해양,009540
2024-12-27,231000.0,"하락  4,500",233500.0,235500.0,227500.0,272043.0,HD한국조선해양,009540
2024-12-30,228000.0,"하락  3,000",229500.0,233000.0,226500.0,175055.0,HD한국조선해양,009540
2025-01-02,231000.0,"상승  3,000",227000.0,235000.0,227000.0,180941.0,HD한국조선해양,009540
2025-01-03,223000.0,"하락  8,000",230500.0,237500.0,220500.0,385652.0,HD한국조선해양,009540
2025-01-06,225000.0,"상승  2,000",223000.0,226000.0,218000.0,184660.0,HD한국조선해양,009540
2025-01-07,231000.0,"상승  6,000",228000.0,233000.0,226000.0,284918.0,HD한국조선해양,009540
2025-01-08,235000.0,"상승  4,000",232000.0,236000.0,230000.0,295149.0,HD한국조선해양,009540
2025-01-09,240000.0,"상승  5,000",236500.0,243000.0,232500.0,355947.0,HD한국조선해양,009540
2025-01-10,240000.0,보합0,238000.0,242500.0,235000.0,231271.0,HD한국조선해양,009540
2025-01-13,235000.0,"하락  5,000",239500.0,239500.0,229000.0,264767.0,HD한국조선해양,009540
2025-01-14,236000.0,"상승  1,000",235500.0,239000.0,234000.0,214838.0,HD한국조선해양,009540
2025-01-15,243500.0,"상승  7,500",236000.0,247000.0,233500.0,339853.0,HD한국조선해양,009540
2025-01-16,243500.0,보합0,245500.0,245500.0,240000.0,237676.0,HD한국조선해양,009540
2025-01-17,243500.0,보합0,243500.0,244500.0,238500.0,219418.0,HD한국조선해양,009540
2025-01-20,244000.0,상승  500,243000.0,249000.0,242000.0,218391.0,HD한국조선해양,009540
2025-01-21,248500.0,"상승  4,500",246500.0,251500.0,246000.0,373570.0,HD한국조선해양,009540
2025-01-22,241000.0,"하락  7,500",249000.0,249500.0,240000.0,385592.0,HD한국조선해양,009540
2025-01-23,226000.0,"하락  15,000",241000.0,241000.0,225000.0,639586.0,HD한국조선해양,009540
2025-01-24,228500.0,"상승  2,500",228500.0,231000.0,226000.0,272883.0,HD한국조선해양,009540
2025-01-31,232000.0,"상승  3,500",230500.0,237000.0,229500.0,340308.0,HD한국조선해양,009540
2025-02-03,226000.0,"하락  6,000",223500.0,232500.0,223000.0,248059.0,HD한국조선해양,009540
2025-02-04,232000.0,"상승  6,000",229000.0,234000.0,225500.0,209976.0,HD한국조선해양,009540
2025-02-05,225500.0,"하락  6,500",234000.0,234000.0,224500.0,228138.0,HD한국조선해양,009540
2025-02-06,228000.0,"상승  2,500",227500.0,237500.0,225000.0,343354.0,HD한국조선해양,009540
2025-02-07,225500.0,"하락  2,500",230000.0,230500.0,222500.0,238992.0,HD한국조선해양,009540
2025-02-10,218500.0,"하락  7,000",223000.0,230000.0,217500.0,323706.0,HD한국조선해양,009540
2025-02-11,221500.0,"상승  3,000",219500.0,223000.0,218000.0,249486.0,HD한국조선해양,009540
2025-02-12,234000.0,"상승  12,500",224500.0,234500.0,224500.0,462622.0,HD한국조선해양,009540
2025-02-13,236500.0,"상승  2,500",237000.0,241500.0,231500.0,539857.0,HD한국조선해양,009540
2025-02-14,225500.0,"하락  11,000",235000.0,235500.0,222500.0,372442.0,HD한국조선해양,009540
2025-02-17,225500.0,보합0,229000.0,229500.0,222500.0,170927.0,HD한국조선해양,009540
2025-02-18,232500.0,"상승  7,000",228000.0,233000.0,223500.0,228927.0,HD한국조선해양,009540
2025-02-19,239000.0,"상승  6,500",233500.0,244500.0,232500.0,431148.0,HD한국조선해양,009540
2025-02-20,217500.0,"하락  21,500",234500.0,235000.0,216500.0,714667.0,HD한국조선해양,009540
2025-02-21,214000.0,"하락  3,500",213500.0,217000.0,209500.0,301845.0,HD한국조선해양,009540
2025-02-24,211500.0,"하락  2,500",217000.0,218000.0,206500.0,357984.0,HD한국조선해양,009540
2025-02-25,223500.0,"상승  12,000",209000.0,224500.0,209000.0,481497.0,HD한국조선해양,009540
2025-02-26,222500.0,"하락  1,000",224000.0,236500.0,220000.0,578436.0,HD한국조선해양,009540
2025-02-27,216500.0,"하락  6,000",219500.0,220500.0,213500.0,265438.0,HD한국조선해양,009540
2025-02-28,214000.0,"하락  2,500",213000.0,215000.0,208000.0,378018.0,HD한국조선해양,009540
2025-03-04,235500.0,"상승  21,500",217000.0,235500.0,215500.0,586195.0,HD한국조선해양,009540
2025-03-05,251000.0,"상승  15,500",233000.0,253500.0,226500.0,895857.0,HD한국조선해양,009540
2025-03-06,246500.0,"하락  4,500",248000.0,251000.0,245000.0,329079.0,HD한국조선해양,009540
2025-03-07,233500.0,"하락  13,000",247500.0,248500.0,233000.0,448650.0,HD한국조선해양,009540
2025-03-10,233000.0,하락  500,233500.0,239500.0,228000.0,295671.0,HD한국조선해양,009540
2025-03-11,217000.0,"하락  16,000",226000.0,229000.0,213000.0,566459.0,HD한국조선해양,009540
2025-03-12,212500.0,"하락  4,500",218000.0,224500.0,210000.0,444824.0,HD한국조선해양,009540
2025-03-13,214500.0,"상승  2,000",215500.0,221000.0,213000.0,310393.0,HD한국조선해양,009540
2025-03-14,214000.0,하락  500,213000.0,217500.0,211000.0,136430.0,HD한국조선해양,009540
2025-03-17,216500.0,"상승  2,500",214500.0,218000.0,213000.0,232866.0,HD한국조선해양,009540
2025-03-18,220500.0,"상승  4,000",218500.0,224500.0,218000.0,259810.0,HD한국조선해양,009540
2025-03-19,219000.0,"하락  1,500",221000.0,223000.0,217500.0,218004.0,HD한국조선해양,009540
2025-03-20,209500.0,"하락  9,500",219500.0,220000.0,207500.0,341477.0,HD한국조선해양,009540
2025-03-21,213500.0,"상승  4,000",206500.0,213500.0,205000.0,327180.0,HD한국조선해양,009540
2025-03-24,211000.0,"하락  2,500",211500.0,213500.0,209000.0,101445.0,HD한국조선해양,009540
2025-03-25,207000.0,"하락  4,000",212000.0,214000.0,206000.0,183485.0,HD한국조선해양,009540
2025-03-26,207500.0,상승  500,209000.0,211000.0,202000.0,168519.0,HD한국조선해양,009540
2025-03-27,196400.0,"하락  11,100",209000.0,209000.0,196000.0,258843.0,HD한국조선해양,009540
2025-03-28,201000.0,"상승  4,600",196200.0,201000.0,194400.0,230365.0,HD한국조선해양,009540
2025-03-31,201000.0,보합0,195100.0,202000.0,195100.0,206415.0,HD한국조선해양,009540
2025-04-01,203500.0,"상승  2,500",202500.0,205500.0,201000.0,219781.0,HD한국조선해양,009540
2025-04-02,206000.0,"상승  2,500",205500.0,208500.0,200500.0,187881.0,HD한국조선해양,009540
2025-04-03,207500.0,"상승  1,500",200000.0,207500.0,200000.0,200944.0,HD한국조선해양,009540
2025-04-04,204000.0,"하락  3,500",203500.0,210500.0,199900.0,223104.0,HD한국조선해양,009540
2025-04-07,186200.0,"하락  17,800",191100.0,196000.0,185700.0,303590.0,HD한국조선해양,009540
2025-04-08,191900.0,"상승  5,700",191300.0,195300.0,190500.0,320962.0,HD한국조선해양,009540
2025-04-09,195500.0,"상승  3,600",197000.0,204000.0,192000.0,306003.0,HD한국조선해양,009540
2025-04-10,213000.0,"상승  17,500",207000.0,213500.0,203500.0,262869.0,HD한국조선해양,009540
2025-04-11,221000.0,"상승  8,000",218000.0,221500.0,215500.0,299160.0,HD한국조선해양,009540
2025-04-14,226000.0,"상승  5,000",225500.0,228000.0,222000.0,254854.0,HD한국조선해양,009540
2025-04-15,226000.0,보합0,224000.0,226500.0,222000.0,154973.0,HD한국조선해양,009540
2025-04-16,226000.0,보합0,228500.0,230000.0,224500.0,149399.0,HD한국조선해양,009540
2025-04-17,230000.0,"상승  4,000",226000.0,231000.0,225000.0,169471.0,HD한국조선해양,009540
2025-04-18,226000.0,"하락  4,000",232000.0,233000.0,223000.0,121058.0,HD한국조선해양,009540
2025-04-21,222000.0,"하락  4,000",224500.0,227500.0,217500.0,163783.0,HD한국조선해양,009540
2025-04-22,230500.0,"상승  8,500",222000.0,232000.0,222000.0,180717.0,HD한국조선해양,009540
2025-04-23,233500.0,"상승  3,000",233000.0,236500.0,229000.0,186906.0,HD한국조선해양,009540
2025-04-24,249500.0,"상승  16,000",233500.0,251000.0,230500.0,638799.0,HD한국조선해양,009540
2025-04-25,265500.0,"상승  16,000",258500.0,265500.0,255000.0,594024.0,HD한국조선해양,009540
2025-04-28,266500.0,"상승  1,000",272000.0,273750.0,261500.0,367980.0,HD한국조선해양,009540
2025-04-29,269500.0,"상승  3,000",269500.0,275000.0,262000.0,299128.0,HD한국조선해양,009540
2025-04-30,272000.0,"상승  2,500",268000.0,272000.0,263500.0,261518.0,HD한국조선해양,009540
2025-05-02,277500.0,"상승  5,500",272000.0,278500.0,271000.0,198470.0,HD한국조선해양,009540
2025-05-07,280000.0,"상승  2,500",282500.0,288000.0,278000.0,299358.0,HD한국조선해양,009540
2025-05-08,287000.0,"상승  7,000",278500.0,289000.0,276500.0,266287.0,HD한국조선해양,009540
2025-05-09,283500.0,"하락  3,500",288000.0,288000.0,281500.0,139491.0,HD한국조선해양,009540
2025-05-12,273000.0,"하락  10,500",285000.0,287500.0,268000.0,311791.0,HD한국조선해양,009540
2025-05-13,283000.0,"상승  10,000",264500.0,283000.0,260500.0,285046.0,HD한국조선해양,009540
2025-05-14,288000.0,"상승  5,000",282000.0,291000.0,281000.0,187824.0,HD한국조선해양,009540
2025-05-15,289000.0,"상승  1,000",284500.0,290000.0,280500.0,158439.0,HD한국조선해양,009540
2025-05-16,287000.0,"하락  2,000",289000.0,291500.0,285500.0,136193.0,HD한국조선해양,009540
2025-05-19,288000.0,"상승  1,000",284000.0,292000.0,283000.0,116261.0,HD한국조선해양,009540
2025-05-20,279000.0,"하락  9,000",290000.0,290500.0,277500.0,218359.0,HD한국조선해양,009540
2025-05-21,291500.0,"상승  12,500",282500.0,295000.0,282000.0,240404.0,HD한국조선해양,009540
2025-05-22,288000.0,"하락  3,500",288000.0,291500.0,285500.0,129869.0,HD한국조선해양,009540
2025-05-23,288500.0,상승  500,289000.0,290000.0,282500.0,131668.0,HD한국조선해양,009540
2025-05-26,296500.0,"상승  8,000",286500.0,297000.0,284000.0,166053.0,HD한국조선해양,009540
2025-05-27,296000.0,하락  500,297000.0,299250.0,293000.0,137494.0,HD한국조선해양,009540
2025-05-28,289500.0,"하락  6,500",298000.0,303000.0,287500.0,294123.0,HD한국조선해양,009540
2025-05-29,310500.0,"상승  21,000",294500.0,315000.0,292000.0,454525.0,HD한국조선해양,009540
