날짜,종가,전일비,시가,고가,저가,거래량,회사명,종목코드
2020-03-16,19650.0,"하락  2,750",22000.0,23200.0,19650.0,308328.0,HD현대에너지솔루션,322000
2020-03-17,20150.0,상승  500,17800.0,20800.0,17800.0,319404.0,HD현대에너지솔루션,322000
2020-03-18,18000.0,"하락  2,150",20250.0,20950.0,18000.0,237464.0,HD현대에너지솔루션,322000
2020-03-19,14300.0,"하락  3,700",18750.0,19400.0,13600.0,371182.0,HD현대에너지솔루션,322000
2020-03-20,16100.0,"상승  1,800",15200.0,16500.0,14300.0,299887.0,HD현대에너지솔루션,322000
2020-03-23,15300.0,하락  800,15000.0,15750.0,13900.0,144148.0,HD현대에너지솔루션,322000
2020-03-24,16900.0,"상승  1,600",16600.0,16900.0,15950.0,162131.0,HD현대에너지솔루션,322000
2020-03-25,19300.0,"상승  2,400",17600.0,20400.0,17600.0,464047.0,HD현대에너지솔루션,322000
2020-03-26,18150.0,"하락  1,150",19600.0,20000.0,18100.0,313746.0,HD현대에너지솔루션,322000
2020-03-27,18000.0,하락  150,19000.0,19350.0,17150.0,204275.0,HD현대에너지솔루션,322000
2020-03-30,19250.0,"상승  1,250",17200.0,19300.0,17150.0,183189.0,HD현대에너지솔루션,322000
2020-03-31,19250.0,보합0,19750.0,19800.0,18750.0,197393.0,HD현대에너지솔루션,322000
2020-04-01,18250.0,"하락  1,000",18950.0,20000.0,18250.0,227626.0,HD현대에너지솔루션,322000
2020-04-02,19000.0,상승  750,18500.0,19300.0,17750.0,106647.0,HD현대에너지솔루션,322000
2020-04-03,18950.0,하락  50,19400.0,19500.0,18550.0,104658.0,HD현대에너지솔루션,322000
2020-04-06,19850.0,상승  900,19050.0,19950.0,19000.0,172736.0,HD현대에너지솔루션,322000
2020-04-07,19950.0,상승  100,20250.0,20500.0,19250.0,171919.0,HD현대에너지솔루션,322000
2020-04-08,19700.0,하락  250,19800.0,20300.0,19400.0,155212.0,HD현대에너지솔루션,322000
2020-04-09,20050.0,상승  350,20200.0,20700.0,19800.0,107761.0,HD현대에너지솔루션,322000
2020-04-10,21300.0,"상승  1,250",20150.0,21750.0,19850.0,454222.0,HD현대에너지솔루션,322000
2020-04-13,19600.0,"하락  1,700",21050.0,21200.0,19350.0,223409.0,HD현대에너지솔루션,322000
2020-04-14,19700.0,상승  100,19900.0,20100.0,19550.0,99359.0,HD현대에너지솔루션,322000
2020-04-16,20250.0,상승  550,19400.0,20450.0,19350.0,98911.0,HD현대에너지솔루션,322000
2020-04-17,22200.0,"상승  1,950",20600.0,22550.0,20400.0,455158.0,HD현대에너지솔루션,322000
2020-04-20,21650.0,하락  550,22400.0,22450.0,21550.0,230964.0,HD현대에너지솔루션,322000
2020-04-21,21200.0,하락  450,21650.0,22300.0,19800.0,272745.0,HD현대에너지솔루션,322000
2020-04-22,21000.0,하락  200,20650.0,21000.0,19900.0,194679.0,HD현대에너지솔루션,322000
2020-04-23,21200.0,상승  200,21500.0,21500.0,20700.0,91370.0,HD현대에너지솔루션,322000
2020-04-24,20100.0,"하락  1,100",21200.0,21200.0,19900.0,108893.0,HD현대에너지솔루션,322000
2020-04-27,20650.0,상승  550,20450.0,20950.0,20050.0,88910.0,HD현대에너지솔루션,322000
2020-04-28,20200.0,하락  450,20800.0,20900.0,20000.0,102617.0,HD현대에너지솔루션,322000
2020-04-29,19650.0,하락  550,20700.0,20700.0,19400.0,267076.0,HD현대에너지솔루션,322000
2020-05-04,19300.0,하락  350,19400.0,19400.0,18700.0,111104.0,HD현대에너지솔루션,322000
2020-05-06,19950.0,상승  650,19450.0,20100.0,19450.0,109098.0,HD현대에너지솔루션,322000
2020-05-07,20450.0,상승  500,20650.0,21300.0,20250.0,260828.0,HD현대에너지솔루션,322000
2020-05-08,22100.0,"상승  1,650",20650.0,22200.0,20450.0,321641.0,HD현대에너지솔루션,322000
2020-05-11,23300.0,"상승  1,200",22950.0,24300.0,22500.0,523481.0,HD현대에너지솔루션,322000
2020-05-12,23200.0,하락  100,23650.0,23800.0,22550.0,188753.0,HD현대에너지솔루션,322000
2020-05-13,23250.0,상승  50,23200.0,23800.0,22750.0,194389.0,HD현대에너지솔루션,322000
2020-05-14,23150.0,하락  100,23200.0,23900.0,23000.0,253328.0,HD현대에너지솔루션,322000
2020-05-15,22450.0,하락  700,23350.0,23400.0,22000.0,226490.0,HD현대에너지솔루션,322000
2020-05-18,21900.0,하락  550,22300.0,22300.0,21650.0,96749.0,HD현대에너지솔루션,322000
2020-05-19,22950.0,"상승  1,050",22850.0,23450.0,22400.0,163010.0,HD현대에너지솔루션,322000
2020-05-20,25350.0,"상승  2,400",23100.0,25350.0,23000.0,413640.0,HD현대에너지솔루션,322000
2020-05-21,25700.0,상승  350,28300.0,29850.0,25550.0,1750232.0,HD현대에너지솔루션,322000
2020-05-22,27100.0,"상승  1,400",25900.0,27500.0,24900.0,550179.0,HD현대에너지솔루션,322000
2020-05-25,28500.0,"상승  1,400",27000.0,28650.0,26450.0,418715.0,HD현대에너지솔루션,322000
2020-05-26,28300.0,하락  200,28400.0,28900.0,27550.0,254150.0,HD현대에너지솔루션,322000
2020-05-27,29800.0,"상승  1,500",28150.0,32850.0,27700.0,2006496.0,HD현대에너지솔루션,322000
2020-05-28,28350.0,"하락  1,450",29450.0,29550.0,26850.0,544111.0,HD현대에너지솔루션,322000
2020-05-29,27150.0,"하락  1,200",27900.0,27950.0,26300.0,360921.0,HD현대에너지솔루션,322000
2020-06-01,27350.0,상승  200,27150.0,28450.0,27050.0,322980.0,HD현대에너지솔루션,322000
2020-06-02,27350.0,보합0,27800.0,28050.0,27150.0,208291.0,HD현대에너지솔루션,322000
2020-06-03,26500.0,하락  850,27450.0,27500.0,26250.0,287721.0,HD현대에너지솔루션,322000
2020-06-04,26500.0,보합0,26800.0,27200.0,26250.0,161490.0,HD현대에너지솔루션,322000
2020-06-05,27950.0,"상승  1,450",26850.0,28200.0,26750.0,421978.0,HD현대에너지솔루션,322000
2020-06-08,28050.0,상승  100,29200.0,29500.0,28050.0,440801.0,HD현대에너지솔루션,322000
2020-06-09,27600.0,하락  450,28100.0,28700.0,27050.0,217557.0,HD현대에너지솔루션,322000
2020-06-10,27000.0,하락  600,27500.0,27600.0,26700.0,173111.0,HD현대에너지솔루션,322000
2020-06-11,26800.0,하락  200,27000.0,27200.0,26450.0,173906.0,HD현대에너지솔루션,322000
2020-06-12,25900.0,하락  900,25100.0,25900.0,24600.0,274230.0,HD현대에너지솔루션,322000
2020-06-15,23000.0,"하락  2,900",25600.0,25850.0,22750.0,300742.0,HD현대에너지솔루션,322000
2020-06-16,23850.0,상승  850,23750.0,24200.0,23250.0,203329.0,HD현대에너지솔루션,322000
2020-06-17,26100.0,"상승  2,250",23500.0,27500.0,23500.0,355389.0,HD현대에너지솔루션,322000
2020-06-18,25300.0,하락  800,26200.0,26300.0,25000.0,165431.0,HD현대에너지솔루션,322000
2020-06-19,26600.0,"상승  1,300",25900.0,27300.0,25350.0,227992.0,HD현대에너지솔루션,322000
2020-06-22,27200.0,상승  600,26550.0,27950.0,26000.0,197710.0,HD현대에너지솔루션,322000
2020-06-23,27200.0,보합0,27700.0,27800.0,26850.0,118438.0,HD현대에너지솔루션,322000
2020-06-24,26850.0,하락  350,27650.0,27700.0,26500.0,138265.0,HD현대에너지솔루션,322000
2020-06-25,26250.0,하락  600,26250.0,26650.0,25750.0,88692.0,HD현대에너지솔루션,322000
2020-06-26,28300.0,"상승  2,050",26350.0,28300.0,25800.0,502656.0,HD현대에너지솔루션,322000
2020-06-29,27100.0,"하락  1,200",27900.0,28100.0,26750.0,274322.0,HD현대에너지솔루션,322000
2020-06-30,27750.0,상승  650,27400.0,28750.0,27100.0,448824.0,HD현대에너지솔루션,322000
2020-07-01,25950.0,"하락  1,800",27900.0,27900.0,25650.0,440561.0,HD현대에너지솔루션,322000
2020-07-02,26250.0,상승  300,26100.0,26350.0,25300.0,105669.0,HD현대에너지솔루션,322000
2020-07-03,25600.0,하락  650,26300.0,26300.0,25400.0,102952.0,HD현대에너지솔루션,322000
2020-07-06,25900.0,상승  300,25900.0,26250.0,25600.0,70615.0,HD현대에너지솔루션,322000
2020-07-07,25450.0,하락  450,26050.0,26400.0,25250.0,86926.0,HD현대에너지솔루션,322000
2020-07-08,25350.0,하락  100,25300.0,25750.0,25300.0,54304.0,HD현대에너지솔루션,322000
2020-07-09,27800.0,"상승  2,450",26000.0,27800.0,25950.0,1135696.0,HD현대에너지솔루션,322000
2020-07-10,26650.0,"하락  1,150",27250.0,27500.0,26350.0,539538.0,HD현대에너지솔루션,322000
2020-07-13,27800.0,"상승  1,150",27150.0,27800.0,26850.0,515575.0,HD현대에너지솔루션,322000
2020-07-14,25750.0,"하락  2,050",27850.0,27850.0,25750.0,634704.0,HD현대에너지솔루션,322000
2020-07-15,27300.0,"상승  1,550",26900.0,27900.0,26700.0,547963.0,HD현대에너지솔루션,322000
2020-07-16,30350.0,"상승  3,050",28350.0,31000.0,27550.0,1943287.0,HD현대에너지솔루션,322000
2020-07-17,29950.0,하락  400,30600.0,31500.0,29350.0,841645.0,HD현대에너지솔루션,322000
2020-07-20,30250.0,상승  300,30000.0,31000.0,29000.0,603819.0,HD현대에너지솔루션,322000
2020-07-21,33750.0,"상승  3,500",30750.0,35150.0,30250.0,2073752.0,HD현대에너지솔루션,322000
2020-07-22,32800.0,하락  950,34150.0,36850.0,32050.0,1304388.0,HD현대에너지솔루션,322000
2020-07-23,33000.0,상승  200,32950.0,33750.0,32000.0,520427.0,HD현대에너지솔루션,322000
2020-07-24,30950.0,"하락  2,050",32600.0,32800.0,30800.0,483931.0,HD현대에너지솔루션,322000
2020-07-27,31000.0,상승  50,30500.0,31450.0,29900.0,298797.0,HD현대에너지솔루션,322000
2020-07-28,29500.0,"하락  1,500",30700.0,31000.0,29250.0,474838.0,HD현대에너지솔루션,322000
2020-07-29,30500.0,"상승  1,000",29700.0,31050.0,29650.0,317702.0,HD현대에너지솔루션,322000
2020-07-30,31450.0,상승  950,30150.0,31500.0,29550.0,348652.0,HD현대에너지솔루션,322000
2020-07-31,31350.0,하락  100,31500.0,31950.0,30800.0,210979.0,HD현대에너지솔루션,322000
2020-08-03,31100.0,하락  250,31350.0,31350.0,30400.0,124993.0,HD현대에너지솔루션,322000
2020-08-04,32600.0,"상승  1,500",31300.0,33150.0,31300.0,565330.0,HD현대에너지솔루션,322000
2020-08-05,34800.0,"상승  2,200",33500.0,37000.0,33000.0,1878236.0,HD현대에너지솔루션,322000
2020-08-06,34000.0,하락  800,34750.0,35250.0,33850.0,412355.0,HD현대에너지솔루션,322000
2020-08-07,35400.0,"상승  1,400",34350.0,36200.0,32850.0,581443.0,HD현대에너지솔루션,322000
2020-08-10,35850.0,상승  450,35900.0,36800.0,35050.0,376534.0,HD현대에너지솔루션,322000
2020-08-11,34350.0,"하락  1,500",35400.0,35700.0,34000.0,289080.0,HD현대에너지솔루션,322000
2020-08-12,34050.0,하락  300,34300.0,34300.0,32950.0,851833.0,HD현대에너지솔루션,322000
2020-08-13,33850.0,하락  200,33400.0,34300.0,32950.0,348833.0,HD현대에너지솔루션,322000
2020-08-14,31500.0,"하락  2,350",33450.0,33800.0,31200.0,329529.0,HD현대에너지솔루션,322000
2020-08-18,28700.0,"하락  2,800",30850.0,31350.0,28150.0,365581.0,HD현대에너지솔루션,322000
2020-08-19,28950.0,상승  250,28400.0,29600.0,27700.0,302597.0,HD현대에너지솔루션,322000
2020-08-20,26900.0,"하락  2,050",29050.0,29350.0,26650.0,331927.0,HD현대에너지솔루션,322000
2020-08-21,27300.0,상승  400,27500.0,27800.0,26250.0,163627.0,HD현대에너지솔루션,322000
2020-08-24,28100.0,상승  800,26800.0,28250.0,26450.0,194200.0,HD현대에너지솔루션,322000
2020-08-25,29300.0,"상승  1,200",27900.0,29350.0,27900.0,192699.0,HD현대에너지솔루션,322000
2020-08-26,28700.0,하락  600,29350.0,29450.0,28200.0,197224.0,HD현대에너지솔루션,322000
2020-08-27,27800.0,하락  900,28550.0,28700.0,27700.0,154574.0,HD현대에너지솔루션,322000
2020-08-28,27750.0,하락  50,27900.0,28600.0,27550.0,136363.0,HD현대에너지솔루션,322000
2020-08-31,28850.0,"상승  1,100",27800.0,29000.0,27800.0,225002.0,HD현대에너지솔루션,322000
2020-09-01,28600.0,하락  250,28600.0,29100.0,28250.0,141870.0,HD현대에너지솔루션,322000
2020-09-02,28800.0,상승  200,28750.0,29100.0,28300.0,163406.0,HD현대에너지솔루션,322000
2020-09-03,31700.0,"상승  2,900",29400.0,32300.0,28950.0,1238606.0,HD현대에너지솔루션,322000
2020-09-04,41200.0,"상한가  9,500",30500.0,41200.0,30500.0,4026703.0,HD현대에너지솔루션,322000
2020-09-07,40100.0,"하락  1,100",44850.0,46650.0,39700.0,5209698.0,HD현대에너지솔루션,322000
2020-09-08,37950.0,"하락  2,150",41100.0,41800.0,37150.0,1393448.0,HD현대에너지솔루션,322000
2020-09-09,39000.0,"상승  1,050",37400.0,39250.0,36650.0,1319966.0,HD현대에너지솔루션,322000
2020-09-10,39500.0,상승  500,40300.0,42550.0,38800.0,1736521.0,HD현대에너지솔루션,322000
2020-09-11,38000.0,"하락  1,500",39150.0,39150.0,37400.0,494640.0,HD현대에너지솔루션,322000
2020-09-14,37800.0,하락  200,37650.0,38850.0,37100.0,674515.0,HD현대에너지솔루션,322000
2020-09-15,35600.0,"하락  2,200",38000.0,38200.0,35450.0,808562.0,HD현대에너지솔루션,322000
2020-09-16,36150.0,상승  550,35950.0,36800.0,35600.0,294653.0,HD현대에너지솔루션,322000
2020-09-17,35400.0,하락  750,36150.0,36550.0,35100.0,202877.0,HD현대에너지솔루션,322000
2020-09-18,35250.0,하락  150,35400.0,35800.0,34450.0,184811.0,HD현대에너지솔루션,322000
2020-09-21,33500.0,"하락  1,750",35250.0,35950.0,33150.0,268368.0,HD현대에너지솔루션,322000
2020-09-22,32200.0,"하락  1,300",32850.0,33000.0,31500.0,317988.0,HD현대에너지솔루션,322000
2020-09-23,32250.0,상승  50,32800.0,33200.0,30600.0,334725.0,HD현대에너지솔루션,322000
2020-09-24,31500.0,하락  750,31350.0,33150.0,31000.0,403584.0,HD현대에너지솔루션,322000
2020-09-25,30700.0,하락  800,31800.0,32000.0,30050.0,258693.0,HD현대에너지솔루션,322000
2020-09-28,32200.0,"상승  1,500",31300.0,32500.0,30850.0,266060.0,HD현대에너지솔루션,322000
2020-09-29,32000.0,하락  200,32500.0,32850.0,31750.0,201041.0,HD현대에너지솔루션,322000
2020-10-05,35150.0,"상승  3,150",33300.0,35300.0,32950.0,597603.0,HD현대에너지솔루션,322000
2020-10-06,36200.0,"상승  1,050",35950.0,36700.0,34500.0,518216.0,HD현대에너지솔루션,322000
2020-10-07,36650.0,상승  450,35750.0,37200.0,35250.0,356173.0,HD현대에너지솔루션,322000
2020-10-08,38850.0,"상승  2,200",37500.0,39850.0,37500.0,1301151.0,HD현대에너지솔루션,322000
2020-10-12,38000.0,하락  850,39150.0,39650.0,37200.0,514696.0,HD현대에너지솔루션,322000
2020-10-13,36200.0,"하락  1,800",37300.0,37500.0,35900.0,658643.0,HD현대에너지솔루션,322000
2020-10-14,35900.0,하락  300,36250.0,36900.0,35300.0,297958.0,HD현대에너지솔루션,322000
2020-10-15,35200.0,하락  700,36000.0,36300.0,34350.0,264836.0,HD현대에너지솔루션,322000
2020-10-16,34400.0,하락  800,35200.0,36250.0,33650.0,243165.0,HD현대에너지솔루션,322000
2020-10-19,33250.0,"하락  1,150",34400.0,34650.0,32750.0,258212.0,HD현대에너지솔루션,322000
2020-10-20,34150.0,상승  900,32750.0,34200.0,32500.0,208799.0,HD현대에너지솔루션,322000
2020-10-21,35800.0,"상승  1,650",34400.0,36050.0,34400.0,334830.0,HD현대에너지솔루션,322000
2020-10-22,34300.0,"하락  1,500",35100.0,35200.0,34050.0,177961.0,HD현대에너지솔루션,322000
2020-10-23,35100.0,상승  800,34700.0,35300.0,34500.0,118211.0,HD현대에너지솔루션,322000
2020-10-26,32800.0,"하락  2,300",35150.0,35450.0,32500.0,195003.0,HD현대에너지솔루션,322000
2020-10-27,33200.0,상승  400,32600.0,33700.0,31550.0,187060.0,HD현대에너지솔루션,322000
2020-10-28,35600.0,"상승  2,400",33200.0,35600.0,33200.0,330397.0,HD현대에너지솔루션,322000
2020-10-29,36150.0,상승  550,34800.0,36200.0,34550.0,358613.0,HD현대에너지솔루션,322000
2020-10-30,33850.0,"하락  2,300",35250.0,35700.0,33850.0,294551.0,HD현대에너지솔루션,322000
2020-11-02,35500.0,"상승  1,650",34200.0,36250.0,34200.0,420918.0,HD현대에너지솔루션,322000
2020-11-03,36900.0,"상승  1,400",36250.0,37250.0,35150.0,562209.0,HD현대에너지솔루션,322000
2020-11-04,33600.0,"하락  3,300",37450.0,37500.0,32500.0,1368908.0,HD현대에너지솔루션,322000
2020-11-05,35900.0,"상승  2,300",36050.0,36750.0,34750.0,936034.0,HD현대에너지솔루션,322000
2020-11-06,36200.0,상승  300,36550.0,37250.0,35250.0,582350.0,HD현대에너지솔루션,322000
2020-11-09,42650.0,"상승  6,450",37850.0,45000.0,37450.0,2753573.0,HD현대에너지솔루션,322000
2020-11-10,41700.0,하락  950,42550.0,43850.0,40250.0,1245520.0,HD현대에너지솔루션,322000
2020-11-11,39050.0,"하락  2,650",41000.0,41150.0,39050.0,760119.0,HD현대에너지솔루션,322000
2020-11-12,38900.0,하락  150,39600.0,40450.0,38450.0,386812.0,HD현대에너지솔루션,322000
2020-11-13,38450.0,하락  450,38150.0,39050.0,37000.0,399562.0,HD현대에너지솔루션,322000
2020-11-16,39150.0,상승  700,38200.0,39400.0,37600.0,291065.0,HD현대에너지솔루션,322000
2020-11-17,38650.0,하락  500,39500.0,39900.0,38300.0,250869.0,HD현대에너지솔루션,322000
2020-11-18,40400.0,"상승  1,750",38850.0,40450.0,38500.0,423608.0,HD현대에너지솔루션,322000
2020-11-19,39950.0,하락  450,39900.0,41000.0,39750.0,303023.0,HD현대에너지솔루션,322000
2020-11-20,39850.0,하락  100,40150.0,40200.0,39750.0,183263.0,HD현대에너지솔루션,322000
2020-11-23,39050.0,하락  800,39900.0,39900.0,38850.0,230965.0,HD현대에너지솔루션,322000
2020-11-24,40000.0,상승  950,39850.0,40750.0,39550.0,364034.0,HD현대에너지솔루션,322000
2020-11-25,39100.0,하락  900,40700.0,40800.0,38700.0,299035.0,HD현대에너지솔루션,322000
2020-11-26,39700.0,상승  600,39200.0,40050.0,38750.0,269304.0,HD현대에너지솔루션,322000
2020-11-27,40000.0,상승  300,39700.0,40300.0,39500.0,178530.0,HD현대에너지솔루션,322000
2020-11-30,39400.0,하락  600,40400.0,40400.0,39400.0,172835.0,HD현대에너지솔루션,322000
2020-12-01,39600.0,상승  200,39250.0,40150.0,39050.0,107964.0,HD현대에너지솔루션,322000
2020-12-02,39150.0,하락  450,40000.0,40000.0,39000.0,160421.0,HD현대에너지솔루션,322000
2020-12-03,38000.0,"하락  1,150",38750.0,39000.0,37800.0,265983.0,HD현대에너지솔루션,322000
2020-12-04,36900.0,"하락  1,100",37900.0,37900.0,36850.0,261363.0,HD현대에너지솔루션,322000
2020-12-07,37700.0,상승  800,36600.0,37950.0,36500.0,217402.0,HD현대에너지솔루션,322000
2020-12-08,37250.0,하락  450,37700.0,38200.0,37200.0,117489.0,HD현대에너지솔루션,322000
2020-12-09,37650.0,상승  400,37600.0,38650.0,37450.0,152357.0,HD현대에너지솔루션,322000
2020-12-10,38000.0,상승  350,37450.0,38000.0,37100.0,99036.0,HD현대에너지솔루션,322000
2020-12-11,37900.0,하락  100,38650.0,38700.0,37700.0,139152.0,HD현대에너지솔루션,322000
2020-12-14,37250.0,하락  650,37800.0,37900.0,37100.0,125498.0,HD현대에너지솔루션,322000
2020-12-15,37300.0,상승  50,37350.0,38100.0,37150.0,101593.0,HD현대에너지솔루션,322000
2020-12-16,39100.0,"상승  1,800",38500.0,39650.0,38400.0,585129.0,HD현대에너지솔루션,322000
2020-12-17,39050.0,하락  50,39500.0,39600.0,38550.0,236375.0,HD현대에너지솔루션,322000
2020-12-18,38700.0,하락  350,39400.0,39500.0,38550.0,180903.0,HD현대에너지솔루션,322000
2020-12-21,39150.0,상승  450,38750.0,39650.0,38700.0,251498.0,HD현대에너지솔루션,322000
2020-12-22,37800.0,"하락  1,350",39300.0,39600.0,37700.0,241818.0,HD현대에너지솔루션,322000
2020-12-23,37600.0,하락  200,38300.0,38550.0,36800.0,132240.0,HD현대에너지솔루션,322000
2020-12-24,37500.0,하락  100,37600.0,38350.0,37150.0,104010.0,HD현대에너지솔루션,322000
2020-12-28,37300.0,하락  200,37550.0,37950.0,36900.0,104953.0,HD현대에너지솔루션,322000
2020-12-29,39050.0,"상승  1,750",37700.0,39400.0,37500.0,315983.0,HD현대에너지솔루션,322000
2020-12-30,39850.0,상승  800,39300.0,40400.0,39100.0,312396.0,HD현대에너지솔루션,322000
2021-01-04,40250.0,상승  400,40650.0,40900.0,39850.0,303941.0,HD현대에너지솔루션,322000
2021-01-05,43000.0,"상승  2,750",40600.0,43900.0,40000.0,1059498.0,HD현대에너지솔루션,322000
2021-01-06,42800.0,하락  200,43900.0,43950.0,41400.0,542900.0,HD현대에너지솔루션,322000
2021-01-07,43150.0,상승  350,44650.0,45800.0,42800.0,736560.0,HD현대에너지솔루션,322000
2021-01-08,43850.0,상승  700,44800.0,45500.0,43450.0,526049.0,HD현대에너지솔루션,322000
2021-01-11,42200.0,"하락  1,650",44250.0,46000.0,41050.0,716941.0,HD현대에너지솔루션,322000
2021-01-12,40950.0,"하락  1,250",41600.0,42000.0,40100.0,301016.0,HD현대에너지솔루션,322000
2021-01-13,41400.0,상승  450,41500.0,41800.0,41000.0,175014.0,HD현대에너지솔루션,322000
2021-01-14,41000.0,하락  400,41700.0,41950.0,40800.0,143490.0,HD현대에너지솔루션,322000
2021-01-15,40950.0,하락  50,41700.0,41800.0,40600.0,144800.0,HD현대에너지솔루션,322000
2021-01-18,39600.0,"하락  1,350",40500.0,40950.0,39000.0,175933.0,HD현대에너지솔루션,322000
2021-01-19,41650.0,"상승  2,050",39600.0,41650.0,39600.0,180665.0,HD현대에너지솔루션,322000
2021-01-20,41700.0,상승  50,42100.0,42300.0,40700.0,195341.0,HD현대에너지솔루션,322000
2021-01-21,41100.0,하락  600,41800.0,42150.0,40700.0,208996.0,HD현대에너지솔루션,322000
2021-01-22,40850.0,하락  250,41350.0,41500.0,40800.0,197540.0,HD현대에너지솔루션,322000
2021-01-25,41000.0,상승  150,40900.0,41200.0,40000.0,183149.0,HD현대에너지솔루션,322000
2021-01-26,40500.0,하락  500,41700.0,41700.0,40500.0,130992.0,HD현대에너지솔루션,322000
2021-01-27,39900.0,하락  600,40550.0,40900.0,39600.0,116270.0,HD현대에너지솔루션,322000
2021-01-28,38700.0,"하락  1,200",39000.0,39650.0,38500.0,153703.0,HD현대에너지솔루션,322000
2021-01-29,36950.0,"하락  1,750",38750.0,39500.0,36200.0,184386.0,HD현대에너지솔루션,322000
2021-02-01,37900.0,상승  950,36200.0,37900.0,35600.0,125008.0,HD현대에너지솔루션,322000
2021-02-02,37950.0,상승  50,38500.0,38950.0,37500.0,135049.0,HD현대에너지솔루션,322000
2021-02-03,37400.0,하락  550,38150.0,38200.0,37100.0,118299.0,HD현대에너지솔루션,322000
2021-02-04,36300.0,"하락  1,100",37400.0,37450.0,36250.0,139153.0,HD현대에너지솔루션,322000
2021-02-05,36900.0,상승  600,36300.0,37300.0,36200.0,221802.0,HD현대에너지솔루션,322000
2021-02-08,36400.0,하락  500,36900.0,37050.0,36100.0,122409.0,HD현대에너지솔루션,322000
2021-02-09,35650.0,하락  750,36400.0,36850.0,35600.0,138227.0,HD현대에너지솔루션,322000
2021-02-10,34500.0,"하락  1,150",35500.0,35650.0,34200.0,276498.0,HD현대에너지솔루션,322000
2021-02-15,34700.0,상승  200,35100.0,35100.0,34500.0,182796.0,HD현대에너지솔루션,322000
2021-02-16,35400.0,상승  700,34500.0,35900.0,34500.0,147118.0,HD현대에너지솔루션,322000
2021-02-17,36700.0,"상승  1,300",35700.0,36750.0,35200.0,175305.0,HD현대에너지솔루션,322000
2021-02-18,37100.0,상승  400,36900.0,37950.0,36650.0,202222.0,HD현대에너지솔루션,322000
2021-02-19,36200.0,하락  900,37150.0,37350.0,35150.0,169845.0,HD현대에너지솔루션,322000
2021-02-22,35000.0,"하락  1,200",36500.0,36500.0,35000.0,118397.0,HD현대에너지솔루션,322000
2021-02-23,34500.0,하락  500,35000.0,35000.0,34000.0,99327.0,HD현대에너지솔루션,322000
2021-02-24,32950.0,"하락  1,550",34550.0,34850.0,32850.0,122207.0,HD현대에너지솔루션,322000
2021-02-25,33800.0,상승  850,33250.0,33950.0,33250.0,108875.0,HD현대에너지솔루션,322000
2021-02-26,32500.0,"하락  1,300",32300.0,33200.0,32150.0,100086.0,HD현대에너지솔루션,322000
2021-03-02,32600.0,상승  100,33100.0,33700.0,32500.0,70772.0,HD현대에너지솔루션,322000
2021-03-03,33200.0,상승  600,32500.0,33500.0,32500.0,46431.0,HD현대에너지솔루션,322000
2021-03-04,32500.0,하락  700,33000.0,33000.0,32300.0,49223.0,HD현대에너지솔루션,322000
2021-03-05,31800.0,하락  700,32000.0,32200.0,31150.0,84256.0,HD현대에너지솔루션,322000
2021-03-08,31700.0,하락  100,31700.0,32900.0,31700.0,61189.0,HD현대에너지솔루션,322000
2021-03-09,30700.0,"하락  1,000",31400.0,31400.0,29900.0,107926.0,HD현대에너지솔루션,322000
2021-03-10,30400.0,하락  300,31550.0,31600.0,30400.0,40903.0,HD현대에너지솔루션,322000
2021-03-11,30950.0,상승  550,30300.0,31000.0,30250.0,44290.0,HD현대에너지솔루션,322000
2021-03-12,33300.0,"상승  2,350",31500.0,33300.0,31500.0,152169.0,HD현대에너지솔루션,322000
2021-03-15,34450.0,"상승  1,150",34000.0,34500.0,33700.0,143449.0,HD현대에너지솔루션,322000
2021-03-16,35200.0,상승  750,34650.0,35500.0,34150.0,121791.0,HD현대에너지솔루션,322000
2021-03-17,35500.0,상승  300,35000.0,35500.0,33500.0,72753.0,HD현대에너지솔루션,322000
2021-03-18,34750.0,하락  750,35500.0,35950.0,34500.0,120451.0,HD현대에너지솔루션,322000
2021-03-19,34450.0,하락  300,34000.0,34700.0,33700.0,52307.0,HD현대에너지솔루션,322000
2021-03-22,34450.0,보합0,34500.0,34700.0,33650.0,57721.0,HD현대에너지솔루션,322000
2021-03-23,34400.0,하락  50,34450.0,34950.0,34200.0,41971.0,HD현대에너지솔루션,322000
2021-03-24,34550.0,상승  150,34550.0,34700.0,34050.0,39074.0,HD현대에너지솔루션,322000
2021-03-25,35500.0,상승  950,34550.0,35550.0,34250.0,117137.0,HD현대에너지솔루션,322000
2021-03-26,35550.0,상승  50,35900.0,35900.0,34950.0,56088.0,HD현대에너지솔루션,322000
2021-03-29,35600.0,상승  50,35850.0,36050.0,35450.0,90419.0,HD현대에너지솔루션,322000
2021-03-30,35150.0,하락  450,35700.0,35850.0,35000.0,55580.0,HD현대에너지솔루션,322000
2021-03-31,35900.0,상승  750,35500.0,36150.0,35250.0,104746.0,HD현대에너지솔루션,322000
2021-04-01,35850.0,하락  50,36000.0,36900.0,35250.0,146250.0,HD현대에너지솔루션,322000
2021-04-02,35150.0,하락  700,35900.0,36100.0,35150.0,61147.0,HD현대에너지솔루션,322000
2021-04-05,34950.0,하락  200,35400.0,35500.0,34850.0,55061.0,HD현대에너지솔루션,322000
2021-04-06,34400.0,하락  550,35050.0,35050.0,34300.0,52676.0,HD현대에너지솔루션,322000
2021-04-07,34200.0,하락  200,34400.0,35100.0,34200.0,61244.0,HD현대에너지솔루션,322000
2021-04-08,34900.0,상승  700,34200.0,35050.0,34150.0,60318.0,HD현대에너지솔루션,322000
2021-04-09,35000.0,상승  100,35100.0,35350.0,34800.0,37327.0,HD현대에너지솔루션,322000
2021-04-12,34750.0,하락  250,35250.0,35250.0,34700.0,43226.0,HD현대에너지솔루션,322000
2021-04-13,34800.0,상승  50,34250.0,34950.0,34250.0,50679.0,HD현대에너지솔루션,322000
2021-04-14,35250.0,상승  450,35000.0,35500.0,34750.0,78621.0,HD현대에너지솔루션,322000
2021-04-15,34850.0,하락  400,35300.0,35500.0,34750.0,69581.0,HD현대에너지솔루션,322000
2021-04-16,35250.0,상승  400,35000.0,35250.0,34500.0,185197.0,HD현대에너지솔루션,322000
2021-04-19,35900.0,상승  650,35650.0,36300.0,35400.0,132273.0,HD현대에너지솔루션,322000
2021-04-20,36100.0,상승  200,36000.0,36250.0,35600.0,81475.0,HD현대에너지솔루션,322000
2021-04-21,35200.0,하락  900,36200.0,36200.0,35000.0,75494.0,HD현대에너지솔루션,322000
2021-04-22,36650.0,"상승  1,450",35300.0,36800.0,35300.0,242812.0,HD현대에너지솔루션,322000
2021-04-23,36200.0,하락  450,36850.0,36850.0,35800.0,114831.0,HD현대에너지솔루션,322000
2021-04-26,36600.0,상승  400,36700.0,36850.0,36350.0,87276.0,HD현대에너지솔루션,322000
2021-04-27,36150.0,하락  450,36600.0,36700.0,35700.0,69839.0,HD현대에너지솔루션,322000
2021-04-28,35150.0,"하락  1,000",36150.0,36150.0,34800.0,96097.0,HD현대에너지솔루션,322000
2021-04-29,33850.0,"하락  1,300",34800.0,35150.0,33550.0,151496.0,HD현대에너지솔루션,322000
2021-04-30,33900.0,상승  50,33900.0,34350.0,33550.0,57375.0,HD현대에너지솔루션,322000
2021-05-03,33600.0,하락  300,33900.0,34350.0,33150.0,51034.0,HD현대에너지솔루션,322000
2021-05-04,34200.0,상승  600,33050.0,34200.0,33050.0,56455.0,HD현대에너지솔루션,322000
2021-05-06,34100.0,하락  100,34650.0,35150.0,33900.0,87132.0,HD현대에너지솔루션,322000
2021-05-07,33850.0,하락  250,34400.0,34600.0,33800.0,56625.0,HD현대에너지솔루션,322000
2021-05-10,34000.0,상승  150,33850.0,34300.0,33850.0,44068.0,HD현대에너지솔루션,322000
2021-05-11,33600.0,하락  400,33550.0,33950.0,33550.0,45983.0,HD현대에너지솔루션,322000
2021-05-12,33000.0,하락  600,33600.0,34150.0,31950.0,86867.0,HD현대에너지솔루션,322000
2021-05-13,32150.0,하락  850,32300.0,32700.0,32100.0,49568.0,HD현대에너지솔루션,322000
2021-05-14,32350.0,상승  200,32450.0,32700.0,32100.0,26805.0,HD현대에너지솔루션,322000
2021-05-17,32100.0,하락  250,32400.0,32750.0,31900.0,36680.0,HD현대에너지솔루션,322000
2021-05-18,32000.0,하락  100,32050.0,32400.0,31850.0,36865.0,HD현대에너지솔루션,322000
2021-05-20,32250.0,상승  250,32000.0,32600.0,31800.0,36873.0,HD현대에너지솔루션,322000
2021-05-21,32100.0,하락  150,32300.0,32700.0,32050.0,32427.0,HD현대에너지솔루션,322000
2021-05-24,31750.0,하락  350,32200.0,32200.0,31550.0,34860.0,HD현대에너지솔루션,322000
2021-05-25,31700.0,하락  50,31550.0,32050.0,31550.0,26037.0,HD현대에너지솔루션,322000
2021-05-26,31600.0,하락  100,31700.0,31850.0,31400.0,35373.0,HD현대에너지솔루션,322000
2021-05-27,31200.0,하락  400,31650.0,31700.0,30900.0,53754.0,HD현대에너지솔루션,322000
2021-05-28,31500.0,상승  300,31100.0,31500.0,31000.0,43597.0,HD현대에너지솔루션,322000
2021-05-31,31800.0,상승  300,31900.0,32100.0,31450.0,38708.0,HD현대에너지솔루션,322000
2021-06-01,32900.0,"상승  1,100",31950.0,33400.0,31900.0,109606.0,HD현대에너지솔루션,322000
2021-06-02,32600.0,하락  300,33150.0,33150.0,32250.0,39837.0,HD현대에너지솔루션,322000
2021-06-03,32300.0,하락  300,32600.0,32600.0,32200.0,49905.0,HD현대에너지솔루션,322000
2021-06-04,32350.0,상승  50,32300.0,32350.0,31600.0,45429.0,HD현대에너지솔루션,322000
2021-06-07,32200.0,하락  150,32600.0,32600.0,32050.0,54616.0,HD현대에너지솔루션,322000
2021-06-08,31700.0,하락  500,32200.0,32350.0,31500.0,57399.0,HD현대에너지솔루션,322000
2021-06-09,31200.0,하락  500,31500.0,31650.0,31200.0,47742.0,HD현대에너지솔루션,322000
2021-06-10,31350.0,상승  150,31050.0,31600.0,31000.0,36361.0,HD현대에너지솔루션,322000
2021-06-11,31950.0,상승  600,31450.0,32050.0,31400.0,48753.0,HD현대에너지솔루션,322000
2021-06-14,31550.0,하락  400,32200.0,32200.0,31200.0,42317.0,HD현대에너지솔루션,322000
2021-06-15,31550.0,보합0,31600.0,31900.0,31550.0,25121.0,HD현대에너지솔루션,322000
2021-06-16,31300.0,하락  250,31550.0,31550.0,31300.0,38433.0,HD현대에너지솔루션,322000
2021-06-17,32150.0,상승  850,31300.0,32350.0,31250.0,84717.0,HD현대에너지솔루션,322000
2021-06-18,32500.0,상승  350,32200.0,32500.0,31950.0,61233.0,HD현대에너지솔루션,322000
2021-06-21,31800.0,하락  700,32450.0,32500.0,31650.0,44791.0,HD현대에너지솔루션,322000
2021-06-22,32050.0,상승  250,31850.0,32150.0,31650.0,34384.0,HD현대에너지솔루션,322000
2021-06-23,31850.0,하락  200,32200.0,32600.0,31850.0,38568.0,HD현대에너지솔루션,322000
2021-06-24,31850.0,보합0,32000.0,32050.0,31600.0,34761.0,HD현대에너지솔루션,322000
2021-06-25,31900.0,상승  50,32100.0,32450.0,31900.0,34061.0,HD현대에너지솔루션,322000
2021-06-28,31700.0,하락  200,31900.0,32300.0,31700.0,31641.0,HD현대에너지솔루션,322000
2021-06-29,31900.0,상승  200,32150.0,32600.0,31750.0,49629.0,HD현대에너지솔루션,322000
2021-06-30,31800.0,하락  100,31800.0,32100.0,31600.0,35329.0,HD현대에너지솔루션,322000
2021-07-01,31650.0,하락  150,31650.0,31900.0,31550.0,23801.0,HD현대에너지솔루션,322000
2021-07-02,31650.0,보합0,31650.0,31850.0,31600.0,31244.0,HD현대에너지솔루션,322000
2021-07-05,31550.0,하락  100,31750.0,31800.0,31500.0,23571.0,HD현대에너지솔루션,322000
2021-07-06,31550.0,보합0,31500.0,31650.0,31450.0,32976.0,HD현대에너지솔루션,322000
2021-07-07,31500.0,하락  50,31550.0,31650.0,31250.0,39373.0,HD현대에너지솔루션,322000
2021-07-08,30900.0,하락  600,31500.0,31500.0,30650.0,72941.0,HD현대에너지솔루션,322000
2021-07-09,30100.0,하락  800,30400.0,30700.0,29900.0,70589.0,HD현대에너지솔루션,322000
2021-07-12,30300.0,상승  200,30000.0,30450.0,30000.0,25334.0,HD현대에너지솔루션,322000
2021-07-13,30900.0,상승  600,30350.0,31000.0,30350.0,38520.0,HD현대에너지솔루션,322000
2021-07-14,31050.0,상승  150,31500.0,31500.0,30900.0,42815.0,HD현대에너지솔루션,322000
2021-07-15,31050.0,보합0,31150.0,31200.0,30850.0,27523.0,HD현대에너지솔루션,322000
2021-07-16,31150.0,상승  100,31050.0,31150.0,30750.0,28508.0,HD현대에너지솔루션,322000
2021-07-19,30800.0,하락  350,31150.0,31150.0,30450.0,26452.0,HD현대에너지솔루션,322000
2021-07-20,31800.0,"상승  1,000",31000.0,32000.0,30800.0,120686.0,HD현대에너지솔루션,322000
2021-07-21,31650.0,하락  150,32100.0,32250.0,31300.0,77903.0,HD현대에너지솔루션,322000
2021-07-22,31350.0,하락  300,31750.0,32500.0,31350.0,99823.0,HD현대에너지솔루션,322000
2021-07-23,31150.0,하락  200,31350.0,31700.0,31000.0,41745.0,HD현대에너지솔루션,322000
2021-07-26,30750.0,하락  400,31050.0,31150.0,30650.0,32419.0,HD현대에너지솔루션,322000
2021-07-27,30950.0,상승  200,30550.0,31150.0,30550.0,24429.0,HD현대에너지솔루션,322000
2021-07-28,30550.0,하락  400,30950.0,31000.0,30350.0,32357.0,HD현대에너지솔루션,322000
2021-07-29,30600.0,상승  50,30550.0,30950.0,30550.0,23760.0,HD현대에너지솔루션,322000
2021-07-30,30200.0,하락  400,30500.0,30800.0,29950.0,45706.0,HD현대에너지솔루션,322000
2021-08-02,29850.0,하락  350,30200.0,30200.0,29650.0,39172.0,HD현대에너지솔루션,322000
2021-08-03,29800.0,하락  50,29650.0,29900.0,29600.0,34266.0,HD현대에너지솔루션,322000
2021-08-04,30050.0,상승  250,30000.0,30050.0,29550.0,48619.0,HD현대에너지솔루션,322000
2021-08-05,30100.0,상승  50,30100.0,30200.0,30000.0,29892.0,HD현대에너지솔루션,322000
2021-08-06,30000.0,하락  100,30250.0,30300.0,29850.0,28194.0,HD현대에너지솔루션,322000
2021-08-09,29700.0,하락  300,30000.0,30000.0,29600.0,37290.0,HD현대에너지솔루션,322000
2021-08-10,29350.0,하락  350,29700.0,30000.0,29250.0,40930.0,HD현대에너지솔루션,322000
2021-08-11,28800.0,하락  550,29800.0,29800.0,28600.0,51861.0,HD현대에너지솔루션,322000
2021-08-12,28800.0,보합0,28800.0,29050.0,28450.0,41242.0,HD현대에너지솔루션,322000
2021-08-13,28000.0,하락  800,28750.0,28750.0,27600.0,62816.0,HD현대에너지솔루션,322000
2021-08-17,27150.0,하락  850,28000.0,28000.0,27050.0,54016.0,HD현대에너지솔루션,322000
2021-08-18,27150.0,보합0,26650.0,27350.0,26600.0,37247.0,HD현대에너지솔루션,322000
2021-08-19,25800.0,"하락  1,350",27100.0,27100.0,25700.0,72027.0,HD현대에너지솔루션,322000
2021-08-20,24400.0,"하락  1,400",25550.0,25900.0,24400.0,74572.0,HD현대에너지솔루션,322000
2021-08-23,25200.0,상승  800,24250.0,25250.0,24250.0,33165.0,HD현대에너지솔루션,322000
2021-08-24,25900.0,상승  700,25200.0,26150.0,25200.0,30848.0,HD현대에너지솔루션,322000
2021-08-25,26300.0,상승  400,26400.0,26400.0,25600.0,15418.0,HD현대에너지솔루션,322000
2021-08-26,26300.0,보합0,26300.0,26800.0,26050.0,22387.0,HD현대에너지솔루션,322000
2021-08-27,26850.0,상승  550,26300.0,27250.0,26050.0,32208.0,HD현대에너지솔루션,322000
2021-08-30,27200.0,상승  350,27850.0,27850.0,26900.0,40718.0,HD현대에너지솔루션,322000
2021-08-31,27250.0,상승  50,27400.0,27400.0,26950.0,19216.0,HD현대에너지솔루션,322000
2021-09-01,27250.0,보합0,27000.0,27350.0,26950.0,15944.0,HD현대에너지솔루션,322000
2021-09-02,27250.0,보합0,27600.0,27600.0,26900.0,14370.0,HD현대에너지솔루션,322000
2021-09-03,27300.0,상승  50,27250.0,27350.0,27050.0,13036.0,HD현대에너지솔루션,322000
2021-09-06,27500.0,상승  200,27300.0,27500.0,26800.0,26235.0,HD현대에너지솔루션,322000
2021-09-07,27900.0,상승  400,27500.0,28150.0,27250.0,44459.0,HD현대에너지솔루션,322000
2021-09-08,27300.0,하락  600,27950.0,27950.0,26050.0,41742.0,HD현대에너지솔루션,322000
2021-09-09,25950.0,"하락  1,350",27000.0,27700.0,25950.0,116966.0,HD현대에너지솔루션,322000
2021-09-10,26700.0,상승  750,26100.0,26950.0,26000.0,45435.0,HD현대에너지솔루션,322000
2021-09-13,26250.0,하락  450,26750.0,27050.0,26100.0,27921.0,HD현대에너지솔루션,322000
2021-09-14,26400.0,상승  150,26250.0,26550.0,26100.0,14705.0,HD현대에너지솔루션,322000
2021-09-15,26150.0,하락  250,26350.0,26400.0,26050.0,30460.0,HD현대에너지솔루션,322000
2021-09-16,26100.0,하락  50,26150.0,26400.0,25950.0,19854.0,HD현대에너지솔루션,322000
2021-09-17,25700.0,하락  400,25900.0,26150.0,25450.0,40712.0,HD현대에너지솔루션,322000
2021-09-23,25250.0,하락  450,25500.0,25750.0,25150.0,28312.0,HD현대에너지솔루션,322000
2021-09-24,25400.0,상승  150,25150.0,25650.0,25050.0,22930.0,HD현대에너지솔루션,322000
2021-09-27,25200.0,하락  200,25050.0,25300.0,25050.0,21667.0,HD현대에너지솔루션,322000
2021-09-28,24800.0,하락  400,25200.0,25500.0,24650.0,36888.0,HD현대에너지솔루션,322000
2021-09-29,24500.0,하락  300,24250.0,24650.0,23650.0,53368.0,HD현대에너지솔루션,322000
2021-09-30,24900.0,상승  400,24300.0,25100.0,24300.0,28705.0,HD현대에너지솔루션,322000
2021-10-01,24300.0,하락  600,24900.0,25250.0,24250.0,28729.0,HD현대에너지솔루션,322000
2021-10-05,23350.0,하락  950,24000.0,24200.0,22750.0,47092.0,HD현대에너지솔루션,322000
2021-10-06,22650.0,하락  700,23350.0,24100.0,22500.0,50240.0,HD현대에너지솔루션,322000
2021-10-07,22700.0,상승  50,22400.0,23150.0,22400.0,70054.0,HD현대에너지솔루션,322000
2021-10-08,22350.0,하락  350,22900.0,23100.0,22150.0,58064.0,HD현대에너지솔루션,322000
2021-10-12,22200.0,하락  150,22000.0,22700.0,22000.0,57606.0,HD현대에너지솔루션,322000
2021-10-13,22550.0,상승  350,22350.0,23450.0,22200.0,73305.0,HD현대에너지솔루션,322000
2021-10-14,23100.0,상승  550,22950.0,23400.0,22700.0,66883.0,HD현대에너지솔루션,322000
2021-10-15,23600.0,상승  500,23200.0,23650.0,22950.0,134284.0,HD현대에너지솔루션,322000
2021-10-18,23650.0,상승  50,23800.0,23900.0,23200.0,32077.0,HD현대에너지솔루션,322000
2021-10-19,24600.0,상승  950,23650.0,25150.0,23650.0,90480.0,HD현대에너지솔루션,322000
2021-10-20,24100.0,하락  500,24600.0,25100.0,24100.0,60088.0,HD현대에너지솔루션,322000
2021-10-21,24100.0,보합0,24700.0,24700.0,23900.0,28056.0,HD현대에너지솔루션,322000
2021-10-22,23700.0,하락  400,23800.0,24050.0,23550.0,26062.0,HD현대에너지솔루션,322000
2021-10-25,23800.0,상승  100,23700.0,23800.0,23150.0,22242.0,HD현대에너지솔루션,322000
2021-10-26,23900.0,상승  100,23550.0,24150.0,23550.0,27908.0,HD현대에너지솔루션,322000
2021-10-27,23500.0,하락  400,23700.0,24000.0,23200.0,25332.0,HD현대에너지솔루션,322000
2021-10-28,23750.0,상승  250,23500.0,23900.0,23300.0,27682.0,HD현대에너지솔루션,322000
2021-10-29,22950.0,하락  800,23950.0,23950.0,22800.0,32035.0,HD현대에너지솔루션,322000
2021-11-01,22300.0,하락  650,22950.0,23050.0,21600.0,56667.0,HD현대에너지솔루션,322000
2021-11-02,22600.0,상승  300,22300.0,22800.0,22300.0,35588.0,HD현대에너지솔루션,322000
2021-11-03,22050.0,하락  550,22650.0,22650.0,22050.0,28762.0,HD현대에너지솔루션,322000
2021-11-04,21850.0,하락  200,22050.0,22300.0,21650.0,43887.0,HD현대에너지솔루션,322000
2021-11-05,21600.0,하락  250,21850.0,21900.0,21350.0,36657.0,HD현대에너지솔루션,322000
2021-11-08,21200.0,하락  400,21350.0,21450.0,20800.0,40667.0,HD현대에너지솔루션,322000
2021-11-09,20950.0,하락  250,21250.0,21650.0,20800.0,31661.0,HD현대에너지솔루션,322000
2021-11-10,20300.0,하락  650,20950.0,20950.0,20300.0,39764.0,HD현대에너지솔루션,322000
2021-11-11,20400.0,상승  100,20050.0,20700.0,20050.0,33195.0,HD현대에너지솔루션,322000
2021-11-12,20950.0,상승  550,20400.0,20950.0,20400.0,20665.0,HD현대에너지솔루션,322000
2021-11-15,21600.0,상승  650,21200.0,21650.0,20950.0,32586.0,HD현대에너지솔루션,322000
2021-11-16,21550.0,하락  50,21850.0,22500.0,21500.0,33452.0,HD현대에너지솔루션,322000
2021-11-17,21000.0,하락  550,21700.0,21750.0,20750.0,35455.0,HD현대에너지솔루션,322000
2021-11-18,20500.0,하락  500,20750.0,20950.0,20250.0,38065.0,HD현대에너지솔루션,322000
2021-11-19,21600.0,"상승  1,100",20300.0,21600.0,20300.0,51798.0,HD현대에너지솔루션,322000
2021-11-22,21300.0,하락  300,21600.0,21800.0,21100.0,22833.0,HD현대에너지솔루션,322000
2021-11-23,21500.0,상승  200,21300.0,21600.0,21100.0,20172.0,HD현대에너지솔루션,322000
2021-11-24,21000.0,하락  500,21550.0,21550.0,20850.0,19832.0,HD현대에너지솔루션,322000
2021-11-25,20800.0,하락  200,21200.0,21250.0,20650.0,18886.0,HD현대에너지솔루션,322000
2021-11-26,20200.0,하락  600,20800.0,20850.0,20050.0,43573.0,HD현대에너지솔루션,322000
2021-11-29,19650.0,하락  550,19550.0,20000.0,19250.0,37763.0,HD현대에너지솔루션,322000
2021-11-30,18700.0,하락  950,19650.0,19850.0,18700.0,50264.0,HD현대에너지솔루션,322000
2021-12-01,19800.0,"상승  1,100",18450.0,19900.0,18300.0,41422.0,HD현대에너지솔루션,322000
2021-12-02,20300.0,상승  500,19450.0,20400.0,19450.0,21295.0,HD현대에너지솔루션,322000
2021-12-03,20300.0,보합0,20300.0,20300.0,19900.0,24234.0,HD현대에너지솔루션,322000
2021-12-06,20300.0,보합0,20050.0,20300.0,19850.0,11024.0,HD현대에너지솔루션,322000
2021-12-07,20400.0,상승  100,20400.0,20500.0,20050.0,12508.0,HD현대에너지솔루션,322000
2021-12-08,20200.0,하락  200,20500.0,20600.0,20150.0,20909.0,HD현대에너지솔루션,322000
2021-12-09,20300.0,상승  100,20250.0,20600.0,20150.0,17820.0,HD현대에너지솔루션,322000
2021-12-10,20200.0,하락  100,20050.0,20450.0,20050.0,15395.0,HD현대에너지솔루션,322000
2021-12-13,20250.0,상승  50,20450.0,20600.0,20250.0,23857.0,HD현대에너지솔루션,322000
2021-12-14,20300.0,상승  50,20250.0,20600.0,20000.0,14041.0,HD현대에너지솔루션,322000
2021-12-15,20250.0,하락  50,20300.0,20350.0,20000.0,16480.0,HD현대에너지솔루션,322000
2021-12-16,20350.0,상승  100,20200.0,20500.0,20150.0,13215.0,HD현대에너지솔루션,322000
2021-12-17,20400.0,상승  50,20050.0,20500.0,19800.0,22749.0,HD현대에너지솔루션,322000
2021-12-20,20550.0,상승  150,20400.0,21350.0,20400.0,44171.0,HD현대에너지솔루션,322000
2021-12-21,20300.0,하락  250,20550.0,20700.0,19900.0,30209.0,HD현대에너지솔루션,322000
2021-12-22,20350.0,상승  50,20350.0,20550.0,20150.0,15216.0,HD현대에너지솔루션,322000
2021-12-23,20300.0,하락  50,20350.0,20550.0,20200.0,12567.0,HD현대에너지솔루션,322000
2021-12-24,20450.0,상승  150,20300.0,20500.0,20300.0,14359.0,HD현대에너지솔루션,322000
2021-12-27,20800.0,상승  350,20500.0,21050.0,20450.0,25984.0,HD현대에너지솔루션,322000
2021-12-28,20400.0,하락  400,20800.0,21150.0,20300.0,29834.0,HD현대에너지솔루션,322000
2021-12-29,20700.0,상승  300,20400.0,20750.0,20200.0,17446.0,HD현대에너지솔루션,322000
2021-12-30,21400.0,상승  700,20800.0,21450.0,20550.0,43733.0,HD현대에너지솔루션,322000
2022-01-03,21200.0,하락  200,21500.0,21750.0,20900.0,22521.0,HD현대에너지솔루션,322000
2022-01-04,21100.0,하락  100,21450.0,21450.0,20850.0,22291.0,HD현대에너지솔루션,322000
2022-01-05,20750.0,하락  350,20900.0,21200.0,20600.0,26254.0,HD현대에너지솔루션,322000
2022-01-06,20450.0,하락  300,20650.0,20900.0,20400.0,32878.0,HD현대에너지솔루션,322000
2022-01-07,20950.0,상승  500,20450.0,21150.0,20450.0,26278.0,HD현대에너지솔루션,322000
2022-01-10,20700.0,하락  250,21150.0,21150.0,20500.0,21174.0,HD현대에너지솔루션,322000
2022-01-11,20150.0,하락  550,20450.0,20750.0,19600.0,57274.0,HD현대에너지솔루션,322000
2022-01-12,23250.0,"상승  3,100",20500.0,25850.0,20200.0,1148266.0,HD현대에너지솔루션,322000
2022-01-13,22900.0,하락  350,23750.0,23750.0,22900.0,175522.0,HD현대에너지솔루션,322000
2022-01-14,22550.0,하락  350,22700.0,23100.0,22200.0,107722.0,HD현대에너지솔루션,322000
2022-01-17,23650.0,"상승  1,100",22650.0,26700.0,22600.0,2050231.0,HD현대에너지솔루션,322000
2022-01-18,27950.0,"상승  4,300",23250.0,30250.0,22950.0,7861721.0,HD현대에너지솔루션,322000
2022-01-19,25550.0,"하락  2,400",27050.0,27850.0,25500.0,1304486.0,HD현대에너지솔루션,322000
2022-01-20,26000.0,상승  450,26700.0,28000.0,25600.0,1908075.0,HD현대에너지솔루션,322000
2022-01-21,25000.0,"하락  1,000",25350.0,26100.0,24650.0,445495.0,HD현대에너지솔루션,322000
2022-01-24,24250.0,하락  750,24650.0,25550.0,24150.0,436286.0,HD현대에너지솔루션,322000
2022-01-25,23200.0,"하락  1,050",24200.0,24450.0,23200.0,312556.0,HD현대에너지솔루션,322000
2022-01-26,23350.0,상승  150,22950.0,23700.0,22850.0,217640.0,HD현대에너지솔루션,322000
2022-01-27,21150.0,"하락  2,200",23150.0,23300.0,21150.0,338672.0,HD현대에너지솔루션,322000
2022-01-28,21200.0,상승  50,21550.0,21650.0,20200.0,177421.0,HD현대에너지솔루션,322000
2022-02-03,23100.0,"상승  1,900",21600.0,23750.0,21600.0,397712.0,HD현대에너지솔루션,322000
2022-02-04,23550.0,상승  450,23100.0,23550.0,22700.0,173826.0,HD현대에너지솔루션,322000
2022-02-07,23800.0,상승  250,23700.0,24600.0,23400.0,215221.0,HD현대에너지솔루션,322000
2022-02-08,23050.0,하락  750,23750.0,24000.0,22750.0,151838.0,HD현대에너지솔루션,322000
2022-02-09,23500.0,상승  450,23150.0,23550.0,23000.0,77592.0,HD현대에너지솔루션,322000
2022-02-10,22800.0,하락  700,23650.0,23700.0,22750.0,116927.0,HD현대에너지솔루션,322000
2022-02-11,21900.0,하락  900,22600.0,22750.0,21750.0,110986.0,HD현대에너지솔루션,322000
2022-02-14,21550.0,하락  350,21400.0,21700.0,21000.0,84627.0,HD현대에너지솔루션,322000
2022-02-15,20650.0,하락  900,21350.0,21550.0,20650.0,79147.0,HD현대에너지솔루션,322000
2022-02-16,22000.0,"상승  1,350",21100.0,22000.0,21050.0,64926.0,HD현대에너지솔루션,322000
2022-02-17,21800.0,하락  200,22300.0,22350.0,20800.0,88621.0,HD현대에너지솔루션,322000
2022-02-18,21750.0,하락  50,21100.0,21850.0,21100.0,50729.0,HD현대에너지솔루션,322000
2022-02-21,21700.0,하락  50,21500.0,21850.0,21050.0,33983.0,HD현대에너지솔루션,322000
2022-02-22,21300.0,하락  400,21400.0,21900.0,21100.0,54862.0,HD현대에너지솔루션,322000
2022-02-23,21400.0,상승  100,21400.0,21750.0,21150.0,46111.0,HD현대에너지솔루션,322000
2022-02-24,20500.0,하락  900,21200.0,21350.0,20450.0,69307.0,HD현대에너지솔루션,322000
2022-02-25,21750.0,"상승  1,250",21150.0,22500.0,20900.0,206282.0,HD현대에너지솔루션,322000
2022-02-28,22800.0,"상승  1,050",21950.0,22900.0,21950.0,140523.0,HD현대에너지솔루션,322000
2022-03-02,24950.0,"상승  2,150",23000.0,25150.0,22750.0,521520.0,HD현대에너지솔루션,322000
2022-03-03,24250.0,하락  700,24700.0,24700.0,23750.0,225498.0,HD현대에너지솔루션,322000
2022-03-04,24600.0,상승  350,24250.0,24900.0,23500.0,170668.0,HD현대에너지솔루션,322000
2022-03-07,23700.0,하락  900,24200.0,25050.0,23200.0,138962.0,HD현대에너지솔루션,322000
2022-03-08,23300.0,하락  400,23250.0,24600.0,23200.0,184891.0,HD현대에너지솔루션,322000
2022-03-10,22850.0,하락  450,23800.0,23800.0,22600.0,109143.0,HD현대에너지솔루션,322000
2022-03-11,22650.0,하락  200,23100.0,23100.0,22000.0,100948.0,HD현대에너지솔루션,322000
2022-03-14,22750.0,상승  100,22400.0,22900.0,22200.0,65490.0,HD현대에너지솔루션,322000
2022-03-15,22400.0,하락  350,22700.0,22700.0,22200.0,41856.0,HD현대에너지솔루션,322000
2022-03-16,23100.0,상승  700,22650.0,23200.0,22350.0,54174.0,HD현대에너지솔루션,322000
2022-03-17,23500.0,상승  400,23450.0,23650.0,23050.0,73397.0,HD현대에너지솔루션,322000
2022-03-18,23650.0,상승  150,23700.0,23800.0,23400.0,64911.0,HD현대에너지솔루션,322000
2022-03-21,23050.0,하락  600,23550.0,23650.0,23000.0,62598.0,HD현대에너지솔루션,322000
2022-03-22,23400.0,상승  350,23050.0,23450.0,22900.0,34352.0,HD현대에너지솔루션,322000
2022-03-23,23100.0,하락  300,23750.0,23750.0,23100.0,45650.0,HD현대에너지솔루션,322000
2022-03-24,22850.0,하락  250,23100.0,23100.0,22500.0,67658.0,HD현대에너지솔루션,322000
2022-03-25,22800.0,하락  50,22900.0,23200.0,22700.0,43023.0,HD현대에너지솔루션,322000
2022-03-28,22550.0,하락  250,22800.0,22850.0,22450.0,45062.0,HD현대에너지솔루션,322000
2022-03-29,22450.0,하락  100,22550.0,23000.0,22200.0,65330.0,HD현대에너지솔루션,322000
2022-03-30,22500.0,상승  50,22650.0,22650.0,22200.0,33964.0,HD현대에너지솔루션,322000
2022-03-31,22700.0,상승  200,22400.0,22800.0,22400.0,40151.0,HD현대에너지솔루션,322000
2022-04-01,22950.0,상승  250,22750.0,23150.0,22700.0,70884.0,HD현대에너지솔루션,322000
2022-04-04,23500.0,상승  550,23100.0,23900.0,22950.0,141588.0,HD현대에너지솔루션,322000
2022-04-05,23450.0,하락  50,23650.0,23750.0,23300.0,49698.0,HD현대에너지솔루션,322000
2022-04-06,22950.0,하락  500,23400.0,23450.0,22900.0,67186.0,HD현대에너지솔루션,322000
2022-04-07,22600.0,하락  350,22850.0,22850.0,22450.0,43472.0,HD현대에너지솔루션,322000
2022-04-08,22750.0,상승  150,22500.0,22800.0,22450.0,25219.0,HD현대에너지솔루션,322000
2022-04-11,22800.0,상승  50,22800.0,23050.0,22500.0,29322.0,HD현대에너지솔루션,322000
2022-04-12,22350.0,하락  450,22550.0,22700.0,22250.0,38898.0,HD현대에너지솔루션,322000
2022-04-13,22350.0,보합0,22250.0,22700.0,22250.0,38965.0,HD현대에너지솔루션,322000
2022-04-14,22450.0,상승  100,22400.0,22600.0,22300.0,24458.0,HD현대에너지솔루션,322000
2022-04-15,22700.0,상승  250,22300.0,22950.0,22300.0,38078.0,HD현대에너지솔루션,322000
2022-04-18,22650.0,하락  50,22700.0,22900.0,22500.0,24146.0,HD현대에너지솔루션,322000
2022-04-19,22800.0,상승  150,22600.0,22850.0,22500.0,21758.0,HD현대에너지솔루션,322000
2022-04-20,22600.0,하락  200,22800.0,22950.0,22600.0,22546.0,HD현대에너지솔루션,322000
2022-04-21,22750.0,상승  150,22500.0,22850.0,22500.0,25328.0,HD현대에너지솔루션,322000
2022-04-22,22400.0,하락  350,22500.0,22650.0,22400.0,23536.0,HD현대에너지솔루션,322000
2022-04-25,22000.0,하락  400,22200.0,22250.0,21950.0,35876.0,HD현대에너지솔루션,322000
2022-04-26,21950.0,하락  50,22200.0,22200.0,21950.0,23635.0,HD현대에너지솔루션,322000
2022-04-27,21950.0,보합0,21800.0,21950.0,21400.0,38335.0,HD현대에너지솔루션,322000
2022-04-28,22050.0,상승  100,22050.0,22200.0,21850.0,23692.0,HD현대에너지솔루션,322000
2022-04-29,22200.0,상승  150,22050.0,22350.0,21950.0,29334.0,HD현대에너지솔루션,322000
2022-05-02,22600.0,상승  400,21700.0,22900.0,21700.0,55718.0,HD현대에너지솔루션,322000
2022-05-03,22900.0,상승  300,22500.0,23200.0,22450.0,44032.0,HD현대에너지솔루션,322000
2022-05-04,23850.0,상승  950,23100.0,23950.0,22750.0,206585.0,HD현대에너지솔루션,322000
2022-05-06,24300.0,상승  450,23500.0,24600.0,23300.0,169818.0,HD현대에너지솔루션,322000
2022-05-09,23250.0,"하락  1,050",24300.0,24500.0,23100.0,110913.0,HD현대에너지솔루션,322000
2022-05-10,22900.0,하락  350,22550.0,23100.0,22150.0,45818.0,HD현대에너지솔루션,322000
2022-05-11,22950.0,상승  50,22700.0,23200.0,22700.0,25084.0,HD현대에너지솔루션,322000
2022-05-12,22150.0,하락  800,22600.0,22850.0,22100.0,39724.0,HD현대에너지솔루션,322000
2022-05-13,22400.0,상승  250,22150.0,22600.0,22100.0,26982.0,HD현대에너지솔루션,322000
2022-05-16,22950.0,상승  550,22650.0,23250.0,22400.0,22079.0,HD현대에너지솔루션,322000
2022-05-17,24000.0,"상승  1,050",23100.0,24300.0,22900.0,93254.0,HD현대에너지솔루션,322000
2022-05-18,24250.0,상승  250,24150.0,24500.0,23600.0,56747.0,HD현대에너지솔루션,322000
2022-05-19,27150.0,"상승  2,900",23600.0,28000.0,23400.0,1626452.0,HD현대에너지솔루션,322000
2022-05-20,26950.0,하락  200,27500.0,27600.0,26700.0,391890.0,HD현대에너지솔루션,322000
2022-05-23,26100.0,하락  850,26700.0,26700.0,25100.0,292509.0,HD현대에너지솔루션,322000
2022-05-24,28400.0,"상승  2,300",26100.0,29250.0,26000.0,1062226.0,HD현대에너지솔루션,322000
2022-05-25,28700.0,상승  300,28400.0,30050.0,28250.0,666117.0,HD현대에너지솔루션,322000
2022-05-26,32450.0,"상승  3,750",29000.0,33300.0,28550.0,1669519.0,HD현대에너지솔루션,322000
2022-05-27,34000.0,"상승  1,550",32200.0,35300.0,31800.0,1118386.0,HD현대에너지솔루션,322000
2022-05-30,33700.0,하락  300,34000.0,34550.0,32700.0,502805.0,HD현대에너지솔루션,322000
2022-05-31,33900.0,상승  200,33700.0,37050.0,33700.0,966037.0,HD현대에너지솔루션,322000
2022-06-02,36100.0,"상승  2,200",34400.0,36500.0,34150.0,509894.0,HD현대에너지솔루션,322000
2022-06-03,36000.0,하락  100,36300.0,36750.0,35250.0,408980.0,HD현대에너지솔루션,322000
2022-06-07,35900.0,하락  100,36350.0,36450.0,34800.0,292695.0,HD현대에너지솔루션,322000
2022-06-08,35000.0,하락  900,35500.0,37100.0,34200.0,391323.0,HD현대에너지솔루션,322000
2022-06-09,34200.0,하락  800,34600.0,35250.0,33250.0,306929.0,HD현대에너지솔루션,322000
2022-06-10,35000.0,상승  800,33700.0,35800.0,33550.0,358673.0,HD현대에너지솔루션,322000
2022-06-13,33950.0,"하락  1,050",34300.0,35200.0,33050.0,418658.0,HD현대에너지솔루션,322000
2022-06-14,33100.0,하락  850,33150.0,33500.0,31200.0,405256.0,HD현대에너지솔루션,322000
2022-06-15,32400.0,하락  700,32900.0,33400.0,30850.0,492096.0,HD현대에너지솔루션,322000
2022-06-16,31600.0,하락  800,32850.0,33050.0,30950.0,230117.0,HD현대에너지솔루션,322000
2022-06-17,31300.0,하락  300,30600.0,31700.0,30050.0,239047.0,HD현대에너지솔루션,322000
2022-06-20,31100.0,하락  200,31950.0,32900.0,30750.0,271250.0,HD현대에너지솔루션,322000
2022-06-21,34200.0,"상승  3,100",31700.0,34500.0,31300.0,660791.0,HD현대에너지솔루션,322000
2022-06-22,32100.0,"하락  2,100",34000.0,34200.0,31100.0,373108.0,HD현대에너지솔루션,322000
2022-06-23,32350.0,상승  250,32100.0,34200.0,31000.0,442712.0,HD현대에너지솔루션,322000
2022-06-24,32950.0,상승  600,32450.0,33300.0,31350.0,204274.0,HD현대에너지솔루션,322000
2022-06-27,33250.0,상승  300,32800.0,33700.0,31850.0,152758.0,HD현대에너지솔루션,322000
2022-06-28,35800.0,"상승  2,550",33950.0,36300.0,33750.0,720727.0,HD현대에너지솔루션,322000
2022-06-29,35950.0,상승  150,35250.0,37600.0,35150.0,496623.0,HD현대에너지솔루션,322000
2022-06-30,35950.0,보합0,36200.0,37250.0,35500.0,379160.0,HD현대에너지솔루션,322000
2022-07-01,35900.0,하락  50,36900.0,37300.0,35450.0,356454.0,HD현대에너지솔루션,322000
2022-07-04,31250.0,"하락  4,650",36500.0,36500.0,30700.0,716840.0,HD현대에너지솔루션,322000
2022-07-05,32700.0,"상승  1,450",31250.0,33100.0,29950.0,549408.0,HD현대에너지솔루션,322000
2022-07-06,29000.0,"하락  3,700",31800.0,32350.0,28900.0,534980.0,HD현대에너지솔루션,322000
2022-07-07,31350.0,"상승  2,350",29450.0,32000.0,28350.0,506892.0,HD현대에너지솔루션,322000
2022-07-08,32200.0,상승  850,32000.0,33900.0,32000.0,268202.0,HD현대에너지솔루션,322000
2022-07-11,31800.0,하락  400,32250.0,33000.0,31350.0,116299.0,HD현대에너지솔루션,322000
2022-07-12,31850.0,상승  50,31400.0,32450.0,30750.0,118722.0,HD현대에너지솔루션,322000
2022-07-13,30550.0,"하락  1,300",31350.0,31650.0,29900.0,277996.0,HD현대에너지솔루션,322000
2022-07-14,30050.0,하락  500,30400.0,30850.0,29250.0,188558.0,HD현대에너지솔루션,322000
2022-07-15,28900.0,"하락  1,150",30050.0,30350.0,28650.0,241697.0,HD현대에너지솔루션,322000
2022-07-18,29350.0,상승  450,28750.0,29550.0,27950.0,135730.0,HD현대에너지솔루션,322000
2022-07-19,31500.0,"상승  2,150",30050.0,31650.0,30050.0,265728.0,HD현대에너지솔루션,322000
2022-07-20,31600.0,상승  100,31850.0,32200.0,31250.0,132541.0,HD현대에너지솔루션,322000
2022-07-21,32050.0,상승  450,31500.0,32500.0,30700.0,141192.0,HD현대에너지솔루션,322000
2022-07-22,31300.0,하락  750,31950.0,32600.0,31300.0,81562.0,HD현대에너지솔루션,322000
2022-07-25,34650.0,"상승  3,350",31000.0,34650.0,31000.0,426069.0,HD현대에너지솔루션,322000
2022-07-26,33300.0,"하락  1,350",34550.0,34850.0,33300.0,157459.0,HD현대에너지솔루션,322000
2022-07-27,35800.0,"상승  2,500",33450.0,36150.0,33450.0,387992.0,HD현대에너지솔루션,322000
2022-07-28,40800.0,"상승  5,000",36550.0,41400.0,35550.0,1895342.0,HD현대에너지솔루션,322000
2022-07-29,50500.0,"상승  9,700",46000.0,52800.0,46000.0,4099346.0,HD현대에너지솔루션,322000
2022-08-01,50500.0,보합0,49600.0,52200.0,48600.0,952348.0,HD현대에너지솔루션,322000
2022-08-02,53200.0,"상승  2,700",50000.0,54500.0,49150.0,1235097.0,HD현대에너지솔루션,322000
2022-08-03,51200.0,"하락  2,000",53300.0,56800.0,50600.0,866551.0,HD현대에너지솔루션,322000
2022-08-04,50900.0,하락  300,50600.0,52700.0,49600.0,632141.0,HD현대에너지솔루션,322000
2022-08-05,53100.0,"상승  2,200",50500.0,55700.0,50300.0,1025177.0,HD현대에너지솔루션,322000
2022-08-08,58600.0,"상승  5,500",53100.0,58600.0,51800.0,1112320.0,HD현대에너지솔루션,322000
2022-08-09,52800.0,"하락  5,800",61000.0,62000.0,51900.0,1482110.0,HD현대에너지솔루션,322000
2022-08-10,54300.0,"상승  1,500",53200.0,57200.0,53100.0,1025637.0,HD현대에너지솔루션,322000
2022-08-11,56900.0,"상승  2,600",56700.0,58300.0,55100.0,679413.0,HD현대에너지솔루션,322000
2022-08-12,55500.0,"하락  1,400",55800.0,56500.0,53900.0,556537.0,HD현대에너지솔루션,322000
2022-08-16,53000.0,"하락  2,500",55200.0,57300.0,52400.0,872845.0,HD현대에너지솔루션,322000
2022-08-17,53800.0,상승  800,53300.0,53800.0,52400.0,318819.0,HD현대에너지솔루션,322000
2022-08-18,53400.0,하락  400,52900.0,54300.0,51700.0,355166.0,HD현대에너지솔루션,322000
2022-08-19,55000.0,"상승  1,600",54800.0,57400.0,53900.0,1016900.0,HD현대에너지솔루션,322000
2022-08-22,54200.0,하락  800,53600.0,55700.0,52600.0,476161.0,HD현대에너지솔루션,322000
2022-08-23,56500.0,"상승  2,300",55000.0,57700.0,54500.0,723487.0,HD현대에너지솔루션,322000
2022-08-24,66300.0,"상승  9,800",57100.0,67500.0,55500.0,2616730.0,HD현대에너지솔루션,322000
2022-08-25,62700.0,"하락  3,600",65400.0,66600.0,62200.0,830565.0,HD현대에너지솔루션,322000
2022-08-26,64900.0,"상승  2,200",63000.0,66200.0,62600.0,891989.0,HD현대에너지솔루션,322000
2022-08-29,66300.0,"상승  1,400",62400.0,69800.0,62300.0,1245989.0,HD현대에너지솔루션,322000
2022-08-30,66800.0,상승  500,67200.0,67500.0,63300.0,774290.0,HD현대에너지솔루션,322000
2022-08-31,68500.0,"상승  1,700",66900.0,70800.0,63900.0,906535.0,HD현대에너지솔루션,322000
2022-09-01,68600.0,상승  100,68400.0,72900.0,67800.0,904678.0,HD현대에너지솔루션,322000
2022-09-02,67100.0,"하락  1,500",68600.0,69400.0,64800.0,619345.0,HD현대에너지솔루션,322000
2022-09-05,64800.0,"하락  2,300",67100.0,67500.0,64200.0,414521.0,HD현대에너지솔루션,322000
2022-09-06,69300.0,"상승  4,500",65400.0,70300.0,65200.0,804525.0,HD현대에너지솔루션,322000
2022-09-07,70500.0,"상승  1,200",69300.0,71300.0,67800.0,626779.0,HD현대에너지솔루션,322000
2022-09-08,76500.0,"상승  6,000",74000.0,78700.0,71200.0,1328779.0,HD현대에너지솔루션,322000
2022-09-13,76000.0,하락  500,75900.0,77600.0,71000.0,958326.0,HD현대에너지솔루션,322000
2022-09-14,78200.0,"상승  2,200",74000.0,82400.0,74000.0,1082449.0,HD현대에너지솔루션,322000
2022-09-15,84500.0,"상승  6,300",78600.0,86200.0,78300.0,961953.0,HD현대에너지솔루션,322000
2022-09-16,80800.0,"하락  3,700",84300.0,84900.0,79500.0,926495.0,HD현대에너지솔루션,322000
2022-09-19,72300.0,"하락  8,500",80400.0,81900.0,70200.0,1049828.0,HD현대에너지솔루션,322000
2022-09-20,72600.0,상승  300,73700.0,77000.0,71500.0,541464.0,HD현대에너지솔루션,322000
2022-09-21,69900.0,"하락  2,700",71500.0,73500.0,68700.0,541324.0,HD현대에너지솔루션,322000
2022-09-22,71800.0,"상승  1,900",69800.0,72200.0,68300.0,468474.0,HD현대에너지솔루션,322000
2022-09-23,66300.0,"하락  5,500",70700.0,71100.0,65700.0,671489.0,HD현대에너지솔루션,322000
2022-09-26,62900.0,"하락  3,400",65100.0,66900.0,61300.0,663777.0,HD현대에너지솔루션,322000
2022-09-27,62700.0,하락  200,63100.0,64100.0,60600.0,413193.0,HD현대에너지솔루션,322000
2022-09-28,60200.0,"하락  2,500",63900.0,65600.0,59500.0,699039.0,HD현대에너지솔루션,322000
2022-09-29,59800.0,하락  400,62100.0,65500.0,59400.0,623301.0,HD현대에너지솔루션,322000
2022-09-30,58900.0,하락  900,59100.0,60400.0,56800.0,450009.0,HD현대에너지솔루션,322000
2022-10-04,65300.0,"상승  6,400",61000.0,67200.0,60600.0,909808.0,HD현대에너지솔루션,322000
2022-10-05,65900.0,상승  600,67300.0,69200.0,64400.0,710433.0,HD현대에너지솔루션,322000
2022-10-06,66900.0,"상승  1,000",64700.0,66900.0,62800.0,576147.0,HD현대에너지솔루션,322000
2022-10-07,61500.0,"하락  5,400",66900.0,68600.0,61500.0,571762.0,HD현대에너지솔루션,322000
2022-10-11,59200.0,"하락  2,300",59700.0,61000.0,57700.0,331442.0,HD현대에너지솔루션,322000
2022-10-12,60000.0,상승  800,58700.0,60900.0,56900.0,358781.0,HD현대에너지솔루션,322000
2022-10-13,57100.0,"하락  2,900",58900.0,59100.0,56800.0,275514.0,HD현대에너지솔루션,322000
2022-10-14,56400.0,하락  700,59100.0,59300.0,55600.0,412972.0,HD현대에너지솔루션,322000
2022-10-17,56500.0,상승  100,55000.0,56900.0,54200.0,262417.0,HD현대에너지솔루션,322000
2022-10-18,59000.0,"상승  2,500",57300.0,59900.0,56500.0,452747.0,HD현대에너지솔루션,322000
2022-10-19,60400.0,"상승  1,400",59200.0,62300.0,57700.0,488558.0,HD현대에너지솔루션,322000
2022-10-20,57400.0,"하락  3,000",61000.0,61300.0,56100.0,326273.0,HD현대에너지솔루션,322000
2022-10-21,56800.0,하락  600,57400.0,58200.0,55600.0,131880.0,HD현대에너지솔루션,322000
2022-10-24,59500.0,"상승  2,700",58400.0,63100.0,58400.0,700107.0,HD현대에너지솔루션,322000
2022-10-25,55800.0,"하락  3,700",61800.0,62600.0,55400.0,819700.0,HD현대에너지솔루션,322000
2022-10-26,55800.0,보합0,57100.0,57900.0,55700.0,341457.0,HD현대에너지솔루션,322000
2022-10-27,58800.0,"상승  3,000",57800.0,59000.0,56500.0,564801.0,HD현대에너지솔루션,322000
2022-10-28,56200.0,"하락  2,600",58400.0,58400.0,55800.0,319576.0,HD현대에너지솔루션,322000
2022-10-31,58900.0,"상승  2,700",57500.0,59000.0,57500.0,386674.0,HD현대에너지솔루션,322000
2022-11-01,59300.0,상승  400,59800.0,61400.0,58600.0,468500.0,HD현대에너지솔루션,322000
2022-11-02,57600.0,"하락  1,700",59400.0,59900.0,57400.0,228413.0,HD현대에너지솔루션,322000
2022-11-03,56900.0,하락  700,56200.0,57500.0,56000.0,194256.0,HD현대에너지솔루션,322000
2022-11-04,56600.0,하락  300,57900.0,59000.0,56100.0,257835.0,HD현대에너지솔루션,322000
2022-11-07,52700.0,"하락  3,900",56900.0,57000.0,52000.0,621472.0,HD현대에너지솔루션,322000
2022-11-08,52800.0,상승  100,52700.0,53200.0,51800.0,276627.0,HD현대에너지솔루션,322000
2022-11-09,57100.0,"상승  4,300",54300.0,57700.0,53800.0,724317.0,HD현대에너지솔루션,322000
2022-11-10,57600.0,상승  500,56800.0,60300.0,56200.0,747488.0,HD현대에너지솔루션,322000
2022-11-11,59900.0,"상승  2,300",60500.0,64100.0,58700.0,1246212.0,HD현대에너지솔루션,322000
2022-11-14,61000.0,"상승  1,100",61200.0,63500.0,60500.0,530423.0,HD현대에너지솔루션,322000
2022-11-15,61500.0,상승  500,61900.0,62400.0,59500.0,245012.0,HD현대에너지솔루션,322000
2022-11-16,64800.0,"상승  3,300",62000.0,64800.0,59800.0,468846.0,HD현대에너지솔루션,322000
2022-11-17,64600.0,하락  200,64800.0,65500.0,63200.0,284033.0,HD현대에너지솔루션,322000
2022-11-18,64300.0,하락  300,64600.0,67000.0,64000.0,354350.0,HD현대에너지솔루션,322000
2022-11-21,61900.0,"하락  2,400",65200.0,65200.0,61500.0,224830.0,HD현대에너지솔루션,322000
2022-11-22,62900.0,"상승  1,000",61100.0,64000.0,60100.0,230749.0,HD현대에너지솔루션,322000
2022-11-23,62400.0,하락  500,64400.0,65100.0,62400.0,190493.0,HD현대에너지솔루션,322000
2022-11-24,67400.0,"상승  5,000",63000.0,68500.0,62500.0,739186.0,HD현대에너지솔루션,322000
2022-11-25,66600.0,하락  800,66500.0,67000.0,64500.0,304515.0,HD현대에너지솔루션,322000
2022-11-28,67400.0,상승  800,66600.0,68900.0,65900.0,282270.0,HD현대에너지솔루션,322000
2022-11-29,66900.0,하락  500,67200.0,67300.0,65500.0,163157.0,HD현대에너지솔루션,322000
2022-11-30,65900.0,"하락  1,000",66500.0,66500.0,63500.0,374825.0,HD현대에너지솔루션,322000
2022-12-01,65900.0,보합0,67300.0,67300.0,65300.0,181196.0,HD현대에너지솔루션,322000
2022-12-02,63200.0,"하락  2,700",66200.0,66600.0,63200.0,202193.0,HD현대에너지솔루션,322000
2022-12-05,62500.0,하락  700,64100.0,64500.0,62500.0,110477.0,HD현대에너지솔루션,322000
2022-12-06,58800.0,"하락  3,700",61500.0,61900.0,58600.0,268500.0,HD현대에너지솔루션,322000
2022-12-07,58400.0,하락  400,57800.0,59200.0,57100.0,114887.0,HD현대에너지솔루션,322000
2022-12-08,57100.0,"하락  1,300",58400.0,58900.0,56900.0,98282.0,HD현대에너지솔루션,322000
2022-12-09,55700.0,"하락  1,400",57700.0,57800.0,55200.0,151949.0,HD현대에너지솔루션,322000
2022-12-12,56500.0,상승  800,55000.0,56900.0,54000.0,128442.0,HD현대에너지솔루션,322000
2022-12-13,56200.0,하락  300,57000.0,57000.0,55500.0,77457.0,HD현대에너지솔루션,322000
2022-12-14,58800.0,"상승  2,600",56900.0,58900.0,56600.0,152070.0,HD현대에너지솔루션,322000
2022-12-15,57600.0,"하락  1,200",58900.0,58900.0,56900.0,90305.0,HD현대에너지솔루션,322000
2022-12-16,57600.0,보합0,56000.0,58200.0,55800.0,77633.0,HD현대에너지솔루션,322000
2022-12-19,57700.0,상승  100,57600.0,57900.0,56400.0,53022.0,HD현대에너지솔루션,322000
2022-12-20,55400.0,"하락  2,300",57300.0,57800.0,55300.0,91132.0,HD현대에너지솔루션,322000
2022-12-21,53900.0,"하락  1,500",56000.0,56000.0,53500.0,125857.0,HD현대에너지솔루션,322000
2022-12-22,53700.0,하락  200,54900.0,54900.0,53000.0,76990.0,HD현대에너지솔루션,322000
2022-12-23,50900.0,"하락  2,800",52800.0,53000.0,50700.0,181297.0,HD현대에너지솔루션,322000
2022-12-26,50900.0,보합0,50900.0,51200.0,49750.0,98285.0,HD현대에너지솔루션,322000
2022-12-27,50900.0,보합0,50500.0,51500.0,50300.0,90483.0,HD현대에너지솔루션,322000
2022-12-28,50600.0,하락  300,50500.0,51000.0,50000.0,67061.0,HD현대에너지솔루션,322000
2022-12-29,48800.0,"하락  1,800",49600.0,50200.0,47850.0,156748.0,HD현대에너지솔루션,322000
2023-01-02,47900.0,하락  900,48900.0,49750.0,47350.0,64100.0,HD현대에너지솔루션,322000
2023-01-03,48750.0,상승  850,47550.0,49150.0,47000.0,92461.0,HD현대에너지솔루션,322000
2023-01-04,48900.0,상승  150,48150.0,48900.0,47400.0,69942.0,HD현대에너지솔루션,322000
2023-01-05,46950.0,"하락  1,950",49000.0,49100.0,46650.0,113844.0,HD현대에너지솔루션,322000
2023-01-06,47000.0,상승  50,46500.0,47150.0,46000.0,160691.0,HD현대에너지솔루션,322000
2023-01-09,47850.0,상승  850,48150.0,48500.0,47350.0,169931.0,HD현대에너지솔루션,322000
2023-01-10,46950.0,하락  900,47950.0,48700.0,46550.0,152342.0,HD현대에너지솔루션,322000
2023-01-11,54000.0,"상승  7,050",48450.0,55600.0,48350.0,1040697.0,HD현대에너지솔루션,322000
2023-01-12,53600.0,하락  400,55400.0,57400.0,53500.0,667120.0,HD현대에너지솔루션,322000
2023-01-13,52800.0,하락  800,54400.0,54600.0,52300.0,284396.0,HD현대에너지솔루션,322000
2023-01-16,51900.0,하락  900,53400.0,53900.0,51700.0,233014.0,HD현대에너지솔루션,322000
2023-01-17,52400.0,상승  500,52100.0,53900.0,51300.0,246617.0,HD현대에너지솔루션,322000
2023-01-18,52700.0,상승  300,52200.0,53100.0,51700.0,124784.0,HD현대에너지솔루션,322000
2023-01-19,51000.0,"하락  1,700",52200.0,53900.0,50900.0,215805.0,HD현대에너지솔루션,322000
2023-01-20,50300.0,하락  700,50000.0,50500.0,49350.0,141887.0,HD현대에너지솔루션,322000
2023-01-25,50100.0,하락  200,50900.0,50900.0,49750.0,126194.0,HD현대에너지솔루션,322000
2023-01-26,52500.0,"상승  2,400",49950.0,52500.0,49900.0,241961.0,HD현대에너지솔루션,322000
2023-01-27,51600.0,하락  900,53000.0,53000.0,51400.0,136326.0,HD현대에너지솔루션,322000
2023-01-30,50700.0,하락  900,52000.0,52300.0,50600.0,106140.0,HD현대에너지솔루션,322000
2023-01-31,52200.0,"상승  1,500",50700.0,52200.0,50200.0,135106.0,HD현대에너지솔루션,322000
2023-02-01,51600.0,하락  600,52800.0,52900.0,51600.0,100951.0,HD현대에너지솔루션,322000
2023-02-02,54100.0,"상승  2,500",52800.0,54400.0,52100.0,306657.0,HD현대에너지솔루션,322000
2023-02-03,54500.0,상승  400,53700.0,55500.0,53200.0,242411.0,HD현대에너지솔루션,322000
2023-02-06,52200.0,"하락  2,300",53700.0,55100.0,52200.0,250877.0,HD현대에너지솔루션,322000
2023-02-07,53800.0,"상승  1,600",52600.0,54200.0,51900.0,214533.0,HD현대에너지솔루션,322000
2023-02-08,54300.0,상승  500,54300.0,55000.0,53700.0,147055.0,HD현대에너지솔루션,322000
2023-02-09,54900.0,상승  600,54300.0,55500.0,53200.0,224970.0,HD현대에너지솔루션,322000
2023-02-10,52600.0,"하락  2,300",54500.0,54500.0,52500.0,169643.0,HD현대에너지솔루션,322000
2023-02-13,52900.0,상승  300,52700.0,53200.0,51700.0,99612.0,HD현대에너지솔루션,322000
2023-02-14,53200.0,상승  300,53400.0,53800.0,52800.0,93715.0,HD현대에너지솔루션,322000
2023-02-15,51600.0,"하락  1,600",53200.0,53800.0,51400.0,137732.0,HD현대에너지솔루션,322000
2023-02-16,53600.0,"상승  2,000",52600.0,54500.0,52500.0,204870.0,HD현대에너지솔루션,322000
2023-02-17,53600.0,보합0,52700.0,54200.0,52700.0,89706.0,HD현대에너지솔루션,322000
2023-02-20,50900.0,"하락  2,700",53600.0,53600.0,50700.0,301821.0,HD현대에너지솔루션,322000
2023-02-21,50900.0,보합0,51100.0,51400.0,50500.0,162432.0,HD현대에너지솔루션,322000
2023-02-22,49300.0,"하락  1,600",50200.0,50500.0,49150.0,172173.0,HD현대에너지솔루션,322000
2023-02-23,50600.0,"상승  1,300",49300.0,50900.0,48050.0,207608.0,HD현대에너지솔루션,322000
2023-02-24,49250.0,"하락  1,350",51100.0,51100.0,49250.0,93079.0,HD현대에너지솔루션,322000
2023-02-27,47800.0,"하락  1,450",48850.0,49000.0,47100.0,195485.0,HD현대에너지솔루션,322000
2023-02-28,48900.0,"상승  1,100",48300.0,49100.0,48300.0,97431.0,HD현대에너지솔루션,322000
2023-03-02,52400.0,"상승  3,500",52100.0,53700.0,51500.0,673071.0,HD현대에너지솔루션,322000
2023-03-03,53700.0,"상승  1,300",53400.0,56400.0,53100.0,546912.0,HD현대에너지솔루션,322000
2023-03-06,53500.0,하락  200,54600.0,54800.0,51300.0,330860.0,HD현대에너지솔루션,322000
2023-03-07,59200.0,"상승  5,700",53200.0,59700.0,52400.0,875249.0,HD현대에너지솔루션,322000
2023-03-08,54100.0,"하락  5,100",58100.0,58800.0,54100.0,821521.0,HD현대에너지솔루션,322000
2023-03-09,55000.0,상승  900,56500.0,57300.0,54200.0,448765.0,HD현대에너지솔루션,322000
2023-03-10,53700.0,"하락  1,300",53300.0,55500.0,53100.0,208043.0,HD현대에너지솔루션,322000
2023-03-13,52200.0,"하락  1,500",52700.0,53800.0,51400.0,184131.0,HD현대에너지솔루션,322000
2023-03-14,49650.0,"하락  2,550",51900.0,52700.0,49550.0,204535.0,HD현대에너지솔루션,322000
2023-03-15,50900.0,"상승  1,250",51100.0,51500.0,50500.0,112655.0,HD현대에너지솔루션,322000
2023-03-16,51000.0,상승  100,49800.0,52300.0,49800.0,128328.0,HD현대에너지솔루션,322000
2023-03-17,49750.0,"하락  1,250",52000.0,52200.0,49700.0,225879.0,HD현대에너지솔루션,322000
2023-03-20,50100.0,상승  350,49750.0,50700.0,49200.0,135738.0,HD현대에너지솔루션,322000
2023-03-21,50400.0,상승  300,50200.0,51300.0,50100.0,129828.0,HD현대에너지솔루션,322000
2023-03-22,52000.0,"상승  1,600",51900.0,54000.0,51100.0,439235.0,HD현대에너지솔루션,322000
2023-03-23,50700.0,"하락  1,300",51300.0,51400.0,50400.0,176229.0,HD현대에너지솔루션,322000
2023-03-24,50700.0,보합0,51000.0,51100.0,50000.0,103199.0,HD현대에너지솔루션,322000
2023-03-27,50300.0,하락  400,50500.0,51000.0,49800.0,92973.0,HD현대에너지솔루션,322000
2023-03-28,51400.0,"상승  1,100",50100.0,51500.0,50100.0,112369.0,HD현대에너지솔루션,322000
2023-03-29,51900.0,상승  500,51500.0,52400.0,51100.0,163855.0,HD현대에너지솔루션,322000
2023-03-30,56500.0,"상승  4,600",52700.0,56800.0,52400.0,633765.0,HD현대에너지솔루션,322000
2023-03-31,53000.0,"하락  3,500",58300.0,58500.0,52800.0,780776.0,HD현대에너지솔루션,322000
2023-04-03,52900.0,하락  100,53500.0,53700.0,51900.0,174354.0,HD현대에너지솔루션,322000
2023-04-04,52900.0,보합0,54100.0,54600.0,52800.0,260202.0,HD현대에너지솔루션,322000
2023-04-05,52100.0,하락  800,52600.0,53100.0,51700.0,175291.0,HD현대에너지솔루션,322000
2023-04-06,51100.0,"하락  1,000",51800.0,53400.0,50900.0,224038.0,HD현대에너지솔루션,322000
2023-04-07,51400.0,상승  300,51900.0,52100.0,51100.0,124203.0,HD현대에너지솔루션,322000
2023-04-10,51300.0,하락  100,51600.0,52300.0,51000.0,175798.0,HD현대에너지솔루션,322000
2023-04-11,51000.0,하락  300,52100.0,52100.0,50700.0,269034.0,HD현대에너지솔루션,322000
2023-04-12,51000.0,보합0,51100.0,51700.0,50700.0,168284.0,HD현대에너지솔루션,322000
2023-04-13,51500.0,상승  500,51300.0,51800.0,50900.0,222561.0,HD현대에너지솔루션,322000
2023-04-14,51600.0,상승  100,52400.0,52600.0,51300.0,240462.0,HD현대에너지솔루션,322000
2023-04-17,52900.0,"상승  1,300",51900.0,53300.0,51800.0,356133.0,HD현대에너지솔루션,322000
2023-04-18,53700.0,상승  800,53700.0,54400.0,52500.0,536181.0,HD현대에너지솔루션,322000
2023-04-19,53600.0,하락  100,53900.0,54000.0,53100.0,186121.0,HD현대에너지솔루션,322000
2023-04-20,52300.0,"하락  1,300",53600.0,54600.0,52200.0,241767.0,HD현대에너지솔루션,322000
2023-04-21,56200.0,"상승  3,900",52100.0,56200.0,51000.0,849661.0,HD현대에너지솔루션,322000
2023-04-24,56400.0,상승  200,56100.0,57200.0,54600.0,369706.0,HD현대에너지솔루션,322000
2023-04-25,53800.0,"하락  2,600",56500.0,57000.0,53600.0,270419.0,HD현대에너지솔루션,322000
2023-04-26,51200.0,"하락  2,600",53100.0,53400.0,51200.0,260800.0,HD현대에너지솔루션,322000
2023-04-27,45900.0,"하락  5,300",49500.0,49500.0,45900.0,655524.0,HD현대에너지솔루션,322000
2023-04-28,42150.0,"하락  3,750",46150.0,46450.0,41650.0,544407.0,HD현대에너지솔루션,322000
2023-05-02,42500.0,상승  350,42150.0,42850.0,41500.0,167021.0,HD현대에너지솔루션,322000
2023-05-03,41850.0,하락  650,41900.0,42450.0,41600.0,125888.0,HD현대에너지솔루션,322000
2023-05-04,41450.0,하락  400,41750.0,42450.0,41300.0,122476.0,HD현대에너지솔루션,322000
2023-05-08,41400.0,하락  50,41950.0,41950.0,41350.0,95332.0,HD현대에너지솔루션,322000
2023-05-09,40500.0,하락  900,41550.0,41750.0,40300.0,119498.0,HD현대에너지솔루션,322000
2023-05-10,40300.0,하락  200,40300.0,41150.0,39850.0,95435.0,HD현대에너지솔루션,322000
2023-05-11,40250.0,하락  50,40900.0,40950.0,40200.0,83264.0,HD현대에너지솔루션,322000
2023-05-12,39150.0,"하락  1,100",40350.0,40400.0,38550.0,209908.0,HD현대에너지솔루션,322000
2023-05-15,39750.0,상승  600,39900.0,41000.0,39400.0,179679.0,HD현대에너지솔루션,322000
2023-05-16,38850.0,하락  900,39950.0,39950.0,38700.0,88340.0,HD현대에너지솔루션,322000
2023-05-17,39500.0,상승  650,38700.0,39500.0,38550.0,76206.0,HD현대에너지솔루션,322000
2023-05-18,40050.0,상승  550,39850.0,40650.0,39800.0,126281.0,HD현대에너지솔루션,322000
2023-05-19,39900.0,하락  150,40750.0,40750.0,39350.0,74865.0,HD현대에너지솔루션,322000
2023-05-22,40550.0,상승  650,40200.0,40800.0,39950.0,62300.0,HD현대에너지솔루션,322000
2023-05-23,40600.0,상승  50,40950.0,41000.0,40250.0,88291.0,HD현대에너지솔루션,322000
2023-05-24,40700.0,상승  100,40300.0,41000.0,40300.0,47854.0,HD현대에너지솔루션,322000
2023-05-25,40000.0,하락  700,40750.0,41150.0,39800.0,68742.0,HD현대에너지솔루션,322000
2023-05-26,39800.0,하락  200,40100.0,40650.0,39800.0,58898.0,HD현대에너지솔루션,322000
2023-05-30,40250.0,상승  450,40000.0,40550.0,39800.0,75405.0,HD현대에너지솔루션,322000
2023-05-31,41150.0,상승  900,40250.0,41150.0,39900.0,85303.0,HD현대에너지솔루션,322000
2023-06-01,40550.0,하락  600,41200.0,41200.0,40450.0,53796.0,HD현대에너지솔루션,322000
2023-06-02,41400.0,상승  850,40600.0,42150.0,40600.0,127983.0,HD현대에너지솔루션,322000
2023-06-05,42300.0,상승  900,41550.0,42350.0,40850.0,105108.0,HD현대에너지솔루션,322000
2023-06-07,41800.0,하락  500,42400.0,42400.0,41600.0,90431.0,HD현대에너지솔루션,322000
2023-06-08,42050.0,상승  250,41800.0,42350.0,41500.0,72047.0,HD현대에너지솔루션,322000
2023-06-09,42300.0,상승  250,42250.0,42300.0,41700.0,71772.0,HD현대에너지솔루션,322000
2023-06-12,41900.0,하락  400,42600.0,42950.0,41700.0,80952.0,HD현대에너지솔루션,322000
2023-06-13,41650.0,하락  250,42000.0,42350.0,41650.0,67734.0,HD현대에너지솔루션,322000
2023-06-14,40800.0,하락  850,42050.0,42050.0,40700.0,80214.0,HD현대에너지솔루션,322000
2023-06-15,40850.0,상승  50,40850.0,41800.0,40700.0,50521.0,HD현대에너지솔루션,322000
2023-06-16,41800.0,상승  950,40950.0,42050.0,40950.0,79160.0,HD현대에너지솔루션,322000
2023-06-19,41800.0,보합0,41850.0,42050.0,41250.0,54039.0,HD현대에너지솔루션,322000
2023-06-20,40800.0,"하락  1,000",41400.0,41500.0,40800.0,73326.0,HD현대에너지솔루션,322000
2023-06-21,40050.0,하락  750,40950.0,40950.0,40000.0,72270.0,HD현대에너지솔루션,322000
2023-06-22,39950.0,하락  100,40050.0,40350.0,39700.0,50740.0,HD현대에너지솔루션,322000
2023-06-23,38950.0,"하락  1,000",39500.0,39950.0,38700.0,94700.0,HD현대에너지솔루션,322000
2023-06-26,38450.0,하락  500,38850.0,38850.0,37200.0,74696.0,HD현대에너지솔루션,322000
2023-06-27,38050.0,하락  400,38200.0,38650.0,37550.0,54288.0,HD현대에너지솔루션,322000
2023-06-28,38100.0,상승  50,38150.0,38600.0,37700.0,58862.0,HD현대에너지솔루션,322000
2023-06-29,38550.0,상승  450,38300.0,39450.0,37700.0,58362.0,HD현대에너지솔루션,322000
2023-06-30,38650.0,상승  100,38800.0,38900.0,38000.0,35449.0,HD현대에너지솔루션,322000
2023-07-03,39000.0,상승  350,39000.0,39800.0,38950.0,51903.0,HD현대에너지솔루션,322000
2023-07-04,38600.0,하락  400,39050.0,39350.0,38500.0,36949.0,HD현대에너지솔루션,322000
2023-07-05,38150.0,하락  450,39000.0,39000.0,38150.0,38429.0,HD현대에너지솔루션,322000
2023-07-06,36800.0,"하락  1,350",38150.0,38250.0,36750.0,83859.0,HD현대에너지솔루션,322000
2023-07-07,36650.0,하락  150,36500.0,37250.0,36150.0,44095.0,HD현대에너지솔루션,322000
2023-07-10,36350.0,하락  300,36600.0,36950.0,36000.0,40837.0,HD현대에너지솔루션,322000
2023-07-11,37200.0,상승  850,36450.0,37350.0,36450.0,33432.0,HD현대에너지솔루션,322000
2023-07-12,37250.0,상승  50,37500.0,37700.0,37000.0,30085.0,HD현대에너지솔루션,322000
2023-07-13,38650.0,"상승  1,400",37850.0,38800.0,37700.0,75455.0,HD현대에너지솔루션,322000
2023-07-14,38050.0,하락  600,38900.0,38900.0,38000.0,48003.0,HD현대에너지솔루션,322000
2023-07-17,37900.0,하락  150,38400.0,38550.0,37800.0,32679.0,HD현대에너지솔루션,322000
2023-07-18,38800.0,상승  900,38500.0,39800.0,38450.0,102069.0,HD현대에너지솔루션,322000
2023-07-19,38300.0,하락  500,38800.0,39000.0,38150.0,42500.0,HD현대에너지솔루션,322000
2023-07-20,38550.0,상승  250,38300.0,38850.0,37850.0,29131.0,HD현대에너지솔루션,322000
2023-07-21,38100.0,하락  450,38550.0,38550.0,37950.0,27203.0,HD현대에너지솔루션,322000
2023-07-24,36850.0,"하락  1,250",38100.0,38200.0,36850.0,69328.0,HD현대에너지솔루션,322000
2023-07-25,36050.0,하락  800,36700.0,37000.0,36000.0,72902.0,HD현대에너지솔루션,322000
2023-07-26,32100.0,"하락  3,950",35900.0,36050.0,31700.0,225249.0,HD현대에너지솔루션,322000
2023-07-27,32200.0,상승  100,32200.0,33150.0,31500.0,58766.0,HD현대에너지솔루션,322000
2023-07-28,32600.0,상승  400,32000.0,33100.0,31850.0,63706.0,HD현대에너지솔루션,322000
2023-07-31,34500.0,"상승  1,900",32600.0,34600.0,32600.0,67786.0,HD현대에너지솔루션,322000
2023-08-01,34250.0,하락  250,34450.0,34700.0,33550.0,41433.0,HD현대에너지솔루션,322000
2023-08-02,33500.0,하락  750,34100.0,34550.0,33300.0,39855.0,HD현대에너지솔루션,322000
2023-08-03,32700.0,하락  800,33200.0,33500.0,32550.0,45198.0,HD현대에너지솔루션,322000
2023-08-04,32850.0,상승  150,32500.0,33000.0,32400.0,21354.0,HD현대에너지솔루션,322000
2023-08-07,32700.0,하락  150,32950.0,33250.0,32200.0,27510.0,HD현대에너지솔루션,322000
2023-08-08,32100.0,하락  600,32700.0,32900.0,32100.0,24599.0,HD현대에너지솔루션,322000
2023-08-09,32700.0,상승  600,32100.0,32700.0,32000.0,25302.0,HD현대에너지솔루션,322000
2023-08-10,33700.0,"상승  1,000",34200.0,36400.0,33600.0,259704.0,HD현대에너지솔루션,322000
2023-08-11,34750.0,"상승  1,050",34100.0,35350.0,33250.0,73908.0,HD현대에너지솔루션,322000
2023-08-14,33750.0,"하락  1,000",35000.0,35000.0,33650.0,43794.0,HD현대에너지솔루션,322000
2023-08-16,32300.0,"하락  1,450",33200.0,33400.0,32150.0,65530.0,HD현대에너지솔루션,322000
2023-08-17,31450.0,하락  850,31600.0,32100.0,30900.0,47682.0,HD현대에너지솔루션,322000
2023-08-18,31000.0,하락  450,31050.0,31700.0,30900.0,30847.0,HD현대에너지솔루션,322000
2023-08-21,31900.0,상승  900,31000.0,32550.0,31000.0,48754.0,HD현대에너지솔루션,322000
2023-08-22,31250.0,하락  650,31550.0,32200.0,31250.0,28842.0,HD현대에너지솔루션,322000
2023-08-23,30850.0,하락  400,31250.0,31500.0,30850.0,23749.0,HD현대에너지솔루션,322000
2023-08-24,30650.0,하락  200,30950.0,31450.0,30600.0,30651.0,HD현대에너지솔루션,322000
2023-08-25,30350.0,하락  300,30900.0,30900.0,30150.0,34261.0,HD현대에너지솔루션,322000
2023-08-28,30800.0,상승  450,30350.0,30950.0,30350.0,24607.0,HD현대에너지솔루션,322000
2023-08-29,31000.0,상승  200,30550.0,31150.0,30550.0,22081.0,HD현대에너지솔루션,322000
2023-08-30,31450.0,상승  450,31450.0,31650.0,30950.0,32378.0,HD현대에너지솔루션,322000
2023-08-31,31100.0,하락  350,31450.0,31650.0,30900.0,23560.0,HD현대에너지솔루션,322000
2023-09-01,31100.0,보합0,31100.0,31550.0,31000.0,29292.0,HD현대에너지솔루션,322000
2023-09-04,31550.0,상승  450,31150.0,31600.0,31000.0,22834.0,HD현대에너지솔루션,322000
2023-09-05,30500.0,"하락  1,050",31500.0,31550.0,30400.0,52282.0,HD현대에너지솔루션,322000
2023-09-06,29850.0,하락  650,30900.0,31100.0,29650.0,99146.0,HD현대에너지솔루션,322000
2023-09-07,28950.0,하락  900,29850.0,30000.0,28900.0,59323.0,HD현대에너지솔루션,322000
2023-09-08,28900.0,하락  50,28800.0,29100.0,28650.0,31277.0,HD현대에너지솔루션,322000
2023-09-11,29400.0,상승  500,29400.0,29550.0,28900.0,39589.0,HD현대에너지솔루션,322000
2023-09-12,29000.0,하락  400,29400.0,29900.0,28950.0,30235.0,HD현대에너지솔루션,322000
2023-09-13,28600.0,하락  400,29000.0,29100.0,28550.0,25807.0,HD현대에너지솔루션,322000
2023-09-14,29800.0,"상승  1,200",28600.0,30100.0,28550.0,99271.0,HD현대에너지솔루션,322000
2023-09-15,30350.0,상승  550,29850.0,31550.0,29850.0,227858.0,HD현대에너지솔루션,322000
2023-09-18,29500.0,하락  850,30600.0,30600.0,29150.0,58945.0,HD현대에너지솔루션,322000
2023-09-19,29050.0,하락  450,29650.0,29650.0,28550.0,42986.0,HD현대에너지솔루션,322000
2023-09-20,28350.0,하락  700,29050.0,29050.0,28200.0,44593.0,HD현대에너지솔루션,322000
2023-09-21,27450.0,하락  900,28200.0,28200.0,27450.0,54912.0,HD현대에너지솔루션,322000
2023-09-22,26900.0,하락  550,26800.0,27450.0,26800.0,32127.0,HD현대에너지솔루션,322000
2023-09-25,26650.0,하락  250,26450.0,27100.0,26450.0,27305.0,HD현대에너지솔루션,322000
2023-09-26,25950.0,하락  700,26650.0,26650.0,25950.0,43386.0,HD현대에너지솔루션,322000
2023-09-27,26500.0,상승  550,25350.0,26500.0,25350.0,28450.0,HD현대에너지솔루션,322000
2023-10-04,25000.0,"하락  1,500",26400.0,26400.0,25000.0,43537.0,HD현대에너지솔루션,322000
2023-10-05,24150.0,하락  850,25000.0,25350.0,24100.0,50197.0,HD현대에너지솔루션,322000
2023-10-06,24250.0,상승  100,23800.0,24600.0,23800.0,20276.0,HD현대에너지솔루션,322000
2023-10-10,23800.0,하락  450,24400.0,25300.0,23800.0,38698.0,HD현대에너지솔루션,322000
2023-10-11,25550.0,"상승  1,750",24850.0,26950.0,24850.0,161656.0,HD현대에너지솔루션,322000
2023-10-12,26050.0,상승  500,25600.0,26250.0,25550.0,37350.0,HD현대에너지솔루션,322000
2023-10-13,25200.0,하락  850,26050.0,26050.0,24950.0,41454.0,HD현대에너지솔루션,322000
2023-10-16,25300.0,상승  100,25200.0,26250.0,25050.0,65260.0,HD현대에너지솔루션,322000
2023-10-17,25750.0,상승  450,25550.0,26000.0,25500.0,26698.0,HD현대에너지솔루션,322000
2023-10-18,26300.0,상승  550,25950.0,26550.0,25750.0,34992.0,HD현대에너지솔루션,322000
2023-10-19,24900.0,"하락  1,400",26250.0,26250.0,24800.0,49807.0,HD현대에너지솔루션,322000
2023-10-20,24150.0,하락  750,24850.0,24850.0,23500.0,177843.0,HD현대에너지솔루션,322000
2023-10-23,23200.0,하락  950,23550.0,23800.0,23150.0,61166.0,HD현대에너지솔루션,322000
2023-10-24,23500.0,상승  300,23050.0,23500.0,22200.0,56998.0,HD현대에너지솔루션,322000
2023-10-25,23250.0,하락  250,23700.0,23750.0,23200.0,31312.0,HD현대에너지솔루션,322000
2023-10-26,21900.0,"하락  1,350",22550.0,22750.0,21800.0,65424.0,HD현대에너지솔루션,322000
2023-10-27,22100.0,상승  200,21800.0,22500.0,21700.0,32734.0,HD현대에너지솔루션,322000
2023-10-30,22250.0,상승  150,21600.0,22550.0,21600.0,25826.0,HD현대에너지솔루션,322000
2023-10-31,21800.0,하락  450,22500.0,22600.0,21600.0,28750.0,HD현대에너지솔루션,322000
2023-11-01,22000.0,상승  200,22100.0,23850.0,22000.0,107853.0,HD현대에너지솔루션,322000
2023-11-02,22550.0,상승  550,22150.0,22600.0,22150.0,40669.0,HD현대에너지솔루션,322000
2023-11-03,22950.0,상승  400,22850.0,23100.0,22600.0,43667.0,HD현대에너지솔루션,322000
2023-11-06,23950.0,"상승  1,000",23600.0,24250.0,23200.0,98099.0,HD현대에너지솔루션,322000
2023-11-07,23200.0,하락  750,23950.0,24050.0,22850.0,50590.0,HD현대에너지솔루션,322000
2023-11-08,23550.0,상승  350,23300.0,23650.0,23100.0,26771.0,HD현대에너지솔루션,322000
2023-11-09,23400.0,하락  150,23550.0,23600.0,23050.0,27933.0,HD현대에너지솔루션,322000
2023-11-10,23000.0,하락  400,23050.0,23250.0,22550.0,25598.0,HD현대에너지솔루션,322000
2023-11-13,22400.0,하락  600,23450.0,23450.0,22300.0,34106.0,HD현대에너지솔루션,322000
2023-11-14,23050.0,상승  650,22450.0,23050.0,22450.0,22365.0,HD현대에너지솔루션,322000
2023-11-15,23900.0,상승  850,24400.0,25000.0,23750.0,142561.0,HD현대에너지솔루션,322000
2023-11-16,24050.0,상승  150,23950.0,24050.0,23550.0,30700.0,HD현대에너지솔루션,322000
2023-11-17,23550.0,하락  500,23800.0,23950.0,23300.0,26854.0,HD현대에너지솔루션,322000
2023-11-20,24200.0,상승  650,23700.0,24300.0,23350.0,45706.0,HD현대에너지솔루션,322000
2023-11-21,24550.0,상승  350,24500.0,24700.0,24150.0,54558.0,HD현대에너지솔루션,322000
2023-11-22,24300.0,하락  250,24500.0,24500.0,24050.0,36638.0,HD현대에너지솔루션,322000
2023-11-23,24400.0,상승  100,24650.0,24950.0,24200.0,54855.0,HD현대에너지솔루션,322000
2023-11-24,24350.0,하락  50,24400.0,24500.0,24000.0,27306.0,HD현대에너지솔루션,322000
2023-11-27,24300.0,하락  50,24400.0,24900.0,24100.0,44715.0,HD현대에너지솔루션,322000
2023-11-28,23700.0,하락  600,24300.0,24300.0,23600.0,69872.0,HD현대에너지솔루션,322000
2023-11-29,23800.0,상승  100,23750.0,23800.0,23450.0,35609.0,HD현대에너지솔루션,322000
2023-11-30,23950.0,상승  150,23900.0,24550.0,23450.0,168907.0,HD현대에너지솔루션,322000
2023-12-01,24000.0,상승  50,24300.0,24300.0,23800.0,47579.0,HD현대에너지솔루션,322000
2023-12-04,23850.0,하락  150,24350.0,24350.0,23750.0,40343.0,HD현대에너지솔루션,322000
2023-12-05,23300.0,하락  550,23550.0,23900.0,23250.0,40082.0,HD현대에너지솔루션,322000
2023-12-06,23600.0,상승  300,23700.0,23700.0,23150.0,28739.0,HD현대에너지솔루션,322000
2023-12-07,23100.0,하락  500,23600.0,23600.0,22950.0,42482.0,HD현대에너지솔루션,322000
2023-12-08,23400.0,상승  300,23100.0,23550.0,23050.0,29965.0,HD현대에너지솔루션,322000
2023-12-11,23300.0,하락  100,23400.0,23650.0,23250.0,20619.0,HD현대에너지솔루션,322000
2023-12-12,23750.0,상승  450,23300.0,24050.0,23250.0,52415.0,HD현대에너지솔루션,322000
2023-12-13,23250.0,하락  500,23750.0,23950.0,23250.0,51580.0,HD현대에너지솔루션,322000
2023-12-14,27250.0,"상승  4,000",23900.0,29650.0,23700.0,2972008.0,HD현대에너지솔루션,322000
2023-12-15,27100.0,하락  150,28350.0,30350.0,26850.0,1421640.0,HD현대에너지솔루션,322000
2023-12-18,27200.0,상승  100,28100.0,28350.0,27050.0,386559.0,HD현대에너지솔루션,322000
2023-12-19,26550.0,하락  650,27000.0,27150.0,26500.0,225207.0,HD현대에너지솔루션,322000
2023-12-20,29350.0,"상승  2,800",28400.0,31200.0,27800.0,2033234.0,HD현대에너지솔루션,322000
2023-12-21,29400.0,상승  50,28400.0,29800.0,28000.0,509396.0,HD현대에너지솔루션,322000
2023-12-22,28700.0,하락  700,30200.0,30200.0,28550.0,270297.0,HD현대에너지솔루션,322000
2023-12-26,28100.0,하락  600,28450.0,28700.0,27600.0,145138.0,HD현대에너지솔루션,322000
2023-12-27,27550.0,하락  550,28100.0,28300.0,27250.0,143139.0,HD현대에너지솔루션,322000
2023-12-28,27950.0,상승  400,27300.0,28100.0,27300.0,95138.0,HD현대에너지솔루션,322000
2024-01-02,28150.0,상승  200,27800.0,28250.0,27500.0,76515.0,HD현대에너지솔루션,322000
2024-01-03,27450.0,하락  700,27700.0,28050.0,27050.0,107080.0,HD현대에너지솔루션,322000
2024-01-04,26650.0,하락  800,27000.0,27500.0,26400.0,126341.0,HD현대에너지솔루션,322000
2024-01-05,26750.0,상승  100,26800.0,27600.0,26500.0,121413.0,HD현대에너지솔루션,322000
2024-01-08,27050.0,상승  300,27050.0,27250.0,26250.0,91443.0,HD현대에너지솔루션,322000
2024-01-09,27900.0,상승  850,27450.0,28150.0,27200.0,199737.0,HD현대에너지솔루션,322000
2024-01-10,27750.0,하락  150,27900.0,28800.0,27700.0,245150.0,HD현대에너지솔루션,322000
2024-01-11,27850.0,상승  100,27900.0,28350.0,27450.0,113211.0,HD현대에너지솔루션,322000
2024-01-12,28100.0,상승  250,27950.0,28700.0,27650.0,165433.0,HD현대에너지솔루션,322000
2024-01-15,27850.0,하락  250,28400.0,28500.0,27450.0,114137.0,HD현대에너지솔루션,322000
2024-01-16,27900.0,상승  50,28100.0,29200.0,27900.0,180465.0,HD현대에너지솔루션,322000
2024-01-17,25400.0,"하락  2,500",27800.0,27800.0,25050.0,293855.0,HD현대에너지솔루션,322000
2024-01-18,24350.0,"하락  1,050",25350.0,25350.0,23900.0,221431.0,HD현대에너지솔루션,322000
2024-01-19,25100.0,상승  750,24350.0,25200.0,24350.0,94109.0,HD현대에너지솔루션,322000
2024-01-22,24250.0,하락  850,25150.0,25150.0,24050.0,76624.0,HD현대에너지솔루션,322000
2024-01-23,24500.0,상승  250,24600.0,24850.0,24250.0,61150.0,HD현대에너지솔루션,322000
2024-01-24,24350.0,하락  150,24750.0,24900.0,24200.0,61818.0,HD현대에너지솔루션,322000
2024-01-25,23350.0,"하락  1,000",24150.0,24350.0,23100.0,92846.0,HD현대에너지솔루션,322000
2024-01-26,23200.0,하락  150,23300.0,23550.0,23050.0,54495.0,HD현대에너지솔루션,322000
2024-01-29,23250.0,상승  50,23250.0,23550.0,22950.0,87588.0,HD현대에너지솔루션,322000
2024-01-30,23550.0,상승  300,23800.0,24150.0,23350.0,77305.0,HD현대에너지솔루션,322000
2024-01-31,23850.0,상승  300,23350.0,23850.0,23250.0,36400.0,HD현대에너지솔루션,322000
2024-02-01,24050.0,상승  200,23850.0,24250.0,23450.0,44815.0,HD현대에너지솔루션,322000
2024-02-02,25200.0,"상승  1,150",24450.0,25300.0,24350.0,149719.0,HD현대에너지솔루션,322000
2024-02-05,25000.0,하락  200,25300.0,25300.0,24850.0,50287.0,HD현대에너지솔루션,322000
2024-02-06,23950.0,"하락  1,050",24650.0,25000.0,23850.0,74260.0,HD현대에너지솔루션,322000
2024-02-07,24600.0,상승  650,24100.0,24850.0,24100.0,58953.0,HD현대에너지솔루션,322000
2024-02-08,24750.0,상승  150,24900.0,25400.0,24600.0,63522.0,HD현대에너지솔루션,322000
2024-02-13,24600.0,하락  150,25000.0,25050.0,24550.0,60308.0,HD현대에너지솔루션,322000
2024-02-14,24600.0,보합0,24250.0,24750.0,24000.0,55591.0,HD현대에너지솔루션,322000
2024-02-15,24900.0,상승  300,24700.0,25250.0,24600.0,73605.0,HD현대에너지솔루션,322000
2024-02-16,25150.0,상승  250,25050.0,25250.0,24750.0,65597.0,HD현대에너지솔루션,322000
2024-02-19,24900.0,하락  250,25050.0,25200.0,24700.0,43418.0,HD현대에너지솔루션,322000
2024-02-20,24750.0,하락  150,24750.0,24900.0,24500.0,33258.0,HD현대에너지솔루션,322000
2024-02-21,24450.0,하락  300,24700.0,24750.0,24350.0,32336.0,HD현대에너지솔루션,322000
2024-02-22,24200.0,하락  250,24600.0,24650.0,24100.0,66459.0,HD현대에너지솔루션,322000
2024-02-23,23400.0,하락  800,24200.0,24300.0,23050.0,122714.0,HD현대에너지솔루션,322000
2024-02-26,23300.0,하락  100,23400.0,23600.0,23050.0,42410.0,HD현대에너지솔루션,322000
2024-02-27,23300.0,보합0,23300.0,23350.0,23100.0,32170.0,HD현대에너지솔루션,322000
2024-02-28,23400.0,상승  100,23200.0,23650.0,23200.0,29522.0,HD현대에너지솔루션,322000
2024-02-29,23250.0,하락  150,23400.0,23400.0,23150.0,24086.0,HD현대에너지솔루션,322000
2024-03-04,23100.0,하락  150,23300.0,23500.0,23050.0,42997.0,HD현대에너지솔루션,322000
2024-03-05,22800.0,하락  300,23100.0,23350.0,22800.0,38902.0,HD현대에너지솔루션,322000
2024-03-06,22300.0,하락  500,22650.0,22700.0,22050.0,48238.0,HD현대에너지솔루션,322000
2024-03-07,22350.0,상승  50,22500.0,22700.0,22150.0,23194.0,HD현대에너지솔루션,322000
2024-03-08,22100.0,하락  250,22350.0,22500.0,22000.0,52768.0,HD현대에너지솔루션,322000
2024-03-11,22300.0,상승  200,22100.0,22350.0,22000.0,23360.0,HD현대에너지솔루션,322000
2024-03-12,22600.0,상승  300,22200.0,22650.0,22200.0,35981.0,HD현대에너지솔루션,322000
2024-03-13,22800.0,상승  200,22600.0,22800.0,22550.0,26887.0,HD현대에너지솔루션,322000
2024-03-14,22850.0,상승  50,22800.0,23000.0,22550.0,34899.0,HD현대에너지솔루션,322000
2024-03-15,22850.0,보합0,23000.0,23450.0,22700.0,31744.0,HD현대에너지솔루션,322000
2024-03-18,22850.0,보합0,22650.0,22900.0,22600.0,28504.0,HD현대에너지솔루션,322000
2024-03-19,22750.0,하락  100,22850.0,22850.0,22600.0,21840.0,HD현대에너지솔루션,322000
2024-03-20,22550.0,하락  200,22650.0,22750.0,22350.0,39563.0,HD현대에너지솔루션,322000
2024-03-21,22700.0,상승  150,22600.0,22850.0,22500.0,37131.0,HD현대에너지솔루션,322000
2024-03-22,22700.0,보합0,22550.0,22800.0,22350.0,24810.0,HD현대에너지솔루션,322000
2024-03-25,22450.0,하락  250,22650.0,22700.0,22250.0,37497.0,HD현대에너지솔루션,322000
2024-03-26,22300.0,하락  150,22400.0,22550.0,22000.0,71154.0,HD현대에너지솔루션,322000
2024-03-27,22600.0,상승  300,22350.0,22600.0,22300.0,32796.0,HD현대에너지솔루션,322000
2024-03-28,23500.0,상승  900,23500.0,25500.0,23400.0,935897.0,HD현대에너지솔루션,322000
2024-03-29,24600.0,"상승  1,100",23800.0,24800.0,23750.0,264728.0,HD현대에너지솔루션,322000
2024-04-01,24850.0,상승  250,25000.0,25550.0,24250.0,219824.0,HD현대에너지솔루션,322000
2024-04-02,24400.0,하락  450,24750.0,24850.0,23900.0,138659.0,HD현대에너지솔루션,322000
2024-04-03,24350.0,하락  50,24900.0,25000.0,24150.0,135897.0,HD현대에너지솔루션,322000
2024-04-04,24450.0,상승  100,24150.0,24500.0,23550.0,119861.0,HD현대에너지솔루션,322000
2024-04-05,24900.0,상승  450,24100.0,25150.0,24050.0,144071.0,HD현대에너지솔루션,322000
2024-04-08,23800.0,"하락  1,100",24800.0,24800.0,23650.0,107817.0,HD현대에너지솔루션,322000
2024-04-09,26650.0,"상승  2,850",22950.0,28050.0,22850.0,1402861.0,HD현대에너지솔루션,322000
2024-04-11,25350.0,"하락  1,300",26250.0,26300.0,24250.0,455231.0,HD현대에너지솔루션,322000
2024-04-12,24500.0,하락  850,25350.0,25600.0,24450.0,157767.0,HD현대에너지솔루션,322000
2024-04-15,24150.0,하락  350,24100.0,24450.0,23250.0,223262.0,HD현대에너지솔루션,322000
2024-04-16,23350.0,하락  800,23850.0,24150.0,23350.0,77572.0,HD현대에너지솔루션,322000
2024-04-17,23050.0,하락  300,23650.0,24050.0,22900.0,87778.0,HD현대에너지솔루션,322000
2024-04-18,23950.0,상승  900,23150.0,24050.0,23150.0,80079.0,HD현대에너지솔루션,322000
2024-04-19,23500.0,하락  450,23700.0,23800.0,22850.0,94002.0,HD현대에너지솔루션,322000
2024-04-22,23800.0,상승  300,23550.0,23950.0,23200.0,45933.0,HD현대에너지솔루션,322000
2024-04-23,24300.0,상승  500,24750.0,25350.0,23800.0,336699.0,HD현대에너지솔루션,322000
2024-04-24,23400.0,하락  900,24350.0,24450.0,23100.0,231197.0,HD현대에너지솔루션,322000
2024-04-25,23250.0,하락  150,23450.0,23950.0,23050.0,108381.0,HD현대에너지솔루션,322000
2024-04-26,23200.0,하락  50,23150.0,23350.0,22900.0,86582.0,HD현대에너지솔루션,322000
2024-04-29,24150.0,상승  950,23200.0,24250.0,22950.0,124924.0,HD현대에너지솔루션,322000
2024-04-30,23950.0,하락  200,24200.0,24350.0,23850.0,59508.0,HD현대에너지솔루션,322000
2024-05-02,24000.0,상승  50,24050.0,24450.0,23750.0,74189.0,HD현대에너지솔루션,322000
2024-05-03,23800.0,하락  200,24150.0,24650.0,23800.0,106632.0,HD현대에너지솔루션,322000
2024-05-07,24500.0,상승  700,24200.0,24550.0,23700.0,102448.0,HD현대에너지솔루션,322000
2024-05-08,25200.0,상승  700,24700.0,25250.0,24550.0,184456.0,HD현대에너지솔루션,322000
2024-05-09,26000.0,상승  800,25300.0,26300.0,25050.0,239112.0,HD현대에너지솔루션,322000
2024-05-10,26150.0,상승  150,26300.0,26300.0,25500.0,170798.0,HD현대에너지솔루션,322000
2024-05-13,26400.0,상승  250,26400.0,26950.0,26000.0,187427.0,HD현대에너지솔루션,322000
2024-05-14,25650.0,하락  750,26350.0,26350.0,25450.0,118499.0,HD현대에너지솔루션,322000
2024-05-16,25950.0,상승  300,25950.0,27150.0,25750.0,201432.0,HD현대에너지솔루션,322000
2024-05-17,26700.0,상승  750,26100.0,27350.0,25400.0,243558.0,HD현대에너지솔루션,322000
2024-05-20,25850.0,하락  850,27050.0,27350.0,25700.0,192091.0,HD현대에너지솔루션,322000
2024-05-21,24400.0,"하락  1,450",26150.0,26150.0,24300.0,196926.0,HD현대에너지솔루션,322000
2024-05-22,24350.0,하락  50,24700.0,25250.0,24100.0,217136.0,HD현대에너지솔루션,322000
2024-05-23,31650.0,"상한가  7,300",26600.0,31650.0,26500.0,2749922.0,HD현대에너지솔루션,322000
2024-05-24,35000.0,"상승  3,350",33450.0,39000.0,32500.0,9970942.0,HD현대에너지솔루션,322000
2024-05-27,36450.0,"상승  1,450",37900.0,41450.0,36200.0,4951719.0,HD현대에너지솔루션,322000
2024-05-28,37000.0,상승  550,37350.0,37750.0,35500.0,1226339.0,HD현대에너지솔루션,322000
2024-05-29,36150.0,하락  850,36600.0,37350.0,35550.0,809210.0,HD현대에너지솔루션,322000
2024-05-30,35450.0,하락  700,35000.0,35750.0,33850.0,742749.0,HD현대에너지솔루션,322000
2024-05-31,35650.0,상승  200,35250.0,36350.0,34450.0,712977.0,HD현대에너지솔루션,322000
2024-06-03,33550.0,"하락  2,100",35900.0,36200.0,32900.0,632879.0,HD현대에너지솔루션,322000
2024-06-04,32000.0,"하락  1,550",33050.0,33350.0,31650.0,576488.0,HD현대에너지솔루션,322000
2024-06-05,30700.0,"하락  1,300",31550.0,31900.0,30400.0,403647.0,HD현대에너지솔루션,322000
2024-06-07,29050.0,"하락  1,650",30700.0,30700.0,28750.0,596878.0,HD현대에너지솔루션,322000
2024-06-10,29200.0,상승  150,28750.0,29250.0,28200.0,383336.0,HD현대에너지솔루션,322000
2024-06-11,30200.0,"상승  1,000",29800.0,30800.0,29100.0,759960.0,HD현대에너지솔루션,322000
2024-06-12,29800.0,하락  400,30500.0,31150.0,29300.0,523032.0,HD현대에너지솔루션,322000
2024-06-13,29100.0,하락  700,29850.0,30050.0,29050.0,252907.0,HD현대에너지솔루션,322000
2024-06-14,28050.0,"하락  1,050",29000.0,29000.0,27900.0,242670.0,HD현대에너지솔루션,322000
2024-06-17,27400.0,하락  650,28050.0,28450.0,27350.0,143994.0,HD현대에너지솔루션,322000
2024-06-18,27650.0,상승  250,27150.0,27700.0,26800.0,188448.0,HD현대에너지솔루션,322000
2024-06-19,27800.0,상승  150,27650.0,27950.0,27400.0,135043.0,HD현대에너지솔루션,322000
2024-06-20,27600.0,하락  200,27800.0,28450.0,27250.0,183352.0,HD현대에너지솔루션,322000
2024-06-21,28550.0,상승  950,27950.0,28950.0,27400.0,335366.0,HD현대에너지솔루션,322000
2024-06-24,27900.0,하락  650,28450.0,29150.0,27750.0,194160.0,HD현대에너지솔루션,322000
2024-06-25,27850.0,하락  50,27700.0,28200.0,27100.0,141230.0,HD현대에너지솔루션,322000
2024-06-26,26500.0,"하락  1,350",27650.0,27850.0,26450.0,177277.0,HD현대에너지솔루션,322000
2024-06-27,27000.0,상승  500,26600.0,27200.0,26300.0,90464.0,HD현대에너지솔루션,322000
2024-06-28,26550.0,하락  450,27300.0,27300.0,26450.0,86921.0,HD현대에너지솔루션,322000
2024-07-01,25750.0,하락  800,26050.0,26300.0,25450.0,157601.0,HD현대에너지솔루션,322000
2024-07-02,25900.0,상승  150,25600.0,26300.0,24900.0,200314.0,HD현대에너지솔루션,322000
2024-07-03,26650.0,상승  750,25550.0,28100.0,24850.0,534641.0,HD현대에너지솔루션,322000
2024-07-04,26150.0,하락  500,26750.0,27500.0,26150.0,171756.0,HD현대에너지솔루션,322000
2024-07-05,25700.0,하락  450,26500.0,26700.0,25550.0,84700.0,HD현대에너지솔루션,322000
2024-07-08,25750.0,상승  50,25500.0,26150.0,25400.0,80988.0,HD현대에너지솔루션,322000
2024-07-09,26400.0,상승  650,26000.0,26600.0,26000.0,78013.0,HD현대에너지솔루션,322000
2024-07-10,26350.0,하락  50,26500.0,26550.0,26050.0,63909.0,HD현대에너지솔루션,322000
2024-07-11,26250.0,하락  100,26550.0,26700.0,26200.0,61734.0,HD현대에너지솔루션,322000
2024-07-12,26650.0,상승  400,27550.0,27900.0,26300.0,188281.0,HD현대에너지솔루션,322000
2024-07-15,26550.0,하락  100,26100.0,26550.0,25800.0,75643.0,HD현대에너지솔루션,322000
2024-07-16,25000.0,"하락  1,550",26350.0,26350.0,24750.0,176911.0,HD현대에너지솔루션,322000
2024-07-17,25000.0,보합0,25200.0,25650.0,25000.0,63580.0,HD현대에너지솔루션,322000
2024-07-18,24650.0,하락  350,24700.0,24850.0,24000.0,89958.0,HD현대에너지솔루션,322000
2024-07-19,25550.0,상승  900,24500.0,25650.0,24450.0,73522.0,HD현대에너지솔루션,322000
2024-07-22,24150.0,"하락  1,400",25900.0,26000.0,24150.0,94582.0,HD현대에너지솔루션,322000
2024-07-23,24450.0,상승  300,24200.0,24700.0,23900.0,67146.0,HD현대에너지솔루션,322000
2024-07-24,25100.0,상승  650,24700.0,26300.0,24700.0,228076.0,HD현대에너지솔루션,322000
2024-07-25,24850.0,하락  250,26000.0,26450.0,24350.0,215053.0,HD현대에너지솔루션,322000
2024-07-26,24250.0,하락  600,24700.0,24850.0,24100.0,90070.0,HD현대에너지솔루션,322000
2024-07-29,24500.0,상승  250,24300.0,24700.0,24050.0,63497.0,HD현대에너지솔루션,322000
2024-07-30,24050.0,하락  450,24150.0,24450.0,23900.0,64351.0,HD현대에너지솔루션,322000
2024-07-31,23950.0,하락  100,23950.0,24150.0,23200.0,111892.0,HD현대에너지솔루션,322000
2024-08-01,25450.0,"상승  1,500",24200.0,25750.0,24100.0,169126.0,HD현대에너지솔루션,322000
2024-08-02,24350.0,"하락  1,100",24900.0,25600.0,24200.0,115745.0,HD현대에너지솔루션,322000
2024-08-05,20450.0,"하락  3,900",23800.0,23850.0,19600.0,289541.0,HD현대에너지솔루션,322000
2024-08-06,21200.0,상승  750,20450.0,21900.0,20450.0,123723.0,HD현대에너지솔루션,322000
2024-08-07,22100.0,상승  900,21200.0,22450.0,21200.0,74254.0,HD현대에너지솔루션,322000
2024-08-08,22250.0,상승  150,22100.0,22500.0,21700.0,56761.0,HD현대에너지솔루션,322000
2024-08-09,23150.0,상승  900,22700.0,23450.0,22600.0,80110.0,HD현대에너지솔루션,322000
2024-08-12,25200.0,"상승  2,050",23200.0,25650.0,23200.0,311964.0,HD현대에너지솔루션,322000
2024-08-13,24500.0,하락  700,25200.0,25400.0,24100.0,119126.0,HD현대에너지솔루션,322000
2024-08-14,31850.0,"상한가  7,350",25900.0,31850.0,25500.0,4090840.0,HD현대에너지솔루션,322000
2024-08-16,30550.0,"하락  1,300",32650.0,32700.0,30450.0,1525938.0,HD현대에너지솔루션,322000
2024-08-19,29500.0,"하락  1,050",30300.0,30750.0,29400.0,700944.0,HD현대에너지솔루션,322000
2024-08-20,30400.0,상승  900,30000.0,30600.0,28800.0,929012.0,HD현대에너지솔루션,322000
2024-08-21,28250.0,"하락  2,150",29500.0,29650.0,27550.0,703978.0,HD현대에너지솔루션,322000
2024-08-22,28250.0,보합0,27900.0,28300.0,27500.0,298868.0,HD현대에너지솔루션,322000
2024-08-23,27400.0,하락  850,27500.0,27800.0,26200.0,405128.0,HD현대에너지솔루션,322000
2024-08-26,27550.0,상승  150,27900.0,29600.0,27400.0,793007.0,HD현대에너지솔루션,322000
2024-08-27,28350.0,상승  800,27800.0,28700.0,27000.0,283578.0,HD현대에너지솔루션,322000
2024-08-28,26900.0,"하락  1,450",28400.0,28550.0,26650.0,254923.0,HD현대에너지솔루션,322000
2024-08-29,27400.0,상승  500,26500.0,27550.0,26200.0,134135.0,HD현대에너지솔루션,322000
2024-08-30,27000.0,하락  400,27350.0,27850.0,26600.0,145232.0,HD현대에너지솔루션,322000
2024-09-02,26050.0,하락  950,27150.0,27200.0,25550.0,187184.0,HD현대에너지솔루션,322000
2024-09-03,25600.0,하락  450,26050.0,26550.0,25350.0,164986.0,HD현대에너지솔루션,322000
2024-09-04,24250.0,"하락  1,350",24000.0,24600.0,23500.0,261108.0,HD현대에너지솔루션,322000
2024-09-05,23700.0,하락  550,24300.0,24750.0,23500.0,114341.0,HD현대에너지솔루션,322000
2024-09-06,23050.0,하락  650,23600.0,23950.0,22900.0,120794.0,HD현대에너지솔루션,322000
2024-09-09,23100.0,상승  50,22300.0,23250.0,22300.0,88476.0,HD현대에너지솔루션,322000
2024-09-10,23300.0,상승  200,23100.0,23450.0,22950.0,70400.0,HD현대에너지솔루션,322000
2024-09-11,26500.0,"상승  3,200",23700.0,26850.0,23350.0,1300404.0,HD현대에너지솔루션,322000
2024-09-12,25700.0,하락  800,28050.0,28500.0,25700.0,748065.0,HD현대에너지솔루션,322000
2024-09-13,26450.0,상승  750,25700.0,26850.0,25450.0,392494.0,HD현대에너지솔루션,322000
2024-09-19,26750.0,상승  300,27100.0,28150.0,26600.0,413828.0,HD현대에너지솔루션,322000
2024-09-20,26200.0,하락  550,26400.0,26650.0,26100.0,187748.0,HD현대에너지솔루션,322000
2024-09-23,25900.0,하락  300,26100.0,26300.0,25600.0,125940.0,HD현대에너지솔루션,322000
2024-09-24,27050.0,"상승  1,150",26150.0,27300.0,26050.0,290578.0,HD현대에너지솔루션,322000
2024-09-25,25950.0,"하락  1,100",26800.0,26850.0,25850.0,166713.0,HD현대에너지솔루션,322000
2024-09-26,26500.0,상승  550,26050.0,26550.0,25700.0,112977.0,HD현대에너지솔루션,322000
2024-09-27,26350.0,하락  150,26950.0,27300.0,26050.0,163486.0,HD현대에너지솔루션,322000
2024-09-30,25250.0,"하락  1,100",26050.0,26200.0,25250.0,128409.0,HD현대에너지솔루션,322000
2024-10-02,24400.0,하락  850,24950.0,24950.0,24150.0,122257.0,HD현대에너지솔루션,322000
2024-10-04,24500.0,상승  100,24400.0,24750.0,24150.0,52557.0,HD현대에너지솔루션,322000
2024-10-07,24900.0,상승  400,24750.0,24950.0,24250.0,67727.0,HD현대에너지솔루션,322000
2024-10-08,24500.0,하락  400,24850.0,24950.0,24350.0,64572.0,HD현대에너지솔루션,322000
2024-10-10,24600.0,상승  100,25150.0,25200.0,24050.0,69335.0,HD현대에너지솔루션,322000
2024-10-11,23400.0,"하락  1,200",24100.0,24250.0,23350.0,181130.0,HD현대에너지솔루션,322000
2024-10-14,23650.0,상승  250,23200.0,23750.0,23150.0,71436.0,HD현대에너지솔루션,322000
2024-10-15,23950.0,상승  300,23800.0,23950.0,23150.0,90719.0,HD현대에너지솔루션,322000
2024-10-16,23350.0,하락  600,23700.0,23750.0,23100.0,83075.0,HD현대에너지솔루션,322000
2024-10-17,23550.0,상승  200,23250.0,23650.0,23150.0,58391.0,HD현대에너지솔루션,322000
2024-10-18,22600.0,하락  950,23550.0,23550.0,22600.0,91182.0,HD현대에너지솔루션,322000
2024-10-21,22500.0,하락  100,22500.0,23200.0,22400.0,50764.0,HD현대에너지솔루션,322000
2024-10-22,21900.0,하락  600,22500.0,22600.0,21350.0,112084.0,HD현대에너지솔루션,322000
2024-10-23,22100.0,상승  200,22150.0,22250.0,21450.0,65016.0,HD현대에너지솔루션,322000
2024-10-24,23050.0,상승  950,21750.0,23100.0,21550.0,76145.0,HD현대에너지솔루션,322000
2024-10-25,22450.0,하락  600,23050.0,23150.0,22300.0,43644.0,HD현대에너지솔루션,322000
2024-10-28,22850.0,상승  400,22450.0,23200.0,22400.0,54973.0,HD현대에너지솔루션,322000
2024-10-29,22850.0,보합0,23200.0,23250.0,22600.0,53909.0,HD현대에너지솔루션,322000
2024-10-30,22550.0,하락  300,22650.0,22800.0,22300.0,40603.0,HD현대에너지솔루션,322000
2024-10-31,23100.0,상승  550,22350.0,24450.0,22250.0,128326.0,HD현대에너지솔루션,322000
2024-11-01,22900.0,하락  200,22800.0,23200.0,22650.0,50589.0,HD현대에너지솔루션,322000
2024-11-04,24050.0,"상승  1,150",23350.0,24150.0,23350.0,170029.0,HD현대에너지솔루션,322000
2024-11-05,23750.0,하락  300,24250.0,24250.0,23000.0,89488.0,HD현대에너지솔루션,322000
2024-11-06,21500.0,"하락  2,250",24100.0,24300.0,21350.0,332480.0,HD현대에너지솔루션,322000
2024-11-07,21150.0,하락  350,21500.0,21500.0,20150.0,124186.0,HD현대에너지솔루션,322000
2024-11-08,20800.0,하락  350,20950.0,21650.0,20700.0,64774.0,HD현대에너지솔루션,322000
2024-11-11,20000.0,하락  800,20800.0,20850.0,19940.0,99525.0,HD현대에너지솔루션,322000
2024-11-12,20700.0,상승  700,20000.0,20750.0,19520.0,116530.0,HD현대에너지솔루션,322000
2024-11-13,19850.0,하락  850,20100.0,20600.0,19850.0,76565.0,HD현대에너지솔루션,322000
2024-11-14,19610.0,하락  240,19690.0,20150.0,19600.0,45811.0,HD현대에너지솔루션,322000
2024-11-15,18980.0,하락  630,20050.0,20500.0,18850.0,108567.0,HD현대에너지솔루션,322000
2024-11-18,19280.0,상승  300,18900.0,20000.0,18900.0,46816.0,HD현대에너지솔루션,322000
2024-11-19,19430.0,상승  150,19220.0,19650.0,19140.0,45563.0,HD현대에너지솔루션,322000
2024-11-20,19180.0,하락  250,19380.0,19560.0,19180.0,21677.0,HD현대에너지솔루션,322000
2024-11-21,19000.0,하락  180,19180.0,19250.0,18940.0,40084.0,HD현대에너지솔루션,322000
2024-11-22,19210.0,상승  210,19010.0,19480.0,19000.0,33158.0,HD현대에너지솔루션,322000
2024-11-25,19900.0,상승  690,19210.0,20350.0,19100.0,66698.0,HD현대에너지솔루션,322000
2024-11-26,20750.0,상승  850,20200.0,20800.0,19980.0,75270.0,HD현대에너지솔루션,322000
2024-11-27,19870.0,하락  880,20650.0,20650.0,19840.0,53572.0,HD현대에너지솔루션,322000
2024-11-28,20050.0,상승  180,19880.0,20400.0,19880.0,22794.0,HD현대에너지솔루션,322000
2024-11-29,19100.0,하락  950,20000.0,20100.0,19090.0,33964.0,HD현대에너지솔루션,322000
2024-12-02,19130.0,상승  30,19210.0,19680.0,19000.0,41595.0,HD현대에너지솔루션,322000
2024-12-03,19990.0,상승  860,19210.0,20350.0,19210.0,42698.0,HD현대에너지솔루션,322000
2024-12-04,20950.0,상승  960,19300.0,21200.0,19140.0,139174.0,HD현대에너지솔루션,322000
2024-12-05,19420.0,"하락  1,530",20600.0,20900.0,19400.0,93486.0,HD현대에너지솔루션,322000
2024-12-06,20100.0,상승  680,19250.0,20200.0,18770.0,84863.0,HD현대에너지솔루션,322000
2024-12-09,18740.0,"하락  1,360",19660.0,19660.0,18590.0,112519.0,HD현대에너지솔루션,322000
2024-12-10,20350.0,"상승  1,610",19460.0,20700.0,19150.0,109195.0,HD현대에너지솔루션,322000
2024-12-11,20950.0,상승  600,20300.0,21250.0,20050.0,65834.0,HD현대에너지솔루션,322000
2024-12-12,21000.0,상승  50,21550.0,21600.0,20600.0,75876.0,HD현대에너지솔루션,322000
2024-12-13,21500.0,상승  500,21000.0,21700.0,20650.0,58018.0,HD현대에너지솔루션,322000
2024-12-16,22200.0,상승  700,22900.0,23400.0,22000.0,175050.0,HD현대에너지솔루션,322000
2024-12-17,22050.0,하락  150,22200.0,22350.0,21500.0,64795.0,HD현대에너지솔루션,322000
2024-12-18,21400.0,하락  650,22500.0,22550.0,21100.0,53779.0,HD현대에너지솔루션,322000
2024-12-19,21150.0,하락  250,20600.0,21350.0,20450.0,34550.0,HD현대에너지솔루션,322000
2024-12-20,20400.0,하락  750,20950.0,21650.0,20250.0,40054.0,HD현대에너지솔루션,322000
2024-12-23,20650.0,상승  250,20700.0,21000.0,20500.0,24107.0,HD현대에너지솔루션,322000
2024-12-24,20400.0,하락  250,20650.0,21250.0,20400.0,35951.0,HD현대에너지솔루션,322000
2024-12-26,19990.0,하락  410,20600.0,20650.0,19970.0,34014.0,HD현대에너지솔루션,322000
2024-12-27,19890.0,하락  100,20500.0,20500.0,19800.0,34358.0,HD현대에너지솔루션,322000
2024-12-30,20200.0,상승  310,19750.0,20300.0,19720.0,30135.0,HD현대에너지솔루션,322000
2025-01-02,20400.0,상승  200,20200.0,20500.0,19820.0,29459.0,HD현대에너지솔루션,322000
2025-01-03,21750.0,"상승  1,350",20900.0,22950.0,20800.0,217881.0,HD현대에너지솔루션,322000
2025-01-06,24600.0,"상승  2,850",22000.0,25300.0,21900.0,545902.0,HD현대에너지솔루션,322000
2025-01-07,23500.0,"하락  1,100",24900.0,25000.0,23050.0,197137.0,HD현대에너지솔루션,322000
2025-01-08,23600.0,상승  100,24000.0,25150.0,23200.0,235693.0,HD현대에너지솔루션,322000
2025-01-09,23200.0,하락  400,23650.0,23650.0,22800.0,104027.0,HD현대에너지솔루션,322000
2025-01-10,26350.0,"상승  3,150",23200.0,27400.0,22950.0,1370122.0,HD현대에너지솔루션,322000
2025-01-13,26250.0,하락  100,26100.0,26600.0,25300.0,245450.0,HD현대에너지솔루션,322000
2025-01-14,25550.0,하락  700,26100.0,26250.0,25300.0,115167.0,HD현대에너지솔루션,322000
2025-01-15,25550.0,보합0,25800.0,26200.0,24950.0,163970.0,HD현대에너지솔루션,322000
2025-01-16,26950.0,"상승  1,400",25800.0,27300.0,25750.0,346143.0,HD현대에너지솔루션,322000
2025-01-17,26600.0,하락  350,26700.0,26900.0,25400.0,272944.0,HD현대에너지솔루션,322000
2025-01-20,25650.0,하락  950,26500.0,26500.0,25500.0,100421.0,HD현대에너지솔루션,322000
2025-01-21,24650.0,"하락  1,000",25500.0,25650.0,24350.0,156707.0,HD현대에너지솔루션,322000
2025-01-22,24900.0,상승  250,24500.0,25350.0,24100.0,113765.0,HD현대에너지솔루션,322000
2025-01-23,24750.0,하락  150,25350.0,25600.0,24550.0,96239.0,HD현대에너지솔루션,322000
2025-01-24,24850.0,상승  100,25400.0,25950.0,24650.0,118096.0,HD현대에너지솔루션,322000
2025-01-31,24300.0,하락  550,25100.0,25350.0,23600.0,52623.0,HD현대에너지솔루션,322000
2025-02-03,23800.0,하락  500,23600.0,24250.0,23050.0,126163.0,HD현대에너지솔루션,322000
2025-02-04,24000.0,상승  200,23900.0,24200.0,23550.0,72284.0,HD현대에너지솔루션,322000
2025-02-05,24450.0,상승  450,24050.0,24750.0,24050.0,84604.0,HD현대에너지솔루션,322000
2025-02-06,25100.0,상승  650,24550.0,25800.0,24350.0,149093.0,HD현대에너지솔루션,322000
2025-02-07,24500.0,하락  600,25150.0,25200.0,24100.0,89345.0,HD현대에너지솔루션,322000
2025-02-10,24150.0,하락  350,24400.0,24400.0,23600.0,135007.0,HD현대에너지솔루션,322000
2025-02-11,24500.0,상승  350,24100.0,24800.0,24000.0,64789.0,HD현대에너지솔루션,322000
2025-02-12,24350.0,하락  150,24500.0,24700.0,23700.0,79933.0,HD현대에너지솔루션,322000
2025-02-13,24550.0,상승  200,24350.0,24850.0,23900.0,107138.0,HD현대에너지솔루션,322000
2025-02-14,24850.0,상승  300,24750.0,26300.0,24600.0,238987.0,HD현대에너지솔루션,322000
2025-02-17,25250.0,상승  400,24850.0,25550.0,24650.0,74661.0,HD현대에너지솔루션,322000
2025-02-18,26000.0,상승  750,25400.0,26100.0,25300.0,113655.0,HD현대에너지솔루션,322000
2025-02-19,26250.0,상승  250,25900.0,26300.0,25400.0,110341.0,HD현대에너지솔루션,322000
2025-02-20,25350.0,하락  900,26100.0,26400.0,25050.0,154308.0,HD현대에너지솔루션,322000
2025-02-21,25950.0,상승  600,25400.0,26050.0,24950.0,68658.0,HD현대에너지솔루션,322000
2025-02-24,26500.0,상승  550,25600.0,27200.0,25450.0,164448.0,HD현대에너지솔루션,322000
2025-02-25,26900.0,상승  400,26250.0,27450.0,26150.0,207549.0,HD현대에너지솔루션,322000
2025-02-26,26850.0,하락  50,26900.0,27150.0,26200.0,85374.0,HD현대에너지솔루션,322000
2025-02-27,28800.0,"상승  1,950",27600.0,30850.0,27200.0,1217959.0,HD현대에너지솔루션,322000
2025-02-28,28650.0,하락  150,28350.0,30000.0,28150.0,458981.0,HD현대에너지솔루션,322000
2025-03-04,26950.0,"하락  1,700",28050.0,28350.0,26550.0,240376.0,HD현대에너지솔루션,322000
2025-03-05,27300.0,상승  350,27300.0,27850.0,26800.0,115219.0,HD현대에너지솔루션,322000
2025-03-06,27150.0,하락  150,27350.0,27800.0,27100.0,93984.0,HD현대에너지솔루션,322000
2025-03-07,27100.0,하락  50,27050.0,28450.0,26050.0,155387.0,HD현대에너지솔루션,322000
2025-03-10,26200.0,하락  900,26950.0,27150.0,25500.0,132424.0,HD현대에너지솔루션,322000
2025-03-11,25650.0,하락  550,25600.0,25750.0,25100.0,76068.0,HD현대에너지솔루션,322000
2025-03-12,25250.0,하락  400,25700.0,25900.0,25200.0,57485.0,HD현대에너지솔루션,322000
2025-03-13,25250.0,보합0,25300.0,25750.0,25200.0,54208.0,HD현대에너지솔루션,322000
2025-03-14,25900.0,상승  650,25200.0,26000.0,25150.0,47346.0,HD현대에너지솔루션,322000
2025-03-17,24950.0,하락  950,26000.0,26000.0,24750.0,116304.0,HD현대에너지솔루션,322000
2025-03-18,25100.0,상승  150,25150.0,25800.0,25000.0,55963.0,HD현대에너지솔루션,322000
2025-03-19,25800.0,상승  700,25500.0,25800.0,24700.0,117254.0,HD현대에너지솔루션,322000
2025-03-20,25100.0,하락  700,26000.0,26000.0,25000.0,86377.0,HD현대에너지솔루션,322000
2025-03-21,24550.0,하락  550,24850.0,24900.0,23900.0,126222.0,HD현대에너지솔루션,322000
2025-03-24,24150.0,하락  400,24450.0,24700.0,24100.0,36339.0,HD현대에너지솔루션,322000
2025-03-25,24200.0,상승  50,24550.0,24850.0,24100.0,72458.0,HD현대에너지솔루션,322000
2025-03-26,25350.0,"상승  1,150",24200.0,25450.0,24050.0,74381.0,HD현대에너지솔루션,322000
2025-03-27,24400.0,하락  950,25050.0,25600.0,24400.0,62160.0,HD현대에너지솔루션,322000
2025-03-28,23650.0,하락  750,24450.0,24550.0,23500.0,73601.0,HD현대에너지솔루션,322000
2025-03-31,22200.0,"하락  1,450",23250.0,23250.0,22150.0,66167.0,HD현대에너지솔루션,322000
2025-04-01,23800.0,"상승  1,600",22250.0,23900.0,22250.0,62568.0,HD현대에너지솔루션,322000
2025-04-02,24350.0,상승  550,23700.0,24750.0,23200.0,72595.0,HD현대에너지솔루션,322000
2025-04-03,24600.0,상승  250,23500.0,25050.0,23500.0,36167.0,HD현대에너지솔루션,322000
2025-04-04,26500.0,"상승  1,900",24900.0,26700.0,24350.0,128623.0,HD현대에너지솔루션,322000
2025-04-07,24650.0,"하락  1,850",25450.0,25900.0,24550.0,106221.0,HD현대에너지솔루션,322000
2025-04-08,24650.0,보합0,25050.0,25400.0,24150.0,55787.0,HD현대에너지솔루션,322000
2025-04-09,23600.0,"하락  1,050",24550.0,24550.0,23550.0,55636.0,HD현대에너지솔루션,322000
2025-04-10,25600.0,"상승  2,000",24950.0,25750.0,24250.0,79838.0,HD현대에너지솔루션,322000
2025-04-11,25950.0,상승  350,25250.0,26600.0,25250.0,78566.0,HD현대에너지솔루션,322000
2025-04-14,26300.0,상승  350,26400.0,26550.0,25750.0,66119.0,HD현대에너지솔루션,322000
2025-04-15,26300.0,보합0,26700.0,26950.0,26050.0,54396.0,HD현대에너지솔루션,322000
2025-04-16,25650.0,하락  650,26100.0,26200.0,25200.0,51042.0,HD현대에너지솔루션,322000
2025-04-17,26900.0,"상승  1,250",26450.0,28250.0,25700.0,367719.0,HD현대에너지솔루션,322000
2025-04-18,26100.0,하락  800,26900.0,26950.0,25600.0,143223.0,HD현대에너지솔루션,322000
2025-04-21,26250.0,상승  150,25850.0,27300.0,25800.0,84394.0,HD현대에너지솔루션,322000
2025-04-22,27850.0,"상승  1,600",27250.0,28200.0,26500.0,257831.0,HD현대에너지솔루션,322000
2025-04-23,27350.0,하락  500,29300.0,29300.0,26950.0,248698.0,HD현대에너지솔루션,322000
2025-04-24,27500.0,상승  150,27450.0,27950.0,26350.0,202087.0,HD현대에너지솔루션,322000
2025-04-25,28650.0,"상승  1,150",27600.0,29600.0,27600.0,520976.0,HD현대에너지솔루션,322000
2025-04-28,29000.0,상승  350,29650.0,30650.0,28900.0,263323.0,HD현대에너지솔루션,322000
2025-04-29,29500.0,상승  500,29450.0,29900.0,28200.0,140085.0,HD현대에너지솔루션,322000
2025-04-30,28600.0,하락  900,28900.0,29100.0,28300.0,93155.0,HD현대에너지솔루션,322000
2025-05-02,28100.0,하락  500,27900.0,28450.0,27350.0,64884.0,HD현대에너지솔루션,322000
2025-05-07,29200.0,"상승  1,100",28950.0,29400.0,28100.0,78547.0,HD현대에너지솔루션,322000
2025-05-08,30150.0,상승  950,29450.0,30400.0,29100.0,131566.0,HD현대에너지솔루션,322000
2025-05-09,31950.0,"상승  1,800",30850.0,32150.0,30200.0,273776.0,HD현대에너지솔루션,322000
2025-05-12,33100.0,"상승  1,150",33850.0,35300.0,32400.0,410855.0,HD현대에너지솔루션,322000
2025-05-13,33900.0,상승  800,32000.0,34350.0,31600.0,220301.0,HD현대에너지솔루션,322000
2025-05-14,44050.0,"상한가  10,150",35400.0,44050.0,35400.0,2318592.0,HD현대에너지솔루션,322000
2025-05-15,40350.0,"하락  3,700",43600.0,43700.0,39900.0,885367.0,HD현대에너지솔루션,322000
2025-05-16,46500.0,"상승  6,150",41550.0,50500.0,41150.0,2783559.0,HD현대에너지솔루션,322000
2025-05-19,50700.0,"상승  4,200",54500.0,57500.0,49550.0,1712465.0,HD현대에너지솔루션,322000
2025-05-20,46950.0,"하락  3,750",48100.0,48100.0,45900.0,488013.0,HD현대에너지솔루션,322000
2025-05-21,47150.0,상승  200,47700.0,48050.0,46750.0,274204.0,HD현대에너지솔루션,322000
2025-05-22,43750.0,"하락  3,400",46500.0,46500.0,43750.0,366100.0,HD현대에너지솔루션,322000
2025-05-23,46650.0,"상승  2,900",42700.0,47650.0,42650.0,1205924.0,HD현대에너지솔루션,322000
2025-05-26,41300.0,"하락  5,350",45000.0,45250.0,40650.0,652214.0,HD현대에너지솔루션,322000
2025-05-27,39600.0,"하락  1,700",42200.0,42250.0,39050.0,495147.0,HD현대에너지솔루션,322000
2025-05-28,39250.0,하락  350,40600.0,40750.0,38700.0,296453.0,HD현대에너지솔루션,322000
2025-05-29,40700.0,"상승  1,450",40050.0,40900.0,39300.0,370741.0,HD현대에너지솔루션,322000
2025-05-30,40700.0,보합0,40700.0,40700.0,40700.0,0.0,HD현대에너지솔루션,322000
