날짜,종가,전일비,시가,고가,저가,거래량,회사명,종목코드
2020-03-13,67000.0,"하락  6,800",69100.0,69500.0,62500.0,66228.0,HS효성첨단소재,298050
2020-03-16,62500.0,"하락  4,500",67600.0,69200.0,62500.0,34759.0,HS효성첨단소재,298050
2020-03-17,60600.0,"하락  1,900",56100.0,62500.0,56100.0,32163.0,HS효성첨단소재,298050
2020-03-18,56300.0,"하락  4,300",60700.0,61900.0,56300.0,33332.0,HS효성첨단소재,298050
2020-03-19,45750.0,"하락  10,550",56400.0,58000.0,44350.0,82025.0,HS효성첨단소재,298050
2020-03-20,48000.0,"상승  2,250",45800.0,48350.0,44350.0,79278.0,HS효성첨단소재,298050
2020-03-23,44100.0,"하락  3,900",44100.0,46350.0,42500.0,47528.0,HS효성첨단소재,298050
2020-03-24,46750.0,"상승  2,650",45500.0,48150.0,44800.0,54422.0,HS효성첨단소재,298050
2020-03-25,54500.0,"상승  7,750",49200.0,55400.0,49150.0,92114.0,HS효성첨단소재,298050
2020-03-26,58600.0,"상승  4,100",56600.0,61700.0,54500.0,96955.0,HS효성첨단소재,298050
2020-03-27,58900.0,상승  300,63000.0,65000.0,56900.0,62082.0,HS효성첨단소재,298050
2020-03-30,59800.0,상승  900,57000.0,60200.0,56100.0,31262.0,HS효성첨단소재,298050
2020-03-31,61100.0,"상승  1,300",60500.0,62500.0,60400.0,45829.0,HS효성첨단소재,298050
2020-04-01,60900.0,하락  200,60500.0,65100.0,59700.0,52952.0,HS효성첨단소재,298050
2020-04-02,61900.0,"상승  1,000",60900.0,62000.0,58000.0,32046.0,HS효성첨단소재,298050
2020-04-03,61900.0,보합0,62900.0,63500.0,61000.0,28215.0,HS효성첨단소재,298050
2020-04-06,63800.0,"상승  1,900",61900.0,63900.0,61700.0,33230.0,HS효성첨단소재,298050
2020-04-07,67600.0,"상승  3,800",66300.0,67600.0,65400.0,52840.0,HS효성첨단소재,298050
2020-04-08,68300.0,상승  700,67600.0,69800.0,66500.0,41835.0,HS효성첨단소재,298050
2020-04-09,69400.0,"상승  1,100",69300.0,70200.0,68600.0,35994.0,HS효성첨단소재,298050
2020-04-10,70300.0,상승  900,70100.0,70400.0,67600.0,43049.0,HS효성첨단소재,298050
2020-04-13,69500.0,하락  800,70300.0,70600.0,69000.0,20227.0,HS효성첨단소재,298050
2020-04-14,69700.0,상승  200,69500.0,70500.0,69300.0,22761.0,HS효성첨단소재,298050
2020-04-16,69600.0,하락  100,69700.0,69700.0,67200.0,20263.0,HS효성첨단소재,298050
2020-04-17,73300.0,"상승  3,700",70300.0,73900.0,70000.0,53549.0,HS효성첨단소재,298050
2020-04-20,74400.0,"상승  1,100",74000.0,76200.0,73600.0,31683.0,HS효성첨단소재,298050
2020-04-21,73100.0,"하락  1,300",74400.0,75300.0,71000.0,38039.0,HS효성첨단소재,298050
2020-04-22,72900.0,하락  200,72100.0,73000.0,70400.0,24867.0,HS효성첨단소재,298050
2020-04-23,76100.0,"상승  3,200",73400.0,76100.0,73300.0,24155.0,HS효성첨단소재,298050
2020-04-24,74200.0,"하락  1,900",76100.0,76500.0,73800.0,26622.0,HS효성첨단소재,298050
2020-04-27,75200.0,"상승  1,000",74300.0,75300.0,74200.0,15336.0,HS효성첨단소재,298050
2020-04-28,78300.0,"상승  3,100",75200.0,78300.0,74300.0,25361.0,HS효성첨단소재,298050
2020-04-29,81500.0,"상승  3,200",78500.0,83000.0,78500.0,51465.0,HS효성첨단소재,298050
2020-05-04,81300.0,하락  200,81700.0,82300.0,79600.0,32001.0,HS효성첨단소재,298050
2020-05-06,83700.0,"상승  2,400",81600.0,83700.0,81400.0,22955.0,HS효성첨단소재,298050
2020-05-07,83700.0,보합0,84200.0,86000.0,83700.0,30434.0,HS효성첨단소재,298050
2020-05-08,86800.0,"상승  3,100",84000.0,87700.0,84000.0,29017.0,HS효성첨단소재,298050
2020-05-11,90400.0,"상승  3,600",86900.0,90600.0,86900.0,45852.0,HS효성첨단소재,298050
2020-05-12,89900.0,하락  500,92800.0,92800.0,87500.0,45037.0,HS효성첨단소재,298050
2020-05-13,87800.0,"하락  2,100",88000.0,88700.0,86400.0,46042.0,HS효성첨단소재,298050
2020-05-14,82600.0,"하락  5,200",87000.0,87000.0,82100.0,62905.0,HS효성첨단소재,298050
2020-05-15,84700.0,"상승  2,100",83300.0,84900.0,83100.0,26547.0,HS효성첨단소재,298050
2020-05-18,84000.0,하락  700,88000.0,88000.0,83900.0,23036.0,HS효성첨단소재,298050
2020-05-19,85100.0,"상승  1,100",86000.0,86700.0,84700.0,23488.0,HS효성첨단소재,298050
2020-05-20,85700.0,상승  600,85100.0,86100.0,84500.0,17442.0,HS효성첨단소재,298050
2020-05-21,85700.0,보합0,86900.0,87000.0,85300.0,23200.0,HS효성첨단소재,298050
2020-05-22,83900.0,"하락  1,800",86200.0,86200.0,83000.0,23322.0,HS효성첨단소재,298050
2020-05-25,84100.0,상승  200,84300.0,84300.0,81800.0,27234.0,HS효성첨단소재,298050
2020-05-26,85200.0,"상승  1,100",83200.0,86800.0,82900.0,38998.0,HS효성첨단소재,298050
2020-05-27,85400.0,상승  200,85300.0,87500.0,84800.0,27796.0,HS효성첨단소재,298050
2020-05-28,83400.0,"하락  2,000",85700.0,86500.0,82500.0,31907.0,HS효성첨단소재,298050
2020-05-29,83200.0,하락  200,82700.0,84000.0,81800.0,20072.0,HS효성첨단소재,298050
2020-06-01,83700.0,상승  500,84500.0,84500.0,82900.0,17429.0,HS효성첨단소재,298050
2020-06-02,84800.0,"상승  1,100",84000.0,85000.0,83300.0,15651.0,HS효성첨단소재,298050
2020-06-03,88300.0,"상승  3,500",85500.0,90000.0,85500.0,76781.0,HS효성첨단소재,298050
2020-06-04,86700.0,"하락  1,600",89600.0,89600.0,86200.0,39829.0,HS효성첨단소재,298050
2020-06-05,86900.0,상승  200,87500.0,87600.0,85500.0,20796.0,HS효성첨단소재,298050
2020-06-08,86400.0,하락  500,88800.0,88800.0,86200.0,26025.0,HS효성첨단소재,298050
2020-06-09,85700.0,하락  700,86500.0,87400.0,85100.0,27298.0,HS효성첨단소재,298050
2020-06-10,85300.0,하락  400,85800.0,87000.0,85000.0,26115.0,HS효성첨단소재,298050
2020-06-11,96100.0,"상승  10,800",87500.0,106500.0,87500.0,514763.0,HS효성첨단소재,298050
2020-06-12,100500.0,"상승  4,400",91500.0,102500.0,91400.0,266168.0,HS효성첨단소재,298050
2020-06-15,100000.0,하락  500,105500.0,111500.0,98500.0,327343.0,HS효성첨단소재,298050
2020-06-16,103500.0,"상승  3,500",107000.0,107000.0,102000.0,123317.0,HS효성첨단소재,298050
2020-06-17,103500.0,보합0,101500.0,106000.0,100000.0,103464.0,HS효성첨단소재,298050
2020-06-18,110500.0,"상승  7,000",104500.0,110500.0,102000.0,116833.0,HS효성첨단소재,298050
2020-06-19,113500.0,"상승  3,000",112500.0,119000.0,111000.0,179558.0,HS효성첨단소재,298050
2020-06-22,117000.0,"상승  3,500",114500.0,123000.0,113500.0,191229.0,HS효성첨단소재,298050
2020-06-23,125500.0,"상승  8,500",121000.0,125500.0,118500.0,228280.0,HS효성첨단소재,298050
2020-06-24,134500.0,"상승  9,000",129000.0,147000.0,126500.0,491782.0,HS효성첨단소재,298050
2020-06-25,123500.0,"하락  11,000",129000.0,134500.0,122000.0,284459.0,HS효성첨단소재,298050
2020-06-26,112000.0,"하락  11,500",120500.0,121000.0,110000.0,344626.0,HS효성첨단소재,298050
2020-06-29,112500.0,상승  500,108500.0,117500.0,106500.0,200236.0,HS효성첨단소재,298050
2020-06-30,114000.0,"상승  1,500",117000.0,118000.0,110500.0,105926.0,HS효성첨단소재,298050
2020-07-01,109000.0,"하락  5,000",116500.0,117000.0,108000.0,111671.0,HS효성첨단소재,298050
2020-07-02,112000.0,"상승  3,000",110000.0,112500.0,105500.0,92305.0,HS효성첨단소재,298050
2020-07-03,110500.0,"하락  1,500",114000.0,114000.0,109500.0,74004.0,HS효성첨단소재,298050
2020-07-06,116500.0,"상승  6,000",112000.0,116500.0,109000.0,121557.0,HS효성첨단소재,298050
2020-07-07,120000.0,"상승  3,500",118500.0,125500.0,117500.0,214900.0,HS효성첨단소재,298050
2020-07-08,121000.0,"상승  1,000",119500.0,121500.0,115000.0,119800.0,HS효성첨단소재,298050
2020-07-09,120500.0,하락  500,124500.0,124500.0,118500.0,158615.0,HS효성첨단소재,298050
2020-07-10,117000.0,"하락  3,500",119500.0,120000.0,116500.0,81583.0,HS효성첨단소재,298050
2020-07-13,121000.0,"상승  4,000",119500.0,123000.0,118000.0,161774.0,HS효성첨단소재,298050
2020-07-14,118500.0,"하락  2,500",121000.0,122000.0,118000.0,106674.0,HS효성첨단소재,298050
2020-07-15,117000.0,"하락  1,500",120500.0,120500.0,117000.0,77345.0,HS효성첨단소재,298050
2020-07-16,117000.0,보합0,118500.0,121000.0,117000.0,78781.0,HS효성첨단소재,298050
2020-07-17,115000.0,"하락  2,000",118500.0,119500.0,113500.0,60425.0,HS효성첨단소재,298050
2020-07-20,116500.0,"상승  1,500",115500.0,117000.0,115000.0,49446.0,HS효성첨단소재,298050
2020-07-21,116000.0,하락  500,118000.0,118500.0,114000.0,80431.0,HS효성첨단소재,298050
2020-07-22,123500.0,"상승  7,500",115000.0,127500.0,115000.0,318952.0,HS효성첨단소재,298050
2020-07-23,124000.0,상승  500,126000.0,129500.0,120500.0,160938.0,HS효성첨단소재,298050
2020-07-24,118500.0,"하락  5,500",121500.0,122000.0,117500.0,107733.0,HS효성첨단소재,298050
2020-07-27,129500.0,"상승  11,000",122500.0,136000.0,122000.0,403469.0,HS효성첨단소재,298050
2020-07-28,128000.0,"하락  1,500",131500.0,132000.0,124500.0,175806.0,HS효성첨단소재,298050
2020-07-29,126500.0,"하락  1,500",127500.0,127500.0,124000.0,84151.0,HS효성첨단소재,298050
2020-07-30,125500.0,"하락  1,000",126500.0,128500.0,122500.0,85638.0,HS효성첨단소재,298050
2020-07-31,132000.0,"상승  6,500",121500.0,134000.0,121500.0,289919.0,HS효성첨단소재,298050
2020-08-03,140000.0,"상승  8,000",134000.0,141000.0,131500.0,316443.0,HS효성첨단소재,298050
2020-08-04,140000.0,보합0,142500.0,143000.0,137500.0,146835.0,HS효성첨단소재,298050
2020-08-05,141500.0,"상승  1,500",140000.0,146500.0,137500.0,157109.0,HS효성첨단소재,298050
2020-08-06,139000.0,"하락  2,500",143000.0,145500.0,137500.0,116178.0,HS효성첨단소재,298050
2020-08-07,140000.0,"상승  1,000",140000.0,140500.0,135000.0,137107.0,HS효성첨단소재,298050
2020-08-10,148000.0,"상승  8,000",141000.0,152500.0,139000.0,282941.0,HS효성첨단소재,298050
2020-08-11,154500.0,"상승  6,500",151000.0,169500.0,151000.0,388533.0,HS효성첨단소재,298050
2020-08-12,151000.0,"하락  3,500",155000.0,155000.0,143500.0,172074.0,HS효성첨단소재,298050
2020-08-13,148500.0,"하락  2,500",152000.0,158000.0,146000.0,161641.0,HS효성첨단소재,298050
2020-08-14,142000.0,"하락  6,500",148500.0,150000.0,140000.0,142007.0,HS효성첨단소재,298050
2020-08-18,133500.0,"하락  8,500",139000.0,143500.0,130000.0,180645.0,HS효성첨단소재,298050
2020-08-19,136000.0,"상승  2,500",134000.0,136500.0,130000.0,122439.0,HS효성첨단소재,298050
2020-08-20,137000.0,"상승  1,000",141500.0,145500.0,134000.0,270995.0,HS효성첨단소재,298050
2020-08-21,137000.0,보합0,140000.0,142500.0,132500.0,158107.0,HS효성첨단소재,298050
2020-08-24,137000.0,보합0,135500.0,138000.0,130000.0,121679.0,HS효성첨단소재,298050
2020-08-25,139500.0,"상승  2,500",140500.0,141000.0,137000.0,129668.0,HS효성첨단소재,298050
2020-08-26,137500.0,"하락  2,000",140000.0,140500.0,134000.0,152843.0,HS효성첨단소재,298050
2020-08-27,133500.0,"하락  4,000",136500.0,136500.0,132000.0,135505.0,HS효성첨단소재,298050
2020-08-28,133000.0,하락  500,135500.0,137500.0,132500.0,100577.0,HS효성첨단소재,298050
2020-08-31,136000.0,"상승  3,000",133500.0,138500.0,133000.0,100055.0,HS효성첨단소재,298050
2020-09-01,143500.0,"상승  7,500",137000.0,145000.0,134500.0,216262.0,HS효성첨단소재,298050
2020-09-02,144000.0,상승  500,144500.0,145500.0,141500.0,78801.0,HS효성첨단소재,298050
2020-09-03,153000.0,"상승  9,000",146000.0,156000.0,143000.0,310179.0,HS효성첨단소재,298050
2020-09-04,156000.0,"상승  3,000",146000.0,163000.0,145500.0,516554.0,HS효성첨단소재,298050
2020-09-07,162000.0,"상승  6,000",159000.0,176000.0,156000.0,571759.0,HS효성첨단소재,298050
2020-09-08,152500.0,"하락  9,500",167000.0,168000.0,152500.0,217328.0,HS효성첨단소재,298050
2020-09-09,153000.0,상승  500,155000.0,159000.0,151500.0,129606.0,HS효성첨단소재,298050
2020-09-10,163500.0,"상승  10,500",156000.0,167000.0,155000.0,259291.0,HS효성첨단소재,298050
2020-09-11,160000.0,"하락  3,500",161500.0,162000.0,156000.0,120406.0,HS효성첨단소재,298050
2020-09-14,157500.0,"하락  2,500",160000.0,162500.0,156500.0,81462.0,HS효성첨단소재,298050
2020-09-15,157500.0,보합0,159000.0,164000.0,157000.0,92121.0,HS효성첨단소재,298050
2020-09-16,157000.0,하락  500,156000.0,159500.0,155500.0,67218.0,HS효성첨단소재,298050
2020-09-17,151000.0,"하락  6,000",157000.0,157000.0,150000.0,123350.0,HS효성첨단소재,298050
2020-09-18,154000.0,"상승  3,000",153500.0,154000.0,148500.0,58684.0,HS효성첨단소재,298050
2020-09-21,148500.0,"하락  5,500",153500.0,157000.0,145500.0,86393.0,HS효성첨단소재,298050
2020-09-22,142000.0,"하락  6,500",148000.0,148500.0,140500.0,102946.0,HS효성첨단소재,298050
2020-09-23,138500.0,"하락  3,500",143000.0,145000.0,134000.0,114485.0,HS효성첨단소재,298050
2020-09-24,131000.0,"하락  7,500",134500.0,136500.0,130000.0,98552.0,HS효성첨단소재,298050
2020-09-25,134000.0,"상승  3,000",132000.0,136500.0,127500.0,61286.0,HS효성첨단소재,298050
2020-09-28,139000.0,"상승  5,000",136000.0,139000.0,135500.0,36319.0,HS효성첨단소재,298050
2020-09-29,139500.0,상승  500,142000.0,142500.0,138000.0,51119.0,HS효성첨단소재,298050
2020-10-05,143000.0,"상승  3,500",141000.0,144000.0,138000.0,60300.0,HS효성첨단소재,298050
2020-10-06,143000.0,보합0,144500.0,145000.0,141500.0,37083.0,HS효성첨단소재,298050
2020-10-07,144500.0,"상승  1,500",141000.0,144500.0,140000.0,40072.0,HS효성첨단소재,298050
2020-10-08,145500.0,"상승  1,000",146000.0,146500.0,142000.0,36874.0,HS효성첨단소재,298050
2020-10-12,144500.0,"하락  1,000",146500.0,147000.0,143000.0,43531.0,HS효성첨단소재,298050
2020-10-13,141500.0,"하락  3,000",146000.0,146000.0,140500.0,37479.0,HS효성첨단소재,298050
2020-10-14,138000.0,"하락  3,500",141500.0,142500.0,137500.0,55632.0,HS효성첨단소재,298050
2020-10-15,135000.0,"하락  3,000",138000.0,138500.0,133000.0,52438.0,HS효성첨단소재,298050
2020-10-16,138000.0,"상승  3,000",135000.0,139500.0,133000.0,48644.0,HS효성첨단소재,298050
2020-10-19,133500.0,"하락  4,500",138000.0,139000.0,133500.0,30810.0,HS효성첨단소재,298050
2020-10-20,132000.0,"하락  1,500",131000.0,134000.0,128500.0,47145.0,HS효성첨단소재,298050
2020-10-21,135000.0,"상승  3,000",133500.0,135000.0,131000.0,21680.0,HS효성첨단소재,298050
2020-10-22,131000.0,"하락  4,000",135500.0,135500.0,131000.0,23745.0,HS효성첨단소재,298050
2020-10-23,129500.0,"하락  1,500",131500.0,133000.0,128500.0,29806.0,HS효성첨단소재,298050
2020-10-26,122500.0,"하락  7,000",129500.0,130000.0,122500.0,59192.0,HS효성첨단소재,298050
2020-10-27,123500.0,"상승  1,000",120000.0,126000.0,120000.0,33599.0,HS효성첨단소재,298050
2020-10-28,132500.0,"상승  9,000",123000.0,132500.0,123000.0,46102.0,HS효성첨단소재,298050
2020-10-29,138000.0,"상승  5,500",129500.0,139000.0,129000.0,86007.0,HS효성첨단소재,298050
2020-10-30,133500.0,"하락  4,500",138500.0,140000.0,132500.0,54523.0,HS효성첨단소재,298050
2020-11-02,139500.0,"상승  6,000",135000.0,139500.0,131500.0,56427.0,HS효성첨단소재,298050
2020-11-03,141500.0,"상승  2,000",141000.0,144000.0,139000.0,76963.0,HS효성첨단소재,298050
2020-11-04,138500.0,"하락  3,000",144000.0,144000.0,137000.0,73777.0,HS효성첨단소재,298050
2020-11-05,143500.0,"상승  5,000",143500.0,144000.0,141000.0,63346.0,HS효성첨단소재,298050
2020-11-06,142000.0,"하락  1,500",145000.0,145500.0,140500.0,65701.0,HS효성첨단소재,298050
2020-11-09,151500.0,"상승  9,500",146000.0,152000.0,145000.0,117557.0,HS효성첨단소재,298050
2020-11-10,155000.0,"상승  3,500",151500.0,155500.0,148000.0,97541.0,HS효성첨단소재,298050
2020-11-11,149500.0,"하락  5,500",155000.0,155500.0,147000.0,92835.0,HS효성첨단소재,298050
2020-11-12,149000.0,하락  500,149500.0,150500.0,147000.0,44941.0,HS효성첨단소재,298050
2020-11-13,146500.0,"하락  2,500",147000.0,148000.0,143000.0,65980.0,HS효성첨단소재,298050
2020-11-16,145000.0,"하락  1,500",147500.0,147500.0,144000.0,49597.0,HS효성첨단소재,298050
2020-11-17,145000.0,보합0,146000.0,147500.0,144000.0,34330.0,HS효성첨단소재,298050
2020-11-18,146500.0,"상승  1,500",143500.0,149000.0,143500.0,47452.0,HS효성첨단소재,298050
2020-11-19,145500.0,"하락  1,000",146500.0,146500.0,144000.0,28947.0,HS효성첨단소재,298050
2020-11-20,144500.0,"하락  1,000",145500.0,146000.0,144000.0,32148.0,HS효성첨단소재,298050
2020-11-23,144500.0,보합0,144500.0,145000.0,142000.0,54038.0,HS효성첨단소재,298050
2020-11-24,149000.0,"상승  4,500",145500.0,149000.0,145000.0,72861.0,HS효성첨단소재,298050
2020-11-25,145000.0,"하락  4,000",152000.0,152500.0,144000.0,68024.0,HS효성첨단소재,298050
2020-11-26,145500.0,상승  500,144500.0,146000.0,143000.0,32421.0,HS효성첨단소재,298050
2020-11-27,146500.0,"상승  1,000",144000.0,147000.0,143000.0,51109.0,HS효성첨단소재,298050
2020-11-30,148000.0,"상승  1,500",149500.0,150500.0,146000.0,87046.0,HS효성첨단소재,298050
2020-12-01,150000.0,"상승  2,000",147000.0,150000.0,147000.0,58818.0,HS효성첨단소재,298050
2020-12-02,155000.0,"상승  5,000",151500.0,157500.0,149000.0,156208.0,HS효성첨단소재,298050
2020-12-03,156000.0,"상승  1,000",156000.0,157000.0,153000.0,88506.0,HS효성첨단소재,298050
2020-12-04,151500.0,"하락  4,500",156500.0,157000.0,151000.0,75731.0,HS효성첨단소재,298050
2020-12-07,150000.0,"하락  1,500",152000.0,152000.0,146500.0,72212.0,HS효성첨단소재,298050
2020-12-08,148000.0,"하락  2,000",149000.0,151500.0,147500.0,45929.0,HS효성첨단소재,298050
2020-12-09,148500.0,상승  500,148500.0,150500.0,147500.0,47194.0,HS효성첨단소재,298050
2020-12-10,149000.0,상승  500,147000.0,149500.0,146000.0,45142.0,HS효성첨단소재,298050
2020-12-11,149000.0,보합0,150000.0,151500.0,148500.0,59018.0,HS효성첨단소재,298050
2020-12-14,147500.0,"하락  1,500",148500.0,148500.0,146500.0,55528.0,HS효성첨단소재,298050
2020-12-15,146000.0,"하락  1,500",147500.0,147500.0,145000.0,51857.0,HS효성첨단소재,298050
2020-12-16,148500.0,"상승  2,500",146000.0,149000.0,145500.0,44811.0,HS효성첨단소재,298050
2020-12-17,150500.0,"상승  2,000",148500.0,151500.0,148000.0,65751.0,HS효성첨단소재,298050
2020-12-18,148000.0,"하락  2,500",151500.0,152000.0,148000.0,40553.0,HS효성첨단소재,298050
2020-12-21,147500.0,하락  500,147500.0,148000.0,145000.0,34681.0,HS효성첨단소재,298050
2020-12-22,143500.0,"하락  4,000",147500.0,147500.0,143000.0,64832.0,HS효성첨단소재,298050
2020-12-23,144000.0,상승  500,143500.0,145000.0,140500.0,39192.0,HS효성첨단소재,298050
2020-12-24,145000.0,"상승  1,000",145000.0,146000.0,143500.0,44639.0,HS효성첨단소재,298050
2020-12-28,142500.0,"하락  2,500",145500.0,146000.0,142000.0,47451.0,HS효성첨단소재,298050
2020-12-29,148500.0,"상승  6,000",144000.0,149000.0,143000.0,87926.0,HS효성첨단소재,298050
2020-12-30,149000.0,상승  500,147500.0,149000.0,146500.0,42294.0,HS효성첨단소재,298050
2021-01-04,151000.0,"상승  2,000",149500.0,153000.0,148000.0,90007.0,HS효성첨단소재,298050
2021-01-05,152500.0,"상승  1,500",151000.0,154000.0,148500.0,94562.0,HS효성첨단소재,298050
2021-01-06,153500.0,"상승  1,000",155500.0,160000.0,153000.0,168374.0,HS효성첨단소재,298050
2021-01-07,160000.0,"상승  6,500",158500.0,160500.0,154500.0,178260.0,HS효성첨단소재,298050
2021-01-08,162000.0,"상승  2,000",167500.0,168000.0,160000.0,210737.0,HS효성첨단소재,298050
2021-01-11,156000.0,"하락  6,000",160500.0,162000.0,152000.0,185874.0,HS효성첨단소재,298050
2021-01-12,155000.0,"하락  1,000",155000.0,158500.0,151500.0,82380.0,HS효성첨단소재,298050
2021-01-13,167000.0,"상승  12,000",163000.0,169000.0,160500.0,281313.0,HS효성첨단소재,298050
2021-01-14,168500.0,"상승  1,500",170500.0,171500.0,165000.0,107526.0,HS효성첨단소재,298050
2021-01-15,165500.0,"하락  3,000",169500.0,170000.0,163000.0,83416.0,HS효성첨단소재,298050
2021-01-18,157500.0,"하락  8,000",163000.0,164000.0,157000.0,81197.0,HS효성첨단소재,298050
2021-01-19,163500.0,"상승  6,000",157500.0,165500.0,157500.0,70953.0,HS효성첨단소재,298050
2021-01-20,166000.0,"상승  2,500",164000.0,166500.0,160500.0,61770.0,HS효성첨단소재,298050
2021-01-21,168500.0,"상승  2,500",167500.0,170000.0,165000.0,74941.0,HS효성첨단소재,298050
2021-01-22,187000.0,"상승  18,500",176000.0,190000.0,175000.0,562044.0,HS효성첨단소재,298050
2021-01-25,219000.0,"상승  32,000",191500.0,232000.0,190500.0,840509.0,HS효성첨단소재,298050
2021-01-26,221000.0,"상승  2,000",223500.0,225500.0,215000.0,272478.0,HS효성첨단소재,298050
2021-01-27,217000.0,"하락  4,000",220500.0,224000.0,210500.0,194730.0,HS효성첨단소재,298050
2021-01-28,233500.0,"상승  16,500",211500.0,239000.0,211000.0,477284.0,HS효성첨단소재,298050
2021-01-29,226500.0,"하락  7,000",237000.0,241500.0,214000.0,330279.0,HS효성첨단소재,298050
2021-02-01,276000.0,"상승  49,500",238500.0,289000.0,229000.0,1276187.0,HS효성첨단소재,298050
2021-02-02,281000.0,"상승  5,000",288000.0,288000.0,270000.0,379627.0,HS효성첨단소재,298050
2021-02-03,285000.0,"상승  4,000",279500.0,315000.0,275000.0,701975.0,HS효성첨단소재,298050
2021-02-04,294000.0,"상승  9,000",286000.0,305500.0,282000.0,322714.0,HS효성첨단소재,298050
2021-02-05,309500.0,"상승  15,500",305000.0,309500.0,291500.0,335300.0,HS효성첨단소재,298050
2021-02-08,292500.0,"하락  17,000",308500.0,317500.0,292000.0,304090.0,HS효성첨단소재,298050
2021-02-09,293500.0,"상승  1,000",297000.0,299000.0,282500.0,193071.0,HS효성첨단소재,298050
2021-02-10,305000.0,"상승  11,500",287500.0,306000.0,286000.0,185740.0,HS효성첨단소재,298050
2021-02-15,305000.0,보합0,305000.0,310000.0,299000.0,141892.0,HS효성첨단소재,298050
2021-02-16,302500.0,"하락  2,500",305000.0,307000.0,297500.0,125234.0,HS효성첨단소재,298050
2021-02-17,316000.0,"상승  13,500",301000.0,331000.0,300500.0,258763.0,HS효성첨단소재,298050
2021-02-18,308000.0,"하락  8,000",312500.0,316000.0,301000.0,125292.0,HS효성첨단소재,298050
2021-02-19,300000.0,"하락  8,000",306500.0,307000.0,291500.0,152110.0,HS효성첨단소재,298050
2021-02-22,286000.0,"하락  14,000",299500.0,300000.0,286000.0,121876.0,HS효성첨단소재,298050
2021-02-23,296500.0,"상승  10,500",277500.0,298500.0,273500.0,191533.0,HS효성첨단소재,298050
2021-02-24,282000.0,"하락  14,500",299000.0,301000.0,279500.0,140221.0,HS효성첨단소재,298050
2021-02-25,293000.0,"상승  11,000",290000.0,294000.0,283500.0,82935.0,HS효성첨단소재,298050
2021-02-26,292500.0,하락  500,284500.0,300500.0,283000.0,117671.0,HS효성첨단소재,298050
2021-03-02,293000.0,상승  500,301000.0,301500.0,290000.0,101215.0,HS효성첨단소재,298050
2021-03-03,299500.0,"상승  6,500",293000.0,311000.0,292000.0,186479.0,HS효성첨단소재,298050
2021-03-04,326000.0,"상승  26,500",305000.0,335000.0,302500.0,446327.0,HS효성첨단소재,298050
2021-03-05,322000.0,"하락  4,000",324000.0,330500.0,309000.0,243581.0,HS효성첨단소재,298050
2021-03-08,306000.0,"하락  16,000",319500.0,326500.0,306000.0,135130.0,HS효성첨단소재,298050
2021-03-09,303000.0,"하락  3,000",303000.0,307500.0,286500.0,163398.0,HS효성첨단소재,298050
2021-03-10,294000.0,"하락  9,000",309500.0,312500.0,294000.0,104779.0,HS효성첨단소재,298050
2021-03-11,306500.0,"상승  12,500",294000.0,309000.0,294000.0,105199.0,HS효성첨단소재,298050
2021-03-12,314500.0,"상승  8,000",313000.0,318500.0,305500.0,107577.0,HS효성첨단소재,298050
2021-03-15,347500.0,"상승  33,000",324000.0,354000.0,318500.0,301832.0,HS효성첨단소재,298050
2021-03-16,357500.0,"상승  10,000",345000.0,362500.0,340500.0,227556.0,HS효성첨단소재,298050
2021-03-17,364000.0,"상승  6,500",360000.0,373500.0,354000.0,168282.0,HS효성첨단소재,298050
2021-03-18,360500.0,"하락  3,500",366000.0,370000.0,352000.0,111445.0,HS효성첨단소재,298050
2021-03-19,363500.0,"상승  3,000",352000.0,366000.0,352000.0,77831.0,HS효성첨단소재,298050
2021-03-22,361000.0,"하락  2,500",360500.0,369000.0,357000.0,78355.0,HS효성첨단소재,298050
2021-03-23,349000.0,"하락  12,000",361000.0,361000.0,348500.0,73808.0,HS효성첨단소재,298050
2021-03-24,380000.0,"상승  31,000",351000.0,382000.0,350000.0,209538.0,HS효성첨단소재,298050
2021-03-25,381000.0,"상승  1,000",377500.0,399500.0,373500.0,251926.0,HS효성첨단소재,298050
2021-03-26,415000.0,"상승  34,000",386000.0,415000.0,381000.0,261403.0,HS효성첨단소재,298050
2021-03-29,385500.0,"하락  29,500",417000.0,418500.0,375500.0,259347.0,HS효성첨단소재,298050
2021-03-30,380500.0,"하락  5,000",380000.0,393500.0,374500.0,156262.0,HS효성첨단소재,298050
2021-03-31,380500.0,보합0,383000.0,390500.0,378500.0,77822.0,HS효성첨단소재,298050
2021-04-01,371500.0,"하락  9,000",382000.0,383500.0,371000.0,89486.0,HS효성첨단소재,298050
2021-04-02,384500.0,"상승  13,000",388000.0,395000.0,378000.0,140951.0,HS효성첨단소재,298050
2021-04-05,397000.0,"상승  12,500",386000.0,410000.0,377500.0,183934.0,HS효성첨단소재,298050
2021-04-06,393000.0,"하락  4,000",397500.0,400500.0,390500.0,64797.0,HS효성첨단소재,298050
2021-04-07,393500.0,상승  500,395500.0,405500.0,393500.0,87485.0,HS효성첨단소재,298050
2021-04-08,391500.0,"하락  2,000",396500.0,398000.0,388000.0,64180.0,HS효성첨단소재,298050
2021-04-09,389000.0,"하락  2,500",391000.0,393500.0,384500.0,49318.0,HS효성첨단소재,298050
2021-04-12,382000.0,"하락  7,000",386500.0,391000.0,380500.0,56956.0,HS효성첨단소재,298050
2021-04-13,384000.0,"상승  2,000",383000.0,387500.0,380000.0,46445.0,HS효성첨단소재,298050
2021-04-14,384000.0,보합0,383500.0,384500.0,378000.0,53554.0,HS효성첨단소재,298050
2021-04-15,384500.0,상승  500,385000.0,391000.0,379000.0,67220.0,HS효성첨단소재,298050
2021-04-16,408000.0,"상승  23,500",388000.0,408500.0,388000.0,252344.0,HS효성첨단소재,298050
2021-04-19,400500.0,"하락  7,500",413000.0,413500.0,391500.0,155801.0,HS효성첨단소재,298050
2021-04-20,421000.0,"상승  20,500",400500.0,440500.0,395500.0,305844.0,HS효성첨단소재,298050
2021-04-21,428000.0,"상승  7,000",417500.0,430000.0,415000.0,126203.0,HS효성첨단소재,298050
2021-04-22,421500.0,"하락  6,500",431000.0,435000.0,417000.0,136487.0,HS효성첨단소재,298050
2021-04-23,415000.0,"하락  6,500",420500.0,421000.0,412000.0,83808.0,HS효성첨단소재,298050
2021-04-26,424000.0,"상승  9,000",423500.0,435000.0,409500.0,146311.0,HS효성첨단소재,298050
2021-04-27,407500.0,"하락  16,500",430500.0,430500.0,403500.0,146120.0,HS효성첨단소재,298050
2021-04-28,394000.0,"하락  13,500",405000.0,412500.0,391000.0,118862.0,HS효성첨단소재,298050
2021-04-29,386000.0,"하락  8,000",394000.0,401000.0,385000.0,93497.0,HS효성첨단소재,298050
2021-04-30,383000.0,"하락  3,000",387000.0,393500.0,371000.0,99958.0,HS효성첨단소재,298050
2021-05-03,385500.0,"상승  2,500",398000.0,404000.0,383500.0,140090.0,HS효성첨단소재,298050
2021-05-04,391500.0,"상승  6,000",388500.0,394500.0,375000.0,72845.0,HS효성첨단소재,298050
2021-05-06,397500.0,"상승  6,000",391500.0,407500.0,387000.0,90103.0,HS효성첨단소재,298050
2021-05-07,393000.0,"하락  4,500",403000.0,403000.0,391000.0,63787.0,HS효성첨단소재,298050
2021-05-10,384500.0,"하락  8,500",393000.0,393000.0,380000.0,102034.0,HS효성첨단소재,298050
2021-05-11,379000.0,"하락  5,500",381500.0,386000.0,378500.0,54463.0,HS효성첨단소재,298050
2021-05-12,366000.0,"하락  13,000",377000.0,381000.0,355000.0,116997.0,HS효성첨단소재,298050
2021-05-13,361500.0,"하락  4,500",351500.0,370000.0,351500.0,66384.0,HS효성첨단소재,298050
2021-05-14,360500.0,"하락  1,000",365000.0,367500.0,358000.0,44378.0,HS효성첨단소재,298050
2021-05-17,350000.0,"하락  10,500",360000.0,363500.0,350000.0,56701.0,HS효성첨단소재,298050
2021-05-18,367500.0,"상승  17,500",353000.0,372000.0,352000.0,74475.0,HS효성첨단소재,298050
2021-05-20,370000.0,"상승  2,500",367500.0,371500.0,361000.0,30645.0,HS효성첨단소재,298050
2021-05-21,364500.0,"하락  5,500",375000.0,377000.0,362000.0,33091.0,HS효성첨단소재,298050
2021-05-24,365500.0,"상승  1,000",363000.0,372000.0,356000.0,38556.0,HS효성첨단소재,298050
2021-05-25,372500.0,"상승  7,000",370000.0,374000.0,363000.0,49682.0,HS효성첨단소재,298050
2021-05-26,381000.0,"상승  8,500",375500.0,390000.0,375500.0,96753.0,HS효성첨단소재,298050
2021-05-27,385000.0,"상승  4,000",386000.0,391000.0,377500.0,64371.0,HS효성첨단소재,298050
2021-05-28,384500.0,하락  500,386500.0,389000.0,381500.0,31359.0,HS효성첨단소재,298050
2021-05-31,377000.0,"하락  7,500",384500.0,388000.0,376000.0,46078.0,HS효성첨단소재,298050
2021-06-01,369500.0,"하락  7,500",377000.0,377000.0,368000.0,45015.0,HS효성첨단소재,298050
2021-06-02,378500.0,"상승  9,000",369500.0,379500.0,369500.0,40114.0,HS효성첨단소재,298050
2021-06-03,378500.0,보합0,376000.0,384500.0,375000.0,27591.0,HS효성첨단소재,298050
2021-06-04,387000.0,"상승  8,500",377000.0,398000.0,375000.0,114430.0,HS효성첨단소재,298050
2021-06-07,386500.0,하락  500,394000.0,396000.0,385500.0,55712.0,HS효성첨단소재,298050
2021-06-08,374000.0,"하락  12,500",386000.0,386500.0,374000.0,61817.0,HS효성첨단소재,298050
2021-06-09,369500.0,"하락  4,500",373000.0,376000.0,360000.0,88399.0,HS효성첨단소재,298050
2021-06-10,362000.0,"하락  7,500",365500.0,371500.0,362000.0,109170.0,HS효성첨단소재,298050
2021-06-11,361000.0,"하락  1,000",362500.0,369000.0,356500.0,107847.0,HS효성첨단소재,298050
2021-06-14,372500.0,"상승  11,500",360000.0,376000.0,360000.0,85804.0,HS효성첨단소재,298050
2021-06-15,387000.0,"상승  14,500",374000.0,389000.0,367000.0,113595.0,HS효성첨단소재,298050
2021-06-16,383000.0,"하락  4,000",388500.0,393500.0,377000.0,79050.0,HS효성첨단소재,298050
2021-06-17,396000.0,"상승  13,000",380000.0,398000.0,377500.0,110634.0,HS효성첨단소재,298050
2021-06-18,393500.0,"하락  2,500",399500.0,400000.0,390500.0,61032.0,HS효성첨단소재,298050
2021-06-21,382500.0,"하락  11,000",388500.0,391000.0,381000.0,52559.0,HS효성첨단소재,298050
2021-06-22,414000.0,"상승  31,500",385500.0,414500.0,383000.0,186088.0,HS효성첨단소재,298050
2021-06-23,413500.0,하락  500,419500.0,426500.0,405000.0,149437.0,HS효성첨단소재,298050
2021-06-24,410500.0,"하락  3,000",410500.0,420500.0,408000.0,75989.0,HS효성첨단소재,298050
2021-06-25,429000.0,"상승  18,500",413500.0,443000.0,409500.0,192556.0,HS효성첨단소재,298050
2021-06-28,415000.0,"하락  14,000",430500.0,434500.0,412000.0,104609.0,HS효성첨단소재,298050
2021-06-29,426000.0,"상승  11,000",418000.0,427500.0,413000.0,73160.0,HS효성첨단소재,298050
2021-06-30,440500.0,"상승  14,500",426000.0,444500.0,422000.0,92203.0,HS효성첨단소재,298050
2021-07-01,454000.0,"상승  13,500",440000.0,473000.0,438500.0,161813.0,HS효성첨단소재,298050
2021-07-02,455000.0,"상승  1,000",458000.0,468000.0,447000.0,69586.0,HS효성첨단소재,298050
2021-07-05,448000.0,"하락  7,000",464500.0,468500.0,446000.0,79703.0,HS효성첨단소재,298050
2021-07-06,467500.0,"상승  19,500",451000.0,471000.0,450000.0,115066.0,HS효성첨단소재,298050
2021-07-07,487000.0,"상승  19,500",468000.0,493500.0,464000.0,126818.0,HS효성첨단소재,298050
2021-07-08,491500.0,"상승  4,500",490500.0,501000.0,483500.0,106479.0,HS효성첨단소재,298050
2021-07-09,513000.0,"상승  21,500",485500.0,514000.0,481000.0,140546.0,HS효성첨단소재,298050
2021-07-12,514000.0,"상승  1,000",514000.0,521000.0,503000.0,79147.0,HS효성첨단소재,298050
2021-07-13,552000.0,"상승  38,000",517000.0,560000.0,511000.0,129946.0,HS효성첨단소재,298050
2021-07-14,568000.0,"상승  16,000",552000.0,572000.0,548000.0,112789.0,HS효성첨단소재,298050
2021-07-15,634000.0,"상승  66,000",573000.0,638000.0,571000.0,268479.0,HS효성첨단소재,298050
2021-07-16,583000.0,"하락  51,000",625000.0,661000.0,571000.0,421245.0,HS효성첨단소재,298050
2021-07-19,586000.0,"상승  3,000",571000.0,609000.0,558000.0,174126.0,HS효성첨단소재,298050
2021-07-20,573000.0,"하락  13,000",581000.0,592000.0,558000.0,135637.0,HS효성첨단소재,298050
2021-07-21,580000.0,"상승  7,000",582000.0,602000.0,573000.0,121848.0,HS효성첨단소재,298050
2021-07-22,610000.0,"상승  30,000",585000.0,615000.0,575000.0,147830.0,HS효성첨단소재,298050
2021-07-23,610000.0,보합0,621000.0,627000.0,600000.0,92568.0,HS효성첨단소재,298050
2021-07-26,604000.0,"하락  6,000",604000.0,625000.0,600000.0,85710.0,HS효성첨단소재,298050
2021-07-27,597000.0,"하락  7,000",606000.0,619000.0,595000.0,66592.0,HS효성첨단소재,298050
2021-07-28,602000.0,"상승  5,000",596000.0,604000.0,586000.0,54185.0,HS효성첨단소재,298050
2021-07-29,642000.0,"상승  40,000",607000.0,646000.0,602000.0,193882.0,HS효성첨단소재,298050
2021-07-30,614000.0,"하락  28,000",635000.0,637000.0,603000.0,187570.0,HS효성첨단소재,298050
2021-08-02,588000.0,"하락  26,000",613000.0,622000.0,572000.0,180324.0,HS효성첨단소재,298050
2021-08-03,593000.0,"상승  5,000",586000.0,605000.0,578000.0,91690.0,HS효성첨단소재,298050
2021-08-04,589000.0,"하락  4,000",590000.0,595000.0,579000.0,61463.0,HS효성첨단소재,298050
2021-08-05,591000.0,"상승  2,000",593000.0,593000.0,584000.0,49887.0,HS효성첨단소재,298050
2021-08-06,581000.0,"하락  10,000",593000.0,598000.0,581000.0,47750.0,HS효성첨단소재,298050
2021-08-09,582000.0,"상승  1,000",575000.0,589000.0,574000.0,54407.0,HS효성첨단소재,298050
2021-08-10,580000.0,"하락  2,000",589000.0,595000.0,578000.0,47505.0,HS효성첨단소재,298050
2021-08-11,547000.0,"하락  33,000",580000.0,580000.0,544000.0,133436.0,HS효성첨단소재,298050
2021-08-12,570000.0,"상승  23,000",552000.0,575000.0,552000.0,85798.0,HS효성첨단소재,298050
2021-08-13,572000.0,"상승  2,000",576000.0,579000.0,556000.0,62839.0,HS효성첨단소재,298050
2021-08-17,550000.0,"하락  22,000",572000.0,572000.0,548000.0,64097.0,HS효성첨단소재,298050
2021-08-18,554000.0,"상승  4,000",548000.0,561000.0,535000.0,47328.0,HS효성첨단소재,298050
2021-08-19,539000.0,"하락  15,000",546000.0,563000.0,536000.0,59623.0,HS효성첨단소재,298050
2021-08-20,519000.0,"하락  20,000",539000.0,544000.0,513000.0,84442.0,HS효성첨단소재,298050
2021-08-23,531000.0,"상승  12,000",520000.0,536000.0,514000.0,54598.0,HS효성첨단소재,298050
2021-08-24,545000.0,"상승  14,000",545000.0,561000.0,532000.0,75480.0,HS효성첨단소재,298050
2021-08-25,574000.0,"상승  29,000",549000.0,581000.0,544000.0,115413.0,HS효성첨단소재,298050
2021-08-26,577000.0,"상승  3,000",580000.0,594000.0,575000.0,99895.0,HS효성첨단소재,298050
2021-08-27,591000.0,"상승  14,000",571000.0,601000.0,564000.0,94429.0,HS효성첨단소재,298050
2021-08-30,625000.0,"상승  34,000",606000.0,628000.0,599000.0,137167.0,HS효성첨단소재,298050
2021-08-31,619000.0,"하락  6,000",630000.0,633000.0,608000.0,81267.0,HS효성첨단소재,298050
2021-09-01,618000.0,"하락  1,000",625000.0,647000.0,611000.0,115052.0,HS효성첨단소재,298050
2021-09-02,592000.0,"하락  26,000",621000.0,621000.0,591000.0,79636.0,HS효성첨단소재,298050
2021-09-03,593000.0,"상승  1,000",597000.0,605000.0,583000.0,51982.0,HS효성첨단소재,298050
2021-09-06,595000.0,"상승  2,000",589000.0,604000.0,584000.0,42279.0,HS효성첨단소재,298050
2021-09-07,607000.0,"상승  12,000",604000.0,617000.0,599000.0,60989.0,HS효성첨단소재,298050
2021-09-08,661000.0,"상승  54,000",618000.0,678000.0,606000.0,349357.0,HS효성첨단소재,298050
2021-09-09,674000.0,"상승  13,000",666000.0,686000.0,650000.0,147309.0,HS효성첨단소재,298050
2021-09-10,679000.0,"상승  5,000",669000.0,687000.0,663000.0,85522.0,HS효성첨단소재,298050
2021-09-13,679000.0,보합0,678000.0,691000.0,662000.0,83039.0,HS효성첨단소재,298050
2021-09-14,744000.0,"상승  65,000",691000.0,745000.0,688000.0,193191.0,HS효성첨단소재,298050
2021-09-15,753000.0,"상승  9,000",751000.0,763000.0,740000.0,92124.0,HS효성첨단소재,298050
2021-09-16,777000.0,"상승  24,000",753000.0,813000.0,747000.0,168244.0,HS효성첨단소재,298050
2021-09-17,810000.0,"상승  33,000",787000.0,823000.0,770000.0,157213.0,HS효성첨단소재,298050
2021-09-23,799000.0,"하락  11,000",809000.0,825000.0,790000.0,96644.0,HS효성첨단소재,298050
2021-09-24,860000.0,"상승  61,000",804000.0,877000.0,804000.0,166362.0,HS효성첨단소재,298050
2021-09-27,796000.0,"하락  64,000",862000.0,865000.0,787000.0,207544.0,HS효성첨단소재,298050
2021-09-28,798000.0,"상승  2,000",790000.0,809000.0,768000.0,110917.0,HS효성첨단소재,298050
2021-09-29,789000.0,"하락  9,000",771000.0,800000.0,771000.0,73933.0,HS효성첨단소재,298050
2021-09-30,733000.0,"하락  56,000",784000.0,791000.0,732000.0,158491.0,HS효성첨단소재,298050
2021-10-01,717000.0,"하락  16,000",722000.0,752000.0,715000.0,97215.0,HS효성첨단소재,298050
2021-10-05,693000.0,"하락  24,000",692000.0,717000.0,670000.0,137431.0,HS효성첨단소재,298050
2021-10-06,640000.0,"하락  53,000",703000.0,717000.0,636000.0,153317.0,HS효성첨단소재,298050
2021-10-07,660000.0,"상승  20,000",653000.0,665000.0,634000.0,114965.0,HS효성첨단소재,298050
2021-10-08,717000.0,"상승  57,000",683000.0,732000.0,674000.0,196298.0,HS효성첨단소재,298050
2021-10-12,700000.0,"하락  17,000",720000.0,729000.0,700000.0,74512.0,HS효성첨단소재,298050
2021-10-13,727000.0,"상승  27,000",695000.0,747000.0,695000.0,95842.0,HS효성첨단소재,298050
2021-10-14,779000.0,"상승  52,000",744000.0,782000.0,735000.0,120156.0,HS효성첨단소재,298050
2021-10-15,770000.0,"하락  9,000",793000.0,800000.0,762000.0,97829.0,HS효성첨단소재,298050
2021-10-18,762000.0,"하락  8,000",770000.0,782000.0,754000.0,45398.0,HS효성첨단소재,298050
2021-10-19,764000.0,"상승  2,000",775000.0,784000.0,760000.0,51210.0,HS효성첨단소재,298050
2021-10-20,742000.0,"하락  22,000",773000.0,787000.0,741000.0,88673.0,HS효성첨단소재,298050
2021-10-21,727000.0,"하락  15,000",740000.0,744000.0,704000.0,84535.0,HS효성첨단소재,298050
2021-10-22,721000.0,"하락  6,000",730000.0,740000.0,714000.0,45283.0,HS효성첨단소재,298050
2021-10-25,755000.0,"상승  34,000",723000.0,755000.0,700000.0,73577.0,HS효성첨단소재,298050
2021-10-26,743000.0,"하락  12,000",767000.0,775000.0,742000.0,61874.0,HS효성첨단소재,298050
2021-10-27,720000.0,"하락  23,000",744000.0,748000.0,715000.0,64806.0,HS효성첨단소재,298050
2021-10-28,710000.0,"하락  10,000",716000.0,727000.0,707000.0,52687.0,HS효성첨단소재,298050
2021-10-29,709000.0,"하락  1,000",719000.0,728000.0,706000.0,38386.0,HS효성첨단소재,298050
2021-11-01,695000.0,"하락  14,000",715000.0,717000.0,686000.0,54860.0,HS효성첨단소재,298050
2021-11-02,682000.0,"하락  13,000",695000.0,701000.0,676000.0,72558.0,HS효성첨단소재,298050
2021-11-03,675000.0,"하락  7,000",684000.0,695000.0,673000.0,64776.0,HS효성첨단소재,298050
2021-11-04,682000.0,"상승  7,000",683000.0,700000.0,675000.0,64020.0,HS효성첨단소재,298050
2021-11-05,650000.0,"하락  32,000",686000.0,690000.0,644000.0,125596.0,HS효성첨단소재,298050
2021-11-08,668000.0,"상승  18,000",647000.0,668000.0,643000.0,59290.0,HS효성첨단소재,298050
2021-11-09,640000.0,"하락  28,000",667000.0,667000.0,635000.0,92643.0,HS효성첨단소재,298050
2021-11-10,617000.0,"하락  23,000",637000.0,643000.0,616000.0,76202.0,HS효성첨단소재,298050
2021-11-11,622000.0,"상승  5,000",610000.0,633000.0,607000.0,63096.0,HS효성첨단소재,298050
2021-11-12,654000.0,"상승  32,000",623000.0,671000.0,623000.0,130131.0,HS효성첨단소재,298050
2021-11-15,650000.0,"하락  4,000",660000.0,661000.0,633000.0,63412.0,HS효성첨단소재,298050
2021-11-16,647000.0,"하락  3,000",653000.0,654000.0,635000.0,53091.0,HS효성첨단소재,298050
2021-11-17,646000.0,"하락  1,000",655000.0,674000.0,646000.0,85736.0,HS효성첨단소재,298050
2021-11-18,633000.0,"하락  13,000",646000.0,647000.0,628000.0,52316.0,HS효성첨단소재,298050
2021-11-19,629000.0,"하락  4,000",632000.0,643000.0,627000.0,44619.0,HS효성첨단소재,298050
2021-11-22,632000.0,"상승  3,000",630000.0,636000.0,618000.0,40998.0,HS효성첨단소재,298050
2021-11-23,659000.0,"상승  27,000",633000.0,668000.0,623000.0,92969.0,HS효성첨단소재,298050
2021-11-24,655000.0,"하락  4,000",670000.0,689000.0,652000.0,95543.0,HS효성첨단소재,298050
2021-11-25,635000.0,"하락  20,000",650000.0,655000.0,632000.0,56157.0,HS효성첨단소재,298050
2021-11-26,625000.0,"하락  10,000",636000.0,645000.0,625000.0,39052.0,HS효성첨단소재,298050
2021-11-29,618000.0,"하락  7,000",596000.0,628000.0,595000.0,57022.0,HS효성첨단소재,298050
2021-11-30,598000.0,"하락  20,000",623000.0,628000.0,595000.0,57480.0,HS효성첨단소재,298050
2021-12-01,622000.0,"상승  24,000",601000.0,625000.0,585000.0,73982.0,HS효성첨단소재,298050
2021-12-02,618000.0,"하락  4,000",614000.0,635000.0,606000.0,46949.0,HS효성첨단소재,298050
2021-12-03,674000.0,"상승  56,000",630000.0,675000.0,620000.0,151257.0,HS효성첨단소재,298050
2021-12-06,666000.0,"하락  8,000",669000.0,681000.0,663000.0,62222.0,HS효성첨단소재,298050
2021-12-07,716000.0,"상승  50,000",695000.0,718000.0,678000.0,181109.0,HS효성첨단소재,298050
2021-12-08,715000.0,"하락  1,000",726000.0,738000.0,705000.0,100531.0,HS효성첨단소재,298050
2021-12-09,711000.0,"하락  4,000",712000.0,732000.0,705000.0,66956.0,HS효성첨단소재,298050
2021-12-10,694000.0,"하락  17,000",711000.0,718000.0,683000.0,59596.0,HS효성첨단소재,298050
2021-12-13,677000.0,"하락  17,000",691000.0,697000.0,676000.0,45195.0,HS효성첨단소재,298050
2021-12-14,656000.0,"하락  21,000",670000.0,674000.0,655000.0,51030.0,HS효성첨단소재,298050
2021-12-15,653000.0,"하락  3,000",651000.0,672000.0,651000.0,44230.0,HS효성첨단소재,298050
2021-12-16,651000.0,"하락  2,000",659000.0,666000.0,650000.0,34464.0,HS효성첨단소재,298050
2021-12-17,650000.0,"하락  1,000",645000.0,656000.0,642000.0,32556.0,HS효성첨단소재,298050
2021-12-20,631000.0,"하락  19,000",651000.0,651000.0,631000.0,40709.0,HS효성첨단소재,298050
2021-12-21,638000.0,"상승  7,000",633000.0,643000.0,626000.0,38182.0,HS효성첨단소재,298050
2021-12-22,630000.0,"하락  8,000",643000.0,655000.0,629000.0,40016.0,HS효성첨단소재,298050
2021-12-23,635000.0,"상승  5,000",636000.0,642000.0,626000.0,36800.0,HS효성첨단소재,298050
2021-12-24,639000.0,"상승  4,000",637000.0,645000.0,634000.0,26286.0,HS효성첨단소재,298050
2021-12-27,634000.0,"하락  5,000",639000.0,649000.0,634000.0,30366.0,HS효성첨단소재,298050
2021-12-28,590000.0,"하락  44,000",627000.0,629000.0,585000.0,251252.0,HS효성첨단소재,298050
2021-12-29,599000.0,"상승  9,000",594000.0,605000.0,593000.0,69658.0,HS효성첨단소재,298050
2021-12-30,596000.0,"하락  3,000",604000.0,606000.0,596000.0,38163.0,HS효성첨단소재,298050
2022-01-03,574000.0,"하락  22,000",597000.0,600000.0,566000.0,86312.0,HS효성첨단소재,298050
2022-01-04,578000.0,"상승  4,000",576000.0,587000.0,574000.0,39536.0,HS효성첨단소재,298050
2022-01-05,572000.0,"하락  6,000",588000.0,599000.0,570000.0,61275.0,HS효성첨단소재,298050
2022-01-06,550000.0,"하락  22,000",561000.0,567000.0,550000.0,51604.0,HS효성첨단소재,298050
2022-01-07,567000.0,"상승  17,000",550000.0,584000.0,546000.0,67027.0,HS효성첨단소재,298050
2022-01-10,549000.0,"하락  18,000",559000.0,572000.0,541000.0,43051.0,HS효성첨단소재,298050
2022-01-11,531000.0,"하락  18,000",550000.0,553000.0,524000.0,61001.0,HS효성첨단소재,298050
2022-01-12,543000.0,"상승  12,000",533000.0,545000.0,533000.0,33622.0,HS효성첨단소재,298050
2022-01-13,541000.0,"하락  2,000",554000.0,568000.0,541000.0,57742.0,HS효성첨단소재,298050
2022-01-14,533000.0,"하락  8,000",536000.0,541000.0,528000.0,37070.0,HS효성첨단소재,298050
2022-01-17,522000.0,"하락  11,000",534000.0,535000.0,518000.0,39851.0,HS효성첨단소재,298050
2022-01-18,517000.0,"하락  5,000",519000.0,532000.0,509000.0,54791.0,HS효성첨단소재,298050
2022-01-19,501000.0,"하락  16,000",504000.0,513000.0,498000.0,57115.0,HS효성첨단소재,298050
2022-01-20,505000.0,"상승  4,000",500000.0,509000.0,492000.0,29957.0,HS효성첨단소재,298050
2022-01-21,485000.0,"하락  20,000",499000.0,503000.0,485000.0,61883.0,HS효성첨단소재,298050
2022-01-24,476000.0,"하락  9,000",470500.0,482000.0,465500.0,60210.0,HS효성첨단소재,298050
2022-01-25,453000.0,"하락  23,000",477000.0,480000.0,450000.0,69718.0,HS효성첨단소재,298050
2022-01-26,441500.0,"하락  11,500",452000.0,461500.0,440000.0,51648.0,HS효성첨단소재,298050
2022-01-27,422000.0,"하락  19,500",441000.0,449000.0,420500.0,65057.0,HS효성첨단소재,298050
2022-01-28,423000.0,"상승  1,000",422000.0,428000.0,398000.0,78609.0,HS효성첨단소재,298050
2022-02-03,419000.0,"하락  4,000",426500.0,434000.0,419000.0,39080.0,HS효성첨단소재,298050
2022-02-04,434000.0,"상승  15,000",417500.0,434500.0,413500.0,43050.0,HS효성첨단소재,298050
2022-02-07,432000.0,"하락  2,000",435000.0,437500.0,422000.0,31782.0,HS효성첨단소재,298050
2022-02-08,429500.0,"하락  2,500",439000.0,448000.0,427500.0,44246.0,HS효성첨단소재,298050
2022-02-09,449000.0,"상승  19,500",431500.0,453500.0,431000.0,59090.0,HS효성첨단소재,298050
2022-02-10,446000.0,"하락  3,000",452000.0,461000.0,436000.0,60791.0,HS효성첨단소재,298050
2022-02-11,441500.0,"하락  4,500",440000.0,453500.0,438000.0,37102.0,HS효성첨단소재,298050
2022-02-14,421000.0,"하락  20,500",431500.0,437000.0,420000.0,38283.0,HS효성첨단소재,298050
2022-02-15,419500.0,"하락  1,500",420000.0,431500.0,415000.0,31963.0,HS효성첨단소재,298050
2022-02-16,458000.0,"상승  38,500",430000.0,468000.0,428500.0,81503.0,HS효성첨단소재,298050
2022-02-17,456500.0,"하락  1,500",466500.0,475000.0,452000.0,75330.0,HS효성첨단소재,298050
2022-02-18,469500.0,"상승  13,000",448000.0,474000.0,448000.0,53737.0,HS효성첨단소재,298050
2022-02-21,463500.0,"하락  6,000",459500.0,465000.0,452500.0,37592.0,HS효성첨단소재,298050
2022-02-22,442500.0,"하락  21,000",451500.0,458500.0,442000.0,47193.0,HS효성첨단소재,298050
2022-02-23,459500.0,"상승  17,000",448000.0,466000.0,444500.0,40041.0,HS효성첨단소재,298050
2022-02-24,440000.0,"하락  19,500",455500.0,467000.0,439000.0,52530.0,HS효성첨단소재,298050
2022-02-25,459500.0,"상승  19,500",452500.0,468000.0,452000.0,54100.0,HS효성첨단소재,298050
2022-02-28,464000.0,"상승  4,500",459000.0,469500.0,453000.0,31656.0,HS효성첨단소재,298050
2022-03-02,487500.0,"상승  23,500",467000.0,494000.0,462500.0,65634.0,HS효성첨단소재,298050
2022-03-03,510000.0,"상승  22,500",505000.0,520000.0,499000.0,76231.0,HS효성첨단소재,298050
2022-03-04,505000.0,"하락  5,000",511000.0,519000.0,500000.0,45546.0,HS효성첨단소재,298050
2022-03-07,492500.0,"하락  12,500",495500.0,501000.0,490500.0,37271.0,HS효성첨단소재,298050
2022-03-08,485000.0,"하락  7,500",483500.0,504000.0,480500.0,41957.0,HS효성첨단소재,298050
2022-03-10,493000.0,"상승  8,000",500000.0,505000.0,490500.0,35031.0,HS효성첨단소재,298050
2022-03-11,499500.0,"상승  6,500",493500.0,501000.0,488000.0,26214.0,HS효성첨단소재,298050
2022-03-14,492500.0,"하락  7,000",503000.0,503000.0,489500.0,28488.0,HS효성첨단소재,298050
2022-03-15,475500.0,"하락  17,000",492000.0,493000.0,471000.0,33884.0,HS효성첨단소재,298050
2022-03-16,484000.0,"상승  8,500",482500.0,489500.0,479000.0,23699.0,HS효성첨단소재,298050
2022-03-17,499500.0,"상승  15,500",496000.0,508000.0,495500.0,37012.0,HS효성첨단소재,298050
2022-03-18,496000.0,"하락  3,500",505000.0,505000.0,496000.0,24303.0,HS효성첨단소재,298050
2022-03-21,489500.0,"하락  6,500",498000.0,498500.0,488500.0,23057.0,HS효성첨단소재,298050
2022-03-22,489500.0,보합0,486000.0,495000.0,486000.0,20942.0,HS효성첨단소재,298050
2022-03-23,489000.0,하락  500,493500.0,502000.0,489000.0,28130.0,HS효성첨단소재,298050
2022-03-24,490000.0,"상승  1,000",490000.0,490500.0,478000.0,26725.0,HS효성첨단소재,298050
2022-03-25,483000.0,"하락  7,000",492000.0,493000.0,481000.0,25289.0,HS효성첨단소재,298050
2022-03-28,473000.0,"하락  10,000",480500.0,481000.0,472500.0,24974.0,HS효성첨단소재,298050
2022-03-29,472500.0,하락  500,473500.0,479500.0,472000.0,17974.0,HS효성첨단소재,298050
2022-03-30,475000.0,"상승  2,500",475500.0,482500.0,473000.0,21671.0,HS효성첨단소재,298050
2022-03-31,521000.0,"상승  46,000",475000.0,521000.0,475000.0,113228.0,HS효성첨단소재,298050
2022-04-01,522000.0,"상승  1,000",526000.0,539000.0,517000.0,99422.0,HS효성첨단소재,298050
2022-04-04,529000.0,"상승  7,000",523000.0,532000.0,515000.0,35726.0,HS효성첨단소재,298050
2022-04-05,518000.0,"하락  11,000",533000.0,534000.0,515000.0,44835.0,HS효성첨단소재,298050
2022-04-06,521000.0,"상승  3,000",518000.0,536000.0,518000.0,59806.0,HS효성첨단소재,298050
2022-04-07,514000.0,"하락  7,000",515000.0,526000.0,507000.0,35243.0,HS효성첨단소재,298050
2022-04-08,529000.0,"상승  15,000",520000.0,529000.0,518000.0,42581.0,HS효성첨단소재,298050
2022-04-11,517000.0,"하락  12,000",527000.0,531000.0,515000.0,36123.0,HS효성첨단소재,298050
2022-04-12,503000.0,"하락  14,000",510000.0,512000.0,500000.0,32311.0,HS효성첨단소재,298050
2022-04-13,524000.0,"상승  21,000",503000.0,528000.0,502000.0,40855.0,HS효성첨단소재,298050
2022-04-14,520000.0,"하락  4,000",525000.0,532000.0,518000.0,25976.0,HS효성첨단소재,298050
2022-04-15,511000.0,"하락  9,000",515000.0,517000.0,507000.0,21545.0,HS효성첨단소재,298050
2022-04-18,499500.0,"하락  11,500",505000.0,509000.0,498000.0,27007.0,HS효성첨단소재,298050
2022-04-19,504000.0,"상승  4,500",500000.0,509000.0,500000.0,16061.0,HS효성첨단소재,298050
2022-04-20,502000.0,"하락  2,000",507000.0,507000.0,499500.0,17917.0,HS효성첨단소재,298050
2022-04-21,513000.0,"상승  11,000",505000.0,525000.0,505000.0,45864.0,HS효성첨단소재,298050
2022-04-22,502000.0,"하락  11,000",506000.0,507000.0,500000.0,25289.0,HS효성첨단소재,298050
2022-04-25,489500.0,"하락  12,500",492000.0,499500.0,487000.0,33011.0,HS효성첨단소재,298050
2022-04-26,484500.0,"하락  5,000",495000.0,497500.0,482000.0,29693.0,HS효성첨단소재,298050
2022-04-27,474500.0,"하락  10,000",470000.0,477000.0,464500.0,27662.0,HS효성첨단소재,298050
2022-04-28,484000.0,"상승  9,500",478500.0,485500.0,470000.0,26079.0,HS효성첨단소재,298050
2022-04-29,478000.0,"하락  6,000",486000.0,490000.0,477500.0,23885.0,HS효성첨단소재,298050
2022-05-02,470000.0,"하락  8,000",473000.0,473500.0,465500.0,25437.0,HS효성첨단소재,298050
2022-05-03,466500.0,"하락  3,500",471000.0,473500.0,464500.0,24192.0,HS효성첨단소재,298050
2022-05-04,467000.0,상승  500,468000.0,473000.0,465500.0,15534.0,HS효성첨단소재,298050
2022-05-06,493500.0,"상승  26,500",468500.0,494500.0,468500.0,74809.0,HS효성첨단소재,298050
2022-05-09,474500.0,"하락  19,000",498000.0,498500.0,473500.0,37920.0,HS효성첨단소재,298050
2022-05-10,475000.0,상승  500,464000.0,478500.0,455000.0,33373.0,HS효성첨단소재,298050
2022-05-11,471000.0,"하락  4,000",472500.0,476000.0,465500.0,15957.0,HS효성첨단소재,298050
2022-05-12,448000.0,"하락  23,000",463500.0,464000.0,446000.0,38472.0,HS효성첨단소재,298050
2022-05-13,455000.0,"상승  7,000",448500.0,459000.0,448500.0,17537.0,HS효성첨단소재,298050
2022-05-16,453500.0,"하락  1,500",459500.0,464000.0,452500.0,14101.0,HS효성첨단소재,298050
2022-05-17,461500.0,"상승  8,000",453500.0,463000.0,453000.0,11844.0,HS효성첨단소재,298050
2022-05-18,466000.0,"상승  4,500",464500.0,472500.0,464500.0,14409.0,HS효성첨단소재,298050
2022-05-19,456000.0,"하락  10,000",455000.0,458000.0,452000.0,18677.0,HS효성첨단소재,298050
2022-05-20,475500.0,"상승  19,500",460500.0,476500.0,458500.0,25722.0,HS효성첨단소재,298050
2022-05-23,478000.0,"상승  2,500",480000.0,484000.0,472000.0,15883.0,HS효성첨단소재,298050
2022-05-24,467500.0,"하락  10,500",479000.0,481500.0,467500.0,17107.0,HS효성첨단소재,298050
2022-05-25,481000.0,"상승  13,500",473000.0,483000.0,468000.0,23125.0,HS효성첨단소재,298050
2022-05-26,488500.0,"상승  7,500",480000.0,500000.0,478500.0,41474.0,HS효성첨단소재,298050
2022-05-27,484500.0,"하락  4,000",497000.0,497500.0,482500.0,22909.0,HS효성첨단소재,298050
2022-05-30,521000.0,"상승  36,500",506000.0,522000.0,501000.0,92039.0,HS효성첨단소재,298050
2022-05-31,520000.0,"하락  1,000",526000.0,531000.0,519000.0,44399.0,HS효성첨단소재,298050
2022-06-02,511000.0,"하락  9,000",516000.0,516000.0,503000.0,34441.0,HS효성첨단소재,298050
2022-06-03,517000.0,"상승  6,000",516000.0,524000.0,513000.0,28378.0,HS효성첨단소재,298050
2022-06-07,506000.0,"하락  11,000",517000.0,524000.0,502000.0,23291.0,HS효성첨단소재,298050
2022-06-08,502000.0,"하락  4,000",509000.0,513000.0,497000.0,21324.0,HS효성첨단소재,298050
2022-06-09,496000.0,"하락  6,000",498000.0,502000.0,490000.0,24802.0,HS효성첨단소재,298050
2022-06-10,490500.0,"하락  5,500",488000.0,496000.0,486000.0,16088.0,HS효성첨단소재,298050
2022-06-13,469500.0,"하락  21,000",477000.0,480500.0,460000.0,50144.0,HS효성첨단소재,298050
2022-06-14,456500.0,"하락  13,000",456000.0,469000.0,450000.0,40990.0,HS효성첨단소재,298050
2022-06-15,435000.0,"하락  21,500",452500.0,456500.0,433500.0,39963.0,HS효성첨단소재,298050
2022-06-16,436500.0,"상승  1,500",445000.0,453000.0,436500.0,25920.0,HS효성첨단소재,298050
2022-06-17,432500.0,"하락  4,000",424000.0,436000.0,423500.0,24878.0,HS효성첨단소재,298050
2022-06-20,418500.0,"하락  14,000",437000.0,439500.0,412500.0,27316.0,HS효성첨단소재,298050
2022-06-21,418000.0,하락  500,422000.0,423000.0,412500.0,19903.0,HS효성첨단소재,298050
2022-06-22,389500.0,"하락  28,500",422000.0,425000.0,387000.0,51423.0,HS효성첨단소재,298050
2022-06-23,385000.0,"하락  4,500",389000.0,402000.0,381500.0,44025.0,HS효성첨단소재,298050
2022-06-24,400500.0,"상승  15,500",385000.0,403500.0,385000.0,27406.0,HS효성첨단소재,298050
2022-06-27,404500.0,"상승  4,000",405000.0,413000.0,394000.0,28457.0,HS효성첨단소재,298050
2022-06-28,406500.0,"상승  2,000",403000.0,410000.0,399000.0,19646.0,HS효성첨단소재,298050
2022-06-29,393000.0,"하락  13,500",401000.0,403500.0,390500.0,29022.0,HS효성첨단소재,298050
2022-06-30,380500.0,"하락  12,500",390000.0,392000.0,374500.0,40182.0,HS효성첨단소재,298050
2022-07-01,371500.0,"하락  9,000",381000.0,387500.0,370500.0,24948.0,HS효성첨단소재,298050
2022-07-04,370500.0,"하락  1,000",373000.0,377000.0,361000.0,25665.0,HS효성첨단소재,298050
2022-07-05,378000.0,"상승  7,500",373000.0,385000.0,373000.0,20430.0,HS효성첨단소재,298050
2022-07-06,361000.0,"하락  17,000",378000.0,378000.0,360500.0,32293.0,HS효성첨단소재,298050
2022-07-07,367500.0,"상승  6,500",367000.0,372500.0,361000.0,25927.0,HS효성첨단소재,298050
2022-07-08,363500.0,"하락  4,000",371000.0,377000.0,361500.0,27833.0,HS효성첨단소재,298050
2022-07-11,354000.0,"하락  9,500",365000.0,365000.0,349000.0,50320.0,HS효성첨단소재,298050
2022-07-12,333000.0,"하락  21,000",350000.0,353000.0,331000.0,56247.0,HS효성첨단소재,298050
2022-07-13,336500.0,"상승  3,500",332500.0,341500.0,332000.0,31104.0,HS효성첨단소재,298050
2022-07-14,330500.0,"하락  6,000",333000.0,336000.0,324500.0,33669.0,HS효성첨단소재,298050
2022-07-15,322500.0,"하락  8,000",331000.0,333500.0,315000.0,51443.0,HS효성첨단소재,298050
2022-07-18,334500.0,"상승  12,000",326000.0,337500.0,324500.0,44525.0,HS효성첨단소재,298050
2022-07-19,334000.0,하락  500,331500.0,337000.0,328500.0,41965.0,HS효성첨단소재,298050
2022-07-20,348500.0,"상승  14,500",341500.0,355500.0,341000.0,46883.0,HS효성첨단소재,298050
2022-07-21,352500.0,"상승  4,000",350000.0,356000.0,345000.0,25572.0,HS효성첨단소재,298050
2022-07-22,352000.0,하락  500,354500.0,363000.0,351000.0,63525.0,HS효성첨단소재,298050
2022-07-25,357500.0,"상승  5,500",349000.0,362500.0,349000.0,21129.0,HS효성첨단소재,298050
2022-07-26,363500.0,"상승  6,000",357500.0,372500.0,354500.0,24209.0,HS효성첨단소재,298050
2022-07-27,359500.0,"하락  4,000",364500.0,365000.0,355500.0,21047.0,HS효성첨단소재,298050
2022-07-28,364500.0,"상승  5,000",366500.0,373500.0,362500.0,28939.0,HS효성첨단소재,298050
2022-07-29,393000.0,"상승  28,500",372000.0,400000.0,371000.0,87698.0,HS효성첨단소재,298050
2022-08-01,396000.0,"상승  3,000",395000.0,407000.0,388500.0,47228.0,HS효성첨단소재,298050
2022-08-02,395000.0,"하락  1,000",404000.0,404000.0,393500.0,29452.0,HS효성첨단소재,298050
2022-08-03,393500.0,"하락  1,500",391500.0,398500.0,388000.0,20978.0,HS효성첨단소재,298050
2022-08-04,391500.0,"하락  2,000",398000.0,401500.0,385500.0,28115.0,HS효성첨단소재,298050
2022-08-05,395500.0,"상승  4,000",393500.0,401000.0,393000.0,21392.0,HS효성첨단소재,298050
2022-08-08,399000.0,"상승  3,500",394000.0,402500.0,389000.0,19349.0,HS효성첨단소재,298050
2022-08-09,393000.0,"하락  6,000",400000.0,402000.0,390000.0,24246.0,HS효성첨단소재,298050
2022-08-10,392000.0,"하락  1,000",391000.0,402500.0,391000.0,23949.0,HS효성첨단소재,298050
2022-08-11,423500.0,"상승  31,500",403000.0,426500.0,400500.0,88130.0,HS효성첨단소재,298050
2022-08-12,421000.0,"하락  2,500",427500.0,429000.0,419500.0,33797.0,HS효성첨단소재,298050
2022-08-16,418500.0,"하락  2,500",422500.0,426000.0,416500.0,20913.0,HS효성첨단소재,298050
2022-08-17,419500.0,"상승  1,000",420500.0,426000.0,417000.0,21387.0,HS효성첨단소재,298050
2022-08-18,424500.0,"상승  5,000",426000.0,435500.0,422000.0,54310.0,HS효성첨단소재,298050
2022-08-19,411500.0,"하락  13,000",425000.0,427000.0,411500.0,24421.0,HS효성첨단소재,298050
2022-08-22,406500.0,"하락  5,000",404500.0,408500.0,397500.0,21858.0,HS효성첨단소재,298050
2022-08-23,398500.0,"하락  8,000",401000.0,405500.0,397000.0,18465.0,HS효성첨단소재,298050
2022-08-24,403000.0,"상승  4,500",398000.0,404000.0,396000.0,12931.0,HS효성첨단소재,298050
2022-08-25,428500.0,"상승  25,500",406000.0,432500.0,406000.0,54503.0,HS효성첨단소재,298050
2022-08-26,441500.0,"상승  13,000",439000.0,454000.0,438500.0,69235.0,HS효성첨단소재,298050
2022-08-29,432000.0,"하락  9,500",428000.0,448500.0,425500.0,44274.0,HS효성첨단소재,298050
2022-08-30,421000.0,"하락  11,000",432000.0,440000.0,420000.0,36165.0,HS효성첨단소재,298050
2022-08-31,424000.0,"상승  3,000",417000.0,427000.0,411500.0,26561.0,HS효성첨단소재,298050
2022-09-01,424500.0,상승  500,424500.0,434500.0,418000.0,39860.0,HS효성첨단소재,298050
2022-09-02,419000.0,"하락  5,500",426000.0,429500.0,418500.0,17254.0,HS효성첨단소재,298050
2022-09-05,408000.0,"하락  11,000",418500.0,421000.0,407000.0,20749.0,HS효성첨단소재,298050
2022-09-06,429500.0,"상승  21,500",412000.0,433500.0,411000.0,31647.0,HS효성첨단소재,298050
2022-09-07,422500.0,"하락  7,000",425000.0,431000.0,420000.0,20084.0,HS효성첨단소재,298050
2022-09-08,419500.0,"하락  3,000",430500.0,430500.0,416000.0,17018.0,HS효성첨단소재,298050
2022-09-13,430000.0,"상승  10,500",425000.0,431500.0,423000.0,20665.0,HS효성첨단소재,298050
2022-09-14,418500.0,"하락  11,500",416000.0,420000.0,414000.0,22135.0,HS효성첨단소재,298050
2022-09-15,424000.0,"상승  5,500",421000.0,437000.0,421000.0,34367.0,HS효성첨단소재,298050
2022-09-16,409000.0,"하락  15,000",421500.0,424500.0,408500.0,34474.0,HS효성첨단소재,298050
2022-09-19,395000.0,"하락  14,000",408000.0,409500.0,395000.0,21335.0,HS효성첨단소재,298050
2022-09-20,396000.0,"상승  1,000",399000.0,405000.0,395500.0,15609.0,HS효성첨단소재,298050
2022-09-21,394000.0,"하락  2,000",392000.0,400500.0,390000.0,15093.0,HS효성첨단소재,298050
2022-09-22,383000.0,"하락  11,000",389000.0,390000.0,377000.0,35141.0,HS효성첨단소재,298050
2022-09-23,366000.0,"하락  17,000",383000.0,383000.0,366000.0,31389.0,HS효성첨단소재,298050
2022-09-26,344500.0,"하락  21,500",353500.0,356000.0,341500.0,34616.0,HS효성첨단소재,298050
2022-09-27,336500.0,"하락  8,000",340500.0,346000.0,329000.0,43764.0,HS효성첨단소재,298050
2022-09-28,325000.0,"하락  11,500",332500.0,336000.0,323000.0,30936.0,HS효성첨단소재,298050
2022-09-29,319500.0,"하락  5,500",329500.0,339500.0,319500.0,33293.0,HS효성첨단소재,298050
2022-09-30,307500.0,"하락  12,000",312500.0,317500.0,304000.0,45529.0,HS효성첨단소재,298050
2022-10-04,316000.0,"상승  8,500",314000.0,318000.0,310500.0,26538.0,HS효성첨단소재,298050
2022-10-05,315500.0,하락  500,322500.0,330000.0,314500.0,31142.0,HS효성첨단소재,298050
2022-10-06,321500.0,"상승  6,000",321500.0,323000.0,316500.0,21281.0,HS효성첨단소재,298050
2022-10-07,322000.0,상승  500,316500.0,325000.0,312000.0,25601.0,HS효성첨단소재,298050
2022-10-11,306500.0,"하락  15,500",312500.0,316000.0,306000.0,23826.0,HS효성첨단소재,298050
2022-10-12,325000.0,"상승  18,500",305000.0,325000.0,303500.0,28008.0,HS효성첨단소재,298050
2022-10-13,312000.0,"하락  13,000",326000.0,328500.0,311500.0,30807.0,HS효성첨단소재,298050
2022-10-14,319500.0,"상승  7,500",319000.0,323500.0,317500.0,20619.0,HS효성첨단소재,298050
2022-10-17,323500.0,"상승  4,000",310000.0,323500.0,310000.0,15924.0,HS효성첨단소재,298050
2022-10-18,332000.0,"상승  8,500",329000.0,333500.0,324000.0,20905.0,HS효성첨단소재,298050
2022-10-19,326000.0,"하락  6,000",338000.0,338000.0,325500.0,19960.0,HS효성첨단소재,298050
2022-10-20,322500.0,"하락  3,500",322000.0,325000.0,317000.0,18339.0,HS효성첨단소재,298050
2022-10-21,319000.0,"하락  3,500",319000.0,327500.0,318000.0,17492.0,HS효성첨단소재,298050
2022-10-24,322000.0,"상승  3,000",326500.0,332500.0,319000.0,23224.0,HS효성첨단소재,298050
2022-10-25,317000.0,"하락  5,000",326000.0,326000.0,316000.0,18155.0,HS효성첨단소재,298050
2022-10-26,311000.0,"하락  6,000",317500.0,319000.0,310500.0,19432.0,HS효성첨단소재,298050
2022-10-27,318500.0,"상승  7,500",312500.0,319000.0,311500.0,15779.0,HS효성첨단소재,298050
2022-10-28,324000.0,"상승  5,500",317000.0,331500.0,316000.0,31875.0,HS효성첨단소재,298050
2022-10-31,319000.0,"하락  5,000",327000.0,327000.0,313500.0,26230.0,HS효성첨단소재,298050
2022-11-01,325000.0,"상승  6,000",317000.0,328000.0,315500.0,22174.0,HS효성첨단소재,298050
2022-11-02,323000.0,"하락  2,000",321000.0,328500.0,320500.0,22001.0,HS효성첨단소재,298050
2022-11-03,325500.0,"상승  2,500",315000.0,331000.0,313000.0,23008.0,HS효성첨단소재,298050
2022-11-04,324000.0,"하락  1,500",327500.0,332000.0,317500.0,27673.0,HS효성첨단소재,298050
2022-11-07,347500.0,"상승  23,500",330000.0,353000.0,325500.0,84246.0,HS효성첨단소재,298050
2022-11-08,343500.0,"하락  4,000",349000.0,352500.0,341000.0,41013.0,HS효성첨단소재,298050
2022-11-09,358500.0,"상승  15,000",343500.0,364000.0,342500.0,56129.0,HS효성첨단소재,298050
2022-11-10,363000.0,"상승  4,500",361500.0,377000.0,360500.0,72156.0,HS효성첨단소재,298050
2022-11-11,370000.0,"상승  7,000",381500.0,382000.0,362000.0,59511.0,HS효성첨단소재,298050
2022-11-14,393500.0,"상승  23,500",370500.0,397500.0,370500.0,73335.0,HS효성첨단소재,298050
2022-11-15,399500.0,"상승  6,000",400000.0,408500.0,396500.0,42299.0,HS효성첨단소재,298050
2022-11-16,396500.0,"하락  3,000",401000.0,406000.0,388500.0,34890.0,HS효성첨단소재,298050
2022-11-17,400000.0,"상승  3,500",404000.0,415000.0,397000.0,42649.0,HS효성첨단소재,298050
2022-11-18,393000.0,"하락  7,000",402500.0,403000.0,390500.0,25235.0,HS효성첨단소재,298050
2022-11-21,388000.0,"하락  5,000",396000.0,402000.0,385500.0,27339.0,HS효성첨단소재,298050
2022-11-22,376500.0,"하락  11,500",387000.0,390000.0,375500.0,27705.0,HS효성첨단소재,298050
2022-11-23,396500.0,"상승  20,000",381000.0,398500.0,378500.0,35694.0,HS효성첨단소재,298050
2022-11-24,404000.0,"상승  7,500",399500.0,404500.0,393000.0,20598.0,HS효성첨단소재,298050
2022-11-25,402000.0,"하락  2,000",405500.0,405500.0,397000.0,16603.0,HS효성첨단소재,298050
2022-11-28,392000.0,"하락  10,000",399000.0,404000.0,391000.0,16463.0,HS효성첨단소재,298050
2022-11-29,396000.0,"상승  4,000",389500.0,397500.0,388000.0,10481.0,HS효성첨단소재,298050
2022-11-30,393500.0,"하락  2,500",398000.0,398000.0,390000.0,16126.0,HS효성첨단소재,298050
2022-12-01,390000.0,"하락  3,500",400000.0,401000.0,390000.0,22438.0,HS효성첨단소재,298050
2022-12-02,379500.0,"하락  10,500",389000.0,389500.0,378000.0,23458.0,HS효성첨단소재,298050
2022-12-05,380000.0,상승  500,380000.0,384500.0,376000.0,16474.0,HS효성첨단소재,298050
2022-12-06,364000.0,"하락  16,000",374500.0,377500.0,364000.0,27295.0,HS효성첨단소재,298050
2022-12-07,361500.0,"하락  2,500",362000.0,369500.0,357000.0,15967.0,HS효성첨단소재,298050
2022-12-08,361500.0,보합0,363000.0,364500.0,357000.0,14740.0,HS효성첨단소재,298050
2022-12-09,365500.0,"상승  4,000",362500.0,368000.0,353000.0,22649.0,HS효성첨단소재,298050
2022-12-12,356000.0,"하락  9,500",360000.0,361500.0,353000.0,21244.0,HS효성첨단소재,298050
2022-12-13,355500.0,하락  500,360000.0,366000.0,352500.0,20820.0,HS효성첨단소재,298050
2022-12-14,373000.0,"상승  17,500",358500.0,375500.0,358000.0,26970.0,HS효성첨단소재,298050
2022-12-15,367500.0,"하락  5,500",369500.0,375500.0,367000.0,16726.0,HS효성첨단소재,298050
2022-12-16,359000.0,"하락  8,500",359500.0,362000.0,355000.0,16287.0,HS효성첨단소재,298050
2022-12-19,358000.0,"하락  1,000",358000.0,360000.0,353000.0,7760.0,HS효성첨단소재,298050
2022-12-20,346000.0,"하락  12,000",355000.0,357000.0,344500.0,23498.0,HS효성첨단소재,298050
2022-12-21,344500.0,"하락  1,500",350000.0,351000.0,342500.0,12576.0,HS효성첨단소재,298050
2022-12-22,358000.0,"상승  13,500",345000.0,362000.0,345000.0,25376.0,HS효성첨단소재,298050
2022-12-23,350000.0,"하락  8,000",349000.0,356000.0,345500.0,19981.0,HS효성첨단소재,298050
2022-12-26,357500.0,"상승  7,500",352000.0,359500.0,348000.0,22103.0,HS효성첨단소재,298050
2022-12-27,356500.0,"하락  1,000",360500.0,361000.0,355000.0,19986.0,HS효성첨단소재,298050
2022-12-28,347000.0,"하락  9,500",350000.0,351500.0,345000.0,16053.0,HS효성첨단소재,298050
2022-12-29,333500.0,"하락  13,500",346000.0,346000.0,329500.0,31079.0,HS효성첨단소재,298050
2023-01-02,329000.0,"하락  4,500",333500.0,338500.0,327500.0,13198.0,HS효성첨단소재,298050
2023-01-03,337000.0,"상승  8,000",325500.0,339500.0,325500.0,20462.0,HS효성첨단소재,298050
2023-01-04,339000.0,"상승  2,000",333000.0,341500.0,329000.0,14166.0,HS효성첨단소재,298050
2023-01-05,335000.0,"하락  4,000",338000.0,345000.0,334000.0,13528.0,HS효성첨단소재,298050
2023-01-06,339500.0,"상승  4,500",331500.0,344500.0,331500.0,14927.0,HS효성첨단소재,298050
2023-01-09,359000.0,"상승  19,500",345000.0,359000.0,343500.0,27955.0,HS효성첨단소재,298050
2023-01-10,362000.0,"상승  3,000",359000.0,363500.0,356000.0,20073.0,HS효성첨단소재,298050
2023-01-11,379000.0,"상승  17,000",364500.0,379500.0,363500.0,45201.0,HS효성첨단소재,298050
2023-01-12,377500.0,"하락  1,500",381500.0,385500.0,376500.0,26839.0,HS효성첨단소재,298050
2023-01-13,374000.0,"하락  3,500",381000.0,381500.0,372500.0,16403.0,HS효성첨단소재,298050
2023-01-16,377000.0,"상승  3,000",376000.0,383000.0,374500.0,28068.0,HS효성첨단소재,298050
2023-01-17,377500.0,상승  500,377000.0,382500.0,371000.0,20216.0,HS효성첨단소재,298050
2023-01-18,375500.0,"하락  2,000",378000.0,379500.0,371500.0,12311.0,HS효성첨단소재,298050
2023-01-19,374500.0,"하락  1,000",371500.0,378000.0,370000.0,13631.0,HS효성첨단소재,298050
2023-01-20,377000.0,"상승  2,500",373500.0,381000.0,373000.0,10947.0,HS효성첨단소재,298050
2023-01-25,379500.0,"상승  2,500",381000.0,384000.0,378000.0,16842.0,HS효성첨단소재,298050
2023-01-26,383000.0,"상승  3,500",381000.0,384000.0,375000.0,18303.0,HS효성첨단소재,298050
2023-01-27,384000.0,"상승  1,000",383000.0,385500.0,380000.0,16318.0,HS효성첨단소재,298050
2023-01-30,375500.0,"하락  8,500",384000.0,385000.0,375000.0,19010.0,HS효성첨단소재,298050
2023-01-31,383000.0,"상승  7,500",372000.0,383500.0,370000.0,23178.0,HS효성첨단소재,298050
2023-02-01,383500.0,상승  500,385500.0,397000.0,382500.0,36162.0,HS효성첨단소재,298050
2023-02-02,401000.0,"상승  17,500",390500.0,403000.0,386000.0,71110.0,HS효성첨단소재,298050
2023-02-03,409500.0,"상승  8,500",405000.0,420000.0,404500.0,77113.0,HS효성첨단소재,298050
2023-02-06,413000.0,"상승  3,500",409500.0,417000.0,404000.0,37412.0,HS효성첨단소재,298050
2023-02-07,418500.0,"상승  5,500",410000.0,418500.0,407500.0,33586.0,HS효성첨단소재,298050
2023-02-08,417500.0,"하락  1,000",421000.0,421000.0,411000.0,25096.0,HS효성첨단소재,298050
2023-02-09,417500.0,보합0,417000.0,419500.0,413000.0,16550.0,HS효성첨단소재,298050
2023-02-10,410000.0,"하락  7,500",418000.0,418000.0,405500.0,24598.0,HS효성첨단소재,298050
2023-02-13,409000.0,"하락  1,000",409000.0,410500.0,399500.0,22197.0,HS효성첨단소재,298050
2023-02-14,406000.0,"하락  3,000",414000.0,415000.0,401500.0,15439.0,HS효성첨단소재,298050
2023-02-15,394500.0,"하락  11,500",406000.0,406000.0,394500.0,29498.0,HS효성첨단소재,298050
2023-02-16,405000.0,"상승  10,500",397000.0,406500.0,397000.0,19879.0,HS효성첨단소재,298050
2023-02-17,409000.0,"상승  4,000",400500.0,415000.0,399000.0,22970.0,HS효성첨단소재,298050
2023-02-20,414000.0,"상승  5,000",413500.0,415500.0,407500.0,17985.0,HS효성첨단소재,298050
2023-02-21,426000.0,"상승  12,000",416000.0,428500.0,410500.0,39185.0,HS효성첨단소재,298050
2023-02-22,417500.0,"하락  8,500",420000.0,425500.0,414000.0,30148.0,HS효성첨단소재,298050
2023-02-23,426500.0,"상승  9,000",421000.0,437500.0,420500.0,37483.0,HS효성첨단소재,298050
2023-02-24,417500.0,"하락  9,000",426500.0,426500.0,413500.0,25898.0,HS효성첨단소재,298050
2023-02-27,405000.0,"하락  12,500",413500.0,413500.0,402500.0,27456.0,HS효성첨단소재,298050
2023-02-28,411000.0,"상승  6,000",407000.0,412000.0,405500.0,14725.0,HS효성첨단소재,298050
2023-03-02,416000.0,"상승  5,000",411000.0,420000.0,410000.0,21447.0,HS효성첨단소재,298050
2023-03-03,442000.0,"상승  26,000",429000.0,449000.0,428000.0,71560.0,HS효성첨단소재,298050
2023-03-06,442500.0,상승  500,449500.0,453000.0,430000.0,39289.0,HS효성첨단소재,298050
2023-03-07,438000.0,"하락  4,500",444000.0,444000.0,433500.0,19822.0,HS효성첨단소재,298050
2023-03-08,424500.0,"하락  13,500",431000.0,433500.0,420500.0,33240.0,HS효성첨단소재,298050
2023-03-09,428500.0,"상승  4,000",425000.0,432000.0,418500.0,27683.0,HS효성첨단소재,298050
2023-03-10,418000.0,"하락  10,500",421000.0,424000.0,416500.0,18269.0,HS효성첨단소재,298050
2023-03-13,420500.0,"상승  2,500",415000.0,422000.0,411000.0,21136.0,HS효성첨단소재,298050
2023-03-14,406000.0,"하락  14,500",421500.0,423500.0,406000.0,23110.0,HS효성첨단소재,298050
2023-03-15,405500.0,하락  500,415000.0,415000.0,401000.0,18622.0,HS효성첨단소재,298050
2023-03-16,410500.0,"상승  5,000",399500.0,414500.0,393000.0,19928.0,HS효성첨단소재,298050
2023-03-17,405000.0,"하락  5,500",410500.0,413000.0,403000.0,18179.0,HS효성첨단소재,298050
2023-03-20,423500.0,"상승  18,500",414500.0,434500.0,414000.0,47419.0,HS효성첨단소재,298050
2023-03-21,425000.0,"상승  1,500",425500.0,429500.0,419500.0,20115.0,HS효성첨단소재,298050
2023-03-22,425500.0,상승  500,424500.0,428000.0,420000.0,22172.0,HS효성첨단소재,298050
2023-03-23,424000.0,"하락  1,500",421000.0,432000.0,421000.0,23878.0,HS효성첨단소재,298050
2023-03-24,419000.0,"하락  5,000",424500.0,424500.0,415500.0,20452.0,HS효성첨단소재,298050
2023-03-27,417500.0,"하락  1,500",422500.0,424500.0,408500.0,25364.0,HS효성첨단소재,298050
2023-03-28,417000.0,하락  500,414000.0,423000.0,414000.0,17921.0,HS효성첨단소재,298050
2023-03-29,423500.0,"상승  6,500",417000.0,426000.0,416000.0,20584.0,HS효성첨단소재,298050
2023-03-30,428000.0,"상승  4,500",428500.0,434000.0,418000.0,27246.0,HS효성첨단소재,298050
2023-03-31,432000.0,"상승  4,000",431500.0,433000.0,425000.0,30336.0,HS효성첨단소재,298050
2023-04-03,426500.0,"하락  5,500",432000.0,435000.0,424500.0,24501.0,HS효성첨단소재,298050
2023-04-04,419000.0,"하락  7,500",428000.0,429000.0,416000.0,26527.0,HS효성첨단소재,298050
2023-04-05,419500.0,상승  500,420000.0,421500.0,414000.0,18585.0,HS효성첨단소재,298050
2023-04-06,411500.0,"하락  8,000",419500.0,419500.0,411000.0,25897.0,HS효성첨단소재,298050
2023-04-07,412000.0,상승  500,414000.0,416500.0,410000.0,18626.0,HS효성첨단소재,298050
2023-04-10,413500.0,"상승  1,500",410000.0,415000.0,401000.0,39552.0,HS효성첨단소재,298050
2023-04-11,418000.0,"상승  4,500",413500.0,422000.0,410000.0,25934.0,HS효성첨단소재,298050
2023-04-12,418000.0,보합0,415500.0,418500.0,410000.0,27298.0,HS효성첨단소재,298050
2023-04-13,423500.0,"상승  5,500",415000.0,425500.0,411500.0,35070.0,HS효성첨단소재,298050
2023-04-14,417000.0,"하락  6,500",425000.0,426000.0,413000.0,23841.0,HS효성첨단소재,298050
2023-04-17,440000.0,"상승  23,000",419500.0,440000.0,418000.0,71360.0,HS효성첨단소재,298050
2023-04-18,432000.0,"하락  8,000",442500.0,444000.0,430000.0,39577.0,HS효성첨단소재,298050
2023-04-19,424500.0,"하락  7,500",432500.0,433500.0,424000.0,22744.0,HS효성첨단소재,298050
2023-04-20,412000.0,"하락  12,500",422000.0,422500.0,411500.0,40426.0,HS효성첨단소재,298050
2023-04-21,408000.0,"하락  4,000",414500.0,416000.0,405000.0,29233.0,HS효성첨단소재,298050
2023-04-24,406000.0,"하락  2,000",407000.0,410000.0,401500.0,21913.0,HS효성첨단소재,298050
2023-04-25,397500.0,"하락  8,500",406000.0,408000.0,395500.0,28658.0,HS효성첨단소재,298050
2023-04-26,394500.0,"하락  3,000",395000.0,400500.0,392500.0,19200.0,HS효성첨단소재,298050
2023-04-27,390000.0,"하락  4,500",394500.0,395000.0,386500.0,18565.0,HS효성첨단소재,298050
2023-04-28,388500.0,"하락  1,500",393000.0,395500.0,386000.0,20768.0,HS효성첨단소재,298050
2023-05-02,420500.0,"상승  32,000",397000.0,423000.0,397000.0,54842.0,HS효성첨단소재,298050
2023-05-03,422000.0,"상승  1,500",420000.0,424500.0,416500.0,22241.0,HS효성첨단소재,298050
2023-05-04,423000.0,"상승  1,000",423000.0,424000.0,416500.0,15595.0,HS효성첨단소재,298050
2023-05-08,418000.0,"하락  5,000",420500.0,427500.0,418000.0,14046.0,HS효성첨단소재,298050
2023-05-09,410000.0,"하락  8,000",417000.0,417500.0,405000.0,18413.0,HS효성첨단소재,298050
2023-05-10,421000.0,"상승  11,000",409500.0,435000.0,409000.0,45429.0,HS효성첨단소재,298050
2023-05-11,420000.0,"하락  1,000",421000.0,430000.0,419500.0,16478.0,HS효성첨단소재,298050
2023-05-12,420000.0,보합0,420000.0,427500.0,416000.0,13703.0,HS효성첨단소재,298050
2023-05-15,418500.0,"하락  1,500",415000.0,419500.0,411500.0,10348.0,HS효성첨단소재,298050
2023-05-16,419000.0,상승  500,417000.0,427000.0,415500.0,12748.0,HS효성첨단소재,298050
2023-05-17,418500.0,하락  500,416500.0,422000.0,414000.0,9177.0,HS효성첨단소재,298050
2023-05-18,436500.0,"상승  18,000",422000.0,437000.0,419500.0,44254.0,HS효성첨단소재,298050
2023-05-19,433500.0,"하락  3,000",438500.0,444000.0,428500.0,41526.0,HS효성첨단소재,298050
2023-05-22,458500.0,"상승  25,000",445500.0,464500.0,444500.0,88882.0,HS효성첨단소재,298050
2023-05-23,462500.0,"상승  4,000",458500.0,467000.0,456000.0,39101.0,HS효성첨단소재,298050
2023-05-24,454500.0,"하락  8,000",462500.0,462500.0,449500.0,24660.0,HS효성첨단소재,298050
2023-05-25,451000.0,"하락  3,500",455500.0,457000.0,449500.0,17590.0,HS효성첨단소재,298050
2023-05-26,443000.0,"하락  8,000",450500.0,452000.0,441000.0,19365.0,HS효성첨단소재,298050
2023-05-30,448000.0,"상승  5,000",442000.0,451500.0,441500.0,14807.0,HS효성첨단소재,298050
2023-05-31,446500.0,"하락  1,500",448000.0,450500.0,443500.0,17070.0,HS효성첨단소재,298050
2023-06-01,441000.0,"하락  5,500",448500.0,450000.0,438500.0,14220.0,HS효성첨단소재,298050
2023-06-02,448000.0,"상승  7,000",444000.0,453000.0,444000.0,13898.0,HS효성첨단소재,298050
2023-06-05,458000.0,"상승  10,000",453500.0,464500.0,453500.0,25988.0,HS효성첨단소재,298050
2023-06-07,474500.0,"상승  16,500",469000.0,484000.0,466500.0,52079.0,HS효성첨단소재,298050
2023-06-08,476000.0,"상승  1,500",476500.0,481500.0,474000.0,29894.0,HS효성첨단소재,298050
2023-06-09,472500.0,"하락  3,500",479000.0,480000.0,466500.0,36656.0,HS효성첨단소재,298050
2023-06-12,464000.0,"하락  8,500",476000.0,476000.0,463000.0,24275.0,HS효성첨단소재,298050
2023-06-13,475500.0,"상승  11,500",477000.0,489500.0,472500.0,57766.0,HS효성첨단소재,298050
2023-06-14,476500.0,"상승  1,000",483000.0,483000.0,473000.0,33600.0,HS효성첨단소재,298050
2023-06-15,471500.0,"하락  5,000",475500.0,480000.0,461500.0,28315.0,HS효성첨단소재,298050
2023-06-16,469500.0,"하락  2,000",471500.0,476500.0,466500.0,26203.0,HS효성첨단소재,298050
2023-06-19,487500.0,"상승  18,000",473000.0,492000.0,472500.0,46083.0,HS효성첨단소재,298050
2023-06-20,482000.0,"하락  5,500",489500.0,496500.0,477000.0,46836.0,HS효성첨단소재,298050
2023-06-21,473000.0,"하락  9,000",482000.0,486000.0,472000.0,28846.0,HS효성첨단소재,298050
2023-06-22,494500.0,"상승  21,500",472500.0,505000.0,468000.0,66039.0,HS효성첨단소재,298050
2023-06-23,488500.0,"하락  6,000",497500.0,499500.0,486000.0,28668.0,HS효성첨단소재,298050
2023-06-26,496000.0,"상승  7,500",489500.0,510000.0,489500.0,52874.0,HS효성첨단소재,298050
2023-06-27,497000.0,"상승  1,000",500000.0,506000.0,488000.0,32626.0,HS효성첨단소재,298050
2023-06-28,478000.0,"하락  19,000",504000.0,504000.0,478000.0,51788.0,HS효성첨단소재,298050
2023-06-29,459000.0,"하락  19,000",477000.0,477500.0,457500.0,72285.0,HS효성첨단소재,298050
2023-06-30,460500.0,"상승  1,500",458500.0,464500.0,451000.0,28569.0,HS효성첨단소재,298050
2023-07-03,464000.0,"상승  3,500",458000.0,465500.0,444000.0,46101.0,HS효성첨단소재,298050
2023-07-04,462000.0,"하락  2,000",469000.0,471500.0,461000.0,31285.0,HS효성첨단소재,298050
2023-07-05,451500.0,"하락  10,500",462000.0,462000.0,450000.0,51108.0,HS효성첨단소재,298050
2023-07-06,442000.0,"하락  9,500",451500.0,452000.0,441000.0,39860.0,HS효성첨단소재,298050
2023-07-07,438000.0,"하락  4,000",437500.0,441500.0,431000.0,37048.0,HS효성첨단소재,298050
2023-07-10,451500.0,"상승  13,500",442500.0,460000.0,438500.0,42811.0,HS효성첨단소재,298050
2023-07-11,453500.0,"상승  2,000",458500.0,461500.0,449000.0,27090.0,HS효성첨단소재,298050
2023-07-12,458000.0,"상승  4,500",457000.0,465500.0,454000.0,32154.0,HS효성첨단소재,298050
2023-07-13,451000.0,"하락  7,000",465000.0,465000.0,449500.0,36318.0,HS효성첨단소재,298050
2023-07-14,457000.0,"상승  6,000",455000.0,464000.0,453500.0,28935.0,HS효성첨단소재,298050
2023-07-17,457500.0,상승  500,456500.0,460000.0,448000.0,22605.0,HS효성첨단소재,298050
2023-07-18,453500.0,"하락  4,000",459000.0,459000.0,445000.0,34097.0,HS효성첨단소재,298050
2023-07-19,447500.0,"하락  6,000",453000.0,453000.0,444000.0,36348.0,HS효성첨단소재,298050
2023-07-20,452500.0,"상승  5,000",444000.0,459500.0,440500.0,29685.0,HS효성첨단소재,298050
2023-07-21,452000.0,하락  500,450500.0,452000.0,445000.0,19633.0,HS효성첨단소재,298050
2023-07-24,449500.0,"하락  2,500",451000.0,451500.0,440500.0,35440.0,HS효성첨단소재,298050
2023-07-25,468000.0,"상승  18,500",449500.0,473000.0,445000.0,57354.0,HS효성첨단소재,298050
2023-07-26,451000.0,"하락  17,000",468500.0,470500.0,448500.0,65350.0,HS효성첨단소재,298050
2023-07-27,429500.0,"하락  21,500",454500.0,454500.0,426000.0,57997.0,HS효성첨단소재,298050
2023-07-28,435000.0,"상승  5,500",429000.0,437000.0,421000.0,27105.0,HS효성첨단소재,298050
2023-07-31,475000.0,"상승  40,000",433000.0,493000.0,433000.0,139173.0,HS효성첨단소재,298050
2023-08-01,470000.0,"하락  5,000",478500.0,478500.0,464000.0,35700.0,HS효성첨단소재,298050
2023-08-02,475500.0,"상승  5,500",470000.0,490000.0,464000.0,58992.0,HS효성첨단소재,298050
2023-08-03,464500.0,"하락  11,000",476000.0,476000.0,456500.0,30764.0,HS효성첨단소재,298050
2023-08-04,459000.0,"하락  5,500",468500.0,472500.0,458000.0,22290.0,HS효성첨단소재,298050
2023-08-07,455000.0,"하락  4,000",455000.0,459000.0,442000.0,27963.0,HS효성첨단소재,298050
2023-08-08,462000.0,"상승  7,000",459500.0,478500.0,459500.0,35440.0,HS효성첨단소재,298050
2023-08-09,461000.0,"하락  1,000",463500.0,464000.0,455000.0,13558.0,HS효성첨단소재,298050
2023-08-10,452500.0,"하락  8,500",457000.0,457500.0,450000.0,20942.0,HS효성첨단소재,298050
2023-08-11,454000.0,"상승  1,500",455000.0,461500.0,450500.0,14096.0,HS효성첨단소재,298050
2023-08-14,439000.0,"하락  15,000",450500.0,451000.0,437500.0,24773.0,HS효성첨단소재,298050
2023-08-16,420500.0,"하락  18,500",434000.0,435000.0,420000.0,35917.0,HS효성첨단소재,298050
2023-08-17,423000.0,"상승  2,500",410500.0,424000.0,410000.0,25816.0,HS효성첨단소재,298050
2023-08-18,418000.0,"하락  5,000",418500.0,425000.0,412000.0,17710.0,HS효성첨단소재,298050
2023-08-21,423000.0,"상승  5,000",417000.0,427000.0,417000.0,13275.0,HS효성첨단소재,298050
2023-08-22,435500.0,"상승  12,500",429000.0,437000.0,422500.0,26485.0,HS효성첨단소재,298050
2023-08-23,428500.0,"하락  7,000",439500.0,442000.0,427000.0,15400.0,HS효성첨단소재,298050
2023-08-24,431500.0,"상승  3,000",431500.0,433500.0,425000.0,13578.0,HS효성첨단소재,298050
2023-08-25,429500.0,"하락  2,000",428500.0,432500.0,426000.0,10607.0,HS효성첨단소재,298050
2023-08-28,436000.0,"상승  6,500",438500.0,442000.0,430000.0,15714.0,HS효성첨단소재,298050
2023-08-29,444500.0,"상승  8,500",441000.0,448500.0,439000.0,18518.0,HS효성첨단소재,298050
2023-08-30,447000.0,"상승  2,500",448000.0,448500.0,441000.0,13444.0,HS효성첨단소재,298050
2023-08-31,452000.0,"상승  5,000",447000.0,458500.0,446000.0,21814.0,HS효성첨단소재,298050
2023-09-01,436000.0,"하락  16,000",447500.0,450500.0,435000.0,22718.0,HS효성첨단소재,298050
2023-09-04,462500.0,"상승  26,500",436000.0,467500.0,436000.0,51412.0,HS효성첨단소재,298050
2023-09-05,464500.0,"상승  2,000",456500.0,467500.0,456000.0,25667.0,HS효성첨단소재,298050
2023-09-06,451500.0,"하락  13,000",465000.0,465000.0,451500.0,21788.0,HS효성첨단소재,298050
2023-09-07,452000.0,상승  500,448000.0,459000.0,444500.0,19026.0,HS효성첨단소재,298050
2023-09-08,451000.0,"하락  1,000",452000.0,457500.0,445000.0,12719.0,HS효성첨단소재,298050
2023-09-11,456500.0,"상승  5,500",456000.0,466500.0,452000.0,26373.0,HS효성첨단소재,298050
2023-09-12,459000.0,"상승  2,500",473000.0,491500.0,457000.0,90191.0,HS효성첨단소재,298050
2023-09-13,445000.0,"하락  14,000",460000.0,462000.0,443500.0,30563.0,HS효성첨단소재,298050
2023-09-14,448500.0,"상승  3,500",449000.0,452000.0,444500.0,16709.0,HS효성첨단소재,298050
2023-09-15,450500.0,"상승  2,000",448000.0,455000.0,447000.0,24007.0,HS효성첨단소재,298050
2023-09-18,441000.0,"하락  9,500",449000.0,450000.0,441000.0,18623.0,HS효성첨단소재,298050
2023-09-19,436500.0,"하락  4,500",442000.0,442000.0,433000.0,16113.0,HS효성첨단소재,298050
2023-09-20,431000.0,"하락  5,500",432000.0,437000.0,429500.0,22706.0,HS효성첨단소재,298050
2023-09-21,411500.0,"하락  19,500",427000.0,430500.0,410500.0,34785.0,HS효성첨단소재,298050
2023-09-22,401500.0,"하락  10,000",405000.0,411500.0,399500.0,36546.0,HS효성첨단소재,298050
2023-09-25,394500.0,"하락  7,000",400000.0,401500.0,391000.0,26980.0,HS효성첨단소재,298050
2023-09-26,386000.0,"하락  8,500",399500.0,400000.0,385500.0,32786.0,HS효성첨단소재,298050
2023-09-27,392500.0,"상승  6,500",381000.0,393000.0,379000.0,25592.0,HS효성첨단소재,298050
2023-10-04,373500.0,"하락  19,000",389500.0,389500.0,372500.0,31600.0,HS효성첨단소재,298050
2023-10-05,371000.0,"하락  2,500",374500.0,380000.0,370000.0,19889.0,HS효성첨단소재,298050
2023-10-06,378000.0,"상승  7,000",373500.0,378500.0,371000.0,13417.0,HS효성첨단소재,298050
2023-10-10,368000.0,"하락  10,000",382500.0,382500.0,364500.0,24548.0,HS효성첨단소재,298050
2023-10-11,380000.0,"상승  12,000",374500.0,380000.0,370500.0,15116.0,HS효성첨단소재,298050
2023-10-12,384000.0,"상승  4,000",383000.0,387000.0,376000.0,14464.0,HS효성첨단소재,298050
2023-10-13,377000.0,"하락  7,000",378500.0,383000.0,375500.0,11100.0,HS효성첨단소재,298050
2023-10-16,373000.0,"하락  4,000",373000.0,373000.0,367500.0,20601.0,HS효성첨단소재,298050
2023-10-17,366000.0,"하락  7,000",379000.0,379500.0,365500.0,21413.0,HS효성첨단소재,298050
2023-10-18,359500.0,"하락  6,500",365500.0,370500.0,354500.0,34824.0,HS효성첨단소재,298050
2023-10-19,345500.0,"하락  14,000",352000.0,352500.0,342500.0,28542.0,HS효성첨단소재,298050
2023-10-20,334500.0,"하락  11,000",340000.0,343000.0,330500.0,29695.0,HS효성첨단소재,298050
2023-10-23,338500.0,"상승  4,000",331000.0,347000.0,330000.0,19292.0,HS효성첨단소재,298050
2023-10-24,346000.0,"상승  7,500",342000.0,346000.0,327500.0,21992.0,HS효성첨단소재,298050
2023-10-25,355000.0,"상승  9,000",348000.0,359500.0,343500.0,20156.0,HS효성첨단소재,298050
2023-10-26,346500.0,"하락  8,500",345000.0,352000.0,343500.0,17853.0,HS효성첨단소재,298050
2023-10-27,349500.0,"상승  3,000",346000.0,355500.0,344500.0,10179.0,HS효성첨단소재,298050
2023-10-30,365500.0,"상승  16,000",345000.0,367000.0,344500.0,20853.0,HS효성첨단소재,298050
2023-10-31,357000.0,"하락  8,500",369500.0,372000.0,355000.0,16545.0,HS효성첨단소재,298050
2023-11-01,361500.0,"상승  4,500",360000.0,369000.0,358500.0,11287.0,HS효성첨단소재,298050
2023-11-02,363000.0,"상승  1,500",369000.0,369500.0,357500.0,13945.0,HS효성첨단소재,298050
2023-11-03,374500.0,"상승  11,500",365000.0,378500.0,363500.0,19869.0,HS효성첨단소재,298050
2023-11-06,397000.0,"상승  22,500",385000.0,397000.0,377500.0,29316.0,HS효성첨단소재,298050
2023-11-07,393000.0,"하락  4,000",397000.0,398000.0,385500.0,16464.0,HS효성첨단소재,298050
2023-11-08,392000.0,"하락  1,000",399500.0,399500.0,391000.0,10511.0,HS효성첨단소재,298050
2023-11-09,391500.0,하락  500,388000.0,394500.0,383000.0,11423.0,HS효성첨단소재,298050
2023-11-10,375500.0,"하락  16,000",384000.0,387500.0,371500.0,20360.0,HS효성첨단소재,298050
2023-11-13,375500.0,보합0,376500.0,379500.0,371500.0,9002.0,HS효성첨단소재,298050
2023-11-14,374000.0,"하락  1,500",379000.0,379000.0,368500.0,19272.0,HS효성첨단소재,298050
2023-11-15,384500.0,"상승  10,500",383500.0,384500.0,378000.0,15934.0,HS효성첨단소재,298050
2023-11-16,384000.0,하락  500,384500.0,396000.0,382000.0,16515.0,HS효성첨단소재,298050
2023-11-17,379000.0,"하락  5,000",386000.0,386000.0,372000.0,12602.0,HS효성첨단소재,298050
2023-11-20,384500.0,"상승  5,500",381000.0,385500.0,378000.0,8222.0,HS효성첨단소재,298050
2023-11-21,390000.0,"상승  5,500",386000.0,391500.0,382500.0,11672.0,HS효성첨단소재,298050
2023-11-22,396000.0,"상승  6,000",390000.0,396000.0,386500.0,10744.0,HS효성첨단소재,298050
2023-11-23,391500.0,"하락  4,500",396000.0,396000.0,388000.0,10939.0,HS효성첨단소재,298050
2023-11-24,395000.0,"상승  3,500",391500.0,395000.0,389000.0,8272.0,HS효성첨단소재,298050
2023-11-27,395000.0,보합0,395000.0,397500.0,390500.0,9043.0,HS효성첨단소재,298050
2023-11-28,395500.0,상승  500,396500.0,397000.0,391000.0,8511.0,HS효성첨단소재,298050
2023-11-29,393500.0,"하락  2,000",395000.0,395000.0,387000.0,11885.0,HS효성첨단소재,298050
2023-11-30,394500.0,"상승  1,000",394500.0,395500.0,390500.0,10029.0,HS효성첨단소재,298050
2023-12-01,391000.0,"하락  3,500",395000.0,395500.0,387500.0,8914.0,HS효성첨단소재,298050
2023-12-04,381000.0,"하락  10,000",389000.0,391000.0,380000.0,17517.0,HS효성첨단소재,298050
2023-12-05,376000.0,"하락  5,000",377500.0,384000.0,376000.0,12062.0,HS효성첨단소재,298050
2023-12-06,373500.0,"하락  2,500",377000.0,378500.0,370500.0,9078.0,HS효성첨단소재,298050
2023-12-07,371500.0,"하락  2,000",371000.0,375000.0,367500.0,14112.0,HS효성첨단소재,298050
2023-12-08,376000.0,"상승  4,500",378500.0,383500.0,373000.0,15001.0,HS효성첨단소재,298050
2023-12-11,376500.0,상승  500,380000.0,381500.0,375500.0,7285.0,HS효성첨단소재,298050
2023-12-12,373000.0,"하락  3,500",379000.0,379500.0,369500.0,16177.0,HS효성첨단소재,298050
2023-12-13,370500.0,"하락  2,500",373000.0,375500.0,368500.0,8429.0,HS효성첨단소재,298050
2023-12-14,379500.0,"상승  9,000",375000.0,382000.0,371000.0,17984.0,HS효성첨단소재,298050
2023-12-15,379000.0,하락  500,381000.0,384500.0,376500.0,12767.0,HS효성첨단소재,298050
2023-12-18,381500.0,"상승  2,500",378500.0,383000.0,375500.0,9470.0,HS효성첨단소재,298050
2023-12-19,386500.0,"상승  5,000",378500.0,388500.0,377500.0,14873.0,HS효성첨단소재,298050
2023-12-20,388500.0,"상승  2,000",390000.0,390500.0,385000.0,11909.0,HS효성첨단소재,298050
2023-12-21,393000.0,"상승  4,500",387000.0,399500.0,382500.0,30261.0,HS효성첨단소재,298050
2023-12-22,385000.0,"하락  8,000",393500.0,393500.0,385000.0,12284.0,HS효성첨단소재,298050
2023-12-26,419000.0,"상승  34,000",390000.0,425000.0,388500.0,89231.0,HS효성첨단소재,298050
2023-12-27,397500.0,"하락  21,500",409000.0,412500.0,396000.0,36935.0,HS효성첨단소재,298050
2023-12-28,399500.0,"상승  2,000",399500.0,402500.0,395500.0,12538.0,HS효성첨단소재,298050
2024-01-02,396500.0,"하락  3,000",396500.0,400000.0,391000.0,16449.0,HS효성첨단소재,298050
2024-01-03,391500.0,"하락  5,000",392000.0,408500.0,391000.0,23203.0,HS효성첨단소재,298050
2024-01-04,383000.0,"하락  8,500",389500.0,396500.0,383000.0,18088.0,HS효성첨단소재,298050
2024-01-05,378000.0,"하락  5,000",383000.0,384500.0,377000.0,14906.0,HS효성첨단소재,298050
2024-01-08,375000.0,"하락  3,000",380500.0,381000.0,374500.0,10769.0,HS효성첨단소재,298050
2024-01-09,370500.0,"하락  4,500",381000.0,381000.0,369000.0,20381.0,HS효성첨단소재,298050
2024-01-10,366500.0,"하락  4,000",370500.0,373000.0,366500.0,11869.0,HS효성첨단소재,298050
2024-01-11,364000.0,"하락  2,500",370000.0,370000.0,364000.0,12365.0,HS효성첨단소재,298050
2024-01-12,356500.0,"하락  7,500",364000.0,366500.0,356500.0,13180.0,HS효성첨단소재,298050
2024-01-15,357000.0,상승  500,356500.0,363500.0,355000.0,8956.0,HS효성첨단소재,298050
2024-01-16,361500.0,"상승  4,500",355500.0,363500.0,355000.0,7736.0,HS효성첨단소재,298050
2024-01-17,346000.0,"하락  15,500",359000.0,361500.0,346000.0,17271.0,HS효성첨단소재,298050
2024-01-18,338500.0,"하락  7,500",344000.0,347000.0,337000.0,20085.0,HS효성첨단소재,298050
2024-01-19,347000.0,"상승  8,500",341500.0,359000.0,341500.0,17954.0,HS효성첨단소재,298050
2024-01-22,347500.0,상승  500,348500.0,351500.0,345000.0,8895.0,HS효성첨단소재,298050
2024-01-23,342500.0,"하락  5,000",349500.0,352000.0,337500.0,22980.0,HS효성첨단소재,298050
2024-01-24,340500.0,"하락  2,000",345500.0,346500.0,340000.0,11748.0,HS효성첨단소재,298050
2024-01-25,340000.0,하락  500,341000.0,341500.0,331500.0,16292.0,HS효성첨단소재,298050
2024-01-26,340500.0,상승  500,335500.0,345500.0,335500.0,11523.0,HS효성첨단소재,298050
2024-01-29,345500.0,"상승  5,000",343500.0,347000.0,339000.0,12741.0,HS효성첨단소재,298050
2024-01-30,337000.0,"하락  8,500",345000.0,345500.0,336000.0,21357.0,HS효성첨단소재,298050
2024-01-31,326500.0,"하락  10,500",333500.0,336000.0,326000.0,26354.0,HS효성첨단소재,298050
2024-02-01,329000.0,"상승  2,500",325000.0,331000.0,321500.0,16880.0,HS효성첨단소재,298050
2024-02-02,337000.0,"상승  8,000",330500.0,339000.0,327000.0,15418.0,HS효성첨단소재,298050
2024-02-05,333500.0,"하락  3,500",337000.0,339000.0,330000.0,12035.0,HS효성첨단소재,298050
2024-02-06,334000.0,상승  500,329500.0,337000.0,325000.0,18300.0,HS효성첨단소재,298050
2024-02-07,334000.0,보합0,336500.0,340500.0,333000.0,12394.0,HS효성첨단소재,298050
2024-02-08,334000.0,보합0,333000.0,339500.0,333000.0,11583.0,HS효성첨단소재,298050
2024-02-13,335000.0,"상승  1,000",334000.0,339000.0,333500.0,16520.0,HS효성첨단소재,298050
2024-02-14,328000.0,"하락  7,000",330500.0,331500.0,325500.0,24678.0,HS효성첨단소재,298050
2024-02-15,329500.0,"상승  1,500",330000.0,333000.0,328000.0,13924.0,HS효성첨단소재,298050
2024-02-16,333500.0,"상승  4,000",332500.0,336500.0,330000.0,16455.0,HS효성첨단소재,298050
2024-02-19,332500.0,"하락  1,000",336000.0,337500.0,330500.0,13284.0,HS효성첨단소재,298050
2024-02-20,326000.0,"하락  6,500",332000.0,332000.0,325000.0,22646.0,HS효성첨단소재,298050
2024-02-21,327500.0,"상승  1,500",326000.0,330000.0,326000.0,11609.0,HS효성첨단소재,298050
2024-02-22,327000.0,하락  500,329000.0,329500.0,324500.0,12319.0,HS효성첨단소재,298050
2024-02-23,322000.0,"하락  5,000",328500.0,328500.0,321500.0,25337.0,HS효성첨단소재,298050
2024-02-26,332000.0,"상승  10,000",328000.0,336000.0,327000.0,30158.0,HS효성첨단소재,298050
2024-02-27,341500.0,"상승  9,500",338500.0,359000.0,335000.0,95651.0,HS효성첨단소재,298050
2024-02-28,339500.0,"하락  2,000",344500.0,349000.0,339000.0,20291.0,HS효성첨단소재,298050
2024-02-29,333500.0,"하락  6,000",338500.0,338500.0,331000.0,22967.0,HS효성첨단소재,298050
2024-03-04,327000.0,"하락  6,500",334500.0,338000.0,327000.0,29048.0,HS효성첨단소재,298050
2024-03-05,337000.0,"상승  10,000",327000.0,342000.0,325500.0,30377.0,HS효성첨단소재,298050
2024-03-06,344000.0,"상승  7,000",335000.0,347000.0,331500.0,28666.0,HS효성첨단소재,298050
2024-03-07,337000.0,"하락  7,000",341500.0,346000.0,336500.0,14059.0,HS효성첨단소재,298050
2024-03-08,353500.0,"상승  16,500",345500.0,363000.0,345000.0,71866.0,HS효성첨단소재,298050
2024-03-11,344000.0,"하락  9,500",355000.0,355500.0,343500.0,19342.0,HS효성첨단소재,298050
2024-03-12,345500.0,"상승  1,500",344500.0,353500.0,344000.0,16662.0,HS효성첨단소재,298050
2024-03-13,340500.0,"하락  5,000",346500.0,348000.0,338500.0,22811.0,HS효성첨단소재,298050
2024-03-14,342500.0,"상승  2,000",340500.0,344000.0,337000.0,16288.0,HS효성첨단소재,298050
2024-03-15,342000.0,하락  500,343000.0,343000.0,338500.0,10232.0,HS효성첨단소재,298050
2024-03-18,340500.0,"하락  1,500",341000.0,342000.0,338500.0,10343.0,HS효성첨단소재,298050
2024-03-19,338000.0,"하락  2,500",340500.0,340500.0,335000.0,9191.0,HS효성첨단소재,298050
2024-03-20,334000.0,"하락  4,000",339500.0,339500.0,331500.0,12954.0,HS효성첨단소재,298050
2024-03-21,339000.0,"상승  5,000",334500.0,339500.0,334500.0,13795.0,HS효성첨단소재,298050
2024-03-22,335000.0,"하락  4,000",339000.0,339000.0,334500.0,12969.0,HS효성첨단소재,298050
2024-03-25,325000.0,"하락  10,000",334000.0,335000.0,323500.0,46108.0,HS효성첨단소재,298050
2024-03-26,325000.0,보합0,325500.0,330000.0,323000.0,23404.0,HS효성첨단소재,298050
2024-03-27,336000.0,"상승  11,000",324000.0,339000.0,322500.0,34727.0,HS효성첨단소재,298050
2024-03-28,341000.0,"상승  5,000",334000.0,346500.0,333000.0,42618.0,HS효성첨단소재,298050
2024-03-29,342000.0,"상승  1,000",343500.0,345000.0,335000.0,20554.0,HS효성첨단소재,298050
2024-04-01,347500.0,"상승  5,500",348000.0,356500.0,343500.0,35372.0,HS효성첨단소재,298050
2024-04-02,345000.0,"하락  2,500",345000.0,347500.0,340000.0,17469.0,HS효성첨단소재,298050
2024-04-03,335000.0,"하락  10,000",344500.0,344500.0,333500.0,17534.0,HS효성첨단소재,298050
2024-04-04,342000.0,"상승  7,000",337000.0,347500.0,337000.0,17407.0,HS효성첨단소재,298050
2024-04-05,351000.0,"상승  9,000",342000.0,357000.0,340500.0,43006.0,HS효성첨단소재,298050
2024-04-08,343000.0,"하락  8,000",351500.0,352000.0,341500.0,16068.0,HS효성첨단소재,298050
2024-04-09,338500.0,"하락  4,500",342000.0,346000.0,338500.0,18627.0,HS효성첨단소재,298050
2024-04-11,329000.0,"하락  9,500",333000.0,333000.0,327000.0,21861.0,HS효성첨단소재,298050
2024-04-12,328000.0,"하락  1,000",330000.0,332000.0,325500.0,20148.0,HS효성첨단소재,298050
2024-04-15,326500.0,"하락  1,500",325000.0,331000.0,324000.0,12365.0,HS효성첨단소재,298050
2024-04-16,312000.0,"하락  14,500",326000.0,326000.0,309500.0,44189.0,HS효성첨단소재,298050
2024-04-17,334000.0,"상승  22,000",313000.0,336000.0,312500.0,32220.0,HS효성첨단소재,298050
2024-04-18,337000.0,"상승  3,000",334000.0,341500.0,330000.0,22166.0,HS효성첨단소재,298050
2024-04-19,334500.0,"하락  2,500",338500.0,338500.0,326000.0,19078.0,HS효성첨단소재,298050
2024-04-22,339500.0,"상승  5,000",338500.0,344500.0,331500.0,14689.0,HS효성첨단소재,298050
2024-04-23,340000.0,상승  500,338500.0,341500.0,334000.0,8654.0,HS효성첨단소재,298050
2024-04-24,338000.0,"하락  2,000",340000.0,343000.0,335500.0,9936.0,HS효성첨단소재,298050
2024-04-25,334500.0,"하락  3,500",334000.0,340500.0,332000.0,10084.0,HS효성첨단소재,298050
2024-04-26,337000.0,"상승  2,500",337000.0,342000.0,332000.0,10480.0,HS효성첨단소재,298050
2024-04-29,372000.0,"상승  35,000",349000.0,372000.0,346000.0,102610.0,HS효성첨단소재,298050
2024-04-30,367500.0,"하락  4,500",369500.0,371500.0,361000.0,38005.0,HS효성첨단소재,298050
2024-05-02,371500.0,"상승  4,000",367500.0,376000.0,365000.0,29346.0,HS효성첨단소재,298050
2024-05-03,368000.0,"하락  3,500",373000.0,374500.0,366000.0,20817.0,HS효성첨단소재,298050
2024-05-07,369000.0,"상승  1,000",371500.0,374500.0,365000.0,20623.0,HS효성첨단소재,298050
2024-05-08,367000.0,"하락  2,000",369000.0,372000.0,360500.0,14902.0,HS효성첨단소재,298050
2024-05-09,361500.0,"하락  5,500",367000.0,368500.0,359500.0,17417.0,HS효성첨단소재,298050
2024-05-10,375000.0,"상승  13,500",367000.0,378000.0,363000.0,39822.0,HS효성첨단소재,298050
2024-05-13,370000.0,"하락  5,000",374000.0,376000.0,368000.0,14075.0,HS효성첨단소재,298050
2024-05-14,376000.0,"상승  6,000",373500.0,389000.0,370500.0,38732.0,HS효성첨단소재,298050
2024-05-16,372500.0,"하락  3,500",379500.0,381000.0,369500.0,14717.0,HS효성첨단소재,298050
2024-05-17,375000.0,"상승  2,500",370000.0,381000.0,368000.0,24996.0,HS효성첨단소재,298050
2024-05-20,376500.0,"상승  1,500",377500.0,381000.0,374000.0,18111.0,HS효성첨단소재,298050
2024-05-21,374000.0,"하락  2,500",374500.0,389500.0,372500.0,41284.0,HS효성첨단소재,298050
2024-05-22,385000.0,"상승  11,000",373000.0,387500.0,370000.0,32328.0,HS효성첨단소재,298050
2024-05-23,385500.0,상승  500,383500.0,390500.0,377000.0,22432.0,HS효성첨단소재,298050
2024-05-24,377500.0,"하락  8,000",382000.0,384000.0,372500.0,21879.0,HS효성첨단소재,298050
2024-05-27,388500.0,"상승  11,000",380000.0,392500.0,378000.0,30019.0,HS효성첨단소재,298050
2024-05-28,366000.0,"하락  22,500",388000.0,388500.0,357500.0,74126.0,HS효성첨단소재,298050
2024-05-29,359500.0,"하락  6,500",362000.0,367500.0,356000.0,24806.0,HS효성첨단소재,298050
2024-05-30,356000.0,"하락  3,500",355500.0,360000.0,354500.0,13954.0,HS효성첨단소재,298050
2024-05-31,372000.0,"상승  16,000",354000.0,374500.0,354000.0,32174.0,HS효성첨단소재,298050
2024-06-03,364000.0,"하락  8,000",375000.0,375000.0,362000.0,14198.0,HS효성첨단소재,298050
2024-06-04,354000.0,"하락  10,000",361500.0,362000.0,350000.0,25469.0,HS효성첨단소재,298050
2024-06-05,350000.0,"하락  4,000",353500.0,356500.0,350000.0,16727.0,HS효성첨단소재,298050
2024-06-07,347000.0,"하락  3,000",350500.0,352500.0,345500.0,11390.0,HS효성첨단소재,298050
2024-06-10,345500.0,"하락  1,500",344000.0,350000.0,341000.0,11274.0,HS효성첨단소재,298050
2024-06-11,352500.0,"상승  7,000",345500.0,359000.0,345000.0,22105.0,HS효성첨단소재,298050
2024-06-12,351500.0,"하락  1,000",358000.0,358000.0,348500.0,10668.0,HS효성첨단소재,298050
2024-06-13,343500.0,"하락  8,000",352000.0,355000.0,342000.0,29308.0,HS효성첨단소재,298050
2024-06-14,333500.0,"하락  10,000",342000.0,343500.0,333500.0,34738.0,HS효성첨단소재,298050
2024-06-17,338000.0,"상승  4,500",336000.0,344000.0,335500.0,17356.0,HS효성첨단소재,298050
2024-06-18,342000.0,"상승  4,000",345000.0,345500.0,338500.0,19563.0,HS효성첨단소재,298050
2024-06-19,349500.0,"상승  7,500",340000.0,350000.0,340000.0,18292.0,HS효성첨단소재,298050
2024-06-20,354000.0,"상승  4,500",349500.0,358500.0,345000.0,25060.0,HS효성첨단소재,298050
2024-06-21,362500.0,"상승  8,500",357000.0,364500.0,353000.0,35141.0,HS효성첨단소재,298050
2024-06-24,361500.0,"하락  1,000",364500.0,365500.0,356000.0,17174.0,HS효성첨단소재,298050
2024-06-25,367500.0,"상승  6,000",364000.0,370000.0,361000.0,20832.0,HS효성첨단소재,298050
2024-06-26,367000.0,하락  500,367500.0,372000.0,363000.0,19648.0,HS효성첨단소재,298050
2024-06-27,361500.0,"하락  5,500",363500.0,373000.0,361500.0,17120.0,HS효성첨단소재,298050
2024-06-28,378000.0,"상승  16,500",370000.0,379000.0,365000.0,30188.0,HS효성첨단소재,298050
2024-07-01,368000.0,"하락  10,000",378000.0,378000.0,365000.0,15243.0,HS효성첨단소재,298050
2024-07-02,360000.0,"하락  8,000",364000.0,365500.0,359500.0,9542.0,HS효성첨단소재,298050
2024-07-03,350500.0,"하락  9,500",363500.0,363500.0,349500.0,15891.0,HS효성첨단소재,298050
2024-07-04,354500.0,"상승  4,000",353000.0,354500.0,347500.0,14470.0,HS효성첨단소재,298050
2024-07-05,347500.0,"하락  7,000",357000.0,357000.0,346500.0,16304.0,HS효성첨단소재,298050
2024-07-08,344000.0,"하락  3,500",344500.0,347000.0,342000.0,7717.0,HS효성첨단소재,298050
2024-07-09,346500.0,"상승  2,500",346500.0,348500.0,344000.0,11233.0,HS효성첨단소재,298050
2024-07-10,343000.0,"하락  3,500",344500.0,346500.0,338500.0,12326.0,HS효성첨단소재,298050
2024-07-11,357000.0,"상승  14,000",345500.0,359500.0,343500.0,24142.0,HS효성첨단소재,298050
2024-07-12,361000.0,"상승  4,000",356000.0,362500.0,352000.0,10686.0,HS효성첨단소재,298050
2024-07-15,358500.0,"하락  2,500",361000.0,365000.0,358000.0,8437.0,HS효성첨단소재,298050
2024-07-16,346000.0,"하락  12,500",356500.0,357500.0,345500.0,13627.0,HS효성첨단소재,298050
2024-07-17,341500.0,"하락  4,500",348000.0,349500.0,341000.0,10185.0,HS효성첨단소재,298050
2024-07-18,345000.0,"상승  3,500",340000.0,345000.0,338000.0,9106.0,HS효성첨단소재,298050
2024-07-19,343000.0,"하락  2,000",340500.0,343000.0,334000.0,14628.0,HS효성첨단소재,298050
2024-07-22,333000.0,"하락  10,000",343500.0,343500.0,331500.0,15220.0,HS효성첨단소재,298050
2024-07-23,332000.0,"하락  1,000",333500.0,336500.0,328000.0,11886.0,HS효성첨단소재,298050
2024-07-24,328500.0,"하락  3,500",328000.0,335000.0,328000.0,8853.0,HS효성첨단소재,298050
2024-07-25,328500.0,보합0,324500.0,336000.0,321500.0,13627.0,HS효성첨단소재,298050
2024-07-26,330000.0,"상승  1,500",329000.0,331500.0,328000.0,5781.0,HS효성첨단소재,298050
2024-07-29,322500.0,"하락  7,500",330500.0,336000.0,322000.0,21604.0,HS효성첨단소재,298050
2024-07-30,311500.0,"하락  11,000",322000.0,322500.0,308500.0,36854.0,HS효성첨단소재,298050
2024-07-31,312000.0,상승  500,311500.0,313500.0,307000.0,10471.0,HS효성첨단소재,298050
2024-08-01,315000.0,"상승  3,000",312000.0,320000.0,310500.0,25110.0,HS효성첨단소재,298050
2024-08-02,306000.0,"하락  9,000",309500.0,311000.0,301500.0,21932.0,HS효성첨단소재,298050
2024-08-05,269500.0,"하락  36,500",305000.0,305000.0,264000.0,40312.0,HS효성첨단소재,298050
2024-08-06,286000.0,"상승  16,500",271000.0,291000.0,271000.0,25666.0,HS효성첨단소재,298050
2024-08-07,289000.0,"상승  3,000",280500.0,290000.0,280500.0,16718.0,HS효성첨단소재,298050
2024-08-08,284000.0,"하락  5,000",286500.0,288000.0,278500.0,12395.0,HS효성첨단소재,298050
2024-08-09,287000.0,"상승  3,000",288000.0,292500.0,284000.0,12867.0,HS효성첨단소재,298050
2024-08-12,288000.0,"상승  1,000",290000.0,295000.0,285000.0,12048.0,HS효성첨단소재,298050
2024-08-13,287500.0,하락  500,288500.0,290000.0,285500.0,7156.0,HS효성첨단소재,298050
2024-08-14,290500.0,"상승  3,000",291500.0,292500.0,288000.0,5041.0,HS효성첨단소재,298050
2024-08-16,291000.0,상승  500,295000.0,299000.0,291000.0,11264.0,HS효성첨단소재,298050
2024-08-19,286500.0,"하락  4,500",291000.0,294500.0,286000.0,10122.0,HS효성첨단소재,298050
2024-08-20,284000.0,"하락  2,500",288000.0,289000.0,281000.0,15439.0,HS효성첨단소재,298050
2024-08-21,287500.0,"상승  3,500",281000.0,288500.0,281000.0,8955.0,HS효성첨단소재,298050
2024-08-22,288500.0,"상승  1,000",289000.0,289500.0,286000.0,6267.0,HS효성첨단소재,298050
2024-08-23,289000.0,상승  500,288500.0,291000.0,285500.0,6706.0,HS효성첨단소재,298050
2024-08-26,284000.0,"하락  5,000",289000.0,290500.0,284000.0,9195.0,HS효성첨단소재,298050
2024-08-27,282500.0,"하락  1,500",284000.0,284000.0,274000.0,11840.0,HS효성첨단소재,298050
2024-08-28,275500.0,"하락  7,000",280500.0,283000.0,274500.0,14546.0,HS효성첨단소재,298050
2024-08-29,283500.0,"상승  8,000",277000.0,285500.0,274500.0,11629.0,HS효성첨단소재,298050
2024-08-30,283000.0,하락  500,285500.0,285500.0,277500.0,18626.0,HS효성첨단소재,298050
2024-09-02,279500.0,"하락  3,500",283000.0,283000.0,278500.0,9643.0,HS효성첨단소재,298050
2024-09-03,281500.0,"상승  2,000",279500.0,285500.0,279500.0,7714.0,HS효성첨단소재,298050
2024-09-04,270000.0,"하락  11,500",276000.0,276000.0,267000.0,21516.0,HS효성첨단소재,298050
2024-09-05,268000.0,"하락  2,000",271000.0,273000.0,266000.0,16133.0,HS효성첨단소재,298050
2024-09-06,265500.0,"하락  2,500",266500.0,267000.0,260000.0,14297.0,HS효성첨단소재,298050
2024-09-09,257500.0,"하락  8,000",256500.0,260000.0,252500.0,20633.0,HS효성첨단소재,298050
2024-09-10,261500.0,"상승  4,000",257500.0,264000.0,256000.0,10452.0,HS효성첨단소재,298050
2024-09-11,265500.0,"상승  4,000",263000.0,266000.0,258000.0,12102.0,HS효성첨단소재,298050
2024-09-12,274000.0,"상승  8,500",266000.0,274000.0,263500.0,17846.0,HS효성첨단소재,298050
2024-09-13,270000.0,"하락  4,000",273500.0,273500.0,268000.0,5605.0,HS효성첨단소재,298050
2024-09-19,274000.0,"상승  4,000",279500.0,279500.0,265500.0,10102.0,HS효성첨단소재,298050
2024-09-20,272000.0,"하락  2,000",276000.0,276500.0,269500.0,17087.0,HS효성첨단소재,298050
2024-09-23,264000.0,"하락  8,000",271500.0,271500.0,259500.0,22364.0,HS효성첨단소재,298050
2024-09-24,273000.0,"상승  9,000",268000.0,273000.0,262000.0,15885.0,HS효성첨단소재,298050
2024-09-25,287000.0,"상승  14,000",277000.0,292000.0,275500.0,37029.0,HS효성첨단소재,298050
2024-09-26,290500.0,"상승  3,500",285500.0,291000.0,281000.0,13541.0,HS효성첨단소재,298050
2024-09-27,294000.0,"상승  3,500",290500.0,299000.0,285500.0,22567.0,HS효성첨단소재,298050
2024-09-30,289500.0,"하락  4,500",297500.0,298500.0,284000.0,22715.0,HS효성첨단소재,298050
2024-10-02,280000.0,"하락  9,500",283000.0,286500.0,279000.0,11636.0,HS효성첨단소재,298050
2024-10-04,280500.0,상승  500,281000.0,281500.0,275500.0,8613.0,HS효성첨단소재,298050
2024-10-07,283500.0,"상승  3,000",280500.0,288000.0,278000.0,14626.0,HS효성첨단소재,298050
2024-10-08,277500.0,"하락  6,000",285000.0,285500.0,277500.0,13164.0,HS효성첨단소재,298050
2024-10-10,276500.0,"하락  1,000",280000.0,280500.0,274000.0,8934.0,HS효성첨단소재,298050
2024-10-11,272500.0,"하락  4,000",276500.0,280500.0,272000.0,12672.0,HS효성첨단소재,298050
2024-10-14,273000.0,상승  500,269500.0,275500.0,269500.0,7400.0,HS효성첨단소재,298050
2024-10-15,273000.0,보합0,271500.0,275000.0,267500.0,14287.0,HS효성첨단소재,298050
2024-10-16,264000.0,"하락  9,000",267000.0,270500.0,264000.0,18894.0,HS효성첨단소재,298050
2024-10-17,267000.0,"상승  3,000",265500.0,270000.0,264500.0,7102.0,HS효성첨단소재,298050
2024-10-18,262000.0,"하락  5,000",269000.0,269000.0,261000.0,6226.0,HS효성첨단소재,298050
2024-10-21,260000.0,"하락  2,000",262000.0,265000.0,260000.0,7967.0,HS효성첨단소재,298050
2024-10-22,257000.0,"하락  3,000",260500.0,260500.0,253000.0,14976.0,HS효성첨단소재,298050
2024-10-23,259000.0,"상승  2,000",256000.0,261500.0,253000.0,8335.0,HS효성첨단소재,298050
2024-10-24,257000.0,"하락  2,000",261000.0,261000.0,256500.0,5267.0,HS효성첨단소재,298050
2024-10-25,253500.0,"하락  3,500",256000.0,258000.0,253000.0,7379.0,HS효성첨단소재,298050
2024-10-28,268000.0,"상승  14,500",253500.0,268000.0,253500.0,10483.0,HS효성첨단소재,298050
2024-10-29,267500.0,하락  500,268000.0,268500.0,261500.0,4842.0,HS효성첨단소재,298050
2024-10-30,265000.0,"하락  2,500",265000.0,269500.0,263500.0,6089.0,HS효성첨단소재,298050
2024-10-31,266000.0,"상승  1,000",265000.0,268000.0,262000.0,6764.0,HS효성첨단소재,298050
2024-11-01,241500.0,"하락  24,500",260000.0,260000.0,241500.0,48557.0,HS효성첨단소재,298050
2024-11-04,236500.0,"하락  5,000",241500.0,245500.0,235000.0,34482.0,HS효성첨단소재,298050
2024-11-05,241500.0,"상승  5,000",235500.0,245000.0,233000.0,19234.0,HS효성첨단소재,298050
2024-11-06,221000.0,"하락  20,500",240000.0,241500.0,221000.0,64668.0,HS효성첨단소재,298050
2024-11-07,218000.0,"하락  3,000",222500.0,224000.0,214500.0,23749.0,HS효성첨단소재,298050
2024-11-08,209000.0,"하락  9,000",219000.0,220000.0,208000.0,42675.0,HS효성첨단소재,298050
2024-11-11,195300.0,"하락  13,700",205000.0,207000.0,195000.0,52669.0,HS효성첨단소재,298050
2024-11-12,190500.0,"하락  4,800",194900.0,196500.0,188100.0,36687.0,HS효성첨단소재,298050
2024-11-13,182100.0,"하락  8,400",188100.0,190400.0,182100.0,38619.0,HS효성첨단소재,298050
2024-11-14,179200.0,"하락  2,900",183500.0,183500.0,179200.0,32531.0,HS효성첨단소재,298050
2024-11-15,178700.0,하락  500,179200.0,180000.0,173900.0,27428.0,HS효성첨단소재,298050
2024-11-18,183000.0,"상승  4,300",177100.0,184100.0,175100.0,21257.0,HS효성첨단소재,298050
2024-11-19,188000.0,"상승  5,000",181200.0,188600.0,179300.0,23090.0,HS효성첨단소재,298050
2024-11-20,182400.0,"하락  5,600",188500.0,189300.0,182400.0,23391.0,HS효성첨단소재,298050
2024-11-21,183900.0,"상승  1,500",182400.0,186000.0,179300.0,13121.0,HS효성첨단소재,298050
2024-11-22,179500.0,"하락  4,400",185000.0,185200.0,179500.0,24406.0,HS효성첨단소재,298050
2024-11-25,171200.0,"하락  8,300",179500.0,180900.0,169300.0,92652.0,HS효성첨단소재,298050
2024-11-26,175200.0,"상승  4,000",171900.0,175600.0,170300.0,29424.0,HS효성첨단소재,298050
2024-11-27,175300.0,상승  100,175500.0,176700.0,171800.0,16412.0,HS효성첨단소재,298050
2024-11-28,177800.0,"상승  2,500",175300.0,177800.0,174100.0,16271.0,HS효성첨단소재,298050
2024-11-29,168800.0,"하락  9,000",177400.0,177400.0,168400.0,29578.0,HS효성첨단소재,298050
2024-12-02,170400.0,"상승  1,600",169100.0,173400.0,169000.0,18934.0,HS효성첨단소재,298050
2024-12-03,184900.0,"상승  14,500",170900.0,185000.0,170900.0,43566.0,HS효성첨단소재,298050
2024-12-04,180200.0,"하락  4,700",178700.0,185200.0,178700.0,20622.0,HS효성첨단소재,298050
2024-12-05,180500.0,상승  300,181000.0,185500.0,178800.0,15611.0,HS효성첨단소재,298050
2024-12-06,176000.0,"하락  4,500",182200.0,182700.0,171800.0,18607.0,HS효성첨단소재,298050
2024-12-09,166500.0,"하락  9,500",172900.0,172900.0,166500.0,17257.0,HS효성첨단소재,298050
2024-12-10,180400.0,"상승  13,900",166600.0,181000.0,166600.0,16704.0,HS효성첨단소재,298050
2024-12-11,181900.0,"상승  1,500",181100.0,182400.0,178700.0,7386.0,HS효성첨단소재,298050
2024-12-12,184800.0,"상승  2,900",184900.0,187000.0,182100.0,31752.0,HS효성첨단소재,298050
2024-12-13,187000.0,"상승  2,200",182900.0,188800.0,182900.0,21738.0,HS효성첨단소재,298050
2024-12-16,187000.0,보합0,189100.0,192100.0,186300.0,10654.0,HS효성첨단소재,298050
2024-12-17,189800.0,"상승  2,800",186700.0,191000.0,185000.0,15129.0,HS효성첨단소재,298050
2024-12-18,189900.0,상승  100,191600.0,191700.0,187400.0,9283.0,HS효성첨단소재,298050
2024-12-19,189500.0,하락  400,186100.0,192800.0,184900.0,16325.0,HS효성첨단소재,298050
2024-12-20,184500.0,"하락  5,000",189500.0,189600.0,182700.0,12470.0,HS효성첨단소재,298050
2024-12-23,186700.0,"상승  2,200",184700.0,188300.0,183500.0,8185.0,HS효성첨단소재,298050
2024-12-24,187500.0,상승  800,186900.0,191900.0,186800.0,11862.0,HS효성첨단소재,298050
2024-12-26,183500.0,"하락  4,000",187600.0,188200.0,182100.0,12709.0,HS효성첨단소재,298050
2024-12-27,174600.0,"하락  8,900",180500.0,182800.0,173100.0,22886.0,HS효성첨단소재,298050
2024-12-30,174600.0,보합0,173400.0,177900.0,172900.0,7803.0,HS효성첨단소재,298050
2025-01-02,173300.0,"하락  1,300",174700.0,176000.0,170800.0,12917.0,HS효성첨단소재,298050
2025-01-03,182000.0,"상승  8,700",172100.0,185800.0,172000.0,15184.0,HS효성첨단소재,298050
2025-01-06,188000.0,"상승  6,000",188000.0,190600.0,185300.0,17307.0,HS효성첨단소재,298050
2025-01-07,187500.0,하락  500,190000.0,190500.0,186500.0,13445.0,HS효성첨단소재,298050
2025-01-08,188800.0,"상승  1,300",189000.0,189800.0,185200.0,9121.0,HS효성첨단소재,298050
2025-01-09,185700.0,"하락  3,100",187000.0,188800.0,185400.0,12302.0,HS효성첨단소재,298050
2025-01-10,187800.0,"상승  2,100",185700.0,191000.0,185100.0,15051.0,HS효성첨단소재,298050
2025-01-13,185700.0,"하락  2,100",187000.0,188600.0,183700.0,11625.0,HS효성첨단소재,298050
2025-01-14,186100.0,상승  400,188600.0,191900.0,183500.0,14355.0,HS효성첨단소재,298050
2025-01-15,182900.0,"하락  3,200",186100.0,188100.0,182700.0,9333.0,HS효성첨단소재,298050
2025-01-16,185500.0,"상승  2,600",184900.0,186300.0,183800.0,8320.0,HS효성첨단소재,298050
2025-01-17,180600.0,"하락  4,900",184800.0,185400.0,179200.0,14223.0,HS효성첨단소재,298050
2025-01-20,185000.0,"상승  4,400",185200.0,187400.0,181800.0,13348.0,HS효성첨단소재,298050
2025-01-21,184200.0,하락  800,186500.0,187000.0,180800.0,8957.0,HS효성첨단소재,298050
2025-01-22,183900.0,하락  300,184400.0,186000.0,180900.0,8171.0,HS효성첨단소재,298050
2025-01-23,184300.0,상승  400,183900.0,186100.0,179900.0,16024.0,HS효성첨단소재,298050
2025-01-24,178500.0,"하락  5,800",184300.0,187900.0,170000.0,40928.0,HS효성첨단소재,298050
2025-01-31,176100.0,"하락  2,400",180200.0,181800.0,176000.0,12080.0,HS효성첨단소재,298050
2025-02-03,170300.0,"하락  5,800",174000.0,174300.0,169600.0,15910.0,HS효성첨단소재,298050
2025-02-04,174700.0,"상승  4,400",170000.0,176000.0,169500.0,12058.0,HS효성첨단소재,298050
2025-02-05,196000.0,"상승  21,300",176700.0,197900.0,176700.0,71385.0,HS효성첨단소재,298050
2025-02-06,198200.0,"상승  2,200",196600.0,199200.0,194200.0,25097.0,HS효성첨단소재,298050
2025-02-07,197600.0,하락  600,196900.0,203500.0,195800.0,22321.0,HS효성첨단소재,298050
2025-02-10,196200.0,"하락  1,400",197100.0,197600.0,192300.0,11709.0,HS효성첨단소재,298050
2025-02-11,198500.0,"상승  2,300",194500.0,202500.0,194500.0,15591.0,HS효성첨단소재,298050
2025-02-12,192000.0,"하락  6,500",200000.0,200000.0,192000.0,13194.0,HS효성첨단소재,298050
2025-02-13,198100.0,"상승  6,100",192000.0,203000.0,192000.0,19578.0,HS효성첨단소재,298050
2025-02-14,195000.0,"하락  3,100",199400.0,200500.0,195000.0,12772.0,HS효성첨단소재,298050
2025-02-17,206000.0,"상승  11,000",197100.0,209000.0,196500.0,27962.0,HS효성첨단소재,298050
2025-02-18,211000.0,"상승  5,000",207000.0,214000.0,203000.0,23323.0,HS효성첨단소재,298050
2025-02-19,210500.0,하락  500,212500.0,219000.0,210000.0,26823.0,HS효성첨단소재,298050
2025-02-20,208000.0,"하락  2,500",210500.0,212000.0,205000.0,14359.0,HS효성첨단소재,298050
2025-02-21,204000.0,"하락  4,000",208000.0,208500.0,202500.0,12999.0,HS효성첨단소재,298050
2025-02-24,202000.0,"하락  2,000",203000.0,205000.0,200000.0,9241.0,HS효성첨단소재,298050
2025-02-25,196500.0,"하락  5,500",201500.0,202000.0,196400.0,14246.0,HS효성첨단소재,298050
2025-02-26,200500.0,"상승  4,000",197900.0,201000.0,195900.0,10764.0,HS효성첨단소재,298050
2025-02-27,198000.0,"하락  2,500",202000.0,202000.0,197800.0,9632.0,HS효성첨단소재,298050
2025-02-28,187100.0,"하락  10,900",195100.0,195200.0,187100.0,19665.0,HS효성첨단소재,298050
2025-03-04,184100.0,"하락  3,000",187100.0,187300.0,181000.0,11450.0,HS효성첨단소재,298050
2025-03-05,191600.0,"상승  7,500",181800.0,194000.0,181800.0,13865.0,HS효성첨단소재,298050
2025-03-06,192500.0,상승  900,196000.0,199100.0,190900.0,11781.0,HS효성첨단소재,298050
2025-03-07,194700.0,"상승  2,200",192500.0,198000.0,190100.0,12813.0,HS효성첨단소재,298050
2025-03-10,189700.0,"하락  5,000",190600.0,192700.0,188000.0,14887.0,HS효성첨단소재,298050
2025-03-11,185100.0,"하락  4,600",183800.0,186300.0,182000.0,11396.0,HS효성첨단소재,298050
2025-03-12,189100.0,"상승  4,000",185100.0,190000.0,184200.0,7838.0,HS효성첨단소재,298050
2025-03-13,182600.0,"하락  6,500",186700.0,189700.0,182600.0,14124.0,HS효성첨단소재,298050
2025-03-14,183600.0,"상승  1,000",182300.0,187000.0,180500.0,9080.0,HS효성첨단소재,298050
2025-03-17,185600.0,"상승  2,000",183700.0,187700.0,182700.0,6603.0,HS효성첨단소재,298050
2025-03-18,183800.0,"하락  1,800",185600.0,188500.0,183800.0,5286.0,HS효성첨단소재,298050
2025-03-19,187500.0,"상승  3,700",184800.0,188900.0,184000.0,8123.0,HS효성첨단소재,298050
2025-03-20,186500.0,"하락  1,000",187800.0,189000.0,185900.0,5848.0,HS효성첨단소재,298050
2025-03-21,191500.0,"상승  5,000",194000.0,194700.0,187700.0,17148.0,HS효성첨단소재,298050
2025-03-24,187800.0,"하락  3,700",189400.0,190000.0,186300.0,7846.0,HS효성첨단소재,298050
2025-03-25,185200.0,"하락  2,600",188300.0,192000.0,184900.0,7792.0,HS효성첨단소재,298050
2025-03-26,191700.0,"상승  6,500",185700.0,192300.0,185500.0,15066.0,HS효성첨단소재,298050
2025-03-27,187800.0,"하락  3,900",188200.0,191300.0,187300.0,7227.0,HS효성첨단소재,298050
2025-03-28,180000.0,"하락  7,800",188000.0,188000.0,180000.0,12969.0,HS효성첨단소재,298050
2025-03-31,174200.0,"하락  5,800",179500.0,179500.0,173700.0,10170.0,HS효성첨단소재,298050
2025-04-01,178800.0,"상승  4,600",173400.0,180700.0,173400.0,7600.0,HS효성첨단소재,298050
2025-04-02,178700.0,하락  100,178800.0,184700.0,176600.0,5278.0,HS효성첨단소재,298050
2025-04-03,169900.0,"하락  8,800",174600.0,174600.0,169500.0,19821.0,HS효성첨단소재,298050
2025-04-04,171900.0,"상승  2,000",169100.0,172700.0,166000.0,12024.0,HS효성첨단소재,298050
2025-04-07,163100.0,"하락  8,800",167700.0,169000.0,160600.0,12006.0,HS효성첨단소재,298050
2025-04-08,158800.0,"하락  4,300",164000.0,165500.0,158800.0,11644.0,HS효성첨단소재,298050
2025-04-09,156600.0,"하락  2,200",157900.0,159000.0,154700.0,9758.0,HS효성첨단소재,298050
2025-04-10,170200.0,"상승  13,600",161700.0,170200.0,160800.0,10228.0,HS효성첨단소재,298050
2025-04-11,169800.0,하락  400,165300.0,170600.0,164200.0,8010.0,HS효성첨단소재,298050
2025-04-14,171300.0,"상승  1,500",170000.0,173800.0,169800.0,10932.0,HS효성첨단소재,298050
2025-04-15,174700.0,"상승  3,400",171100.0,175700.0,169900.0,6077.0,HS효성첨단소재,298050
2025-04-16,172300.0,"하락  2,400",173600.0,175500.0,172200.0,5512.0,HS효성첨단소재,298050
2025-04-17,175400.0,"상승  3,100",172200.0,175600.0,171100.0,5533.0,HS효성첨단소재,298050
2025-04-18,175300.0,하락  100,175100.0,176900.0,173600.0,6011.0,HS효성첨단소재,298050
2025-04-21,176700.0,"상승  1,400",175300.0,176700.0,173200.0,5878.0,HS효성첨단소재,298050
2025-04-22,174000.0,"하락  2,700",175300.0,177800.0,174000.0,5695.0,HS효성첨단소재,298050
2025-04-23,176500.0,"상승  2,500",177900.0,178600.0,175600.0,5868.0,HS효성첨단소재,298050
2025-04-24,174900.0,"하락  1,600",177000.0,178800.0,174900.0,5126.0,HS효성첨단소재,298050
2025-04-25,177700.0,"상승  2,800",176900.0,179400.0,175700.0,5757.0,HS효성첨단소재,298050
2025-04-28,180500.0,"상승  2,800",179100.0,183000.0,178600.0,6971.0,HS효성첨단소재,298050
2025-04-29,181200.0,상승  700,180500.0,183100.0,180000.0,5405.0,HS효성첨단소재,298050
2025-04-30,177800.0,"하락  3,400",185000.0,185000.0,176500.0,5803.0,HS효성첨단소재,298050
2025-05-02,179400.0,"상승  1,600",176000.0,179700.0,175500.0,4533.0,HS효성첨단소재,298050
2025-05-07,184500.0,"상승  5,100",181700.0,185400.0,180000.0,8864.0,HS효성첨단소재,298050
2025-05-08,188200.0,"상승  3,700",182000.0,188400.0,182000.0,11052.0,HS효성첨단소재,298050
2025-05-09,191300.0,"상승  3,100",187000.0,197200.0,186600.0,21539.0,HS효성첨단소재,298050
2025-05-12,190000.0,"하락  1,300",194900.0,194900.0,186700.0,6723.0,HS효성첨단소재,298050
2025-05-13,188500.0,"하락  1,500",188000.0,191200.0,186700.0,6967.0,HS효성첨단소재,298050
2025-05-14,200000.0,"상승  11,500",189500.0,201500.0,188000.0,25607.0,HS효성첨단소재,298050
2025-05-15,208000.0,"상승  8,000",199200.0,209000.0,198100.0,29111.0,HS효성첨단소재,298050
2025-05-16,203000.0,"하락  5,000",208000.0,208000.0,200500.0,11881.0,HS효성첨단소재,298050
2025-05-19,196900.0,"하락  6,100",200000.0,202500.0,195600.0,9885.0,HS효성첨단소재,298050
2025-05-20,195900.0,"하락  1,000",196900.0,197800.0,191900.0,7874.0,HS효성첨단소재,298050
2025-05-21,195000.0,하락  900,196000.0,198300.0,194300.0,8460.0,HS효성첨단소재,298050
2025-05-22,189200.0,"하락  5,800",193000.0,193500.0,188700.0,7886.0,HS효성첨단소재,298050
2025-05-23,193800.0,"상승  4,600",188500.0,195600.0,188000.0,10299.0,HS효성첨단소재,298050
2025-05-26,195400.0,"상승  1,600",193800.0,196900.0,192300.0,6635.0,HS효성첨단소재,298050
2025-05-27,201000.0,"상승  5,600",194000.0,205000.0,192000.0,14112.0,HS효성첨단소재,298050
2025-05-28,199600.0,"하락  1,400",199200.0,202500.0,198800.0,8326.0,HS효성첨단소재,298050
2025-05-29,200500.0,상승  900,201000.0,206500.0,197100.0,11360.0,HS효성첨단소재,298050
