날짜,종가,전일비,시가,고가,저가,거래량,회사명,종목코드
2020-03-16,1090000.0,"하락  50,000",1128000.0,1157000.0,1086000.0,66839.0,LG생활건강,051900
2020-03-17,1091000.0,"상승  1,000",1050000.0,1121000.0,1050000.0,97311.0,LG생활건강,051900
2020-03-18,1133000.0,"상승  42,000",1111000.0,1205000.0,1106000.0,119151.0,LG생활건강,051900
2020-03-19,1097000.0,"하락  36,000",1146000.0,1195000.0,1077000.0,94466.0,LG생활건강,051900
2020-03-20,1110000.0,"상승  13,000",1140000.0,1180000.0,1097000.0,79664.0,LG생활건강,051900
2020-03-23,1066000.0,"하락  44,000",1066000.0,1090000.0,1045000.0,75697.0,LG생활건강,051900
2020-03-24,1144000.0,"상승  78,000",1108000.0,1150000.0,1061000.0,69628.0,LG생활건강,051900
2020-03-25,1120000.0,"하락  24,000",1155000.0,1157000.0,1105000.0,92747.0,LG생활건강,051900
2020-03-26,1091000.0,"하락  29,000",1116000.0,1123000.0,1091000.0,82915.0,LG생활건강,051900
2020-03-27,1109000.0,"상승  18,000",1127000.0,1128000.0,1092000.0,65208.0,LG생활건강,051900
2020-03-30,1100000.0,"하락  9,000",1070000.0,1108000.0,1070000.0,51265.0,LG생활건강,051900
2020-03-31,1120000.0,"상승  20,000",1118000.0,1123000.0,1096000.0,53853.0,LG생활건강,051900
2020-04-01,1071000.0,"하락  49,000",1120000.0,1120000.0,1071000.0,66300.0,LG생활건강,051900
2020-04-02,1135000.0,"상승  64,000",1090000.0,1138000.0,1074000.0,56498.0,LG생활건강,051900
2020-04-03,1164000.0,"상승  29,000",1140000.0,1166000.0,1122000.0,48374.0,LG생활건강,051900
2020-04-06,1223000.0,"상승  59,000",1176000.0,1237000.0,1174000.0,60263.0,LG생활건강,051900
2020-04-07,1223000.0,보합0,1224000.0,1227000.0,1190000.0,60943.0,LG생활건강,051900
2020-04-08,1211000.0,"하락  12,000",1202000.0,1229000.0,1198000.0,36450.0,LG생활건강,051900
2020-04-09,1255000.0,"상승  44,000",1220000.0,1255000.0,1205000.0,37474.0,LG생활건강,051900
2020-04-10,1215000.0,"하락  40,000",1226000.0,1235000.0,1201000.0,38315.0,LG생활건강,051900
2020-04-13,1197000.0,"하락  18,000",1210000.0,1214000.0,1195000.0,26824.0,LG생활건강,051900
2020-04-14,1200000.0,"상승  3,000",1204000.0,1217000.0,1198000.0,37782.0,LG생활건강,051900
2020-04-16,1191000.0,"하락  9,000",1166000.0,1206000.0,1166000.0,52827.0,LG생활건강,051900
2020-04-17,1249000.0,"상승  58,000",1209000.0,1257000.0,1207000.0,62084.0,LG생활건강,051900
2020-04-20,1262000.0,"상승  13,000",1225000.0,1273000.0,1224000.0,61136.0,LG생활건강,051900
2020-04-21,1299000.0,"상승  37,000",1262000.0,1310000.0,1228000.0,97720.0,LG생활건강,051900
2020-04-22,1337000.0,"상승  38,000",1297000.0,1339000.0,1284000.0,72655.0,LG생활건강,051900
2020-04-23,1444000.0,"상승  107,000",1368000.0,1444000.0,1330000.0,148170.0,LG생활건강,051900
2020-04-24,1434000.0,"하락  10,000",1424000.0,1444000.0,1406000.0,75610.0,LG생활건강,051900
2020-04-27,1395000.0,"하락  39,000",1428000.0,1428000.0,1394000.0,44795.0,LG생활건강,051900
2020-04-28,1371000.0,"하락  24,000",1370000.0,1388000.0,1362000.0,56479.0,LG생활건강,051900
2020-04-29,1386000.0,"상승  15,000",1380000.0,1398000.0,1375000.0,38211.0,LG생활건강,051900
2020-05-04,1362000.0,"하락  24,000",1345000.0,1393000.0,1341000.0,46930.0,LG생활건강,051900
2020-05-06,1381000.0,"상승  19,000",1365000.0,1381000.0,1357000.0,38996.0,LG생활건강,051900
2020-05-07,1402000.0,"상승  21,000",1376000.0,1408000.0,1367000.0,41840.0,LG생활건강,051900
2020-05-08,1420000.0,"상승  18,000",1405000.0,1425000.0,1404000.0,45632.0,LG생활건강,051900
2020-05-11,1436000.0,"상승  16,000",1414000.0,1439000.0,1412000.0,31434.0,LG생활건강,051900
2020-05-12,1419000.0,"하락  17,000",1444000.0,1444000.0,1419000.0,35531.0,LG생활건강,051900
2020-05-13,1437000.0,"상승  18,000",1419000.0,1442000.0,1413000.0,30396.0,LG생활건강,051900
2020-05-14,1455000.0,"상승  18,000",1456000.0,1457000.0,1408000.0,40839.0,LG생활건강,051900
2020-05-15,1475000.0,"상승  20,000",1456000.0,1475000.0,1441000.0,29592.0,LG생활건강,051900
2020-05-18,1437000.0,"하락  38,000",1489000.0,1490000.0,1430000.0,31969.0,LG생활건강,051900
2020-05-19,1417000.0,"하락  20,000",1443000.0,1448000.0,1417000.0,31604.0,LG생활건강,051900
2020-05-20,1416000.0,"하락  1,000",1438000.0,1438000.0,1409000.0,30145.0,LG생활건강,051900
2020-05-21,1412000.0,"하락  4,000",1404000.0,1420000.0,1388000.0,55863.0,LG생활건강,051900
2020-05-22,1397000.0,"하락  15,000",1429000.0,1430000.0,1396000.0,24947.0,LG생활건강,051900
2020-05-25,1400000.0,"상승  3,000",1413000.0,1414000.0,1385000.0,28841.0,LG생활건강,051900
2020-05-26,1400000.0,보합0,1408000.0,1414000.0,1392000.0,23917.0,LG생활건강,051900
2020-05-27,1390000.0,"하락  10,000",1387000.0,1402000.0,1386000.0,28837.0,LG생활건강,051900
2020-05-28,1385000.0,"하락  5,000",1386000.0,1394000.0,1380000.0,33510.0,LG생활건강,051900
2020-05-29,1370000.0,"하락  15,000",1394000.0,1394000.0,1370000.0,54088.0,LG생활건강,051900
2020-06-01,1363000.0,"하락  7,000",1359000.0,1367000.0,1347000.0,42182.0,LG생활건강,051900
2020-06-02,1370000.0,"상승  7,000",1364000.0,1375000.0,1363000.0,31065.0,LG생활건강,051900
2020-06-03,1387000.0,"상승  17,000",1370000.0,1390000.0,1368000.0,48995.0,LG생활건강,051900
2020-06-04,1403000.0,"상승  16,000",1383000.0,1415000.0,1376000.0,63330.0,LG생활건강,051900
2020-06-05,1401000.0,"하락  2,000",1404000.0,1411000.0,1397000.0,33992.0,LG생활건강,051900
2020-06-08,1379000.0,"하락  22,000",1415000.0,1415000.0,1379000.0,37072.0,LG생활건강,051900
2020-06-09,1374000.0,"하락  5,000",1380000.0,1389000.0,1366000.0,32971.0,LG생활건강,051900
2020-06-10,1371000.0,"하락  3,000",1374000.0,1377000.0,1366000.0,28627.0,LG생활건강,051900
2020-06-11,1360000.0,"하락  11,000",1360000.0,1374000.0,1338000.0,56280.0,LG생활건강,051900
2020-06-12,1325000.0,"하락  35,000",1350000.0,1350000.0,1324000.0,37370.0,LG생활건강,051900
2020-06-15,1270000.0,"하락  55,000",1303000.0,1312000.0,1263000.0,47831.0,LG생활건강,051900
2020-06-16,1300000.0,"상승  30,000",1272000.0,1308000.0,1272000.0,34637.0,LG생활건강,051900
2020-06-17,1288000.0,"하락  12,000",1298000.0,1302000.0,1280000.0,41485.0,LG생활건강,051900
2020-06-18,1274000.0,"하락  14,000",1280000.0,1288000.0,1274000.0,38772.0,LG생활건강,051900
2020-06-19,1287000.0,"상승  13,000",1276000.0,1287000.0,1257000.0,49256.0,LG생활건강,051900
2020-06-22,1264000.0,"하락  23,000",1271000.0,1285000.0,1264000.0,46210.0,LG생활건강,051900
2020-06-23,1321000.0,"상승  57,000",1275000.0,1323000.0,1268000.0,52597.0,LG생활건강,051900
2020-06-24,1345000.0,"상승  24,000",1305000.0,1351000.0,1304000.0,35176.0,LG생활건강,051900
2020-06-25,1277000.0,"하락  68,000",1338000.0,1338000.0,1277000.0,45849.0,LG생활건강,051900
2020-06-26,1337000.0,"상승  60,000",1306000.0,1340000.0,1299000.0,48453.0,LG생활건강,051900
2020-06-29,1300000.0,"하락  37,000",1314000.0,1323000.0,1295000.0,24018.0,LG생활건강,051900
2020-06-30,1346000.0,"상승  46,000",1317000.0,1370000.0,1304000.0,76009.0,LG생활건강,051900
2020-07-01,1326000.0,"하락  20,000",1340000.0,1355000.0,1302000.0,34636.0,LG생활건강,051900
2020-07-02,1379000.0,"상승  53,000",1335000.0,1379000.0,1330000.0,42001.0,LG생활건강,051900
2020-07-03,1380000.0,"상승  1,000",1377000.0,1389000.0,1357000.0,41681.0,LG생활건강,051900
2020-07-06,1356000.0,"하락  24,000",1378000.0,1378000.0,1355000.0,33829.0,LG생활건강,051900
2020-07-07,1348000.0,"하락  8,000",1377000.0,1380000.0,1326000.0,50630.0,LG생활건강,051900
2020-07-08,1317000.0,"하락  31,000",1321000.0,1342000.0,1315000.0,41906.0,LG생활건강,051900
2020-07-09,1307000.0,"하락  10,000",1317000.0,1331000.0,1307000.0,43377.0,LG생활건강,051900
2020-07-10,1295000.0,"하락  12,000",1307000.0,1312000.0,1288000.0,27608.0,LG생활건강,051900
2020-07-13,1300000.0,"상승  5,000",1316000.0,1316000.0,1298000.0,20748.0,LG생활건강,051900
2020-07-14,1340000.0,"상승  40,000",1319000.0,1343000.0,1302000.0,42225.0,LG생활건강,051900
2020-07-15,1350000.0,"상승  10,000",1356000.0,1360000.0,1336000.0,38328.0,LG생활건강,051900
2020-07-16,1339000.0,"하락  11,000",1331000.0,1357000.0,1330000.0,25129.0,LG생활건강,051900
2020-07-17,1345000.0,"상승  6,000",1357000.0,1357000.0,1340000.0,22386.0,LG생활건강,051900
2020-07-20,1321000.0,"하락  24,000",1351000.0,1353000.0,1311000.0,20409.0,LG생활건강,051900
2020-07-21,1385000.0,"상승  64,000",1319000.0,1400000.0,1316000.0,77971.0,LG생활건강,051900
2020-07-22,1383000.0,"하락  2,000",1385000.0,1397000.0,1363000.0,32388.0,LG생활건강,051900
2020-07-23,1341000.0,"하락  42,000",1384000.0,1414000.0,1325000.0,100071.0,LG생활건강,051900
2020-07-24,1323000.0,"하락  18,000",1341000.0,1341000.0,1306000.0,50471.0,LG생활건강,051900
2020-07-27,1346000.0,"상승  23,000",1323000.0,1348000.0,1317000.0,24832.0,LG생활건강,051900
2020-07-28,1350000.0,"상승  4,000",1335000.0,1352000.0,1325000.0,37319.0,LG생활건강,051900
2020-07-29,1390000.0,"상승  40,000",1341000.0,1397000.0,1340000.0,56276.0,LG생활건강,051900
2020-07-30,1385000.0,"하락  5,000",1391000.0,1414000.0,1382000.0,31061.0,LG생활건강,051900
2020-07-31,1371000.0,"하락  14,000",1400000.0,1400000.0,1370000.0,27006.0,LG생활건강,051900
2020-08-03,1350000.0,"하락  21,000",1366000.0,1377000.0,1348000.0,39951.0,LG생활건강,051900
2020-08-04,1354000.0,"상승  4,000",1350000.0,1368000.0,1343000.0,27230.0,LG생활건강,051900
2020-08-05,1364000.0,"상승  10,000",1358000.0,1399000.0,1358000.0,38836.0,LG생활건강,051900
2020-08-06,1385000.0,"상승  21,000",1385000.0,1390000.0,1367000.0,26783.0,LG생활건강,051900
2020-08-07,1432000.0,"상승  47,000",1395000.0,1432000.0,1388000.0,65788.0,LG생활건강,051900
2020-08-10,1445000.0,"상승  13,000",1411000.0,1446000.0,1405000.0,36558.0,LG생활건강,051900
2020-08-11,1573000.0,"상승  128,000",1455000.0,1600000.0,1452000.0,93232.0,LG생활건강,051900
2020-08-12,1548000.0,"하락  25,000",1569000.0,1596000.0,1541000.0,34961.0,LG생활건강,051900
2020-08-13,1560000.0,"상승  12,000",1548000.0,1600000.0,1525000.0,43833.0,LG생활건강,051900
2020-08-14,1565000.0,"상승  5,000",1572000.0,1593000.0,1543000.0,26191.0,LG생활건강,051900
2020-08-18,1500000.0,"하락  65,000",1595000.0,1596000.0,1499000.0,50554.0,LG생활건강,051900
2020-08-19,1519000.0,"상승  19,000",1475000.0,1544000.0,1472000.0,33302.0,LG생활건강,051900
2020-08-20,1500000.0,"하락  19,000",1502000.0,1535000.0,1493000.0,36587.0,LG생활건강,051900
2020-08-21,1563000.0,"상승  63,000",1506000.0,1596000.0,1506000.0,36757.0,LG생활건강,051900
2020-08-24,1543000.0,"하락  20,000",1585000.0,1600000.0,1537000.0,25732.0,LG생활건강,051900
2020-08-25,1539000.0,"하락  4,000",1544000.0,1556000.0,1536000.0,19954.0,LG생활건강,051900
2020-08-26,1517000.0,"하락  22,000",1531000.0,1531000.0,1500000.0,42308.0,LG생활건강,051900
2020-08-27,1499000.0,"하락  18,000",1500000.0,1516000.0,1497000.0,21958.0,LG생활건강,051900
2020-08-28,1509000.0,"상승  10,000",1515000.0,1518000.0,1497000.0,26011.0,LG생활건강,051900
2020-08-31,1473000.0,"하락  36,000",1509000.0,1525000.0,1473000.0,36969.0,LG생활건강,051900
2020-09-01,1513000.0,"상승  40,000",1495000.0,1514000.0,1488000.0,29672.0,LG생활건강,051900
2020-09-02,1499000.0,"하락  14,000",1510000.0,1513000.0,1480000.0,25102.0,LG생활건강,051900
2020-09-03,1483000.0,"하락  16,000",1485000.0,1506000.0,1483000.0,20737.0,LG생활건강,051900
2020-09-04,1453000.0,"하락  30,000",1482000.0,1483000.0,1445000.0,32181.0,LG생활건강,051900
2020-09-07,1475000.0,"상승  22,000",1436000.0,1476000.0,1436000.0,22370.0,LG생활건강,051900
2020-09-08,1493000.0,"상승  18,000",1478000.0,1493000.0,1465000.0,22557.0,LG생활건강,051900
2020-09-09,1510000.0,"상승  17,000",1510000.0,1513000.0,1480000.0,36196.0,LG생활건강,051900
2020-09-10,1527000.0,"상승  17,000",1511000.0,1539000.0,1496000.0,34347.0,LG생활건강,051900
2020-09-11,1518000.0,"하락  9,000",1523000.0,1542000.0,1509000.0,26302.0,LG생활건강,051900
2020-09-14,1519000.0,"상승  1,000",1521000.0,1531000.0,1505000.0,18782.0,LG생활건강,051900
2020-09-15,1533000.0,"상승  14,000",1501000.0,1534000.0,1500000.0,20656.0,LG생활건강,051900
2020-09-16,1506000.0,"하락  27,000",1513000.0,1535000.0,1506000.0,16229.0,LG생활건강,051900
2020-09-17,1508000.0,"상승  2,000",1506000.0,1511000.0,1486000.0,18622.0,LG생활건강,051900
2020-09-18,1516000.0,"상승  8,000",1518000.0,1523000.0,1501000.0,29963.0,LG생활건강,051900
2020-09-21,1497000.0,"하락  19,000",1502000.0,1517000.0,1491000.0,16592.0,LG생활건강,051900
2020-09-22,1473000.0,"하락  24,000",1516000.0,1517000.0,1461000.0,22655.0,LG생활건강,051900
2020-09-23,1455000.0,"하락  18,000",1451000.0,1481000.0,1450000.0,23970.0,LG생활건강,051900
2020-09-24,1418000.0,"하락  37,000",1454000.0,1455000.0,1417000.0,25119.0,LG생활건강,051900
2020-09-25,1419000.0,"상승  1,000",1445000.0,1445000.0,1419000.0,15061.0,LG생활건강,051900
2020-09-28,1469000.0,"상승  50,000",1429000.0,1470000.0,1419000.0,22430.0,LG생활건강,051900
2020-09-29,1448000.0,"하락  21,000",1488000.0,1488000.0,1448000.0,29073.0,LG생활건강,051900
2020-10-05,1499000.0,"상승  51,000",1455000.0,1515000.0,1454000.0,37143.0,LG생활건강,051900
2020-10-06,1500000.0,"상승  1,000",1508000.0,1525000.0,1495000.0,18373.0,LG생활건강,051900
2020-10-07,1513000.0,"상승  13,000",1514000.0,1518000.0,1490000.0,19124.0,LG생활건강,051900
2020-10-08,1540000.0,"상승  27,000",1536000.0,1540000.0,1514000.0,32935.0,LG생활건강,051900
2020-10-12,1585000.0,"상승  45,000",1560000.0,1598000.0,1541000.0,31235.0,LG생활건강,051900
2020-10-13,1548000.0,"하락  37,000",1593000.0,1593000.0,1548000.0,25353.0,LG생활건강,051900
2020-10-14,1546000.0,"하락  2,000",1541000.0,1546000.0,1511000.0,23585.0,LG생활건강,051900
2020-10-15,1569000.0,"상승  23,000",1550000.0,1569000.0,1520000.0,26730.0,LG생활건강,051900
2020-10-16,1571000.0,"상승  2,000",1568000.0,1588000.0,1552000.0,26034.0,LG생활건강,051900
2020-10-19,1562000.0,"하락  9,000",1585000.0,1587000.0,1555000.0,29547.0,LG생활건강,051900
2020-10-20,1547000.0,"하락  15,000",1571000.0,1577000.0,1547000.0,18165.0,LG생활건강,051900
2020-10-21,1551000.0,"상승  4,000",1548000.0,1566000.0,1539000.0,20458.0,LG생활건강,051900
2020-10-22,1539000.0,"하락  12,000",1549000.0,1551000.0,1497000.0,34458.0,LG생활건강,051900
2020-10-23,1539000.0,보합0,1544000.0,1562000.0,1524000.0,26952.0,LG생활건강,051900
2020-10-26,1515000.0,"하락  24,000",1539000.0,1542000.0,1507000.0,18435.0,LG생활건강,051900
2020-10-27,1543000.0,"상승  28,000",1503000.0,1543000.0,1495000.0,43164.0,LG생활건강,051900
2020-10-28,1524000.0,"하락  19,000",1518000.0,1538000.0,1512000.0,18950.0,LG생활건강,051900
2020-10-29,1507000.0,"하락  17,000",1521000.0,1522000.0,1496000.0,23582.0,LG생활건강,051900
2020-10-30,1500000.0,"하락  7,000",1508000.0,1516000.0,1495000.0,26906.0,LG생활건강,051900
2020-11-02,1531000.0,"상승  31,000",1515000.0,1533000.0,1490000.0,19283.0,LG생활건강,051900
2020-11-03,1517000.0,"하락  14,000",1515000.0,1533000.0,1512000.0,22826.0,LG생활건강,051900
2020-11-04,1505000.0,"하락  12,000",1520000.0,1527000.0,1505000.0,29280.0,LG생활건강,051900
2020-11-05,1530000.0,"상승  25,000",1506000.0,1530000.0,1495000.0,34779.0,LG생활건강,051900
2020-11-06,1526000.0,"하락  4,000",1518000.0,1535000.0,1517000.0,19413.0,LG생활건강,051900
2020-11-09,1527000.0,"상승  1,000",1517000.0,1534000.0,1517000.0,21957.0,LG생활건강,051900
2020-11-10,1529000.0,"상승  2,000",1543000.0,1543000.0,1511000.0,31661.0,LG생활건강,051900
2020-11-11,1571000.0,"상승  42,000",1523000.0,1575000.0,1523000.0,41690.0,LG생활건강,051900
2020-11-12,1607000.0,"상승  36,000",1570000.0,1648000.0,1554000.0,57493.0,LG생활건강,051900
2020-11-13,1576000.0,"하락  31,000",1608000.0,1620000.0,1560000.0,26507.0,LG생활건강,051900
2020-11-16,1562000.0,"하락  14,000",1577000.0,1589000.0,1558000.0,22394.0,LG생활건강,051900
2020-11-17,1542000.0,"하락  20,000",1543000.0,1574000.0,1540000.0,29583.0,LG생활건강,051900
2020-11-18,1538000.0,"하락  4,000",1536000.0,1562000.0,1521000.0,22769.0,LG생활건강,051900
2020-11-19,1532000.0,"하락  6,000",1538000.0,1546000.0,1525000.0,21900.0,LG생활건강,051900
2020-11-20,1564000.0,"상승  32,000",1540000.0,1570000.0,1532000.0,28759.0,LG생활건강,051900
2020-11-23,1565000.0,"상승  1,000",1578000.0,1583000.0,1556000.0,23028.0,LG생활건강,051900
2020-11-24,1544000.0,"하락  21,000",1566000.0,1580000.0,1544000.0,26626.0,LG생활건강,051900
2020-11-25,1548000.0,"상승  4,000",1543000.0,1564000.0,1540000.0,33981.0,LG생활건강,051900
2020-11-26,1537000.0,"하락  11,000",1548000.0,1567000.0,1536000.0,25153.0,LG생활건강,051900
2020-11-27,1533000.0,"하락  4,000",1536000.0,1542000.0,1531000.0,19023.0,LG생활건강,051900
2020-11-30,1514000.0,"하락  19,000",1532000.0,1541000.0,1514000.0,54725.0,LG생활건강,051900
2020-12-01,1538000.0,"상승  24,000",1534000.0,1538000.0,1515000.0,19516.0,LG생활건강,051900
2020-12-02,1541000.0,"상승  3,000",1552000.0,1552000.0,1525000.0,31085.0,LG생활건강,051900
2020-12-03,1527000.0,"하락  14,000",1525000.0,1539000.0,1525000.0,28777.0,LG생활건강,051900
2020-12-04,1522000.0,"하락  5,000",1528000.0,1535000.0,1522000.0,27133.0,LG생활건강,051900
2020-12-07,1553000.0,"상승  31,000",1521000.0,1560000.0,1518000.0,43578.0,LG생활건강,051900
2020-12-08,1547000.0,"하락  6,000",1558000.0,1561000.0,1539000.0,30797.0,LG생활건강,051900
2020-12-09,1555000.0,"상승  8,000",1536000.0,1561000.0,1535000.0,31450.0,LG생활건강,051900
2020-12-10,1531000.0,"하락  24,000",1565000.0,1565000.0,1531000.0,69151.0,LG생활건강,051900
2020-12-11,1571000.0,"상승  40,000",1545000.0,1609000.0,1540000.0,74962.0,LG생활건강,051900
2020-12-14,1590000.0,"상승  19,000",1618000.0,1618000.0,1578000.0,35478.0,LG생활건강,051900
2020-12-15,1593000.0,"상승  3,000",1600000.0,1600000.0,1577000.0,35063.0,LG생활건강,051900
2020-12-16,1649000.0,"상승  56,000",1618000.0,1649000.0,1602000.0,42755.0,LG생활건강,051900
2020-12-17,1614000.0,"하락  35,000",1645000.0,1647000.0,1605000.0,30428.0,LG생활건강,051900
2020-12-18,1611000.0,"하락  3,000",1612000.0,1629000.0,1601000.0,28103.0,LG생활건강,051900
2020-12-21,1630000.0,"상승  19,000",1632000.0,1641000.0,1601000.0,20002.0,LG생활건강,051900
2020-12-22,1606000.0,"하락  24,000",1613000.0,1639000.0,1606000.0,18079.0,LG생활건강,051900
2020-12-23,1611000.0,"상승  5,000",1618000.0,1625000.0,1601000.0,17966.0,LG생활건강,051900
2020-12-24,1625000.0,"상승  14,000",1613000.0,1629000.0,1603000.0,18308.0,LG생활건강,051900
2020-12-28,1638000.0,"상승  13,000",1625000.0,1638000.0,1610000.0,24302.0,LG생활건강,051900
2020-12-29,1619000.0,"하락  19,000",1621000.0,1631000.0,1605000.0,28411.0,LG생활건강,051900
2020-12-30,1620000.0,"상승  1,000",1626000.0,1628000.0,1607000.0,26149.0,LG생활건강,051900
2021-01-04,1612000.0,"하락  8,000",1604000.0,1633000.0,1600000.0,31432.0,LG생활건강,051900
2021-01-05,1610000.0,"하락  2,000",1613000.0,1622000.0,1595000.0,39957.0,LG생활건강,051900
2021-01-06,1590000.0,"하락  20,000",1601000.0,1622000.0,1590000.0,45979.0,LG생활건강,051900
2021-01-07,1609000.0,"상승  19,000",1608000.0,1622000.0,1593000.0,38959.0,LG생활건강,051900
2021-01-08,1638000.0,"상승  29,000",1609000.0,1638000.0,1606000.0,50703.0,LG생활건강,051900
2021-01-11,1602000.0,"하락  36,000",1622000.0,1624000.0,1598000.0,72138.0,LG생활건강,051900
2021-01-12,1560000.0,"하락  42,000",1614000.0,1614000.0,1540000.0,57656.0,LG생활건강,051900
2021-01-13,1598000.0,"상승  38,000",1567000.0,1598000.0,1560000.0,54253.0,LG생활건강,051900
2021-01-14,1596000.0,"하락  2,000",1562000.0,1607000.0,1561000.0,37275.0,LG생활건강,051900
2021-01-15,1580000.0,"하락  16,000",1612000.0,1631000.0,1580000.0,47772.0,LG생활건강,051900
2021-01-18,1539000.0,"하락  41,000",1589000.0,1594000.0,1537000.0,47323.0,LG생활건강,051900
2021-01-19,1551000.0,"상승  12,000",1557000.0,1564000.0,1539000.0,28217.0,LG생활건강,051900
2021-01-20,1554000.0,"상승  3,000",1578000.0,1578000.0,1547000.0,63150.0,LG생활건강,051900
2021-01-21,1545000.0,"하락  9,000",1558000.0,1563000.0,1542000.0,46203.0,LG생활건강,051900
2021-01-22,1562000.0,"상승  17,000",1545000.0,1578000.0,1545000.0,71651.0,LG생활건강,051900
2021-01-25,1676000.0,"상승  114,000",1584000.0,1680000.0,1580000.0,111499.0,LG생활건강,051900
2021-01-26,1626000.0,"하락  50,000",1692000.0,1706000.0,1611000.0,52449.0,LG생활건강,051900
2021-01-27,1602000.0,"하락  24,000",1644000.0,1666000.0,1575000.0,61445.0,LG생활건강,051900
2021-01-28,1589000.0,"하락  13,000",1593000.0,1594000.0,1570000.0,37379.0,LG생활건강,051900
2021-01-29,1557000.0,"하락  32,000",1578000.0,1586000.0,1557000.0,61506.0,LG생활건강,051900
2021-02-01,1564000.0,"상승  7,000",1576000.0,1600000.0,1558000.0,38722.0,LG생활건강,051900
2021-02-02,1599000.0,"상승  35,000",1585000.0,1613000.0,1568000.0,33801.0,LG생활건강,051900
2021-02-03,1632000.0,"상승  33,000",1629000.0,1643000.0,1609000.0,47277.0,LG생활건강,051900
2021-02-04,1623000.0,"하락  9,000",1646000.0,1646000.0,1611000.0,28699.0,LG생활건강,051900
2021-02-05,1626000.0,"상승  3,000",1624000.0,1639000.0,1617000.0,21503.0,LG생활건강,051900
2021-02-08,1656000.0,"상승  30,000",1649000.0,1683000.0,1627000.0,42880.0,LG생활건강,051900
2021-02-09,1652000.0,"하락  4,000",1642000.0,1670000.0,1642000.0,32784.0,LG생활건강,051900
2021-02-10,1672000.0,"상승  20,000",1676000.0,1676000.0,1650000.0,29213.0,LG생활건강,051900
2021-02-15,1680000.0,"상승  8,000",1688000.0,1698000.0,1673000.0,18692.0,LG생활건강,051900
2021-02-16,1627000.0,"하락  53,000",1664000.0,1674000.0,1625000.0,45309.0,LG생활건강,051900
2021-02-17,1616000.0,"하락  11,000",1628000.0,1635000.0,1601000.0,31041.0,LG생활건강,051900
2021-02-18,1596000.0,"하락  20,000",1633000.0,1633000.0,1596000.0,26378.0,LG생활건강,051900
2021-02-19,1600000.0,"상승  4,000",1618000.0,1618000.0,1575000.0,24438.0,LG생활건강,051900
2021-02-22,1561000.0,"하락  39,000",1620000.0,1620000.0,1561000.0,41640.0,LG생활건강,051900
2021-02-23,1585000.0,"상승  24,000",1565000.0,1592000.0,1560000.0,26126.0,LG생활건강,051900
2021-02-24,1558000.0,"하락  27,000",1592000.0,1598000.0,1555000.0,39934.0,LG생활건강,051900
2021-02-25,1567000.0,"상승  9,000",1556000.0,1577000.0,1544000.0,32677.0,LG생활건강,051900
2021-02-26,1513000.0,"하락  54,000",1566000.0,1571000.0,1510000.0,55612.0,LG생활건강,051900
2021-03-02,1505000.0,"하락  8,000",1536000.0,1549000.0,1500000.0,49539.0,LG생활건강,051900
2021-03-03,1507000.0,"상승  2,000",1519000.0,1521000.0,1490000.0,36039.0,LG생활건강,051900
2021-03-04,1496000.0,"하락  11,000",1482000.0,1496000.0,1468000.0,60305.0,LG생활건강,051900
2021-03-05,1511000.0,"상승  15,000",1490000.0,1511000.0,1470000.0,39195.0,LG생활건강,051900
2021-03-08,1515000.0,"상승  4,000",1530000.0,1545000.0,1511000.0,33518.0,LG생활건강,051900
2021-03-09,1504000.0,"하락  11,000",1541000.0,1544000.0,1483000.0,38603.0,LG생활건강,051900
2021-03-10,1504000.0,보합0,1504000.0,1515000.0,1496000.0,30282.0,LG생활건강,051900
2021-03-11,1550000.0,"상승  46,000",1514000.0,1550000.0,1495000.0,43760.0,LG생활건강,051900
2021-03-12,1571000.0,"상승  21,000",1560000.0,1571000.0,1535000.0,35135.0,LG생활건강,051900
2021-03-15,1580000.0,"상승  9,000",1576000.0,1581000.0,1551000.0,24591.0,LG생활건강,051900
2021-03-16,1573000.0,"하락  7,000",1584000.0,1585000.0,1565000.0,20318.0,LG생활건강,051900
2021-03-17,1560000.0,"하락  13,000",1571000.0,1574000.0,1534000.0,18141.0,LG생활건강,051900
2021-03-18,1550000.0,"하락  10,000",1561000.0,1579000.0,1544000.0,17816.0,LG생활건강,051900
2021-03-19,1518000.0,"하락  32,000",1535000.0,1538000.0,1510000.0,36971.0,LG생활건강,051900
2021-03-22,1503000.0,"하락  15,000",1518000.0,1528000.0,1501000.0,39621.0,LG생활건강,051900
2021-03-23,1505000.0,"상승  2,000",1518000.0,1518000.0,1500000.0,37113.0,LG생활건강,051900
2021-03-24,1541000.0,"상승  36,000",1512000.0,1547000.0,1498000.0,39690.0,LG생활건강,051900
2021-03-25,1545000.0,"상승  4,000",1549000.0,1550000.0,1525000.0,30542.0,LG생활건강,051900
2021-03-26,1524000.0,"하락  21,000",1557000.0,1557000.0,1521000.0,24304.0,LG생활건강,051900
2021-03-29,1530000.0,"상승  6,000",1542000.0,1542000.0,1522000.0,25197.0,LG생활건강,051900
2021-03-30,1589000.0,"상승  59,000",1545000.0,1589000.0,1533000.0,44386.0,LG생활건강,051900
2021-03-31,1570000.0,"하락  19,000",1597000.0,1597000.0,1570000.0,34293.0,LG생활건강,051900
2021-04-01,1578000.0,"상승  8,000",1570000.0,1588000.0,1562000.0,19512.0,LG생활건강,051900
2021-04-02,1570000.0,"하락  8,000",1587000.0,1588000.0,1569000.0,17681.0,LG생활건강,051900
2021-04-05,1551000.0,"하락  19,000",1545000.0,1570000.0,1541000.0,20837.0,LG생활건강,051900
2021-04-06,1561000.0,"상승  10,000",1553000.0,1568000.0,1547000.0,15305.0,LG생활건강,051900
2021-04-07,1549000.0,"하락  12,000",1552000.0,1562000.0,1547000.0,16212.0,LG생활건강,051900
2021-04-08,1585000.0,"상승  36,000",1542000.0,1588000.0,1533000.0,36760.0,LG생활건강,051900
2021-04-09,1566000.0,"하락  19,000",1588000.0,1590000.0,1560000.0,14083.0,LG생활건강,051900
2021-04-12,1564000.0,"하락  2,000",1564000.0,1576000.0,1557000.0,15400.0,LG생활건강,051900
2021-04-13,1563000.0,"하락  1,000",1581000.0,1581000.0,1561000.0,19332.0,LG생활건강,051900
2021-04-14,1565000.0,"상승  2,000",1575000.0,1575000.0,1556000.0,21160.0,LG생활건강,051900
2021-04-15,1561000.0,"하락  4,000",1567000.0,1567000.0,1555000.0,23286.0,LG생활건강,051900
2021-04-16,1560000.0,"하락  1,000",1562000.0,1570000.0,1555000.0,25377.0,LG생활건강,051900
2021-04-19,1558000.0,"하락  2,000",1553000.0,1574000.0,1551000.0,20803.0,LG생활건강,051900
2021-04-20,1571000.0,"상승  13,000",1561000.0,1573000.0,1560000.0,19369.0,LG생활건강,051900
2021-04-21,1544000.0,"하락  27,000",1569000.0,1573000.0,1544000.0,40145.0,LG생활건강,051900
2021-04-22,1526000.0,"하락  18,000",1544000.0,1555000.0,1524000.0,49811.0,LG생활건강,051900
2021-04-23,1598000.0,"상승  72,000",1539000.0,1605000.0,1534000.0,88636.0,LG생활건강,051900
2021-04-26,1593000.0,"하락  5,000",1598000.0,1600000.0,1578000.0,29873.0,LG생활건강,051900
2021-04-27,1570000.0,"하락  23,000",1601000.0,1601000.0,1560000.0,28797.0,LG생활건강,051900
2021-04-28,1550000.0,"하락  20,000",1556000.0,1564000.0,1543000.0,28129.0,LG생활건강,051900
2021-04-29,1531000.0,"하락  19,000",1558000.0,1570000.0,1528000.0,37948.0,LG생활건강,051900
2021-04-30,1539000.0,"상승  8,000",1541000.0,1560000.0,1533000.0,31519.0,LG생활건강,051900
2021-05-03,1565000.0,"상승  26,000",1561000.0,1568000.0,1545000.0,28960.0,LG생활건강,051900
2021-05-04,1570000.0,"상승  5,000",1568000.0,1581000.0,1548000.0,26619.0,LG생활건강,051900
2021-05-06,1581000.0,"상승  11,000",1570000.0,1581000.0,1554000.0,31049.0,LG생활건강,051900
2021-05-07,1571000.0,"하락  10,000",1574000.0,1588000.0,1568000.0,25226.0,LG생활건강,051900
2021-05-10,1593000.0,"상승  22,000",1577000.0,1593000.0,1562000.0,26962.0,LG생활건강,051900
2021-05-11,1561000.0,"하락  32,000",1596000.0,1596000.0,1557000.0,36517.0,LG생활건강,051900
2021-05-12,1530000.0,"하락  31,000",1556000.0,1560000.0,1522000.0,42804.0,LG생활건강,051900
2021-05-13,1519000.0,"하락  11,000",1525000.0,1539000.0,1516000.0,36979.0,LG생활건강,051900
2021-05-14,1521000.0,"상승  2,000",1521000.0,1530000.0,1515000.0,23542.0,LG생활건강,051900
2021-05-17,1518000.0,"하락  3,000",1521000.0,1529000.0,1511000.0,23640.0,LG생활건강,051900
2021-05-18,1518000.0,보합0,1534000.0,1536000.0,1518000.0,30246.0,LG생활건강,051900
2021-05-20,1517000.0,"하락  1,000",1518000.0,1532000.0,1515000.0,35435.0,LG생활건강,051900
2021-05-21,1507000.0,"하락  10,000",1519000.0,1529000.0,1502000.0,30881.0,LG생활건강,051900
2021-05-24,1505000.0,"하락  2,000",1509000.0,1518000.0,1500000.0,20380.0,LG생활건강,051900
2021-05-25,1508000.0,"상승  3,000",1506000.0,1515000.0,1501000.0,22644.0,LG생활건강,051900
2021-05-26,1556000.0,"상승  48,000",1516000.0,1562000.0,1511000.0,48948.0,LG생활건강,051900
2021-05-27,1518000.0,"하락  38,000",1550000.0,1562000.0,1518000.0,50227.0,LG생활건강,051900
2021-05-28,1530000.0,"상승  12,000",1524000.0,1544000.0,1523000.0,21571.0,LG생활건강,051900
2021-05-31,1559000.0,"상승  29,000",1549000.0,1567000.0,1534000.0,28996.0,LG생활건강,051900
2021-06-01,1539000.0,"하락  20,000",1556000.0,1560000.0,1533000.0,22256.0,LG생활건강,051900
2021-06-02,1528000.0,"하락  11,000",1532000.0,1539000.0,1521000.0,34604.0,LG생활건강,051900
2021-06-03,1521000.0,"하락  7,000",1523000.0,1529000.0,1518000.0,31419.0,LG생활건강,051900
2021-06-04,1529000.0,"상승  8,000",1514000.0,1532000.0,1514000.0,26779.0,LG생활건강,051900
2021-06-07,1535000.0,"상승  6,000",1538000.0,1538000.0,1519000.0,21889.0,LG생활건강,051900
2021-06-08,1522000.0,"하락  13,000",1526000.0,1537000.0,1522000.0,17057.0,LG생활건강,051900
2021-06-09,1517000.0,"하락  5,000",1518000.0,1528000.0,1516000.0,25680.0,LG생활건강,051900
2021-06-10,1532000.0,"상승  15,000",1515000.0,1532000.0,1515000.0,39075.0,LG생활건강,051900
2021-06-11,1545000.0,"상승  13,000",1533000.0,1547000.0,1522000.0,41479.0,LG생활건강,051900
2021-06-14,1546000.0,"상승  1,000",1545000.0,1546000.0,1535000.0,11192.0,LG생활건강,051900
2021-06-15,1570000.0,"상승  24,000",1553000.0,1570000.0,1541000.0,39147.0,LG생활건강,051900
2021-06-16,1675000.0,"상승  105,000",1590000.0,1675000.0,1583000.0,129392.0,LG생활건강,051900
2021-06-17,1665000.0,"하락  10,000",1675000.0,1701000.0,1642000.0,49972.0,LG생활건강,051900
2021-06-18,1701000.0,"상승  36,000",1688000.0,1714000.0,1673000.0,50697.0,LG생활건강,051900
2021-06-21,1714000.0,"상승  13,000",1697000.0,1726000.0,1683000.0,32937.0,LG생활건강,051900
2021-06-22,1720000.0,"상승  6,000",1723000.0,1728000.0,1700000.0,44147.0,LG생활건강,051900
2021-06-23,1721000.0,"상승  1,000",1720000.0,1727000.0,1710000.0,37166.0,LG생활건강,051900
2021-06-24,1755000.0,"상승  34,000",1741000.0,1777000.0,1726000.0,53092.0,LG생활건강,051900
2021-06-25,1763000.0,"상승  8,000",1755000.0,1781000.0,1746000.0,24354.0,LG생활건강,051900
2021-06-28,1750000.0,"하락  13,000",1757000.0,1770000.0,1735000.0,29470.0,LG생활건강,051900
2021-06-29,1757000.0,"상승  7,000",1757000.0,1773000.0,1751000.0,42468.0,LG생활건강,051900
2021-06-30,1762000.0,"상승  5,000",1760000.0,1770000.0,1756000.0,30728.0,LG생활건강,051900
2021-07-01,1770000.0,"상승  8,000",1770000.0,1784000.0,1750000.0,35712.0,LG생활건강,051900
2021-07-02,1729000.0,"하락  41,000",1741000.0,1779000.0,1721000.0,35414.0,LG생활건강,051900
2021-07-05,1741000.0,"상승  12,000",1746000.0,1758000.0,1729000.0,25594.0,LG생활건강,051900
2021-07-06,1755000.0,"상승  14,000",1755000.0,1773000.0,1742000.0,16869.0,LG생활건강,051900
2021-07-07,1743000.0,"하락  12,000",1770000.0,1777000.0,1740000.0,29494.0,LG생활건강,051900
2021-07-08,1763000.0,"상승  20,000",1750000.0,1763000.0,1745000.0,28416.0,LG생활건강,051900
2021-07-09,1720000.0,"하락  43,000",1750000.0,1765000.0,1703000.0,34778.0,LG생활건강,051900
2021-07-12,1726000.0,"상승  6,000",1721000.0,1732000.0,1711000.0,13592.0,LG생활건강,051900
2021-07-13,1737000.0,"상승  11,000",1738000.0,1748000.0,1728000.0,14264.0,LG생활건강,051900
2021-07-14,1703000.0,"하락  34,000",1697000.0,1737000.0,1696000.0,27865.0,LG생활건강,051900
2021-07-15,1699000.0,"하락  4,000",1714000.0,1714000.0,1695000.0,16577.0,LG생활건강,051900
2021-07-16,1713000.0,"상승  14,000",1695000.0,1715000.0,1693000.0,16940.0,LG생활건강,051900
2021-07-19,1711000.0,"하락  2,000",1713000.0,1720000.0,1700000.0,17714.0,LG생활건강,051900
2021-07-20,1698000.0,"하락  13,000",1717000.0,1718000.0,1695000.0,11035.0,LG생활건강,051900
2021-07-21,1690000.0,"하락  8,000",1686000.0,1704000.0,1671000.0,21358.0,LG생활건강,051900
2021-07-22,1627000.0,"하락  63,000",1700000.0,1722000.0,1606000.0,76936.0,LG생활건강,051900
2021-07-23,1527000.0,"하락  100,000",1591000.0,1592000.0,1527000.0,166903.0,LG생활건강,051900
2021-07-26,1480000.0,"하락  47,000",1518000.0,1522000.0,1480000.0,108477.0,LG생활건강,051900
2021-07-27,1476000.0,"하락  4,000",1489000.0,1502000.0,1473000.0,62087.0,LG생활건강,051900
2021-07-28,1495000.0,"상승  19,000",1470000.0,1495000.0,1468000.0,47294.0,LG생활건강,051900
2021-07-29,1490000.0,"하락  5,000",1496000.0,1503000.0,1483000.0,49448.0,LG생활건강,051900
2021-07-30,1459000.0,"하락  31,000",1481000.0,1481000.0,1458000.0,68301.0,LG생활건강,051900
2021-08-02,1453000.0,"하락  6,000",1462000.0,1469000.0,1441000.0,38478.0,LG생활건강,051900
2021-08-03,1452000.0,"하락  1,000",1454000.0,1464000.0,1446000.0,32131.0,LG생활건강,051900
2021-08-04,1470000.0,"상승  18,000",1450000.0,1482000.0,1445000.0,32359.0,LG생활건강,051900
2021-08-05,1467000.0,"하락  3,000",1480000.0,1481000.0,1465000.0,32841.0,LG생활건강,051900
2021-08-06,1458000.0,"하락  9,000",1468000.0,1469000.0,1455000.0,29317.0,LG생활건강,051900
2021-08-09,1452000.0,"하락  6,000",1451000.0,1456000.0,1441000.0,33483.0,LG생활건강,051900
2021-08-10,1433000.0,"하락  19,000",1460000.0,1460000.0,1431000.0,43218.0,LG생활건강,051900
2021-08-11,1417000.0,"하락  16,000",1432000.0,1433000.0,1417000.0,44021.0,LG생활건강,051900
2021-08-12,1421000.0,"상승  4,000",1426000.0,1437000.0,1417000.0,48335.0,LG생활건강,051900
2021-08-13,1444000.0,"상승  23,000",1441000.0,1445000.0,1425000.0,109037.0,LG생활건강,051900
2021-08-17,1459000.0,"상승  15,000",1440000.0,1459000.0,1440000.0,35906.0,LG생활건강,051900
2021-08-18,1447000.0,"하락  12,000",1462000.0,1466000.0,1445000.0,19842.0,LG생활건강,051900
2021-08-19,1437000.0,"하락  10,000",1463000.0,1464000.0,1433000.0,36733.0,LG생활건강,051900
2021-08-20,1414000.0,"하락  23,000",1437000.0,1454000.0,1411000.0,32248.0,LG생활건강,051900
2021-08-23,1416000.0,"상승  2,000",1434000.0,1435000.0,1416000.0,17341.0,LG생활건강,051900
2021-08-24,1450000.0,"상승  34,000",1438000.0,1458000.0,1425000.0,27045.0,LG생활건강,051900
2021-08-25,1441000.0,"하락  9,000",1441000.0,1455000.0,1432000.0,22413.0,LG생활건강,051900
2021-08-26,1411000.0,"하락  30,000",1418000.0,1435000.0,1407000.0,43733.0,LG생활건강,051900
2021-08-27,1421000.0,"상승  10,000",1415000.0,1426000.0,1409000.0,34875.0,LG생활건강,051900
2021-08-30,1424000.0,"상승  3,000",1425000.0,1433000.0,1415000.0,23171.0,LG생활건강,051900
2021-08-31,1461000.0,"상승  37,000",1425000.0,1462000.0,1415000.0,57376.0,LG생활건강,051900
2021-09-01,1462000.0,"상승  1,000",1466000.0,1468000.0,1442000.0,36822.0,LG생활건강,051900
2021-09-02,1473000.0,"상승  11,000",1461000.0,1474000.0,1450000.0,33326.0,LG생활건강,051900
2021-09-03,1444000.0,"하락  29,000",1474000.0,1474000.0,1443000.0,29624.0,LG생활건강,051900
2021-09-06,1433000.0,"하락  11,000",1442000.0,1450000.0,1427000.0,28689.0,LG생활건강,051900
2021-09-07,1453000.0,"상승  20,000",1434000.0,1453000.0,1433000.0,22317.0,LG생활건강,051900
2021-09-08,1408000.0,"하락  45,000",1427000.0,1445000.0,1405000.0,55024.0,LG생활건강,051900
2021-09-09,1374000.0,"하락  34,000",1408000.0,1409000.0,1367000.0,66731.0,LG생활건강,051900
2021-09-10,1387000.0,"상승  13,000",1375000.0,1393000.0,1362000.0,31169.0,LG생활건강,051900
2021-09-13,1378000.0,"하락  9,000",1377000.0,1385000.0,1372000.0,25250.0,LG생활건강,051900
2021-09-14,1386000.0,"상승  8,000",1364000.0,1391000.0,1358000.0,37192.0,LG생활건강,051900
2021-09-15,1393000.0,"상승  7,000",1411000.0,1416000.0,1390000.0,44351.0,LG생활건강,051900
2021-09-16,1383000.0,"하락  10,000",1395000.0,1402000.0,1379000.0,19653.0,LG생활건강,051900
2021-09-17,1358000.0,"하락  25,000",1369000.0,1376000.0,1356000.0,43710.0,LG생활건강,051900
2021-09-23,1337000.0,"하락  21,000",1340000.0,1341000.0,1316000.0,62906.0,LG생활건강,051900
2021-09-24,1339000.0,"상승  2,000",1337000.0,1346000.0,1325000.0,34066.0,LG생활건강,051900
2021-09-27,1347000.0,"상승  8,000",1328000.0,1350000.0,1328000.0,19682.0,LG생활건강,051900
2021-09-28,1343000.0,"하락  4,000",1345000.0,1352000.0,1335000.0,48946.0,LG생활건강,051900
2021-09-29,1333000.0,"하락  10,000",1345000.0,1346000.0,1319000.0,51091.0,LG생활건강,051900
2021-09-30,1337000.0,"상승  4,000",1322000.0,1339000.0,1320000.0,32875.0,LG생활건강,051900
2021-10-01,1331000.0,"하락  6,000",1337000.0,1349000.0,1321000.0,22422.0,LG생활건강,051900
2021-10-05,1346000.0,"상승  15,000",1316000.0,1354000.0,1316000.0,38091.0,LG생활건강,051900
2021-10-06,1327000.0,"하락  19,000",1350000.0,1356000.0,1322000.0,37636.0,LG생활건강,051900
2021-10-07,1380000.0,"상승  53,000",1353000.0,1389000.0,1336000.0,40821.0,LG생활건강,051900
2021-10-08,1384000.0,"상승  4,000",1363000.0,1391000.0,1363000.0,28047.0,LG생활건강,051900
2021-10-12,1336000.0,"하락  48,000",1389000.0,1389000.0,1330000.0,37035.0,LG생활건강,051900
2021-10-13,1340000.0,"상승  4,000",1336000.0,1355000.0,1331000.0,21840.0,LG생활건강,051900
2021-10-14,1354000.0,"상승  14,000",1353000.0,1357000.0,1334000.0,41276.0,LG생활건강,051900
2021-10-15,1372000.0,"상승  18,000",1355000.0,1375000.0,1347000.0,31209.0,LG생활건강,051900
2021-10-18,1345000.0,"하락  27,000",1372000.0,1377000.0,1340000.0,34452.0,LG생활건강,051900
2021-10-19,1370000.0,"상승  25,000",1362000.0,1374000.0,1346000.0,18621.0,LG생활건강,051900
2021-10-20,1390000.0,"상승  20,000",1390000.0,1400000.0,1375000.0,30609.0,LG생활건강,051900
2021-10-21,1387000.0,"하락  3,000",1406000.0,1406000.0,1385000.0,23358.0,LG생활건강,051900
2021-10-22,1365000.0,"하락  22,000",1400000.0,1400000.0,1359000.0,35940.0,LG생활건강,051900
2021-10-25,1383000.0,"상승  18,000",1365000.0,1389000.0,1356000.0,35523.0,LG생활건강,051900
2021-10-26,1331000.0,"하락  52,000",1376000.0,1385000.0,1314000.0,75550.0,LG생활건강,051900
2021-10-27,1221000.0,"하락  110,000",1319000.0,1319000.0,1218000.0,211778.0,LG생활건강,051900
2021-10-28,1182000.0,"하락  39,000",1200000.0,1212000.0,1172000.0,177113.0,LG생활건강,051900
2021-10-29,1171000.0,"하락  11,000",1183000.0,1194000.0,1168000.0,113703.0,LG생활건강,051900
2021-11-01,1200000.0,"상승  29,000",1170000.0,1200000.0,1155000.0,72133.0,LG생활건강,051900
2021-11-02,1217000.0,"상승  17,000",1208000.0,1230000.0,1201000.0,61723.0,LG생활건강,051900
2021-11-03,1231000.0,"상승  14,000",1230000.0,1235000.0,1214000.0,46936.0,LG생활건강,051900
2021-11-04,1239000.0,"상승  8,000",1255000.0,1255000.0,1237000.0,51023.0,LG생활건강,051900
2021-11-05,1229000.0,"하락  10,000",1239000.0,1252000.0,1216000.0,36765.0,LG생활건강,051900
2021-11-08,1225000.0,"하락  4,000",1225000.0,1235000.0,1209000.0,22404.0,LG생활건강,051900
2021-11-09,1219000.0,"하락  6,000",1235000.0,1239000.0,1213000.0,24750.0,LG생활건강,051900
2021-11-10,1191000.0,"하락  28,000",1210000.0,1217000.0,1190000.0,30573.0,LG생활건강,051900
2021-11-11,1191000.0,보합0,1180000.0,1197000.0,1174000.0,42515.0,LG생활건강,051900
2021-11-12,1215000.0,"상승  24,000",1204000.0,1230000.0,1196000.0,35230.0,LG생활건강,051900
2021-11-15,1205000.0,"하락  10,000",1238000.0,1238000.0,1205000.0,38554.0,LG생활건강,051900
2021-11-16,1219000.0,"상승  14,000",1206000.0,1228000.0,1202000.0,23177.0,LG생활건강,051900
2021-11-17,1198000.0,"하락  21,000",1229000.0,1229000.0,1196000.0,30887.0,LG생활건강,051900
2021-11-18,1181000.0,"하락  17,000",1188000.0,1195000.0,1181000.0,32511.0,LG생활건강,051900
2021-11-19,1172000.0,"하락  9,000",1182000.0,1188000.0,1168000.0,42741.0,LG생활건강,051900
2021-11-22,1170000.0,"하락  2,000",1168000.0,1178000.0,1159000.0,49202.0,LG생활건강,051900
2021-11-23,1166000.0,"하락  4,000",1160000.0,1176000.0,1160000.0,36147.0,LG생활건강,051900
2021-11-24,1163000.0,"하락  3,000",1160000.0,1172000.0,1158000.0,40030.0,LG생활건강,051900
2021-11-25,1169000.0,"상승  6,000",1165000.0,1181000.0,1158000.0,33380.0,LG생활건강,051900
2021-11-26,1142000.0,"하락  27,000",1161000.0,1163000.0,1137000.0,44910.0,LG생활건강,051900
2021-11-29,1113000.0,"하락  29,000",1115000.0,1135000.0,1113000.0,47416.0,LG생활건강,051900
2021-11-30,1054000.0,"하락  59,000",1111000.0,1119000.0,1054000.0,98918.0,LG생활건강,051900
2021-12-01,1098000.0,"상승  44,000",1059000.0,1106000.0,1058000.0,96932.0,LG생활건강,051900
2021-12-02,1162000.0,"상승  64,000",1099000.0,1167000.0,1099000.0,97130.0,LG생활건강,051900
2021-12-03,1167000.0,"상승  5,000",1171000.0,1179000.0,1151000.0,62080.0,LG생활건강,051900
2021-12-06,1177000.0,"상승  10,000",1174000.0,1195000.0,1160000.0,61860.0,LG생활건강,051900
2021-12-07,1183000.0,"상승  6,000",1192000.0,1195000.0,1169000.0,43564.0,LG생활건강,051900
2021-12-08,1162000.0,"하락  21,000",1177000.0,1181000.0,1154000.0,47623.0,LG생활건강,051900
2021-12-09,1172000.0,"상승  10,000",1162000.0,1185000.0,1162000.0,73883.0,LG생활건강,051900
2021-12-10,1165000.0,"하락  7,000",1172000.0,1176000.0,1161000.0,26639.0,LG생활건강,051900
2021-12-13,1153000.0,"하락  12,000",1170000.0,1174000.0,1150000.0,30165.0,LG생활건강,051900
2021-12-14,1153000.0,보합0,1154000.0,1163000.0,1144000.0,31414.0,LG생활건강,051900
2021-12-15,1160000.0,"상승  7,000",1153000.0,1166000.0,1153000.0,28869.0,LG생활건강,051900
2021-12-16,1135000.0,"하락  25,000",1160000.0,1165000.0,1130000.0,49572.0,LG생활건강,051900
2021-12-17,1142000.0,"상승  7,000",1139000.0,1143000.0,1128000.0,34623.0,LG생활건강,051900
2021-12-20,1120000.0,"하락  22,000",1125000.0,1135000.0,1114000.0,31222.0,LG생활건강,051900
2021-12-21,1116000.0,"하락  4,000",1132000.0,1136000.0,1115000.0,33664.0,LG생활건강,051900
2021-12-22,1114000.0,"하락  2,000",1117000.0,1128000.0,1102000.0,39415.0,LG생활건강,051900
2021-12-23,1118000.0,"상승  4,000",1120000.0,1121000.0,1110000.0,18683.0,LG생활건강,051900
2021-12-24,1122000.0,"상승  4,000",1127000.0,1137000.0,1120000.0,20809.0,LG생활건강,051900
2021-12-27,1132000.0,"상승  10,000",1114000.0,1135000.0,1113000.0,18556.0,LG생활건강,051900
2021-12-28,1132000.0,보합0,1126000.0,1135000.0,1122000.0,23844.0,LG생활건강,051900
2021-12-29,1111000.0,"하락  21,000",1121000.0,1128000.0,1110000.0,30125.0,LG생활건강,051900
2021-12-30,1097000.0,"하락  14,000",1107000.0,1107000.0,1094000.0,38343.0,LG생활건강,051900
2022-01-03,1104000.0,"상승  7,000",1109000.0,1109000.0,1093000.0,19072.0,LG생활건강,051900
2022-01-04,1102000.0,"하락  2,000",1093000.0,1115000.0,1093000.0,26830.0,LG생활건강,051900
2022-01-05,1075000.0,"하락  27,000",1093000.0,1100000.0,1060000.0,54996.0,LG생활건강,051900
2022-01-06,1087000.0,"상승  12,000",1078000.0,1097000.0,1072000.0,74364.0,LG생활건강,051900
2022-01-07,1104000.0,"상승  17,000",1101000.0,1110000.0,1086000.0,49583.0,LG생활건강,051900
2022-01-10,956000.0,"하락  148,000",1041000.0,1044000.0,921000.0,348732.0,LG생활건강,051900
2022-01-11,948000.0,"하락  8,000",959000.0,965000.0,938000.0,166701.0,LG생활건강,051900
2022-01-12,949000.0,"상승  1,000",954000.0,962000.0,944000.0,125705.0,LG생활건강,051900
2022-01-13,975000.0,"상승  26,000",951000.0,992000.0,946000.0,110300.0,LG생활건강,051900
2022-01-14,974000.0,"하락  1,000",963000.0,983000.0,950000.0,79380.0,LG생활건강,051900
2022-01-17,957000.0,"하락  17,000",974000.0,985000.0,952000.0,78119.0,LG생활건강,051900
2022-01-18,953000.0,"하락  4,000",950000.0,968000.0,950000.0,34257.0,LG생활건강,051900
2022-01-19,955000.0,"상승  2,000",962000.0,962000.0,940000.0,47717.0,LG생활건강,051900
2022-01-20,969000.0,"상승  14,000",959000.0,972000.0,958000.0,36380.0,LG생활건강,051900
2022-01-21,990000.0,"상승  21,000",969000.0,999000.0,965000.0,81706.0,LG생활건강,051900
2022-01-24,969000.0,"하락  21,000",993000.0,994000.0,962000.0,59193.0,LG생활건강,051900
2022-01-25,952000.0,"하락  17,000",980000.0,980000.0,940000.0,66583.0,LG생활건강,051900
2022-01-26,959000.0,"상승  7,000",962000.0,963000.0,943000.0,43667.0,LG생활건강,051900
2022-01-27,948000.0,"하락  11,000",984000.0,984000.0,941000.0,83770.0,LG생활건강,051900
2022-01-28,975000.0,"상승  27,000",961000.0,989000.0,950000.0,112236.0,LG생활건강,051900
2022-02-03,970000.0,"하락  5,000",1013000.0,1013000.0,970000.0,47308.0,LG생활건강,051900
2022-02-04,986000.0,"상승  16,000",977000.0,987000.0,967000.0,40989.0,LG생활건강,051900
2022-02-07,970000.0,"하락  16,000",997000.0,997000.0,968000.0,54414.0,LG생활건강,051900
2022-02-08,964000.0,"하락  6,000",979000.0,996000.0,957000.0,63177.0,LG생활건강,051900
2022-02-09,968000.0,"상승  4,000",970000.0,979000.0,960000.0,37368.0,LG생활건강,051900
2022-02-10,974000.0,"상승  6,000",961000.0,979000.0,957000.0,120038.0,LG생활건강,051900
2022-02-11,952000.0,"하락  22,000",954000.0,969000.0,949000.0,49958.0,LG생활건강,051900
2022-02-14,950000.0,"하락  2,000",944000.0,950000.0,933000.0,35759.0,LG생활건강,051900
2022-02-15,975000.0,"상승  25,000",950000.0,986000.0,945000.0,47521.0,LG생활건강,051900
2022-02-16,975000.0,보합0,980000.0,981000.0,965000.0,32483.0,LG생활건강,051900
2022-02-17,1028000.0,"상승  53,000",970000.0,1034000.0,970000.0,144342.0,LG생활건강,051900
2022-02-18,1040000.0,"상승  12,000",1027000.0,1045000.0,1018000.0,59738.0,LG생활건강,051900
2022-02-21,1019000.0,"하락  21,000",1025000.0,1035000.0,1012000.0,44175.0,LG생활건강,051900
2022-02-22,1007000.0,"하락  12,000",999000.0,1020000.0,999000.0,50046.0,LG생활건강,051900
2022-02-23,975000.0,"하락  32,000",1009000.0,1013000.0,973000.0,65009.0,LG생활건강,051900
2022-02-24,956000.0,"하락  19,000",964000.0,971000.0,947000.0,77787.0,LG생활건강,051900
2022-02-25,942000.0,"하락  14,000",972000.0,974000.0,939000.0,64179.0,LG생활건강,051900
2022-02-28,950000.0,"상승  8,000",940000.0,951000.0,927000.0,56800.0,LG생활건강,051900
2022-03-02,940000.0,"하락  10,000",950000.0,963000.0,938000.0,63021.0,LG생활건강,051900
2022-03-03,959000.0,"상승  19,000",945000.0,959000.0,942000.0,32954.0,LG생활건강,051900
2022-03-04,950000.0,"하락  9,000",959000.0,969000.0,944000.0,32534.0,LG생활건강,051900
2022-03-07,951000.0,"상승  1,000",940000.0,962000.0,928000.0,55782.0,LG생활건강,051900
2022-03-08,933000.0,"하락  18,000",946000.0,956000.0,933000.0,39323.0,LG생활건강,051900
2022-03-10,936000.0,"상승  3,000",945000.0,950000.0,923000.0,69683.0,LG생활건강,051900
2022-03-11,911000.0,"하락  25,000",930000.0,933000.0,910000.0,63971.0,LG생활건강,051900
2022-03-14,841000.0,"하락  70,000",913000.0,914000.0,841000.0,136361.0,LG생활건강,051900
2022-03-15,832000.0,"하락  9,000",831000.0,850000.0,825000.0,88546.0,LG생활건강,051900
2022-03-16,838000.0,"상승  6,000",835000.0,850000.0,831000.0,84467.0,LG생활건강,051900
2022-03-17,863000.0,"상승  25,000",854000.0,873000.0,847000.0,97824.0,LG생활건강,051900
2022-03-18,838000.0,"하락  25,000",854000.0,859000.0,836000.0,94391.0,LG생활건강,051900
2022-03-21,850000.0,"상승  12,000",843000.0,859000.0,839000.0,77009.0,LG생활건강,051900
2022-03-22,866000.0,"상승  16,000",854000.0,866000.0,847000.0,61541.0,LG생활건강,051900
2022-03-23,862000.0,"하락  4,000",870000.0,876000.0,857000.0,44339.0,LG생활건강,051900
2022-03-24,865000.0,"상승  3,000",861000.0,865000.0,854000.0,34722.0,LG생활건강,051900
2022-03-25,867000.0,"상승  2,000",866000.0,867000.0,856000.0,33780.0,LG생활건강,051900
2022-03-28,835000.0,"하락  32,000",857000.0,863000.0,830000.0,91054.0,LG생활건강,051900
2022-03-29,859000.0,"상승  24,000",840000.0,866000.0,840000.0,55619.0,LG생활건강,051900
2022-03-30,863000.0,"상승  4,000",866000.0,867000.0,853000.0,36938.0,LG생활건강,051900
2022-03-31,858000.0,"하락  5,000",864000.0,872000.0,853000.0,48259.0,LG생활건강,051900
2022-04-01,896000.0,"상승  38,000",855000.0,898000.0,853000.0,85755.0,LG생활건강,051900
2022-04-04,904000.0,"상승  8,000",905000.0,905000.0,891000.0,45107.0,LG생활건강,051900
2022-04-05,909000.0,"상승  5,000",903000.0,921000.0,896000.0,51769.0,LG생활건강,051900
2022-04-06,895000.0,"하락  14,000",900000.0,919000.0,893000.0,38192.0,LG생활건강,051900
2022-04-07,865000.0,"하락  30,000",890000.0,892000.0,865000.0,55015.0,LG생활건강,051900
2022-04-08,868000.0,"상승  3,000",866000.0,871000.0,851000.0,43696.0,LG생활건강,051900
2022-04-11,881000.0,"상승  13,000",862000.0,890000.0,855000.0,38546.0,LG생활건강,051900
2022-04-12,882000.0,"상승  1,000",878000.0,885000.0,864000.0,35342.0,LG생활건강,051900
2022-04-13,890000.0,"상승  8,000",885000.0,895000.0,877000.0,25919.0,LG생활건강,051900
2022-04-14,894000.0,"상승  4,000",889000.0,895000.0,881000.0,42468.0,LG생활건강,051900
2022-04-15,877000.0,"하락  17,000",891000.0,892000.0,877000.0,21712.0,LG생활건강,051900
2022-04-18,903000.0,"상승  26,000",877000.0,915000.0,868000.0,40421.0,LG생활건강,051900
2022-04-19,903000.0,보합0,912000.0,913000.0,898000.0,51077.0,LG생활건강,051900
2022-04-20,921000.0,"상승  18,000",903000.0,936000.0,903000.0,83513.0,LG생활건강,051900
2022-04-21,942000.0,"상승  21,000",935000.0,953000.0,933000.0,80706.0,LG생활건강,051900
2022-04-22,930000.0,"하락  12,000",940000.0,940000.0,918000.0,64201.0,LG생활건강,051900
2022-04-25,883000.0,"하락  47,000",915000.0,915000.0,882000.0,73266.0,LG생활건강,051900
2022-04-26,896000.0,"상승  13,000",883000.0,897000.0,873000.0,53674.0,LG생활건강,051900
2022-04-27,891000.0,"하락  5,000",870000.0,894000.0,868000.0,46021.0,LG생활건강,051900
2022-04-28,906000.0,"상승  15,000",917000.0,933000.0,894000.0,98339.0,LG생활건강,051900
2022-04-29,909000.0,"상승  3,000",913000.0,925000.0,903000.0,44179.0,LG생활건강,051900
2022-05-02,911000.0,"상승  2,000",900000.0,919000.0,898000.0,34439.0,LG생활건강,051900
2022-05-03,876000.0,"하락  35,000",913000.0,913000.0,875000.0,89088.0,LG생활건강,051900
2022-05-04,845000.0,"하락  31,000",877000.0,877000.0,839000.0,114630.0,LG생활건강,051900
2022-05-06,825000.0,"하락  20,000",832000.0,835000.0,821000.0,74904.0,LG생활건강,051900
2022-05-09,800000.0,"하락  25,000",813000.0,815000.0,799000.0,99559.0,LG생활건강,051900
2022-05-10,807000.0,"상승  7,000",787000.0,809000.0,780000.0,70071.0,LG생활건강,051900
2022-05-11,811000.0,"상승  4,000",792000.0,822000.0,792000.0,65141.0,LG생활건강,051900
2022-05-12,691000.0,"하락  120,000",731000.0,741000.0,690000.0,534499.0,LG생활건강,051900
2022-05-13,694000.0,"상승  3,000",690000.0,697000.0,680000.0,167736.0,LG생활건강,051900
2022-05-16,692000.0,"하락  2,000",701000.0,702000.0,690000.0,123662.0,LG생활건강,051900
2022-05-17,684000.0,"하락  8,000",693000.0,699000.0,682000.0,91142.0,LG생활건강,051900
2022-05-18,677000.0,"하락  7,000",689000.0,692000.0,673000.0,136183.0,LG생활건강,051900
2022-05-19,668000.0,"하락  9,000",664000.0,676000.0,657000.0,112107.0,LG생활건강,051900
2022-05-20,685000.0,"상승  17,000",672000.0,689000.0,666000.0,62118.0,LG생활건강,051900
2022-05-23,703000.0,"상승  18,000",687000.0,710000.0,684000.0,88232.0,LG생활건강,051900
2022-05-24,705000.0,"상승  2,000",705000.0,711000.0,697000.0,60341.0,LG생활건강,051900
2022-05-25,708000.0,"상승  3,000",707000.0,712000.0,695000.0,52807.0,LG생활건강,051900
2022-05-26,704000.0,"하락  4,000",710000.0,722000.0,699000.0,75145.0,LG생활건강,051900
2022-05-27,713000.0,"상승  9,000",710000.0,714000.0,702000.0,58631.0,LG생활건강,051900
2022-05-30,720000.0,"상승  7,000",714000.0,728000.0,714000.0,55085.0,LG생활건강,051900
2022-05-31,734000.0,"상승  14,000",729000.0,739000.0,722000.0,94345.0,LG생활건강,051900
2022-06-02,723000.0,"하락  11,000",724000.0,728000.0,719000.0,56745.0,LG생활건강,051900
2022-06-03,734000.0,"상승  11,000",733000.0,738000.0,727000.0,42313.0,LG생활건강,051900
2022-06-07,700000.0,"하락  34,000",722000.0,731000.0,699000.0,103319.0,LG생활건강,051900
2022-06-08,697000.0,"하락  3,000",706000.0,706000.0,687000.0,99236.0,LG생활건강,051900
2022-06-09,685000.0,"하락  12,000",690000.0,692000.0,683000.0,114405.0,LG생활건강,051900
2022-06-10,672000.0,"하락  13,000",680000.0,680000.0,668000.0,97733.0,LG생활건강,051900
2022-06-13,665000.0,"하락  7,000",655000.0,669000.0,654000.0,62962.0,LG생활건강,051900
2022-06-14,651000.0,"하락  14,000",650000.0,660000.0,645000.0,82905.0,LG생활건강,051900
2022-06-15,633000.0,"하락  18,000",647000.0,651000.0,625000.0,85265.0,LG생활건강,051900
2022-06-16,614000.0,"하락  19,000",635000.0,641000.0,613000.0,117096.0,LG생활건강,051900
2022-06-17,622000.0,"상승  8,000",599000.0,623000.0,596000.0,121573.0,LG생활건강,051900
2022-06-20,620000.0,"하락  2,000",623000.0,629000.0,610000.0,47596.0,LG생활건강,051900
2022-06-21,623000.0,"상승  3,000",616000.0,625000.0,615000.0,42710.0,LG생활건강,051900
2022-06-22,605000.0,"하락  18,000",624000.0,625000.0,603000.0,59986.0,LG생활건강,051900
2022-06-23,619000.0,"상승  14,000",601000.0,631000.0,601000.0,79842.0,LG생활건강,051900
2022-06-24,622000.0,"상승  3,000",619000.0,630000.0,615000.0,66186.0,LG생활건강,051900
2022-06-27,666000.0,"상승  44,000",626000.0,675000.0,624000.0,138572.0,LG생활건강,051900
2022-06-28,673000.0,"상승  7,000",671000.0,681000.0,663000.0,74952.0,LG생활건강,051900
2022-06-29,712000.0,"상승  39,000",676000.0,719000.0,675000.0,218965.0,LG생활건강,051900
2022-06-30,680000.0,"하락  32,000",713000.0,717000.0,677000.0,164512.0,LG생활건강,051900
2022-07-01,685000.0,"상승  5,000",680000.0,689000.0,675000.0,64620.0,LG생활건강,051900
2022-07-04,673000.0,"하락  12,000",686000.0,690000.0,663000.0,46263.0,LG생활건강,051900
2022-07-05,688000.0,"상승  15,000",677000.0,697000.0,675000.0,43534.0,LG생활건강,051900
2022-07-06,685000.0,"하락  3,000",674000.0,713000.0,674000.0,80626.0,LG생활건강,051900
2022-07-07,715000.0,"상승  30,000",701000.0,723000.0,699000.0,83739.0,LG생활건강,051900
2022-07-08,714000.0,"하락  1,000",725000.0,726000.0,709000.0,53579.0,LG생활건강,051900
2022-07-11,704000.0,"하락  10,000",715000.0,716000.0,698000.0,32062.0,LG생활건강,051900
2022-07-12,708000.0,"상승  4,000",704000.0,713000.0,697000.0,42882.0,LG생활건강,051900
2022-07-13,715000.0,"상승  7,000",710000.0,731000.0,704000.0,81869.0,LG생활건강,051900
2022-07-14,720000.0,"상승  5,000",705000.0,726000.0,705000.0,69383.0,LG생활건강,051900
2022-07-15,711000.0,"하락  9,000",726000.0,727000.0,700000.0,38351.0,LG생활건강,051900
2022-07-18,717000.0,"상승  6,000",713000.0,725000.0,712000.0,32283.0,LG생활건강,051900
2022-07-19,710000.0,"하락  7,000",717000.0,718000.0,704000.0,33057.0,LG생활건강,051900
2022-07-20,723000.0,"상승  13,000",720000.0,723000.0,710000.0,48112.0,LG생활건강,051900
2022-07-21,722000.0,"하락  1,000",724000.0,727000.0,717000.0,40531.0,LG생활건강,051900
2022-07-22,723000.0,"상승  1,000",724000.0,743000.0,723000.0,42769.0,LG생활건강,051900
2022-07-25,724000.0,"상승  1,000",717000.0,729000.0,717000.0,19187.0,LG생활건강,051900
2022-07-26,721000.0,"하락  3,000",725000.0,727000.0,717000.0,32199.0,LG생활건강,051900
2022-07-27,752000.0,"상승  31,000",722000.0,765000.0,700000.0,167418.0,LG생활건강,051900
2022-07-28,743000.0,"하락  9,000",752000.0,779000.0,726000.0,145657.0,LG생활건강,051900
2022-07-29,779000.0,"상승  36,000",765000.0,791000.0,760000.0,115281.0,LG생활건강,051900
2022-08-01,788000.0,"상승  9,000",784000.0,792000.0,774000.0,55718.0,LG생활건강,051900
2022-08-02,767000.0,"하락  21,000",789000.0,790000.0,767000.0,37160.0,LG생활건강,051900
2022-08-03,767000.0,보합0,769000.0,777000.0,755000.0,41325.0,LG생활건강,051900
2022-08-04,766000.0,"하락  1,000",773000.0,779000.0,762000.0,33618.0,LG생활건강,051900
2022-08-05,761000.0,"하락  5,000",770000.0,772000.0,760000.0,24673.0,LG생활건강,051900
2022-08-08,758000.0,"하락  3,000",761000.0,762000.0,744000.0,29273.0,LG생활건강,051900
2022-08-09,740000.0,"하락  18,000",759000.0,759000.0,731000.0,49692.0,LG생활건강,051900
2022-08-10,736000.0,"하락  4,000",744000.0,748000.0,732000.0,26570.0,LG생활건강,051900
2022-08-11,733000.0,"하락  3,000",745000.0,748000.0,732000.0,38683.0,LG생활건강,051900
2022-08-12,732000.0,"하락  1,000",734000.0,745000.0,727000.0,36327.0,LG생활건강,051900
2022-08-16,732000.0,보합0,734000.0,736000.0,715000.0,28191.0,LG생활건강,051900
2022-08-17,726000.0,"하락  6,000",734000.0,739000.0,726000.0,25151.0,LG생활건강,051900
2022-08-18,726000.0,보합0,720000.0,732000.0,717000.0,26611.0,LG생활건강,051900
2022-08-19,714000.0,"하락  12,000",724000.0,726000.0,711000.0,28754.0,LG생활건강,051900
2022-08-22,701000.0,"하락  13,000",710000.0,713000.0,701000.0,31244.0,LG생활건강,051900
2022-08-23,678000.0,"하락  23,000",695000.0,698000.0,670000.0,72900.0,LG생활건강,051900
2022-08-24,673000.0,"하락  5,000",678000.0,682000.0,662000.0,59415.0,LG생활건강,051900
2022-08-25,710000.0,"상승  37,000",679000.0,717000.0,678000.0,50081.0,LG생활건강,051900
2022-08-26,702000.0,"하락  8,000",711000.0,723000.0,702000.0,38147.0,LG생활건강,051900
2022-08-29,700000.0,"하락  2,000",686000.0,703000.0,685000.0,27754.0,LG생활건강,051900
2022-08-30,710000.0,"상승  10,000",701000.0,714000.0,697000.0,23794.0,LG생활건강,051900
2022-08-31,712000.0,"상승  2,000",710000.0,715000.0,706000.0,30855.0,LG생활건강,051900
2022-09-01,687000.0,"하락  25,000",707000.0,707000.0,687000.0,36745.0,LG생활건강,051900
2022-09-02,691000.0,"상승  4,000",688000.0,697000.0,687000.0,27358.0,LG생활건강,051900
2022-09-05,672000.0,"하락  19,000",690000.0,698000.0,672000.0,26969.0,LG생활건강,051900
2022-09-06,676000.0,"상승  4,000",673000.0,682000.0,672000.0,27037.0,LG생활건강,051900
2022-09-07,654000.0,"하락  22,000",670000.0,676000.0,651000.0,46627.0,LG생활건강,051900
2022-09-08,655000.0,"상승  1,000",660000.0,665000.0,654000.0,29779.0,LG생활건강,051900
2022-09-13,690000.0,"상승  35,000",672000.0,695000.0,670000.0,65432.0,LG생활건강,051900
2022-09-14,672000.0,"하락  18,000",673000.0,682000.0,660000.0,53208.0,LG생활건강,051900
2022-09-15,680000.0,"상승  8,000",675000.0,703000.0,674000.0,53658.0,LG생활건강,051900
2022-09-16,689000.0,"상승  9,000",673000.0,694000.0,654000.0,44664.0,LG생활건강,051900
2022-09-19,679000.0,"하락  10,000",694000.0,698000.0,677000.0,25996.0,LG생활건강,051900
2022-09-20,679000.0,보합0,684000.0,687000.0,672000.0,29177.0,LG생활건강,051900
2022-09-21,698000.0,"상승  19,000",680000.0,713000.0,680000.0,60168.0,LG생활건강,051900
2022-09-22,692000.0,"하락  6,000",698000.0,714000.0,691000.0,46408.0,LG생활건강,051900
2022-09-23,663000.0,"하락  29,000",702000.0,702000.0,663000.0,48721.0,LG생활건강,051900
2022-09-26,643000.0,"하락  20,000",651000.0,660000.0,641000.0,49260.0,LG생활건강,051900
2022-09-27,673000.0,"상승  30,000",644000.0,681000.0,643000.0,70006.0,LG생활건강,051900
2022-09-28,653000.0,"하락  20,000",662000.0,675000.0,649000.0,55883.0,LG생활건강,051900
2022-09-29,651000.0,"하락  2,000",661000.0,682000.0,647000.0,66288.0,LG생활건강,051900
2022-09-30,633000.0,"하락  18,000",641000.0,653000.0,631000.0,78443.0,LG생활건강,051900
2022-10-04,632000.0,"하락  1,000",642000.0,645000.0,616000.0,78154.0,LG생활건강,051900
2022-10-05,637000.0,"상승  5,000",642000.0,643000.0,626000.0,52283.0,LG생활건강,051900
2022-10-06,650000.0,"상승  13,000",643000.0,658000.0,638000.0,44364.0,LG생활건강,051900
2022-10-07,650000.0,보합0,642000.0,654000.0,638000.0,37732.0,LG생활건강,051900
2022-10-11,613000.0,"하락  37,000",638000.0,642000.0,602000.0,139092.0,LG생활건강,051900
2022-10-12,581000.0,"하락  32,000",608000.0,613000.0,571000.0,110541.0,LG생활건강,051900
2022-10-13,563000.0,"하락  18,000",579000.0,581000.0,561000.0,70291.0,LG생활건강,051900
2022-10-14,575000.0,"상승  12,000",568000.0,582000.0,567000.0,58130.0,LG생활건강,051900
2022-10-17,575000.0,보합0,565000.0,578000.0,553000.0,42592.0,LG생활건강,051900
2022-10-18,578000.0,"상승  3,000",583000.0,586000.0,572000.0,39309.0,LG생활건강,051900
2022-10-19,578000.0,보합0,584000.0,589000.0,576000.0,43609.0,LG생활건강,051900
2022-10-20,564000.0,"하락  14,000",575000.0,581000.0,556000.0,72311.0,LG생활건강,051900
2022-10-21,574000.0,"상승  10,000",563000.0,581000.0,557000.0,64956.0,LG생활건강,051900
2022-10-24,553000.0,"하락  21,000",580000.0,582000.0,552000.0,71804.0,LG생활건강,051900
2022-10-25,542000.0,"하락  11,000",555000.0,557000.0,539000.0,58068.0,LG생활건강,051900
2022-10-26,522000.0,"하락  20,000",541000.0,543000.0,516000.0,132579.0,LG생활건강,051900
2022-10-27,527000.0,"상승  5,000",527000.0,534000.0,515000.0,77825.0,LG생활건강,051900
2022-10-28,504000.0,"하락  23,000",520000.0,520000.0,499500.0,162500.0,LG생활건강,051900
2022-10-31,510000.0,"상승  6,000",509000.0,515000.0,503000.0,72867.0,LG생활건강,051900
2022-11-01,526000.0,"상승  16,000",513000.0,534000.0,511000.0,77995.0,LG생활건강,051900
2022-11-02,535000.0,"상승  9,000",527000.0,539000.0,517000.0,65224.0,LG생활건강,051900
2022-11-03,522000.0,"하락  13,000",523000.0,529000.0,520000.0,50434.0,LG생활건강,051900
2022-11-04,555000.0,"상승  33,000",523000.0,555000.0,517000.0,92350.0,LG생활건강,051900
2022-11-07,570000.0,"상승  15,000",547000.0,571000.0,539000.0,95487.0,LG생활건강,051900
2022-11-08,584000.0,"상승  14,000",578000.0,599000.0,576000.0,107872.0,LG생활건강,051900
2022-11-09,579000.0,"하락  5,000",582000.0,592000.0,577000.0,62042.0,LG생활건강,051900
2022-11-10,577000.0,"하락  2,000",570000.0,590000.0,568000.0,86460.0,LG생활건강,051900
2022-11-11,613000.0,"상승  36,000",603000.0,618000.0,595000.0,92989.0,LG생활건강,051900
2022-11-14,652000.0,"상승  39,000",619000.0,674000.0,618000.0,175737.0,LG생활건강,051900
2022-11-15,672000.0,"상승  20,000",655000.0,675000.0,647000.0,80991.0,LG생활건강,051900
2022-11-16,671000.0,"하락  1,000",672000.0,683000.0,666000.0,78503.0,LG생활건강,051900
2022-11-17,666000.0,"하락  5,000",677000.0,684000.0,663000.0,62581.0,LG생활건강,051900
2022-11-18,663000.0,"하락  3,000",664000.0,674000.0,661000.0,36776.0,LG생활건강,051900
2022-11-21,634000.0,"하락  29,000",663000.0,667000.0,630000.0,84034.0,LG생활건강,051900
2022-11-22,620000.0,"하락  14,000",630000.0,634000.0,617000.0,43269.0,LG생활건강,051900
2022-11-23,624000.0,"상승  4,000",625000.0,642000.0,620000.0,40622.0,LG생활건강,051900
2022-11-24,624000.0,보합0,630000.0,638000.0,616000.0,50776.0,LG생활건강,051900
2022-11-25,613000.0,"하락  11,000",624000.0,629000.0,609000.0,58333.0,LG생활건강,051900
2022-11-28,617000.0,"상승  4,000",613000.0,628000.0,593000.0,82591.0,LG생활건강,051900
2022-11-29,654000.0,"상승  37,000",618000.0,658000.0,614000.0,117257.0,LG생활건강,051900
2022-11-30,656000.0,"상승  2,000",655000.0,666000.0,648000.0,100633.0,LG생활건강,051900
2022-12-01,646000.0,"하락  10,000",673000.0,679000.0,639000.0,86869.0,LG생활건강,051900
2022-12-02,670000.0,"상승  24,000",640000.0,679000.0,639000.0,119890.0,LG생활건강,051900
2022-12-05,715000.0,"상승  45,000",681000.0,720000.0,681000.0,161483.0,LG생활건강,051900
2022-12-06,688000.0,"하락  27,000",708000.0,714000.0,688000.0,64628.0,LG생활건강,051900
2022-12-07,693000.0,"상승  5,000",687000.0,713000.0,684000.0,82412.0,LG생활건강,051900
2022-12-08,679000.0,"하락  14,000",690000.0,693000.0,668000.0,89487.0,LG생활건강,051900
2022-12-09,722000.0,"상승  43,000",688000.0,727000.0,686000.0,107848.0,LG생활건강,051900
2022-12-12,702000.0,"하락  20,000",717000.0,735000.0,699000.0,99837.0,LG생활건강,051900
2022-12-13,699000.0,"하락  3,000",706000.0,707000.0,681000.0,63477.0,LG생활건강,051900
2022-12-14,705000.0,"상승  6,000",704000.0,707000.0,696000.0,37767.0,LG생활건강,051900
2022-12-15,689000.0,"하락  16,000",707000.0,709000.0,688000.0,36319.0,LG생활건강,051900
2022-12-16,693000.0,"상승  4,000",680000.0,700000.0,676000.0,43404.0,LG생활건강,051900
2022-12-19,686000.0,"하락  7,000",687000.0,703000.0,683000.0,28314.0,LG생활건강,051900
2022-12-20,688000.0,"상승  2,000",682000.0,697000.0,681000.0,24285.0,LG생활건강,051900
2022-12-21,693000.0,"상승  5,000",690000.0,699000.0,687000.0,29921.0,LG생활건강,051900
2022-12-22,704000.0,"상승  11,000",699000.0,709000.0,689000.0,41829.0,LG생활건강,051900
2022-12-23,705000.0,"상승  1,000",700000.0,712000.0,697000.0,39711.0,LG생활건강,051900
2022-12-26,697000.0,"하락  8,000",703000.0,708000.0,683000.0,37105.0,LG생활건강,051900
2022-12-27,723000.0,"상승  26,000",705000.0,727000.0,701000.0,62145.0,LG생활건강,051900
2022-12-28,739000.0,"상승  16,000",723000.0,746000.0,718000.0,92274.0,LG생활건강,051900
2022-12-29,722000.0,"하락  17,000",733000.0,736000.0,704000.0,84144.0,LG생활건강,051900
2023-01-02,720000.0,"하락  2,000",704000.0,720000.0,692000.0,53140.0,LG생활건강,051900
2023-01-03,708000.0,"하락  12,000",708000.0,725000.0,692000.0,62583.0,LG생활건강,051900
2023-01-04,703000.0,"하락  5,000",702000.0,707000.0,697000.0,27068.0,LG생활건강,051900
2023-01-05,730000.0,"상승  27,000",703000.0,733000.0,703000.0,55386.0,LG생활건강,051900
2023-01-06,726000.0,"하락  4,000",718000.0,746000.0,718000.0,42418.0,LG생활건강,051900
2023-01-09,766000.0,"상승  40,000",737000.0,767000.0,736000.0,100446.0,LG생활건강,051900
2023-01-10,743000.0,"하락  23,000",768000.0,771000.0,733000.0,61489.0,LG생활건강,051900
2023-01-11,768000.0,"상승  25,000",751000.0,770000.0,744000.0,106617.0,LG생활건강,051900
2023-01-12,736000.0,"하락  32,000",763000.0,767000.0,736000.0,88896.0,LG생활건강,051900
2023-01-13,744000.0,"상승  8,000",737000.0,750000.0,736000.0,52666.0,LG생활건강,051900
2023-01-16,755000.0,"상승  11,000",741000.0,763000.0,736000.0,41396.0,LG생활건강,051900
2023-01-17,757000.0,"상승  2,000",759000.0,762000.0,745000.0,44879.0,LG생활건강,051900
2023-01-18,757000.0,보합0,756000.0,762000.0,737000.0,66961.0,LG생활건강,051900
2023-01-19,766000.0,"상승  9,000",760000.0,768000.0,750000.0,68484.0,LG생활건강,051900
2023-01-20,754000.0,"하락  12,000",767000.0,772000.0,746000.0,66867.0,LG생활건강,051900
2023-01-25,732000.0,"하락  22,000",753000.0,757000.0,728000.0,75083.0,LG생활건강,051900
2023-01-26,727000.0,"하락  5,000",733000.0,734000.0,721000.0,68112.0,LG생활건강,051900
2023-01-27,759000.0,"상승  32,000",728000.0,765000.0,723000.0,102901.0,LG생활건강,051900
2023-01-30,748000.0,"하락  11,000",763000.0,772000.0,743000.0,76158.0,LG생활건강,051900
2023-01-31,743000.0,"하락  5,000",752000.0,758000.0,738000.0,60623.0,LG생활건강,051900
2023-02-01,691000.0,"하락  52,000",734000.0,734000.0,673000.0,242980.0,LG생활건강,051900
2023-02-02,692000.0,"상승  1,000",697000.0,710000.0,690000.0,101394.0,LG생활건강,051900
2023-02-03,693000.0,"상승  1,000",693000.0,695000.0,681000.0,126100.0,LG생활건강,051900
2023-02-06,694000.0,"상승  1,000",690000.0,704000.0,687000.0,86519.0,LG생활건강,051900
2023-02-07,697000.0,"상승  3,000",695000.0,701000.0,689000.0,74556.0,LG생활건강,051900
2023-02-08,694000.0,"하락  3,000",697000.0,700000.0,691000.0,49115.0,LG생활건강,051900
2023-02-09,702000.0,"상승  8,000",691000.0,714000.0,690000.0,90271.0,LG생활건강,051900
2023-02-10,699000.0,"하락  3,000",702000.0,708000.0,696000.0,48465.0,LG생활건강,051900
2023-02-13,696000.0,"하락  3,000",699000.0,703000.0,687000.0,45627.0,LG생활건강,051900
2023-02-14,700000.0,"상승  4,000",701000.0,703000.0,696000.0,31590.0,LG생활건강,051900
2023-02-15,687000.0,"하락  13,000",701000.0,702000.0,686000.0,51919.0,LG생활건강,051900
2023-02-16,686000.0,"하락  1,000",690000.0,696000.0,683000.0,47833.0,LG생활건강,051900
2023-02-17,680000.0,"하락  6,000",685000.0,693000.0,677000.0,34850.0,LG생활건강,051900
2023-02-20,689000.0,"상승  9,000",681000.0,694000.0,680000.0,32333.0,LG생활건강,051900
2023-02-21,684000.0,"하락  5,000",691000.0,693000.0,682000.0,31975.0,LG생활건강,051900
2023-02-22,671000.0,"하락  13,000",677000.0,683000.0,668000.0,57004.0,LG생활건강,051900
2023-02-23,675000.0,"상승  4,000",672000.0,681000.0,671000.0,32535.0,LG생활건강,051900
2023-02-24,672000.0,"하락  3,000",673000.0,678000.0,667000.0,45701.0,LG생활건강,051900
2023-02-27,673000.0,"상승  1,000",665000.0,674000.0,654000.0,52603.0,LG생활건강,051900
2023-02-28,668000.0,"하락  5,000",670000.0,676000.0,665000.0,57019.0,LG생활건강,051900
2023-03-02,678000.0,"상승  10,000",669000.0,688000.0,669000.0,83893.0,LG생활건강,051900
2023-03-03,676000.0,"하락  2,000",681000.0,692000.0,671000.0,75159.0,LG생활건강,051900
2023-03-06,671000.0,"하락  5,000",685000.0,694000.0,670000.0,73824.0,LG생활건강,051900
2023-03-07,672000.0,"상승  1,000",675000.0,675000.0,662000.0,66590.0,LG생활건강,051900
2023-03-08,641000.0,"하락  31,000",665000.0,668000.0,641000.0,91100.0,LG생활건강,051900
2023-03-09,618000.0,"하락  23,000",642000.0,646000.0,618000.0,100971.0,LG생활건강,051900
2023-03-10,603000.0,"하락  15,000",613000.0,615000.0,600000.0,82310.0,LG생활건강,051900
2023-03-13,607000.0,"상승  4,000",602000.0,612000.0,598000.0,55433.0,LG생활건강,051900
2023-03-14,590000.0,"하락  17,000",600000.0,609000.0,590000.0,59569.0,LG생활건강,051900
2023-03-15,590000.0,보합0,599000.0,601000.0,588000.0,44119.0,LG생활건강,051900
2023-03-16,559000.0,"하락  31,000",581000.0,585000.0,555000.0,188736.0,LG생활건강,051900
2023-03-17,567000.0,"상승  8,000",570000.0,581000.0,566000.0,118742.0,LG생활건강,051900
2023-03-20,572000.0,"상승  5,000",571000.0,595000.0,567000.0,87987.0,LG생활건강,051900
2023-03-21,592000.0,"상승  20,000",580000.0,594000.0,575000.0,57583.0,LG생활건강,051900
2023-03-22,576000.0,"하락  16,000",597000.0,600000.0,573000.0,76650.0,LG생활건강,051900
2023-03-23,584000.0,"상승  8,000",571000.0,587000.0,567000.0,50359.0,LG생활건강,051900
2023-03-24,581000.0,"하락  3,000",578000.0,586000.0,572000.0,42607.0,LG생활건강,051900
2023-03-27,581000.0,보합0,583000.0,589000.0,577000.0,61527.0,LG생활건강,051900
2023-03-28,588000.0,"상승  7,000",588000.0,593000.0,576000.0,60010.0,LG생활건강,051900
2023-03-29,595000.0,"상승  7,000",589000.0,598000.0,588000.0,59230.0,LG생활건강,051900
2023-03-30,591000.0,"하락  4,000",594000.0,596000.0,587000.0,33924.0,LG생활건강,051900
2023-03-31,600000.0,"상승  9,000",593000.0,603000.0,590000.0,43059.0,LG생활건강,051900
2023-04-03,600000.0,보합0,601000.0,611000.0,596000.0,54558.0,LG생활건강,051900
2023-04-04,600000.0,보합0,602000.0,602000.0,594000.0,33109.0,LG생활건강,051900
2023-04-05,600000.0,보합0,603000.0,613000.0,595000.0,39464.0,LG생활건강,051900
2023-04-06,590000.0,"하락  10,000",600000.0,602000.0,588000.0,45383.0,LG생활건강,051900
2023-04-07,624000.0,"상승  34,000",590000.0,631000.0,582000.0,117379.0,LG생활건강,051900
2023-04-10,625000.0,"상승  1,000",617000.0,631000.0,612000.0,109678.0,LG생활건강,051900
2023-04-11,646000.0,"상승  21,000",626000.0,657000.0,612000.0,137785.0,LG생활건강,051900
2023-04-12,650000.0,"상승  4,000",641000.0,652000.0,635000.0,68365.0,LG생활건강,051900
2023-04-13,643000.0,"하락  7,000",651000.0,663000.0,641000.0,63317.0,LG생활건강,051900
2023-04-14,652000.0,"상승  9,000",650000.0,661000.0,641000.0,59008.0,LG생활건강,051900
2023-04-17,647000.0,"하락  5,000",651000.0,657000.0,642000.0,46648.0,LG생활건강,051900
2023-04-18,680000.0,"상승  33,000",637000.0,687000.0,637000.0,117121.0,LG생활건강,051900
2023-04-19,674000.0,"하락  6,000",684000.0,691000.0,669000.0,78565.0,LG생활건강,051900
2023-04-20,664000.0,"하락  10,000",675000.0,680000.0,660000.0,42461.0,LG생활건강,051900
2023-04-21,610000.0,"하락  54,000",654000.0,655000.0,608000.0,153598.0,LG생활건강,051900
2023-04-24,625000.0,"상승  15,000",607000.0,626000.0,596000.0,106426.0,LG생활건강,051900
2023-04-25,609000.0,"하락  16,000",621000.0,625000.0,605000.0,42695.0,LG생활건강,051900
2023-04-26,617000.0,"상승  8,000",609000.0,627000.0,604000.0,44660.0,LG생활건강,051900
2023-04-27,618000.0,"상승  1,000",612000.0,628000.0,607000.0,68793.0,LG생활건강,051900
2023-04-28,623000.0,"상승  5,000",611000.0,626000.0,588000.0,118337.0,LG생활건강,051900
2023-05-02,618000.0,"하락  5,000",632000.0,632000.0,609000.0,70468.0,LG생활건강,051900
2023-05-03,586000.0,"하락  32,000",615000.0,621000.0,583000.0,146857.0,LG생활건강,051900
2023-05-04,587000.0,"상승  1,000",583000.0,587000.0,573000.0,72355.0,LG생활건강,051900
2023-05-08,587000.0,보합0,587000.0,596000.0,586000.0,43721.0,LG생활건강,051900
2023-05-09,578000.0,"하락  9,000",583000.0,587000.0,576000.0,53802.0,LG생활건강,051900
2023-05-10,573000.0,"하락  5,000",575000.0,583000.0,571000.0,60645.0,LG생활건강,051900
2023-05-11,577000.0,"상승  4,000",574000.0,583000.0,573000.0,44429.0,LG생활건강,051900
2023-05-12,567000.0,"하락  10,000",574000.0,576000.0,566000.0,39380.0,LG생활건강,051900
2023-05-15,568000.0,"상승  1,000",568000.0,572000.0,560000.0,34463.0,LG생활건강,051900
2023-05-16,564000.0,"하락  4,000",568000.0,573000.0,560000.0,40698.0,LG생활건강,051900
2023-05-17,560000.0,"하락  4,000",560000.0,565000.0,559000.0,44297.0,LG생활건강,051900
2023-05-18,563000.0,"상승  3,000",561000.0,565000.0,556000.0,41240.0,LG생활건강,051900
2023-05-19,570000.0,"상승  7,000",565000.0,575000.0,564000.0,44915.0,LG생활건강,051900
2023-05-22,582000.0,"상승  12,000",573000.0,585000.0,567000.0,51200.0,LG생활건강,051900
2023-05-23,585000.0,"상승  3,000",583000.0,590000.0,574000.0,52824.0,LG생활건강,051900
2023-05-24,562000.0,"하락  23,000",581000.0,583000.0,561000.0,86808.0,LG생활건강,051900
2023-05-25,557000.0,"하락  5,000",560000.0,566000.0,555000.0,62607.0,LG생활건강,051900
2023-05-26,557000.0,보합0,557000.0,560000.0,545000.0,77405.0,LG생활건강,051900
2023-05-30,536000.0,"하락  21,000",559000.0,561000.0,535000.0,94085.0,LG생활건강,051900
2023-05-31,527000.0,"하락  9,000",535000.0,546000.0,523000.0,220423.0,LG생활건강,051900
2023-06-01,536000.0,"상승  9,000",524000.0,538000.0,524000.0,58121.0,LG생활건강,051900
2023-06-02,533000.0,"하락  3,000",539000.0,541000.0,531000.0,49765.0,LG생활건강,051900
2023-06-05,538000.0,"상승  5,000",536000.0,545000.0,536000.0,48232.0,LG생활건강,051900
2023-06-07,539000.0,"상승  1,000",543000.0,552000.0,538000.0,82852.0,LG생활건강,051900
2023-06-08,533000.0,"하락  6,000",543000.0,547000.0,530000.0,118933.0,LG생활건강,051900
2023-06-09,540000.0,"상승  7,000",538000.0,552000.0,537000.0,85714.0,LG생활건강,051900
2023-06-12,519000.0,"하락  21,000",540000.0,540000.0,516000.0,129501.0,LG생활건강,051900
2023-06-13,517000.0,"하락  2,000",523000.0,528000.0,516000.0,102342.0,LG생활건강,051900
2023-06-14,508000.0,"하락  9,000",517000.0,518000.0,507000.0,93960.0,LG생활건강,051900
2023-06-15,508000.0,보합0,510000.0,522000.0,506000.0,87624.0,LG생활건강,051900
2023-06-16,510000.0,"상승  2,000",511000.0,518000.0,509000.0,94598.0,LG생활건강,051900
2023-06-19,514000.0,"상승  4,000",515000.0,521000.0,508000.0,61428.0,LG생활건강,051900
2023-06-20,509000.0,"하락  5,000",516000.0,524000.0,508000.0,85050.0,LG생활건강,051900
2023-06-21,501000.0,"하락  8,000",511000.0,512000.0,500000.0,80242.0,LG생활건강,051900
2023-06-22,498000.0,"하락  3,000",499500.0,506000.0,495000.0,64828.0,LG생활건강,051900
2023-06-23,493500.0,"하락  4,500",498500.0,500000.0,493000.0,52834.0,LG생활건강,051900
2023-06-26,494500.0,"상승  1,000",490000.0,498000.0,479500.0,63236.0,LG생활건강,051900
2023-06-27,483000.0,"하락  11,500",491000.0,493000.0,480000.0,70428.0,LG생활건강,051900
2023-06-28,475500.0,"하락  7,500",486000.0,487500.0,471000.0,105132.0,LG생활건강,051900
2023-06-29,461500.0,"하락  14,000",471000.0,475500.0,461000.0,112803.0,LG생활건강,051900
2023-06-30,459000.0,"하락  2,500",461000.0,464500.0,458000.0,65621.0,LG생활건강,051900
2023-07-03,459000.0,보합0,456500.0,464000.0,456000.0,66417.0,LG생활건강,051900
2023-07-04,455000.0,"하락  4,000",457500.0,460000.0,452500.0,92929.0,LG생활건강,051900
2023-07-05,444500.0,"하락  10,500",451000.0,457000.0,444000.0,91286.0,LG생활건강,051900
2023-07-06,437000.0,"하락  7,500",444000.0,447500.0,435500.0,95566.0,LG생활건강,051900
2023-07-07,432000.0,"하락  5,000",429500.0,437000.0,427000.0,91306.0,LG생활건강,051900
2023-07-10,440000.0,"상승  8,000",436500.0,447500.0,433000.0,159173.0,LG생활건강,051900
2023-07-11,446000.0,"상승  6,000",438000.0,448000.0,437500.0,78286.0,LG생활건강,051900
2023-07-12,459000.0,"상승  13,000",446000.0,462000.0,446000.0,92984.0,LG생활건강,051900
2023-07-13,461000.0,"상승  2,000",463500.0,469500.0,461000.0,81264.0,LG생활건강,051900
2023-07-14,464500.0,"상승  3,500",463500.0,467000.0,461000.0,57508.0,LG생활건강,051900
2023-07-17,469000.0,"상승  4,500",461000.0,470000.0,458500.0,49070.0,LG생활건강,051900
2023-07-18,458500.0,"하락  10,500",470000.0,472500.0,455000.0,66954.0,LG생활건강,051900
2023-07-19,454000.0,"하락  4,500",456000.0,459500.0,452000.0,53908.0,LG생활건강,051900
2023-07-20,445500.0,"하락  8,500",451500.0,455500.0,445000.0,54492.0,LG생활건강,051900
2023-07-21,446500.0,"상승  1,000",442000.0,450500.0,442000.0,39991.0,LG생활건강,051900
2023-07-24,432500.0,"하락  14,000",446000.0,446000.0,432000.0,88776.0,LG생활건강,051900
2023-07-25,432000.0,하락  500,430000.0,437500.0,427500.0,93794.0,LG생활건강,051900
2023-07-26,415000.0,"하락  17,000",426000.0,427000.0,406500.0,151125.0,LG생활건강,051900
2023-07-27,455500.0,"상승  40,500",410000.0,456500.0,410000.0,183134.0,LG생활건강,051900
2023-07-28,418500.0,"하락  37,000",448000.0,448000.0,417000.0,130075.0,LG생활건강,051900
2023-07-31,428000.0,"상승  9,500",418500.0,429500.0,418000.0,93566.0,LG생활건강,051900
2023-08-01,441000.0,"상승  13,000",428000.0,446000.0,423000.0,74016.0,LG생활건강,051900
2023-08-02,449000.0,"상승  8,000",440000.0,461000.0,437000.0,143587.0,LG생활건강,051900
2023-08-03,441000.0,"하락  8,000",449000.0,450000.0,439000.0,40974.0,LG생활건강,051900
2023-08-04,453500.0,"상승  12,500",443000.0,459500.0,443000.0,63504.0,LG생활건강,051900
2023-08-07,448000.0,"하락  5,500",452500.0,458500.0,447500.0,43543.0,LG생활건강,051900
2023-08-08,437500.0,"하락  10,500",450000.0,450000.0,437000.0,43348.0,LG생활건강,051900
2023-08-09,439500.0,"상승  2,000",441000.0,445000.0,437500.0,32330.0,LG생활건강,051900
2023-08-10,498000.0,"상승  58,500",470000.0,516000.0,465000.0,411994.0,LG생활건강,051900
2023-08-11,495000.0,"하락  3,000",504000.0,516000.0,486000.0,194502.0,LG생활건강,051900
2023-08-14,495000.0,보합0,513000.0,516000.0,493000.0,128507.0,LG생활건강,051900
2023-08-16,460000.0,"하락  35,000",494000.0,494000.0,456500.0,152889.0,LG생활건강,051900
2023-08-17,450000.0,"하락  10,000",452000.0,456000.0,439000.0,109989.0,LG생활건강,051900
2023-08-18,447500.0,"하락  2,500",440500.0,466000.0,440500.0,97629.0,LG생활건강,051900
2023-08-21,444500.0,"하락  3,000",448000.0,454500.0,442000.0,57589.0,LG생활건강,051900
2023-08-22,435000.0,"하락  9,500",447500.0,449000.0,431500.0,87377.0,LG생활건강,051900
2023-08-23,431500.0,"하락  3,500",431500.0,436500.0,425500.0,75487.0,LG생활건강,051900
2023-08-24,434000.0,"상승  2,500",433500.0,436500.0,429000.0,38098.0,LG생활건강,051900
2023-08-25,449000.0,"상승  15,000",431000.0,451000.0,431000.0,76681.0,LG생활건강,051900
2023-08-28,458000.0,"상승  9,000",462000.0,467500.0,456000.0,58829.0,LG생활건강,051900
2023-08-29,448500.0,"하락  9,500",458500.0,462500.0,447500.0,54429.0,LG생활건강,051900
2023-08-30,469500.0,"상승  21,000",452000.0,471000.0,451000.0,107236.0,LG생활건강,051900
2023-08-31,464500.0,"하락  5,000",470000.0,470000.0,460000.0,69990.0,LG생활건강,051900
2023-09-01,484500.0,"상승  20,000",468000.0,491000.0,468000.0,120686.0,LG생활건강,051900
2023-09-04,480500.0,"하락  4,000",484500.0,484500.0,469000.0,55786.0,LG생활건강,051900
2023-09-05,476500.0,"하락  4,000",480500.0,490000.0,474500.0,36347.0,LG생활건강,051900
2023-09-06,473500.0,"하락  3,000",475500.0,481500.0,471500.0,32456.0,LG생활건강,051900
2023-09-07,462500.0,"하락  11,000",469000.0,471000.0,459500.0,84016.0,LG생활건강,051900
2023-09-08,462500.0,보합0,462500.0,465000.0,458000.0,35368.0,LG생활건강,051900
2023-09-11,457000.0,"하락  5,500",463000.0,463500.0,452000.0,54829.0,LG생활건강,051900
2023-09-12,466000.0,"상승  9,000",460500.0,477000.0,460000.0,90200.0,LG생활건강,051900
2023-09-13,454000.0,"하락  12,000",462000.0,462500.0,451500.0,74966.0,LG생활건강,051900
2023-09-14,457500.0,"상승  3,500",454500.0,462500.0,453000.0,69539.0,LG생활건강,051900
2023-09-15,470500.0,"상승  13,000",462000.0,471500.0,457500.0,114782.0,LG생활건강,051900
2023-09-18,470000.0,하락  500,467500.0,471500.0,463000.0,35030.0,LG생활건강,051900
2023-09-19,469000.0,"하락  1,000",471000.0,479000.0,465500.0,46629.0,LG생활건강,051900
2023-09-20,457500.0,"하락  11,500",469000.0,469000.0,456000.0,43112.0,LG생활건강,051900
2023-09-21,448000.0,"하락  9,500",457500.0,462000.0,447000.0,77959.0,LG생활건강,051900
2023-09-22,441500.0,"하락  6,500",439000.0,446500.0,434000.0,72903.0,LG생활건강,051900
2023-09-25,454000.0,"상승  12,500",440500.0,458000.0,440500.0,63356.0,LG생활건강,051900
2023-09-26,448500.0,"하락  5,500",449500.0,452500.0,441500.0,98693.0,LG생활건강,051900
2023-09-27,446500.0,"하락  2,000",444000.0,449000.0,439000.0,102355.0,LG생활건강,051900
2023-10-04,438000.0,"하락  8,500",444000.0,445000.0,424000.0,144774.0,LG생활건강,051900
2023-10-05,434500.0,"하락  3,500",438000.0,441000.0,428000.0,69008.0,LG생활건강,051900
2023-10-06,425000.0,"하락  9,500",430000.0,438500.0,423000.0,77323.0,LG생활건강,051900
2023-10-10,423500.0,"하락  1,500",432000.0,436000.0,423000.0,60805.0,LG생활건강,051900
2023-10-11,421500.0,"하락  2,000",426500.0,432500.0,418000.0,53406.0,LG생활건강,051900
2023-10-12,426000.0,"상승  4,500",424000.0,430000.0,420500.0,57074.0,LG생활건강,051900
2023-10-13,420000.0,"하락  6,000",422500.0,428000.0,417500.0,39490.0,LG생활건강,051900
2023-10-16,414500.0,"하락  5,500",417000.0,419500.0,413000.0,46318.0,LG생활건강,051900
2023-10-17,418000.0,"상승  3,500",418500.0,424500.0,416500.0,33725.0,LG생활건강,051900
2023-10-18,406500.0,"하락  11,500",418000.0,418000.0,403500.0,73447.0,LG생활건강,051900
2023-10-19,390000.0,"하락  16,500",402000.0,402500.0,389000.0,100942.0,LG생활건강,051900
2023-10-20,380000.0,"하락  10,000",385000.0,390000.0,378500.0,98077.0,LG생활건강,051900
2023-10-23,388500.0,"상승  8,500",376500.0,394500.0,375500.0,55403.0,LG생활건강,051900
2023-10-24,385000.0,"하락  3,500",385000.0,390500.0,376000.0,77215.0,LG생활건강,051900
2023-10-25,399500.0,"상승  14,500",388000.0,403500.0,388000.0,156682.0,LG생활건강,051900
2023-10-26,391000.0,"하락  8,500",398000.0,402000.0,390500.0,83595.0,LG생활건강,051900
2023-10-27,311500.0,"하락  79,500",373000.0,374500.0,308500.0,670594.0,LG생활건강,051900
2023-10-30,311000.0,하락  500,309000.0,314000.0,305500.0,179274.0,LG생활건강,051900
2023-10-31,315500.0,"상승  4,500",314000.0,322000.0,313500.0,217370.0,LG생활건강,051900
2023-11-01,322500.0,"상승  7,000",315000.0,322500.0,313000.0,107371.0,LG생활건강,051900
2023-11-02,321500.0,"하락  1,000",325000.0,325500.0,317500.0,163703.0,LG생활건강,051900
2023-11-03,328000.0,"상승  6,500",324500.0,329500.0,320500.0,113032.0,LG생활건강,051900
2023-11-06,348500.0,"상승  20,500",336000.0,348500.0,332500.0,134206.0,LG생활건강,051900
2023-11-07,346000.0,"하락  2,500",345500.0,349500.0,338500.0,117285.0,LG생활건강,051900
2023-11-08,347000.0,"상승  1,000",348000.0,351000.0,342500.0,66799.0,LG생활건강,051900
2023-11-09,340500.0,"하락  6,500",346000.0,349000.0,340500.0,90825.0,LG생활건강,051900
2023-11-10,332500.0,"하락  8,000",337000.0,340500.0,332000.0,55461.0,LG생활건강,051900
2023-11-13,329500.0,"하락  3,000",336000.0,339500.0,328000.0,46193.0,LG생활건강,051900
2023-11-14,334000.0,"상승  4,500",332000.0,336000.0,330000.0,47639.0,LG생활건강,051900
2023-11-15,343500.0,"상승  9,500",340000.0,346500.0,337000.0,64758.0,LG생활건강,051900
2023-11-16,345500.0,"상승  2,000",344500.0,351000.0,343000.0,53387.0,LG생활건강,051900
2023-11-17,337500.0,"하락  8,000",345000.0,347000.0,337500.0,38393.0,LG생활건강,051900
2023-11-20,344000.0,"상승  6,500",340000.0,346000.0,339000.0,38092.0,LG생활건강,051900
2023-11-21,347000.0,"상승  3,000",346000.0,348500.0,339500.0,65165.0,LG생활건강,051900
2023-11-22,344000.0,"하락  3,000",343000.0,345000.0,339000.0,56231.0,LG생활건강,051900
2023-11-23,344500.0,상승  500,344500.0,347000.0,342000.0,32125.0,LG생활건강,051900
2023-11-24,337500.0,"하락  7,000",346500.0,347000.0,337500.0,47405.0,LG생활건강,051900
2023-11-27,340000.0,"상승  2,500",338500.0,344500.0,337500.0,36401.0,LG생활건강,051900
2023-11-28,338000.0,"하락  2,000",341000.0,344500.0,337000.0,40869.0,LG생활건강,051900
2023-11-29,331500.0,"하락  6,500",339000.0,341000.0,331000.0,63806.0,LG생활건강,051900
2023-11-30,333500.0,"상승  2,000",329500.0,340000.0,329500.0,116403.0,LG생활건강,051900
2023-12-01,328000.0,"하락  5,500",334500.0,334500.0,325000.0,58947.0,LG생활건강,051900
2023-12-04,324500.0,"하락  3,500",328000.0,328500.0,322500.0,66383.0,LG생활건강,051900
2023-12-05,325000.0,상승  500,323000.0,328000.0,321000.0,47497.0,LG생활건강,051900
2023-12-06,323500.0,"하락  1,500",325000.0,326000.0,321000.0,41546.0,LG생활건강,051900
2023-12-07,317500.0,"하락  6,000",322000.0,323000.0,317500.0,65671.0,LG생활건강,051900
2023-12-08,320500.0,"상승  3,000",321000.0,323500.0,319000.0,37937.0,LG생활건강,051900
2023-12-11,321500.0,"상승  1,000",321000.0,322500.0,319000.0,31444.0,LG생활건강,051900
2023-12-12,324500.0,"상승  3,000",322500.0,326500.0,321000.0,43742.0,LG생활건강,051900
2023-12-13,336000.0,"상승  11,500",325500.0,336500.0,325500.0,86485.0,LG생활건강,051900
2023-12-14,344500.0,"상승  8,500",339500.0,352500.0,337500.0,167736.0,LG생활건강,051900
2023-12-15,353500.0,"상승  9,000",346500.0,353500.0,344500.0,89454.0,LG생활건강,051900
2023-12-18,353000.0,하락  500,353500.0,357500.0,349500.0,60224.0,LG생활건강,051900
2023-12-19,358500.0,"상승  5,500",353000.0,361500.0,352000.0,71119.0,LG생활건강,051900
2023-12-20,358500.0,보합0,361000.0,364500.0,358000.0,50165.0,LG생활건강,051900
2023-12-21,350500.0,"하락  8,000",358500.0,361500.0,348000.0,57049.0,LG생활건강,051900
2023-12-22,350500.0,보합0,353000.0,354500.0,350000.0,25675.0,LG생활건강,051900
2023-12-26,349500.0,"하락  1,000",350500.0,356000.0,349000.0,28691.0,LG생활건강,051900
2023-12-27,350500.0,"상승  1,000",349500.0,354500.0,344500.0,29744.0,LG생활건강,051900
2023-12-28,355000.0,"상승  4,500",351000.0,355000.0,347000.0,52355.0,LG생활건강,051900
2024-01-02,354000.0,"하락  1,000",353000.0,355000.0,347000.0,36386.0,LG생활건강,051900
2024-01-03,340500.0,"하락  13,500",349000.0,351000.0,340500.0,61278.0,LG생활건강,051900
2024-01-04,334500.0,"하락  6,000",340500.0,341000.0,333500.0,40508.0,LG생활건강,051900
2024-01-05,335000.0,상승  500,335000.0,338000.0,333000.0,27935.0,LG생활건강,051900
2024-01-08,328500.0,"하락  6,500",331000.0,335000.0,327500.0,37817.0,LG생활건강,051900
2024-01-09,339000.0,"상승  10,500",331500.0,339500.0,331000.0,39836.0,LG생활건강,051900
2024-01-10,332500.0,"하락  6,500",340000.0,340000.0,330500.0,32427.0,LG생활건강,051900
2024-01-11,330000.0,"하락  2,500",334000.0,334000.0,328500.0,55385.0,LG생활건강,051900
2024-01-12,325000.0,"하락  5,000",330000.0,331000.0,323000.0,53757.0,LG생활건강,051900
2024-01-15,317500.0,"하락  7,500",325500.0,326000.0,317000.0,47215.0,LG생활건강,051900
2024-01-16,312500.0,"하락  5,000",317500.0,319500.0,312000.0,41430.0,LG생활건강,051900
2024-01-17,305000.0,"하락  7,500",311000.0,314000.0,303500.0,57292.0,LG생활건강,051900
2024-01-18,325500.0,"상승  20,500",303000.0,339000.0,303000.0,143490.0,LG생활건강,051900
2024-01-19,322500.0,"하락  3,000",328000.0,329000.0,321000.0,45309.0,LG생활건강,051900
2024-01-22,315000.0,"하락  7,500",324500.0,326000.0,314000.0,44040.0,LG생활건강,051900
2024-01-23,319000.0,"상승  4,000",313000.0,320500.0,312500.0,72358.0,LG생활건강,051900
2024-01-24,317500.0,"하락  1,500",319000.0,320000.0,315000.0,42086.0,LG생활건강,051900
2024-01-25,315000.0,"하락  2,500",318000.0,318500.0,310500.0,46566.0,LG생활건강,051900
2024-01-26,315500.0,상승  500,312000.0,318500.0,309000.0,47447.0,LG생활건강,051900
2024-01-29,314000.0,"하락  1,500",317000.0,317500.0,312500.0,45203.0,LG생활건강,051900
2024-01-30,318000.0,"상승  4,000",316000.0,322500.0,314000.0,49745.0,LG생활건강,051900
2024-01-31,303500.0,"하락  14,500",315500.0,316000.0,303500.0,123440.0,LG생활건강,051900
2024-02-01,305500.0,"상승  2,000",302500.0,307500.0,300000.0,80389.0,LG생활건강,051900
2024-02-02,314000.0,"상승  8,500",306500.0,315500.0,304000.0,73492.0,LG생활건강,051900
2024-02-05,308000.0,"하락  6,000",312500.0,312500.0,306500.0,63028.0,LG생활건강,051900
2024-02-06,311000.0,"상승  3,000",308000.0,312500.0,307000.0,80530.0,LG생활건강,051900
2024-02-07,316000.0,"상승  5,000",314500.0,318500.0,312500.0,80230.0,LG생활건강,051900
2024-02-08,308500.0,"하락  7,500",317000.0,318500.0,308500.0,114063.0,LG생활건강,051900
2024-02-13,309500.0,"상승  1,000",309000.0,312000.0,305500.0,92721.0,LG생활건강,051900
2024-02-14,308000.0,"하락  1,500",307000.0,314000.0,300000.0,219962.0,LG생활건강,051900
2024-02-15,322000.0,"상승  14,000",312500.0,342000.0,309000.0,488788.0,LG생활건강,051900
2024-02-16,336500.0,"상승  14,500",326500.0,340500.0,315000.0,194637.0,LG생활건강,051900
2024-02-19,340000.0,"상승  3,500",336500.0,342000.0,332000.0,89997.0,LG생활건강,051900
2024-02-20,340000.0,보합0,340000.0,353000.0,333500.0,124603.0,LG생활건강,051900
2024-02-21,332000.0,"하락  8,000",340000.0,340000.0,331000.0,74934.0,LG생활건강,051900
2024-02-22,329500.0,"하락  2,500",335000.0,335000.0,326500.0,51199.0,LG생활건강,051900
2024-02-23,321500.0,"하락  8,000",329500.0,330500.0,319500.0,86725.0,LG생활건강,051900
2024-02-26,321500.0,보합0,321500.0,326000.0,319500.0,53446.0,LG생활건강,051900
2024-02-27,313500.0,"하락  8,000",320000.0,322000.0,312000.0,89366.0,LG생활건강,051900
2024-02-28,324500.0,"상승  11,000",314500.0,328000.0,314000.0,75612.0,LG생활건강,051900
2024-02-29,319000.0,"하락  5,500",322000.0,324000.0,317000.0,88498.0,LG생활건강,051900
2024-03-04,321500.0,"상승  2,500",321500.0,328000.0,318500.0,74349.0,LG생활건강,051900
2024-03-05,333000.0,"상승  11,500",321500.0,336500.0,321500.0,148211.0,LG생활건강,051900
2024-03-06,342000.0,"상승  9,000",333000.0,347000.0,329000.0,115808.0,LG생활건강,051900
2024-03-07,335000.0,"하락  7,000",342500.0,347000.0,332000.0,73145.0,LG생활건강,051900
2024-03-08,334500.0,하락  500,335500.0,340000.0,333000.0,57781.0,LG생활건강,051900
2024-03-11,350500.0,"상승  16,000",336000.0,353500.0,334500.0,132928.0,LG생활건강,051900
2024-03-12,348000.0,"하락  2,500",354000.0,354000.0,344000.0,59917.0,LG생활건강,051900
2024-03-13,342000.0,"하락  6,000",351000.0,351000.0,342000.0,57368.0,LG생활건강,051900
2024-03-14,347000.0,"상승  5,000",343500.0,351000.0,343500.0,99001.0,LG생활건강,051900
2024-03-15,345500.0,"하락  1,500",346000.0,347000.0,336500.0,105806.0,LG생활건강,051900
2024-03-18,355500.0,"상승  10,000",348000.0,359000.0,346000.0,111882.0,LG생활건강,051900
2024-03-19,349000.0,"하락  6,500",353000.0,359500.0,348500.0,87584.0,LG생활건강,051900
2024-03-20,365000.0,"상승  16,000",359000.0,372000.0,355500.0,226278.0,LG생활건강,051900
2024-03-21,376500.0,"상승  11,500",368000.0,377000.0,363000.0,131472.0,LG생활건강,051900
2024-03-22,381500.0,"상승  5,000",382000.0,387000.0,373000.0,123224.0,LG생활건강,051900
2024-03-25,388000.0,"상승  6,500",381500.0,395500.0,378500.0,110485.0,LG생활건강,051900
2024-03-26,380000.0,"하락  8,000",388000.0,391000.0,380000.0,99071.0,LG생활건강,051900
2024-03-27,392000.0,"상승  12,000",378500.0,393500.0,374500.0,94033.0,LG생활건강,051900
2024-03-28,386500.0,"하락  5,500",394000.0,394000.0,385500.0,67559.0,LG생활건강,051900
2024-03-29,380000.0,"하락  6,500",389000.0,394000.0,377500.0,73813.0,LG생활건강,051900
2024-04-01,405000.0,"상승  25,000",388000.0,408000.0,385000.0,177849.0,LG생활건강,051900
2024-04-02,401000.0,"하락  4,000",405000.0,405500.0,396500.0,88667.0,LG생활건강,051900
2024-04-03,386000.0,"하락  15,000",398000.0,398500.0,385000.0,110432.0,LG생활건강,051900
2024-04-04,383000.0,"하락  3,000",389500.0,389500.0,374500.0,105110.0,LG생활건강,051900
2024-04-05,370500.0,"하락  12,500",377500.0,380000.0,370000.0,82789.0,LG생활건강,051900
2024-04-08,361000.0,"하락  9,500",367000.0,370000.0,356500.0,91794.0,LG생활건강,051900
2024-04-09,357500.0,"하락  3,500",363500.0,366000.0,357500.0,73207.0,LG생활건강,051900
2024-04-11,353000.0,"하락  4,500",353500.0,356500.0,348500.0,80741.0,LG생활건강,051900
2024-04-12,368000.0,"상승  15,000",354500.0,371000.0,353500.0,83900.0,LG생활건강,051900
2024-04-15,373500.0,"상승  5,500",359000.0,378000.0,358500.0,92980.0,LG생활건강,051900
2024-04-16,373000.0,하락  500,370000.0,380500.0,368000.0,89641.0,LG생활건강,051900
2024-04-17,386000.0,"상승  13,000",373000.0,390000.0,373000.0,95903.0,LG생활건강,051900
2024-04-18,381500.0,"하락  4,500",388500.0,397500.0,381000.0,115292.0,LG생활건강,051900
2024-04-19,371000.0,"하락  10,500",381500.0,387000.0,366500.0,112082.0,LG생활건강,051900
2024-04-22,382500.0,"상승  11,500",376500.0,386500.0,376000.0,57713.0,LG생활건강,051900
2024-04-23,392000.0,"상승  9,500",382500.0,398500.0,382500.0,110865.0,LG생활건강,051900
2024-04-24,390500.0,"하락  1,500",391000.0,395000.0,386000.0,68370.0,LG생활건강,051900
2024-04-25,375500.0,"하락  15,000",385000.0,385500.0,374500.0,104075.0,LG생활건강,051900
2024-04-26,392000.0,"상승  16,500",387500.0,395500.0,374500.0,169812.0,LG생활건강,051900
2024-04-29,396500.0,"상승  4,500",395000.0,402500.0,392500.0,118646.0,LG생활건강,051900
2024-04-30,420000.0,"상승  23,500",400500.0,420000.0,397500.0,208141.0,LG생활건강,051900
2024-05-02,425500.0,"상승  5,500",423500.0,431500.0,416000.0,189135.0,LG생활건강,051900
2024-05-03,432000.0,"상승  6,500",421500.0,432000.0,420500.0,96793.0,LG생활건강,051900
2024-05-07,436500.0,"상승  4,500",434500.0,437000.0,423500.0,98184.0,LG생활건강,051900
2024-05-08,437000.0,상승  500,436500.0,440000.0,430500.0,69588.0,LG생활건강,051900
2024-05-09,459000.0,"상승  22,000",441500.0,460500.0,441000.0,191263.0,LG생활건강,051900
2024-05-10,466000.0,"상승  7,000",459000.0,479000.0,447000.0,177065.0,LG생활건강,051900
2024-05-13,455500.0,"하락  10,500",469500.0,475000.0,453500.0,93964.0,LG생활건강,051900
2024-05-14,450000.0,"하락  5,500",458500.0,464000.0,446500.0,67453.0,LG생활건강,051900
2024-05-16,455000.0,"상승  5,000",454500.0,457000.0,449000.0,67500.0,LG생활건강,051900
2024-05-17,448000.0,"하락  7,000",451500.0,454000.0,447000.0,37142.0,LG생활건강,051900
2024-05-20,444000.0,"하락  4,000",452000.0,452500.0,441000.0,60633.0,LG생활건강,051900
2024-05-21,449500.0,"상승  5,500",440000.0,459000.0,437500.0,62270.0,LG생활건강,051900
2024-05-22,469000.0,"상승  19,500",447000.0,470500.0,447000.0,111218.0,LG생활건강,051900
2024-05-23,460000.0,"하락  9,000",469500.0,480000.0,458000.0,88760.0,LG생활건강,051900
2024-05-24,454500.0,"하락  5,500",458000.0,462500.0,450000.0,42162.0,LG생활건강,051900
2024-05-27,450500.0,"하락  4,000",461000.0,463500.0,445500.0,53387.0,LG생활건강,051900
2024-05-28,435000.0,"하락  15,500",450500.0,456000.0,431500.0,90062.0,LG생활건강,051900
2024-05-29,430000.0,"하락  5,000",434000.0,437000.0,424500.0,72453.0,LG생활건강,051900
2024-05-30,422500.0,"하락  7,500",426000.0,435000.0,420500.0,64607.0,LG생활건강,051900
2024-05-31,417500.0,"하락  5,000",426000.0,442000.0,417500.0,153082.0,LG생활건강,051900
2024-06-03,424500.0,"상승  7,000",425000.0,434000.0,416000.0,70098.0,LG생활건강,051900
2024-06-04,402500.0,"하락  22,000",423000.0,423000.0,402000.0,108047.0,LG생활건강,051900
2024-06-05,410500.0,"상승  8,000",403500.0,412500.0,403000.0,78721.0,LG생활건강,051900
2024-06-07,414500.0,"상승  4,000",414000.0,418000.0,410500.0,51984.0,LG생활건강,051900
2024-06-10,400000.0,"하락  14,500",409500.0,409500.0,398500.0,65602.0,LG생활건강,051900
2024-06-11,401500.0,"상승  1,500",404500.0,417000.0,400000.0,75947.0,LG생활건강,051900
2024-06-12,403500.0,"상승  2,000",403000.0,407500.0,401000.0,70406.0,LG생활건강,051900
2024-06-13,400000.0,"하락  3,500",406500.0,412000.0,400000.0,136018.0,LG생활건강,051900
2024-06-14,401000.0,"상승  1,000",403000.0,407000.0,391500.0,115058.0,LG생활건강,051900
2024-06-17,392500.0,"하락  8,500",400000.0,400000.0,387500.0,75626.0,LG생활건강,051900
2024-06-18,388500.0,"하락  4,000",394000.0,395500.0,385000.0,65581.0,LG생활건강,051900
2024-06-19,381500.0,"하락  7,000",391500.0,393000.0,379000.0,77825.0,LG생활건강,051900
2024-06-20,373000.0,"하락  8,500",382000.0,386000.0,370500.0,97566.0,LG생활건강,051900
2024-06-21,369000.0,"하락  4,000",372500.0,373000.0,365500.0,103593.0,LG생활건강,051900
2024-06-24,360000.0,"하락  9,000",370000.0,370500.0,359500.0,103879.0,LG생활건강,051900
2024-06-25,363000.0,"상승  3,000",360000.0,366000.0,358000.0,67556.0,LG생활건강,051900
2024-06-26,363500.0,상승  500,362000.0,364500.0,358500.0,58644.0,LG생활건강,051900
2024-06-27,351500.0,"하락  12,000",360000.0,360500.0,351000.0,82078.0,LG생활건강,051900
2024-06-28,345500.0,"하락  6,000",351000.0,352500.0,342500.0,89489.0,LG생활건강,051900
2024-07-01,361500.0,"상승  16,000",344000.0,362000.0,344000.0,129177.0,LG생활건강,051900
2024-07-02,360000.0,"하락  1,500",358500.0,362500.0,353000.0,72438.0,LG생활건강,051900
2024-07-03,350000.0,"하락  10,000",364000.0,364000.0,348500.0,65153.0,LG생활건강,051900
2024-07-04,348000.0,"하락  2,000",350000.0,352500.0,342500.0,60811.0,LG생활건강,051900
2024-07-05,348500.0,상승  500,350000.0,353000.0,347000.0,44275.0,LG생활건강,051900
2024-07-08,356000.0,"상승  7,500",347500.0,356000.0,347500.0,38651.0,LG생활건강,051900
2024-07-09,358500.0,"상승  2,500",356500.0,361000.0,355000.0,45934.0,LG생활건강,051900
2024-07-10,357500.0,"하락  1,000",358500.0,360500.0,355500.0,34884.0,LG생활건강,051900
2024-07-11,360500.0,"상승  3,000",358500.0,364000.0,354000.0,75831.0,LG생활건강,051900
2024-07-12,360000.0,하락  500,361500.0,365500.0,355500.0,43781.0,LG생활건강,051900
2024-07-15,353500.0,"하락  6,500",359000.0,362000.0,352500.0,37773.0,LG생활건강,051900
2024-07-16,341500.0,"하락  12,000",354000.0,355000.0,340000.0,87022.0,LG생활건강,051900
2024-07-17,350000.0,"상승  8,500",340000.0,353000.0,340000.0,66777.0,LG생활건강,051900
2024-07-18,354000.0,"상승  4,000",350000.0,362500.0,346000.0,62839.0,LG생활건강,051900
2024-07-19,342500.0,"하락  11,500",351000.0,352500.0,340000.0,56199.0,LG생활건강,051900
2024-07-22,346500.0,"상승  4,000",341000.0,351000.0,341000.0,37547.0,LG생활건강,051900
2024-07-23,339500.0,"하락  7,000",346500.0,351500.0,338500.0,49022.0,LG생활건강,051900
2024-07-24,343000.0,"상승  3,500",339500.0,350500.0,339500.0,36539.0,LG생활건강,051900
2024-07-25,341500.0,"하락  1,500",342500.0,346000.0,333500.0,51071.0,LG생활건강,051900
2024-07-26,351000.0,"상승  9,500",347500.0,364000.0,347500.0,94653.0,LG생활건강,051900
2024-07-29,359000.0,"상승  8,000",354000.0,361500.0,350500.0,63513.0,LG생활건강,051900
2024-07-30,352500.0,"하락  6,500",357500.0,360500.0,351000.0,43717.0,LG생활건강,051900
2024-07-31,352000.0,하락  500,353000.0,357500.0,348500.0,55554.0,LG생활건강,051900
2024-08-01,350000.0,"하락  2,000",352000.0,356500.0,346500.0,89989.0,LG생활건강,051900
2024-08-02,354000.0,"상승  4,000",347000.0,355500.0,345000.0,71287.0,LG생활건강,051900
2024-08-05,327000.0,"하락  27,000",351000.0,352000.0,321000.0,127703.0,LG생활건강,051900
2024-08-06,345000.0,"상승  18,000",336500.0,350500.0,331000.0,85501.0,LG생활건강,051900
2024-08-07,350000.0,"상승  5,000",349500.0,356000.0,345500.0,69468.0,LG생활건강,051900
2024-08-08,350000.0,보합0,349500.0,352500.0,342000.0,58316.0,LG생활건강,051900
2024-08-09,338500.0,"하락  11,500",351000.0,352500.0,333500.0,85659.0,LG생활건강,051900
2024-08-12,340500.0,"상승  2,000",342500.0,345500.0,337000.0,43036.0,LG생활건강,051900
2024-08-13,330000.0,"하락  10,500",337000.0,340500.0,330000.0,82404.0,LG생활건강,051900
2024-08-14,337000.0,"상승  7,000",333000.0,337500.0,332000.0,36855.0,LG생활건강,051900
2024-08-16,336000.0,"하락  1,000",343000.0,346000.0,336000.0,39717.0,LG생활건강,051900
2024-08-19,338000.0,"상승  2,000",339000.0,341000.0,335000.0,29687.0,LG생활건강,051900
2024-08-20,338500.0,상승  500,341000.0,341000.0,335500.0,32267.0,LG생활건강,051900
2024-08-21,338500.0,보합0,340000.0,341000.0,335500.0,35053.0,LG생활건강,051900
2024-08-22,340000.0,"상승  1,500",340500.0,343500.0,337500.0,39427.0,LG생활건강,051900
2024-08-23,341500.0,"상승  1,500",341000.0,344000.0,339500.0,33361.0,LG생활건강,051900
2024-08-26,336500.0,"하락  5,000",343000.0,344000.0,334000.0,42671.0,LG생활건강,051900
2024-08-27,345500.0,"상승  9,000",339500.0,346500.0,337500.0,47919.0,LG생활건강,051900
2024-08-28,359500.0,"상승  14,000",348000.0,366000.0,346000.0,130760.0,LG생활건강,051900
2024-08-29,355000.0,"하락  4,500",360500.0,361000.0,353000.0,73581.0,LG생활건강,051900
2024-08-30,354500.0,하락  500,355500.0,361000.0,352500.0,98967.0,LG생활건강,051900
2024-09-02,360500.0,"상승  6,000",359000.0,365500.0,359000.0,76219.0,LG생활건강,051900
2024-09-03,355000.0,"하락  5,500",363000.0,364500.0,354000.0,36345.0,LG생활건강,051900
2024-09-04,338500.0,"하락  16,500",345000.0,347000.0,338500.0,53296.0,LG생활건강,051900
2024-09-05,344000.0,"상승  5,500",342000.0,346500.0,340500.0,29859.0,LG생활건강,051900
2024-09-06,339000.0,"하락  5,000",344000.0,344500.0,338500.0,39272.0,LG생활건강,051900
2024-09-09,346000.0,"상승  7,000",329500.0,349000.0,329000.0,39419.0,LG생활건강,051900
2024-09-10,346000.0,보합0,349000.0,353500.0,346000.0,25911.0,LG생활건강,051900
2024-09-11,356500.0,"상승  10,500",348500.0,361000.0,348000.0,74381.0,LG생활건강,051900
2024-09-12,363500.0,"상승  7,000",357000.0,363500.0,350500.0,61437.0,LG생활건강,051900
2024-09-13,350000.0,"하락  13,500",360500.0,361500.0,350000.0,39968.0,LG생활건강,051900
2024-09-19,349500.0,하락  500,354500.0,361000.0,347000.0,70363.0,LG생활건강,051900
2024-09-20,349500.0,보합0,351000.0,353000.0,346500.0,49609.0,LG생활건강,051900
2024-09-23,352000.0,"상승  2,500",352500.0,353500.0,348500.0,23660.0,LG생활건강,051900
2024-09-24,355000.0,"상승  3,000",353000.0,355000.0,349500.0,40934.0,LG생활건강,051900
2024-09-25,374000.0,"상승  19,000",359500.0,384500.0,359000.0,218546.0,LG생활건강,051900
2024-09-26,364000.0,"하락  10,000",370500.0,371000.0,358500.0,94196.0,LG생활건강,051900
2024-09-27,383500.0,"상승  19,500",367500.0,391500.0,367000.0,154063.0,LG생활건강,051900
2024-09-30,379000.0,"하락  4,500",387000.0,390000.0,379000.0,80979.0,LG생활건강,051900
2024-10-02,381000.0,"상승  2,000",376500.0,387500.0,372000.0,90071.0,LG생활건강,051900
2024-10-04,383000.0,"상승  2,000",383500.0,386000.0,372500.0,68861.0,LG생활건강,051900
2024-10-07,384500.0,"상승  1,500",384500.0,387000.0,379000.0,43904.0,LG생활건강,051900
2024-10-08,353500.0,"하락  31,000",383000.0,385000.0,353500.0,142538.0,LG생활건강,051900
2024-10-10,358000.0,"상승  4,500",354500.0,359500.0,354000.0,66193.0,LG생활건강,051900
2024-10-11,354000.0,"하락  4,000",359000.0,359500.0,353000.0,47449.0,LG생활건강,051900
2024-10-14,356500.0,"상승  2,500",354000.0,358000.0,351000.0,29201.0,LG생활건강,051900
2024-10-15,354000.0,"하락  2,500",358000.0,360500.0,347500.0,63466.0,LG생활건강,051900
2024-10-16,351000.0,"하락  3,000",351500.0,355000.0,345500.0,74499.0,LG생활건강,051900
2024-10-17,350500.0,하락  500,351000.0,354500.0,347500.0,56303.0,LG생활건강,051900
2024-10-18,349000.0,"하락  1,500",350500.0,353500.0,346000.0,34788.0,LG생활건강,051900
2024-10-21,348500.0,하락  500,349500.0,350500.0,347000.0,36147.0,LG생활건강,051900
2024-10-22,347500.0,"하락  1,000",348000.0,349500.0,340000.0,58245.0,LG생활건강,051900
2024-10-23,354000.0,"상승  6,500",349000.0,358000.0,346500.0,52431.0,LG생활건강,051900
2024-10-24,354500.0,상승  500,353000.0,356000.0,348500.0,29892.0,LG생활건강,051900
2024-10-25,346000.0,"하락  8,500",354000.0,354500.0,343000.0,47924.0,LG생활건강,051900
2024-10-28,351500.0,"상승  5,500",346000.0,351500.0,345500.0,42862.0,LG생활건강,051900
2024-10-29,350000.0,"하락  1,500",351500.0,352500.0,346000.0,35318.0,LG생활건강,051900
2024-10-30,329500.0,"하락  20,500",338000.0,339500.0,329500.0,135336.0,LG생활건강,051900
2024-10-31,331500.0,"상승  2,000",330000.0,331500.0,326000.0,70096.0,LG생활건강,051900
2024-11-01,332000.0,상승  500,334500.0,334500.0,329500.0,60872.0,LG생활건강,051900
2024-11-04,338000.0,"상승  6,000",331000.0,338000.0,330500.0,46639.0,LG생활건강,051900
2024-11-05,339000.0,"상승  1,000",335500.0,341500.0,335000.0,38834.0,LG생활건강,051900
2024-11-06,337000.0,"하락  2,000",341000.0,344500.0,334000.0,43953.0,LG생활건강,051900
2024-11-07,342500.0,"상승  5,500",335000.0,346000.0,331000.0,37559.0,LG생활건강,051900
2024-11-08,347000.0,"상승  4,500",347500.0,349500.0,343500.0,41706.0,LG생활건강,051900
2024-11-11,347000.0,보합0,347500.0,349500.0,343000.0,55778.0,LG생활건강,051900
2024-11-12,334500.0,"하락  12,500",346000.0,346000.0,334500.0,55080.0,LG생활건강,051900
2024-11-13,332500.0,"하락  2,000",334500.0,340000.0,331500.0,45139.0,LG생활건강,051900
2024-11-14,357000.0,"상승  24,500",331000.0,357000.0,327500.0,50751.0,LG생활건강,051900
2024-11-15,338000.0,"하락  19,000",339000.0,341500.0,328500.0,46253.0,LG생활건강,051900
2024-11-18,337000.0,"하락  1,000",337000.0,339500.0,333000.0,39793.0,LG생활건강,051900
2024-11-19,334000.0,"하락  3,000",335000.0,338500.0,332000.0,41432.0,LG생활건강,051900
2024-11-20,321000.0,"하락  13,000",332000.0,333500.0,321000.0,69326.0,LG생활건강,051900
2024-11-21,314000.0,"하락  7,000",321500.0,322500.0,314000.0,46498.0,LG생활건강,051900
2024-11-22,325500.0,"상승  11,500",316500.0,329500.0,314500.0,62779.0,LG생활건강,051900
2024-11-25,326000.0,상승  500,330000.0,338500.0,326000.0,86945.0,LG생활건강,051900
2024-11-26,324500.0,"하락  1,500",326500.0,329500.0,324000.0,23788.0,LG생활건강,051900
2024-11-27,320500.0,"하락  4,000",324500.0,327500.0,319500.0,36268.0,LG생활건강,051900
2024-11-28,320000.0,하락  500,322500.0,323500.0,318500.0,18424.0,LG생활건강,051900
2024-11-29,310500.0,"하락  9,500",321500.0,321500.0,309500.0,50296.0,LG생활건강,051900
2024-12-02,316000.0,"상승  5,500",315500.0,320000.0,313500.0,30496.0,LG생활건강,051900
2024-12-03,327500.0,"상승  11,500",319000.0,329000.0,319000.0,57245.0,LG생활건강,051900
2024-12-04,324500.0,"하락  3,000",317000.0,326000.0,315000.0,34289.0,LG생활건강,051900
2024-12-05,324500.0,보합0,323500.0,327500.0,320500.0,23440.0,LG생활건강,051900
2024-12-06,327000.0,"상승  2,500",326500.0,330500.0,323500.0,42495.0,LG생활건강,051900
2024-12-09,331000.0,"상승  4,000",326500.0,332500.0,324500.0,54681.0,LG생활건강,051900
2024-12-10,334000.0,"상승  3,000",336000.0,342500.0,332000.0,55878.0,LG생활건강,051900
2024-12-11,334500.0,상승  500,334500.0,339500.0,331500.0,36394.0,LG생활건강,051900
2024-12-12,339000.0,"상승  4,500",337000.0,339000.0,334000.0,66764.0,LG생활건강,051900
2024-12-13,337500.0,"하락  1,500",338500.0,341500.0,335000.0,26825.0,LG생활건강,051900
2024-12-16,337500.0,보합0,340000.0,341500.0,334000.0,24520.0,LG생활건강,051900
2024-12-17,322000.0,"하락  15,500",334500.0,337500.0,322000.0,58091.0,LG생활건강,051900
2024-12-18,321000.0,"하락  1,000",323500.0,324500.0,320000.0,28046.0,LG생활건강,051900
2024-12-19,316500.0,"하락  4,500",317000.0,320500.0,313000.0,30678.0,LG생활건강,051900
2024-12-20,311500.0,"하락  5,000",315000.0,318000.0,311500.0,36382.0,LG생활건강,051900
2024-12-23,313500.0,"상승  2,000",312500.0,315000.0,310000.0,24630.0,LG생활건강,051900
2024-12-24,312000.0,"하락  1,500",313500.0,315000.0,311000.0,21442.0,LG생활건강,051900
2024-12-26,309500.0,"하락  2,500",314500.0,314500.0,309500.0,32093.0,LG생활건강,051900
2024-12-27,307000.0,"하락  2,500",309000.0,311000.0,304000.0,32838.0,LG생활건강,051900
2024-12-30,305000.0,"하락  2,000",307000.0,312000.0,305000.0,24929.0,LG생활건강,051900
2025-01-02,306500.0,"상승  1,500",305000.0,309000.0,303000.0,26649.0,LG생활건강,051900
2025-01-03,312000.0,"상승  5,500",308000.0,313500.0,307000.0,31712.0,LG생활건강,051900
2025-01-06,312000.0,보합0,315000.0,317500.0,310500.0,76269.0,LG생활건강,051900
2025-01-07,311000.0,"하락  1,000",313500.0,314000.0,311000.0,47372.0,LG생활건강,051900
2025-01-08,311000.0,보합0,310000.0,313000.0,308000.0,41655.0,LG생활건강,051900
2025-01-09,312000.0,"상승  1,000",311000.0,312000.0,306500.0,55362.0,LG생활건강,051900
2025-01-10,306000.0,"하락  6,000",309500.0,311500.0,305500.0,49706.0,LG생활건강,051900
2025-01-13,301000.0,"하락  5,000",305500.0,307000.0,300500.0,47660.0,LG생활건강,051900
2025-01-14,301500.0,상승  500,302500.0,303000.0,300500.0,23201.0,LG생활건강,051900
2025-01-15,300500.0,"하락  1,000",303000.0,304000.0,300500.0,36276.0,LG생활건강,051900
2025-01-16,302000.0,"상승  1,500",303500.0,304500.0,301000.0,50703.0,LG생활건강,051900
2025-01-17,303000.0,"상승  1,000",302500.0,305500.0,300000.0,41903.0,LG생활건강,051900
2025-01-20,296000.0,"하락  7,000",303000.0,303500.0,294500.0,75679.0,LG생활건강,051900
2025-01-21,297500.0,"상승  1,500",297500.0,300000.0,295500.0,35102.0,LG생활건강,051900
2025-01-22,301000.0,"상승  3,500",299000.0,302500.0,299000.0,38342.0,LG생활건강,051900
2025-01-23,298000.0,"하락  3,000",301500.0,301500.0,298000.0,34264.0,LG생활건강,051900
2025-01-24,297500.0,하락  500,298000.0,300000.0,297000.0,21102.0,LG생활건강,051900
2025-01-31,307000.0,"상승  9,500",301500.0,308000.0,300500.0,65067.0,LG생활건강,051900
2025-02-03,300500.0,"하락  6,500",302500.0,302500.0,296000.0,52013.0,LG생활건강,051900
2025-02-04,296000.0,"하락  4,500",301000.0,304000.0,295000.0,38979.0,LG생활건강,051900
2025-02-05,311000.0,"상승  15,000",301500.0,311500.0,300500.0,80537.0,LG생활건강,051900
2025-02-06,309000.0,"하락  2,000",310000.0,311500.0,307000.0,22259.0,LG생활건강,051900
2025-02-07,309500.0,상승  500,307500.0,312500.0,303000.0,29211.0,LG생활건강,051900
2025-02-10,304000.0,"하락  5,500",309500.0,311000.0,302000.0,32081.0,LG생활건강,051900
2025-02-11,309500.0,"상승  5,500",305500.0,310500.0,305000.0,26903.0,LG생활건강,051900
2025-02-12,309000.0,하락  500,310000.0,310000.0,305500.0,19185.0,LG생활건강,051900
2025-02-13,316000.0,"상승  7,000",308500.0,316000.0,307000.0,64159.0,LG생활건강,051900
2025-02-14,309000.0,"하락  7,000",316000.0,316000.0,308500.0,33023.0,LG생활건강,051900
2025-02-17,315000.0,"상승  6,000",310500.0,316500.0,309500.0,29107.0,LG생활건강,051900
2025-02-18,312000.0,"하락  3,000",315000.0,315500.0,310000.0,22597.0,LG생활건강,051900
2025-02-19,315500.0,"상승  3,500",311500.0,316500.0,311500.0,29458.0,LG생활건강,051900
2025-02-20,335000.0,"상승  19,500",325000.0,344000.0,322500.0,201842.0,LG생활건강,051900
2025-02-21,330000.0,"하락  5,000",339000.0,339000.0,328000.0,51357.0,LG생활건강,051900
2025-02-24,327000.0,"하락  3,000",327000.0,329500.0,324500.0,27441.0,LG생활건강,051900
2025-02-25,320500.0,"하락  6,500",327000.0,328000.0,320000.0,33031.0,LG생활건강,051900
2025-02-26,321000.0,상승  500,321000.0,322500.0,315500.0,54045.0,LG생활건강,051900
2025-02-27,320500.0,하락  500,321500.0,323000.0,316500.0,54177.0,LG생활건강,051900
2025-02-28,319500.0,"하락  1,000",319000.0,323000.0,315000.0,109360.0,LG생활건강,051900
2025-03-04,319500.0,보합0,316500.0,326500.0,316500.0,67347.0,LG생활건강,051900
2025-03-05,316500.0,"하락  3,000",323000.0,325500.0,315500.0,67735.0,LG생활건강,051900
2025-03-06,318500.0,"상승  2,000",317500.0,319000.0,315500.0,34229.0,LG생활건강,051900
2025-03-07,319500.0,"상승  1,000",317000.0,321000.0,315000.0,34955.0,LG생활건강,051900
2025-03-10,319000.0,하락  500,319500.0,324500.0,317000.0,33158.0,LG생활건강,051900
2025-03-11,323000.0,"상승  4,000",310000.0,324500.0,308000.0,68787.0,LG생활건강,051900
2025-03-12,330000.0,"상승  7,000",323000.0,332500.0,320500.0,44548.0,LG생활건강,051900
2025-03-13,327000.0,"하락  3,000",331000.0,331500.0,321500.0,99691.0,LG생활건강,051900
2025-03-14,327000.0,보합0,326000.0,332500.0,323000.0,21517.0,LG생활건강,051900
2025-03-17,328000.0,"상승  1,000",330000.0,330000.0,325500.0,26434.0,LG생활건강,051900
2025-03-18,325000.0,"하락  3,000",329000.0,330000.0,324500.0,22618.0,LG생활건강,051900
2025-03-19,325500.0,상승  500,324000.0,328000.0,322500.0,24676.0,LG생활건강,051900
2025-03-20,324500.0,"하락  1,000",325500.0,330000.0,324500.0,24578.0,LG생활건강,051900
2025-03-21,326500.0,"상승  2,000",324500.0,328500.0,322500.0,51106.0,LG생활건강,051900
2025-03-24,324000.0,"하락  2,500",326000.0,328000.0,322500.0,22770.0,LG생활건강,051900
2025-03-25,323000.0,"하락  1,000",324500.0,326000.0,322000.0,27797.0,LG생활건강,051900
2025-03-26,325000.0,"상승  2,000",325000.0,327500.0,323000.0,18487.0,LG생활건강,051900
2025-03-27,329000.0,"상승  4,000",324000.0,335000.0,322500.0,37196.0,LG생활건강,051900
2025-03-28,331500.0,"상승  2,500",329500.0,335000.0,325500.0,31640.0,LG생활건강,051900
2025-03-31,312500.0,"하락  19,000",328000.0,330000.0,311000.0,67361.0,LG생활건강,051900
2025-04-01,312500.0,보합0,314000.0,316500.0,308500.0,41083.0,LG생활건강,051900
2025-04-02,310500.0,"하락  2,000",315000.0,317500.0,304500.0,70550.0,LG생활건강,051900
2025-04-03,315000.0,"상승  4,500",302500.0,315500.0,302000.0,42933.0,LG생활건강,051900
2025-04-04,316000.0,"상승  1,000",312000.0,316500.0,304000.0,43416.0,LG생활건강,051900
2025-04-07,305000.0,"하락  11,000",309000.0,312000.0,303000.0,50370.0,LG생활건강,051900
2025-04-08,299500.0,"하락  5,500",307500.0,309500.0,299000.0,39689.0,LG생활건강,051900
2025-04-09,290000.0,"하락  9,500",304000.0,304000.0,290000.0,48526.0,LG생활건강,051900
2025-04-10,309500.0,"상승  19,500",300500.0,311500.0,298500.0,94485.0,LG생활건강,051900
2025-04-11,312500.0,"상승  3,000",305500.0,312500.0,304000.0,31968.0,LG생활건강,051900
2025-04-14,310500.0,"하락  2,000",312000.0,314000.0,310000.0,17624.0,LG생활건강,051900
2025-04-15,309500.0,"하락  1,000",309000.0,311500.0,307500.0,26243.0,LG생활건강,051900
2025-04-16,312500.0,"상승  3,000",310000.0,316000.0,310000.0,30250.0,LG생활건강,051900
2025-04-17,315000.0,"상승  2,500",313500.0,316500.0,312500.0,20058.0,LG생활건강,051900
2025-04-18,310500.0,"하락  4,500",315500.0,315500.0,310000.0,20540.0,LG생활건강,051900
2025-04-21,322000.0,"상승  11,500",311500.0,324000.0,309500.0,42783.0,LG생활건강,051900
2025-04-22,321000.0,"하락  1,000",321500.0,323000.0,317500.0,20898.0,LG생활건강,051900
2025-04-23,321500.0,상승  500,325000.0,326000.0,320500.0,24432.0,LG생활건강,051900
2025-04-24,322000.0,상승  500,320500.0,323000.0,318000.0,20278.0,LG생활건강,051900
2025-04-25,319500.0,"하락  2,500",323000.0,324500.0,317500.0,24511.0,LG생활건강,051900
2025-04-28,319000.0,하락  500,319500.0,324000.0,317000.0,26226.0,LG생활건강,051900
2025-04-29,341000.0,"상승  22,000",325500.0,348500.0,325500.0,123973.0,LG생활건강,051900
2025-04-30,337500.0,"하락  3,500",341500.0,342500.0,334500.0,35007.0,LG생활건강,051900
2025-05-02,337500.0,보합0,336000.0,341500.0,335500.0,27802.0,LG생활건강,051900
2025-05-07,329500.0,"하락  8,000",343000.0,343500.0,329000.0,38626.0,LG생활건강,051900
2025-05-08,329500.0,보합0,330000.0,335500.0,329000.0,53040.0,LG생활건강,051900
2025-05-09,326500.0,"하락  3,000",331000.0,333000.0,325000.0,23095.0,LG생활건강,051900
2025-05-12,323000.0,"하락  3,500",327500.0,328500.0,321000.0,34402.0,LG생활건강,051900
2025-05-13,325000.0,"상승  2,000",323000.0,325000.0,322000.0,24320.0,LG생활건강,051900
2025-05-14,323500.0,"하락  1,500",325500.0,327000.0,321500.0,20195.0,LG생활건강,051900
2025-05-15,320000.0,"하락  3,500",322500.0,323500.0,318000.0,23895.0,LG생활건강,051900
2025-05-16,316000.0,"하락  4,000",320500.0,321500.0,313000.0,23388.0,LG생활건강,051900
2025-05-19,312000.0,"하락  4,000",316000.0,317000.0,309000.0,16335.0,LG생활건강,051900
2025-05-20,312000.0,보합0,313500.0,314000.0,309000.0,20491.0,LG생활건강,051900
2025-05-21,311500.0,하락  500,312500.0,316500.0,311000.0,22361.0,LG생활건강,051900
2025-05-22,309500.0,"하락  2,000",309500.0,312500.0,308000.0,24172.0,LG생활건강,051900
2025-05-23,317000.0,"상승  7,500",309500.0,319000.0,309500.0,32928.0,LG생활건강,051900
2025-05-26,320500.0,"상승  3,500",320000.0,322500.0,313000.0,26723.0,LG생활건강,051900
2025-05-27,324500.0,"상승  4,000",317500.0,326500.0,316000.0,37418.0,LG생활건강,051900
2025-05-28,325500.0,"상승  1,000",325000.0,327500.0,323000.0,19303.0,LG생활건강,051900
2025-05-29,327500.0,"상승  2,000",327500.0,329000.0,320500.0,50208.0,LG생활건강,051900
2025-05-30,327500.0,보합0,327500.0,327500.0,327500.0,0.0,LG생활건강,051900
