날짜,종가,전일비,시가,고가,저가,거래량,회사명,종목코드
2020-03-13,340500.0,"하락  1,000",315000.0,343500.0,313000.0,899561.0,LG화학,051910
2020-03-16,312500.0,"하락  28,000",343000.0,348000.0,312500.0,747892.0,LG화학,051910
2020-03-17,306500.0,"하락  6,000",295000.0,315500.0,294500.0,819960.0,LG화학,051910
2020-03-18,280000.0,"하락  26,500",307500.0,312000.0,280000.0,946373.0,LG화학,051910
2020-03-19,230000.0,"하락  50,000",284500.0,285500.0,230000.0,1394682.0,LG화학,051910
2020-03-20,272500.0,"상승  42,500",246000.0,273000.0,242000.0,1306067.0,LG화학,051910
2020-03-23,268000.0,"하락  4,500",249500.0,286500.0,248500.0,947838.0,LG화학,051910
2020-03-24,288000.0,"상승  20,000",283500.0,297500.0,274000.0,966345.0,LG화학,051910
2020-03-25,307500.0,"상승  19,500",310000.0,316500.0,296500.0,803831.0,LG화학,051910
2020-03-26,299500.0,"하락  8,000",309500.0,314000.0,297500.0,720792.0,LG화학,051910
2020-03-27,303500.0,"상승  4,000",313000.0,314500.0,292500.0,648602.0,LG화학,051910
2020-03-30,303000.0,하락  500,291000.0,307000.0,289500.0,473701.0,LG화학,051910
2020-03-31,305000.0,"상승  2,000",306500.0,309500.0,298500.0,492967.0,LG화학,051910
2020-04-01,292000.0,"하락  13,000",305000.0,307000.0,292000.0,599459.0,LG화학,051910
2020-04-02,291000.0,"하락  1,000",292000.0,294500.0,280000.0,688886.0,LG화학,051910
2020-04-03,290500.0,하락  500,300000.0,304500.0,285500.0,540101.0,LG화학,051910
2020-04-06,296500.0,"상승  6,000",295000.0,297000.0,290500.0,494846.0,LG화학,051910
2020-04-07,309000.0,"상승  12,500",307000.0,309500.0,301000.0,717617.0,LG화학,051910
2020-04-08,313000.0,"상승  4,000",308500.0,319500.0,306500.0,616801.0,LG화학,051910
2020-04-09,324500.0,"상승  11,500",319000.0,324500.0,317000.0,470177.0,LG화학,051910
2020-04-10,324000.0,하락  500,324500.0,326000.0,318500.0,313697.0,LG화학,051910
2020-04-13,315000.0,"하락  9,000",325500.0,325500.0,314000.0,298575.0,LG화학,051910
2020-04-14,326500.0,"상승  11,500",327500.0,329000.0,321000.0,436161.0,LG화학,051910
2020-04-16,343000.0,"상승  16,500",327500.0,345000.0,327000.0,621763.0,LG화학,051910
2020-04-17,362500.0,"상승  19,500",352500.0,376000.0,352000.0,753764.0,LG화학,051910
2020-04-20,351500.0,"하락  11,000",362500.0,369500.0,351000.0,504864.0,LG화학,051910
2020-04-21,354000.0,"상승  2,500",348000.0,359500.0,343500.0,710608.0,LG화학,051910
2020-04-22,355000.0,"상승  1,000",346500.0,357000.0,345500.0,362008.0,LG화학,051910
2020-04-23,361000.0,"상승  6,000",360000.0,361500.0,356500.0,343123.0,LG화학,051910
2020-04-24,353500.0,"하락  7,500",358000.0,358500.0,350000.0,270535.0,LG화학,051910
2020-04-27,353500.0,보합0,353500.0,357000.0,348000.0,445576.0,LG화학,051910
2020-04-28,362500.0,"상승  9,000",365000.0,371500.0,354000.0,582497.0,LG화학,051910
2020-04-29,376500.0,"상승  14,000",368000.0,376500.0,365000.0,566265.0,LG화학,051910
2020-05-04,360000.0,"하락  16,500",361000.0,366000.0,358000.0,669179.0,LG화학,051910
2020-05-06,361000.0,"상승  1,000",366500.0,366500.0,356500.0,344167.0,LG화학,051910
2020-05-07,354000.0,"하락  7,000",358000.0,361000.0,352500.0,431374.0,LG화학,051910
2020-05-08,352500.0,"하락  1,500",349000.0,356500.0,346500.0,678484.0,LG화학,051910
2020-05-11,346500.0,"하락  6,000",351500.0,354000.0,345000.0,629395.0,LG화학,051910
2020-05-12,338000.0,"하락  8,500",346000.0,346000.0,336500.0,554982.0,LG화학,051910
2020-05-13,352000.0,"상승  14,000",330000.0,352500.0,330000.0,861294.0,LG화학,051910
2020-05-14,344500.0,"하락  7,500",348000.0,351000.0,341000.0,399418.0,LG화학,051910
2020-05-15,346500.0,"상승  2,000",348500.0,349500.0,343000.0,364374.0,LG화학,051910
2020-05-18,354000.0,"상승  7,500",349500.0,356000.0,346000.0,408948.0,LG화학,051910
2020-05-19,357000.0,"상승  3,000",363500.0,364000.0,356500.0,395494.0,LG화학,051910
2020-05-20,362500.0,"상승  5,500",352500.0,362500.0,351500.0,358098.0,LG화학,051910
2020-05-21,377500.0,"상승  15,000",367000.0,385000.0,365000.0,1033430.0,LG화학,051910
2020-05-22,377000.0,하락  500,382000.0,385000.0,373500.0,504011.0,LG화학,051910
2020-05-25,389500.0,"상승  12,500",380000.0,389500.0,375000.0,505854.0,LG화학,051910
2020-05-26,414000.0,"상승  24,500",398500.0,416000.0,398000.0,958956.0,LG화학,051910
2020-05-27,395500.0,"하락  18,500",406000.0,412000.0,394500.0,622426.0,LG화학,051910
2020-05-28,388500.0,"하락  7,000",403000.0,404000.0,380000.0,842769.0,LG화학,051910
2020-05-29,390500.0,"상승  2,000",381500.0,391000.0,381500.0,526505.0,LG화학,051910
2020-06-01,396000.0,"상승  5,500",391000.0,401000.0,389500.0,401656.0,LG화학,051910
2020-06-02,395000.0,"하락  1,000",400000.0,402000.0,393000.0,390982.0,LG화학,051910
2020-06-03,400500.0,"상승  5,500",399000.0,401500.0,395000.0,474692.0,LG화학,051910
2020-06-04,417500.0,"상승  17,000",400500.0,420000.0,399500.0,966577.0,LG화학,051910
2020-06-05,434000.0,"상승  16,500",421500.0,434000.0,421000.0,865564.0,LG화학,051910
2020-06-08,434000.0,보합0,440000.0,446000.0,432000.0,684281.0,LG화학,051910
2020-06-09,432500.0,"하락  1,500",439000.0,441500.0,425500.0,609988.0,LG화학,051910
2020-06-10,440000.0,"상승  7,500",432500.0,442000.0,429500.0,535589.0,LG화학,051910
2020-06-11,463000.0,"상승  23,000",447000.0,469500.0,446000.0,1250374.0,LG화학,051910
2020-06-12,462000.0,"하락  1,000",436500.0,466000.0,436000.0,1007453.0,LG화학,051910
2020-06-15,428000.0,"하락  34,000",455000.0,460500.0,428000.0,851192.0,LG화학,051910
2020-06-16,487500.0,"상승  59,500",445000.0,487500.0,444000.0,1156149.0,LG화학,051910
2020-06-17,491500.0,"상승  4,000",484000.0,512000.0,481500.0,1390544.0,LG화학,051910
2020-06-18,491000.0,하락  500,491500.0,494500.0,481500.0,509457.0,LG화학,051910
2020-06-19,512000.0,"상승  21,000",499500.0,512000.0,488000.0,738862.0,LG화학,051910
2020-06-22,506000.0,"하락  6,000",510000.0,519000.0,502000.0,509229.0,LG화학,051910
2020-06-23,504000.0,"하락  2,000",512000.0,518000.0,500000.0,516968.0,LG화학,051910
2020-06-24,516000.0,"상승  12,000",514000.0,520000.0,510000.0,391402.0,LG화학,051910
2020-06-25,499000.0,"하락  17,000",506000.0,513000.0,499000.0,551096.0,LG화학,051910
2020-06-26,501000.0,"상승  2,000",508000.0,509000.0,488500.0,473636.0,LG화학,051910
2020-06-29,489500.0,"하락  11,500",492000.0,501000.0,486000.0,454763.0,LG화학,051910
2020-06-30,490500.0,"상승  1,000",501000.0,502000.0,487500.0,443059.0,LG화학,051910
2020-07-01,491500.0,"상승  1,000",499000.0,503000.0,491000.0,357203.0,LG화학,051910
2020-07-02,496000.0,"상승  4,500",495000.0,496500.0,487500.0,362498.0,LG화학,051910
2020-07-03,507000.0,"상승  11,000",509000.0,515000.0,502000.0,443404.0,LG화학,051910
2020-07-06,509000.0,"상승  2,000",507000.0,511000.0,498500.0,317805.0,LG화학,051910
2020-07-07,516000.0,"상승  7,000",525000.0,531000.0,515000.0,630054.0,LG화학,051910
2020-07-08,513000.0,"하락  3,000",518000.0,521000.0,509000.0,358194.0,LG화학,051910
2020-07-09,539000.0,"상승  26,000",515000.0,549000.0,512000.0,819218.0,LG화학,051910
2020-07-10,529000.0,"하락  10,000",544000.0,548000.0,527000.0,470969.0,LG화학,051910
2020-07-13,547000.0,"상승  18,000",540000.0,548000.0,531000.0,368579.0,LG화학,051910
2020-07-14,534000.0,"하락  13,000",535000.0,545000.0,531000.0,441154.0,LG화학,051910
2020-07-15,544000.0,"상승  10,000",539000.0,546000.0,536000.0,341645.0,LG화학,051910
2020-07-16,523000.0,"하락  21,000",547000.0,547000.0,520000.0,504937.0,LG화학,051910
2020-07-17,516000.0,"하락  7,000",516000.0,522000.0,505000.0,540426.0,LG화학,051910
2020-07-20,511000.0,"하락  5,000",518000.0,519000.0,506000.0,318383.0,LG화학,051910
2020-07-21,531000.0,"상승  20,000",525000.0,537000.0,522000.0,489307.0,LG화학,051910
2020-07-22,527000.0,"하락  4,000",524000.0,529000.0,516000.0,332150.0,LG화학,051910
2020-07-23,532000.0,"상승  5,000",535000.0,535000.0,522000.0,270382.0,LG화학,051910
2020-07-24,516000.0,"하락  16,000",521000.0,526000.0,513000.0,406633.0,LG화학,051910
2020-07-27,517000.0,"상승  1,000",509000.0,520000.0,509000.0,257568.0,LG화학,051910
2020-07-28,528000.0,"상승  11,000",526000.0,532000.0,521000.0,372041.0,LG화학,051910
2020-07-29,527000.0,"하락  1,000",527000.0,538000.0,523000.0,315710.0,LG화학,051910
2020-07-30,530000.0,"상승  3,000",530000.0,533000.0,523000.0,244581.0,LG화학,051910
2020-07-31,568000.0,"상승  38,000",541000.0,580000.0,532000.0,1376453.0,LG화학,051910
2020-08-03,635000.0,"상승  67,000",578000.0,650000.0,577000.0,1715295.0,LG화학,051910
2020-08-04,642000.0,"상승  7,000",652000.0,665000.0,635000.0,894736.0,LG화학,051910
2020-08-05,670000.0,"상승  28,000",640000.0,681000.0,637000.0,917661.0,LG화학,051910
2020-08-06,680000.0,"상승  10,000",672000.0,688000.0,659000.0,634951.0,LG화학,051910
2020-08-07,746000.0,"상승  66,000",680000.0,758000.0,680000.0,1399982.0,LG화학,051910
2020-08-10,720000.0,"하락  26,000",747000.0,748000.0,716000.0,1035305.0,LG화학,051910
2020-08-11,758000.0,"상승  38,000",715000.0,771000.0,708000.0,1087515.0,LG화학,051910
2020-08-12,741000.0,"하락  17,000",746000.0,764000.0,740000.0,673527.0,LG화학,051910
2020-08-13,737000.0,"하락  4,000",758000.0,776000.0,722000.0,970866.0,LG화학,051910
2020-08-14,700000.0,"하락  37,000",716000.0,724000.0,695000.0,1160403.0,LG화학,051910
2020-08-18,690000.0,"하락  10,000",689000.0,722000.0,673000.0,1051815.0,LG화학,051910
2020-08-19,683000.0,"하락  7,000",708000.0,710000.0,677000.0,746732.0,LG화학,051910
2020-08-20,667000.0,"하락  16,000",681000.0,697000.0,662000.0,841507.0,LG화학,051910
2020-08-21,699000.0,"상승  32,000",676000.0,709000.0,676000.0,1078744.0,LG화학,051910
2020-08-24,702000.0,"상승  3,000",695000.0,708000.0,687000.0,574924.0,LG화학,051910
2020-08-25,713000.0,"상승  11,000",712000.0,714000.0,703000.0,450237.0,LG화학,051910
2020-08-26,757000.0,"상승  44,000",718000.0,768000.0,716000.0,1094918.0,LG화학,051910
2020-08-27,762000.0,"상승  5,000",774000.0,785000.0,759000.0,1060767.0,LG화학,051910
2020-08-28,759000.0,"하락  3,000",767000.0,776000.0,751000.0,496857.0,LG화학,051910
2020-08-31,740000.0,"하락  19,000",763000.0,775000.0,731000.0,835300.0,LG화학,051910
2020-09-01,743000.0,"상승  3,000",741000.0,753000.0,723000.0,645681.0,LG화학,051910
2020-09-02,742000.0,"하락  1,000",743000.0,747000.0,728000.0,462821.0,LG화학,051910
2020-09-03,768000.0,"상승  26,000",756000.0,774000.0,756000.0,690256.0,LG화학,051910
2020-09-04,743000.0,"하락  25,000",734000.0,751000.0,734000.0,773517.0,LG화학,051910
2020-09-07,720000.0,"하락  23,000",743000.0,743000.0,718000.0,635302.0,LG화학,051910
2020-09-08,709000.0,"하락  11,000",720000.0,727000.0,697000.0,811834.0,LG화학,051910
2020-09-09,699000.0,"하락  10,000",682000.0,704000.0,682000.0,575376.0,LG화학,051910
2020-09-10,713000.0,"상승  14,000",716000.0,716000.0,699000.0,541097.0,LG화학,051910
2020-09-11,705000.0,"하락  8,000",707000.0,709000.0,695000.0,361882.0,LG화학,051910
2020-09-14,712000.0,"상승  7,000",707000.0,715000.0,696000.0,327850.0,LG화학,051910
2020-09-15,726000.0,"상승  14,000",722000.0,728000.0,710000.0,435166.0,LG화학,051910
2020-09-16,687000.0,"하락  39,000",730000.0,732000.0,685000.0,958233.0,LG화학,051910
2020-09-17,645000.0,"하락  42,000",671000.0,687000.0,625000.0,3408145.0,LG화학,051910
2020-09-18,666000.0,"상승  21,000",653000.0,677000.0,650000.0,1775061.0,LG화학,051910
2020-09-21,627000.0,"하락  39,000",656000.0,657000.0,626000.0,1239438.0,LG화학,051910
2020-09-22,639000.0,"상승  12,000",646000.0,659000.0,633000.0,1209481.0,LG화학,051910
2020-09-23,630000.0,"하락  9,000",660000.0,662000.0,604000.0,1271568.0,LG화학,051910
2020-09-24,611000.0,"하락  19,000",619000.0,643000.0,610000.0,872924.0,LG화학,051910
2020-09-25,627000.0,"상승  16,000",621000.0,630000.0,604000.0,493489.0,LG화학,051910
2020-09-28,626000.0,"하락  1,000",636000.0,639000.0,616000.0,367111.0,LG화학,051910
2020-09-29,654000.0,"상승  28,000",659000.0,660000.0,636000.0,677451.0,LG화학,051910
2020-10-05,659000.0,"상승  5,000",670000.0,670000.0,648000.0,443499.0,LG화학,051910
2020-10-06,674000.0,"상승  15,000",659000.0,680000.0,654000.0,451956.0,LG화학,051910
2020-10-07,680000.0,"상승  6,000",673000.0,680000.0,667000.0,294545.0,LG화학,051910
2020-10-08,692000.0,"상승  12,000",684000.0,698000.0,682000.0,564700.0,LG화학,051910
2020-10-12,672000.0,"하락  20,000",680000.0,692000.0,670000.0,551057.0,LG화학,051910
2020-10-13,644000.0,"하락  28,000",675000.0,678000.0,640000.0,678451.0,LG화학,051910
2020-10-14,628000.0,"하락  16,000",642000.0,644000.0,620000.0,725349.0,LG화학,051910
2020-10-15,637000.0,"상승  9,000",636000.0,648000.0,629000.0,531454.0,LG화학,051910
2020-10-16,640000.0,"상승  3,000",633000.0,643000.0,628000.0,310579.0,LG화학,051910
2020-10-19,615000.0,"하락  25,000",642000.0,642000.0,614000.0,473127.0,LG화학,051910
2020-10-20,621000.0,"상승  6,000",606000.0,626000.0,605000.0,483397.0,LG화학,051910
2020-10-21,617000.0,"하락  4,000",624000.0,626000.0,614000.0,241633.0,LG화학,051910
2020-10-22,639000.0,"상승  22,000",623000.0,642000.0,621000.0,512433.0,LG화학,051910
2020-10-23,650000.0,"상승  11,000",646000.0,650000.0,633000.0,405718.0,LG화학,051910
2020-10-26,646000.0,"하락  4,000",645000.0,650000.0,634000.0,264208.0,LG화학,051910
2020-10-27,632000.0,"하락  14,000",633000.0,641000.0,627000.0,261388.0,LG화학,051910
2020-10-28,642000.0,"상승  10,000",647000.0,647000.0,626000.0,368105.0,LG화학,051910
2020-10-29,651000.0,"상승  9,000",629000.0,654000.0,629000.0,386081.0,LG화학,051910
2020-10-30,611000.0,"하락  40,000",647000.0,648000.0,611000.0,820454.0,LG화학,051910
2020-11-02,623000.0,"상승  12,000",609000.0,625000.0,588000.0,505856.0,LG화학,051910
2020-11-03,656000.0,"상승  33,000",630000.0,659000.0,628000.0,638480.0,LG화학,051910
2020-11-04,650000.0,"하락  6,000",662000.0,673000.0,645000.0,472730.0,LG화학,051910
2020-11-05,677000.0,"상승  27,000",663000.0,677000.0,656000.0,446583.0,LG화학,051910
2020-11-06,720000.0,"상승  43,000",688000.0,724000.0,686000.0,1268197.0,LG화학,051910
2020-11-09,734000.0,"상승  14,000",739000.0,750000.0,722000.0,601476.0,LG화학,051910
2020-11-10,702000.0,"하락  32,000",722000.0,733000.0,701000.0,563688.0,LG화학,051910
2020-11-11,692000.0,"하락  10,000",708000.0,717000.0,685000.0,528736.0,LG화학,051910
2020-11-12,692000.0,보합0,696000.0,710000.0,691000.0,396873.0,LG화학,051910
2020-11-13,705000.0,"상승  13,000",688000.0,710000.0,680000.0,388449.0,LG화학,051910
2020-11-16,677000.0,"하락  28,000",682000.0,691000.0,675000.0,573360.0,LG화학,051910
2020-11-17,686000.0,"상승  9,000",678000.0,686000.0,675000.0,331899.0,LG화학,051910
2020-11-18,709000.0,"상승  23,000",688000.0,709000.0,686000.0,350805.0,LG화학,051910
2020-11-19,721000.0,"상승  12,000",712000.0,725000.0,709000.0,356316.0,LG화학,051910
2020-11-20,724000.0,"상승  3,000",722000.0,731000.0,716000.0,285042.0,LG화학,051910
2020-11-23,748000.0,"상승  24,000",739000.0,748000.0,735000.0,466506.0,LG화학,051910
2020-11-24,799000.0,"상승  51,000",760000.0,799000.0,754000.0,858347.0,LG화학,051910
2020-11-25,788000.0,"하락  11,000",820000.0,833000.0,784000.0,780482.0,LG화학,051910
2020-11-26,816000.0,"상승  28,000",794000.0,821000.0,783000.0,556575.0,LG화학,051910
2020-11-27,810000.0,"하락  6,000",807000.0,820000.0,798000.0,390212.0,LG화학,051910
2020-11-30,800000.0,"하락  10,000",807000.0,813000.0,790000.0,728920.0,LG화학,051910
2020-12-01,809000.0,"상승  9,000",808000.0,816000.0,794000.0,404022.0,LG화학,051910
2020-12-02,841000.0,"상승  32,000",816000.0,849000.0,811000.0,592081.0,LG화학,051910
2020-12-03,846000.0,"상승  5,000",839000.0,846000.0,827000.0,372854.0,LG화학,051910
2020-12-04,846000.0,보합0,863000.0,863000.0,846000.0,375662.0,LG화학,051910
2020-12-07,816000.0,"하락  30,000",832000.0,838000.0,807000.0,498527.0,LG화학,051910
2020-12-08,811000.0,"하락  5,000",816000.0,830000.0,805000.0,389335.0,LG화학,051910
2020-12-09,836000.0,"상승  25,000",820000.0,836000.0,807000.0,392544.0,LG화학,051910
2020-12-10,817000.0,"하락  19,000",822000.0,833000.0,815000.0,615054.0,LG화학,051910
2020-12-11,808000.0,"하락  9,000",825000.0,827000.0,808000.0,363164.0,LG화학,051910
2020-12-14,793000.0,"하락  15,000",811000.0,811000.0,791000.0,332473.0,LG화학,051910
2020-12-15,801000.0,"상승  8,000",802000.0,804000.0,794000.0,300410.0,LG화학,051910
2020-12-16,819000.0,"상승  18,000",812000.0,822000.0,808000.0,321381.0,LG화학,051910
2020-12-17,830000.0,"상승  11,000",823000.0,830000.0,811000.0,319523.0,LG화학,051910
2020-12-18,814000.0,"하락  16,000",831000.0,832000.0,806000.0,353819.0,LG화학,051910
2020-12-21,815000.0,"상승  1,000",819000.0,823000.0,809000.0,284091.0,LG화학,051910
2020-12-22,797000.0,"하락  18,000",815000.0,816000.0,796000.0,306523.0,LG화학,051910
2020-12-23,806000.0,"상승  9,000",802000.0,830000.0,777000.0,594211.0,LG화학,051910
2020-12-24,818000.0,"상승  12,000",810000.0,822000.0,802000.0,335065.0,LG화학,051910
2020-12-28,814000.0,"하락  4,000",818000.0,824000.0,807000.0,264888.0,LG화학,051910
2020-12-29,813000.0,"하락  1,000",817000.0,827000.0,805000.0,392849.0,LG화학,051910
2020-12-30,824000.0,"상승  11,000",813000.0,824000.0,805000.0,339889.0,LG화학,051910
2021-01-04,889000.0,"상승  65,000",849000.0,900000.0,835000.0,858451.0,LG화학,051910
2021-01-05,893000.0,"상승  4,000",891000.0,893000.0,875000.0,371709.0,LG화학,051910
2021-01-06,890000.0,"하락  3,000",908000.0,912000.0,883000.0,513628.0,LG화학,051910
2021-01-07,962000.0,"상승  72,000",910000.0,969000.0,896000.0,706912.0,LG화학,051910
2021-01-08,999000.0,"상승  37,000",989000.0,1016000.0,970000.0,924780.0,LG화학,051910
2021-01-11,998000.0,"하락  1,000",1012000.0,1045000.0,981000.0,940100.0,LG화학,051910
2021-01-12,962000.0,"하락  36,000",985000.0,994000.0,935000.0,774712.0,LG화학,051910
2021-01-13,1000000.0,"상승  38,000",966000.0,1002000.0,963000.0,571276.0,LG화학,051910
2021-01-14,1010000.0,"상승  10,000",1008000.0,1050000.0,1000000.0,652537.0,LG화학,051910
2021-01-15,979000.0,"하락  31,000",1015000.0,1025000.0,975000.0,445649.0,LG화학,051910
2021-01-18,964000.0,"하락  15,000",958000.0,990000.0,943000.0,423917.0,LG화학,051910
2021-01-19,997000.0,"상승  33,000",983000.0,1003000.0,970000.0,386045.0,LG화학,051910
2021-01-20,1000000.0,"상승  3,000",1004000.0,1010000.0,983000.0,360937.0,LG화학,051910
2021-01-21,988000.0,"하락  12,000",1011000.0,1019000.0,988000.0,364628.0,LG화학,051910
2021-01-22,975000.0,"하락  13,000",986000.0,990000.0,975000.0,394045.0,LG화학,051910
2021-01-25,990000.0,"상승  15,000",990000.0,991000.0,972000.0,298557.0,LG화학,051910
2021-01-26,955000.0,"하락  35,000",994000.0,994000.0,955000.0,476393.0,LG화학,051910
2021-01-27,928000.0,"하락  27,000",945000.0,960000.0,925000.0,739531.0,LG화학,051910
2021-01-28,938000.0,"상승  10,000",905000.0,943000.0,899000.0,677727.0,LG화학,051910
2021-01-29,917000.0,"하락  21,000",955000.0,960000.0,913000.0,626744.0,LG화학,051910
2021-02-01,950000.0,"상승  33,000",923000.0,950000.0,905000.0,401253.0,LG화학,051910
2021-02-02,965000.0,"상승  15,000",963000.0,976000.0,951000.0,426057.0,LG화학,051910
2021-02-03,999000.0,"상승  34,000",980000.0,1000000.0,970000.0,724008.0,LG화학,051910
2021-02-04,1000000.0,"상승  1,000",999000.0,1005000.0,982000.0,440798.0,LG화학,051910
2021-02-05,1028000.0,"상승  28,000",1009000.0,1043000.0,1005000.0,522768.0,LG화학,051910
2021-02-08,990000.0,"하락  38,000",1017000.0,1025000.0,990000.0,288825.0,LG화학,051910
2021-02-09,973000.0,"하락  17,000",994000.0,1012000.0,973000.0,370167.0,LG화학,051910
2021-02-10,960000.0,"하락  13,000",982000.0,983000.0,936000.0,698567.0,LG화학,051910
2021-02-15,990000.0,"상승  30,000",1008000.0,1010000.0,984000.0,450962.0,LG화학,051910
2021-02-16,978000.0,"하락  12,000",992000.0,992000.0,973000.0,214557.0,LG화학,051910
2021-02-17,957000.0,"하락  21,000",987000.0,987000.0,955000.0,335846.0,LG화학,051910
2021-02-18,939000.0,"하락  18,000",954000.0,960000.0,939000.0,350635.0,LG화학,051910
2021-02-19,941000.0,"상승  2,000",939000.0,956000.0,938000.0,255628.0,LG화학,051910
2021-02-22,916000.0,"하락  25,000",943000.0,944000.0,905000.0,450568.0,LG화학,051910
2021-02-23,885000.0,"하락  31,000",901000.0,905000.0,882000.0,522075.0,LG화학,051910
2021-02-24,860000.0,"하락  25,000",875000.0,894000.0,860000.0,452597.0,LG화학,051910
2021-02-25,890000.0,"상승  30,000",867000.0,890000.0,866000.0,451276.0,LG화학,051910
2021-02-26,831000.0,"하락  59,000",865000.0,867000.0,825000.0,656689.0,LG화학,051910
2021-03-02,891000.0,"상승  60,000",863000.0,905000.0,857000.0,697301.0,LG화학,051910
2021-03-03,870000.0,"하락  21,000",883000.0,894000.0,863000.0,416803.0,LG화학,051910
2021-03-04,865000.0,"하락  5,000",870000.0,876000.0,855000.0,348607.0,LG화학,051910
2021-03-05,904000.0,"상승  39,000",853000.0,922000.0,853000.0,548940.0,LG화학,051910
2021-03-08,890000.0,"하락  14,000",911000.0,915000.0,889000.0,289075.0,LG화학,051910
2021-03-09,861000.0,"하락  29,000",888000.0,890000.0,850000.0,436628.0,LG화학,051910
2021-03-10,891000.0,"상승  30,000",910000.0,914000.0,886000.0,364520.0,LG화학,051910
2021-03-11,939000.0,"상승  48,000",907000.0,943000.0,895000.0,601480.0,LG화학,051910
2021-03-12,944000.0,"상승  5,000",962000.0,963000.0,940000.0,255668.0,LG화학,051910
2021-03-15,966000.0,"상승  22,000",960000.0,975000.0,948000.0,336241.0,LG화학,051910
2021-03-16,891000.0,"하락  75,000",917000.0,935000.0,885000.0,941008.0,LG화학,051910
2021-03-17,857000.0,"하락  34,000",881000.0,882000.0,843000.0,780786.0,LG화학,051910
2021-03-18,861000.0,"상승  4,000",865000.0,875000.0,857000.0,554558.0,LG화학,051910
2021-03-19,830000.0,"하락  31,000",840000.0,846000.0,829000.0,537750.0,LG화학,051910
2021-03-22,805000.0,"하락  25,000",826000.0,828000.0,796000.0,595899.0,LG화학,051910
2021-03-23,775000.0,"하락  30,000",809000.0,814000.0,774000.0,727322.0,LG화학,051910
2021-03-24,784000.0,"상승  9,000",771000.0,792000.0,770000.0,506234.0,LG화학,051910
2021-03-25,788000.0,"상승  4,000",800000.0,805000.0,782000.0,530883.0,LG화학,051910
2021-03-26,802000.0,"상승  14,000",795000.0,806000.0,781000.0,624049.0,LG화학,051910
2021-03-29,799000.0,"하락  3,000",805000.0,812000.0,791000.0,275352.0,LG화학,051910
2021-03-30,808000.0,"상승  9,000",802000.0,816000.0,788000.0,372673.0,LG화학,051910
2021-03-31,805000.0,"하락  3,000",823000.0,826000.0,805000.0,374401.0,LG화학,051910
2021-04-01,819000.0,"상승  14,000",817000.0,822000.0,811000.0,361295.0,LG화학,051910
2021-04-02,828000.0,"상승  9,000",830000.0,833000.0,822000.0,283958.0,LG화학,051910
2021-04-05,817000.0,"하락  11,000",828000.0,835000.0,815000.0,188784.0,LG화학,051910
2021-04-06,812000.0,"하락  5,000",821000.0,822000.0,801000.0,265899.0,LG화학,051910
2021-04-07,811000.0,"하락  1,000",815000.0,836000.0,808000.0,279211.0,LG화학,051910
2021-04-08,810000.0,"하락  1,000",811000.0,814000.0,803000.0,288954.0,LG화학,051910
2021-04-09,812000.0,"상승  2,000",814000.0,816000.0,804000.0,376621.0,LG화학,051910
2021-04-12,817000.0,"상승  5,000",845000.0,845000.0,816000.0,485379.0,LG화학,051910
2021-04-13,868000.0,"상승  51,000",825000.0,875000.0,822000.0,713786.0,LG화학,051910
2021-04-14,897000.0,"상승  29,000",892000.0,899000.0,871000.0,555279.0,LG화학,051910
2021-04-15,891000.0,"하락  6,000",898000.0,898000.0,881000.0,299044.0,LG화학,051910
2021-04-16,897000.0,"상승  6,000",897000.0,910000.0,891000.0,271425.0,LG화학,051910
2021-04-19,881000.0,"하락  16,000",903000.0,904000.0,881000.0,268880.0,LG화학,051910
2021-04-20,893000.0,"상승  12,000",884000.0,895000.0,882000.0,232900.0,LG화학,051910
2021-04-21,864000.0,"하락  29,000",884000.0,889000.0,864000.0,361883.0,LG화학,051910
2021-04-22,871000.0,"상승  7,000",872000.0,881000.0,867000.0,201220.0,LG화학,051910
2021-04-23,874000.0,"상승  3,000",877000.0,879000.0,855000.0,210739.0,LG화학,051910
2021-04-26,883000.0,"상승  9,000",880000.0,885000.0,865000.0,219608.0,LG화학,051910
2021-04-27,891000.0,"상승  8,000",891000.0,903000.0,886000.0,404010.0,LG화학,051910
2021-04-28,890000.0,"하락  1,000",890000.0,895000.0,873000.0,341070.0,LG화학,051910
2021-04-29,951000.0,"상승  61,000",915000.0,965000.0,913000.0,1405704.0,LG화학,051910
2021-04-30,932000.0,"하락  19,000",950000.0,950000.0,918000.0,657252.0,LG화학,051910
2021-05-03,907000.0,"하락  25,000",935000.0,935000.0,899000.0,344795.0,LG화학,051910
2021-05-04,920000.0,"상승  13,000",905000.0,927000.0,895000.0,297052.0,LG화학,051910
2021-05-06,938000.0,"상승  18,000",915000.0,939000.0,911000.0,330040.0,LG화학,051910
2021-05-07,919000.0,"하락  19,000",938000.0,941000.0,919000.0,221711.0,LG화학,051910
2021-05-10,912000.0,"하락  7,000",930000.0,931000.0,908000.0,214715.0,LG화학,051910
2021-05-11,911000.0,"하락  1,000",912000.0,922000.0,905000.0,327452.0,LG화학,051910
2021-05-12,863000.0,"하락  48,000",912000.0,913000.0,860000.0,494315.0,LG화학,051910
2021-05-13,850000.0,"하락  13,000",848000.0,858000.0,843000.0,299954.0,LG화학,051910
2021-05-14,854000.0,"상승  4,000",852000.0,865000.0,846000.0,218492.0,LG화학,051910
2021-05-17,860000.0,"상승  6,000",862000.0,867000.0,854000.0,126099.0,LG화학,051910
2021-05-18,881000.0,"상승  21,000",868000.0,889000.0,865000.0,185804.0,LG화학,051910
2021-05-20,903000.0,"상승  22,000",915000.0,915000.0,887000.0,318001.0,LG화학,051910
2021-05-21,894000.0,"하락  9,000",913000.0,915000.0,881000.0,228349.0,LG화학,051910
2021-05-24,892000.0,"하락  2,000",894000.0,901000.0,882000.0,150518.0,LG화학,051910
2021-05-25,892000.0,보합0,897000.0,907000.0,889000.0,164647.0,LG화학,051910
2021-05-26,832000.0,"하락  60,000",880000.0,880000.0,832000.0,760533.0,LG화학,051910
2021-05-27,803000.0,"하락  29,000",824000.0,825000.0,791000.0,938480.0,LG화학,051910
2021-05-28,832000.0,"상승  29,000",813000.0,835000.0,809000.0,409642.0,LG화학,051910
2021-05-31,819000.0,"하락  13,000",831000.0,831000.0,811000.0,265930.0,LG화학,051910
2021-06-01,825000.0,"상승  6,000",818000.0,830000.0,818000.0,175369.0,LG화학,051910
2021-06-02,807000.0,"하락  18,000",826000.0,826000.0,805000.0,322361.0,LG화학,051910
2021-06-03,812000.0,"상승  5,000",807000.0,818000.0,803000.0,264741.0,LG화학,051910
2021-06-04,809000.0,"하락  3,000",810000.0,810000.0,803000.0,245210.0,LG화학,051910
2021-06-07,814000.0,"상승  5,000",813000.0,819000.0,808000.0,188145.0,LG화학,051910
2021-06-08,808000.0,"하락  6,000",812000.0,814000.0,806000.0,196826.0,LG화학,051910
2021-06-09,802000.0,"하락  6,000",807000.0,810000.0,801000.0,147055.0,LG화학,051910
2021-06-10,807000.0,"상승  5,000",803000.0,808000.0,795000.0,288927.0,LG화학,051910
2021-06-11,850000.0,"상승  43,000",809000.0,850000.0,807000.0,507734.0,LG화학,051910
2021-06-14,827000.0,"하락  23,000",841000.0,842000.0,824000.0,220818.0,LG화학,051910
2021-06-15,820000.0,"하락  7,000",834000.0,841000.0,817000.0,256471.0,LG화학,051910
2021-06-16,808000.0,"하락  12,000",820000.0,820000.0,806000.0,297754.0,LG화학,051910
2021-06-17,835000.0,"상승  27,000",819000.0,840000.0,815000.0,467626.0,LG화학,051910
2021-06-18,822000.0,"하락  13,000",835000.0,840000.0,821000.0,252978.0,LG화학,051910
2021-06-21,822000.0,보합0,812000.0,826000.0,807000.0,144762.0,LG화학,051910
2021-06-22,842000.0,"상승  20,000",825000.0,844000.0,824000.0,243411.0,LG화학,051910
2021-06-23,835000.0,"하락  7,000",846000.0,846000.0,825000.0,220075.0,LG화학,051910
2021-06-24,831000.0,"하락  4,000",837000.0,839000.0,827000.0,188866.0,LG화학,051910
2021-06-25,838000.0,"상승  7,000",841000.0,849000.0,835000.0,199611.0,LG화학,051910
2021-06-28,830000.0,"하락  8,000",838000.0,839000.0,830000.0,89725.0,LG화학,051910
2021-06-29,839000.0,"상승  9,000",840000.0,840000.0,830000.0,196036.0,LG화학,051910
2021-06-30,850000.0,"상승  11,000",848000.0,863000.0,841000.0,309353.0,LG화학,051910
2021-07-01,845000.0,"하락  5,000",851000.0,870000.0,843000.0,327945.0,LG화학,051910
2021-07-02,849000.0,"상승  4,000",850000.0,856000.0,845000.0,132383.0,LG화학,051910
2021-07-05,870000.0,"상승  21,000",856000.0,875000.0,851000.0,221078.0,LG화학,051910
2021-07-06,873000.0,"상승  3,000",874000.0,874000.0,863000.0,156056.0,LG화학,051910
2021-07-07,872000.0,"하락  1,000",880000.0,880000.0,866000.0,139395.0,LG화학,051910
2021-07-08,859000.0,"하락  13,000",873000.0,873000.0,854000.0,220628.0,LG화학,051910
2021-07-09,833000.0,"하락  26,000",859000.0,865000.0,830000.0,277158.0,LG화학,051910
2021-07-12,849000.0,"상승  16,000",842000.0,849000.0,833000.0,151667.0,LG화학,051910
2021-07-13,840000.0,"하락  9,000",860000.0,860000.0,840000.0,160012.0,LG화학,051910
2021-07-14,844000.0,"상승  4,000",846000.0,858000.0,837000.0,235349.0,LG화학,051910
2021-07-15,818000.0,"하락  26,000",844000.0,846000.0,817000.0,371147.0,LG화학,051910
2021-07-16,828000.0,"상승  10,000",820000.0,828000.0,818000.0,215692.0,LG화학,051910
2021-07-19,820000.0,"하락  8,000",827000.0,828000.0,820000.0,126570.0,LG화학,051910
2021-07-20,815000.0,"하락  5,000",810000.0,818000.0,809000.0,104113.0,LG화학,051910
2021-07-21,810000.0,"하락  5,000",823000.0,823000.0,810000.0,146224.0,LG화학,051910
2021-07-22,826000.0,"상승  16,000",820000.0,826000.0,815000.0,232708.0,LG화학,051910
2021-07-23,828000.0,"상승  2,000",835000.0,835000.0,820000.0,149803.0,LG화학,051910
2021-07-26,817000.0,"하락  11,000",827000.0,827000.0,815000.0,182829.0,LG화학,051910
2021-07-27,835000.0,"상승  18,000",827000.0,837000.0,823000.0,326286.0,LG화학,051910
2021-07-28,835000.0,보합0,831000.0,836000.0,827000.0,252183.0,LG화학,051910
2021-07-29,835000.0,보합0,843000.0,843000.0,831000.0,142235.0,LG화학,051910
2021-07-30,842000.0,"상승  7,000",845000.0,857000.0,836000.0,318555.0,LG화학,051910
2021-08-02,864000.0,"상승  22,000",848000.0,865000.0,830000.0,314349.0,LG화학,051910
2021-08-03,853000.0,"하락  11,000",872000.0,872000.0,850000.0,224682.0,LG화학,051910
2021-08-04,856000.0,"상승  3,000",846000.0,862000.0,832000.0,227941.0,LG화학,051910
2021-08-05,857000.0,"상승  1,000",849000.0,862000.0,845000.0,228011.0,LG화학,051910
2021-08-06,842000.0,"하락  15,000",859000.0,860000.0,841000.0,181169.0,LG화학,051910
2021-08-09,846000.0,"상승  4,000",843000.0,847000.0,835000.0,162031.0,LG화학,051910
2021-08-10,852000.0,"상승  6,000",852000.0,855000.0,840000.0,200490.0,LG화학,051910
2021-08-11,851000.0,"하락  1,000",855000.0,863000.0,842000.0,232194.0,LG화학,051910
2021-08-12,878000.0,"상승  27,000",861000.0,879000.0,856000.0,448345.0,LG화학,051910
2021-08-13,896000.0,"상승  18,000",882000.0,899000.0,878000.0,398111.0,LG화학,051910
2021-08-17,893000.0,"하락  3,000",900000.0,903000.0,885000.0,286560.0,LG화학,051910
2021-08-18,896000.0,"상승  3,000",907000.0,908000.0,885000.0,166366.0,LG화학,051910
2021-08-19,894000.0,"하락  2,000",892000.0,900000.0,887000.0,250867.0,LG화학,051910
2021-08-20,898000.0,"상승  4,000",903000.0,910000.0,892000.0,220082.0,LG화학,051910
2021-08-23,798000.0,"하락  100,000",865000.0,869000.0,789000.0,944586.0,LG화학,051910
2021-08-24,787000.0,"하락  11,000",775000.0,810000.0,772000.0,895863.0,LG화학,051910
2021-08-25,799000.0,"상승  12,000",791000.0,805000.0,790000.0,459360.0,LG화학,051910
2021-08-26,788000.0,"하락  11,000",798000.0,802000.0,785000.0,240562.0,LG화학,051910
2021-08-27,783000.0,"하락  5,000",782000.0,788000.0,757000.0,353049.0,LG화학,051910
2021-08-30,770000.0,"하락  13,000",787000.0,789000.0,767000.0,252845.0,LG화학,051910
2021-08-31,758000.0,"하락  12,000",770000.0,777000.0,752000.0,577128.0,LG화학,051910
2021-09-01,721000.0,"하락  37,000",763000.0,766000.0,721000.0,906907.0,LG화학,051910
2021-09-02,711000.0,"하락  10,000",715000.0,721000.0,705000.0,781458.0,LG화학,051910
2021-09-03,725000.0,"상승  14,000",703000.0,726000.0,696000.0,718380.0,LG화학,051910
2021-09-06,750000.0,"상승  25,000",720000.0,754000.0,717000.0,545952.0,LG화학,051910
2021-09-07,758000.0,"상승  8,000",757000.0,761000.0,747000.0,411836.0,LG화학,051910
2021-09-08,756000.0,"하락  2,000",758000.0,760000.0,749000.0,301550.0,LG화학,051910
2021-09-09,748000.0,"하락  8,000",748000.0,752000.0,739000.0,313846.0,LG화학,051910
2021-09-10,740000.0,"하락  8,000",748000.0,753000.0,740000.0,267584.0,LG화학,051910
2021-09-13,747000.0,"상승  7,000",734000.0,747000.0,727000.0,312766.0,LG화학,051910
2021-09-14,734000.0,"하락  13,000",744000.0,748000.0,729000.0,243009.0,LG화학,051910
2021-09-15,718000.0,"하락  16,000",723000.0,725000.0,706000.0,457453.0,LG화학,051910
2021-09-16,716000.0,"하락  2,000",716000.0,723000.0,713000.0,251126.0,LG화학,051910
2021-09-17,701000.0,"하락  15,000",712000.0,713000.0,701000.0,337421.0,LG화학,051910
2021-09-23,760000.0,"상승  59,000",712000.0,760000.0,701000.0,762911.0,LG화학,051910
2021-09-24,761000.0,"상승  1,000",770000.0,770000.0,746000.0,399539.0,LG화학,051910
2021-09-27,770000.0,"상승  9,000",763000.0,770000.0,757000.0,234240.0,LG화학,051910
2021-09-28,776000.0,"상승  6,000",777000.0,783000.0,765000.0,293276.0,LG화학,051910
2021-09-29,767000.0,"하락  9,000",762000.0,769000.0,749000.0,346422.0,LG화학,051910
2021-09-30,776000.0,"상승  9,000",754000.0,780000.0,748000.0,365073.0,LG화학,051910
2021-10-01,770000.0,"하락  6,000",778000.0,781000.0,764000.0,231735.0,LG화학,051910
2021-10-05,747000.0,"하락  23,000",767000.0,769000.0,737000.0,289280.0,LG화학,051910
2021-10-06,743000.0,"하락  4,000",750000.0,770000.0,743000.0,274023.0,LG화학,051910
2021-10-07,737000.0,"하락  6,000",743000.0,750000.0,722000.0,255037.0,LG화학,051910
2021-10-08,764000.0,"상승  27,000",749000.0,768000.0,742000.0,306286.0,LG화학,051910
2021-10-12,796000.0,"상승  32,000",779000.0,797000.0,770000.0,504233.0,LG화학,051910
2021-10-13,808000.0,"상승  12,000",797000.0,813000.0,782000.0,341155.0,LG화학,051910
2021-10-14,848000.0,"상승  40,000",831000.0,848000.0,825000.0,472154.0,LG화학,051910
2021-10-15,836000.0,"하락  12,000",835000.0,848000.0,831000.0,206286.0,LG화학,051910
2021-10-18,827000.0,"하락  9,000",827000.0,849000.0,825000.0,185465.0,LG화학,051910
2021-10-19,831000.0,"상승  4,000",837000.0,841000.0,827000.0,130673.0,LG화학,051910
2021-10-20,840000.0,"상승  9,000",847000.0,863000.0,840000.0,273548.0,LG화학,051910
2021-10-21,806000.0,"하락  34,000",823000.0,833000.0,802000.0,262926.0,LG화학,051910
2021-10-22,818000.0,"상승  12,000",807000.0,828000.0,807000.0,160106.0,LG화학,051910
2021-10-25,821000.0,"상승  3,000",813000.0,829000.0,800000.0,170671.0,LG화학,051910
2021-10-26,830000.0,"상승  9,000",840000.0,844000.0,826000.0,175513.0,LG화학,051910
2021-10-27,825000.0,"하락  5,000",827000.0,832000.0,811000.0,153039.0,LG화학,051910
2021-10-28,850000.0,"상승  25,000",831000.0,864000.0,828000.0,416963.0,LG화학,051910
2021-10-29,836000.0,"하락  14,000",850000.0,860000.0,836000.0,316682.0,LG화학,051910
2021-11-01,832000.0,"하락  4,000",849000.0,849000.0,825000.0,219710.0,LG화학,051910
2021-11-02,831000.0,"하락  1,000",840000.0,856000.0,827000.0,143263.0,LG화학,051910
2021-11-03,784000.0,"하락  47,000",818000.0,819000.0,780000.0,380709.0,LG화학,051910
2021-11-04,790000.0,"상승  6,000",796000.0,802000.0,785000.0,287067.0,LG화학,051910
2021-11-05,786000.0,"하락  4,000",800000.0,800000.0,779000.0,173098.0,LG화학,051910
2021-11-08,771000.0,"하락  15,000",792000.0,792000.0,766000.0,171469.0,LG화학,051910
2021-11-09,769000.0,"하락  2,000",771000.0,778000.0,759000.0,214251.0,LG화학,051910
2021-11-10,739000.0,"하락  30,000",758000.0,758000.0,733000.0,258543.0,LG화학,051910
2021-11-11,757000.0,"상승  18,000",746000.0,769000.0,742000.0,279482.0,LG화학,051910
2021-11-12,774000.0,"상승  17,000",767000.0,774000.0,757000.0,195369.0,LG화학,051910
2021-11-15,765000.0,"하락  9,000",773000.0,780000.0,751000.0,167747.0,LG화학,051910
2021-11-16,777000.0,"상승  12,000",773000.0,785000.0,765000.0,188716.0,LG화학,051910
2021-11-17,769000.0,"하락  8,000",785000.0,787000.0,765000.0,131941.0,LG화학,051910
2021-11-18,776000.0,"상승  7,000",773000.0,780000.0,760000.0,148071.0,LG화학,051910
2021-11-19,758000.0,"하락  18,000",770000.0,779000.0,755000.0,232115.0,LG화학,051910
2021-11-22,765000.0,"상승  7,000",758000.0,765000.0,751000.0,200500.0,LG화학,051910
2021-11-23,740000.0,"하락  25,000",765000.0,768000.0,739000.0,222133.0,LG화학,051910
2021-11-24,747000.0,"상승  7,000",747000.0,757000.0,740000.0,206853.0,LG화학,051910
2021-11-25,739000.0,"하락  8,000",741000.0,748000.0,737000.0,112764.0,LG화학,051910
2021-11-26,721000.0,"하락  18,000",734000.0,740000.0,720000.0,201250.0,LG화학,051910
2021-11-29,712000.0,"하락  9,000",715000.0,723000.0,710000.0,171460.0,LG화학,051910
2021-11-30,694000.0,"하락  18,000",709000.0,716000.0,694000.0,395074.0,LG화학,051910
2021-12-01,718000.0,"상승  24,000",702000.0,722000.0,696000.0,251126.0,LG화학,051910
2021-12-02,727000.0,"상승  9,000",734000.0,734000.0,711000.0,268812.0,LG화학,051910
2021-12-03,717000.0,"하락  10,000",727000.0,727000.0,711000.0,229502.0,LG화학,051910
2021-12-06,717000.0,보합0,722000.0,722000.0,706000.0,140266.0,LG화학,051910
2021-12-07,711000.0,"하락  6,000",720000.0,726000.0,708000.0,173785.0,LG화학,051910
2021-12-08,751000.0,"상승  40,000",719000.0,754000.0,718000.0,463760.0,LG화학,051910
2021-12-09,747000.0,"하락  4,000",759000.0,764000.0,745000.0,371186.0,LG화학,051910
2021-12-10,740000.0,"하락  7,000",737000.0,746000.0,729000.0,267924.0,LG화학,051910
2021-12-13,738000.0,"하락  2,000",740000.0,745000.0,731000.0,217195.0,LG화학,051910
2021-12-14,701000.0,"하락  37,000",724000.0,729000.0,699000.0,436465.0,LG화학,051910
2021-12-15,696000.0,"하락  5,000",697000.0,703000.0,695000.0,228912.0,LG화학,051910
2021-12-16,705000.0,"상승  9,000",706000.0,714000.0,699000.0,226179.0,LG화학,051910
2021-12-17,697000.0,"하락  8,000",698000.0,703000.0,695000.0,231327.0,LG화학,051910
2021-12-20,656000.0,"하락  41,000",701000.0,702000.0,648000.0,556191.0,LG화학,051910
2021-12-21,642000.0,"하락  14,000",656000.0,658000.0,636000.0,503987.0,LG화학,051910
2021-12-22,625000.0,"하락  17,000",640000.0,645000.0,622000.0,522225.0,LG화학,051910
2021-12-23,634000.0,"상승  9,000",627000.0,635000.0,625000.0,273757.0,LG화학,051910
2021-12-24,621000.0,"하락  13,000",638000.0,640000.0,620000.0,292150.0,LG화학,051910
2021-12-27,627000.0,"상승  6,000",620000.0,632000.0,616000.0,147200.0,LG화학,051910
2021-12-28,632000.0,"상승  5,000",630000.0,633000.0,624000.0,181706.0,LG화학,051910
2021-12-29,628000.0,"하락  4,000",629000.0,632000.0,624000.0,161669.0,LG화학,051910
2021-12-30,615000.0,"하락  13,000",630000.0,630000.0,611000.0,243420.0,LG화학,051910
2022-01-03,618000.0,"상승  3,000",622000.0,627000.0,616000.0,192335.0,LG화학,051910
2022-01-04,644000.0,"상승  26,000",626000.0,645000.0,620000.0,406952.0,LG화학,051910
2022-01-05,664000.0,"상승  20,000",652000.0,666000.0,635000.0,523345.0,LG화학,051910
2022-01-06,690000.0,"상승  26,000",670000.0,691000.0,662000.0,692603.0,LG화학,051910
2022-01-07,719000.0,"상승  29,000",720000.0,722000.0,691000.0,836306.0,LG화학,051910
2022-01-10,710000.0,"하락  9,000",732000.0,732000.0,695000.0,549323.0,LG화학,051910
2022-01-11,734000.0,"상승  24,000",708000.0,735000.0,707000.0,462973.0,LG화학,051910
2022-01-12,773000.0,"상승  39,000",750000.0,774000.0,747000.0,646296.0,LG화학,051910
2022-01-13,755000.0,"하락  18,000",766000.0,767000.0,742000.0,545491.0,LG화학,051910
2022-01-14,716000.0,"하락  39,000",746000.0,752000.0,712000.0,319701.0,LG화학,051910
2022-01-17,707000.0,"하락  9,000",713000.0,732000.0,698000.0,281141.0,LG화학,051910
2022-01-18,694000.0,"하락  13,000",713000.0,720000.0,691000.0,245949.0,LG화학,051910
2022-01-19,653000.0,"하락  41,000",690000.0,693000.0,643000.0,440752.0,LG화학,051910
2022-01-20,696000.0,"상승  43,000",640000.0,697000.0,633000.0,450658.0,LG화학,051910
2022-01-21,694000.0,"하락  2,000",697000.0,710000.0,679000.0,324652.0,LG화학,051910
2022-01-24,671000.0,"하락  23,000",693000.0,694000.0,663000.0,246196.0,LG화학,051910
2022-01-25,643000.0,"하락  28,000",654000.0,668000.0,630000.0,349700.0,LG화학,051910
2022-01-26,664000.0,"상승  21,000",643000.0,675000.0,643000.0,374033.0,LG화학,051910
2022-01-27,610000.0,"하락  54,000",644000.0,669000.0,605000.0,882032.0,LG화학,051910
2022-01-28,639000.0,"상승  29,000",628000.0,643000.0,622000.0,528869.0,LG화학,051910
2022-02-03,677000.0,"상승  38,000",677000.0,691000.0,661000.0,356414.0,LG화학,051910
2022-02-04,678000.0,"상승  1,000",680000.0,687000.0,668000.0,217715.0,LG화학,051910
2022-02-07,639000.0,"하락  39,000",676000.0,677000.0,638000.0,317108.0,LG화학,051910
2022-02-08,617000.0,"하락  22,000",630000.0,655000.0,617000.0,691459.0,LG화학,051910
2022-02-09,610000.0,"하락  7,000",624000.0,627000.0,610000.0,389461.0,LG화학,051910
2022-02-10,661000.0,"상승  51,000",613000.0,666000.0,613000.0,694375.0,LG화학,051910
2022-02-11,633000.0,"하락  28,000",645000.0,658000.0,633000.0,310519.0,LG화학,051910
2022-02-14,619000.0,"하락  14,000",632000.0,640000.0,618000.0,219372.0,LG화학,051910
2022-02-15,622000.0,"상승  3,000",630000.0,654000.0,622000.0,277189.0,LG화학,051910
2022-02-16,653000.0,"상승  31,000",650000.0,657000.0,636000.0,380506.0,LG화학,051910
2022-02-17,640000.0,"하락  13,000",650000.0,654000.0,635000.0,294891.0,LG화학,051910
2022-02-18,629000.0,"하락  11,000",633000.0,648000.0,629000.0,182644.0,LG화학,051910
2022-02-21,616000.0,"하락  13,000",616000.0,626000.0,600000.0,316630.0,LG화학,051910
2022-02-22,590000.0,"하락  26,000",600000.0,604000.0,587000.0,473027.0,LG화학,051910
2022-02-23,589000.0,"하락  1,000",593000.0,600000.0,582000.0,274373.0,LG화학,051910
2022-02-24,549000.0,"하락  40,000",577000.0,580000.0,548000.0,498865.0,LG화학,051910
2022-02-25,554000.0,"상승  5,000",562000.0,564000.0,546000.0,371646.0,LG화학,051910
2022-02-28,565000.0,"상승  11,000",550000.0,569000.0,542000.0,351838.0,LG화학,051910
2022-03-02,555000.0,"하락  10,000",565000.0,565000.0,549000.0,276155.0,LG화학,051910
2022-03-03,558000.0,"상승  3,000",559000.0,565000.0,551000.0,228286.0,LG화학,051910
2022-03-04,535000.0,"하락  23,000",552000.0,554000.0,534000.0,311241.0,LG화학,051910
2022-03-07,514000.0,"하락  21,000",522000.0,526000.0,503000.0,454602.0,LG화학,051910
2022-03-08,503000.0,"하락  11,000",501000.0,513000.0,498000.0,289591.0,LG화학,051910
2022-03-10,496500.0,"하락  6,500",498000.0,521000.0,493500.0,743086.0,LG화학,051910
2022-03-11,472000.0,"하락  24,500",496000.0,499500.0,469500.0,713668.0,LG화학,051910
2022-03-14,457000.0,"하락  15,000",465000.0,472000.0,454000.0,617168.0,LG화학,051910
2022-03-15,439000.0,"하락  18,000",447500.0,451000.0,438500.0,678296.0,LG화학,051910
2022-03-16,442000.0,"상승  3,000",446000.0,446500.0,437000.0,425454.0,LG화학,051910
2022-03-17,470000.0,"상승  28,000",453500.0,475000.0,453500.0,911878.0,LG화학,051910
2022-03-18,488500.0,"상승  18,500",480000.0,491500.0,473000.0,559378.0,LG화학,051910
2022-03-21,490000.0,"상승  1,500",493000.0,496500.0,483000.0,317216.0,LG화학,051910
2022-03-22,492000.0,"상승  2,000",496500.0,497000.0,487500.0,222919.0,LG화학,051910
2022-03-23,508000.0,"상승  16,000",497500.0,510000.0,494500.0,307359.0,LG화학,051910
2022-03-24,531000.0,"상승  23,000",518000.0,532000.0,512000.0,523564.0,LG화학,051910
2022-03-25,526000.0,"하락  5,000",536000.0,537000.0,520000.0,322408.0,LG화학,051910
2022-03-28,523000.0,"하락  3,000",527000.0,530000.0,510000.0,186517.0,LG화학,051910
2022-03-29,523000.0,보합0,528000.0,532000.0,522000.0,144803.0,LG화학,051910
2022-03-30,525000.0,"상승  2,000",528000.0,531000.0,521000.0,175835.0,LG화학,051910
2022-03-31,532000.0,"상승  7,000",523000.0,534000.0,517000.0,169611.0,LG화학,051910
2022-04-01,523000.0,"하락  9,000",538000.0,545000.0,520000.0,198741.0,LG화학,051910
2022-04-04,526000.0,"상승  3,000",522000.0,527000.0,516000.0,95926.0,LG화학,051910
2022-04-05,540000.0,"상승  14,000",537000.0,546000.0,534000.0,225685.0,LG화학,051910
2022-04-06,530000.0,"하락  10,000",536000.0,539000.0,529000.0,125060.0,LG화학,051910
2022-04-07,518000.0,"하락  12,000",519000.0,524000.0,511000.0,196367.0,LG화학,051910
2022-04-08,525000.0,"상승  7,000",518000.0,527000.0,513000.0,128480.0,LG화학,051910
2022-04-11,510000.0,"하락  15,000",518000.0,524000.0,507000.0,111018.0,LG화학,051910
2022-04-12,505000.0,"하락  5,000",497000.0,509000.0,497000.0,149845.0,LG화학,051910
2022-04-13,518000.0,"상승  13,000",507000.0,518000.0,505000.0,89777.0,LG화학,051910
2022-04-14,514000.0,"하락  4,000",510000.0,519000.0,510000.0,126954.0,LG화학,051910
2022-04-15,505000.0,"하락  9,000",510000.0,513000.0,502000.0,79943.0,LG화학,051910
2022-04-18,500000.0,"하락  5,000",500000.0,504000.0,493500.0,81451.0,LG화학,051910
2022-04-19,503000.0,"상승  3,000",503000.0,510000.0,499500.0,86974.0,LG화학,051910
2022-04-20,505000.0,"상승  2,000",504000.0,513000.0,499000.0,131581.0,LG화학,051910
2022-04-21,503000.0,"하락  2,000",505000.0,509000.0,500000.0,110061.0,LG화학,051910
2022-04-22,486000.0,"하락  17,000",498000.0,498500.0,483000.0,239523.0,LG화학,051910
2022-04-25,486000.0,보합0,475000.0,497500.0,471500.0,229146.0,LG화학,051910
2022-04-26,475000.0,"하락  11,000",487500.0,494500.0,475000.0,198963.0,LG화학,051910
2022-04-27,463000.0,"하락  12,000",461000.0,466500.0,455000.0,283075.0,LG화학,051910
2022-04-28,502000.0,"상승  39,000",470000.0,505000.0,469500.0,553556.0,LG화학,051910
2022-04-29,519000.0,"상승  17,000",506000.0,527000.0,502000.0,479495.0,LG화학,051910
2022-05-02,526000.0,"상승  7,000",513000.0,530000.0,513000.0,223203.0,LG화학,051910
2022-05-03,517000.0,"하락  9,000",519000.0,526000.0,515000.0,161916.0,LG화학,051910
2022-05-04,518000.0,"상승  1,000",519000.0,525000.0,516000.0,130210.0,LG화학,051910
2022-05-06,520000.0,"상승  2,000",518000.0,524000.0,510000.0,200642.0,LG화학,051910
2022-05-09,504000.0,"하락  16,000",517000.0,523000.0,502000.0,211606.0,LG화학,051910
2022-05-10,501000.0,"하락  3,000",490000.0,505000.0,480000.0,449131.0,LG화학,051910
2022-05-11,520000.0,"상승  19,000",496500.0,520000.0,495000.0,238476.0,LG화학,051910
2022-05-12,485500.0,"하락  34,500",511000.0,514000.0,485500.0,276864.0,LG화학,051910
2022-05-13,510000.0,"상승  24,500",493000.0,515000.0,492500.0,220604.0,LG화학,051910
2022-05-16,507000.0,"하락  3,000",515000.0,524000.0,505000.0,140135.0,LG화학,051910
2022-05-17,505000.0,"하락  2,000",501000.0,509000.0,497000.0,159223.0,LG화학,051910
2022-05-18,512000.0,"상승  7,000",520000.0,525000.0,510000.0,168961.0,LG화학,051910
2022-05-19,502000.0,"하락  10,000",495000.0,507000.0,495000.0,200969.0,LG화학,051910
2022-05-20,545000.0,"상승  43,000",505000.0,546000.0,505000.0,531053.0,LG화학,051910
2022-05-23,543000.0,"하락  2,000",547000.0,555000.0,538000.0,270359.0,LG화학,051910
2022-05-24,539000.0,"하락  4,000",544000.0,551000.0,537000.0,198053.0,LG화학,051910
2022-05-25,534000.0,"하락  5,000",549000.0,550000.0,534000.0,198348.0,LG화학,051910
2022-05-26,534000.0,보합0,543000.0,547000.0,533000.0,240223.0,LG화학,051910
2022-05-27,550000.0,"상승  16,000",541000.0,564000.0,541000.0,330735.0,LG화학,051910
2022-05-30,557000.0,"상승  7,000",559000.0,563000.0,541000.0,249598.0,LG화학,051910
2022-05-31,585000.0,"상승  28,000",557000.0,586000.0,555000.0,721921.0,LG화학,051910
2022-06-02,570000.0,"하락  15,000",596000.0,600000.0,570000.0,426553.0,LG화학,051910
2022-06-03,585000.0,"상승  15,000",581000.0,588000.0,570000.0,296215.0,LG화학,051910
2022-06-07,556000.0,"하락  29,000",574000.0,580000.0,555000.0,309089.0,LG화학,051910
2022-06-08,581000.0,"상승  25,000",567000.0,590000.0,560000.0,282013.0,LG화학,051910
2022-06-09,589000.0,"상승  8,000",585000.0,590000.0,574000.0,401828.0,LG화학,051910
2022-06-10,583000.0,"하락  6,000",588000.0,589000.0,573000.0,239123.0,LG화학,051910
2022-06-13,562000.0,"하락  21,000",574000.0,574000.0,556000.0,209761.0,LG화학,051910
2022-06-14,564000.0,"상승  2,000",558000.0,568000.0,548000.0,247673.0,LG화학,051910
2022-06-15,561000.0,"하락  3,000",562000.0,570000.0,558000.0,199680.0,LG화학,051910
2022-06-16,584000.0,"상승  23,000",586000.0,597000.0,570000.0,327560.0,LG화학,051910
2022-06-17,578000.0,"하락  6,000",571000.0,584000.0,562000.0,311529.0,LG화학,051910
2022-06-20,572000.0,"하락  6,000",583000.0,589000.0,565000.0,228497.0,LG화학,051910
2022-06-21,568000.0,"하락  4,000",576000.0,579000.0,565000.0,180207.0,LG화학,051910
2022-06-22,553000.0,"하락  15,000",573000.0,574000.0,552000.0,209917.0,LG화학,051910
2022-06-23,551000.0,"하락  2,000",553000.0,566000.0,546000.0,321659.0,LG화학,051910
2022-06-24,543000.0,"하락  8,000",561000.0,561000.0,539000.0,287977.0,LG화학,051910
2022-06-27,545000.0,"상승  2,000",544000.0,553000.0,535000.0,269873.0,LG화학,051910
2022-06-28,570000.0,"상승  25,000",548000.0,570000.0,543000.0,185976.0,LG화학,051910
2022-06-29,530000.0,"하락  40,000",558000.0,561000.0,523000.0,444423.0,LG화학,051910
2022-06-30,516000.0,"하락  14,000",531000.0,539000.0,516000.0,312772.0,LG화학,051910
2022-07-01,509000.0,"하락  7,000",516000.0,526000.0,503000.0,243043.0,LG화학,051910
2022-07-04,500000.0,"하락  9,000",511000.0,513000.0,497500.0,167301.0,LG화학,051910
2022-07-05,512000.0,"상승  12,000",508000.0,522000.0,505000.0,228594.0,LG화학,051910
2022-07-06,506000.0,"하락  6,000",507000.0,522000.0,500000.0,194029.0,LG화학,051910
2022-07-07,524000.0,"상승  18,000",515000.0,532000.0,513000.0,207035.0,LG화학,051910
2022-07-08,540000.0,"상승  16,000",550000.0,555000.0,540000.0,272655.0,LG화학,051910
2022-07-11,522000.0,"하락  18,000",538000.0,538000.0,516000.0,355703.0,LG화학,051910
2022-07-12,514000.0,"하락  8,000",519000.0,522000.0,509000.0,171869.0,LG화학,051910
2022-07-13,517000.0,"상승  3,000",516000.0,524000.0,511000.0,209137.0,LG화학,051910
2022-07-14,530000.0,"상승  13,000",515000.0,533000.0,514000.0,226078.0,LG화학,051910
2022-07-15,512000.0,"하락  18,000",529000.0,530000.0,507000.0,229151.0,LG화학,051910
2022-07-18,515000.0,"상승  3,000",514000.0,517000.0,505000.0,160879.0,LG화학,051910
2022-07-19,521000.0,"상승  6,000",525000.0,530000.0,517000.0,161162.0,LG화학,051910
2022-07-20,540000.0,"상승  19,000",538000.0,547000.0,535000.0,225805.0,LG화학,051910
2022-07-21,569000.0,"상승  29,000",541000.0,572000.0,540000.0,363430.0,LG화학,051910
2022-07-22,561000.0,"하락  8,000",556000.0,579000.0,555000.0,160911.0,LG화학,051910
2022-07-25,556000.0,"하락  5,000",562000.0,572000.0,552000.0,169024.0,LG화학,051910
2022-07-26,567000.0,"상승  11,000",553000.0,572000.0,547000.0,235116.0,LG화학,051910
2022-07-27,565000.0,"하락  2,000",584000.0,587000.0,556000.0,417385.0,LG화학,051910
2022-07-28,598000.0,"상승  33,000",572000.0,605000.0,555000.0,553103.0,LG화학,051910
2022-07-29,603000.0,"상승  5,000",603000.0,605000.0,595000.0,323842.0,LG화학,051910
2022-08-01,613000.0,"상승  10,000",608000.0,628000.0,601000.0,281615.0,LG화학,051910
2022-08-02,610000.0,"하락  3,000",612000.0,613000.0,604000.0,163355.0,LG화학,051910
2022-08-03,614000.0,"상승  4,000",608000.0,617000.0,597000.0,235931.0,LG화학,051910
2022-08-04,609000.0,"하락  5,000",618000.0,619000.0,602000.0,208348.0,LG화학,051910
2022-08-05,642000.0,"상승  33,000",613000.0,646000.0,611000.0,399896.0,LG화학,051910
2022-08-08,652000.0,"상승  10,000",637000.0,654000.0,634000.0,202613.0,LG화학,051910
2022-08-09,671000.0,"상승  19,000",666000.0,681000.0,653000.0,345726.0,LG화학,051910
2022-08-10,648000.0,"하락  23,000",671000.0,672000.0,646000.0,219243.0,LG화학,051910
2022-08-11,658000.0,"상승  10,000",655000.0,679000.0,649000.0,241071.0,LG화학,051910
2022-08-12,665000.0,"상승  7,000",653000.0,665000.0,645000.0,181272.0,LG화학,051910
2022-08-16,662000.0,"하락  3,000",675000.0,676000.0,659000.0,144859.0,LG화학,051910
2022-08-17,658000.0,"하락  4,000",666000.0,673000.0,648000.0,156969.0,LG화학,051910
2022-08-18,651000.0,"하락  7,000",654000.0,656000.0,645000.0,109764.0,LG화학,051910
2022-08-19,640000.0,"하락  11,000",657000.0,657000.0,639000.0,125190.0,LG화학,051910
2022-08-22,639000.0,"하락  1,000",635000.0,649000.0,627000.0,137281.0,LG화학,051910
2022-08-23,620000.0,"하락  19,000",642000.0,645000.0,617000.0,186219.0,LG화학,051910
2022-08-24,614000.0,"하락  6,000",620000.0,624000.0,604000.0,211971.0,LG화학,051910
2022-08-25,616000.0,"상승  2,000",619000.0,619000.0,607000.0,130414.0,LG화학,051910
2022-08-26,616000.0,보합0,620000.0,635000.0,614000.0,158260.0,LG화학,051910
2022-08-29,604000.0,"하락  12,000",598000.0,615000.0,591000.0,184247.0,LG화학,051910
2022-08-30,611000.0,"상승  7,000",609000.0,615000.0,601000.0,106908.0,LG화학,051910
2022-08-31,632000.0,"상승  21,000",603000.0,632000.0,603000.0,220189.0,LG화학,051910
2022-09-01,623000.0,"하락  9,000",624000.0,632000.0,613000.0,216332.0,LG화학,051910
2022-09-02,610000.0,"하락  13,000",630000.0,631000.0,607000.0,222946.0,LG화학,051910
2022-09-05,616000.0,"상승  6,000",615000.0,620000.0,610000.0,117418.0,LG화학,051910
2022-09-06,619000.0,"상승  3,000",612000.0,621000.0,607000.0,121347.0,LG화학,051910
2022-09-07,623000.0,"상승  4,000",611000.0,626000.0,610000.0,125039.0,LG화학,051910
2022-09-08,644000.0,"상승  21,000",635000.0,649000.0,628000.0,261855.0,LG화학,051910
2022-09-13,665000.0,"상승  21,000",656000.0,667000.0,649000.0,255024.0,LG화학,051910
2022-09-14,663000.0,"하락  2,000",647000.0,666000.0,643000.0,241828.0,LG화학,051910
2022-09-15,658000.0,"하락  5,000",664000.0,667000.0,654000.0,178835.0,LG화학,051910
2022-09-16,635000.0,"하락  23,000",650000.0,655000.0,632000.0,269644.0,LG화학,051910
2022-09-19,635000.0,보합0,636000.0,657000.0,632000.0,176594.0,LG화학,051910
2022-09-20,630000.0,"하락  5,000",637000.0,641000.0,622000.0,151446.0,LG화학,051910
2022-09-21,625000.0,"하락  5,000",630000.0,634000.0,623000.0,130405.0,LG화학,051910
2022-09-22,626000.0,"상승  1,000",611000.0,628000.0,609000.0,169181.0,LG화학,051910
2022-09-23,604000.0,"하락  22,000",623000.0,623000.0,599000.0,170878.0,LG화학,051910
2022-09-26,571000.0,"하락  33,000",591000.0,592000.0,568000.0,228945.0,LG화학,051910
2022-09-27,569000.0,"하락  2,000",571000.0,578000.0,560000.0,198596.0,LG화학,051910
2022-09-28,546000.0,"하락  23,000",564000.0,567000.0,543000.0,268783.0,LG화학,051910
2022-09-29,547000.0,"상승  1,000",550000.0,561000.0,542000.0,238292.0,LG화학,051910
2022-09-30,536000.0,"하락  11,000",539000.0,554000.0,534000.0,195616.0,LG화학,051910
2022-10-04,555000.0,"상승  19,000",546000.0,558000.0,535000.0,243185.0,LG화학,051910
2022-10-05,560000.0,"상승  5,000",562000.0,570000.0,551000.0,277111.0,LG화학,051910
2022-10-06,583000.0,"상승  23,000",563000.0,590000.0,559000.0,271926.0,LG화학,051910
2022-10-07,589000.0,"상승  6,000",575000.0,593000.0,569000.0,226552.0,LG화학,051910
2022-10-11,597000.0,"상승  8,000",584000.0,597000.0,577000.0,182433.0,LG화학,051910
2022-10-12,591000.0,"하락  6,000",588000.0,593000.0,576000.0,223909.0,LG화학,051910
2022-10-13,575000.0,"하락  16,000",596000.0,602000.0,575000.0,179628.0,LG화학,051910
2022-10-14,573000.0,"하락  2,000",583000.0,588000.0,571000.0,202716.0,LG화학,051910
2022-10-17,575000.0,"상승  2,000",565000.0,577000.0,553000.0,204701.0,LG화학,051910
2022-10-18,611000.0,"상승  36,000",586000.0,614000.0,585000.0,252952.0,LG화학,051910
2022-10-19,593000.0,"하락  18,000",581000.0,607000.0,573000.0,373510.0,LG화학,051910
2022-10-20,569000.0,"하락  24,000",588000.0,589000.0,565000.0,331791.0,LG화학,051910
2022-10-21,568000.0,"하락  1,000",570000.0,580000.0,562000.0,215837.0,LG화학,051910
2022-10-24,575000.0,"상승  7,000",579000.0,590000.0,569000.0,223220.0,LG화학,051910
2022-10-25,552000.0,"하락  23,000",576000.0,576000.0,550000.0,394043.0,LG화학,051910
2022-10-26,562000.0,"상승  10,000",557000.0,571000.0,555000.0,377920.0,LG화학,051910
2022-10-27,599000.0,"상승  37,000",572000.0,600000.0,570000.0,368746.0,LG화학,051910
2022-10-28,615000.0,"상승  16,000",593000.0,624000.0,588000.0,382546.0,LG화학,051910
2022-10-31,626000.0,"상승  11,000",627000.0,627000.0,609000.0,742102.0,LG화학,051910
2022-11-01,695000.0,"상승  69,000",633000.0,700000.0,632000.0,542234.0,LG화학,051910
2022-11-02,672000.0,"하락  23,000",696000.0,705000.0,662000.0,406352.0,LG화학,051910
2022-11-03,683000.0,"상승  11,000",660000.0,691000.0,659000.0,280224.0,LG화학,051910
2022-11-04,690000.0,"상승  7,000",679000.0,692000.0,674000.0,228545.0,LG화학,051910
2022-11-07,704000.0,"상승  14,000",693000.0,704000.0,686000.0,227579.0,LG화학,051910
2022-11-08,691000.0,"하락  13,000",703000.0,704000.0,676000.0,275840.0,LG화학,051910
2022-11-09,715000.0,"상승  24,000",692000.0,717000.0,684000.0,259082.0,LG화학,051910
2022-11-10,695000.0,"하락  20,000",706000.0,717000.0,695000.0,244047.0,LG화학,051910
2022-11-11,737000.0,"상승  42,000",730000.0,744000.0,724000.0,304326.0,LG화학,051910
2022-11-14,726000.0,"하락  11,000",740000.0,760000.0,725000.0,261052.0,LG화학,051910
2022-11-15,710000.0,"하락  16,000",735000.0,740000.0,703000.0,317416.0,LG화학,051910
2022-11-16,707000.0,"하락  3,000",700000.0,713000.0,690000.0,288503.0,LG화학,051910
2022-11-17,700000.0,"하락  7,000",704000.0,712000.0,697000.0,129929.0,LG화학,051910
2022-11-18,704000.0,"상승  4,000",701000.0,716000.0,696000.0,142426.0,LG화학,051910
2022-11-21,682000.0,"하락  22,000",704000.0,705000.0,679000.0,182612.0,LG화학,051910
2022-11-22,687000.0,"상승  5,000",682000.0,721000.0,679000.0,310815.0,LG화학,051910
2022-11-23,701000.0,"상승  14,000",700000.0,718000.0,693000.0,191924.0,LG화학,051910
2022-11-24,728000.0,"상승  27,000",718000.0,729000.0,704000.0,579933.0,LG화학,051910
2022-11-25,721000.0,"하락  7,000",726000.0,731000.0,718000.0,101478.0,LG화학,051910
2022-11-28,719000.0,"하락  2,000",721000.0,730000.0,709000.0,138547.0,LG화학,051910
2022-11-29,715000.0,"하락  4,000",719000.0,720000.0,706000.0,111726.0,LG화학,051910
2022-11-30,740000.0,"상승  25,000",716000.0,744000.0,707000.0,320344.0,LG화학,051910
2022-12-01,722000.0,"하락  18,000",748000.0,755000.0,722000.0,249831.0,LG화학,051910
2022-12-02,711000.0,"하락  11,000",718000.0,728000.0,711000.0,163235.0,LG화학,051910
2022-12-05,696000.0,"하락  15,000",703000.0,710000.0,687000.0,245961.0,LG화학,051910
2022-12-06,686000.0,"하락  10,000",687000.0,697000.0,679000.0,148248.0,LG화학,051910
2022-12-07,679000.0,"하락  7,000",685000.0,691000.0,677000.0,171428.0,LG화학,051910
2022-12-08,670000.0,"하락  9,000",682000.0,685000.0,665000.0,249650.0,LG화학,051910
2022-12-09,627000.0,"하락  43,000",665000.0,666000.0,627000.0,438095.0,LG화학,051910
2022-12-12,628000.0,"상승  1,000",621000.0,636000.0,620000.0,189748.0,LG화학,051910
2022-12-13,623000.0,"하락  5,000",628000.0,635000.0,617000.0,280770.0,LG화학,051910
2022-12-14,646000.0,"상승  23,000",625000.0,646000.0,623000.0,208017.0,LG화학,051910
2022-12-15,643000.0,"하락  3,000",640000.0,650000.0,633000.0,170130.0,LG화학,051910
2022-12-16,645000.0,"상승  2,000",637000.0,649000.0,630000.0,176864.0,LG화학,051910
2022-12-19,633000.0,"하락  12,000",640000.0,643000.0,627000.0,101519.0,LG화학,051910
2022-12-20,631000.0,"하락  2,000",631000.0,640000.0,627000.0,88474.0,LG화학,051910
2022-12-21,620000.0,"하락  11,000",627000.0,636000.0,618000.0,98514.0,LG화학,051910
2022-12-22,626000.0,"상승  6,000",625000.0,628000.0,617000.0,102015.0,LG화학,051910
2022-12-23,610000.0,"하락  16,000",619000.0,624000.0,603000.0,135064.0,LG화학,051910
2022-12-26,618000.0,"상승  8,000",604000.0,621000.0,600000.0,99300.0,LG화학,051910
2022-12-27,628000.0,"상승  10,000",624000.0,635000.0,620000.0,113845.0,LG화학,051910
2022-12-28,602000.0,"하락  26,000",614000.0,614000.0,598000.0,178560.0,LG화학,051910
2022-12-29,600000.0,"하락  2,000",597000.0,607000.0,593000.0,103968.0,LG화학,051910
2023-01-02,604000.0,"상승  4,000",596000.0,620000.0,596000.0,108253.0,LG화학,051910
2023-01-03,601000.0,"하락  3,000",605000.0,610000.0,599000.0,112173.0,LG화학,051910
2023-01-04,601000.0,보합0,594000.0,608000.0,586000.0,129672.0,LG화학,051910
2023-01-05,581000.0,"하락  20,000",603000.0,609000.0,580000.0,190445.0,LG화학,051910
2023-01-06,594000.0,"상승  13,000",581000.0,598000.0,575000.0,135877.0,LG화학,051910
2023-01-09,624000.0,"상승  30,000",599000.0,627000.0,589000.0,187189.0,LG화학,051910
2023-01-10,629000.0,"상승  5,000",632000.0,647000.0,628000.0,217651.0,LG화학,051910
2023-01-11,634000.0,"상승  5,000",631000.0,642000.0,622000.0,130042.0,LG화학,051910
2023-01-12,637000.0,"상승  3,000",643000.0,644000.0,629000.0,152114.0,LG화학,051910
2023-01-13,644000.0,"상승  7,000",636000.0,649000.0,631000.0,153532.0,LG화학,051910
2023-01-16,638000.0,"하락  6,000",645000.0,655000.0,637000.0,111249.0,LG화학,051910
2023-01-17,619000.0,"하락  19,000",638000.0,641000.0,615000.0,192280.0,LG화학,051910
2023-01-18,613000.0,"하락  6,000",624000.0,630000.0,609000.0,146564.0,LG화학,051910
2023-01-19,621000.0,"상승  8,000",610000.0,621000.0,608000.0,143197.0,LG화학,051910
2023-01-20,625000.0,"상승  4,000",623000.0,628000.0,612000.0,134554.0,LG화학,051910
2023-01-25,652000.0,"상승  27,000",646000.0,655000.0,638000.0,221307.0,LG화학,051910
2023-01-26,685000.0,"상승  33,000",653000.0,687000.0,645000.0,257413.0,LG화학,051910
2023-01-27,685000.0,보합0,696000.0,696000.0,674000.0,186406.0,LG화학,051910
2023-01-30,683000.0,"하락  2,000",688000.0,703000.0,677000.0,250561.0,LG화학,051910
2023-01-31,690000.0,"상승  7,000",680000.0,700000.0,672000.0,310432.0,LG화학,051910
2023-02-01,688000.0,"하락  2,000",682000.0,694000.0,677000.0,282102.0,LG화학,051910
2023-02-02,676000.0,"하락  12,000",695000.0,696000.0,672000.0,275597.0,LG화학,051910
2023-02-03,674000.0,"하락  2,000",672000.0,676000.0,661000.0,211018.0,LG화학,051910
2023-02-06,658000.0,"하락  16,000",665000.0,672000.0,658000.0,169927.0,LG화학,051910
2023-02-07,681000.0,"상승  23,000",653000.0,685000.0,653000.0,241408.0,LG화학,051910
2023-02-08,672000.0,"하락  9,000",681000.0,686000.0,672000.0,134248.0,LG화학,051910
2023-02-09,680000.0,"상승  8,000",664000.0,691000.0,657000.0,206970.0,LG화학,051910
2023-02-10,673000.0,"하락  7,000",675000.0,680000.0,666000.0,129178.0,LG화학,051910
2023-02-13,670000.0,"하락  3,000",674000.0,678000.0,663000.0,114841.0,LG화학,051910
2023-02-14,676000.0,"상승  6,000",676000.0,682000.0,664000.0,160165.0,LG화학,051910
2023-02-15,674000.0,"하락  2,000",676000.0,682000.0,669000.0,139846.0,LG화학,051910
2023-02-16,717000.0,"상승  43,000",680000.0,728000.0,675000.0,405051.0,LG화학,051910
2023-02-17,689000.0,"하락  28,000",707000.0,722000.0,686000.0,257670.0,LG화학,051910
2023-02-20,667000.0,"하락  22,000",696000.0,696000.0,666000.0,242105.0,LG화학,051910
2023-02-21,687000.0,"상승  20,000",668000.0,690000.0,666000.0,220058.0,LG화학,051910
2023-02-22,666000.0,"하락  21,000",675000.0,680000.0,666000.0,192246.0,LG화학,051910
2023-02-23,668000.0,"상승  2,000",666000.0,677000.0,659000.0,127506.0,LG화학,051910
2023-02-24,669000.0,"상승  1,000",668000.0,686000.0,666000.0,145162.0,LG화학,051910
2023-02-27,657000.0,"하락  12,000",661000.0,666000.0,651000.0,175530.0,LG화학,051910
2023-02-28,680000.0,"상승  23,000",663000.0,684000.0,659000.0,252098.0,LG화학,051910
2023-03-02,678000.0,"하락  2,000",672000.0,684000.0,671000.0,174629.0,LG화학,051910
2023-03-03,703000.0,"상승  25,000",687000.0,707000.0,684000.0,236335.0,LG화학,051910
2023-03-06,726000.0,"상승  23,000",722000.0,727000.0,711000.0,274209.0,LG화학,051910
2023-03-07,740000.0,"상승  14,000",733000.0,757000.0,730000.0,372754.0,LG화학,051910
2023-03-08,715000.0,"하락  25,000",727000.0,727000.0,711000.0,229545.0,LG화학,051910
2023-03-09,710000.0,"하락  5,000",720000.0,725000.0,700000.0,222278.0,LG화학,051910
2023-03-10,707000.0,"하락  3,000",694000.0,710000.0,690000.0,195645.0,LG화학,051910
2023-03-13,718000.0,"상승  11,000",714000.0,727000.0,699000.0,291597.0,LG화학,051910
2023-03-14,705000.0,"하락  13,000",708000.0,718000.0,695000.0,189009.0,LG화학,051910
2023-03-15,721000.0,"상승  16,000",719000.0,727000.0,711000.0,153827.0,LG화학,051910
2023-03-16,730000.0,"상승  9,000",716000.0,731000.0,707000.0,224294.0,LG화학,051910
2023-03-17,702000.0,"하락  28,000",743000.0,745000.0,696000.0,495493.0,LG화학,051910
2023-03-20,683000.0,"하락  19,000",694000.0,703000.0,681000.0,242829.0,LG화학,051910
2023-03-21,677000.0,"하락  6,000",690000.0,693000.0,673000.0,220078.0,LG화학,051910
2023-03-22,703000.0,"상승  26,000",687000.0,703000.0,687000.0,206510.0,LG화학,051910
2023-03-23,712000.0,"상승  9,000",697000.0,717000.0,695000.0,202975.0,LG화학,051910
2023-03-24,690000.0,"하락  22,000",711000.0,714000.0,683000.0,243174.0,LG화학,051910
2023-03-27,698000.0,"상승  8,000",702000.0,712000.0,691000.0,175698.0,LG화학,051910
2023-03-28,704000.0,"상승  6,000",701000.0,704000.0,687000.0,238741.0,LG화학,051910
2023-03-29,705000.0,"상승  1,000",704000.0,708000.0,695000.0,146056.0,LG화학,051910
2023-03-30,696000.0,"하락  9,000",708000.0,709000.0,692000.0,181406.0,LG화학,051910
2023-03-31,712000.0,"상승  16,000",699000.0,720000.0,692000.0,234893.0,LG화학,051910
2023-04-03,712000.0,보합0,728000.0,730000.0,708000.0,210319.0,LG화학,051910
2023-04-04,722000.0,"상승  10,000",717000.0,754000.0,716000.0,357335.0,LG화학,051910
2023-04-05,732000.0,"상승  10,000",722000.0,739000.0,716000.0,173102.0,LG화학,051910
2023-04-06,716000.0,"하락  16,000",728000.0,730000.0,712000.0,214460.0,LG화학,051910
2023-04-07,714000.0,"하락  2,000",720000.0,720000.0,706000.0,176079.0,LG화학,051910
2023-04-10,750000.0,"상승  36,000",721000.0,766000.0,718000.0,435352.0,LG화학,051910
2023-04-11,806000.0,"상승  56,000",768000.0,857000.0,765000.0,1194745.0,LG화학,051910
2023-04-12,775000.0,"하락  31,000",799000.0,821000.0,775000.0,614112.0,LG화학,051910
2023-04-13,802000.0,"상승  27,000",760000.0,810000.0,760000.0,500579.0,LG화학,051910
2023-04-14,802000.0,보합0,812000.0,813000.0,781000.0,372206.0,LG화학,051910
2023-04-17,805000.0,"상승  3,000",802000.0,816000.0,782000.0,351391.0,LG화학,051910
2023-04-18,825000.0,"상승  20,000",822000.0,830000.0,808000.0,359378.0,LG화학,051910
2023-04-19,790000.0,"하락  35,000",820000.0,823000.0,790000.0,388626.0,LG화학,051910
2023-04-20,800000.0,"상승  10,000",790000.0,807000.0,790000.0,281434.0,LG화학,051910
2023-04-21,771000.0,"하락  29,000",798000.0,798000.0,766000.0,280781.0,LG화학,051910
2023-04-24,767000.0,"하락  4,000",762000.0,780000.0,762000.0,221374.0,LG화학,051910
2023-04-25,742000.0,"하락  25,000",774000.0,778000.0,729000.0,311844.0,LG화학,051910
2023-04-26,727000.0,"하락  15,000",742000.0,746000.0,727000.0,240656.0,LG화학,051910
2023-04-27,741000.0,"상승  14,000",734000.0,747000.0,726000.0,315286.0,LG화학,051910
2023-04-28,740000.0,"하락  1,000",746000.0,750000.0,730000.0,257164.0,LG화학,051910
2023-05-02,746000.0,"상승  6,000",750000.0,760000.0,738000.0,203437.0,LG화학,051910
2023-05-03,726000.0,"하락  20,000",741000.0,742000.0,726000.0,159157.0,LG화학,051910
2023-05-04,731000.0,"상승  5,000",727000.0,735000.0,724000.0,149664.0,LG화학,051910
2023-05-08,726000.0,"하락  5,000",741000.0,747000.0,723000.0,150083.0,LG화학,051910
2023-05-09,722000.0,"하락  4,000",726000.0,735000.0,710000.0,149656.0,LG화학,051910
2023-05-10,709000.0,"하락  13,000",717000.0,723000.0,704000.0,201484.0,LG화학,051910
2023-05-11,691000.0,"하락  18,000",712000.0,715000.0,691000.0,311828.0,LG화학,051910
2023-05-12,688000.0,"하락  3,000",697000.0,700000.0,685000.0,232162.0,LG화학,051910
2023-05-15,691000.0,"상승  3,000",685000.0,694000.0,677000.0,175241.0,LG화학,051910
2023-05-16,695000.0,"상승  4,000",696000.0,707000.0,692000.0,179012.0,LG화학,051910
2023-05-17,709000.0,"상승  14,000",692000.0,712000.0,687000.0,136372.0,LG화학,051910
2023-05-18,709000.0,보합0,712000.0,714000.0,701000.0,151282.0,LG화학,051910
2023-05-19,698000.0,"하락  11,000",710000.0,711000.0,697000.0,161829.0,LG화학,051910
2023-05-22,700000.0,"상승  2,000",698000.0,707000.0,692000.0,161714.0,LG화학,051910
2023-05-23,719000.0,"상승  19,000",705000.0,741000.0,700000.0,375157.0,LG화학,051910
2023-05-24,720000.0,"상승  1,000",719000.0,734000.0,716000.0,181354.0,LG화학,051910
2023-05-25,712000.0,"하락  8,000",719000.0,722000.0,709000.0,158080.0,LG화학,051910
2023-05-26,706000.0,"하락  6,000",708000.0,716000.0,697000.0,133917.0,LG화학,051910
2023-05-30,702000.0,"하락  4,000",715000.0,717000.0,698000.0,182533.0,LG화학,051910
2023-05-31,693000.0,"하락  9,000",702000.0,710000.0,692000.0,489828.0,LG화학,051910
2023-06-01,687000.0,"하락  6,000",698000.0,702000.0,686000.0,258102.0,LG화학,051910
2023-06-02,721000.0,"상승  34,000",693000.0,724000.0,688000.0,346407.0,LG화학,051910
2023-06-05,723000.0,"상승  2,000",730000.0,730000.0,716000.0,148006.0,LG화학,051910
2023-06-07,746000.0,"상승  23,000",729000.0,752000.0,728000.0,297767.0,LG화학,051910
2023-06-08,737000.0,"하락  9,000",746000.0,751000.0,731000.0,249933.0,LG화학,051910
2023-06-09,752000.0,"상승  15,000",741000.0,761000.0,735000.0,235688.0,LG화학,051910
2023-06-12,746000.0,"하락  6,000",763000.0,763000.0,745000.0,140486.0,LG화학,051910
2023-06-13,736000.0,"하락  10,000",750000.0,751000.0,736000.0,155147.0,LG화학,051910
2023-06-14,719000.0,"하락  17,000",736000.0,739000.0,716000.0,265425.0,LG화학,051910
2023-06-15,722000.0,"상승  3,000",721000.0,730000.0,708000.0,254423.0,LG화학,051910
2023-06-16,743000.0,"상승  21,000",727000.0,754000.0,725000.0,355710.0,LG화학,051910
2023-06-19,752000.0,"상승  9,000",747000.0,763000.0,730000.0,315174.0,LG화학,051910
2023-06-20,739000.0,"하락  13,000",755000.0,755000.0,735000.0,204789.0,LG화학,051910
2023-06-21,723000.0,"하락  16,000",742000.0,742000.0,723000.0,177750.0,LG화학,051910
2023-06-22,721000.0,"하락  2,000",721000.0,728000.0,710000.0,146160.0,LG화학,051910
2023-06-23,709000.0,"하락  12,000",723000.0,723000.0,706000.0,170902.0,LG화학,051910
2023-06-26,703000.0,"하락  6,000",709000.0,712000.0,702000.0,145097.0,LG화학,051910
2023-06-27,703000.0,보합0,705000.0,709000.0,697000.0,150949.0,LG화학,051910
2023-06-28,662000.0,"하락  41,000",710000.0,710000.0,657000.0,523591.0,LG화학,051910
2023-06-29,660000.0,"하락  2,000",666000.0,682000.0,660000.0,293283.0,LG화학,051910
2023-06-30,667000.0,"상승  7,000",665000.0,673000.0,660000.0,176510.0,LG화학,051910
2023-07-03,691000.0,"상승  24,000",678000.0,695000.0,677000.0,227535.0,LG화학,051910
2023-07-04,680000.0,"하락  11,000",692000.0,692000.0,678000.0,221408.0,LG화학,051910
2023-07-05,676000.0,"하락  4,000",684000.0,684000.0,673000.0,197455.0,LG화학,051910
2023-07-06,664000.0,"하락  12,000",673000.0,675000.0,662000.0,221272.0,LG화학,051910
2023-07-07,656000.0,"하락  8,000",661000.0,665000.0,652000.0,274332.0,LG화학,051910
2023-07-10,654000.0,"하락  2,000",650000.0,660000.0,643000.0,210646.0,LG화학,051910
2023-07-11,654000.0,보합0,656000.0,659000.0,648000.0,193263.0,LG화학,051910
2023-07-12,653000.0,"하락  1,000",659000.0,660000.0,642000.0,278392.0,LG화학,051910
2023-07-13,670000.0,"상승  17,000",654000.0,677000.0,653000.0,488183.0,LG화학,051910
2023-07-14,680000.0,"상승  10,000",675000.0,682000.0,666000.0,271672.0,LG화학,051910
2023-07-17,670000.0,"하락  10,000",680000.0,681000.0,667000.0,152544.0,LG화학,051910
2023-07-18,679000.0,"상승  9,000",669000.0,687000.0,667000.0,251222.0,LG화학,051910
2023-07-19,687000.0,"상승  8,000",682000.0,687000.0,672000.0,281004.0,LG화학,051910
2023-07-20,685000.0,"하락  2,000",687000.0,704000.0,684000.0,282841.0,LG화학,051910
2023-07-21,694000.0,"상승  9,000",681000.0,694000.0,672000.0,232253.0,LG화학,051910
2023-07-24,713000.0,"상승  19,000",699000.0,728000.0,695000.0,593589.0,LG화학,051910
2023-07-25,725000.0,"상승  12,000",730000.0,739000.0,714000.0,470635.0,LG화학,051910
2023-07-26,728000.0,"상승  3,000",727000.0,783000.0,716000.0,1219557.0,LG화학,051910
2023-07-27,658000.0,"하락  70,000",729000.0,730000.0,653000.0,875950.0,LG화학,051910
2023-07-28,650000.0,"하락  8,000",640000.0,655000.0,626000.0,595011.0,LG화학,051910
2023-07-31,648000.0,"하락  2,000",650000.0,663000.0,642000.0,497694.0,LG화학,051910
2023-08-01,655000.0,"상승  7,000",650000.0,679000.0,647000.0,486703.0,LG화학,051910
2023-08-02,642000.0,"하락  13,000",650000.0,654000.0,640000.0,320098.0,LG화학,051910
2023-08-03,643000.0,"상승  1,000",646000.0,653000.0,635000.0,270159.0,LG화학,051910
2023-08-04,636000.0,"하락  7,000",638000.0,643000.0,635000.0,217939.0,LG화학,051910
2023-08-07,615000.0,"하락  21,000",631000.0,638000.0,609000.0,296920.0,LG화학,051910
2023-08-08,615000.0,보합0,615000.0,626000.0,612000.0,234283.0,LG화학,051910
2023-08-09,630000.0,"상승  15,000",617000.0,633000.0,611000.0,204061.0,LG화학,051910
2023-08-10,634000.0,"상승  4,000",624000.0,634000.0,612000.0,210456.0,LG화학,051910
2023-08-11,622000.0,"하락  12,000",631000.0,632000.0,620000.0,163446.0,LG화학,051910
2023-08-14,597000.0,"하락  25,000",616000.0,619000.0,596000.0,361375.0,LG화학,051910
2023-08-16,584000.0,"하락  13,000",584000.0,601000.0,583000.0,290601.0,LG화학,051910
2023-08-17,581000.0,"하락  3,000",575000.0,583000.0,570000.0,414889.0,LG화학,051910
2023-08-18,569000.0,"하락  12,000",571000.0,578000.0,566000.0,230975.0,LG화학,051910
2023-08-21,568000.0,"하락  1,000",562000.0,577000.0,562000.0,240323.0,LG화학,051910
2023-08-22,573000.0,"상승  5,000",579000.0,587000.0,571000.0,186466.0,LG화학,051910
2023-08-23,562000.0,"하락  11,000",571000.0,574000.0,559000.0,160649.0,LG화학,051910
2023-08-24,563000.0,"상승  1,000",564000.0,572000.0,558000.0,215589.0,LG화학,051910
2023-08-25,560000.0,"하락  3,000",556000.0,563000.0,548000.0,197844.0,LG화학,051910
2023-08-28,563000.0,"상승  3,000",565000.0,567000.0,557000.0,191493.0,LG화학,051910
2023-08-29,560000.0,"하락  3,000",566000.0,566000.0,558000.0,157444.0,LG화학,051910
2023-08-30,576000.0,"상승  16,000",566000.0,589000.0,566000.0,290928.0,LG화학,051910
2023-08-31,583000.0,"상승  7,000",579000.0,583000.0,574000.0,287714.0,LG화학,051910
2023-09-01,570000.0,"하락  13,000",583000.0,584000.0,569000.0,163494.0,LG화학,051910
2023-09-04,586000.0,"상승  16,000",568000.0,588000.0,567000.0,273574.0,LG화학,051910
2023-09-05,592000.0,"상승  6,000",584000.0,597000.0,583000.0,174044.0,LG화학,051910
2023-09-06,585000.0,"하락  7,000",592000.0,597000.0,583000.0,147451.0,LG화학,051910
2023-09-07,577000.0,"하락  8,000",580000.0,581000.0,570000.0,225581.0,LG화학,051910
2023-09-08,564000.0,"하락  13,000",573000.0,576000.0,557000.0,271069.0,LG화학,051910
2023-09-11,561000.0,"하락  3,000",563000.0,567000.0,559000.0,120007.0,LG화학,051910
2023-09-12,559000.0,"하락  2,000",568000.0,570000.0,552000.0,132378.0,LG화학,051910
2023-09-13,540000.0,"하락  19,000",552000.0,557000.0,537000.0,330861.0,LG화학,051910
2023-09-14,553000.0,"상승  13,000",541000.0,553000.0,539000.0,329285.0,LG화학,051910
2023-09-15,573000.0,"상승  20,000",553000.0,575000.0,547000.0,366386.0,LG화학,051910
2023-09-18,573000.0,보합0,562000.0,573000.0,560000.0,204926.0,LG화학,051910
2023-09-19,552000.0,"하락  21,000",567000.0,569000.0,547000.0,293242.0,LG화학,051910
2023-09-20,551000.0,"하락  1,000",546000.0,554000.0,545000.0,239783.0,LG화학,051910
2023-09-21,525000.0,"하락  26,000",537000.0,540000.0,518000.0,599866.0,LG화학,051910
2023-09-22,517000.0,"하락  8,000",510000.0,523000.0,508000.0,254370.0,LG화학,051910
2023-09-25,509000.0,"하락  8,000",513000.0,518000.0,505000.0,224034.0,LG화학,051910
2023-09-26,505000.0,"하락  4,000",505000.0,512000.0,500000.0,228941.0,LG화학,051910
2023-09-27,496500.0,"하락  8,500",497000.0,501000.0,487500.0,379178.0,LG화학,051910
2023-10-04,486000.0,"하락  10,500",497000.0,504000.0,485000.0,544310.0,LG화학,051910
2023-10-05,502000.0,"상승  16,000",490000.0,515000.0,488500.0,286883.0,LG화학,051910
2023-10-06,499500.0,"하락  2,500",497500.0,503000.0,495000.0,169375.0,LG화학,051910
2023-10-10,497500.0,"하락  2,000",500000.0,514000.0,493000.0,271381.0,LG화학,051910
2023-10-11,518000.0,"상승  20,500",513000.0,524000.0,506000.0,356936.0,LG화학,051910
2023-10-12,529000.0,"상승  11,000",523000.0,541000.0,523000.0,320061.0,LG화학,051910
2023-10-13,528000.0,"하락  1,000",529000.0,537000.0,525000.0,149218.0,LG화학,051910
2023-10-16,513000.0,"하락  15,000",523000.0,524000.0,506000.0,257701.0,LG화학,051910
2023-10-17,516000.0,"상승  3,000",517000.0,530000.0,515000.0,193389.0,LG화학,051910
2023-10-18,506000.0,"하락  10,000",511000.0,514000.0,501000.0,177343.0,LG화학,051910
2023-10-19,494000.0,"하락  12,000",491000.0,498500.0,488500.0,462488.0,LG화학,051910
2023-10-20,479000.0,"하락  15,000",485000.0,487000.0,475000.0,349050.0,LG화학,051910
2023-10-23,481000.0,"상승  2,000",475000.0,489000.0,469000.0,292347.0,LG화학,051910
2023-10-24,492000.0,"상승  11,000",481000.0,494000.0,463000.0,340115.0,LG화학,051910
2023-10-25,458000.0,"하락  34,000",489000.0,489000.0,456500.0,405933.0,LG화학,051910
2023-10-26,426000.0,"하락  32,000",437000.0,442000.0,424500.0,685812.0,LG화학,051910
2023-10-27,438500.0,"상승  12,500",426000.0,448000.0,426000.0,601730.0,LG화학,051910
2023-10-30,445000.0,"상승  6,500",429500.0,456000.0,427500.0,363083.0,LG화학,051910
2023-10-31,440000.0,"하락  5,000",448500.0,449000.0,430500.0,433840.0,LG화학,051910
2023-11-01,431000.0,"하락  9,000",440500.0,444000.0,429500.0,352808.0,LG화학,051910
2023-11-02,455500.0,"상승  24,500",440000.0,458000.0,438000.0,285900.0,LG화학,051910
2023-11-03,471000.0,"상승  15,500",466000.0,474500.0,463500.0,296159.0,LG화학,051910
2023-11-06,521000.0,"상승  50,000",499000.0,529000.0,487500.0,713254.0,LG화학,051910
2023-11-07,492000.0,"하락  29,000",509000.0,512000.0,483500.0,539187.0,LG화학,051910
2023-11-08,478000.0,"하락  14,000",496500.0,505000.0,474500.0,276747.0,LG화학,051910
2023-11-09,467500.0,"하락  10,500",477000.0,482000.0,463500.0,378393.0,LG화학,051910
2023-11-10,457500.0,"하락  10,000",460500.0,461000.0,450500.0,192219.0,LG화학,051910
2023-11-13,453500.0,"하락  4,000",460000.0,466500.0,452000.0,180132.0,LG화학,051910
2023-11-14,465000.0,"상승  11,500",464000.0,473000.0,460000.0,196531.0,LG화학,051910
2023-11-15,480000.0,"상승  15,000",483500.0,486000.0,474500.0,261064.0,LG화학,051910
2023-11-16,480000.0,보합0,477000.0,483500.0,473500.0,141192.0,LG화학,051910
2023-11-17,484000.0,"상승  4,000",478000.0,489500.0,476500.0,195198.0,LG화학,051910
2023-11-20,493500.0,"상승  9,500",481000.0,503000.0,481000.0,236740.0,LG화학,051910
2023-11-21,501000.0,"상승  7,500",502000.0,505000.0,493500.0,173343.0,LG화학,051910
2023-11-22,504000.0,"상승  3,000",496000.0,508000.0,495000.0,137990.0,LG화학,051910
2023-11-23,519000.0,"상승  15,000",505000.0,527000.0,505000.0,339574.0,LG화학,051910
2023-11-24,514000.0,"하락  5,000",527000.0,537000.0,513000.0,269104.0,LG화학,051910
2023-11-27,506000.0,"하락  8,000",519000.0,520000.0,504000.0,159379.0,LG화학,051910
2023-11-28,504000.0,"하락  2,000",509000.0,517000.0,502000.0,195567.0,LG화학,051910
2023-11-29,504000.0,보합0,507000.0,511000.0,495500.0,326444.0,LG화학,051910
2023-11-30,501000.0,"하락  3,000",499000.0,506000.0,498000.0,287538.0,LG화학,051910
2023-12-01,486500.0,"하락  14,500",499500.0,501000.0,485500.0,299762.0,LG화학,051910
2023-12-04,473000.0,"하락  13,500",485000.0,491000.0,471000.0,338110.0,LG화학,051910
2023-12-05,471000.0,"하락  2,000",469000.0,476500.0,465500.0,218525.0,LG화학,051910
2023-12-06,471000.0,보합0,471500.0,477500.0,467000.0,206370.0,LG화학,051910
2023-12-07,468500.0,"하락  2,500",471000.0,477000.0,466000.0,173904.0,LG화학,051910
2023-12-08,478500.0,"상승  10,000",475000.0,483000.0,473000.0,153815.0,LG화학,051910
2023-12-11,475500.0,"하락  3,000",477500.0,480000.0,471000.0,194422.0,LG화학,051910
2023-12-12,472000.0,"하락  3,500",476500.0,481500.0,470000.0,188152.0,LG화학,051910
2023-12-13,460000.0,"하락  12,000",467500.0,469000.0,458500.0,207659.0,LG화학,051910
2023-12-14,464000.0,"상승  4,000",469000.0,471000.0,459500.0,375683.0,LG화학,051910
2023-12-15,493000.0,"상승  29,000",469500.0,496500.0,469000.0,615510.0,LG화학,051910
2023-12-18,498000.0,"상승  5,000",495000.0,498500.0,489000.0,289001.0,LG화학,051910
2023-12-19,502000.0,"상승  4,000",497000.0,502000.0,489000.0,204428.0,LG화학,051910
2023-12-20,504000.0,"상승  2,000",502000.0,507000.0,501000.0,197344.0,LG화학,051910
2023-12-21,495000.0,"하락  9,000",501000.0,504000.0,493500.0,206883.0,LG화학,051910
2023-12-22,490000.0,"하락  5,000",498000.0,499000.0,490000.0,140767.0,LG화학,051910
2023-12-26,490500.0,상승  500,494500.0,499500.0,485500.0,160900.0,LG화학,051910
2023-12-27,486000.0,"하락  4,500",490500.0,493000.0,483000.0,202496.0,LG화학,051910
2023-12-28,499000.0,"상승  13,000",488000.0,499000.0,483500.0,199695.0,LG화학,051910
2024-01-02,493500.0,"하락  5,500",494000.0,496000.0,488000.0,160698.0,LG화학,051910
2024-01-03,480500.0,"하락  13,000",490500.0,490500.0,480500.0,168770.0,LG화학,051910
2024-01-04,481000.0,상승  500,476000.0,486000.0,475000.0,147635.0,LG화학,051910
2024-01-05,482500.0,"상승  1,500",482000.0,491500.0,479000.0,131560.0,LG화학,051910
2024-01-08,479000.0,"하락  3,500",490500.0,490500.0,478000.0,122976.0,LG화학,051910
2024-01-09,471500.0,"하락  7,500",486000.0,486500.0,471500.0,146249.0,LG화학,051910
2024-01-10,464500.0,"하락  7,000",472000.0,473500.0,463000.0,146052.0,LG화학,051910
2024-01-11,459500.0,"하락  5,000",458500.0,466000.0,458500.0,243938.0,LG화학,051910
2024-01-12,449000.0,"하락  10,500",461000.0,462000.0,445000.0,357185.0,LG화학,051910
2024-01-15,438500.0,"하락  10,500",445000.0,447500.0,435000.0,264758.0,LG화학,051910
2024-01-16,432000.0,"하락  6,500",433500.0,438000.0,430500.0,241396.0,LG화학,051910
2024-01-17,408500.0,"하락  23,500",427500.0,431000.0,408000.0,627074.0,LG화학,051910
2024-01-18,412000.0,"상승  3,500",403500.0,416000.0,403000.0,308307.0,LG화학,051910
2024-01-19,404500.0,"하락  7,500",415500.0,417000.0,400500.0,287727.0,LG화학,051910
2024-01-22,387000.0,"하락  17,500",404000.0,408000.0,384500.0,474355.0,LG화학,051910
2024-01-23,391000.0,"상승  4,000",383500.0,393500.0,383500.0,285986.0,LG화학,051910
2024-01-24,400500.0,"상승  9,500",390000.0,409500.0,389000.0,288449.0,LG화학,051910
2024-01-25,404500.0,"상승  4,000",398500.0,407500.0,393000.0,197843.0,LG화학,051910
2024-01-26,416500.0,"상승  12,000",402500.0,424000.0,401500.0,312594.0,LG화학,051910
2024-01-29,425000.0,"상승  8,500",421500.0,430500.0,419500.0,245972.0,LG화학,051910
2024-01-30,426500.0,"상승  1,500",425500.0,445000.0,425500.0,287657.0,LG화학,051910
2024-01-31,434500.0,"상승  8,000",425500.0,441500.0,423500.0,245248.0,LG화학,051910
2024-02-01,430000.0,"하락  4,500",426500.0,433000.0,417000.0,312842.0,LG화학,051910
2024-02-02,461000.0,"상승  31,000",451000.0,468500.0,433000.0,679677.0,LG화학,051910
2024-02-05,467000.0,"상승  6,000",465500.0,477500.0,456500.0,487996.0,LG화학,051910
2024-02-06,462500.0,"하락  4,500",454000.0,470000.0,453000.0,311282.0,LG화학,051910
2024-02-07,463500.0,"상승  1,000",464500.0,474500.0,456000.0,363161.0,LG화학,051910
2024-02-08,470500.0,"상승  7,000",489000.0,489000.0,470500.0,768536.0,LG화학,051910
2024-02-13,471000.0,상승  500,473000.0,475000.0,469500.0,379733.0,LG화학,051910
2024-02-14,461000.0,"하락  10,000",460500.0,463500.0,449000.0,323305.0,LG화학,051910
2024-02-15,483500.0,"상승  22,500",468000.0,488500.0,468000.0,423918.0,LG화학,051910
2024-02-16,504000.0,"상승  20,500",489000.0,515000.0,488000.0,587439.0,LG화학,051910
2024-02-19,508000.0,"상승  4,000",508000.0,520000.0,504000.0,358152.0,LG화학,051910
2024-02-20,506000.0,"하락  2,000",507000.0,513000.0,491500.0,295676.0,LG화학,051910
2024-02-21,500000.0,"하락  6,000",503000.0,504000.0,491000.0,293801.0,LG화학,051910
2024-02-22,481000.0,"하락  19,000",495000.0,502000.0,481000.0,451942.0,LG화학,051910
2024-02-23,472000.0,"하락  9,000",478500.0,482000.0,467000.0,512499.0,LG화학,051910
2024-02-26,472500.0,상승  500,470500.0,475000.0,459000.0,376704.0,LG화학,051910
2024-02-27,466000.0,"하락  6,500",488500.0,494000.0,465000.0,359912.0,LG화학,051910
2024-02-28,464500.0,"하락  1,500",469000.0,472500.0,463500.0,186537.0,LG화학,051910
2024-02-29,453000.0,"하락  11,500",459500.0,465000.0,453000.0,448418.0,LG화학,051910
2024-03-04,462000.0,"상승  9,000",452500.0,471500.0,452500.0,290424.0,LG화학,051910
2024-03-05,452500.0,"하락  9,500",454500.0,457000.0,445000.0,242147.0,LG화학,051910
2024-03-06,441500.0,"하락  11,000",448000.0,456500.0,441000.0,290385.0,LG화학,051910
2024-03-07,443000.0,"상승  1,500",443000.0,446000.0,434000.0,311412.0,LG화학,051910
2024-03-08,443000.0,보합0,448000.0,456500.0,440500.0,288423.0,LG화학,051910
2024-03-11,436000.0,"하락  7,000",440000.0,441000.0,435000.0,181317.0,LG화학,051910
2024-03-12,450500.0,"상승  14,500",441000.0,454500.0,441000.0,364050.0,LG화학,051910
2024-03-13,450000.0,하락  500,452000.0,471000.0,449000.0,382300.0,LG화학,051910
2024-03-14,440000.0,"하락  10,000",450000.0,454000.0,438500.0,410324.0,LG화학,051910
2024-03-15,431000.0,"하락  9,000",437000.0,438000.0,430000.0,310713.0,LG화학,051910
2024-03-18,440000.0,"상승  9,000",434000.0,443000.0,431500.0,237874.0,LG화학,051910
2024-03-19,436500.0,"하락  3,500",440500.0,440500.0,431000.0,229435.0,LG화학,051910
2024-03-20,438500.0,"상승  2,000",440500.0,444000.0,435500.0,165255.0,LG화학,051910
2024-03-21,439000.0,상승  500,442000.0,446000.0,438000.0,214431.0,LG화학,051910
2024-03-22,449500.0,"상승  10,500",439000.0,453500.0,436000.0,263558.0,LG화학,051910
2024-03-25,460500.0,"상승  11,000",450500.0,465500.0,450500.0,275423.0,LG화학,051910
2024-03-26,449000.0,"하락  11,500",458500.0,466000.0,449000.0,303727.0,LG화학,051910
2024-03-27,444000.0,"하락  5,000",445500.0,453000.0,441000.0,236697.0,LG화학,051910
2024-03-28,440000.0,"하락  4,000",443000.0,447000.0,437000.0,210043.0,LG화학,051910
2024-03-29,439000.0,"하락  1,000",440500.0,442500.0,436000.0,158560.0,LG화학,051910
2024-04-01,430500.0,"하락  8,500",440000.0,442000.0,429000.0,239956.0,LG화학,051910
2024-04-02,424000.0,"하락  6,500",426500.0,429500.0,420500.0,250523.0,LG화학,051910
2024-04-03,403000.0,"하락  21,000",416000.0,418500.0,400500.0,479871.0,LG화학,051910
2024-04-04,402500.0,하락  500,406500.0,408500.0,399000.0,274989.0,LG화학,051910
2024-04-05,400000.0,"하락  2,500",397000.0,404500.0,395000.0,340599.0,LG화학,051910
2024-04-08,394000.0,"하락  6,000",395500.0,399000.0,384000.0,464147.0,LG화학,051910
2024-04-09,395000.0,"상승  1,000",397000.0,398500.0,391000.0,255430.0,LG화학,051910
2024-04-11,387000.0,"하락  8,000",387000.0,394500.0,386500.0,490848.0,LG화학,051910
2024-04-12,393000.0,"상승  6,000",391500.0,402500.0,387000.0,260610.0,LG화학,051910
2024-04-15,394500.0,"상승  1,500",389500.0,400500.0,387000.0,242936.0,LG화학,051910
2024-04-16,382000.0,"하락  12,500",388000.0,390000.0,380000.0,304367.0,LG화학,051910
2024-04-17,375500.0,"하락  6,500",385000.0,391000.0,375500.0,301786.0,LG화학,051910
2024-04-18,378500.0,"상승  3,000",377500.0,382500.0,376500.0,264859.0,LG화학,051910
2024-04-19,370500.0,"하락  8,000",374500.0,374500.0,366000.0,348850.0,LG화학,051910
2024-04-22,378000.0,"상승  7,500",376000.0,381000.0,372500.0,301294.0,LG화학,051910
2024-04-23,372000.0,"하락  6,000",374000.0,376500.0,368500.0,244370.0,LG화학,051910
2024-04-24,381500.0,"상승  9,500",382500.0,389500.0,379000.0,293307.0,LG화학,051910
2024-04-25,373000.0,"하락  8,500",377000.0,380000.0,371500.0,258272.0,LG화학,051910
2024-04-26,373500.0,상승  500,373500.0,376000.0,368500.0,224588.0,LG화학,051910
2024-04-29,395500.0,"상승  22,000",377500.0,400500.0,377000.0,607744.0,LG화학,051910
2024-04-30,402500.0,"상승  7,000",397500.0,412000.0,390500.0,525542.0,LG화학,051910
2024-05-02,405000.0,"상승  2,500",406000.0,412000.0,397500.0,276804.0,LG화학,051910
2024-05-03,403500.0,"하락  1,500",406000.0,408000.0,399500.0,146460.0,LG화학,051910
2024-05-07,402000.0,"하락  1,500",406000.0,407500.0,396000.0,252320.0,LG화학,051910
2024-05-08,402000.0,보합0,401500.0,403500.0,397000.0,150249.0,LG화학,051910
2024-05-09,396500.0,"하락  5,500",401500.0,403500.0,396500.0,231065.0,LG화학,051910
2024-05-10,397000.0,상승  500,401000.0,404500.0,395500.0,116254.0,LG화학,051910
2024-05-13,391000.0,"하락  6,000",396000.0,396000.0,386500.0,277871.0,LG화학,051910
2024-05-14,402500.0,"상승  11,500",393000.0,407000.0,392500.0,293777.0,LG화학,051910
2024-05-16,404000.0,"상승  1,500",408500.0,411000.0,403000.0,293066.0,LG화학,051910
2024-05-17,398000.0,"하락  6,000",400000.0,404000.0,397000.0,204095.0,LG화학,051910
2024-05-20,391500.0,"하락  6,500",398000.0,399500.0,390500.0,321170.0,LG화학,051910
2024-05-21,384500.0,"하락  7,000",387000.0,388000.0,379000.0,284865.0,LG화학,051910
2024-05-22,383000.0,"하락  1,500",388000.0,388000.0,382000.0,153439.0,LG화학,051910
2024-05-23,394000.0,"상승  11,000",381000.0,406500.0,380000.0,343337.0,LG화학,051910
2024-05-24,394000.0,보합0,386500.0,403500.0,383500.0,317431.0,LG화학,051910
2024-05-27,396500.0,"상승  2,500",395000.0,399500.0,385000.0,289057.0,LG화학,051910
2024-05-28,391000.0,"하락  5,500",396500.0,399500.0,388500.0,211698.0,LG화학,051910
2024-05-29,370500.0,"하락  20,500",386000.0,386500.0,367000.0,581535.0,LG화학,051910
2024-05-30,350500.0,"하락  20,000",365000.0,368000.0,350000.0,634361.0,LG화학,051910
2024-05-31,351500.0,"상승  1,000",353000.0,361500.0,351500.0,502915.0,LG화학,051910
2024-06-03,357500.0,"상승  6,000",355000.0,365500.0,354000.0,275342.0,LG화학,051910
2024-06-04,361000.0,"상승  3,500",352500.0,366500.0,351500.0,184831.0,LG화학,051910
2024-06-05,374500.0,"상승  13,500",362000.0,381000.0,361000.0,395879.0,LG화학,051910
2024-06-07,382000.0,"상승  7,500",384500.0,388000.0,377000.0,247532.0,LG화학,051910
2024-06-10,370500.0,"하락  11,500",377500.0,377500.0,370000.0,270879.0,LG화학,051910
2024-06-11,375000.0,"상승  4,500",371000.0,379500.0,366000.0,298873.0,LG화학,051910
2024-06-12,371500.0,"하락  3,500",371500.0,376000.0,368000.0,234425.0,LG화학,051910
2024-06-13,367000.0,"하락  4,500",377500.0,377500.0,367000.0,393893.0,LG화학,051910
2024-06-14,361000.0,"하락  6,000",365000.0,367000.0,356000.0,448269.0,LG화학,051910
2024-06-17,355000.0,"하락  6,000",357000.0,358000.0,353000.0,322322.0,LG화학,051910
2024-06-18,351500.0,"하락  3,500",358000.0,359000.0,351000.0,208142.0,LG화학,051910
2024-06-19,359500.0,"상승  8,000",353000.0,362000.0,350500.0,306960.0,LG화학,051910
2024-06-20,361500.0,"상승  2,000",359500.0,366000.0,358000.0,269674.0,LG화학,051910
2024-06-21,355500.0,"하락  6,000",361000.0,364500.0,355500.0,250301.0,LG화학,051910
2024-06-24,356000.0,상승  500,355000.0,359000.0,353000.0,163598.0,LG화학,051910
2024-06-25,351000.0,"하락  5,000",359500.0,360000.0,351000.0,201226.0,LG화학,051910
2024-06-26,352000.0,"상승  1,000",350500.0,354500.0,348000.0,180895.0,LG화학,051910
2024-06-27,344000.0,"하락  8,000",350000.0,353500.0,342500.0,241552.0,LG화학,051910
2024-06-28,345500.0,"상승  1,500",344000.0,347000.0,336500.0,221160.0,LG화학,051910
2024-07-01,355500.0,"상승  10,000",345500.0,357500.0,341000.0,245435.0,LG화학,051910
2024-07-02,353000.0,"하락  2,500",354000.0,358500.0,351500.0,196964.0,LG화학,051910
2024-07-03,360000.0,"상승  7,000",358000.0,369500.0,357000.0,352143.0,LG화학,051910
2024-07-04,362000.0,"상승  2,000",364500.0,366000.0,357500.0,178230.0,LG화학,051910
2024-07-05,361000.0,"하락  1,000",364500.0,365000.0,358000.0,156023.0,LG화학,051910
2024-07-08,360500.0,하락  500,361000.0,367500.0,358000.0,167941.0,LG화학,051910
2024-07-09,362500.0,"상승  2,000",362500.0,364500.0,359500.0,200811.0,LG화학,051910
2024-07-10,356000.0,"하락  6,500",361000.0,361500.0,354000.0,225609.0,LG화학,051910
2024-07-11,366500.0,"상승  10,500",358000.0,371000.0,354500.0,479591.0,LG화학,051910
2024-07-12,367500.0,"상승  1,000",362500.0,371000.0,362000.0,211244.0,LG화학,051910
2024-07-15,359000.0,"하락  8,500",368000.0,368500.0,357000.0,272945.0,LG화학,051910
2024-07-16,341500.0,"하락  17,500",358000.0,359000.0,341000.0,471069.0,LG화학,051910
2024-07-17,335500.0,"하락  6,000",341500.0,344000.0,334000.0,382543.0,LG화학,051910
2024-07-18,333500.0,"하락  2,000",335000.0,339500.0,332000.0,201812.0,LG화학,051910
2024-07-19,333500.0,보합0,332500.0,333500.0,326000.0,303750.0,LG화학,051910
2024-07-22,320000.0,"하락  13,500",332500.0,333000.0,319000.0,276341.0,LG화학,051910
2024-07-23,312500.0,"하락  7,500",323000.0,324500.0,311500.0,365796.0,LG화학,051910
2024-07-24,310000.0,"하락  2,500",309000.0,318500.0,309000.0,310446.0,LG화학,051910
2024-07-25,313000.0,"상승  3,000",305500.0,318000.0,299500.0,358228.0,LG화학,051910
2024-07-26,307000.0,"하락  6,000",312500.0,312500.0,302000.0,269526.0,LG화학,051910
2024-07-29,308000.0,"상승  1,000",307500.0,310000.0,301000.0,177920.0,LG화학,051910
2024-07-30,305000.0,"하락  3,000",304500.0,312000.0,303000.0,213468.0,LG화학,051910
2024-07-31,305500.0,상승  500,306000.0,310000.0,303000.0,166216.0,LG화학,051910
2024-08-01,314000.0,"상승  8,500",305500.0,318500.0,305500.0,234675.0,LG화학,051910
2024-08-02,308500.0,"하락  5,500",308000.0,314000.0,305500.0,184521.0,LG화학,051910
2024-08-05,272500.0,"하락  36,000",302500.0,304500.0,263500.0,739306.0,LG화학,051910
2024-08-06,289500.0,"상승  17,000",281000.0,295500.0,277500.0,522030.0,LG화학,051910
2024-08-07,290000.0,상승  500,282500.0,295500.0,282000.0,234689.0,LG화학,051910
2024-08-08,276500.0,"하락  13,500",284000.0,288500.0,276500.0,513713.0,LG화학,051910
2024-08-09,286000.0,"상승  9,500",280000.0,289000.0,278500.0,266416.0,LG화학,051910
2024-08-12,290000.0,"상승  4,000",286000.0,293000.0,286000.0,116247.0,LG화학,051910
2024-08-13,288500.0,"하락  1,500",289000.0,292000.0,283500.0,149417.0,LG화학,051910
2024-08-14,296000.0,"상승  7,500",293500.0,297500.0,293000.0,135332.0,LG화학,051910
2024-08-16,292500.0,"하락  3,500",301000.0,302000.0,292500.0,178695.0,LG화학,051910
2024-08-19,289500.0,"하락  3,000",293500.0,298500.0,287500.0,134205.0,LG화학,051910
2024-08-20,291500.0,"상승  2,000",292000.0,293500.0,283500.0,186647.0,LG화학,051910
2024-08-21,298000.0,"상승  6,500",292000.0,306000.0,292000.0,315259.0,LG화학,051910
2024-08-22,316000.0,"상승  18,000",300500.0,317500.0,299500.0,477216.0,LG화학,051910
2024-08-23,315000.0,"하락  1,000",316000.0,319000.0,312000.0,278249.0,LG화학,051910
2024-08-26,317000.0,"상승  2,000",315500.0,325000.0,315000.0,306821.0,LG화학,051910
2024-08-27,319000.0,"상승  2,000",320500.0,329000.0,316000.0,266835.0,LG화학,051910
2024-08-28,313500.0,"하락  5,500",319000.0,325000.0,313000.0,263763.0,LG화학,051910
2024-08-29,320500.0,"상승  7,000",312000.0,327500.0,309500.0,365891.0,LG화학,051910
2024-08-30,321500.0,"상승  1,000",326000.0,329500.0,320000.0,300871.0,LG화학,051910
2024-09-02,340000.0,"상승  18,500",328000.0,347500.0,326500.0,628791.0,LG화학,051910
2024-09-03,333000.0,"하락  7,000",344500.0,346500.0,331500.0,300066.0,LG화학,051910
2024-09-04,324000.0,"하락  9,000",322500.0,327500.0,319000.0,288314.0,LG화학,051910
2024-09-05,321500.0,"하락  2,500",327000.0,330500.0,318000.0,243178.0,LG화학,051910
2024-09-06,311500.0,"하락  10,000",321500.0,323500.0,308500.0,274201.0,LG화학,051910
2024-09-09,309500.0,"하락  2,000",304500.0,310000.0,301500.0,261256.0,LG화학,051910
2024-09-10,306500.0,"하락  3,000",309500.0,316000.0,303000.0,241348.0,LG화학,051910
2024-09-11,315500.0,"상승  9,000",307000.0,318500.0,307000.0,258088.0,LG화학,051910
2024-09-12,320500.0,"상승  5,000",325000.0,325000.0,318500.0,267862.0,LG화학,051910
2024-09-13,321500.0,"상승  1,000",323000.0,326000.0,315500.0,166966.0,LG화학,051910
2024-09-19,319500.0,"하락  2,000",327500.0,331500.0,312500.0,254625.0,LG화학,051910
2024-09-20,316500.0,"하락  3,000",323500.0,326000.0,316500.0,338962.0,LG화학,051910
2024-09-23,319000.0,"상승  2,500",319000.0,320500.0,313500.0,212728.0,LG화학,051910
2024-09-24,346000.0,"상승  27,000",321000.0,347000.0,321000.0,619371.0,LG화학,051910
2024-09-25,348500.0,"상승  2,500",349500.0,359500.0,345000.0,554936.0,LG화학,051910
2024-09-26,358000.0,"상승  9,500",352500.0,359000.0,349000.0,310692.0,LG화학,051910
2024-09-27,357500.0,하락  500,360000.0,368500.0,353500.0,477097.0,LG화학,051910
2024-09-30,356500.0,"하락  1,000",364000.0,368500.0,356500.0,398091.0,LG화학,051910
2024-10-02,353500.0,"하락  3,000",358000.0,366000.0,353500.0,334645.0,LG화학,051910
2024-10-04,348500.0,"하락  5,000",354000.0,356500.0,346000.0,262280.0,LG화학,051910
2024-10-07,359000.0,"상승  10,500",352000.0,363000.0,349500.0,312315.0,LG화학,051910
2024-10-08,361000.0,"상승  2,000",358000.0,368000.0,354500.0,341075.0,LG화학,051910
2024-10-10,356500.0,"하락  4,500",364500.0,365000.0,356500.0,355580.0,LG화학,051910
2024-10-11,354500.0,"하락  2,000",357500.0,364000.0,350000.0,268871.0,LG화학,051910
2024-10-14,350500.0,"하락  4,000",350000.0,351000.0,342500.0,283883.0,LG화학,051910
2024-10-15,342000.0,"하락  8,500",351000.0,353000.0,337000.0,367113.0,LG화학,051910
2024-10-16,339000.0,"하락  3,000",346000.0,346000.0,337000.0,244835.0,LG화학,051910
2024-10-17,331500.0,"하락  7,500",338500.0,341000.0,331500.0,230137.0,LG화학,051910
2024-10-18,328500.0,"하락  3,000",331500.0,334000.0,324000.0,246908.0,LG화학,051910
2024-10-21,330500.0,"상승  2,000",329000.0,336000.0,327500.0,142420.0,LG화학,051910
2024-10-22,318000.0,"하락  12,500",328000.0,329000.0,317000.0,245722.0,LG화학,051910
2024-10-23,324500.0,"상승  6,500",317500.0,328500.0,314000.0,216204.0,LG화학,051910
2024-10-24,328000.0,"상승  3,500",328000.0,336500.0,324500.0,258256.0,LG화학,051910
2024-10-25,322500.0,"하락  5,500",334000.0,336000.0,321000.0,199007.0,LG화학,051910
2024-10-28,339000.0,"상승  16,500",323000.0,342500.0,322500.0,351780.0,LG화학,051910
2024-10-29,318500.0,"하락  20,500",332000.0,332500.0,312000.0,726670.0,LG화학,051910
2024-10-30,320500.0,"상승  2,000",314000.0,325000.0,313000.0,299121.0,LG화학,051910
2024-10-31,313500.0,"하락  7,000",317000.0,320000.0,313500.0,250613.0,LG화학,051910
2024-11-01,318000.0,"상승  4,500",312000.0,323500.0,310500.0,221329.0,LG화학,051910
2024-11-04,323500.0,"상승  5,500",320000.0,325500.0,313500.0,254453.0,LG화학,051910
2024-11-05,322000.0,"하락  1,500",320500.0,325500.0,319500.0,206892.0,LG화학,051910
2024-11-06,305500.0,"하락  16,500",323500.0,324000.0,299000.0,485201.0,LG화학,051910
2024-11-07,304000.0,"하락  1,500",300000.0,305000.0,294000.0,365149.0,LG화학,051910
2024-11-08,303000.0,"하락  1,000",302000.0,312500.0,302000.0,234355.0,LG화학,051910
2024-11-11,304000.0,"상승  1,000",309500.0,313500.0,301000.0,286872.0,LG화학,051910
2024-11-12,305500.0,"상승  1,500",301500.0,310500.0,301000.0,248157.0,LG화학,051910
2024-11-13,289000.0,"하락  16,500",300000.0,302500.0,287000.0,316441.0,LG화학,051910
2024-11-14,287500.0,"하락  1,500",288500.0,291500.0,278000.0,432524.0,LG화학,051910
2024-11-15,278000.0,"하락  9,500",280500.0,282000.0,267500.0,438875.0,LG화학,051910
2024-11-18,289500.0,"상승  11,500",275000.0,292500.0,275000.0,236484.0,LG화학,051910
2024-11-19,288500.0,"하락  1,000",287000.0,290500.0,284000.0,259699.0,LG화학,051910
2024-11-20,291500.0,"상승  3,000",286000.0,294000.0,282500.0,239227.0,LG화학,051910
2024-11-21,294500.0,"상승  3,000",290000.0,297000.0,288000.0,215661.0,LG화학,051910
2024-11-22,298000.0,"상승  3,500",298500.0,303000.0,297000.0,240849.0,LG화학,051910
2024-11-25,306500.0,"상승  8,500",301000.0,311500.0,299500.0,388539.0,LG화학,051910
2024-11-26,307000.0,상승  500,303500.0,311000.0,303000.0,187822.0,LG화학,051910
2024-11-27,301000.0,"하락  6,000",306500.0,310000.0,299500.0,164520.0,LG화학,051910
2024-11-28,305000.0,"상승  4,000",301000.0,308000.0,300000.0,135494.0,LG화학,051910
2024-11-29,284000.0,"하락  21,000",302500.0,303500.0,283500.0,348760.0,LG화학,051910
2024-12-02,282500.0,"하락  1,500",287500.0,289000.0,279000.0,207368.0,LG화학,051910
2024-12-03,282500.0,보합0,286500.0,289000.0,279500.0,251104.0,LG화학,051910
2024-12-04,276000.0,"하락  6,500",271500.0,279500.0,268500.0,410398.0,LG화학,051910
2024-12-05,265000.0,"하락  11,000",276000.0,277500.0,263000.0,356114.0,LG화학,051910
2024-12-06,266500.0,"상승  1,500",264500.0,270000.0,259000.0,293620.0,LG화학,051910
2024-12-09,246500.0,"하락  20,000",257000.0,259000.0,246000.0,604144.0,LG화학,051910
2024-12-10,268000.0,"상승  21,500",250500.0,270000.0,250500.0,436988.0,LG화학,051910
2024-12-11,262500.0,"하락  5,500",267500.0,269500.0,259500.0,262560.0,LG화학,051910
2024-12-12,267500.0,"상승  5,000",265000.0,270000.0,261000.0,423597.0,LG화학,051910
2024-12-13,268500.0,"상승  1,000",262500.0,273500.0,259000.0,245172.0,LG화학,051910
2024-12-16,268000.0,하락  500,270000.0,273000.0,265500.0,171458.0,LG화학,051910
2024-12-17,257000.0,"하락  11,000",264500.0,266000.0,254500.0,335413.0,LG화학,051910
2024-12-18,260000.0,"상승  3,000",257000.0,262500.0,255500.0,325939.0,LG화학,051910
2024-12-19,258000.0,"하락  2,000",252500.0,260500.0,250500.0,225833.0,LG화학,051910
2024-12-20,257500.0,하락  500,260000.0,261500.0,254000.0,280470.0,LG화학,051910
2024-12-23,256000.0,"하락  1,500",256000.0,257500.0,248000.0,226183.0,LG화학,051910
2024-12-24,253000.0,"하락  3,000",256500.0,258500.0,252500.0,115503.0,LG화학,051910
2024-12-26,248000.0,"하락  5,000",254000.0,254500.0,246500.0,194741.0,LG화학,051910
2024-12-27,247000.0,"하락  1,000",244000.0,250000.0,242000.0,229662.0,LG화학,051910
2024-12-30,250000.0,"상승  3,000",245000.0,255000.0,244500.0,198781.0,LG화학,051910
2025-01-02,242500.0,"하락  7,500",250000.0,252000.0,240000.0,207721.0,LG화학,051910
2025-01-03,253500.0,"상승  11,000",239500.0,259000.0,239000.0,363270.0,LG화학,051910
2025-01-06,256500.0,"상승  3,000",254000.0,259500.0,251000.0,186799.0,LG화학,051910
2025-01-07,255500.0,"하락  1,000",260500.0,264000.0,255000.0,191554.0,LG화학,051910
2025-01-08,256500.0,"상승  1,000",253000.0,260000.0,252000.0,264700.0,LG화학,051910
2025-01-09,249000.0,"하락  7,500",256500.0,256500.0,247000.0,333340.0,LG화학,051910
2025-01-10,245000.0,"하락  4,000",249000.0,250500.0,245000.0,203151.0,LG화학,051910
2025-01-13,241000.0,"하락  4,000",242500.0,245000.0,239000.0,209303.0,LG화학,051910
2025-01-14,244500.0,"상승  3,500",243000.0,246000.0,238500.0,272203.0,LG화학,051910
2025-01-15,240000.0,"하락  4,500",245000.0,247500.0,239500.0,182124.0,LG화학,051910
2025-01-16,244000.0,"상승  4,000",244000.0,248000.0,243000.0,187927.0,LG화학,051910
2025-01-17,243500.0,하락  500,242000.0,247000.0,240000.0,183472.0,LG화학,051910
2025-01-20,252500.0,"상승  9,000",247000.0,253500.0,246500.0,246145.0,LG화학,051910
2025-01-21,240500.0,"하락  12,000",250500.0,252500.0,238000.0,260411.0,LG화학,051910
2025-01-22,246000.0,"상승  5,500",242000.0,249000.0,241500.0,203935.0,LG화학,051910
2025-01-23,240500.0,"하락  5,500",244500.0,244500.0,239500.0,174612.0,LG화학,051910
2025-01-24,239500.0,"하락  1,000",241000.0,242500.0,237000.0,205167.0,LG화학,051910
2025-01-31,237500.0,"하락  2,000",242000.0,242000.0,236000.0,257381.0,LG화학,051910
2025-02-03,222000.0,"하락  15,500",234500.0,234500.0,221500.0,339676.0,LG화학,051910
2025-02-04,213000.0,"하락  9,000",222500.0,223000.0,211500.0,670959.0,LG화학,051910
2025-02-05,221500.0,"상승  8,500",213500.0,224500.0,213500.0,499007.0,LG화학,051910
2025-02-06,222000.0,상승  500,219500.0,222000.0,217000.0,224642.0,LG화학,051910
2025-02-07,217000.0,"하락  5,000",220000.0,224500.0,216000.0,322872.0,LG화학,051910
2025-02-10,221000.0,"상승  4,000",214000.0,222000.0,208000.0,437549.0,LG화학,051910
2025-02-11,221500.0,상승  500,222000.0,226000.0,218000.0,205949.0,LG화학,051910
2025-02-12,220000.0,"하락  1,500",222500.0,225500.0,218500.0,209801.0,LG화학,051910
2025-02-13,229500.0,"상승  9,500",220500.0,231000.0,220500.0,486366.0,LG화학,051910
2025-02-14,227500.0,"하락  2,000",231000.0,232000.0,226500.0,201032.0,LG화학,051910
2025-02-17,237500.0,"상승  10,000",227500.0,241500.0,227500.0,342695.0,LG화학,051910
2025-02-18,239000.0,"상승  1,500",238000.0,240500.0,236500.0,192906.0,LG화학,051910
2025-02-19,245500.0,"상승  6,500",238000.0,249500.0,238000.0,342081.0,LG화학,051910
2025-02-20,246500.0,"상승  1,000",245000.0,250000.0,244000.0,296350.0,LG화학,051910
2025-02-21,251000.0,"상승  4,500",246500.0,254000.0,244500.0,289285.0,LG화학,051910
2025-02-24,255500.0,"상승  4,500",249000.0,258000.0,247500.0,245505.0,LG화학,051910
2025-02-25,248500.0,"하락  7,000",253500.0,255000.0,248000.0,196297.0,LG화학,051910
2025-02-26,252000.0,"상승  3,500",245000.0,254000.0,245000.0,190782.0,LG화학,051910
2025-02-27,251000.0,"하락  1,000",250500.0,252500.0,247500.0,147558.0,LG화학,051910
2025-02-28,234500.0,"하락  16,500",245500.0,246500.0,233000.0,498771.0,LG화학,051910
2025-03-04,227500.0,"하락  7,000",231000.0,232500.0,225500.0,344750.0,LG화학,051910
2025-03-05,230500.0,"상승  3,000",229500.0,235500.0,223500.0,307884.0,LG화학,051910
2025-03-06,233000.0,"상승  2,500",233000.0,240000.0,231000.0,201278.0,LG화학,051910
2025-03-07,250500.0,"상승  17,500",229500.0,255500.0,228000.0,762489.0,LG화학,051910
2025-03-10,247000.0,"하락  3,500",254000.0,254500.0,240500.0,306897.0,LG화학,051910
2025-03-11,238000.0,"하락  9,000",237500.0,246000.0,236000.0,247839.0,LG화학,051910
2025-03-12,251000.0,"상승  13,000",240000.0,253500.0,238000.0,309456.0,LG화학,051910
2025-03-13,242500.0,"하락  8,500",254000.0,254000.0,242500.0,311370.0,LG화학,051910
2025-03-14,231000.0,"하락  11,500",242500.0,245500.0,230000.0,402574.0,LG화학,051910
2025-03-17,235000.0,"상승  4,000",233500.0,240500.0,232500.0,214597.0,LG화학,051910
2025-03-18,231500.0,"하락  3,500",237500.0,243000.0,231500.0,222768.0,LG화학,051910
2025-03-19,242000.0,"상승  10,500",237000.0,251500.0,236500.0,611502.0,LG화학,051910
2025-03-20,257000.0,"상승  15,000",246000.0,262000.0,245000.0,673739.0,LG화학,051910
2025-03-21,261500.0,"상승  4,500",259000.0,263500.0,246500.0,625338.0,LG화학,051910
2025-03-24,264500.0,"상승  3,000",261500.0,267000.0,258000.0,402599.0,LG화학,051910
2025-03-25,259500.0,"하락  5,000",265000.0,268500.0,258000.0,255202.0,LG화학,051910
2025-03-26,272000.0,"상승  12,500",262000.0,274500.0,261000.0,412341.0,LG화학,051910
2025-03-27,269000.0,"하락  3,000",267000.0,276000.0,267000.0,281035.0,LG화학,051910
2025-03-28,259000.0,"하락  10,000",271500.0,272500.0,258000.0,271423.0,LG화학,051910
2025-03-31,245000.0,"하락  14,000",251500.0,253500.0,243500.0,376594.0,LG화학,051910
2025-04-01,244000.0,"하락  1,000",248500.0,251500.0,238500.0,275259.0,LG화학,051910
2025-04-02,232500.0,"하락  11,500",244500.0,246000.0,229500.0,357276.0,LG화학,051910
2025-04-03,223000.0,"하락  9,500",224000.0,227500.0,221000.0,311765.0,LG화학,051910
2025-04-04,229500.0,"상승  6,500",219000.0,231000.0,219000.0,308054.0,LG화학,051910
2025-04-07,213500.0,"하락  16,000",215500.0,221000.0,212500.0,457294.0,LG화학,051910
2025-04-08,211500.0,"하락  2,000",218000.0,220000.0,210000.0,323215.0,LG화학,051910
2025-04-09,203500.0,"하락  8,000",209000.0,215500.0,202500.0,431181.0,LG화학,051910
2025-04-10,225500.0,"상승  22,000",217500.0,227000.0,210500.0,507522.0,LG화학,051910
2025-04-11,221500.0,"하락  4,000",219500.0,222500.0,216000.0,221809.0,LG화학,051910
2025-04-14,224500.0,"상승  3,000",224000.0,233000.0,224000.0,184201.0,LG화학,051910
2025-04-15,225000.0,상승  500,223000.0,226000.0,219500.0,160219.0,LG화학,051910
2025-04-16,220000.0,"하락  5,000",226500.0,230000.0,219500.0,182493.0,LG화학,051910
2025-04-17,221000.0,"상승  1,000",218500.0,223000.0,216500.0,173257.0,LG화학,051910
2025-04-18,220500.0,하락  500,222000.0,222500.0,218000.0,121724.0,LG화학,051910
2025-04-21,217500.0,"하락  3,000",219500.0,222000.0,215500.0,139454.0,LG화학,051910
2025-04-22,215500.0,"하락  2,000",216000.0,220500.0,214500.0,156321.0,LG화학,051910
2025-04-23,224000.0,"상승  8,500",220000.0,226000.0,217500.0,293033.0,LG화학,051910
2025-04-24,223000.0,"하락  1,000",225000.0,225000.0,218000.0,163801.0,LG화학,051910
2025-04-25,224500.0,"상승  1,500",225000.0,229000.0,222500.0,201389.0,LG화학,051910
2025-04-28,221000.0,"하락  3,500",226000.0,227000.0,221000.0,246442.0,LG화학,051910
2025-04-29,225500.0,"상승  4,500",223000.0,227000.0,221500.0,181044.0,LG화학,051910
2025-04-30,216000.0,"하락  9,500",225000.0,225000.0,215000.0,252764.0,LG화학,051910
2025-05-02,210000.0,"하락  6,000",216000.0,217500.0,207000.0,377264.0,LG화학,051910
2025-05-07,208000.0,"하락  2,000",212500.0,213000.0,206500.0,369484.0,LG화학,051910
2025-05-08,209000.0,"상승  1,000",208000.0,211500.0,207500.0,371941.0,LG화학,051910
2025-05-09,205500.0,"하락  3,500",210000.0,210000.0,205000.0,253846.0,LG화학,051910
2025-05-12,210500.0,"상승  5,000",207000.0,210500.0,206000.0,139178.0,LG화학,051910
2025-05-13,203000.0,"하락  7,500",211000.0,211000.0,202000.0,460327.0,LG화학,051910
2025-05-14,203500.0,상승  500,204000.0,205000.0,199900.0,247404.0,LG화학,051910
2025-05-15,202500.0,"하락  1,000",202500.0,204500.0,201000.0,133796.0,LG화학,051910
2025-05-16,193600.0,"하락  8,900",203500.0,204000.0,193500.0,529240.0,LG화학,051910
2025-05-19,195800.0,"상승  2,200",193000.0,200500.0,193000.0,333557.0,LG화학,051910
2025-05-20,189700.0,"하락  6,100",197000.0,197300.0,189000.0,403320.0,LG화학,051910
2025-05-21,188000.0,"하락  1,700",189600.0,192000.0,187600.0,379736.0,LG화학,051910
2025-05-22,186700.0,"하락  1,300",187200.0,190000.0,182600.0,351583.0,LG화학,051910
2025-05-23,182400.0,"하락  4,300",187100.0,189700.0,182300.0,220685.0,LG화학,051910
2025-05-26,187700.0,"상승  5,300",181500.0,188500.0,181500.0,224084.0,LG화학,051910
2025-05-27,182900.0,"하락  4,800",185800.0,186700.0,182000.0,223128.0,LG화학,051910
2025-05-28,193900.0,"상승  11,000",184100.0,194600.0,183950.0,431738.0,LG화학,051910
2025-05-29,199300.0,"상승  5,400",194200.0,202500.0,192200.0,413246.0,LG화학,051910
