날짜,종가,전일비,시가,고가,저가,거래량,회사명,종목코드
2020-03-16,162000.0,"하락  9,000",172500.0,176500.0,162000.0,506250.0,POSCO홀딩스,005490
2020-03-17,155500.0,"하락  6,500",152500.0,163500.0,152500.0,547216.0,POSCO홀딩스,005490
2020-03-18,147500.0,"하락  8,000",156500.0,159500.0,147500.0,559707.0,POSCO홀딩스,005490
2020-03-19,139500.0,"하락  8,000",149500.0,152500.0,138500.0,645668.0,POSCO홀딩스,005490
2020-03-20,144500.0,"상승  5,000",140500.0,145500.0,138500.0,636918.0,POSCO홀딩스,005490
2020-03-23,138000.0,"하락  6,500",137500.0,139500.0,133000.0,457989.0,POSCO홀딩스,005490
2020-03-24,145500.0,"상승  7,500",140500.0,146500.0,138000.0,476227.0,POSCO홀딩스,005490
2020-03-25,161000.0,"상승  15,500",152000.0,161000.0,150000.0,581137.0,POSCO홀딩스,005490
2020-03-26,155500.0,"하락  5,500",158000.0,162000.0,155500.0,509091.0,POSCO홀딩스,005490
2020-03-27,163500.0,"상승  8,000",161500.0,166500.0,157500.0,567062.0,POSCO홀딩스,005490
2020-03-30,160000.0,"하락  3,500",156500.0,161500.0,155500.0,501851.0,POSCO홀딩스,005490
2020-03-31,161000.0,"상승  1,000",161500.0,163500.0,157500.0,474039.0,POSCO홀딩스,005490
2020-04-01,155000.0,"하락  6,000",159000.0,161000.0,154500.0,396564.0,POSCO홀딩스,005490
2020-04-02,156000.0,"상승  1,000",155000.0,157500.0,151500.0,478869.0,POSCO홀딩스,005490
2020-04-03,157000.0,"상승  1,000",154500.0,157000.0,154000.0,395194.0,POSCO홀딩스,005490
2020-04-06,161000.0,"상승  4,000",156500.0,162500.0,156000.0,362428.0,POSCO홀딩스,005490
2020-04-07,161500.0,상승  500,164500.0,165000.0,158500.0,643379.0,POSCO홀딩스,005490
2020-04-08,161000.0,하락  500,162000.0,164000.0,160500.0,440329.0,POSCO홀딩스,005490
2020-04-09,164500.0,"상승  3,500",163000.0,165500.0,161500.0,650779.0,POSCO홀딩스,005490
2020-04-10,178000.0,"상승  13,500",165000.0,179000.0,164500.0,977632.0,POSCO홀딩스,005490
2020-04-13,181000.0,"상승  3,000",191000.0,191500.0,181000.0,994277.0,POSCO홀딩스,005490
2020-04-14,183000.0,"상승  2,000",183000.0,189500.0,181500.0,602681.0,POSCO홀딩스,005490
2020-04-16,176000.0,"하락  7,000",178500.0,179500.0,175000.0,653004.0,POSCO홀딩스,005490
2020-04-17,176000.0,보합0,177500.0,180000.0,176000.0,550330.0,POSCO홀딩스,005490
2020-04-20,175500.0,하락  500,176000.0,178000.0,174500.0,390955.0,POSCO홀딩스,005490
2020-04-21,171000.0,"하락  4,500",173500.0,175000.0,168500.0,560075.0,POSCO홀딩스,005490
2020-04-22,170000.0,"하락  1,000",168000.0,170000.0,164500.0,464539.0,POSCO홀딩스,005490
2020-04-23,171500.0,"상승  1,500",171000.0,174000.0,170000.0,339869.0,POSCO홀딩스,005490
2020-04-24,173000.0,"상승  1,500",169500.0,174500.0,169000.0,387885.0,POSCO홀딩스,005490
2020-04-27,174000.0,"상승  1,000",175000.0,175000.0,171000.0,421809.0,POSCO홀딩스,005490
2020-04-28,177500.0,"상승  3,500",175500.0,179000.0,175500.0,419709.0,POSCO홀딩스,005490
2020-04-29,184500.0,"상승  7,000",178500.0,186000.0,178000.0,614504.0,POSCO홀딩스,005490
2020-05-04,178500.0,"하락  6,000",179500.0,180500.0,176500.0,635253.0,POSCO홀딩스,005490
2020-05-06,180000.0,"상승  1,500",180500.0,181500.0,178000.0,369838.0,POSCO홀딩스,005490
2020-05-07,179500.0,하락  500,178500.0,181500.0,178000.0,288705.0,POSCO홀딩스,005490
2020-05-08,180000.0,상승  500,180000.0,182000.0,180000.0,265401.0,POSCO홀딩스,005490
2020-05-11,176000.0,"하락  4,000",180000.0,181000.0,175500.0,323982.0,POSCO홀딩스,005490
2020-05-12,170000.0,"하락  6,000",174000.0,175500.0,170000.0,552954.0,POSCO홀딩스,005490
2020-05-13,173000.0,"상승  3,000",168000.0,173000.0,166500.0,347924.0,POSCO홀딩스,005490
2020-05-14,168000.0,"하락  5,000",170000.0,171000.0,167000.0,469714.0,POSCO홀딩스,005490
2020-05-15,168000.0,보합0,169500.0,169500.0,166500.0,311479.0,POSCO홀딩스,005490
2020-05-18,169000.0,"상승  1,000",170000.0,170500.0,167000.0,332808.0,POSCO홀딩스,005490
2020-05-19,178000.0,"상승  9,000",175500.0,180000.0,175000.0,724613.0,POSCO홀딩스,005490
2020-05-20,174500.0,"하락  3,500",176500.0,181000.0,174500.0,383809.0,POSCO홀딩스,005490
2020-05-21,177000.0,"상승  2,500",176000.0,178500.0,175000.0,362478.0,POSCO홀딩스,005490
2020-05-22,172000.0,"하락  5,000",178000.0,178000.0,170000.0,441297.0,POSCO홀딩스,005490
2020-05-25,172000.0,보합0,172500.0,173000.0,171000.0,245045.0,POSCO홀딩스,005490
2020-05-26,176000.0,"상승  4,000",171500.0,176500.0,171000.0,460196.0,POSCO홀딩스,005490
2020-05-27,182500.0,"상승  6,500",177000.0,183000.0,176500.0,803853.0,POSCO홀딩스,005490
2020-05-28,184500.0,"상승  2,000",186000.0,188500.0,182500.0,898715.0,POSCO홀딩스,005490
2020-05-29,181000.0,"하락  3,500",183500.0,185000.0,178500.0,842257.0,POSCO홀딩스,005490
2020-06-01,182500.0,"상승  1,500",181500.0,184000.0,181000.0,308421.0,POSCO홀딩스,005490
2020-06-02,189000.0,"상승  6,500",187000.0,191000.0,185500.0,552966.0,POSCO홀딩스,005490
2020-06-03,202500.0,"상승  13,500",192000.0,207000.0,191500.0,1148869.0,POSCO홀딩스,005490
2020-06-04,203000.0,상승  500,206500.0,209000.0,199000.0,666183.0,POSCO홀딩스,005490
2020-06-05,200500.0,"하락  2,500",199000.0,202000.0,197500.0,404474.0,POSCO홀딩스,005490
2020-06-08,202500.0,"상승  2,000",204500.0,205500.0,199000.0,390712.0,POSCO홀딩스,005490
2020-06-09,198500.0,"하락  4,000",201500.0,202000.0,193500.0,662411.0,POSCO홀딩스,005490
2020-06-10,198000.0,하락  500,195500.0,198000.0,194000.0,357615.0,POSCO홀딩스,005490
2020-06-11,193500.0,"하락  4,500",195000.0,197000.0,190000.0,637625.0,POSCO홀딩스,005490
2020-06-12,186500.0,"하락  7,000",185500.0,188000.0,184000.0,473608.0,POSCO홀딩스,005490
2020-06-15,175000.0,"하락  11,500",182500.0,184500.0,175000.0,467754.0,POSCO홀딩스,005490
2020-06-16,187500.0,"상승  12,500",178000.0,187500.0,178000.0,409758.0,POSCO홀딩스,005490
2020-06-17,187000.0,하락  500,187500.0,190000.0,183000.0,360457.0,POSCO홀딩스,005490
2020-06-18,186500.0,하락  500,185000.0,188500.0,183000.0,205015.0,POSCO홀딩스,005490
2020-06-19,190500.0,"상승  4,000",187500.0,190500.0,185000.0,363079.0,POSCO홀딩스,005490
2020-06-22,186000.0,"하락  4,500",187500.0,188500.0,186000.0,212866.0,POSCO홀딩스,005490
2020-06-23,183000.0,"하락  3,000",186500.0,187500.0,181500.0,277109.0,POSCO홀딩스,005490
2020-06-24,185000.0,"상승  2,000",183000.0,188000.0,183000.0,284129.0,POSCO홀딩스,005490
2020-06-25,180000.0,"하락  5,000",182000.0,183000.0,178500.0,321621.0,POSCO홀딩스,005490
2020-06-26,183000.0,"상승  3,000",181500.0,183500.0,180000.0,290441.0,POSCO홀딩스,005490
2020-06-29,175500.0,"하락  7,500",178000.0,179000.0,175500.0,371334.0,POSCO홀딩스,005490
2020-06-30,174000.0,"하락  1,500",178000.0,179000.0,174000.0,415286.0,POSCO홀딩스,005490
2020-07-01,178500.0,"상승  4,500",176500.0,183500.0,176000.0,473226.0,POSCO홀딩스,005490
2020-07-02,181000.0,"상승  2,500",180000.0,181500.0,178500.0,252859.0,POSCO홀딩스,005490
2020-07-03,181500.0,상승  500,181000.0,183500.0,180000.0,189200.0,POSCO홀딩스,005490
2020-07-06,183000.0,"상승  1,500",184000.0,184000.0,179500.0,190812.0,POSCO홀딩스,005490
2020-07-07,185000.0,"상승  2,000",185500.0,189000.0,184000.0,358072.0,POSCO홀딩스,005490
2020-07-08,190500.0,"상승  5,500",185500.0,191500.0,184000.0,537845.0,POSCO홀딩스,005490
2020-07-09,188500.0,"하락  2,000",192000.0,192000.0,187000.0,375630.0,POSCO홀딩스,005490
2020-07-10,182000.0,"하락  6,500",186500.0,187500.0,180500.0,327123.0,POSCO홀딩스,005490
2020-07-13,187000.0,"상승  5,000",184000.0,188000.0,182000.0,261632.0,POSCO홀딩스,005490
2020-07-14,184500.0,"하락  2,500",186500.0,186500.0,183000.0,188702.0,POSCO홀딩스,005490
2020-07-15,186500.0,"상승  2,000",188000.0,193500.0,185000.0,471306.0,POSCO홀딩스,005490
2020-07-16,186500.0,보합0,186500.0,188000.0,184500.0,267345.0,POSCO홀딩스,005490
2020-07-17,186500.0,보합0,189000.0,191500.0,186000.0,222271.0,POSCO홀딩스,005490
2020-07-20,187500.0,"상승  1,000",185000.0,189500.0,184500.0,198370.0,POSCO홀딩스,005490
2020-07-21,191500.0,"상승  4,000",187000.0,193000.0,186000.0,461232.0,POSCO홀딩스,005490
2020-07-22,197500.0,"상승  6,000",192500.0,202000.0,191500.0,810125.0,POSCO홀딩스,005490
2020-07-23,195500.0,"하락  2,000",198500.0,199000.0,192500.0,444433.0,POSCO홀딩스,005490
2020-07-24,194000.0,"하락  1,500",194000.0,199500.0,191500.0,327478.0,POSCO홀딩스,005490
2020-07-27,196000.0,"상승  2,000",193500.0,199000.0,193500.0,243664.0,POSCO홀딩스,005490
2020-07-28,202000.0,"상승  6,000",197000.0,202000.0,197000.0,466607.0,POSCO홀딩스,005490
2020-07-29,201500.0,하락  500,199500.0,203000.0,198500.0,333000.0,POSCO홀딩스,005490
2020-07-30,199000.0,"하락  2,500",201000.0,201000.0,197500.0,361731.0,POSCO홀딩스,005490
2020-07-31,193500.0,"하락  5,500",198000.0,198500.0,193000.0,379886.0,POSCO홀딩스,005490
2020-08-03,192000.0,"하락  1,500",193000.0,195000.0,190000.0,240285.0,POSCO홀딩스,005490
2020-08-04,194000.0,"상승  2,000",192000.0,197000.0,192000.0,226337.0,POSCO홀딩스,005490
2020-08-05,194000.0,보합0,194000.0,195000.0,192500.0,196344.0,POSCO홀딩스,005490
2020-08-06,201000.0,"상승  7,000",195500.0,201000.0,195500.0,384949.0,POSCO홀딩스,005490
2020-08-07,197000.0,"하락  4,000",201000.0,202000.0,194500.0,335833.0,POSCO홀딩스,005490
2020-08-10,198500.0,"상승  1,500",194500.0,199500.0,193000.0,302994.0,POSCO홀딩스,005490
2020-08-11,207000.0,"상승  8,500",201000.0,209500.0,200500.0,655895.0,POSCO홀딩스,005490
2020-08-12,208500.0,"상승  1,500",205500.0,210000.0,203500.0,360782.0,POSCO홀딩스,005490
2020-08-13,206000.0,"하락  2,500",209000.0,210000.0,204000.0,397625.0,POSCO홀딩스,005490
2020-08-14,210500.0,"상승  4,500",207000.0,211000.0,205000.0,438014.0,POSCO홀딩스,005490
2020-08-18,203000.0,"하락  7,500",208500.0,209500.0,202000.0,437588.0,POSCO홀딩스,005490
2020-08-19,201000.0,"하락  2,000",203500.0,203500.0,199000.0,220589.0,POSCO홀딩스,005490
2020-08-20,195000.0,"하락  6,000",199500.0,201500.0,193000.0,373768.0,POSCO홀딩스,005490
2020-08-21,199000.0,"상승  4,000",196000.0,201000.0,195500.0,257961.0,POSCO홀딩스,005490
2020-08-24,199000.0,보합0,196500.0,199500.0,194000.0,205330.0,POSCO홀딩스,005490
2020-08-25,200500.0,"상승  1,500",200000.0,202000.0,198000.0,223434.0,POSCO홀딩스,005490
2020-08-26,193000.0,"하락  7,500",198000.0,198000.0,192000.0,512515.0,POSCO홀딩스,005490
2020-08-27,188500.0,"하락  4,500",191500.0,192000.0,186500.0,432450.0,POSCO홀딩스,005490
2020-08-28,189500.0,"상승  1,000",187000.0,192500.0,187000.0,377563.0,POSCO홀딩스,005490
2020-08-31,184500.0,"하락  5,000",189500.0,191500.0,184500.0,542851.0,POSCO홀딩스,005490
2020-09-01,186500.0,"상승  2,000",185500.0,188000.0,185000.0,323816.0,POSCO홀딩스,005490
2020-09-02,188000.0,"상승  1,500",187500.0,188500.0,185500.0,220654.0,POSCO홀딩스,005490
2020-09-03,189000.0,"상승  1,000",188000.0,189500.0,187000.0,263157.0,POSCO홀딩스,005490
2020-09-04,186000.0,"하락  3,000",185000.0,188000.0,185000.0,285469.0,POSCO홀딩스,005490
2020-09-07,188000.0,"상승  2,000",186500.0,191000.0,185000.0,316466.0,POSCO홀딩스,005490
2020-09-08,187000.0,"하락  1,000",190500.0,190500.0,186500.0,268589.0,POSCO홀딩스,005490
2020-09-09,185000.0,"하락  2,000",184500.0,185500.0,183500.0,326016.0,POSCO홀딩스,005490
2020-09-10,185500.0,상승  500,185500.0,187500.0,184000.0,412264.0,POSCO홀딩스,005490
2020-09-11,185500.0,보합0,185000.0,186500.0,184000.0,202517.0,POSCO홀딩스,005490
2020-09-14,190000.0,"상승  4,500",186000.0,190000.0,185500.0,258053.0,POSCO홀딩스,005490
2020-09-15,189500.0,하락  500,188000.0,190000.0,187000.0,276837.0,POSCO홀딩스,005490
2020-09-16,189000.0,하락  500,188500.0,189500.0,187500.0,200188.0,POSCO홀딩스,005490
2020-09-17,190000.0,"상승  1,000",189500.0,191000.0,187000.0,299058.0,POSCO홀딩스,005490
2020-09-18,192000.0,"상승  2,000",191000.0,194000.0,190000.0,522946.0,POSCO홀딩스,005490
2020-09-21,191000.0,"하락  1,000",190500.0,194000.0,190000.0,358087.0,POSCO홀딩스,005490
2020-09-22,194500.0,"상승  3,500",191000.0,199000.0,190500.0,953120.0,POSCO홀딩스,005490
2020-09-23,195000.0,상승  500,196000.0,197000.0,191500.0,450482.0,POSCO홀딩스,005490
2020-09-24,188000.0,"하락  7,000",193500.0,194000.0,187500.0,369215.0,POSCO홀딩스,005490
2020-09-25,194000.0,"상승  6,000",190000.0,196000.0,188500.0,348033.0,POSCO홀딩스,005490
2020-09-28,194000.0,보합0,194500.0,196500.0,192500.0,243804.0,POSCO홀딩스,005490
2020-09-29,196000.0,"상승  2,000",197000.0,199500.0,195500.0,351353.0,POSCO홀딩스,005490
2020-10-05,205000.0,"상승  9,000",196500.0,208000.0,195000.0,723156.0,POSCO홀딩스,005490
2020-10-06,202000.0,"하락  3,000",204500.0,206500.0,201500.0,277292.0,POSCO홀딩스,005490
2020-10-07,205000.0,"상승  3,000",200500.0,207000.0,198000.0,294582.0,POSCO홀딩스,005490
2020-10-08,208000.0,"상승  3,000",208000.0,213000.0,206500.0,554481.0,POSCO홀딩스,005490
2020-10-12,207000.0,"하락  1,000",208500.0,208500.0,204000.0,269502.0,POSCO홀딩스,005490
2020-10-13,205000.0,"하락  2,000",206500.0,207500.0,204500.0,190587.0,POSCO홀딩스,005490
2020-10-14,200500.0,"하락  4,500",207000.0,207000.0,200000.0,300335.0,POSCO홀딩스,005490
2020-10-15,205000.0,"상승  4,500",200000.0,208000.0,200000.0,309713.0,POSCO홀딩스,005490
2020-10-16,202000.0,"하락  3,000",206500.0,207500.0,201000.0,269441.0,POSCO홀딩스,005490
2020-10-19,208500.0,"상승  6,500",204000.0,210000.0,203500.0,424316.0,POSCO홀딩스,005490
2020-10-20,206500.0,"하락  2,000",207000.0,210500.0,204000.0,350583.0,POSCO홀딩스,005490
2020-10-21,207000.0,상승  500,206000.0,208500.0,204000.0,249347.0,POSCO홀딩스,005490
2020-10-22,210000.0,"상승  3,000",206000.0,211000.0,205000.0,463459.0,POSCO홀딩스,005490
2020-10-23,220000.0,"상승  10,000",211500.0,222500.0,208500.0,903396.0,POSCO홀딩스,005490
2020-10-26,218000.0,"하락  2,000",220000.0,225500.0,218000.0,600037.0,POSCO홀딩스,005490
2020-10-27,220000.0,"상승  2,000",218000.0,220000.0,216000.0,511872.0,POSCO홀딩스,005490
2020-10-28,216000.0,"하락  4,000",217000.0,218500.0,213000.0,298845.0,POSCO홀딩스,005490
2020-10-29,212000.0,"하락  4,000",211000.0,214500.0,208000.0,450580.0,POSCO홀딩스,005490
2020-10-30,208000.0,"하락  4,000",212000.0,214500.0,207500.0,369989.0,POSCO홀딩스,005490
2020-11-02,216000.0,"상승  8,000",210500.0,219000.0,208500.0,442086.0,POSCO홀딩스,005490
2020-11-03,220500.0,"상승  4,500",216500.0,222000.0,216000.0,317709.0,POSCO홀딩스,005490
2020-11-04,219000.0,"하락  1,500",223000.0,223500.0,218000.0,317582.0,POSCO홀딩스,005490
2020-11-05,227000.0,"상승  8,000",220000.0,228500.0,216000.0,492058.0,POSCO홀딩스,005490
2020-11-06,228000.0,"상승  1,000",226000.0,229000.0,224000.0,292212.0,POSCO홀딩스,005490
2020-11-09,234000.0,"상승  6,000",229500.0,234000.0,228000.0,346313.0,POSCO홀딩스,005490
2020-11-10,237000.0,"상승  3,000",238500.0,241500.0,234500.0,465479.0,POSCO홀딩스,005490
2020-11-11,238500.0,"상승  1,500",238000.0,241500.0,238000.0,394571.0,POSCO홀딩스,005490
2020-11-12,236500.0,"하락  2,000",239500.0,240000.0,234000.0,433732.0,POSCO홀딩스,005490
2020-11-13,236000.0,하락  500,233500.0,237000.0,232500.0,270344.0,POSCO홀딩스,005490
2020-11-16,239000.0,"상승  3,000",236500.0,242500.0,236000.0,258628.0,POSCO홀딩스,005490
2020-11-17,238500.0,하락  500,239000.0,245000.0,238000.0,324537.0,POSCO홀딩스,005490
2020-11-18,238500.0,보합0,241000.0,241500.0,237500.0,221830.0,POSCO홀딩스,005490
2020-11-19,236000.0,"하락  2,500",239500.0,239500.0,233000.0,263785.0,POSCO홀딩스,005490
2020-11-20,237500.0,"상승  1,500",234000.0,238500.0,234000.0,247557.0,POSCO홀딩스,005490
2020-11-23,243500.0,"상승  6,000",237000.0,245000.0,235000.0,465251.0,POSCO홀딩스,005490
2020-11-24,244500.0,"상승  1,000",243500.0,249500.0,242000.0,416609.0,POSCO홀딩스,005490
2020-11-25,245000.0,상승  500,247500.0,249500.0,243500.0,388204.0,POSCO홀딩스,005490
2020-11-26,242500.0,"하락  2,500",244000.0,246000.0,242000.0,247564.0,POSCO홀딩스,005490
2020-11-27,239500.0,"하락  3,000",242500.0,244500.0,239000.0,308338.0,POSCO홀딩스,005490
2020-11-30,234000.0,"하락  5,500",241000.0,245000.0,234000.0,627404.0,POSCO홀딩스,005490
2020-12-01,245500.0,"상승  11,500",238000.0,248500.0,237000.0,413073.0,POSCO홀딩스,005490
2020-12-02,250000.0,"상승  4,500",246000.0,250500.0,245500.0,382021.0,POSCO홀딩스,005490
2020-12-03,251500.0,"상승  1,500",248500.0,254500.0,247000.0,328551.0,POSCO홀딩스,005490
2020-12-04,265500.0,"상승  14,000",255000.0,268000.0,254500.0,662533.0,POSCO홀딩스,005490
2020-12-07,270000.0,"상승  4,500",272500.0,275500.0,263000.0,498099.0,POSCO홀딩스,005490
2020-12-08,265500.0,"하락  4,500",270000.0,271500.0,264500.0,406417.0,POSCO홀딩스,005490
2020-12-09,273000.0,"상승  7,500",265000.0,275000.0,264000.0,430782.0,POSCO홀딩스,005490
2020-12-10,272000.0,"하락  1,000",271500.0,274500.0,268000.0,632881.0,POSCO홀딩스,005490
2020-12-11,279500.0,"상승  7,500",275000.0,285000.0,274500.0,605311.0,POSCO홀딩스,005490
2020-12-14,276500.0,"하락  3,000",281000.0,283000.0,275000.0,368504.0,POSCO홀딩스,005490
2020-12-15,269000.0,"하락  7,500",276000.0,276500.0,268000.0,415238.0,POSCO홀딩스,005490
2020-12-16,271500.0,"상승  2,500",271500.0,274000.0,270000.0,281044.0,POSCO홀딩스,005490
2020-12-17,268000.0,"하락  3,500",270000.0,271500.0,264500.0,434410.0,POSCO홀딩스,005490
2020-12-18,269000.0,"상승  1,000",271500.0,275500.0,268000.0,339087.0,POSCO홀딩스,005490
2020-12-21,274500.0,"상승  5,500",274000.0,275000.0,266500.0,306137.0,POSCO홀딩스,005490
2020-12-22,267500.0,"하락  7,000",272000.0,273000.0,266500.0,256129.0,POSCO홀딩스,005490
2020-12-23,267500.0,보합0,267000.0,269500.0,263000.0,289615.0,POSCO홀딩스,005490
2020-12-24,271000.0,"상승  3,500",269000.0,271500.0,267500.0,251708.0,POSCO홀딩스,005490
2020-12-28,273500.0,"상승  2,500",273000.0,274000.0,269500.0,298774.0,POSCO홀딩스,005490
2020-12-29,270000.0,"하락  3,500",273000.0,273500.0,265000.0,362873.0,POSCO홀딩스,005490
2020-12-30,272000.0,"상승  2,000",270000.0,274000.0,266500.0,338015.0,POSCO홀딩스,005490
2021-01-04,273000.0,"상승  1,000",272500.0,275000.0,268000.0,431940.0,POSCO홀딩스,005490
2021-01-05,285000.0,"상승  12,000",275000.0,293000.0,274500.0,898657.0,POSCO홀딩스,005490
2021-01-06,280000.0,"하락  5,000",286000.0,289000.0,278000.0,549160.0,POSCO홀딩스,005490
2021-01-07,291000.0,"상승  11,000",287000.0,295500.0,286000.0,762871.0,POSCO홀딩스,005490
2021-01-08,294500.0,"상승  3,500",295000.0,295000.0,287500.0,577293.0,POSCO홀딩스,005490
2021-01-11,284000.0,"하락  10,500",290500.0,292000.0,280000.0,745840.0,POSCO홀딩스,005490
2021-01-12,277000.0,"하락  7,000",281000.0,281500.0,271000.0,615637.0,POSCO홀딩스,005490
2021-01-13,283500.0,"상승  6,500",280000.0,284500.0,277500.0,530689.0,POSCO홀딩스,005490
2021-01-14,282000.0,"하락  1,500",283500.0,285000.0,281000.0,398857.0,POSCO홀딩스,005490
2021-01-15,275000.0,"하락  7,000",283500.0,286500.0,274000.0,372253.0,POSCO홀딩스,005490
2021-01-18,266000.0,"하락  9,000",270000.0,273000.0,264000.0,430044.0,POSCO홀딩스,005490
2021-01-19,271000.0,"상승  5,000",268500.0,274500.0,267000.0,352662.0,POSCO홀딩스,005490
2021-01-20,272000.0,"상승  1,000",276000.0,276000.0,267000.0,341989.0,POSCO홀딩스,005490
2021-01-21,269500.0,"하락  2,500",274000.0,276000.0,269000.0,340081.0,POSCO홀딩스,005490
2021-01-22,261000.0,"하락  8,500",271500.0,271500.0,261000.0,611222.0,POSCO홀딩스,005490
2021-01-25,264500.0,"상승  3,500",262000.0,265000.0,262000.0,351655.0,POSCO홀딩스,005490
2021-01-26,257500.0,"하락  7,000",265000.0,265000.0,256000.0,524918.0,POSCO홀딩스,005490
2021-01-27,259500.0,"상승  2,000",260000.0,262000.0,257500.0,343298.0,POSCO홀딩스,005490
2021-01-28,250000.0,"하락  9,500",254000.0,255500.0,246000.0,512201.0,POSCO홀딩스,005490
2021-01-29,245500.0,"하락  4,500",251500.0,254000.0,242500.0,545035.0,POSCO홀딩스,005490
2021-02-01,253000.0,"상승  7,500",247000.0,253000.0,245000.0,386799.0,POSCO홀딩스,005490
2021-02-02,263000.0,"상승  10,000",255500.0,263500.0,253000.0,457340.0,POSCO홀딩스,005490
2021-02-03,262500.0,하락  500,262500.0,266000.0,261000.0,379360.0,POSCO홀딩스,005490
2021-02-04,264500.0,"상승  2,000",265500.0,265500.0,261000.0,338796.0,POSCO홀딩스,005490
2021-02-05,263000.0,"하락  1,500",265500.0,265500.0,259000.0,237855.0,POSCO홀딩스,005490
2021-02-08,268500.0,"상승  5,500",264500.0,272000.0,263000.0,489447.0,POSCO홀딩스,005490
2021-02-09,270000.0,"상승  1,500",271000.0,271500.0,268500.0,247108.0,POSCO홀딩스,005490
2021-02-10,271000.0,"상승  1,000",271500.0,271500.0,268000.0,293884.0,POSCO홀딩스,005490
2021-02-15,268000.0,"하락  3,000",272500.0,274000.0,268000.0,231797.0,POSCO홀딩스,005490
2021-02-16,271500.0,"상승  3,500",268500.0,273000.0,266000.0,311244.0,POSCO홀딩스,005490
2021-02-17,270500.0,"하락  1,000",275500.0,279000.0,268000.0,413933.0,POSCO홀딩스,005490
2021-02-18,265000.0,"하락  5,500",269000.0,271500.0,265000.0,255196.0,POSCO홀딩스,005490
2021-02-19,263500.0,"하락  1,500",265000.0,265000.0,255500.0,315228.0,POSCO홀딩스,005490
2021-02-22,268000.0,"상승  4,500",264500.0,270000.0,263500.0,423838.0,POSCO홀딩스,005490
2021-02-23,279500.0,"상승  11,500",272000.0,280000.0,269000.0,875441.0,POSCO홀딩스,005490
2021-02-24,274000.0,"하락  5,500",279500.0,285500.0,273000.0,564583.0,POSCO홀딩스,005490
2021-02-25,283000.0,"상승  9,000",280000.0,284500.0,277000.0,481060.0,POSCO홀딩스,005490
2021-02-26,281500.0,"하락  1,500",279000.0,284000.0,275500.0,643591.0,POSCO홀딩스,005490
2021-03-02,285000.0,"상승  3,500",289000.0,291000.0,283500.0,631545.0,POSCO홀딩스,005490
2021-03-03,299000.0,"상승  14,000",286000.0,299000.0,284000.0,794021.0,POSCO홀딩스,005490
2021-03-04,309000.0,"상승  10,000",318000.0,318000.0,303500.0,1413446.0,POSCO홀딩스,005490
2021-03-05,314500.0,"상승  5,500",299500.0,318500.0,299500.0,906590.0,POSCO홀딩스,005490
2021-03-08,321500.0,"상승  7,000",318500.0,332000.0,317500.0,1013246.0,POSCO홀딩스,005490
2021-03-09,317000.0,"하락  4,500",328500.0,334000.0,303000.0,1236147.0,POSCO홀딩스,005490
2021-03-10,293500.0,"하락  23,500",307500.0,308500.0,293000.0,2910722.0,POSCO홀딩스,005490
2021-03-11,303000.0,"상승  9,500",293000.0,306000.0,292500.0,1002803.0,POSCO홀딩스,005490
2021-03-12,301000.0,"하락  2,000",306000.0,310000.0,295000.0,631141.0,POSCO홀딩스,005490
2021-03-15,308000.0,"상승  7,000",302000.0,308500.0,298500.0,402453.0,POSCO홀딩스,005490
2021-03-16,306000.0,"하락  2,000",309500.0,313000.0,305500.0,361417.0,POSCO홀딩스,005490
2021-03-17,295000.0,"하락  11,000",302000.0,303500.0,294500.0,554201.0,POSCO홀딩스,005490
2021-03-18,295500.0,상승  500,300500.0,301000.0,295000.0,417876.0,POSCO홀딩스,005490
2021-03-19,288500.0,"하락  7,000",291500.0,292500.0,286000.0,742847.0,POSCO홀딩스,005490
2021-03-22,303500.0,"상승  15,000",296500.0,304000.0,292500.0,592657.0,POSCO홀딩스,005490
2021-03-23,313000.0,"상승  9,500",308000.0,317500.0,307000.0,921293.0,POSCO홀딩스,005490
2021-03-24,306000.0,"하락  7,000",307000.0,311000.0,304500.0,432463.0,POSCO홀딩스,005490
2021-03-25,308500.0,"상승  2,500",305000.0,310500.0,302500.0,398363.0,POSCO홀딩스,005490
2021-03-26,318000.0,"상승  9,500",312000.0,319500.0,311500.0,505086.0,POSCO홀딩스,005490
2021-03-29,327000.0,"상승  9,000",320000.0,331000.0,319500.0,556793.0,POSCO홀딩스,005490
2021-03-30,322500.0,"하락  4,500",329500.0,330000.0,319500.0,411174.0,POSCO홀딩스,005490
2021-03-31,320000.0,"하락  2,500",323500.0,327000.0,320000.0,467942.0,POSCO홀딩스,005490
2021-04-01,318500.0,"하락  1,500",320500.0,323000.0,314000.0,458156.0,POSCO홀딩스,005490
2021-04-02,318500.0,보합0,321000.0,323000.0,317000.0,284832.0,POSCO홀딩스,005490
2021-04-05,334500.0,"상승  16,000",320000.0,334500.0,320000.0,573076.0,POSCO홀딩스,005490
2021-04-06,328500.0,"하락  6,000",336000.0,336000.0,323000.0,513075.0,POSCO홀딩스,005490
2021-04-07,329000.0,상승  500,330500.0,332500.0,326000.0,323718.0,POSCO홀딩스,005490
2021-04-08,331500.0,"상승  2,500",329000.0,334000.0,328500.0,389851.0,POSCO홀딩스,005490
2021-04-09,328000.0,"하락  3,500",334500.0,336000.0,326500.0,256857.0,POSCO홀딩스,005490
2021-04-12,329500.0,"상승  1,500",330500.0,331000.0,322000.0,350064.0,POSCO홀딩스,005490
2021-04-13,327000.0,"하락  2,500",331000.0,334000.0,324500.0,460293.0,POSCO홀딩스,005490
2021-04-14,338500.0,"상승  11,500",328000.0,340000.0,323000.0,736486.0,POSCO홀딩스,005490
2021-04-15,346000.0,"상승  7,500",338500.0,349500.0,336000.0,591661.0,POSCO홀딩스,005490
2021-04-16,343500.0,"하락  2,500",346000.0,347500.0,339000.0,301914.0,POSCO홀딩스,005490
2021-04-19,354000.0,"상승  10,500",343500.0,354000.0,341000.0,382725.0,POSCO홀딩스,005490
2021-04-20,355500.0,"상승  1,500",352000.0,356000.0,350500.0,339391.0,POSCO홀딩스,005490
2021-04-21,351000.0,"하락  4,500",350000.0,355000.0,346000.0,434931.0,POSCO홀딩스,005490
2021-04-22,353000.0,"상승  2,000",352500.0,359000.0,351000.0,443997.0,POSCO홀딩스,005490
2021-04-23,355500.0,"상승  2,500",350500.0,355500.0,347500.0,326287.0,POSCO홀딩스,005490
2021-04-26,362500.0,"상승  7,000",355500.0,363000.0,352000.0,475237.0,POSCO홀딩스,005490
2021-04-27,377500.0,"상승  15,000",366000.0,383000.0,365500.0,734422.0,POSCO홀딩스,005490
2021-04-28,372500.0,"하락  5,000",380000.0,381500.0,369500.0,545333.0,POSCO홀딩스,005490
2021-04-29,373000.0,상승  500,376000.0,387000.0,372500.0,629282.0,POSCO홀딩스,005490
2021-04-30,364000.0,"하락  9,000",373500.0,374000.0,360000.0,499655.0,POSCO홀딩스,005490
2021-05-03,368000.0,"상승  4,000",368000.0,373500.0,365000.0,361870.0,POSCO홀딩스,005490
2021-05-04,376500.0,"상승  8,500",374500.0,378500.0,362000.0,480208.0,POSCO홀딩스,005490
2021-05-06,395500.0,"상승  19,000",380500.0,396000.0,380500.0,716999.0,POSCO홀딩스,005490
2021-05-07,398000.0,"상승  2,500",396500.0,399000.0,388000.0,422259.0,POSCO홀딩스,005490
2021-05-10,407000.0,"상승  9,000",400000.0,413500.0,399000.0,643587.0,POSCO홀딩스,005490
2021-05-11,409500.0,"상승  2,500",406000.0,412000.0,396000.0,710220.0,POSCO홀딩스,005490
2021-05-12,399000.0,"하락  10,500",407500.0,409000.0,390500.0,631639.0,POSCO홀딩스,005490
2021-05-13,383500.0,"하락  15,500",384500.0,399000.0,380000.0,756875.0,POSCO홀딩스,005490
2021-05-14,380000.0,"하락  3,500",381000.0,386500.0,374500.0,567800.0,POSCO홀딩스,005490
2021-05-17,367000.0,"하락  13,000",380000.0,385000.0,363500.0,661551.0,POSCO홀딩스,005490
2021-05-18,385500.0,"상승  18,500",367000.0,388000.0,367000.0,597298.0,POSCO홀딩스,005490
2021-05-20,365000.0,"하락  20,500",373500.0,374000.0,363000.0,743678.0,POSCO홀딩스,005490
2021-05-21,360000.0,"하락  5,000",365000.0,368000.0,354000.0,623771.0,POSCO홀딩스,005490
2021-05-24,355500.0,"하락  4,500",357500.0,364000.0,354000.0,594767.0,POSCO홀딩스,005490
2021-05-25,358000.0,"상승  2,500",358000.0,361000.0,353500.0,392354.0,POSCO홀딩스,005490
2021-05-26,349000.0,"하락  9,000",356500.0,357000.0,343500.0,680833.0,POSCO홀딩스,005490
2021-05-27,360000.0,"상승  11,000",352000.0,360000.0,349000.0,763321.0,POSCO홀딩스,005490
2021-05-28,357000.0,"하락  3,000",364000.0,366000.0,355000.0,596742.0,POSCO홀딩스,005490
2021-05-31,355000.0,"하락  2,000",359000.0,359500.0,347500.0,448625.0,POSCO홀딩스,005490
2021-06-01,350000.0,"하락  5,000",355500.0,363000.0,347500.0,701879.0,POSCO홀딩스,005490
2021-06-02,353000.0,"상승  3,000",357000.0,361000.0,350500.0,617039.0,POSCO홀딩스,005490
2021-06-03,346500.0,"하락  6,500",349500.0,350500.0,345000.0,607645.0,POSCO홀딩스,005490
2021-06-04,347000.0,상승  500,346500.0,350500.0,345000.0,475678.0,POSCO홀딩스,005490
2021-06-07,339500.0,"하락  7,500",348500.0,349000.0,337500.0,642429.0,POSCO홀딩스,005490
2021-06-08,341000.0,"상승  1,500",339000.0,342500.0,333000.0,529180.0,POSCO홀딩스,005490
2021-06-09,333500.0,"하락  7,500",340500.0,341000.0,333000.0,538621.0,POSCO홀딩스,005490
2021-06-10,334000.0,상승  500,333000.0,339500.0,332000.0,613479.0,POSCO홀딩스,005490
2021-06-11,349500.0,"상승  15,500",338000.0,349500.0,337500.0,707226.0,POSCO홀딩스,005490
2021-06-14,344500.0,"하락  5,000",351000.0,351500.0,343500.0,389363.0,POSCO홀딩스,005490
2021-06-15,342000.0,"하락  2,500",341000.0,348000.0,340000.0,380767.0,POSCO홀딩스,005490
2021-06-16,345000.0,"상승  3,000",344500.0,347500.0,341000.0,311250.0,POSCO홀딩스,005490
2021-06-17,341000.0,"하락  4,000",342500.0,344000.0,340000.0,401639.0,POSCO홀딩스,005490
2021-06-18,340000.0,"하락  1,000",336500.0,342000.0,336000.0,613284.0,POSCO홀딩스,005490
2021-06-21,335500.0,"하락  4,500",337000.0,338500.0,334000.0,370513.0,POSCO홀딩스,005490
2021-06-22,341000.0,"상승  5,500",339000.0,347000.0,337500.0,429795.0,POSCO홀딩스,005490
2021-06-23,338500.0,"하락  2,500",343500.0,345000.0,338000.0,335968.0,POSCO홀딩스,005490
2021-06-24,350000.0,"상승  11,500",340000.0,350000.0,339000.0,560310.0,POSCO홀딩스,005490
2021-06-25,352000.0,"상승  2,000",359000.0,359000.0,350500.0,580216.0,POSCO홀딩스,005490
2021-06-28,354000.0,"상승  2,000",353000.0,356000.0,347500.0,336308.0,POSCO홀딩스,005490
2021-06-29,347000.0,"하락  7,000",352000.0,352000.0,346500.0,357032.0,POSCO홀딩스,005490
2021-06-30,348000.0,"상승  1,000",349500.0,352000.0,344500.0,344227.0,POSCO홀딩스,005490
2021-07-01,345000.0,"하락  3,000",346500.0,348000.0,344000.0,215768.0,POSCO홀딩스,005490
2021-07-02,344000.0,"하락  1,000",346500.0,351000.0,344000.0,304563.0,POSCO홀딩스,005490
2021-07-05,345000.0,"상승  1,000",347500.0,348000.0,343000.0,257176.0,POSCO홀딩스,005490
2021-07-06,342500.0,"하락  2,500",346000.0,346500.0,342500.0,212041.0,POSCO홀딩스,005490
2021-07-07,339500.0,"하락  3,000",338500.0,341000.0,335500.0,479858.0,POSCO홀딩스,005490
2021-07-08,339500.0,보합0,341000.0,350500.0,339500.0,542052.0,POSCO홀딩스,005490
2021-07-09,338000.0,"하락  1,500",335000.0,338000.0,327000.0,669248.0,POSCO홀딩스,005490
2021-07-12,344500.0,"상승  6,500",342500.0,353000.0,342000.0,596735.0,POSCO홀딩스,005490
2021-07-13,345000.0,상승  500,346000.0,348000.0,341500.0,269038.0,POSCO홀딩스,005490
2021-07-14,341000.0,"하락  4,000",342000.0,344500.0,340000.0,242036.0,POSCO홀딩스,005490
2021-07-15,346000.0,"상승  5,000",341500.0,346500.0,341500.0,341620.0,POSCO홀딩스,005490
2021-07-16,341000.0,"하락  5,000",343000.0,343000.0,336500.0,363606.0,POSCO홀딩스,005490
2021-07-19,334500.0,"하락  6,500",336500.0,337000.0,333000.0,324198.0,POSCO홀딩스,005490
2021-07-20,330000.0,"하락  4,500",329500.0,332500.0,328500.0,394416.0,POSCO홀딩스,005490
2021-07-21,330500.0,상승  500,334500.0,335000.0,329500.0,197741.0,POSCO홀딩스,005490
2021-07-22,346000.0,"상승  15,500",334000.0,346000.0,334000.0,565166.0,POSCO홀딩스,005490
2021-07-23,353500.0,"상승  7,500",349500.0,358500.0,347500.0,838140.0,POSCO홀딩스,005490
2021-07-26,354000.0,상승  500,355000.0,360000.0,351000.0,529527.0,POSCO홀딩스,005490
2021-07-27,364500.0,"상승  10,500",358500.0,369500.0,358000.0,753746.0,POSCO홀딩스,005490
2021-07-28,367500.0,"상승  3,000",363000.0,367500.0,359000.0,432867.0,POSCO홀딩스,005490
2021-07-29,359000.0,"하락  8,500",368500.0,370000.0,356000.0,479297.0,POSCO홀딩스,005490
2021-07-30,366500.0,"상승  7,500",362000.0,368000.0,360500.0,700416.0,POSCO홀딩스,005490
2021-08-02,360000.0,"하락  6,500",369500.0,370000.0,356000.0,415467.0,POSCO홀딩스,005490
2021-08-03,341000.0,"하락  19,000",354000.0,354000.0,340000.0,885509.0,POSCO홀딩스,005490
2021-08-04,346500.0,"상승  5,500",344000.0,348000.0,341500.0,431994.0,POSCO홀딩스,005490
2021-08-05,344000.0,"하락  2,500",343000.0,345500.0,341000.0,394824.0,POSCO홀딩스,005490
2021-08-06,341000.0,"하락  3,000",342500.0,346500.0,340000.0,370445.0,POSCO홀딩스,005490
2021-08-09,337500.0,"하락  3,500",339500.0,340500.0,335000.0,394554.0,POSCO홀딩스,005490
2021-08-10,337500.0,보합0,340000.0,342000.0,336500.0,263360.0,POSCO홀딩스,005490
2021-08-11,345500.0,"상승  8,000",345000.0,347000.0,342000.0,440224.0,POSCO홀딩스,005490
2021-08-12,338000.0,"하락  7,500",347500.0,349000.0,338000.0,442630.0,POSCO홀딩스,005490
2021-08-13,341000.0,"상승  3,000",335500.0,342500.0,335500.0,340685.0,POSCO홀딩스,005490
2021-08-17,329500.0,"하락  11,500",335000.0,338000.0,328500.0,617509.0,POSCO홀딩스,005490
2021-08-18,329000.0,하락  500,330500.0,332500.0,323000.0,339135.0,POSCO홀딩스,005490
2021-08-19,313500.0,"하락  15,500",325500.0,328000.0,313500.0,512078.0,POSCO홀딩스,005490
2021-08-20,308000.0,"하락  5,500",314000.0,320000.0,306000.0,479910.0,POSCO홀딩스,005490
2021-08-23,309500.0,"상승  1,500",312500.0,313000.0,307000.0,309650.0,POSCO홀딩스,005490
2021-08-24,320000.0,"상승  10,500",312000.0,321500.0,312000.0,452228.0,POSCO홀딩스,005490
2021-08-25,326000.0,"상승  6,000",324500.0,334500.0,322000.0,434977.0,POSCO홀딩스,005490
2021-08-26,321500.0,"하락  4,500",322500.0,325000.0,317500.0,378335.0,POSCO홀딩스,005490
2021-08-27,315000.0,"하락  6,500",317500.0,320000.0,313500.0,376740.0,POSCO홀딩스,005490
2021-08-30,332000.0,"상승  17,000",318500.0,333000.0,317500.0,614544.0,POSCO홀딩스,005490
2021-08-31,337000.0,"상승  5,000",332500.0,337000.0,328000.0,444769.0,POSCO홀딩스,005490
2021-09-01,337500.0,상승  500,332500.0,342500.0,332500.0,336396.0,POSCO홀딩스,005490
2021-09-02,342500.0,"상승  5,000",338000.0,346500.0,337000.0,502952.0,POSCO홀딩스,005490
2021-09-03,348000.0,"상승  5,500",344000.0,348500.0,343000.0,443470.0,POSCO홀딩스,005490
2021-09-06,349000.0,"상승  1,000",348000.0,352000.0,343000.0,273592.0,POSCO홀딩스,005490
2021-09-07,360500.0,"상승  11,500",351000.0,363000.0,349000.0,622033.0,POSCO홀딩스,005490
2021-09-08,361500.0,"상승  1,000",359000.0,364000.0,357000.0,403299.0,POSCO홀딩스,005490
2021-09-09,359500.0,"하락  2,000",357500.0,362500.0,352500.0,481713.0,POSCO홀딩스,005490
2021-09-10,360000.0,상승  500,360000.0,365000.0,359000.0,309238.0,POSCO홀딩스,005490
2021-09-13,375000.0,"상승  15,000",361000.0,375000.0,361000.0,650692.0,POSCO홀딩스,005490
2021-09-14,366500.0,"하락  8,500",377000.0,379500.0,364000.0,412181.0,POSCO홀딩스,005490
2021-09-15,361500.0,"하락  5,000",361500.0,366500.0,357000.0,474107.0,POSCO홀딩스,005490
2021-09-16,364500.0,"상승  3,000",365000.0,373500.0,361000.0,258732.0,POSCO홀딩스,005490
2021-09-17,362500.0,"하락  2,000",359000.0,365500.0,356000.0,461597.0,POSCO홀딩스,005490
2021-09-23,346500.0,"하락  16,000",355000.0,356000.0,344500.0,620162.0,POSCO홀딩스,005490
2021-09-24,345000.0,"하락  1,500",350000.0,354500.0,342000.0,484775.0,POSCO홀딩스,005490
2021-09-27,340000.0,"하락  5,000",341000.0,347000.0,339000.0,238271.0,POSCO홀딩스,005490
2021-09-28,335500.0,"하락  4,500",344500.0,345000.0,330000.0,464636.0,POSCO홀딩스,005490
2021-09-29,330000.0,"하락  5,500",333000.0,334000.0,325500.0,342327.0,POSCO홀딩스,005490
2021-09-30,330000.0,보합0,326500.0,333000.0,325000.0,316173.0,POSCO홀딩스,005490
2021-10-01,324000.0,"하락  6,000",329000.0,330500.0,322500.0,302454.0,POSCO홀딩스,005490
2021-10-05,322000.0,"하락  2,000",318000.0,324000.0,315000.0,341473.0,POSCO홀딩스,005490
2021-10-06,317000.0,"하락  5,000",324000.0,326000.0,316000.0,390248.0,POSCO홀딩스,005490
2021-10-07,319500.0,"상승  2,500",317000.0,323000.0,317000.0,246371.0,POSCO홀딩스,005490
2021-10-08,320000.0,상승  500,323000.0,330000.0,319000.0,414977.0,POSCO홀딩스,005490
2021-10-12,322000.0,"상승  2,000",320500.0,324000.0,313000.0,348183.0,POSCO홀딩스,005490
2021-10-13,325000.0,"상승  3,000",320000.0,330500.0,315000.0,791246.0,POSCO홀딩스,005490
2021-10-14,327500.0,"상승  2,500",331000.0,332500.0,323500.0,539634.0,POSCO홀딩스,005490
2021-10-15,328000.0,상승  500,330000.0,331500.0,327500.0,281368.0,POSCO홀딩스,005490
2021-10-18,319500.0,"하락  8,500",327500.0,327500.0,318500.0,379352.0,POSCO홀딩스,005490
2021-10-19,320000.0,상승  500,320000.0,321000.0,316000.0,261989.0,POSCO홀딩스,005490
2021-10-20,309500.0,"하락  10,500",320000.0,321500.0,309500.0,474504.0,POSCO홀딩스,005490
2021-10-21,311000.0,"상승  1,500",309500.0,315000.0,309500.0,243600.0,POSCO홀딩스,005490
2021-10-22,303500.0,"하락  7,500",307500.0,308000.0,301000.0,414221.0,POSCO홀딩스,005490
2021-10-25,313000.0,"상승  9,500",303500.0,313500.0,300500.0,329504.0,POSCO홀딩스,005490
2021-10-26,315000.0,"상승  2,000",316500.0,318500.0,310000.0,308343.0,POSCO홀딩스,005490
2021-10-27,308000.0,"하락  7,000",315000.0,315000.0,307000.0,323575.0,POSCO홀딩스,005490
2021-10-28,301000.0,"하락  7,000",304000.0,308000.0,301000.0,462448.0,POSCO홀딩스,005490
2021-10-29,296000.0,"하락  5,000",302000.0,303500.0,296000.0,405986.0,POSCO홀딩스,005490
2021-11-01,296500.0,상승  500,298000.0,300500.0,295500.0,269718.0,POSCO홀딩스,005490
2021-11-02,298000.0,"상승  1,500",298000.0,305500.0,297500.0,343252.0,POSCO홀딩스,005490
2021-11-03,300500.0,"상승  2,500",301000.0,304000.0,298500.0,258117.0,POSCO홀딩스,005490
2021-11-04,297500.0,"하락  3,000",303000.0,305000.0,296000.0,310022.0,POSCO홀딩스,005490
2021-11-05,285000.0,"하락  12,500",298000.0,299500.0,282500.0,755034.0,POSCO홀딩스,005490
2021-11-08,284500.0,하락  500,284500.0,285000.0,276500.0,572332.0,POSCO홀딩스,005490
2021-11-09,285000.0,상승  500,285000.0,289000.0,284000.0,299852.0,POSCO홀딩스,005490
2021-11-10,274000.0,"하락  11,000",281000.0,283000.0,274000.0,568198.0,POSCO홀딩스,005490
2021-11-11,274500.0,상승  500,270000.0,278000.0,269000.0,542966.0,POSCO홀딩스,005490
2021-11-12,285000.0,"상승  10,500",281000.0,288000.0,280000.0,500205.0,POSCO홀딩스,005490
2021-11-15,285000.0,보합0,287500.0,288000.0,284000.0,223366.0,POSCO홀딩스,005490
2021-11-16,283500.0,"하락  1,500",283500.0,287500.0,280500.0,219629.0,POSCO홀딩스,005490
2021-11-17,276000.0,"하락  7,500",284500.0,284500.0,275500.0,407594.0,POSCO홀딩스,005490
2021-11-18,274000.0,"하락  2,000",276000.0,279000.0,273500.0,270816.0,POSCO홀딩스,005490
2021-11-19,278000.0,"상승  4,000",274500.0,281000.0,274000.0,285633.0,POSCO홀딩스,005490
2021-11-22,281000.0,"상승  3,000",277000.0,284500.0,275500.0,255604.0,POSCO홀딩스,005490
2021-11-23,286500.0,"상승  5,500",283500.0,292000.0,283000.0,389317.0,POSCO홀딩스,005490
2021-11-24,280500.0,"하락  6,000",286500.0,287000.0,278500.0,336968.0,POSCO홀딩스,005490
2021-11-25,277000.0,"하락  3,500",279500.0,280000.0,274500.0,226729.0,POSCO홀딩스,005490
2021-11-26,272000.0,"하락  5,000",277500.0,278000.0,271000.0,251387.0,POSCO홀딩스,005490
2021-11-29,264500.0,"하락  7,500",266500.0,268000.0,262000.0,526535.0,POSCO홀딩스,005490
2021-11-30,261000.0,"하락  3,500",267000.0,270000.0,260000.0,603733.0,POSCO홀딩스,005490
2021-12-01,277000.0,"상승  16,000",266500.0,284500.0,263000.0,1158036.0,POSCO홀딩스,005490
2021-12-02,281500.0,"상승  4,500",276500.0,283000.0,270000.0,558575.0,POSCO홀딩스,005490
2021-12-03,284000.0,"상승  2,500",282000.0,288000.0,280000.0,417560.0,POSCO홀딩스,005490
2021-12-06,287000.0,"상승  3,000",284000.0,292000.0,278000.0,617298.0,POSCO홀딩스,005490
2021-12-07,288500.0,"상승  1,500",291500.0,293500.0,285000.0,398800.0,POSCO홀딩스,005490
2021-12-08,290000.0,"상승  1,500",290000.0,295000.0,287500.0,403743.0,POSCO홀딩스,005490
2021-12-09,295000.0,"상승  5,000",287000.0,295000.0,284000.0,696363.0,POSCO홀딩스,005490
2021-12-10,281500.0,"하락  13,500",288500.0,288500.0,280500.0,1049824.0,POSCO홀딩스,005490
2021-12-13,287000.0,"상승  5,500",281000.0,291000.0,280000.0,535999.0,POSCO홀딩스,005490
2021-12-14,288500.0,"상승  1,500",285500.0,288500.0,281000.0,289748.0,POSCO홀딩스,005490
2021-12-15,282000.0,"하락  6,500",286500.0,287500.0,281500.0,348499.0,POSCO홀딩스,005490
2021-12-16,283500.0,"상승  1,500",284000.0,285500.0,279000.0,424524.0,POSCO홀딩스,005490
2021-12-17,292000.0,"상승  8,500",281000.0,292500.0,281000.0,499153.0,POSCO홀딩스,005490
2021-12-20,280500.0,"하락  11,500",288000.0,288000.0,280000.0,378947.0,POSCO홀딩스,005490
2021-12-21,280500.0,보합0,282000.0,283000.0,279000.0,178706.0,POSCO홀딩스,005490
2021-12-22,282000.0,"상승  1,500",281000.0,286000.0,281000.0,228349.0,POSCO홀딩스,005490
2021-12-23,283500.0,"상승  1,500",283500.0,285500.0,282000.0,159175.0,POSCO홀딩스,005490
2021-12-24,284000.0,상승  500,283500.0,285000.0,282500.0,167055.0,POSCO홀딩스,005490
2021-12-27,281500.0,"하락  2,500",284500.0,284500.0,281000.0,160202.0,POSCO홀딩스,005490
2021-12-28,283500.0,"상승  2,000",282500.0,283500.0,280500.0,337286.0,POSCO홀딩스,005490
2021-12-29,279000.0,"하락  4,500",278000.0,281500.0,273000.0,329075.0,POSCO홀딩스,005490
2021-12-30,274500.0,"하락  4,500",278000.0,280000.0,274500.0,219848.0,POSCO홀딩스,005490
2022-01-03,280000.0,"상승  5,500",277000.0,284000.0,276500.0,264270.0,POSCO홀딩스,005490
2022-01-04,286500.0,"상승  6,500",279500.0,288000.0,278500.0,347412.0,POSCO홀딩스,005490
2022-01-05,295500.0,"상승  9,000",288500.0,298500.0,286500.0,867085.0,POSCO홀딩스,005490
2022-01-06,304500.0,"상승  9,000",297500.0,310000.0,293000.0,1038400.0,POSCO홀딩스,005490
2022-01-07,305000.0,상승  500,301500.0,306500.0,298000.0,518413.0,POSCO홀딩스,005490
2022-01-10,304000.0,"하락  1,000",304000.0,308500.0,301000.0,303091.0,POSCO홀딩스,005490
2022-01-11,300000.0,"하락  4,000",300500.0,304000.0,296000.0,390725.0,POSCO홀딩스,005490
2022-01-12,305500.0,"상승  5,500",300500.0,306500.0,299500.0,333786.0,POSCO홀딩스,005490
2022-01-13,306500.0,"상승  1,000",310500.0,316000.0,305500.0,526231.0,POSCO홀딩스,005490
2022-01-14,299000.0,"하락  7,500",303500.0,306000.0,298000.0,309975.0,POSCO홀딩스,005490
2022-01-17,292500.0,"하락  6,500",299000.0,299000.0,290500.0,255851.0,POSCO홀딩스,005490
2022-01-18,286000.0,"하락  6,500",294500.0,294500.0,284000.0,325795.0,POSCO홀딩스,005490
2022-01-19,284500.0,"하락  1,500",280500.0,289500.0,279500.0,308227.0,POSCO홀딩스,005490
2022-01-20,286000.0,"상승  1,500",285500.0,294000.0,285000.0,383480.0,POSCO홀딩스,005490
2022-01-21,282000.0,"하락  4,000",282500.0,283000.0,278000.0,324796.0,POSCO홀딩스,005490
2022-01-24,274500.0,"하락  7,500",280000.0,282500.0,273000.0,319122.0,POSCO홀딩스,005490
2022-01-25,266500.0,"하락  8,000",273000.0,273000.0,265500.0,448495.0,POSCO홀딩스,005490
2022-01-26,269500.0,"상승  3,000",267500.0,272000.0,266500.0,283576.0,POSCO홀딩스,005490
2022-01-27,257500.0,"하락  12,000",263500.0,269000.0,256000.0,463038.0,POSCO홀딩스,005490
2022-01-28,265000.0,"상승  7,500",260000.0,267000.0,256500.0,333753.0,POSCO홀딩스,005490
2022-02-03,268000.0,"상승  3,000",274500.0,275500.0,267000.0,360416.0,POSCO홀딩스,005490
2022-02-04,268500.0,상승  500,268000.0,270000.0,263500.0,247870.0,POSCO홀딩스,005490
2022-02-07,268500.0,보합0,268000.0,269500.0,261000.0,282832.0,POSCO홀딩스,005490
2022-02-08,267000.0,"하락  1,500",270000.0,272500.0,265000.0,352795.0,POSCO홀딩스,005490
2022-02-09,282000.0,"상승  15,000",271000.0,283000.0,270000.0,532576.0,POSCO홀딩스,005490
2022-02-10,280000.0,"하락  2,000",285000.0,286000.0,279000.0,312672.0,POSCO홀딩스,005490
2022-02-11,290000.0,"상승  10,000",281000.0,292000.0,280500.0,542251.0,POSCO홀딩스,005490
2022-02-14,284000.0,"하락  6,000",287500.0,290000.0,283000.0,259367.0,POSCO홀딩스,005490
2022-02-15,280500.0,"하락  3,500",285500.0,287000.0,277500.0,420548.0,POSCO홀딩스,005490
2022-02-16,280500.0,보합0,283000.0,283500.0,278000.0,240682.0,POSCO홀딩스,005490
2022-02-17,283000.0,"상승  2,500",282500.0,286000.0,278000.0,266814.0,POSCO홀딩스,005490
2022-02-18,281500.0,"하락  1,500",278000.0,281500.0,274500.0,253732.0,POSCO홀딩스,005490
2022-02-21,281000.0,하락  500,275500.0,281500.0,275000.0,189587.0,POSCO홀딩스,005490
2022-02-22,278500.0,"하락  2,500",276000.0,278500.0,273500.0,238780.0,POSCO홀딩스,005490
2022-02-23,276500.0,"하락  2,000",279000.0,280500.0,274000.0,275697.0,POSCO홀딩스,005490
2022-02-24,278000.0,"상승  1,500",273000.0,279000.0,272500.0,332271.0,POSCO홀딩스,005490
2022-02-25,275500.0,"하락  2,500",278000.0,278500.0,273000.0,273489.0,POSCO홀딩스,005490
2022-02-28,285000.0,"상승  9,500",275000.0,285000.0,273000.0,368713.0,POSCO홀딩스,005490
2022-03-02,283500.0,"하락  1,500",284500.0,287000.0,281000.0,332940.0,POSCO홀딩스,005490
2022-03-03,290500.0,"상승  7,000",287000.0,294500.0,284000.0,361119.0,POSCO홀딩스,005490
2022-03-04,291500.0,"상승  1,000",291000.0,293500.0,288000.0,218986.0,POSCO홀딩스,005490
2022-03-07,285500.0,"하락  6,000",286500.0,289500.0,285000.0,245246.0,POSCO홀딩스,005490
2022-03-08,276500.0,"하락  9,000",281500.0,285500.0,275500.0,360988.0,POSCO홀딩스,005490
2022-03-10,283500.0,"상승  7,000",287000.0,287000.0,279500.0,390503.0,POSCO홀딩스,005490
2022-03-11,282000.0,"하락  1,500",283000.0,285000.0,279000.0,208498.0,POSCO홀딩스,005490
2022-03-14,287000.0,"상승  5,000",282000.0,291000.0,281000.0,277812.0,POSCO홀딩스,005490
2022-03-15,282000.0,"하락  5,000",285000.0,285000.0,280000.0,231309.0,POSCO홀딩스,005490
2022-03-16,283000.0,"상승  1,000",283000.0,285000.0,279000.0,222274.0,POSCO홀딩스,005490
2022-03-17,283500.0,상승  500,286500.0,288000.0,283500.0,225722.0,POSCO홀딩스,005490
2022-03-18,287000.0,"상승  3,500",286500.0,293500.0,284500.0,377985.0,POSCO홀딩스,005490
2022-03-21,287000.0,보합0,289000.0,291000.0,286000.0,181821.0,POSCO홀딩스,005490
2022-03-22,293000.0,"상승  6,000",289000.0,294500.0,287500.0,324522.0,POSCO홀딩스,005490
2022-03-23,306500.0,"상승  13,500",297500.0,306500.0,297000.0,519555.0,POSCO홀딩스,005490
2022-03-24,304000.0,"하락  2,500",303500.0,304500.0,299000.0,353201.0,POSCO홀딩스,005490
2022-03-25,299500.0,"하락  4,500",304000.0,305000.0,297500.0,263554.0,POSCO홀딩스,005490
2022-03-28,299500.0,보합0,299500.0,300000.0,294000.0,265949.0,POSCO홀딩스,005490
2022-03-29,299000.0,하락  500,300500.0,301000.0,296000.0,284426.0,POSCO홀딩스,005490
2022-03-30,290000.0,"하락  9,000",296500.0,298500.0,289000.0,440166.0,POSCO홀딩스,005490
2022-03-31,293000.0,"상승  3,000",291000.0,294500.0,290000.0,292573.0,POSCO홀딩스,005490
2022-04-01,288000.0,"하락  5,000",289500.0,291500.0,286000.0,304417.0,POSCO홀딩스,005490
2022-04-04,294000.0,"상승  6,000",287000.0,294000.0,286500.0,207021.0,POSCO홀딩스,005490
2022-04-05,289500.0,"하락  4,500",292500.0,293500.0,287500.0,191471.0,POSCO홀딩스,005490
2022-04-06,285000.0,"하락  4,500",286000.0,288000.0,283500.0,235528.0,POSCO홀딩스,005490
2022-04-07,280500.0,"하락  4,500",283500.0,286500.0,280500.0,220834.0,POSCO홀딩스,005490
2022-04-08,283000.0,"상승  2,500",284500.0,284500.0,281000.0,185278.0,POSCO홀딩스,005490
2022-04-11,286000.0,"상승  3,000",282500.0,289000.0,281500.0,196683.0,POSCO홀딩스,005490
2022-04-12,282000.0,"하락  4,000",285500.0,287000.0,282000.0,196710.0,POSCO홀딩스,005490
2022-04-13,285500.0,"상승  3,500",285000.0,286500.0,283000.0,128670.0,POSCO홀딩스,005490
2022-04-14,286000.0,상승  500,285500.0,288000.0,284000.0,207690.0,POSCO홀딩스,005490
2022-04-15,282500.0,"하락  3,500",292000.0,293500.0,282000.0,443687.0,POSCO홀딩스,005490
2022-04-18,283000.0,상승  500,281500.0,283500.0,278000.0,181166.0,POSCO홀딩스,005490
2022-04-19,288500.0,"상승  5,500",284500.0,288500.0,282500.0,256646.0,POSCO홀딩스,005490
2022-04-20,289500.0,"상승  1,000",288500.0,292000.0,287000.0,218556.0,POSCO홀딩스,005490
2022-04-21,299000.0,"상승  9,500",292000.0,300000.0,291500.0,417039.0,POSCO홀딩스,005490
2022-04-22,295500.0,"하락  3,500",295500.0,297000.0,292500.0,254910.0,POSCO홀딩스,005490
2022-04-25,286000.0,"하락  9,500",289500.0,290500.0,286000.0,251867.0,POSCO홀딩스,005490
2022-04-26,284000.0,"하락  2,000",288000.0,288500.0,282000.0,302521.0,POSCO홀딩스,005490
2022-04-27,278000.0,"하락  6,000",279000.0,279500.0,276000.0,304986.0,POSCO홀딩스,005490
2022-04-28,290000.0,"상승  12,000",280500.0,290000.0,280500.0,341213.0,POSCO홀딩스,005490
2022-04-29,289000.0,"하락  1,000",286500.0,290500.0,285500.0,178473.0,POSCO홀딩스,005490
2022-05-02,293000.0,"상승  4,000",285000.0,293500.0,284500.0,234352.0,POSCO홀딩스,005490
2022-05-03,289000.0,"하락  4,000",292000.0,295000.0,289000.0,154703.0,POSCO홀딩스,005490
2022-05-04,291500.0,"상승  2,500",289000.0,298000.0,289000.0,193167.0,POSCO홀딩스,005490
2022-05-06,286000.0,"하락  5,500",286000.0,288000.0,284000.0,192881.0,POSCO홀딩스,005490
2022-05-09,281000.0,"하락  5,000",284500.0,286000.0,280500.0,180846.0,POSCO홀딩스,005490
2022-05-10,276000.0,"하락  5,000",277500.0,280000.0,272000.0,291390.0,POSCO홀딩스,005490
2022-05-11,274500.0,"하락  1,500",275500.0,276500.0,273000.0,177462.0,POSCO홀딩스,005490
2022-05-12,273000.0,"하락  1,500",273000.0,279000.0,272500.0,251662.0,POSCO홀딩스,005490
2022-05-13,280500.0,"상승  7,500",276500.0,282000.0,273000.0,254670.0,POSCO홀딩스,005490
2022-05-16,281000.0,상승  500,282000.0,284000.0,279500.0,175543.0,POSCO홀딩스,005490
2022-05-17,287500.0,"상승  6,500",283000.0,288500.0,283000.0,190081.0,POSCO홀딩스,005490
2022-05-18,288000.0,상승  500,289000.0,290500.0,287000.0,193713.0,POSCO홀딩스,005490
2022-05-19,285000.0,"하락  3,000",280000.0,287500.0,279500.0,262911.0,POSCO홀딩스,005490
2022-05-20,291500.0,"상승  6,500",286500.0,293000.0,286500.0,206080.0,POSCO홀딩스,005490
2022-05-23,292500.0,"상승  1,000",292500.0,294000.0,289000.0,189083.0,POSCO홀딩스,005490
2022-05-24,289000.0,"하락  3,500",291500.0,295500.0,289000.0,221667.0,POSCO홀딩스,005490
2022-05-25,290500.0,"상승  1,500",293000.0,294000.0,290500.0,201411.0,POSCO홀딩스,005490
2022-05-26,294000.0,"상승  3,500",289000.0,294000.0,289000.0,245009.0,POSCO홀딩스,005490
2022-05-27,294000.0,보합0,295000.0,296500.0,292000.0,240511.0,POSCO홀딩스,005490
2022-05-30,294000.0,보합0,295000.0,296000.0,292500.0,200031.0,POSCO홀딩스,005490
2022-05-31,289000.0,"하락  5,000",294000.0,294000.0,288000.0,695314.0,POSCO홀딩스,005490
2022-06-02,288000.0,"하락  1,000",291500.0,291500.0,286000.0,311949.0,POSCO홀딩스,005490
2022-06-03,290000.0,"상승  2,000",290500.0,295000.0,289000.0,237752.0,POSCO홀딩스,005490
2022-06-07,287000.0,"하락  3,000",290000.0,293000.0,286500.0,243572.0,POSCO홀딩스,005490
2022-06-08,285500.0,"하락  1,500",287500.0,290000.0,285000.0,151759.0,POSCO홀딩스,005490
2022-06-09,286000.0,상승  500,285500.0,287000.0,284000.0,262830.0,POSCO홀딩스,005490
2022-06-10,279000.0,"하락  7,000",282500.0,282500.0,278000.0,284607.0,POSCO홀딩스,005490
2022-06-13,268000.0,"하락  11,000",273500.0,274000.0,268000.0,374998.0,POSCO홀딩스,005490
2022-06-14,263500.0,"하락  4,500",262000.0,265000.0,261000.0,395108.0,POSCO홀딩스,005490
2022-06-15,261500.0,"하락  2,000",265500.0,266000.0,259000.0,281819.0,POSCO홀딩스,005490
2022-06-16,267500.0,"상승  6,000",263500.0,270000.0,263500.0,301214.0,POSCO홀딩스,005490
2022-06-17,262500.0,"하락  5,000",260000.0,265000.0,259500.0,627182.0,POSCO홀딩스,005490
2022-06-20,252500.0,"하락  10,000",264000.0,264000.0,250500.0,350343.0,POSCO홀딩스,005490
2022-06-21,250500.0,"하락  2,000",253500.0,255000.0,248500.0,219217.0,POSCO홀딩스,005490
2022-06-22,242500.0,"하락  8,000",252500.0,252500.0,241000.0,371830.0,POSCO홀딩스,005490
2022-06-23,234000.0,"하락  8,500",240000.0,241000.0,233500.0,437747.0,POSCO홀딩스,005490
2022-06-24,238000.0,"상승  4,000",234000.0,239500.0,229500.0,328581.0,POSCO홀딩스,005490
2022-06-27,238000.0,보합0,240500.0,241000.0,233500.0,297209.0,POSCO홀딩스,005490
2022-06-28,243000.0,"상승  5,000",238500.0,243000.0,238500.0,257774.0,POSCO홀딩스,005490
2022-06-29,234000.0,"하락  9,000",237000.0,237500.0,233000.0,302546.0,POSCO홀딩스,005490
2022-06-30,230500.0,"하락  3,500",234000.0,235500.0,230500.0,323966.0,POSCO홀딩스,005490
2022-07-01,232500.0,"상승  2,000",234500.0,236500.0,230000.0,298947.0,POSCO홀딩스,005490
2022-07-04,230000.0,"하락  2,500",233500.0,235000.0,226500.0,265047.0,POSCO홀딩스,005490
2022-07-05,238500.0,"상승  8,500",233000.0,239000.0,231000.0,287694.0,POSCO홀딩스,005490
2022-07-06,230000.0,"하락  8,500",236000.0,236500.0,230000.0,324077.0,POSCO홀딩스,005490
2022-07-07,230000.0,보합0,232000.0,232500.0,227500.0,266156.0,POSCO홀딩스,005490
2022-07-08,231000.0,"상승  1,000",232500.0,235500.0,231000.0,209419.0,POSCO홀딩스,005490
2022-07-11,230000.0,"하락  1,000",231500.0,232000.0,228000.0,130550.0,POSCO홀딩스,005490
2022-07-12,223000.0,"하락  7,000",229500.0,229500.0,221000.0,252206.0,POSCO홀딩스,005490
2022-07-13,226500.0,"상승  3,500",223000.0,228500.0,223000.0,187735.0,POSCO홀딩스,005490
2022-07-14,223000.0,"하락  3,500",223000.0,225000.0,222000.0,310781.0,POSCO홀딩스,005490
2022-07-15,224000.0,"상승  1,000",225000.0,228000.0,221500.0,298831.0,POSCO홀딩스,005490
2022-07-18,226500.0,"상승  2,500",226000.0,227000.0,222000.0,273744.0,POSCO홀딩스,005490
2022-07-19,230000.0,"상승  3,500",226500.0,230500.0,225500.0,273542.0,POSCO홀딩스,005490
2022-07-20,232000.0,"상승  2,000",234000.0,234000.0,230500.0,199103.0,POSCO홀딩스,005490
2022-07-21,235000.0,"상승  3,000",230000.0,235000.0,228000.0,260004.0,POSCO홀딩스,005490
2022-07-22,234000.0,"하락  1,000",235500.0,236500.0,232500.0,168210.0,POSCO홀딩스,005490
2022-07-25,234500.0,상승  500,233500.0,236000.0,232500.0,342567.0,POSCO홀딩스,005490
2022-07-26,235500.0,"상승  1,000",234500.0,236000.0,233000.0,103839.0,POSCO홀딩스,005490
2022-07-27,236500.0,"상승  1,000",235500.0,237000.0,234000.0,185386.0,POSCO홀딩스,005490
2022-07-28,238500.0,"상승  2,000",238500.0,239500.0,237000.0,179304.0,POSCO홀딩스,005490
2022-07-29,242000.0,"상승  3,500",237500.0,243000.0,237500.0,306236.0,POSCO홀딩스,005490
2022-08-01,240000.0,"하락  2,000",245000.0,245000.0,238500.0,273551.0,POSCO홀딩스,005490
2022-08-02,236000.0,"하락  4,000",240000.0,240500.0,234500.0,278244.0,POSCO홀딩스,005490
2022-08-03,235500.0,하락  500,234500.0,237500.0,232500.0,272038.0,POSCO홀딩스,005490
2022-08-04,233000.0,"하락  2,500",237000.0,239000.0,232500.0,430497.0,POSCO홀딩스,005490
2022-08-05,239500.0,"상승  6,500",234500.0,241000.0,233000.0,374503.0,POSCO홀딩스,005490
2022-08-08,240000.0,상승  500,239500.0,241000.0,236500.0,181139.0,POSCO홀딩스,005490
2022-08-09,246000.0,"상승  6,000",245500.0,249000.0,243000.0,318194.0,POSCO홀딩스,005490
2022-08-10,248500.0,"상승  2,500",247500.0,251500.0,246000.0,312580.0,POSCO홀딩스,005490
2022-08-11,257000.0,"상승  8,500",251500.0,258000.0,250000.0,378261.0,POSCO홀딩스,005490
2022-08-12,259500.0,"상승  2,500",257000.0,261500.0,255500.0,304190.0,POSCO홀딩스,005490
2022-08-16,258000.0,"하락  1,500",263500.0,266500.0,257000.0,368851.0,POSCO홀딩스,005490
2022-08-17,258000.0,보합0,260000.0,265500.0,257500.0,345970.0,POSCO홀딩스,005490
2022-08-18,256000.0,"하락  2,000",255000.0,257000.0,252000.0,262167.0,POSCO홀딩스,005490
2022-08-19,255000.0,"하락  1,000",256500.0,256500.0,251500.0,256031.0,POSCO홀딩스,005490
2022-08-22,249000.0,"하락  6,000",252000.0,253500.0,248000.0,297487.0,POSCO홀딩스,005490
2022-08-23,248000.0,"하락  1,000",246500.0,250500.0,244500.0,279380.0,POSCO홀딩스,005490
2022-08-24,245500.0,"하락  2,500",246000.0,248000.0,243000.0,267236.0,POSCO홀딩스,005490
2022-08-25,250500.0,"상승  5,000",247000.0,250500.0,245500.0,234092.0,POSCO홀딩스,005490
2022-08-26,249000.0,"하락  1,500",252500.0,254000.0,247500.0,238026.0,POSCO홀딩스,005490
2022-08-29,244000.0,"하락  5,000",241500.0,245500.0,240000.0,209755.0,POSCO홀딩스,005490
2022-08-30,254000.0,"상승  10,000",246500.0,255500.0,245000.0,341331.0,POSCO홀딩스,005490
2022-08-31,255000.0,"상승  1,000",251500.0,258000.0,249000.0,468949.0,POSCO홀딩스,005490
2022-09-01,253000.0,"하락  2,000",252500.0,259500.0,251500.0,437904.0,POSCO홀딩스,005490
2022-09-02,246000.0,"하락  7,000",253000.0,254000.0,246000.0,450262.0,POSCO홀딩스,005490
2022-09-05,252500.0,"상승  6,500",246000.0,254000.0,245000.0,307203.0,POSCO홀딩스,005490
2022-09-06,252500.0,보합0,248500.0,254500.0,248500.0,209262.0,POSCO홀딩스,005490
2022-09-07,246000.0,"하락  6,500",248500.0,249500.0,242000.0,413650.0,POSCO홀딩스,005490
2022-09-08,241500.0,"하락  4,500",242500.0,245000.0,237500.0,497799.0,POSCO홀딩스,005490
2022-09-13,248000.0,"상승  6,500",240000.0,250000.0,240000.0,539335.0,POSCO홀딩스,005490
2022-09-14,239500.0,"하락  8,500",240000.0,242500.0,237500.0,382467.0,POSCO홀딩스,005490
2022-09-15,235000.0,"하락  4,500",239000.0,239000.0,228500.0,514057.0,POSCO홀딩스,005490
2022-09-16,230500.0,"하락  4,500",231500.0,236500.0,230000.0,392504.0,POSCO홀딩스,005490
2022-09-19,231000.0,상승  500,229000.0,232000.0,228000.0,245546.0,POSCO홀딩스,005490
2022-09-20,239500.0,"상승  8,500",233000.0,241000.0,233000.0,339939.0,POSCO홀딩스,005490
2022-09-21,238000.0,"하락  1,500",238000.0,241000.0,235500.0,208920.0,POSCO홀딩스,005490
2022-09-22,235500.0,"하락  2,500",235000.0,236500.0,234000.0,197040.0,POSCO홀딩스,005490
2022-09-23,236000.0,상승  500,236000.0,242500.0,234000.0,240590.0,POSCO홀딩스,005490
2022-09-26,224500.0,"하락  11,500",230500.0,232500.0,222500.0,412237.0,POSCO홀딩스,005490
2022-09-27,229000.0,"상승  4,500",226000.0,229500.0,224000.0,409286.0,POSCO홀딩스,005490
2022-09-28,228000.0,"하락  1,000",227000.0,232500.0,225500.0,373979.0,POSCO홀딩스,005490
2022-09-29,219500.0,"하락  8,500",229000.0,230000.0,219000.0,421889.0,POSCO홀딩스,005490
2022-09-30,211000.0,"하락  8,500",218500.0,219000.0,211000.0,412612.0,POSCO홀딩스,005490
2022-10-04,222500.0,"상승  11,500",215500.0,226000.0,215000.0,322898.0,POSCO홀딩스,005490
2022-10-05,223000.0,상승  500,226000.0,226500.0,220000.0,236774.0,POSCO홀딩스,005490
2022-10-06,224000.0,"상승  1,000",224000.0,227500.0,223000.0,183132.0,POSCO홀딩스,005490
2022-10-07,226500.0,"상승  2,500",223500.0,228000.0,223000.0,274457.0,POSCO홀딩스,005490
2022-10-11,230000.0,"상승  3,500",225000.0,231000.0,223500.0,512457.0,POSCO홀딩스,005490
2022-10-12,236500.0,"상승  6,500",230500.0,238000.0,227000.0,386804.0,POSCO홀딩스,005490
2022-10-13,237500.0,"상승  1,000",237500.0,245000.0,237000.0,515327.0,POSCO홀딩스,005490
2022-10-14,246000.0,"상승  8,500",240500.0,249000.0,239000.0,467706.0,POSCO홀딩스,005490
2022-10-17,247500.0,"상승  1,500",243500.0,249500.0,243000.0,293992.0,POSCO홀딩스,005490
2022-10-18,250000.0,"상승  2,500",251500.0,253000.0,244500.0,364684.0,POSCO홀딩스,005490
2022-10-19,255000.0,"상승  5,000",250000.0,258000.0,249000.0,493090.0,POSCO홀딩스,005490
2022-10-20,252000.0,"하락  3,000",253500.0,254500.0,248000.0,613413.0,POSCO홀딩스,005490
2022-10-21,249000.0,"하락  3,000",250000.0,251000.0,243000.0,372162.0,POSCO홀딩스,005490
2022-10-24,248000.0,"하락  1,000",255000.0,256000.0,245500.0,306768.0,POSCO홀딩스,005490
2022-10-25,239500.0,"하락  8,500",246500.0,247000.0,236000.0,588197.0,POSCO홀딩스,005490
2022-10-26,237000.0,"하락  2,500",237500.0,241000.0,235000.0,377516.0,POSCO홀딩스,005490
2022-10-27,249000.0,"상승  12,000",240000.0,250000.0,239500.0,476197.0,POSCO홀딩스,005490
2022-10-28,247000.0,"하락  2,000",246500.0,251000.0,245500.0,390447.0,POSCO홀딩스,005490
2022-10-31,249000.0,"상승  2,000",250000.0,250000.0,244500.0,378237.0,POSCO홀딩스,005490
2022-11-01,254500.0,"상승  5,500",250000.0,255500.0,247000.0,332397.0,POSCO홀딩스,005490
2022-11-02,258500.0,"상승  4,000",257000.0,267000.0,255000.0,677114.0,POSCO홀딩스,005490
2022-11-03,258000.0,하락  500,253500.0,262500.0,252500.0,557476.0,POSCO홀딩스,005490
2022-11-04,256000.0,"하락  2,000",257500.0,260500.0,252500.0,341234.0,POSCO홀딩스,005490
2022-11-07,276500.0,"상승  20,500",258000.0,276500.0,258000.0,786325.0,POSCO홀딩스,005490
2022-11-08,273000.0,"하락  3,500",277500.0,280000.0,271500.0,574555.0,POSCO홀딩스,005490
2022-11-09,283500.0,"상승  10,500",275500.0,285000.0,275000.0,698635.0,POSCO홀딩스,005490
2022-11-10,281000.0,"하락  2,500",280000.0,288500.0,278000.0,695094.0,POSCO홀딩스,005490
2022-11-11,285500.0,"상승  4,500",289000.0,289000.0,281500.0,539139.0,POSCO홀딩스,005490
2022-11-14,294500.0,"상승  9,000",292000.0,301000.0,291000.0,919941.0,POSCO홀딩스,005490
2022-11-15,291500.0,"하락  3,000",295500.0,297000.0,289000.0,469800.0,POSCO홀딩스,005490
2022-11-16,288000.0,"하락  3,500",290500.0,290500.0,278500.0,705848.0,POSCO홀딩스,005490
2022-11-17,284000.0,"하락  4,000",285000.0,290500.0,282500.0,331954.0,POSCO홀딩스,005490
2022-11-18,289500.0,"상승  5,500",288000.0,295500.0,287500.0,401272.0,POSCO홀딩스,005490
2022-11-21,288500.0,"하락  1,000",290000.0,290000.0,284000.0,266548.0,POSCO홀딩스,005490
2022-11-22,292500.0,"상승  4,000",288000.0,295000.0,286500.0,315350.0,POSCO홀딩스,005490
2022-11-23,289500.0,"하락  3,000",295500.0,296500.0,289000.0,310435.0,POSCO홀딩스,005490
2022-11-24,289500.0,보합0,291000.0,294500.0,288500.0,259179.0,POSCO홀딩스,005490
2022-11-25,295500.0,"상승  6,000",290500.0,296500.0,290500.0,320362.0,POSCO홀딩스,005490
2022-11-28,294000.0,"하락  1,500",295500.0,298000.0,292000.0,341848.0,POSCO홀딩스,005490
2022-11-29,293500.0,하락  500,293000.0,296000.0,292000.0,223793.0,POSCO홀딩스,005490
2022-11-30,299500.0,"상승  6,000",294500.0,303000.0,293500.0,917771.0,POSCO홀딩스,005490
2022-12-01,301000.0,"상승  1,500",304500.0,306500.0,299000.0,496246.0,POSCO홀딩스,005490
2022-12-02,295000.0,"하락  6,000",297000.0,301000.0,294000.0,450549.0,POSCO홀딩스,005490
2022-12-05,293500.0,"하락  1,500",296000.0,297500.0,289000.0,498884.0,POSCO홀딩스,005490
2022-12-06,286500.0,"하락  7,000",289000.0,292000.0,283000.0,505646.0,POSCO홀딩스,005490
2022-12-07,290000.0,"상승  3,500",283500.0,293000.0,282500.0,330579.0,POSCO홀딩스,005490
2022-12-08,286500.0,"하락  3,500",290000.0,291000.0,284000.0,576852.0,POSCO홀딩스,005490
2022-12-09,284000.0,"하락  2,500",286000.0,288000.0,277500.0,490437.0,POSCO홀딩스,005490
2022-12-12,283000.0,"하락  1,000",280500.0,286500.0,278000.0,241773.0,POSCO홀딩스,005490
2022-12-13,286500.0,"상승  3,500",285500.0,290500.0,283000.0,374379.0,POSCO홀딩스,005490
2022-12-14,286000.0,하락  500,286500.0,289500.0,284500.0,286313.0,POSCO홀딩스,005490
2022-12-15,283500.0,"하락  2,500",283000.0,284500.0,280500.0,246861.0,POSCO홀딩스,005490
2022-12-16,279000.0,"하락  4,500",279000.0,281000.0,277000.0,360911.0,POSCO홀딩스,005490
2022-12-19,281500.0,"상승  2,500",277500.0,283000.0,276500.0,221946.0,POSCO홀딩스,005490
2022-12-20,281000.0,하락  500,281500.0,283000.0,279500.0,225221.0,POSCO홀딩스,005490
2022-12-21,287500.0,"상승  6,500",283000.0,293500.0,282500.0,470239.0,POSCO홀딩스,005490
2022-12-22,289500.0,"상승  2,000",289000.0,291000.0,284000.0,263381.0,POSCO홀딩스,005490
2022-12-23,288500.0,"하락  1,000",285000.0,289500.0,283500.0,341122.0,POSCO홀딩스,005490
2022-12-26,292000.0,"상승  3,500",289500.0,293500.0,289000.0,331276.0,POSCO홀딩스,005490
2022-12-27,292000.0,보합0,293000.0,294500.0,290500.0,424295.0,POSCO홀딩스,005490
2022-12-28,291000.0,"하락  1,000",290500.0,295000.0,288500.0,413622.0,POSCO홀딩스,005490
2022-12-29,276500.0,"하락  14,500",288500.0,289000.0,276000.0,606222.0,POSCO홀딩스,005490
2023-01-02,272000.0,"하락  4,500",277000.0,279000.0,271500.0,360653.0,POSCO홀딩스,005490
2023-01-03,272000.0,보합0,271500.0,274000.0,265500.0,359010.0,POSCO홀딩스,005490
2023-01-04,274500.0,"상승  2,500",268500.0,276000.0,268000.0,218258.0,POSCO홀딩스,005490
2023-01-05,278500.0,"상승  4,000",276500.0,282000.0,274000.0,327195.0,POSCO홀딩스,005490
2023-01-06,286000.0,"상승  7,500",278500.0,287500.0,278500.0,390204.0,POSCO홀딩스,005490
2023-01-09,289000.0,"상승  3,000",289500.0,290000.0,286500.0,267873.0,POSCO홀딩스,005490
2023-01-10,291000.0,"상승  2,000",289000.0,291500.0,287500.0,311729.0,POSCO홀딩스,005490
2023-01-11,292000.0,"상승  1,000",293000.0,293500.0,290500.0,301818.0,POSCO홀딩스,005490
2023-01-12,291000.0,"하락  1,000",293500.0,295000.0,291000.0,325084.0,POSCO홀딩스,005490
2023-01-13,305000.0,"상승  14,000",294000.0,305000.0,293500.0,762472.0,POSCO홀딩스,005490
2023-01-16,311000.0,"상승  6,000",306000.0,313000.0,302500.0,547935.0,POSCO홀딩스,005490
2023-01-17,305500.0,"하락  5,500",310500.0,314000.0,305000.0,333407.0,POSCO홀딩스,005490
2023-01-18,300000.0,"하락  5,500",304500.0,306000.0,298000.0,413955.0,POSCO홀딩스,005490
2023-01-19,300500.0,상승  500,297500.0,303500.0,297000.0,230209.0,POSCO홀딩스,005490
2023-01-20,308500.0,"상승  8,000",300500.0,309500.0,300500.0,280284.0,POSCO홀딩스,005490
2023-01-25,303000.0,"하락  5,500",312000.0,312500.0,302000.0,384315.0,POSCO홀딩스,005490
2023-01-26,314000.0,"상승  11,000",303500.0,314500.0,301500.0,538052.0,POSCO홀딩스,005490
2023-01-27,311500.0,"하락  2,500",314000.0,314000.0,309000.0,329254.0,POSCO홀딩스,005490
2023-01-30,303500.0,"하락  8,000",310000.0,315000.0,302500.0,578986.0,POSCO홀딩스,005490
2023-01-31,300500.0,"하락  3,000",307500.0,308000.0,300000.0,507244.0,POSCO홀딩스,005490
2023-02-01,303500.0,"상승  3,000",302000.0,304500.0,300500.0,333222.0,POSCO홀딩스,005490
2023-02-02,303500.0,보합0,307000.0,309000.0,302000.0,392097.0,POSCO홀딩스,005490
2023-02-03,303000.0,하락  500,302000.0,305000.0,298000.0,365227.0,POSCO홀딩스,005490
2023-02-06,298000.0,"하락  5,000",300000.0,303000.0,298000.0,389270.0,POSCO홀딩스,005490
2023-02-07,298500.0,상승  500,297000.0,299500.0,293500.0,424378.0,POSCO홀딩스,005490
2023-02-08,298000.0,하락  500,300000.0,305000.0,298000.0,419661.0,POSCO홀딩스,005490
2023-02-09,306000.0,"상승  8,000",297500.0,307500.0,295000.0,530381.0,POSCO홀딩스,005490
2023-02-10,300000.0,"하락  6,000",306500.0,306500.0,299000.0,443512.0,POSCO홀딩스,005490
2023-02-13,304500.0,"상승  4,500",298500.0,304500.0,297000.0,361539.0,POSCO홀딩스,005490
2023-02-14,307000.0,"상승  2,500",306500.0,313000.0,304500.0,495815.0,POSCO홀딩스,005490
2023-02-15,325500.0,"상승  18,500",309500.0,329000.0,308500.0,1356822.0,POSCO홀딩스,005490
2023-02-16,329000.0,"상승  3,500",329000.0,329500.0,323000.0,810231.0,POSCO홀딩스,005490
2023-02-17,334000.0,"상승  5,000",325500.0,346000.0,325000.0,1279962.0,POSCO홀딩스,005490
2023-02-20,346000.0,"상승  12,000",341000.0,349500.0,338000.0,1075480.0,POSCO홀딩스,005490
2023-02-21,346000.0,보합0,347000.0,348500.0,339000.0,717022.0,POSCO홀딩스,005490
2023-02-22,332000.0,"하락  14,000",339000.0,341500.0,329000.0,974061.0,POSCO홀딩스,005490
2023-02-23,331500.0,하락  500,333000.0,336000.0,325000.0,618887.0,POSCO홀딩스,005490
2023-02-24,322000.0,"하락  9,500",332000.0,332000.0,319500.0,763089.0,POSCO홀딩스,005490
2023-02-27,319000.0,"하락  3,000",315500.0,322000.0,313500.0,873124.0,POSCO홀딩스,005490
2023-02-28,318000.0,"하락  1,000",322500.0,324500.0,315500.0,1446654.0,POSCO홀딩스,005490
2023-03-02,337000.0,"상승  19,000",325500.0,344000.0,325000.0,1333108.0,POSCO홀딩스,005490
2023-03-03,332000.0,"하락  5,000",339500.0,341000.0,329500.0,797958.0,POSCO홀딩스,005490
2023-03-06,329500.0,"하락  2,500",334000.0,335000.0,321000.0,1270453.0,POSCO홀딩스,005490
2023-03-07,335000.0,"상승  5,500",330500.0,344500.0,330000.0,1022487.0,POSCO홀딩스,005490
2023-03-08,329000.0,"하락  6,000",332500.0,332500.0,326500.0,612776.0,POSCO홀딩스,005490
2023-03-09,322500.0,"하락  6,500",330500.0,333500.0,321500.0,686362.0,POSCO홀딩스,005490
2023-03-10,320500.0,"하락  2,000",316000.0,324500.0,314500.0,386284.0,POSCO홀딩스,005490
2023-03-13,327000.0,"상승  6,500",318000.0,328000.0,315500.0,585821.0,POSCO홀딩스,005490
2023-03-14,316000.0,"하락  11,000",324500.0,324500.0,316000.0,599657.0,POSCO홀딩스,005490
2023-03-15,326500.0,"상승  10,500",323500.0,329500.0,320000.0,626558.0,POSCO홀딩스,005490
2023-03-16,323000.0,"하락  3,500",319500.0,327000.0,317000.0,662637.0,POSCO홀딩스,005490
2023-03-17,321000.0,"하락  2,000",329000.0,332500.0,320500.0,688227.0,POSCO홀딩스,005490
2023-03-20,319000.0,"하락  2,000",316500.0,324500.0,314500.0,408075.0,POSCO홀딩스,005490
2023-03-21,319000.0,보합0,322000.0,325500.0,319000.0,432909.0,POSCO홀딩스,005490
2023-03-22,330000.0,"상승  11,000",322500.0,337500.0,322500.0,881894.0,POSCO홀딩스,005490
2023-03-23,329000.0,"하락  1,000",327000.0,332500.0,325000.0,878007.0,POSCO홀딩스,005490
2023-03-24,322000.0,"하락  7,000",330000.0,330000.0,320000.0,595650.0,POSCO홀딩스,005490
2023-03-27,332000.0,"상승  10,000",327000.0,336000.0,325500.0,788021.0,POSCO홀딩스,005490
2023-03-28,339000.0,"상승  7,000",334000.0,344000.0,332500.0,822344.0,POSCO홀딩스,005490
2023-03-29,341000.0,"상승  2,000",344000.0,344500.0,336500.0,711759.0,POSCO홀딩스,005490
2023-03-30,339500.0,"하락  1,500",341000.0,344000.0,335000.0,700132.0,POSCO홀딩스,005490
2023-03-31,368000.0,"상승  28,500",338000.0,392000.0,337000.0,3767223.0,POSCO홀딩스,005490
2023-04-03,392000.0,"상승  24,000",385000.0,401500.0,381500.0,2647969.0,POSCO홀딩스,005490
2023-04-04,367000.0,"하락  25,000",392000.0,394500.0,366000.0,2636739.0,POSCO홀딩스,005490
2023-04-05,373500.0,"상승  6,500",362500.0,378000.0,358000.0,1920793.0,POSCO홀딩스,005490
2023-04-06,362500.0,"하락  11,000",368500.0,369000.0,361000.0,1599156.0,POSCO홀딩스,005490
2023-04-07,369500.0,"상승  7,000",365500.0,372000.0,361500.0,1161822.0,POSCO홀딩스,005490
2023-04-10,398500.0,"상승  29,000",389000.0,409500.0,386000.0,3400129.0,POSCO홀딩스,005490
2023-04-11,397000.0,"하락  1,500",402500.0,411500.0,391500.0,2388116.0,POSCO홀딩스,005490
2023-04-12,406500.0,"상승  9,500",401500.0,433000.0,399000.0,4199534.0,POSCO홀딩스,005490
2023-04-13,391500.0,"하락  15,000",394000.0,398500.0,376000.0,2625269.0,POSCO홀딩스,005490
2023-04-14,416000.0,"상승  24,500",406000.0,421000.0,396000.0,2744732.0,POSCO홀딩스,005490
2023-04-17,423500.0,"상승  7,500",419500.0,436000.0,416500.0,2943959.0,POSCO홀딩스,005490
2023-04-18,414500.0,"하락  9,000",431000.0,434000.0,413000.0,2542208.0,POSCO홀딩스,005490
2023-04-19,412000.0,"하락  2,500",415500.0,426000.0,411000.0,1910849.0,POSCO홀딩스,005490
2023-04-20,409500.0,"하락  2,500",409000.0,426000.0,405000.0,1735312.0,POSCO홀딩스,005490
2023-04-21,396000.0,"하락  13,500",404000.0,408000.0,392500.0,1811713.0,POSCO홀딩스,005490
2023-04-24,398500.0,"상승  2,500",389500.0,409000.0,389000.0,1492362.0,POSCO홀딩스,005490
2023-04-25,379500.0,"하락  19,000",400500.0,403000.0,376000.0,2061154.0,POSCO홀딩스,005490
2023-04-26,371500.0,"하락  8,000",377000.0,382500.0,370000.0,1356256.0,POSCO홀딩스,005490
2023-04-27,387000.0,"상승  15,500",370500.0,388000.0,369000.0,1259153.0,POSCO홀딩스,005490
2023-04-28,377000.0,"하락  10,000",400000.0,400500.0,376000.0,1523535.0,POSCO홀딩스,005490
2023-05-02,382000.0,"상승  5,000",379000.0,387500.0,377000.0,997936.0,POSCO홀딩스,005490
2023-05-03,380000.0,"하락  2,000",382000.0,385500.0,378000.0,768864.0,POSCO홀딩스,005490
2023-05-04,379000.0,"하락  1,000",376500.0,381500.0,373000.0,621657.0,POSCO홀딩스,005490
2023-05-08,367500.0,"하락  11,500",384000.0,384000.0,367000.0,1063039.0,POSCO홀딩스,005490
2023-05-09,372000.0,"상승  4,500",363000.0,373000.0,360000.0,1089617.0,POSCO홀딩스,005490
2023-05-10,366000.0,"하락  6,000",370000.0,376000.0,365500.0,798825.0,POSCO홀딩스,005490
2023-05-11,362500.0,"하락  3,500",370000.0,373000.0,362500.0,836456.0,POSCO홀딩스,005490
2023-05-12,363500.0,"상승  1,000",359500.0,368000.0,359500.0,627365.0,POSCO홀딩스,005490
2023-05-15,368000.0,"상승  4,500",363500.0,369000.0,356000.0,805678.0,POSCO홀딩스,005490
2023-05-16,370500.0,"상승  2,500",372500.0,374000.0,368000.0,613026.0,POSCO홀딩스,005490
2023-05-17,370000.0,하락  500,369500.0,372500.0,367500.0,409493.0,POSCO홀딩스,005490
2023-05-18,373000.0,"상승  3,000",373000.0,374500.0,367500.0,562035.0,POSCO홀딩스,005490
2023-05-19,364500.0,"하락  8,500",373500.0,374500.0,363500.0,609598.0,POSCO홀딩스,005490
2023-05-22,369000.0,"상승  4,500",360500.0,371500.0,359000.0,528344.0,POSCO홀딩스,005490
2023-05-23,377000.0,"상승  8,000",372000.0,382000.0,370500.0,827935.0,POSCO홀딩스,005490
2023-05-24,371000.0,"하락  6,000",377000.0,377000.0,371000.0,679805.0,POSCO홀딩스,005490
2023-05-25,365000.0,"하락  6,000",368500.0,368500.0,364000.0,529820.0,POSCO홀딩스,005490
2023-05-26,360500.0,"하락  4,500",363000.0,366500.0,360000.0,573455.0,POSCO홀딩스,005490
2023-05-30,363000.0,"상승  2,500",361500.0,368500.0,360500.0,618415.0,POSCO홀딩스,005490
2023-05-31,360000.0,"하락  3,000",364000.0,368000.0,360000.0,783723.0,POSCO홀딩스,005490
2023-06-01,361000.0,"상승  1,000",361000.0,363000.0,357000.0,563485.0,POSCO홀딩스,005490
2023-06-02,376500.0,"상승  15,500",364000.0,378000.0,361500.0,898394.0,POSCO홀딩스,005490
2023-06-05,387500.0,"상승  11,000",382000.0,390000.0,378000.0,1059256.0,POSCO홀딩스,005490
2023-06-07,388500.0,"상승  1,000",388000.0,391000.0,386000.0,854667.0,POSCO홀딩스,005490
2023-06-08,388000.0,하락  500,388500.0,396000.0,386000.0,911859.0,POSCO홀딩스,005490
2023-06-09,394000.0,"상승  6,000",393500.0,395500.0,388500.0,680374.0,POSCO홀딩스,005490
2023-06-12,391500.0,"하락  2,500",398500.0,399500.0,391500.0,639741.0,POSCO홀딩스,005490
2023-06-13,389500.0,"하락  2,000",394000.0,395000.0,387500.0,751529.0,POSCO홀딩스,005490
2023-06-14,391500.0,"상승  2,000",393000.0,410500.0,389500.0,2069738.0,POSCO홀딩스,005490
2023-06-15,386000.0,"하락  5,500",397000.0,399000.0,382000.0,1122476.0,POSCO홀딩스,005490
2023-06-16,393000.0,"상승  7,000",388500.0,395500.0,383000.0,640873.0,POSCO홀딩스,005490
2023-06-19,392500.0,하락  500,391500.0,394500.0,385500.0,565125.0,POSCO홀딩스,005490
2023-06-20,386000.0,"하락  6,500",390500.0,391500.0,386000.0,537721.0,POSCO홀딩스,005490
2023-06-21,382500.0,"하락  3,500",385000.0,388000.0,382000.0,493898.0,POSCO홀딩스,005490
2023-06-22,396000.0,"상승  13,500",382000.0,398500.0,379000.0,1007756.0,POSCO홀딩스,005490
2023-06-23,392000.0,"하락  4,000",398000.0,399500.0,391500.0,492324.0,POSCO홀딩스,005490
2023-06-26,400000.0,"상승  8,000",391500.0,407000.0,390500.0,956793.0,POSCO홀딩스,005490
2023-06-27,403500.0,"상승  3,500",401500.0,404000.0,396000.0,788317.0,POSCO홀딩스,005490
2023-06-28,389500.0,"하락  14,000",406000.0,406500.0,389500.0,848166.0,POSCO홀딩스,005490
2023-06-29,387500.0,"하락  2,000",390000.0,396500.0,387000.0,557777.0,POSCO홀딩스,005490
2023-06-30,388000.0,상승  500,390500.0,390500.0,384000.0,520732.0,POSCO홀딩스,005490
2023-07-03,402000.0,"상승  14,000",391500.0,403000.0,391000.0,846399.0,POSCO홀딩스,005490
2023-07-04,402500.0,상승  500,402500.0,409000.0,397000.0,853254.0,POSCO홀딩스,005490
2023-07-05,403000.0,상승  500,403000.0,406500.0,401000.0,705287.0,POSCO홀딩스,005490
2023-07-06,394000.0,"하락  9,000",402500.0,402500.0,393000.0,809495.0,POSCO홀딩스,005490
2023-07-07,400000.0,"상승  6,000",390500.0,401500.0,390500.0,752802.0,POSCO홀딩스,005490
2023-07-10,397000.0,"하락  3,000",404000.0,407500.0,395000.0,1079444.0,POSCO홀딩스,005490
2023-07-11,394500.0,"하락  2,500",398000.0,400500.0,391500.0,1071681.0,POSCO홀딩스,005490
2023-07-12,417500.0,"상승  23,000",396500.0,426000.0,389500.0,3323841.0,POSCO홀딩스,005490
2023-07-13,431500.0,"상승  14,000",424000.0,431500.0,417500.0,2320901.0,POSCO홀딩스,005490
2023-07-14,447000.0,"상승  15,500",430500.0,452500.0,426000.0,2198833.0,POSCO홀딩스,005490
2023-07-17,478000.0,"상승  31,000",452500.0,485000.0,451000.0,2933840.0,POSCO홀딩스,005490
2023-07-18,488000.0,"상승  10,000",482000.0,495000.0,474000.0,2798504.0,POSCO홀딩스,005490
2023-07-19,499500.0,"상승  11,500",496000.0,517000.0,493000.0,2381695.0,POSCO홀딩스,005490
2023-07-20,497500.0,"하락  2,000",490500.0,507000.0,488500.0,1329119.0,POSCO홀딩스,005490
2023-07-21,551000.0,"상승  53,500",486000.0,555000.0,483500.0,3458805.0,POSCO홀딩스,005490
2023-07-24,642000.0,"상승  91,000",566000.0,682000.0,565000.0,7321997.0,POSCO홀딩스,005490
2023-07-25,658000.0,"상승  16,000",655000.0,679000.0,636000.0,5728769.0,POSCO홀딩스,005490
2023-07-26,630000.0,"하락  28,000",666000.0,764000.0,599000.0,11631776.0,POSCO홀딩스,005490
2023-07-27,594000.0,"하락  36,000",613000.0,649000.0,560000.0,7424260.0,POSCO홀딩스,005490
2023-07-28,619000.0,"상승  25,000",586000.0,619000.0,579000.0,4114475.0,POSCO홀딩스,005490
2023-07-31,642000.0,"상승  23,000",632000.0,662000.0,621000.0,3304143.0,POSCO홀딩스,005490
2023-08-01,621000.0,"하락  21,000",653000.0,655000.0,613000.0,3092475.0,POSCO홀딩스,005490
2023-08-02,585000.0,"하락  36,000",603000.0,624000.0,585000.0,2873833.0,POSCO홀딩스,005490
2023-08-03,592000.0,"상승  7,000",592000.0,593000.0,570000.0,1967322.0,POSCO홀딩스,005490
2023-08-04,594000.0,"상승  2,000",595000.0,614000.0,584000.0,1429396.0,POSCO홀딩스,005490
2023-08-07,561000.0,"하락  33,000",585000.0,592000.0,555000.0,2168072.0,POSCO홀딩스,005490
2023-08-08,597000.0,"상승  36,000",565000.0,597000.0,556000.0,1878204.0,POSCO홀딩스,005490
2023-08-09,597000.0,보합0,597000.0,604000.0,587000.0,1191171.0,POSCO홀딩스,005490
2023-08-10,598000.0,"상승  1,000",590000.0,611000.0,589000.0,1034234.0,POSCO홀딩스,005490
2023-08-11,577000.0,"하락  21,000",600000.0,601000.0,575000.0,1198157.0,POSCO홀딩스,005490
2023-08-14,577000.0,보합0,565000.0,585000.0,558000.0,1168580.0,POSCO홀딩스,005490
2023-08-16,546000.0,"하락  31,000",570000.0,572000.0,544000.0,1660436.0,POSCO홀딩스,005490
2023-08-17,553000.0,"상승  7,000",543000.0,557000.0,525000.0,1767674.0,POSCO홀딩스,005490
2023-08-18,549000.0,"하락  4,000",552000.0,561000.0,542000.0,892609.0,POSCO홀딩스,005490
2023-08-21,551000.0,"상승  2,000",549000.0,563000.0,545000.0,950697.0,POSCO홀딩스,005490
2023-08-22,560000.0,"상승  9,000",563000.0,573000.0,552000.0,1051757.0,POSCO홀딩스,005490
2023-08-23,551000.0,"하락  9,000",560000.0,561000.0,543000.0,748945.0,POSCO홀딩스,005490
2023-08-24,579000.0,"상승  28,000",557000.0,583000.0,548000.0,1270728.0,POSCO홀딩스,005490
2023-08-25,577000.0,"하락  2,000",567000.0,583000.0,561000.0,904736.0,POSCO홀딩스,005490
2023-08-28,593000.0,"상승  16,000",588000.0,599000.0,582000.0,1004931.0,POSCO홀딩스,005490
2023-08-29,583000.0,"하락  10,000",595000.0,596000.0,581000.0,802162.0,POSCO홀딩스,005490
2023-08-30,580000.0,"하락  3,000",595000.0,605000.0,580000.0,930082.0,POSCO홀딩스,005490
2023-08-31,579000.0,"하락  1,000",581000.0,584000.0,575000.0,888954.0,POSCO홀딩스,005490
2023-09-01,560000.0,"하락  19,000",576000.0,580000.0,558000.0,940959.0,POSCO홀딩스,005490
2023-09-04,590000.0,"상승  30,000",554000.0,596000.0,553000.0,1315360.0,POSCO홀딩스,005490
2023-09-05,597000.0,"상승  7,000",595000.0,609000.0,587000.0,1144118.0,POSCO홀딩스,005490
2023-09-06,580000.0,"하락  17,000",595000.0,601000.0,577000.0,865525.0,POSCO홀딩스,005490
2023-09-07,568000.0,"하락  12,000",575000.0,584000.0,563000.0,954854.0,POSCO홀딩스,005490
2023-09-08,583000.0,"상승  15,000",567000.0,583000.0,567000.0,716625.0,POSCO홀딩스,005490
2023-09-11,570000.0,"하락  13,000",587000.0,588000.0,567000.0,635976.0,POSCO홀딩스,005490
2023-09-12,546000.0,"하락  24,000",576000.0,577000.0,545000.0,1333031.0,POSCO홀딩스,005490
2023-09-13,529000.0,"하락  17,000",539000.0,549000.0,525000.0,1335818.0,POSCO홀딩스,005490
2023-09-14,553000.0,"상승  24,000",533000.0,555000.0,531000.0,928896.0,POSCO홀딩스,005490
2023-09-15,584000.0,"상승  31,000",560000.0,597000.0,554000.0,1831875.0,POSCO홀딩스,005490
2023-09-18,603000.0,"상승  19,000",591000.0,605000.0,584000.0,1396160.0,POSCO홀딩스,005490
2023-09-19,593000.0,"하락  10,000",604000.0,608000.0,588000.0,1036725.0,POSCO홀딩스,005490
2023-09-20,594000.0,"상승  1,000",592000.0,596000.0,582000.0,829143.0,POSCO홀딩스,005490
2023-09-21,577000.0,"하락  17,000",588000.0,595000.0,576000.0,715070.0,POSCO홀딩스,005490
2023-09-22,569000.0,"하락  8,000",568000.0,573000.0,556000.0,924090.0,POSCO홀딩스,005490
2023-09-25,539000.0,"하락  30,000",564000.0,566000.0,536000.0,1503031.0,POSCO홀딩스,005490
2023-09-26,533000.0,"하락  6,000",539000.0,549000.0,532000.0,870926.0,POSCO홀딩스,005490
2023-09-27,535000.0,"상승  2,000",528000.0,537000.0,525000.0,804112.0,POSCO홀딩스,005490
2023-10-04,511000.0,"하락  24,000",529000.0,532000.0,510000.0,1239625.0,POSCO홀딩스,005490
2023-10-05,511000.0,보합0,524000.0,531000.0,510000.0,896556.0,POSCO홀딩스,005490
2023-10-06,514000.0,"상승  3,000",510000.0,522000.0,507000.0,652301.0,POSCO홀딩스,005490
2023-10-10,493000.0,"하락  21,000",521000.0,522000.0,490000.0,1498746.0,POSCO홀딩스,005490
2023-10-11,507000.0,"상승  14,000",501000.0,513000.0,498000.0,1003202.0,POSCO홀딩스,005490
2023-10-12,518000.0,"상승  11,000",511000.0,532000.0,507000.0,1057678.0,POSCO홀딩스,005490
2023-10-13,512000.0,"하락  6,000",518000.0,524000.0,509000.0,671304.0,POSCO홀딩스,005490
2023-10-16,507000.0,"하락  5,000",502000.0,508000.0,496000.0,837155.0,POSCO홀딩스,005490
2023-10-17,503000.0,"하락  4,000",514000.0,518000.0,502000.0,625836.0,POSCO홀딩스,005490
2023-10-18,500000.0,"하락  3,000",501000.0,507000.0,499000.0,624079.0,POSCO홀딩스,005490
2023-10-19,477000.0,"하락  23,000",486000.0,488500.0,477000.0,1548134.0,POSCO홀딩스,005490
2023-10-20,453000.0,"하락  24,000",469000.0,475000.0,448000.0,2322796.0,POSCO홀딩스,005490
2023-10-23,453000.0,보합0,452000.0,457500.0,442500.0,1049913.0,POSCO홀딩스,005490
2023-10-24,474000.0,"상승  21,000",455000.0,483000.0,441500.0,1529774.0,POSCO홀딩스,005490
2023-10-25,445500.0,"하락  28,500",476500.0,476500.0,443000.0,1237237.0,POSCO홀딩스,005490
2023-10-26,421500.0,"하락  24,000",424500.0,435000.0,419000.0,1676774.0,POSCO홀딩스,005490
2023-10-27,423000.0,"상승  1,500",423000.0,435000.0,415500.0,1199624.0,POSCO홀딩스,005490
2023-10-30,433000.0,"상승  10,000",417500.0,433000.0,416500.0,743725.0,POSCO홀딩스,005490
2023-10-31,411500.0,"하락  21,500",433000.0,433500.0,406000.0,1155827.0,POSCO홀딩스,005490
2023-11-01,402500.0,"하락  9,000",412500.0,418500.0,399500.0,883988.0,POSCO홀딩스,005490
2023-11-02,427500.0,"상승  25,000",413500.0,427500.0,413000.0,815086.0,POSCO홀딩스,005490
2023-11-03,438000.0,"상승  10,500",444000.0,444000.0,428000.0,872168.0,POSCO홀딩스,005490
2023-11-06,522000.0,"상승  84,000",471000.0,527000.0,462000.0,3341452.0,POSCO홀딩스,005490
2023-11-07,464500.0,"하락  57,500",510000.0,511000.0,452000.0,2357481.0,POSCO홀딩스,005490
2023-11-08,456500.0,"하락  8,000",456500.0,474000.0,453500.0,938184.0,POSCO홀딩스,005490
2023-11-09,460500.0,"상승  4,000",460000.0,466000.0,444000.0,798154.0,POSCO홀딩스,005490
2023-11-10,447500.0,"하락  13,000",450000.0,455500.0,445000.0,483230.0,POSCO홀딩스,005490
2023-11-13,452000.0,"상승  4,500",455000.0,462500.0,450000.0,548925.0,POSCO홀딩스,005490
2023-11-14,471500.0,"상승  19,500",459000.0,481000.0,458500.0,892775.0,POSCO홀딩스,005490
2023-11-15,474000.0,"상승  2,500",494000.0,494000.0,468500.0,787775.0,POSCO홀딩스,005490
2023-11-16,467000.0,"하락  7,000",470000.0,475000.0,465500.0,477203.0,POSCO홀딩스,005490
2023-11-17,463500.0,"하락  3,500",459500.0,465000.0,453000.0,499297.0,POSCO홀딩스,005490
2023-11-20,472000.0,"상승  8,500",463500.0,477000.0,459500.0,462658.0,POSCO홀딩스,005490
2023-11-21,474000.0,"상승  2,000",474000.0,477000.0,466500.0,418594.0,POSCO홀딩스,005490
2023-11-22,472000.0,"하락  2,000",468500.0,475500.0,467500.0,314942.0,POSCO홀딩스,005490
2023-11-23,475000.0,"상승  3,000",470000.0,475000.0,467500.0,295399.0,POSCO홀딩스,005490
2023-11-24,472500.0,"하락  2,500",476500.0,481500.0,471500.0,371597.0,POSCO홀딩스,005490
2023-11-27,468000.0,"하락  4,500",473000.0,475000.0,466000.0,328044.0,POSCO홀딩스,005490
2023-11-28,478000.0,"상승  10,000",468000.0,478000.0,467500.0,417140.0,POSCO홀딩스,005490
2023-11-29,483000.0,"상승  5,000",480000.0,485500.0,474000.0,537203.0,POSCO홀딩스,005490
2023-11-30,483000.0,보합0,481000.0,488500.0,477500.0,562014.0,POSCO홀딩스,005490
2023-12-01,474000.0,"하락  9,000",483000.0,483000.0,469500.0,524432.0,POSCO홀딩스,005490
2023-12-04,475000.0,"상승  1,000",474000.0,479000.0,464000.0,881284.0,POSCO홀딩스,005490
2023-12-05,460500.0,"하락  14,500",469500.0,476500.0,460000.0,536732.0,POSCO홀딩스,005490
2023-12-06,451500.0,"하락  9,000",459000.0,461000.0,451000.0,628444.0,POSCO홀딩스,005490
2023-12-07,447000.0,"하락  4,500",454000.0,458500.0,438000.0,758013.0,POSCO홀딩스,005490
2023-12-08,471500.0,"상승  24,500",452500.0,473500.0,451500.0,692298.0,POSCO홀딩스,005490
2023-12-11,467000.0,"하락  4,500",474500.0,477500.0,467000.0,488730.0,POSCO홀딩스,005490
2023-12-12,468000.0,"상승  1,000",464000.0,469500.0,461500.0,383666.0,POSCO홀딩스,005490
2023-12-13,453000.0,"하락  15,000",460500.0,461000.0,451000.0,556213.0,POSCO홀딩스,005490
2023-12-14,461000.0,"상승  8,000",463500.0,468000.0,457000.0,706380.0,POSCO홀딩스,005490
2023-12-15,480000.0,"상승  19,000",469500.0,485000.0,468500.0,1037003.0,POSCO홀딩스,005490
2023-12-18,489500.0,"상승  9,500",493500.0,498000.0,485500.0,857346.0,POSCO홀딩스,005490
2023-12-19,496000.0,"상승  6,500",491500.0,499000.0,482000.0,556757.0,POSCO홀딩스,005490
2023-12-20,496000.0,보합0,499500.0,501000.0,495000.0,417055.0,POSCO홀딩스,005490
2023-12-21,486500.0,"하락  9,500",488500.0,499500.0,481500.0,736449.0,POSCO홀딩스,005490
2023-12-22,480500.0,"하락  6,000",490500.0,492500.0,480000.0,459588.0,POSCO홀딩스,005490
2023-12-26,473500.0,"하락  7,000",474500.0,481500.0,471500.0,744558.0,POSCO홀딩스,005490
2023-12-27,492500.0,"상승  19,000",477500.0,508000.0,477500.0,1346438.0,POSCO홀딩스,005490
2023-12-28,499500.0,"상승  7,000",495500.0,502000.0,493000.0,560329.0,POSCO홀딩스,005490
2024-01-02,488000.0,"하락  11,500",495000.0,496000.0,488000.0,535256.0,POSCO홀딩스,005490
2024-01-03,472500.0,"하락  15,500",483000.0,487000.0,472500.0,561452.0,POSCO홀딩스,005490
2024-01-04,469500.0,"하락  3,000",465000.0,476000.0,462500.0,484710.0,POSCO홀딩스,005490
2024-01-05,480000.0,"상승  10,500",471000.0,486500.0,466000.0,570408.0,POSCO홀딩스,005490
2024-01-08,469500.0,"하락  10,500",480500.0,481000.0,469500.0,393617.0,POSCO홀딩스,005490
2024-01-09,460500.0,"하락  9,000",471000.0,474500.0,460500.0,481273.0,POSCO홀딩스,005490
2024-01-10,450500.0,"하락  10,000",456500.0,458500.0,450000.0,507557.0,POSCO홀딩스,005490
2024-01-11,451500.0,"상승  1,000",451500.0,459000.0,451000.0,466466.0,POSCO홀딩스,005490
2024-01-12,448500.0,"하락  3,000",448500.0,453500.0,441500.0,472056.0,POSCO홀딩스,005490
2024-01-15,442000.0,"하락  6,500",442500.0,446500.0,439500.0,415046.0,POSCO홀딩스,005490
2024-01-16,437500.0,"하락  4,500",438000.0,444000.0,434000.0,424725.0,POSCO홀딩스,005490
2024-01-17,419000.0,"하락  18,500",434000.0,438500.0,418000.0,783683.0,POSCO홀딩스,005490
2024-01-18,422000.0,"상승  3,000",417000.0,432000.0,415000.0,667276.0,POSCO홀딩스,005490
2024-01-19,414500.0,"하락  7,500",424000.0,429000.0,408000.0,713744.0,POSCO홀딩스,005490
2024-01-22,398500.0,"하락  16,000",412000.0,416000.0,398500.0,997443.0,POSCO홀딩스,005490
2024-01-23,403000.0,"상승  4,500",398000.0,409500.0,396000.0,713222.0,POSCO홀딩스,005490
2024-01-24,400000.0,"하락  3,000",401500.0,408000.0,398000.0,535634.0,POSCO홀딩스,005490
2024-01-25,400000.0,보합0,395000.0,403500.0,387000.0,740145.0,POSCO홀딩스,005490
2024-01-26,412500.0,"상승  12,500",391500.0,418000.0,391500.0,682506.0,POSCO홀딩스,005490
2024-01-29,423000.0,"상승  10,500",417500.0,429500.0,407000.0,811428.0,POSCO홀딩스,005490
2024-01-30,428500.0,"상승  5,500",430000.0,449500.0,428000.0,1035095.0,POSCO홀딩스,005490
2024-01-31,426000.0,"하락  2,500",426000.0,437000.0,424500.0,448818.0,POSCO홀딩스,005490
2024-02-01,437000.0,"상승  11,000",422500.0,440000.0,417000.0,685759.0,POSCO홀딩스,005490
2024-02-02,449000.0,"상승  12,000",446500.0,450500.0,437000.0,631354.0,POSCO홀딩스,005490
2024-02-05,446500.0,"하락  2,500",450000.0,451500.0,437500.0,557374.0,POSCO홀딩스,005490
2024-02-06,437000.0,"하락  9,500",442500.0,443500.0,431500.0,529324.0,POSCO홀딩스,005490
2024-02-07,449500.0,"상승  12,500",444000.0,459000.0,444000.0,753430.0,POSCO홀딩스,005490
2024-02-08,453000.0,"상승  3,500",459000.0,462000.0,452000.0,755443.0,POSCO홀딩스,005490
2024-02-13,438000.0,"하락  15,000",450000.0,451500.0,435000.0,1113501.0,POSCO홀딩스,005490
2024-02-14,433000.0,"하락  5,000",429000.0,437000.0,425000.0,605227.0,POSCO홀딩스,005490
2024-02-15,440500.0,"상승  7,500",438500.0,444000.0,435000.0,516334.0,POSCO홀딩스,005490
2024-02-16,442000.0,"상승  1,500",450000.0,452000.0,441000.0,459341.0,POSCO홀딩스,005490
2024-02-19,444500.0,"상승  2,500",437500.0,450500.0,436000.0,517344.0,POSCO홀딩스,005490
2024-02-20,440000.0,"하락  4,500",443000.0,443000.0,433500.0,445525.0,POSCO홀딩스,005490
2024-02-21,438000.0,"하락  2,000",436000.0,442500.0,434000.0,348308.0,POSCO홀딩스,005490
2024-02-22,436500.0,"하락  1,500",441500.0,442500.0,435500.0,321302.0,POSCO홀딩스,005490
2024-02-23,435500.0,"하락  1,000",437000.0,440500.0,434000.0,368549.0,POSCO홀딩스,005490
2024-02-26,432500.0,"하락  3,000",435500.0,443000.0,432000.0,401741.0,POSCO홀딩스,005490
2024-02-27,427000.0,"하락  5,500",435000.0,438500.0,425500.0,426286.0,POSCO홀딩스,005490
2024-02-28,437500.0,"상승  10,500",430000.0,441500.0,430000.0,510943.0,POSCO홀딩스,005490
2024-02-29,431500.0,"하락  6,000",435500.0,437000.0,431500.0,427024.0,POSCO홀딩스,005490
2024-03-04,458000.0,"상승  26,500",434000.0,460000.0,434000.0,1057367.0,POSCO홀딩스,005490
2024-03-05,447000.0,"하락  11,000",453000.0,471000.0,447000.0,923980.0,POSCO홀딩스,005490
2024-03-06,439500.0,"하락  7,500",444000.0,449000.0,438500.0,475291.0,POSCO홀딩스,005490
2024-03-07,443000.0,"상승  3,500",443500.0,449000.0,439000.0,402186.0,POSCO홀딩스,005490
2024-03-08,444500.0,"상승  1,500",447000.0,456500.0,444000.0,489844.0,POSCO홀딩스,005490
2024-03-11,437000.0,"하락  7,500",444500.0,445500.0,436000.0,392589.0,POSCO홀딩스,005490
2024-03-12,450000.0,"상승  13,000",441500.0,451500.0,439000.0,471093.0,POSCO홀딩스,005490
2024-03-13,448000.0,"하락  2,000",449000.0,452500.0,444000.0,393813.0,POSCO홀딩스,005490
2024-03-14,442000.0,"하락  6,000",448000.0,448500.0,442000.0,463835.0,POSCO홀딩스,005490
2024-03-15,435000.0,"하락  7,000",439500.0,441500.0,435000.0,566617.0,POSCO홀딩스,005490
2024-03-18,439500.0,"상승  4,500",436500.0,439500.0,432000.0,423126.0,POSCO홀딩스,005490
2024-03-19,431500.0,"하락  8,000",440500.0,441500.0,423000.0,733681.0,POSCO홀딩스,005490
2024-03-20,426500.0,"하락  5,000",431000.0,433000.0,425000.0,496417.0,POSCO홀딩스,005490
2024-03-21,428000.0,"상승  1,500",430500.0,435000.0,428000.0,505623.0,POSCO홀딩스,005490
2024-03-22,428500.0,상승  500,427500.0,436000.0,427500.0,441565.0,POSCO홀딩스,005490
2024-03-25,432000.0,"상승  3,500",430000.0,435000.0,429500.0,354232.0,POSCO홀딩스,005490
2024-03-26,429000.0,"하락  3,000",433500.0,435500.0,428000.0,384054.0,POSCO홀딩스,005490
2024-03-27,428000.0,"하락  1,000",429000.0,432000.0,425500.0,338183.0,POSCO홀딩스,005490
2024-03-28,421000.0,"하락  7,000",429500.0,430000.0,421000.0,509919.0,POSCO홀딩스,005490
2024-03-29,422000.0,"상승  1,000",420000.0,426000.0,417500.0,368605.0,POSCO홀딩스,005490
2024-04-01,418000.0,"하락  4,000",422000.0,424500.0,416500.0,403197.0,POSCO홀딩스,005490
2024-04-02,409500.0,"하락  8,500",414000.0,417000.0,409500.0,521651.0,POSCO홀딩스,005490
2024-04-03,398500.0,"하락  11,000",400000.0,404500.0,398500.0,719857.0,POSCO홀딩스,005490
2024-04-04,401500.0,"상승  3,000",401000.0,405000.0,393000.0,637428.0,POSCO홀딩스,005490
2024-04-05,394500.0,"하락  7,000",396000.0,400000.0,393000.0,424303.0,POSCO홀딩스,005490
2024-04-08,403000.0,"상승  8,500",390500.0,404500.0,380500.0,940103.0,POSCO홀딩스,005490
2024-04-09,403500.0,상승  500,406500.0,411000.0,401000.0,372690.0,POSCO홀딩스,005490
2024-04-11,400000.0,"하락  3,500",395500.0,406000.0,393500.0,473313.0,POSCO홀딩스,005490
2024-04-12,395000.0,"하락  5,000",404500.0,405000.0,394500.0,322166.0,POSCO홀딩스,005490
2024-04-15,390500.0,"하락  4,500",387000.0,392000.0,386000.0,392019.0,POSCO홀딩스,005490
2024-04-16,380500.0,"하락  10,000",386000.0,389000.0,380500.0,483959.0,POSCO홀딩스,005490
2024-04-17,371000.0,"하락  9,500",380500.0,384000.0,371000.0,532497.0,POSCO홀딩스,005490
2024-04-18,390000.0,"상승  19,000",373000.0,395000.0,373000.0,702664.0,POSCO홀딩스,005490
2024-04-19,386500.0,"하락  3,500",386500.0,389500.0,377000.0,489889.0,POSCO홀딩스,005490
2024-04-22,395000.0,"상승  8,500",397500.0,398500.0,390500.0,333838.0,POSCO홀딩스,005490
2024-04-23,391500.0,"하락  3,500",395000.0,397500.0,389500.0,252536.0,POSCO홀딩스,005490
2024-04-24,396000.0,"상승  4,500",399500.0,403500.0,395500.0,362468.0,POSCO홀딩스,005490
2024-04-25,392500.0,"하락  3,500",392500.0,398500.0,391000.0,298528.0,POSCO홀딩스,005490
2024-04-26,394500.0,"상승  2,000",395000.0,395500.0,389500.0,255838.0,POSCO홀딩스,005490
2024-04-29,407000.0,"상승  12,500",393500.0,409000.0,392000.0,450439.0,POSCO홀딩스,005490
2024-04-30,405000.0,"하락  2,000",412000.0,412000.0,404000.0,328307.0,POSCO홀딩스,005490
2024-05-02,399000.0,"하락  6,000",404000.0,407500.0,399000.0,245698.0,POSCO홀딩스,005490
2024-05-03,403500.0,"상승  4,500",402000.0,407500.0,399000.0,277160.0,POSCO홀딩스,005490
2024-05-07,406500.0,"상승  3,000",410000.0,411500.0,404000.0,243946.0,POSCO홀딩스,005490
2024-05-08,403500.0,"하락  3,000",405000.0,406500.0,401000.0,205380.0,POSCO홀딩스,005490
2024-05-09,398000.0,"하락  5,500",403500.0,404000.0,398000.0,303018.0,POSCO홀딩스,005490
2024-05-10,401000.0,"상승  3,000",402000.0,404000.0,399000.0,193446.0,POSCO홀딩스,005490
2024-05-13,399000.0,"하락  2,000",402000.0,402500.0,396500.0,209352.0,POSCO홀딩스,005490
2024-05-14,401500.0,"상승  2,500",399500.0,403000.0,399000.0,211204.0,POSCO홀딩스,005490
2024-05-16,402500.0,"상승  1,000",406000.0,407500.0,401500.0,237901.0,POSCO홀딩스,005490
2024-05-17,398000.0,"하락  4,500",400500.0,402500.0,398000.0,220887.0,POSCO홀딩스,005490
2024-05-20,401000.0,"상승  3,000",399000.0,405000.0,398500.0,253949.0,POSCO홀딩스,005490
2024-05-21,393500.0,"하락  7,500",399000.0,399500.0,392000.0,340790.0,POSCO홀딩스,005490
2024-05-22,390500.0,"하락  3,000",394000.0,396000.0,390500.0,227064.0,POSCO홀딩스,005490
2024-05-23,387500.0,"하락  3,000",390000.0,392000.0,385000.0,292191.0,POSCO홀딩스,005490
2024-05-24,381500.0,"하락  6,000",382000.0,384000.0,380000.0,357992.0,POSCO홀딩스,005490
2024-05-27,388500.0,"상승  7,000",380500.0,390500.0,375500.0,520982.0,POSCO홀딩스,005490
2024-05-28,383000.0,"하락  5,500",389000.0,390500.0,382500.0,253275.0,POSCO홀딩스,005490
2024-05-29,374000.0,"하락  9,000",379000.0,381000.0,373000.0,450870.0,POSCO홀딩스,005490
2024-05-30,369500.0,"하락  4,500",370500.0,376000.0,367000.0,432926.0,POSCO홀딩스,005490
2024-05-31,369000.0,하락  500,370500.0,379500.0,368500.0,523294.0,POSCO홀딩스,005490
2024-06-03,374000.0,"상승  5,000",370000.0,384000.0,368500.0,377722.0,POSCO홀딩스,005490
2024-06-04,375000.0,"상승  1,000",370000.0,378000.0,369500.0,243871.0,POSCO홀딩스,005490
2024-06-05,381000.0,"상승  6,000",376500.0,385500.0,374000.0,420191.0,POSCO홀딩스,005490
2024-06-07,386500.0,"상승  5,500",387000.0,387500.0,381500.0,380682.0,POSCO홀딩스,005490
2024-06-10,377000.0,"하락  9,500",383000.0,383500.0,377000.0,350671.0,POSCO홀딩스,005490
2024-06-11,380000.0,"상승  3,000",376500.0,385000.0,376500.0,344972.0,POSCO홀딩스,005490
2024-06-12,377000.0,"하락  3,000",379000.0,380500.0,375500.0,249898.0,POSCO홀딩스,005490
2024-06-13,375000.0,"하락  2,000",381000.0,382500.0,375000.0,470089.0,POSCO홀딩스,005490
2024-06-14,380000.0,"상승  5,000",375500.0,381500.0,370500.0,515401.0,POSCO홀딩스,005490
2024-06-17,371000.0,"하락  9,000",376000.0,376500.0,370500.0,389824.0,POSCO홀딩스,005490
2024-06-18,368000.0,"하락  3,000",373500.0,375500.0,368000.0,314133.0,POSCO홀딩스,005490
2024-06-19,373000.0,"상승  5,000",367500.0,374500.0,365500.0,462848.0,POSCO홀딩스,005490
2024-06-20,371000.0,"하락  2,000",372000.0,373500.0,370000.0,216115.0,POSCO홀딩스,005490
2024-06-21,366500.0,"하락  4,500",369500.0,373000.0,366500.0,326765.0,POSCO홀딩스,005490
2024-06-24,366000.0,하락  500,366500.0,370500.0,365000.0,304587.0,POSCO홀딩스,005490
2024-06-25,366500.0,상승  500,367500.0,369000.0,364000.0,272745.0,POSCO홀딩스,005490
2024-06-26,364000.0,"하락  2,500",365500.0,366000.0,361000.0,349689.0,POSCO홀딩스,005490
2024-06-27,359500.0,"하락  4,500",363500.0,365500.0,358500.0,340304.0,POSCO홀딩스,005490
2024-06-28,363000.0,"상승  3,500",358500.0,365000.0,355000.0,271140.0,POSCO홀딩스,005490
2024-07-01,370500.0,"상승  7,500",361500.0,371000.0,360000.0,291832.0,POSCO홀딩스,005490
2024-07-02,365500.0,"하락  5,000",370000.0,372500.0,364500.0,245634.0,POSCO홀딩스,005490
2024-07-03,370500.0,"상승  5,000",369500.0,377500.0,369000.0,334736.0,POSCO홀딩스,005490
2024-07-04,375000.0,"상승  4,500",373500.0,375500.0,369500.0,249770.0,POSCO홀딩스,005490
2024-07-05,377000.0,"상승  2,000",375000.0,379000.0,372000.0,298202.0,POSCO홀딩스,005490
2024-07-08,377500.0,상승  500,376000.0,381500.0,374000.0,313678.0,POSCO홀딩스,005490
2024-07-09,373000.0,"하락  4,500",378500.0,379500.0,372500.0,259202.0,POSCO홀딩스,005490
2024-07-10,368500.0,"하락  4,500",370500.0,373000.0,368500.0,248513.0,POSCO홀딩스,005490
2024-07-11,391500.0,"상승  23,000",371000.0,391500.0,369500.0,972715.0,POSCO홀딩스,005490
2024-07-12,392000.0,상승  500,388500.0,396500.0,383000.0,795560.0,POSCO홀딩스,005490
2024-07-15,386000.0,"하락  6,000",396500.0,397000.0,386000.0,502159.0,POSCO홀딩스,005490
2024-07-16,373000.0,"하락  13,000",384000.0,387000.0,372000.0,532450.0,POSCO홀딩스,005490
2024-07-17,365500.0,"하락  7,500",376000.0,376500.0,365500.0,395513.0,POSCO홀딩스,005490
2024-07-18,366500.0,"상승  1,000",364000.0,370000.0,362000.0,310335.0,POSCO홀딩스,005490
2024-07-19,370500.0,"상승  4,000",365000.0,371000.0,364000.0,273334.0,POSCO홀딩스,005490
2024-07-22,362000.0,"하락  8,500",370500.0,371000.0,360500.0,306869.0,POSCO홀딩스,005490
2024-07-23,355000.0,"하락  7,000",363000.0,365000.0,355000.0,368787.0,POSCO홀딩스,005490
2024-07-24,346500.0,"하락  8,500",352000.0,358000.0,345000.0,447310.0,POSCO홀딩스,005490
2024-07-25,355500.0,"상승  9,000",341000.0,361000.0,338000.0,580473.0,POSCO홀딩스,005490
2024-07-26,356500.0,"상승  1,000",359000.0,361000.0,351500.0,346106.0,POSCO홀딩스,005490
2024-07-29,363000.0,"상승  6,500",358000.0,366500.0,353000.0,355548.0,POSCO홀딩스,005490
2024-07-30,359500.0,"하락  3,500",359500.0,366500.0,358500.0,280871.0,POSCO홀딩스,005490
2024-07-31,351500.0,"하락  8,000",359500.0,361500.0,350000.0,364540.0,POSCO홀딩스,005490
2024-08-01,362500.0,"상승  11,000",354000.0,363500.0,351000.0,277595.0,POSCO홀딩스,005490
2024-08-02,356500.0,"하락  6,000",355500.0,360000.0,353000.0,285311.0,POSCO홀딩스,005490
2024-08-05,314500.0,"하락  42,000",351000.0,351000.0,309000.0,856397.0,POSCO홀딩스,005490
2024-08-06,330500.0,"상승  16,000",319500.0,338500.0,319500.0,633721.0,POSCO홀딩스,005490
2024-08-07,326000.0,"하락  4,500",325500.0,333000.0,325500.0,318489.0,POSCO홀딩스,005490
2024-08-08,319000.0,"하락  7,000",321000.0,326500.0,317000.0,405637.0,POSCO홀딩스,005490
2024-08-09,325500.0,"상승  6,500",324500.0,330000.0,322000.0,265462.0,POSCO홀딩스,005490
2024-08-12,327500.0,"상승  2,000",326000.0,330500.0,325500.0,180349.0,POSCO홀딩스,005490
2024-08-13,324500.0,"하락  3,000",325500.0,327500.0,321000.0,207587.0,POSCO홀딩스,005490
2024-08-14,332500.0,"상승  8,000",328500.0,333000.0,327500.0,253089.0,POSCO홀딩스,005490
2024-08-16,330500.0,"하락  2,000",337500.0,339000.0,330500.0,223789.0,POSCO홀딩스,005490
2024-08-19,322500.0,"하락  8,000",330000.0,332000.0,321000.0,249408.0,POSCO홀딩스,005490
2024-08-20,323000.0,상승  500,324000.0,328000.0,321000.0,200348.0,POSCO홀딩스,005490
2024-08-21,330500.0,"상승  7,500",321500.0,333500.0,321500.0,341539.0,POSCO홀딩스,005490
2024-08-22,347000.0,"상승  16,500",333000.0,348000.0,331000.0,423359.0,POSCO홀딩스,005490
2024-08-23,340000.0,"하락  7,000",343000.0,348500.0,340000.0,252284.0,POSCO홀딩스,005490
2024-08-26,345000.0,"상승  5,000",342500.0,348500.0,341000.0,206172.0,POSCO홀딩스,005490
2024-08-27,346000.0,"상승  1,000",344000.0,351500.0,341500.0,175331.0,POSCO홀딩스,005490
2024-08-28,336500.0,"하락  9,500",344500.0,346000.0,335000.0,259096.0,POSCO홀딩스,005490
2024-08-29,342500.0,"상승  6,000",336000.0,345000.0,334500.0,258268.0,POSCO홀딩스,005490
2024-08-30,340000.0,"하락  2,500",344000.0,344500.0,337500.0,280447.0,POSCO홀딩스,005490
2024-09-02,360000.0,"상승  20,000",342000.0,364500.0,342000.0,626896.0,POSCO홀딩스,005490
2024-09-03,359000.0,"하락  1,000",363000.0,364500.0,357000.0,214416.0,POSCO홀딩스,005490
2024-09-04,347500.0,"하락  11,500",350000.0,352500.0,344000.0,339000.0,POSCO홀딩스,005490
2024-09-05,342500.0,"하락  5,000",349000.0,351500.0,338500.0,289079.0,POSCO홀딩스,005490
2024-09-06,330000.0,"하락  12,500",342500.0,346500.0,327500.0,343578.0,POSCO홀딩스,005490
2024-09-09,330500.0,상승  500,323000.0,334500.0,321500.0,245663.0,POSCO홀딩스,005490
2024-09-10,331000.0,상승  500,331000.0,336000.0,328000.0,215856.0,POSCO홀딩스,005490
2024-09-11,342000.0,"상승  11,000",331000.0,342000.0,331000.0,271255.0,POSCO홀딩스,005490
2024-09-12,358500.0,"상승  16,500",347500.0,363000.0,341000.0,877850.0,POSCO홀딩스,005490
2024-09-13,370000.0,"상승  11,500",360000.0,370000.0,358500.0,534350.0,POSCO홀딩스,005490
2024-09-19,375500.0,"상승  5,500",371000.0,376500.0,363000.0,422621.0,POSCO홀딩스,005490
2024-09-20,375000.0,하락  500,378000.0,380000.0,374000.0,409256.0,POSCO홀딩스,005490
2024-09-23,379500.0,"상승  4,500",376500.0,383500.0,373500.0,249000.0,POSCO홀딩스,005490
2024-09-24,385500.0,"상승  6,000",382500.0,391000.0,381500.0,533245.0,POSCO홀딩스,005490
2024-09-25,375000.0,"하락  10,500",378000.0,381000.0,372500.0,551436.0,POSCO홀딩스,005490
2024-09-26,383000.0,"상승  8,000",377500.0,383000.0,374500.0,280271.0,POSCO홀딩스,005490
2024-09-27,386500.0,"상승  3,500",387500.0,390000.0,379500.0,414432.0,POSCO홀딩스,005490
2024-09-30,385000.0,"하락  1,500",391000.0,395500.0,384500.0,391117.0,POSCO홀딩스,005490
2024-10-02,375500.0,"하락  9,500",378000.0,381500.0,375000.0,396359.0,POSCO홀딩스,005490
2024-10-04,369000.0,"하락  6,500",374500.0,378000.0,369000.0,233414.0,POSCO홀딩스,005490
2024-10-07,379000.0,"상승  10,000",376000.0,380500.0,371000.0,336249.0,POSCO홀딩스,005490
2024-10-08,376000.0,"하락  3,000",375000.0,378000.0,371000.0,267936.0,POSCO홀딩스,005490
2024-10-10,371500.0,"하락  4,500",379000.0,379000.0,370000.0,330815.0,POSCO홀딩스,005490
2024-10-11,367000.0,"하락  4,500",371500.0,375000.0,366500.0,248704.0,POSCO홀딩스,005490
2024-10-14,364500.0,"하락  2,500",364500.0,366500.0,358500.0,241979.0,POSCO홀딩스,005490
2024-10-15,352500.0,"하락  12,000",364500.0,366000.0,350500.0,417727.0,POSCO홀딩스,005490
2024-10-16,347500.0,"하락  5,000",352500.0,353000.0,346000.0,285606.0,POSCO홀딩스,005490
2024-10-17,342500.0,"하락  5,000",347500.0,351000.0,342000.0,210386.0,POSCO홀딩스,005490
2024-10-18,345000.0,"상승  2,500",342500.0,346500.0,340000.0,173610.0,POSCO홀딩스,005490
2024-10-21,343500.0,"하락  1,500",345500.0,350500.0,343000.0,167817.0,POSCO홀딩스,005490
2024-10-22,331500.0,"하락  12,000",340500.0,342000.0,330000.0,317888.0,POSCO홀딩스,005490
2024-10-23,342000.0,"상승  10,500",331000.0,345500.0,330500.0,252149.0,POSCO홀딩스,005490
2024-10-24,339500.0,"하락  2,500",344500.0,347000.0,337000.0,162175.0,POSCO홀딩스,005490
2024-10-25,335500.0,"하락  4,000",341000.0,345500.0,332500.0,182841.0,POSCO홀딩스,005490
2024-10-28,349500.0,"상승  14,000",335500.0,350500.0,335500.0,308847.0,POSCO홀딩스,005490
2024-10-29,346500.0,"하락  3,000",346500.0,348000.0,338500.0,285997.0,POSCO홀딩스,005490
2024-10-30,340000.0,"하락  6,500",343000.0,347000.0,339000.0,229872.0,POSCO홀딩스,005490
2024-10-31,335500.0,"하락  4,500",336500.0,339000.0,331500.0,288308.0,POSCO홀딩스,005490
2024-11-01,337000.0,"상승  1,500",333500.0,342500.0,330500.0,160079.0,POSCO홀딩스,005490
2024-11-04,345000.0,"상승  8,000",338500.0,348500.0,335500.0,229044.0,POSCO홀딩스,005490
2024-11-05,339500.0,"하락  5,500",342000.0,342000.0,336000.0,171552.0,POSCO홀딩스,005490
2024-11-06,322500.0,"하락  17,000",341000.0,342500.0,321500.0,436092.0,POSCO홀딩스,005490
2024-11-07,328000.0,"상승  5,500",322000.0,332500.0,316500.0,350208.0,POSCO홀딩스,005490
2024-11-08,320000.0,"하락  8,000",326000.0,332000.0,319000.0,462499.0,POSCO홀딩스,005490
2024-11-11,311500.0,"하락  8,500",314000.0,317500.0,308000.0,424816.0,POSCO홀딩스,005490
2024-11-12,305000.0,"하락  6,500",310000.0,315000.0,303000.0,411877.0,POSCO홀딩스,005490
2024-11-13,289000.0,"하락  16,000",302000.0,306000.0,288000.0,625102.0,POSCO홀딩스,005490
2024-11-14,310000.0,"상승  21,000",289000.0,310000.0,279000.0,936177.0,POSCO홀딩스,005490
2024-11-15,277500.0,"하락  32,500",287500.0,289000.0,274000.0,915970.0,POSCO홀딩스,005490
2024-11-18,290000.0,"상승  12,500",277500.0,290500.0,277500.0,428962.0,POSCO홀딩스,005490
2024-11-19,291000.0,"상승  1,000",287000.0,292500.0,286500.0,227552.0,POSCO홀딩스,005490
2024-11-20,295000.0,"상승  4,000",289000.0,299000.0,287500.0,266630.0,POSCO홀딩스,005490
2024-11-21,304000.0,"상승  9,000",295000.0,310000.0,294000.0,374902.0,POSCO홀딩스,005490
2024-11-22,303500.0,하락  500,306500.0,310500.0,302000.0,223888.0,POSCO홀딩스,005490
2024-11-25,301500.0,"하락  2,000",306000.0,309500.0,301500.0,535573.0,POSCO홀딩스,005490
2024-11-26,302500.0,"상승  1,000",300000.0,305500.0,300000.0,249680.0,POSCO홀딩스,005490
2024-11-27,297500.0,"하락  5,000",301000.0,304500.0,296000.0,215642.0,POSCO홀딩스,005490
2024-11-28,295500.0,"하락  2,000",299500.0,300000.0,294500.0,241035.0,POSCO홀딩스,005490
2024-11-29,282500.0,"하락  13,000",295000.0,295000.0,282000.0,438275.0,POSCO홀딩스,005490
2024-12-02,280500.0,"하락  2,000",287000.0,289000.0,279000.0,303499.0,POSCO홀딩스,005490
2024-12-03,275500.0,"하락  5,000",283000.0,284000.0,275000.0,548888.0,POSCO홀딩스,005490
2024-12-04,273000.0,"하락  2,500",270000.0,274000.0,267000.0,544889.0,POSCO홀딩스,005490
2024-12-05,266500.0,"하락  6,500",273500.0,274500.0,265000.0,402025.0,POSCO홀딩스,005490
2024-12-06,265500.0,"하락  1,000",266500.0,270500.0,257000.0,467577.0,POSCO홀딩스,005490
2024-12-09,253500.0,"하락  12,000",258500.0,261000.0,252000.0,567811.0,POSCO홀딩스,005490
2024-12-10,271000.0,"상승  17,500",256000.0,271000.0,256000.0,570207.0,POSCO홀딩스,005490
2024-12-11,272500.0,"상승  1,500",271000.0,273500.0,268500.0,315948.0,POSCO홀딩스,005490
2024-12-12,274500.0,"상승  2,000",274000.0,278500.0,268500.0,679478.0,POSCO홀딩스,005490
2024-12-13,271000.0,"하락  3,500",274500.0,276000.0,270000.0,483308.0,POSCO홀딩스,005490
2024-12-16,270500.0,하락  500,274000.0,277000.0,270000.0,421901.0,POSCO홀딩스,005490
2024-12-17,264000.0,"하락  6,500",271000.0,271500.0,262000.0,569889.0,POSCO홀딩스,005490
2024-12-18,268500.0,"상승  4,500",264000.0,270000.0,264000.0,243305.0,POSCO홀딩스,005490
2024-12-19,263000.0,"하락  5,500",261500.0,266500.0,260000.0,278879.0,POSCO홀딩스,005490
2024-12-20,259500.0,"하락  3,500",262500.0,265500.0,258500.0,384248.0,POSCO홀딩스,005490
2024-12-23,262000.0,"상승  2,500",260000.0,264000.0,258500.0,289621.0,POSCO홀딩스,005490
2024-12-24,261000.0,"하락  1,000",264500.0,268500.0,261000.0,219033.0,POSCO홀딩스,005490
2024-12-26,256000.0,"하락  5,000",262500.0,262500.0,255500.0,301681.0,POSCO홀딩스,005490
2024-12-27,253500.0,"하락  2,500",253500.0,259500.0,250000.0,353337.0,POSCO홀딩스,005490
2024-12-30,253500.0,보합0,251500.0,259000.0,251500.0,251843.0,POSCO홀딩스,005490
2025-01-02,250000.0,"하락  3,500",254500.0,255000.0,248500.0,272261.0,POSCO홀딩스,005490
2025-01-03,259000.0,"상승  9,000",249000.0,262000.0,249000.0,350244.0,POSCO홀딩스,005490
2025-01-06,262000.0,"상승  3,000",260000.0,263500.0,258000.0,255736.0,POSCO홀딩스,005490
2025-01-07,262500.0,상승  500,264500.0,267000.0,262000.0,279604.0,POSCO홀딩스,005490
2025-01-08,263500.0,"상승  1,000",260000.0,266000.0,258500.0,416860.0,POSCO홀딩스,005490
2025-01-09,261000.0,"하락  2,500",263000.0,264500.0,258000.0,508533.0,POSCO홀딩스,005490
2025-01-10,262000.0,"상승  1,000",259500.0,263500.0,257500.0,315902.0,POSCO홀딩스,005490
2025-01-13,257000.0,"하락  5,000",259500.0,261500.0,256000.0,242769.0,POSCO홀딩스,005490
2025-01-14,259500.0,"상승  2,500",258500.0,262000.0,255000.0,302202.0,POSCO홀딩스,005490
2025-01-15,257000.0,"하락  2,500",261000.0,265000.0,257000.0,231931.0,POSCO홀딩스,005490
2025-01-16,262000.0,"상승  5,000",261500.0,265000.0,261000.0,217450.0,POSCO홀딩스,005490
2025-01-17,260000.0,"하락  2,000",262000.0,263000.0,259000.0,154275.0,POSCO홀딩스,005490
2025-01-20,271000.0,"상승  11,000",262500.0,272500.0,262000.0,440938.0,POSCO홀딩스,005490
2025-01-21,258000.0,"하락  13,000",270000.0,272000.0,257000.0,407749.0,POSCO홀딩스,005490
2025-01-22,264000.0,"상승  6,000",260500.0,266500.0,260500.0,242748.0,POSCO홀딩스,005490
2025-01-23,259500.0,"하락  4,500",262500.0,263000.0,257000.0,189906.0,POSCO홀딩스,005490
2025-01-24,261500.0,"상승  2,000",259500.0,263000.0,257000.0,182584.0,POSCO홀딩스,005490
2025-01-31,260500.0,"하락  1,000",266000.0,266500.0,258000.0,210802.0,POSCO홀딩스,005490
2025-02-03,248500.0,"하락  12,000",256500.0,256500.0,247000.0,402340.0,POSCO홀딩스,005490
2025-02-04,236500.0,"하락  12,000",250000.0,252000.0,236000.0,839230.0,POSCO홀딩스,005490
2025-02-05,242000.0,"상승  5,500",238000.0,243500.0,238000.0,370345.0,POSCO홀딩스,005490
2025-02-06,242500.0,상승  500,242500.0,243000.0,239000.0,243074.0,POSCO홀딩스,005490
2025-02-07,239000.0,"하락  3,500",240500.0,244500.0,239000.0,219950.0,POSCO홀딩스,005490
2025-02-10,237000.0,"하락  2,000",233500.0,237500.0,227500.0,455071.0,POSCO홀딩스,005490
2025-02-11,235000.0,"하락  2,000",234500.0,238500.0,233000.0,310281.0,POSCO홀딩스,005490
2025-02-12,230500.0,"하락  4,500",233000.0,234000.0,229500.0,345800.0,POSCO홀딩스,005490
2025-02-13,246500.0,"상승  16,000",232500.0,246500.0,232000.0,823835.0,POSCO홀딩스,005490
2025-02-14,247000.0,상승  500,246500.0,249500.0,242500.0,267360.0,POSCO홀딩스,005490
2025-02-17,250000.0,"상승  3,000",247000.0,252000.0,246000.0,268640.0,POSCO홀딩스,005490
2025-02-18,248500.0,"하락  1,500",250500.0,251000.0,246500.0,179534.0,POSCO홀딩스,005490
2025-02-19,258500.0,"상승  10,000",248500.0,262000.0,248500.0,530138.0,POSCO홀딩스,005490
2025-02-20,268500.0,"상승  10,000",260500.0,271000.0,258500.0,596260.0,POSCO홀딩스,005490
2025-02-21,282000.0,"상승  13,500",276000.0,290000.0,273500.0,1048438.0,POSCO홀딩스,005490
2025-02-24,281000.0,"하락  1,000",281000.0,284500.0,278500.0,420927.0,POSCO홀딩스,005490
2025-02-25,274500.0,"하락  6,500",283000.0,284000.0,274000.0,350848.0,POSCO홀딩스,005490
2025-02-26,282000.0,"상승  7,500",272500.0,285000.0,272000.0,465225.0,POSCO홀딩스,005490
2025-02-27,281000.0,"하락  1,000",282000.0,284000.0,277000.0,289593.0,POSCO홀딩스,005490
2025-02-28,272500.0,"하락  8,500",275500.0,279000.0,271000.0,462786.0,POSCO홀딩스,005490
2025-03-04,268000.0,"하락  4,500",274500.0,276500.0,266000.0,397751.0,POSCO홀딩스,005490
2025-03-05,276500.0,"상승  8,500",266000.0,280000.0,266000.0,334927.0,POSCO홀딩스,005490
2025-03-06,295500.0,"상승  19,000",283500.0,303500.0,282000.0,1097274.0,POSCO홀딩스,005490
2025-03-07,317000.0,"상승  21,500",295500.0,322500.0,292500.0,1586405.0,POSCO홀딩스,005490
2025-03-10,310500.0,"하락  6,500",314000.0,314500.0,302500.0,701440.0,POSCO홀딩스,005490
2025-03-11,296500.0,"하락  14,000",298500.0,301000.0,294000.0,624586.0,POSCO홀딩스,005490
2025-03-12,314000.0,"상승  17,500",296500.0,320000.0,296000.0,742490.0,POSCO홀딩스,005490
2025-03-13,312500.0,"하락  1,500",319500.0,319500.0,309500.0,596974.0,POSCO홀딩스,005490
2025-03-14,304500.0,"하락  8,000",311000.0,314500.0,304500.0,366199.0,POSCO홀딩스,005490
2025-03-17,307000.0,"상승  2,500",304500.0,314000.0,304500.0,328872.0,POSCO홀딩스,005490
2025-03-18,305000.0,"하락  2,000",309000.0,314000.0,305000.0,278184.0,POSCO홀딩스,005490
2025-03-19,312500.0,"상승  7,500",305000.0,318000.0,305000.0,436098.0,POSCO홀딩스,005490
2025-03-20,332000.0,"상승  19,500",318000.0,337000.0,318000.0,1087678.0,POSCO홀딩스,005490
2025-03-21,326000.0,"하락  6,000",327500.0,329000.0,318500.0,665836.0,POSCO홀딩스,005490
2025-03-24,308500.0,"하락  17,500",318500.0,319000.0,307000.0,480012.0,POSCO홀딩스,005490
2025-03-25,307500.0,"하락  1,000",311000.0,313000.0,307000.0,268530.0,POSCO홀딩스,005490
2025-03-26,307000.0,하락  500,309500.0,310000.0,303000.0,254049.0,POSCO홀딩스,005490
2025-03-27,300500.0,"하락  6,500",303000.0,303000.0,297000.0,208639.0,POSCO홀딩스,005490
2025-03-28,292000.0,"하락  8,500",299000.0,299000.0,289500.0,275386.0,POSCO홀딩스,005490
2025-03-31,278500.0,"하락  13,500",282500.0,284000.0,278000.0,441844.0,POSCO홀딩스,005490
2025-04-01,279500.0,"상승  1,000",281000.0,284500.0,276500.0,247534.0,POSCO홀딩스,005490
2025-04-02,272000.0,"하락  7,500",280000.0,282000.0,270500.0,447622.0,POSCO홀딩스,005490
2025-04-03,271000.0,"하락  1,000",263000.0,272500.0,261500.0,368358.0,POSCO홀딩스,005490
2025-04-04,273000.0,"상승  2,000",267000.0,278000.0,265500.0,461911.0,POSCO홀딩스,005490
2025-04-07,255000.0,"하락  18,000",260000.0,261500.0,253500.0,510440.0,POSCO홀딩스,005490
2025-04-08,251500.0,"하락  3,500",260000.0,263000.0,250500.0,532973.0,POSCO홀딩스,005490
2025-04-09,249500.0,"하락  2,000",249500.0,259000.0,246000.0,498399.0,POSCO홀딩스,005490
2025-04-10,261000.0,"상승  11,500",264000.0,264000.0,255500.0,638992.0,POSCO홀딩스,005490
2025-04-11,255000.0,"하락  6,000",255500.0,257000.0,251000.0,305372.0,POSCO홀딩스,005490
2025-04-14,254500.0,하락  500,257500.0,261000.0,254000.0,230139.0,POSCO홀딩스,005490
2025-04-15,257500.0,"상승  3,000",256500.0,261000.0,254500.0,207908.0,POSCO홀딩스,005490
2025-04-16,253500.0,"하락  4,000",258000.0,261000.0,252500.0,155188.0,POSCO홀딩스,005490
2025-04-17,254000.0,상승  500,253000.0,256500.0,251500.0,164400.0,POSCO홀딩스,005490
2025-04-18,253000.0,"하락  1,000",254000.0,255000.0,250500.0,135988.0,POSCO홀딩스,005490
2025-04-21,251000.0,"하락  2,000",252500.0,255000.0,250000.0,129392.0,POSCO홀딩스,005490
2025-04-22,252000.0,"상승  1,000",251000.0,256000.0,250500.0,185959.0,POSCO홀딩스,005490
2025-04-23,260000.0,"상승  8,000",256500.0,261500.0,253500.0,284877.0,POSCO홀딩스,005490
2025-04-24,257000.0,"하락  3,000",262000.0,262500.0,254000.0,209451.0,POSCO홀딩스,005490
2025-04-25,260000.0,"상승  3,000",260000.0,262500.0,257250.0,195750.0,POSCO홀딩스,005490
2025-04-28,262500.0,"상승  2,500",261500.0,265000.0,260000.0,187829.0,POSCO홀딩스,005490
2025-04-29,262500.0,보합0,262500.0,265000.0,261000.0,200752.0,POSCO홀딩스,005490
2025-04-30,260500.0,"하락  2,000",261500.0,263000.0,258000.0,195336.0,POSCO홀딩스,005490
2025-05-02,255500.0,"하락  5,000",258000.0,259500.0,255500.0,173041.0,POSCO홀딩스,005490
2025-05-07,261500.0,"상승  6,000",259000.0,266000.0,259000.0,282409.0,POSCO홀딩스,005490
2025-05-08,261500.0,보합0,263500.0,264500.0,260000.0,298053.0,POSCO홀딩스,005490
2025-05-09,258500.0,"하락  3,000",262500.0,265000.0,258000.0,216958.0,POSCO홀딩스,005490
2025-05-12,263000.0,"상승  4,500",260500.0,263000.0,258000.0,175917.0,POSCO홀딩스,005490
2025-05-13,257500.0,"하락  5,500",265000.0,266000.0,256000.0,259035.0,POSCO홀딩스,005490
2025-05-14,252000.0,"하락  5,500",252000.0,253500.0,247000.0,419327.0,POSCO홀딩스,005490
2025-05-15,250000.0,"하락  2,000",250500.0,253500.0,250000.0,132121.0,POSCO홀딩스,005490
2025-05-16,247500.0,"하락  2,500",250000.0,251500.0,245000.0,213669.0,POSCO홀딩스,005490
2025-05-19,245500.0,"하락  2,000",243500.0,246500.0,243500.0,155028.0,POSCO홀딩스,005490
2025-05-20,241000.0,"하락  4,500",247000.0,248500.0,240500.0,221250.0,POSCO홀딩스,005490
2025-05-21,240500.0,하락  500,240000.0,244000.0,240000.0,155222.0,POSCO홀딩스,005490
2025-05-22,238000.0,"하락  2,500",239000.0,240000.0,235000.0,196315.0,POSCO홀딩스,005490
2025-05-23,233500.0,"하락  4,500",237500.0,239000.0,233000.0,180700.0,POSCO홀딩스,005490
2025-05-26,241500.0,"상승  8,000",230500.0,243500.0,230000.0,203755.0,POSCO홀딩스,005490
2025-05-27,237000.0,"하락  4,500",239000.0,242500.0,235500.0,163682.0,POSCO홀딩스,005490
2025-05-28,249500.0,"상승  12,500",238500.0,251000.0,238500.0,384914.0,POSCO홀딩스,005490
2025-05-29,254500.0,"상승  5,000",252000.0,258000.0,249000.0,326031.0,POSCO홀딩스,005490
2025-05-30,254500.0,보합0,254500.0,254500.0,254500.0,0.0,POSCO홀딩스,005490
