날짜,종가,전일비,시가,고가,저가,거래량,회사명,종목코드
2020-03-16,80200.0,"하락  6,300",86000.0,86900.0,80200.0,1113686.0,SK이노베이션,096770
2020-03-17,77900.0,"하락  2,300",75100.0,79400.0,75100.0,1006085.0,SK이노베이션,096770
2020-03-18,70900.0,"하락  7,000",77300.0,77800.0,70900.0,919817.0,SK이노베이션,096770
2020-03-19,57300.0,"하락  13,600",70900.0,72300.0,55100.0,2188651.0,SK이노베이션,096770
2020-03-20,64800.0,"상승  7,500",61000.0,65100.0,59100.0,1719407.0,SK이노베이션,096770
2020-03-23,60300.0,"하락  4,500",58500.0,62900.0,57800.0,1162459.0,SK이노베이션,096770
2020-03-24,72000.0,"상승  11,700",63100.0,73200.0,61500.0,1571585.0,SK이노베이션,096770
2020-03-25,90000.0,"상승  18,000",79000.0,91300.0,75700.0,2877009.0,SK이노베이션,096770
2020-03-26,85000.0,"하락  5,000",91000.0,100500.0,84900.0,3277516.0,SK이노베이션,096770
2020-03-27,87700.0,"상승  2,700",89600.0,90500.0,85200.0,1746990.0,SK이노베이션,096770
2020-03-30,86100.0,"하락  1,600",83400.0,87700.0,81700.0,1151182.0,SK이노베이션,096770
2020-03-31,87000.0,상승  900,88000.0,88200.0,84500.0,1027447.0,SK이노베이션,096770
2020-04-01,82500.0,"하락  4,500",85100.0,87000.0,82500.0,835614.0,SK이노베이션,096770
2020-04-02,90400.0,"상승  7,900",83100.0,93500.0,81400.0,2074973.0,SK이노베이션,096770
2020-04-03,89700.0,하락  700,95800.0,98500.0,87800.0,1788505.0,SK이노베이션,096770
2020-04-06,94400.0,"상승  4,700",91100.0,95500.0,90000.0,1393130.0,SK이노베이션,096770
2020-04-07,94300.0,하락  100,96500.0,96900.0,91900.0,1161168.0,SK이노베이션,096770
2020-04-08,93600.0,하락  700,92600.0,95900.0,92200.0,828451.0,SK이노베이션,096770
2020-04-09,98000.0,"상승  4,400",96800.0,98000.0,95000.0,1180802.0,SK이노베이션,096770
2020-04-10,100500.0,"상승  2,500",95300.0,101500.0,95300.0,1300475.0,SK이노베이션,096770
2020-04-13,96300.0,"하락  4,200",99800.0,100500.0,95800.0,778610.0,SK이노베이션,096770
2020-04-14,97200.0,상승  900,97100.0,99300.0,96500.0,682589.0,SK이노베이션,096770
2020-04-16,96700.0,하락  500,95300.0,98000.0,94300.0,733830.0,SK이노베이션,096770
2020-04-17,97700.0,"상승  1,000",97300.0,98500.0,97100.0,878699.0,SK이노베이션,096770
2020-04-20,99000.0,"상승  1,300",99200.0,102500.0,98300.0,898140.0,SK이노베이션,096770
2020-04-21,98500.0,하락  500,97500.0,101000.0,95300.0,975923.0,SK이노베이션,096770
2020-04-22,96300.0,"하락  2,200",96500.0,97300.0,95100.0,751758.0,SK이노베이션,096770
2020-04-23,99400.0,"상승  3,100",98700.0,100000.0,97300.0,914524.0,SK이노베이션,096770
2020-04-24,97600.0,"하락  1,800",100500.0,101000.0,97500.0,619467.0,SK이노베이션,096770
2020-04-27,97600.0,보합0,97600.0,98900.0,97600.0,454652.0,SK이노베이션,096770
2020-04-28,96500.0,"하락  1,100",96200.0,97700.0,95700.0,655250.0,SK이노베이션,096770
2020-04-29,98300.0,"상승  1,800",97000.0,100500.0,97000.0,889335.0,SK이노베이션,096770
2020-05-04,96700.0,"하락  1,600",99900.0,99900.0,96500.0,831689.0,SK이노베이션,096770
2020-05-06,100000.0,"상승  3,300",99200.0,103000.0,99200.0,1419621.0,SK이노베이션,096770
2020-05-07,98700.0,"하락  1,300",99200.0,99500.0,97800.0,670766.0,SK이노베이션,096770
2020-05-08,98600.0,하락  100,99000.0,99500.0,98600.0,448962.0,SK이노베이션,096770
2020-05-11,97500.0,"하락  1,100",99200.0,99600.0,97500.0,466477.0,SK이노베이션,096770
2020-05-12,95400.0,"하락  2,100",97000.0,97400.0,95000.0,642196.0,SK이노베이션,096770
2020-05-13,95500.0,상승  100,95000.0,95500.0,93000.0,608052.0,SK이노베이션,096770
2020-05-14,93600.0,"하락  1,900",94500.0,94800.0,93000.0,490652.0,SK이노베이션,096770
2020-05-15,94400.0,상승  800,94900.0,96000.0,94200.0,480497.0,SK이노베이션,096770
2020-05-18,96800.0,"상승  2,400",96000.0,96900.0,94400.0,567019.0,SK이노베이션,096770
2020-05-19,103500.0,"상승  6,700",101500.0,104000.0,100000.0,1724747.0,SK이노베이션,096770
2020-05-20,103500.0,보합0,101500.0,104500.0,101000.0,614306.0,SK이노베이션,096770
2020-05-21,106500.0,"상승  3,000",106000.0,110000.0,105500.0,1120684.0,SK이노베이션,096770
2020-05-22,103500.0,"하락  3,000",106500.0,107000.0,102000.0,686662.0,SK이노베이션,096770
2020-05-25,106000.0,"상승  2,500",104000.0,106500.0,102000.0,564404.0,SK이노베이션,096770
2020-05-26,121000.0,"상승  15,000",106000.0,122500.0,105500.0,2739083.0,SK이노베이션,096770
2020-05-27,122500.0,"상승  1,500",122500.0,129000.0,118000.0,1965007.0,SK이노베이션,096770
2020-05-28,118000.0,"하락  4,500",121000.0,124500.0,116500.0,1069233.0,SK이노베이션,096770
2020-05-29,118500.0,상승  500,119000.0,121000.0,117500.0,737780.0,SK이노베이션,096770
2020-06-01,124000.0,"상승  5,500",123500.0,127000.0,122000.0,664521.0,SK이노베이션,096770
2020-06-02,124000.0,보합0,123000.0,126000.0,122500.0,540554.0,SK이노베이션,096770
2020-06-03,127500.0,"상승  3,500",127000.0,128500.0,125000.0,731734.0,SK이노베이션,096770
2020-06-04,125500.0,"하락  2,000",129000.0,130500.0,125000.0,830214.0,SK이노베이션,096770
2020-06-05,126500.0,"상승  1,000",125500.0,127000.0,122500.0,544195.0,SK이노베이션,096770
2020-06-08,126500.0,보합0,131500.0,133000.0,126500.0,692126.0,SK이노베이션,096770
2020-06-09,125500.0,"하락  1,000",127500.0,129500.0,125000.0,544082.0,SK이노베이션,096770
2020-06-10,124500.0,"하락  1,000",125000.0,126000.0,123000.0,421701.0,SK이노베이션,096770
2020-06-11,120500.0,"하락  4,000",123500.0,124000.0,119000.0,1020735.0,SK이노베이션,096770
2020-06-12,115000.0,"하락  5,500",113500.0,116500.0,111000.0,1153794.0,SK이노베이션,096770
2020-06-15,106500.0,"하락  8,500",112500.0,119000.0,106500.0,1106675.0,SK이노베이션,096770
2020-06-16,116500.0,"상승  10,000",110500.0,118500.0,109000.0,1091035.0,SK이노베이션,096770
2020-06-17,126000.0,"상승  9,500",119000.0,127500.0,118000.0,2417549.0,SK이노베이션,096770
2020-06-18,126000.0,보합0,127500.0,130000.0,122000.0,1119808.0,SK이노베이션,096770
2020-06-19,126000.0,보합0,128500.0,129000.0,123500.0,875073.0,SK이노베이션,096770
2020-06-22,125500.0,하락  500,126000.0,128000.0,124000.0,622731.0,SK이노베이션,096770
2020-06-23,128000.0,"상승  2,500",128500.0,130500.0,125000.0,1055466.0,SK이노베이션,096770
2020-06-24,136500.0,"상승  8,500",129500.0,137000.0,127000.0,1754143.0,SK이노베이션,096770
2020-06-25,134000.0,"하락  2,500",133500.0,138500.0,131500.0,1293240.0,SK이노베이션,096770
2020-06-26,136000.0,"상승  2,000",138000.0,138500.0,134000.0,794718.0,SK이노베이션,096770
2020-06-29,130000.0,"하락  6,000",133500.0,136000.0,129500.0,955726.0,SK이노베이션,096770
2020-06-30,131000.0,"상승  1,000",133500.0,137000.0,131000.0,891865.0,SK이노베이션,096770
2020-07-01,129000.0,"하락  2,000",134500.0,135000.0,129000.0,593954.0,SK이노베이션,096770
2020-07-02,131500.0,"상승  2,500",131500.0,132500.0,128000.0,580144.0,SK이노베이션,096770
2020-07-03,132000.0,상승  500,133000.0,135000.0,131000.0,600270.0,SK이노베이션,096770
2020-07-06,135500.0,"상승  3,500",135000.0,137000.0,133000.0,687777.0,SK이노베이션,096770
2020-07-07,133500.0,"하락  2,000",138000.0,138500.0,132000.0,838422.0,SK이노베이션,096770
2020-07-08,134000.0,상승  500,134500.0,136000.0,133500.0,530374.0,SK이노베이션,096770
2020-07-09,134500.0,상승  500,134000.0,135500.0,132000.0,599886.0,SK이노베이션,096770
2020-07-10,130500.0,"하락  4,000",133500.0,133500.0,129500.0,688311.0,SK이노베이션,096770
2020-07-13,131000.0,상승  500,132500.0,133000.0,131000.0,405075.0,SK이노베이션,096770
2020-07-14,128000.0,"하락  3,000",129500.0,130000.0,127000.0,515322.0,SK이노베이션,096770
2020-07-15,123500.0,"하락  4,500",129000.0,129500.0,122500.0,931046.0,SK이노베이션,096770
2020-07-16,124500.0,"상승  1,000",125500.0,127000.0,124000.0,452689.0,SK이노베이션,096770
2020-07-17,124500.0,보합0,124500.0,126000.0,123000.0,295884.0,SK이노베이션,096770
2020-07-20,122500.0,"하락  2,000",124000.0,124000.0,120000.0,464665.0,SK이노베이션,096770
2020-07-21,125000.0,"상승  2,500",123000.0,126500.0,123000.0,453736.0,SK이노베이션,096770
2020-07-22,135000.0,"상승  10,000",127000.0,136000.0,126000.0,2025022.0,SK이노베이션,096770
2020-07-23,132000.0,"하락  3,000",135500.0,136000.0,129000.0,973075.0,SK이노베이션,096770
2020-07-24,132000.0,보합0,130000.0,133000.0,129000.0,473822.0,SK이노베이션,096770
2020-07-27,131000.0,"하락  1,000",132000.0,136000.0,130500.0,576088.0,SK이노베이션,096770
2020-07-28,133000.0,"상승  2,000",132500.0,134000.0,131500.0,560167.0,SK이노베이션,096770
2020-07-29,131000.0,"하락  2,000",132500.0,134500.0,130500.0,454575.0,SK이노베이션,096770
2020-07-30,127500.0,"하락  3,500",131500.0,132500.0,127000.0,667405.0,SK이노베이션,096770
2020-07-31,127000.0,하락  500,128000.0,131000.0,124500.0,656169.0,SK이노베이션,096770
2020-08-03,129500.0,"상승  2,500",128000.0,131000.0,126000.0,741714.0,SK이노베이션,096770
2020-08-04,132000.0,"상승  2,500",132500.0,134500.0,131000.0,561897.0,SK이노베이션,096770
2020-08-05,159000.0,"상승  27,000",133000.0,159000.0,131500.0,6130458.0,SK이노베이션,096770
2020-08-06,163500.0,"상승  4,500",160500.0,171000.0,154000.0,4118060.0,SK이노베이션,096770
2020-08-07,184000.0,"상승  20,500",167500.0,190000.0,165000.0,6000468.0,SK이노베이션,096770
2020-08-10,186000.0,"상승  2,000",191500.0,197500.0,182000.0,3464467.0,SK이노베이션,096770
2020-08-11,187000.0,"상승  1,000",183500.0,192000.0,179500.0,1616822.0,SK이노베이션,096770
2020-08-12,182500.0,"하락  4,500",185000.0,189500.0,180000.0,1129184.0,SK이노베이션,096770
2020-08-13,182000.0,하락  500,187500.0,189500.0,181000.0,945867.0,SK이노베이션,096770
2020-08-14,172000.0,"하락  10,000",181000.0,181500.0,169500.0,1615501.0,SK이노베이션,096770
2020-08-18,160500.0,"하락  11,500",171000.0,172500.0,158500.0,1703952.0,SK이노베이션,096770
2020-08-19,164000.0,"상승  3,500",163000.0,167500.0,160000.0,820523.0,SK이노베이션,096770
2020-08-20,155000.0,"하락  9,000",160500.0,165000.0,154000.0,1211612.0,SK이노베이션,096770
2020-08-21,155000.0,보합0,158000.0,159000.0,150500.0,1397506.0,SK이노베이션,096770
2020-08-24,152500.0,"하락  2,500",152500.0,156500.0,148000.0,1150041.0,SK이노베이션,096770
2020-08-25,163500.0,"상승  11,000",155000.0,164000.0,154000.0,1600600.0,SK이노베이션,096770
2020-08-26,164000.0,상승  500,163500.0,167500.0,157000.0,1480461.0,SK이노베이션,096770
2020-08-27,155500.0,"하락  8,500",165000.0,166500.0,154000.0,1783453.0,SK이노베이션,096770
2020-08-28,157000.0,"상승  1,500",153500.0,161500.0,152500.0,1191252.0,SK이노베이션,096770
2020-08-31,145000.0,"하락  12,000",155500.0,156000.0,145000.0,2094753.0,SK이노베이션,096770
2020-09-01,148500.0,"상승  3,500",145500.0,149500.0,144500.0,924267.0,SK이노베이션,096770
2020-09-02,148000.0,하락  500,150000.0,151000.0,146000.0,658087.0,SK이노베이션,096770
2020-09-03,151000.0,"상승  3,000",148000.0,152500.0,147000.0,730604.0,SK이노베이션,096770
2020-09-04,154000.0,"상승  3,000",145500.0,160000.0,145500.0,1602264.0,SK이노베이션,096770
2020-09-07,149500.0,"하락  4,500",153000.0,153000.0,148000.0,711286.0,SK이노베이션,096770
2020-09-08,148000.0,"하락  1,500",150500.0,151500.0,147000.0,640550.0,SK이노베이션,096770
2020-09-09,146000.0,"하락  2,000",146000.0,151000.0,145000.0,902582.0,SK이노베이션,096770
2020-09-10,158000.0,"상승  12,000",149000.0,158500.0,148000.0,1781157.0,SK이노베이션,096770
2020-09-11,154000.0,"하락  4,000",157000.0,157500.0,151500.0,697040.0,SK이노베이션,096770
2020-09-14,157000.0,"상승  3,000",155000.0,161000.0,153000.0,938230.0,SK이노베이션,096770
2020-09-15,159500.0,"상승  2,500",159000.0,161000.0,157500.0,640461.0,SK이노베이션,096770
2020-09-16,156500.0,"하락  3,000",159500.0,161500.0,156500.0,535578.0,SK이노베이션,096770
2020-09-17,156000.0,하락  500,159500.0,164500.0,154500.0,1197606.0,SK이노베이션,096770
2020-09-18,153000.0,"하락  3,000",157000.0,158000.0,153000.0,662530.0,SK이노베이션,096770
2020-09-21,157500.0,"상승  4,500",154500.0,162000.0,153500.0,1091053.0,SK이노베이션,096770
2020-09-22,151000.0,"하락  6,500",157500.0,159500.0,150000.0,801039.0,SK이노베이션,096770
2020-09-23,148000.0,"하락  3,000",154500.0,155000.0,145000.0,690375.0,SK이노베이션,096770
2020-09-24,138500.0,"하락  9,500",144000.0,146500.0,138000.0,872556.0,SK이노베이션,096770
2020-09-25,140500.0,"상승  2,000",141500.0,144000.0,140000.0,519807.0,SK이노베이션,096770
2020-09-28,138000.0,"하락  2,500",142000.0,142000.0,133500.0,676913.0,SK이노베이션,096770
2020-09-29,139000.0,"상승  1,000",141000.0,143500.0,137500.0,601757.0,SK이노베이션,096770
2020-10-05,141000.0,"상승  2,000",140000.0,142000.0,137000.0,500844.0,SK이노베이션,096770
2020-10-06,141000.0,보합0,142000.0,146500.0,140000.0,541946.0,SK이노베이션,096770
2020-10-07,143000.0,"상승  2,000",140500.0,143000.0,138500.0,330365.0,SK이노베이션,096770
2020-10-08,144500.0,"상승  1,500",144500.0,145000.0,142000.0,429412.0,SK이노베이션,096770
2020-10-12,148500.0,"상승  4,000",147000.0,150000.0,146000.0,469260.0,SK이노베이션,096770
2020-10-13,145500.0,"하락  3,000",149000.0,150000.0,144500.0,330888.0,SK이노베이션,096770
2020-10-14,142500.0,"하락  3,000",145000.0,145500.0,142000.0,341630.0,SK이노베이션,096770
2020-10-15,141000.0,"하락  1,500",142000.0,142500.0,140000.0,237408.0,SK이노베이션,096770
2020-10-16,139000.0,"하락  2,000",141000.0,142500.0,138000.0,274117.0,SK이노베이션,096770
2020-10-19,136500.0,"하락  2,500",139000.0,141000.0,136500.0,289431.0,SK이노베이션,096770
2020-10-20,140500.0,"상승  4,000",135500.0,141000.0,135000.0,356967.0,SK이노베이션,096770
2020-10-21,138500.0,"하락  2,000",141500.0,141500.0,137500.0,311234.0,SK이노베이션,096770
2020-10-22,136500.0,"하락  2,000",137000.0,138500.0,135500.0,252651.0,SK이노베이션,096770
2020-10-23,136500.0,보합0,137500.0,137500.0,135500.0,200128.0,SK이노베이션,096770
2020-10-26,131500.0,"하락  5,000",134000.0,135000.0,130000.0,484854.0,SK이노베이션,096770
2020-10-27,131500.0,보합0,131500.0,135500.0,130000.0,384563.0,SK이노베이션,096770
2020-10-28,131500.0,보합0,131500.0,132500.0,129500.0,243257.0,SK이노베이션,096770
2020-10-29,129500.0,"하락  2,000",128500.0,129500.0,126500.0,438953.0,SK이노베이션,096770
2020-10-30,125500.0,"하락  4,000",129000.0,129500.0,125000.0,385305.0,SK이노베이션,096770
2020-11-02,122500.0,"하락  3,000",125000.0,126000.0,119500.0,639990.0,SK이노베이션,096770
2020-11-03,131500.0,"상승  9,000",125000.0,133000.0,124500.0,831848.0,SK이노베이션,096770
2020-11-04,132000.0,상승  500,135000.0,135500.0,130000.0,596001.0,SK이노베이션,096770
2020-11-05,138000.0,"상승  6,000",134500.0,143500.0,133000.0,1075695.0,SK이노베이션,096770
2020-11-06,141500.0,"상승  3,500",141500.0,144000.0,140000.0,730408.0,SK이노베이션,096770
2020-11-09,157000.0,"상승  15,500",147500.0,157500.0,145500.0,2099423.0,SK이노베이션,096770
2020-11-10,160000.0,"상승  3,000",162000.0,163500.0,155500.0,1890060.0,SK이노베이션,096770
2020-11-11,155000.0,"하락  5,000",159000.0,160000.0,154500.0,868611.0,SK이노베이션,096770
2020-11-12,158500.0,"상승  3,500",156500.0,159500.0,153500.0,666628.0,SK이노베이션,096770
2020-11-13,156000.0,"하락  2,500",156500.0,157000.0,152500.0,534170.0,SK이노베이션,096770
2020-11-16,155500.0,하락  500,155000.0,158000.0,151000.0,559894.0,SK이노베이션,096770
2020-11-17,160000.0,"상승  4,500",159000.0,163000.0,157000.0,868455.0,SK이노베이션,096770
2020-11-18,156500.0,"하락  3,500",156000.0,159000.0,155000.0,599844.0,SK이노베이션,096770
2020-11-19,154000.0,"하락  2,500",156500.0,156500.0,151500.0,533805.0,SK이노베이션,096770
2020-11-20,154000.0,보합0,154500.0,156500.0,153000.0,372740.0,SK이노베이션,096770
2020-11-23,154000.0,보합0,153500.0,155500.0,152500.0,505916.0,SK이노베이션,096770
2020-11-24,160000.0,"상승  6,000",157500.0,160000.0,156000.0,1258683.0,SK이노베이션,096770
2020-11-25,163500.0,"상승  3,500",165500.0,172000.0,162000.0,2185450.0,SK이노베이션,096770
2020-11-26,175000.0,"상승  11,500",165500.0,175000.0,161000.0,1984163.0,SK이노베이션,096770
2020-11-27,179500.0,"상승  4,500",172000.0,181500.0,170500.0,2456757.0,SK이노베이션,096770
2020-11-30,173000.0,"하락  6,500",182000.0,184500.0,173000.0,1762944.0,SK이노베이션,096770
2020-12-01,182500.0,"상승  9,500",176000.0,183000.0,175000.0,1433423.0,SK이노베이션,096770
2020-12-02,182500.0,보합0,183500.0,184500.0,178500.0,1074892.0,SK이노베이션,096770
2020-12-03,180000.0,"하락  2,500",182000.0,182000.0,176500.0,874518.0,SK이노베이션,096770
2020-12-04,177500.0,"하락  2,500",181000.0,183000.0,175000.0,1095411.0,SK이노베이션,096770
2020-12-07,178500.0,"상승  1,000",179000.0,180500.0,174500.0,809874.0,SK이노베이션,096770
2020-12-08,176000.0,"하락  2,500",179000.0,182000.0,176000.0,694348.0,SK이노베이션,096770
2020-12-09,185000.0,"상승  9,000",178000.0,188500.0,177500.0,1818578.0,SK이노베이션,096770
2020-12-10,190500.0,"상승  5,500",181500.0,193500.0,178000.0,2206204.0,SK이노베이션,096770
2020-12-11,188000.0,"하락  2,500",192500.0,196500.0,187500.0,1268819.0,SK이노베이션,096770
2020-12-14,183000.0,"하락  5,000",189500.0,191000.0,182500.0,1039491.0,SK이노베이션,096770
2020-12-15,184500.0,"상승  1,500",186000.0,187500.0,181500.0,863967.0,SK이노베이션,096770
2020-12-16,189000.0,"상승  4,500",187000.0,189500.0,184000.0,721606.0,SK이노베이션,096770
2020-12-17,192000.0,"상승  3,000",190500.0,192500.0,187500.0,777489.0,SK이노베이션,096770
2020-12-18,188500.0,"하락  3,500",193000.0,193500.0,188000.0,544812.0,SK이노베이션,096770
2020-12-21,187500.0,"하락  1,000",188000.0,190000.0,184500.0,513596.0,SK이노베이션,096770
2020-12-22,182000.0,"하락  5,500",185500.0,187000.0,180500.0,667168.0,SK이노베이션,096770
2020-12-23,180500.0,"하락  1,500",182500.0,183500.0,178000.0,587700.0,SK이노베이션,096770
2020-12-24,180500.0,보합0,181000.0,182500.0,179500.0,490022.0,SK이노베이션,096770
2020-12-28,178000.0,"하락  2,500",181000.0,181000.0,176000.0,639637.0,SK이노베이션,096770
2020-12-29,183000.0,"상승  5,000",178000.0,184500.0,177000.0,873630.0,SK이노베이션,096770
2020-12-30,190000.0,"상승  7,000",183500.0,190500.0,179500.0,976008.0,SK이노베이션,096770
2021-01-04,231000.0,"상승  41,000",203000.0,237500.0,199500.0,4269290.0,SK이노베이션,096770
2021-01-05,244000.0,"상승  13,000",228500.0,251000.0,227000.0,3195931.0,SK이노베이션,096770
2021-01-06,257000.0,"상승  13,000",256000.0,281500.0,251000.0,4279330.0,SK이노베이션,096770
2021-01-07,263000.0,"상승  6,000",268000.0,269000.0,256000.0,2014564.0,SK이노베이션,096770
2021-01-08,283000.0,"상승  20,000",270000.0,296000.0,268000.0,3408996.0,SK이노베이션,096770
2021-01-11,294000.0,"상승  11,000",290000.0,318500.0,281500.0,4147422.0,SK이노베이션,096770
2021-01-12,284500.0,"하락  9,500",288000.0,297500.0,271500.0,2349677.0,SK이노베이션,096770
2021-01-13,281000.0,"하락  3,500",289500.0,296500.0,277500.0,1645616.0,SK이노베이션,096770
2021-01-14,262000.0,"하락  19,000",274000.0,283500.0,261000.0,2611650.0,SK이노베이션,096770
2021-01-15,262500.0,상승  500,261000.0,272000.0,261000.0,1539670.0,SK이노베이션,096770
2021-01-18,252500.0,"하락  10,000",258500.0,262500.0,247000.0,1445600.0,SK이노베이션,096770
2021-01-19,270000.0,"상승  17,500",253500.0,273000.0,248000.0,1921736.0,SK이노베이션,096770
2021-01-20,274500.0,"상승  4,500",284500.0,284500.0,265000.0,1509315.0,SK이노베이션,096770
2021-01-21,276000.0,"상승  1,500",279500.0,282000.0,274500.0,977034.0,SK이노베이션,096770
2021-01-22,278000.0,"상승  2,000",278000.0,291000.0,275000.0,1522685.0,SK이노베이션,096770
2021-01-25,286500.0,"상승  8,500",277500.0,289000.0,277500.0,1166669.0,SK이노베이션,096770
2021-01-26,287500.0,"상승  1,000",289500.0,298500.0,284500.0,1601489.0,SK이노베이션,096770
2021-01-27,281000.0,"하락  6,500",293000.0,297500.0,278000.0,1465356.0,SK이노베이션,096770
2021-01-28,276500.0,"하락  4,500",272000.0,278500.0,270000.0,1178762.0,SK이노베이션,096770
2021-01-29,280000.0,"상승  3,500",285000.0,294000.0,271000.0,3020600.0,SK이노베이션,096770
2021-02-01,316000.0,"상승  36,000",287500.0,316000.0,280000.0,3348470.0,SK이노베이션,096770
2021-02-02,317500.0,"상승  1,500",324000.0,326500.0,309000.0,2421197.0,SK이노베이션,096770
2021-02-03,316000.0,"하락  1,500",320000.0,327500.0,314500.0,1707124.0,SK이노베이션,096770
2021-02-04,317000.0,"상승  1,000",318000.0,324500.0,313500.0,1333404.0,SK이노베이션,096770
2021-02-05,304000.0,"하락  13,000",320000.0,321500.0,289500.0,2736810.0,SK이노베이션,096770
2021-02-08,281500.0,"하락  22,500",292500.0,296000.0,279000.0,2914442.0,SK이노베이션,096770
2021-02-09,288000.0,"상승  6,500",285000.0,298000.0,284000.0,1785945.0,SK이노베이션,096770
2021-02-10,296500.0,"상승  8,500",291000.0,301000.0,285500.0,1593876.0,SK이노베이션,096770
2021-02-15,284000.0,"하락  12,500",275000.0,289500.0,268000.0,3822679.0,SK이노베이션,096770
2021-02-16,284500.0,상승  500,286000.0,289500.0,278000.0,1335559.0,SK이노베이션,096770
2021-02-17,297000.0,"상승  12,500",284000.0,297000.0,280000.0,1890952.0,SK이노베이션,096770
2021-02-18,296000.0,"하락  1,000",298500.0,303000.0,293500.0,1231945.0,SK이노베이션,096770
2021-02-19,296000.0,보합0,296000.0,299000.0,284500.0,992919.0,SK이노베이션,096770
2021-02-22,284000.0,"하락  12,000",295000.0,295500.0,283000.0,1093541.0,SK이노베이션,096770
2021-02-23,284500.0,상승  500,278000.0,288500.0,274000.0,876803.0,SK이노베이션,096770
2021-02-24,266500.0,"하락  18,000",285000.0,287000.0,265500.0,1188062.0,SK이노베이션,096770
2021-02-25,270000.0,"상승  3,500",277500.0,279000.0,267000.0,1068526.0,SK이노베이션,096770
2021-02-26,260500.0,"하락  9,500",259500.0,268000.0,255500.0,1214788.0,SK이노베이션,096770
2021-03-02,265000.0,"상승  4,500",268000.0,276500.0,262000.0,928188.0,SK이노베이션,096770
2021-03-03,266000.0,"상승  1,000",263000.0,266000.0,258000.0,555621.0,SK이노베이션,096770
2021-03-04,264000.0,"하락  2,000",262500.0,271500.0,260000.0,560566.0,SK이노베이션,096770
2021-03-05,252000.0,"하락  12,000",259000.0,265500.0,247500.0,1331646.0,SK이노베이션,096770
2021-03-08,239500.0,"하락  12,500",252000.0,253500.0,239000.0,1043253.0,SK이노베이션,096770
2021-03-09,230000.0,"하락  9,500",235500.0,238000.0,224500.0,1481874.0,SK이노베이션,096770
2021-03-10,226000.0,"하락  4,000",240000.0,240000.0,225000.0,886963.0,SK이노베이션,096770
2021-03-11,241500.0,"상승  15,500",226500.0,244000.0,225000.0,1171776.0,SK이노베이션,096770
2021-03-12,242500.0,"상승  1,000",245500.0,247500.0,237000.0,893711.0,SK이노베이션,096770
2021-03-15,228500.0,"하락  14,000",238000.0,238500.0,228500.0,1316842.0,SK이노베이션,096770
2021-03-16,215500.0,"하락  13,000",216500.0,223000.0,211000.0,2124858.0,SK이노베이션,096770
2021-03-17,216000.0,상승  500,214000.0,218500.0,211000.0,1137853.0,SK이노베이션,096770
2021-03-18,214500.0,"하락  1,500",220500.0,222500.0,214500.0,851838.0,SK이노베이션,096770
2021-03-19,211500.0,"하락  3,000",208500.0,215500.0,205500.0,1132187.0,SK이노베이션,096770
2021-03-22,204500.0,"하락  7,000",208500.0,209000.0,200000.0,1425570.0,SK이노베이션,096770
2021-03-23,202000.0,"하락  2,500",206000.0,209000.0,201000.0,749542.0,SK이노베이션,096770
2021-03-24,204500.0,"상승  2,500",199500.0,208000.0,198000.0,715518.0,SK이노베이션,096770
2021-03-25,207500.0,"상승  3,000",206000.0,214500.0,205000.0,969026.0,SK이노베이션,096770
2021-03-26,209000.0,"상승  1,500",210500.0,211000.0,205500.0,465454.0,SK이노베이션,096770
2021-03-29,205000.0,"하락  4,000",211000.0,211500.0,204000.0,465743.0,SK이노베이션,096770
2021-03-30,223000.0,"상승  18,000",206500.0,224500.0,204500.0,1439750.0,SK이노베이션,096770
2021-03-31,219000.0,"하락  4,000",224500.0,224500.0,216000.0,834713.0,SK이노베이션,096770
2021-04-01,241500.0,"상승  22,500",227500.0,251000.0,227500.0,3578846.0,SK이노베이션,096770
2021-04-02,241500.0,보합0,247000.0,247000.0,237500.0,883791.0,SK이노베이션,096770
2021-04-05,232500.0,"하락  9,000",241000.0,241000.0,232500.0,719222.0,SK이노베이션,096770
2021-04-06,228500.0,"하락  4,000",235000.0,235500.0,222500.0,781633.0,SK이노베이션,096770
2021-04-07,232500.0,"상승  4,000",229500.0,240500.0,229000.0,741738.0,SK이노베이션,096770
2021-04-08,243500.0,"상승  11,000",234500.0,246500.0,228000.0,1121741.0,SK이노베이션,096770
2021-04-09,238000.0,"하락  5,500",241000.0,243500.0,235000.0,848650.0,SK이노베이션,096770
2021-04-12,266500.0,"상승  28,500",275500.0,282000.0,265000.0,4266364.0,SK이노베이션,096770
2021-04-13,277000.0,"상승  10,500",269000.0,283500.0,268000.0,2471749.0,SK이노베이션,096770
2021-04-14,276500.0,하락  500,281000.0,284000.0,274500.0,1034329.0,SK이노베이션,096770
2021-04-15,276500.0,보합0,277000.0,280000.0,273000.0,666715.0,SK이노베이션,096770
2021-04-16,276500.0,보합0,280000.0,280500.0,276000.0,542400.0,SK이노베이션,096770
2021-04-19,272000.0,"하락  4,500",278000.0,279000.0,272000.0,656844.0,SK이노베이션,096770
2021-04-20,268500.0,"하락  3,500",271500.0,274000.0,267500.0,687654.0,SK이노베이션,096770
2021-04-21,264000.0,"하락  4,500",268500.0,269000.0,263000.0,581530.0,SK이노베이션,096770
2021-04-22,264500.0,상승  500,267000.0,268500.0,262000.0,528516.0,SK이노베이션,096770
2021-04-23,270000.0,"상승  5,500",261500.0,273000.0,258000.0,839134.0,SK이노베이션,096770
2021-04-26,273500.0,"상승  3,500",271500.0,276000.0,267000.0,704304.0,SK이노베이션,096770
2021-04-27,280500.0,"상승  7,000",276000.0,281500.0,272500.0,1192950.0,SK이노베이션,096770
2021-04-28,270000.0,"하락  10,500",278000.0,278500.0,269000.0,788213.0,SK이노베이션,096770
2021-04-29,275000.0,"상승  5,000",271000.0,282500.0,270500.0,1215321.0,SK이노베이션,096770
2021-04-30,270500.0,"하락  4,500",277000.0,277500.0,270500.0,714238.0,SK이노베이션,096770
2021-05-03,255500.0,"하락  15,000",271000.0,272000.0,254500.0,1122359.0,SK이노베이션,096770
2021-05-04,273500.0,"상승  18,000",254000.0,274500.0,252000.0,1215923.0,SK이노베이션,096770
2021-05-06,281500.0,"상승  8,000",271500.0,284000.0,271000.0,1180954.0,SK이노베이션,096770
2021-05-07,283500.0,"상승  2,000",284000.0,291000.0,279000.0,970278.0,SK이노베이션,096770
2021-05-10,279000.0,"하락  4,500",288000.0,290500.0,277000.0,1130140.0,SK이노베이션,096770
2021-05-11,269000.0,"하락  10,000",275000.0,277000.0,267000.0,985139.0,SK이노베이션,096770
2021-05-12,266500.0,"하락  2,500",269000.0,271500.0,260000.0,692535.0,SK이노베이션,096770
2021-05-13,258000.0,"하락  8,500",263000.0,272000.0,256000.0,1187430.0,SK이노베이션,096770
2021-05-14,269000.0,"상승  11,000",263000.0,272000.0,262500.0,883903.0,SK이노베이션,096770
2021-05-17,274000.0,"상승  5,000",274000.0,279000.0,272000.0,909280.0,SK이노베이션,096770
2021-05-18,278000.0,"상승  4,000",276000.0,281500.0,275500.0,694776.0,SK이노베이션,096770
2021-05-20,278000.0,보합0,281500.0,282500.0,272000.0,846509.0,SK이노베이션,096770
2021-05-21,280000.0,"상승  2,000",282000.0,283500.0,272500.0,1174025.0,SK이노베이션,096770
2021-05-24,271500.0,"하락  8,500",280500.0,281000.0,271000.0,884908.0,SK이노베이션,096770
2021-05-25,273500.0,"상승  2,000",274500.0,274500.0,271000.0,471404.0,SK이노베이션,096770
2021-05-26,273500.0,보합0,273000.0,281000.0,272000.0,895744.0,SK이노베이션,096770
2021-05-27,277000.0,"상승  3,500",277000.0,282500.0,273000.0,1967963.0,SK이노베이션,096770
2021-05-28,274000.0,"하락  3,000",280000.0,280500.0,273000.0,689307.0,SK이노베이션,096770
2021-05-31,265000.0,"하락  9,000",274000.0,274500.0,263000.0,1016832.0,SK이노베이션,096770
2021-06-01,264000.0,"하락  1,000",264000.0,268500.0,262000.0,563379.0,SK이노베이션,096770
2021-06-02,267000.0,"상승  3,000",265500.0,268500.0,263000.0,513622.0,SK이노베이션,096770
2021-06-03,272500.0,"상승  5,500",267000.0,273500.0,266500.0,548823.0,SK이노베이션,096770
2021-06-04,273500.0,"상승  1,000",270000.0,276500.0,269000.0,480480.0,SK이노베이션,096770
2021-06-07,274500.0,"상승  1,000",276000.0,277500.0,273000.0,389934.0,SK이노베이션,096770
2021-06-08,270000.0,"하락  4,500",274500.0,275000.0,269000.0,390498.0,SK이노베이션,096770
2021-06-09,274500.0,"상승  4,500",270000.0,279000.0,269000.0,750903.0,SK이노베이션,096770
2021-06-10,269500.0,"하락  5,000",275000.0,275000.0,267000.0,731448.0,SK이노베이션,096770
2021-06-11,274500.0,"상승  5,000",271000.0,278500.0,270500.0,902419.0,SK이노베이션,096770
2021-06-14,277500.0,"상승  3,000",275000.0,278000.0,272000.0,368117.0,SK이노베이션,096770
2021-06-15,288500.0,"상승  11,000",279500.0,290000.0,278000.0,1426106.0,SK이노베이션,096770
2021-06-16,286000.0,"하락  2,500",288500.0,291000.0,284500.0,656816.0,SK이노베이션,096770
2021-06-17,281500.0,"하락  4,500",284500.0,287500.0,281000.0,637267.0,SK이노베이션,096770
2021-06-18,277000.0,"하락  4,500",283000.0,283000.0,275500.0,790092.0,SK이노베이션,096770
2021-06-21,275500.0,"하락  1,500",273000.0,276500.0,271000.0,555227.0,SK이노베이션,096770
2021-06-22,276000.0,상승  500,278500.0,280000.0,275000.0,356983.0,SK이노베이션,096770
2021-06-23,284000.0,"상승  8,000",277000.0,285000.0,275000.0,1017888.0,SK이노베이션,096770
2021-06-24,293500.0,"상승  9,500",284500.0,302000.0,284000.0,2197069.0,SK이노베이션,096770
2021-06-25,290000.0,"하락  3,500",297000.0,297500.0,288500.0,729986.0,SK이노베이션,096770
2021-06-28,284000.0,"하락  6,000",289000.0,293000.0,284000.0,510724.0,SK이노베이션,096770
2021-06-29,282500.0,"하락  1,500",286500.0,287000.0,281000.0,504415.0,SK이노베이션,096770
2021-06-30,295500.0,"상승  13,000",283000.0,297500.0,283000.0,1309833.0,SK이노베이션,096770
2021-07-01,269500.0,"하락  26,000",296500.0,299000.0,268000.0,5447042.0,SK이노베이션,096770
2021-07-02,269500.0,보합0,266500.0,274500.0,264000.0,2054356.0,SK이노베이션,096770
2021-07-05,270500.0,"상승  1,000",270500.0,274000.0,269500.0,766756.0,SK이노베이션,096770
2021-07-06,277000.0,"상승  6,500",272000.0,277000.0,272000.0,916616.0,SK이노베이션,096770
2021-07-07,272500.0,"하락  4,500",275000.0,275500.0,271000.0,580951.0,SK이노베이션,096770
2021-07-08,269000.0,"하락  3,500",273500.0,275000.0,269000.0,685120.0,SK이노베이션,096770
2021-07-09,272000.0,"상승  3,000",267500.0,272500.0,264500.0,729517.0,SK이노베이션,096770
2021-07-12,272000.0,보합0,274000.0,274500.0,271000.0,411181.0,SK이노베이션,096770
2021-07-13,272500.0,상승  500,272500.0,273500.0,270500.0,495112.0,SK이노베이션,096770
2021-07-14,270500.0,"하락  2,000",272500.0,274500.0,270500.0,418627.0,SK이노베이션,096770
2021-07-15,267000.0,"하락  3,500",268000.0,269500.0,267000.0,569106.0,SK이노베이션,096770
2021-07-16,262500.0,"하락  4,500",265500.0,266000.0,261000.0,682837.0,SK이노베이션,096770
2021-07-19,258000.0,"하락  4,500",261000.0,262000.0,258000.0,477751.0,SK이노베이션,096770
2021-07-20,259000.0,"상승  1,000",253000.0,262000.0,252000.0,455078.0,SK이노베이션,096770
2021-07-21,259000.0,보합0,261500.0,266000.0,259000.0,412582.0,SK이노베이션,096770
2021-07-22,260500.0,"상승  1,500",260500.0,261500.0,257000.0,350437.0,SK이노베이션,096770
2021-07-23,263000.0,"상승  2,500",262000.0,265000.0,260500.0,268941.0,SK이노베이션,096770
2021-07-26,258000.0,"하락  5,000",264000.0,264000.0,258000.0,302391.0,SK이노베이션,096770
2021-07-27,259000.0,"상승  1,000",259000.0,265000.0,258500.0,428374.0,SK이노베이션,096770
2021-07-28,260500.0,"상승  1,500",259500.0,264000.0,258500.0,320133.0,SK이노베이션,096770
2021-07-29,258000.0,"하락  2,500",262000.0,262500.0,257000.0,368657.0,SK이노베이션,096770
2021-07-30,253000.0,"하락  5,000",258500.0,259000.0,253000.0,430150.0,SK이노베이션,096770
2021-08-02,256000.0,"상승  3,000",253000.0,256500.0,248000.0,382253.0,SK이노베이션,096770
2021-08-03,253000.0,"하락  3,000",256000.0,256500.0,252500.0,327193.0,SK이노베이션,096770
2021-08-04,243500.0,"하락  9,500",250000.0,250000.0,233000.0,1980463.0,SK이노베이션,096770
2021-08-05,238500.0,"하락  5,000",240000.0,245000.0,236000.0,1234716.0,SK이노베이션,096770
2021-08-06,240500.0,"상승  2,000",239500.0,244000.0,239000.0,586808.0,SK이노베이션,096770
2021-08-09,240500.0,보합0,243000.0,244500.0,236500.0,673303.0,SK이노베이션,096770
2021-08-10,242500.0,"상승  2,000",241000.0,244000.0,238000.0,475742.0,SK이노베이션,096770
2021-08-11,246500.0,"상승  4,000",243500.0,249500.0,242500.0,760035.0,SK이노베이션,096770
2021-08-12,242000.0,"하락  4,500",249000.0,249500.0,241000.0,718521.0,SK이노베이션,096770
2021-08-13,248500.0,"상승  6,500",244500.0,253500.0,244000.0,1089181.0,SK이노베이션,096770
2021-08-17,240000.0,"하락  8,500",250500.0,253500.0,239500.0,667126.0,SK이노베이션,096770
2021-08-18,240500.0,상승  500,240000.0,243000.0,235500.0,513505.0,SK이노베이션,096770
2021-08-19,230000.0,"하락  10,500",238500.0,240500.0,230000.0,632361.0,SK이노베이션,096770
2021-08-20,233000.0,"상승  3,000",231000.0,236500.0,225500.0,622372.0,SK이노베이션,096770
2021-08-23,238000.0,"상승  5,000",235500.0,242500.0,233000.0,594195.0,SK이노베이션,096770
2021-08-24,238000.0,보합0,242500.0,243000.0,233000.0,496803.0,SK이노베이션,096770
2021-08-25,243000.0,"상승  5,000",239000.0,245000.0,238000.0,379658.0,SK이노베이션,096770
2021-08-26,238500.0,"하락  4,500",243000.0,245000.0,238000.0,244249.0,SK이노베이션,096770
2021-08-27,239500.0,"상승  1,000",237000.0,241000.0,234000.0,259946.0,SK이노베이션,096770
2021-08-30,240500.0,"상승  1,000",242000.0,243000.0,238000.0,261434.0,SK이노베이션,096770
2021-08-31,249500.0,"상승  9,000",240500.0,249500.0,240000.0,797027.0,SK이노베이션,096770
2021-09-01,244500.0,"하락  5,000",249500.0,251000.0,243500.0,323014.0,SK이노베이션,096770
2021-09-02,247500.0,"상승  3,000",249000.0,250500.0,243500.0,449388.0,SK이노베이션,096770
2021-09-03,250000.0,"상승  2,500",249000.0,251000.0,247000.0,290460.0,SK이노베이션,096770
2021-09-06,250000.0,보합0,251000.0,253000.0,248500.0,211726.0,SK이노베이션,096770
2021-09-07,249500.0,하락  500,250500.0,251000.0,248000.0,220390.0,SK이노베이션,096770
2021-09-08,251500.0,"상승  2,000",247500.0,254000.0,245500.0,438452.0,SK이노베이션,096770
2021-09-09,247000.0,"하락  4,500",251000.0,254000.0,246500.0,520679.0,SK이노베이션,096770
2021-09-10,250000.0,"상승  3,000",248000.0,251000.0,244000.0,386934.0,SK이노베이션,096770
2021-09-13,249500.0,하락  500,250000.0,255500.0,247500.0,458279.0,SK이노베이션,096770
2021-09-14,256000.0,"상승  6,500",251000.0,257500.0,249000.0,551255.0,SK이노베이션,096770
2021-09-15,248000.0,"하락  8,000",258000.0,261500.0,244000.0,772010.0,SK이노베이션,096770
2021-09-16,237000.0,"하락  11,000",249000.0,251500.0,235500.0,913273.0,SK이노베이션,096770
2021-09-17,240000.0,"상승  3,000",234500.0,241000.0,232000.0,566348.0,SK이노베이션,096770
2021-09-23,245500.0,"상승  5,500",236500.0,246500.0,236000.0,452451.0,SK이노베이션,096770
2021-09-24,249000.0,"상승  3,500",247000.0,252000.0,243000.0,398514.0,SK이노베이션,096770
2021-09-27,251500.0,"상승  2,500",249500.0,253500.0,249000.0,366280.0,SK이노베이션,096770
2021-09-28,261000.0,"상승  9,500",257000.0,263000.0,252500.0,1163946.0,SK이노베이션,096770
2021-09-29,265500.0,"상승  4,500",259000.0,269500.0,255000.0,1258073.0,SK이노베이션,096770
2021-09-30,265000.0,하락  500,268500.0,269000.0,262500.0,577784.0,SK이노베이션,096770
2021-10-01,263500.0,"하락  1,500",263000.0,265000.0,257500.0,409424.0,SK이노베이션,096770
2021-10-05,265000.0,"상승  1,500",263500.0,270000.0,258500.0,602860.0,SK이노베이션,096770
2021-10-06,255500.0,"하락  9,500",266000.0,268000.0,255000.0,591578.0,SK이노베이션,096770
2021-10-07,252000.0,"하락  3,500",258500.0,259000.0,244000.0,537282.0,SK이노베이션,096770
2021-10-08,248000.0,"하락  4,000",254500.0,256500.0,246500.0,347827.0,SK이노베이션,096770
2021-10-12,256500.0,"상승  8,500",249500.0,258000.0,245500.0,499968.0,SK이노베이션,096770
2021-10-13,259000.0,"상승  2,500",255000.0,262500.0,255000.0,307247.0,SK이노베이션,096770
2021-10-14,263500.0,"상승  4,500",260000.0,264500.0,255500.0,498487.0,SK이노베이션,096770
2021-10-15,258500.0,"하락  5,000",263500.0,265500.0,257500.0,350013.0,SK이노베이션,096770
2021-10-18,259000.0,상승  500,259000.0,263500.0,256500.0,290437.0,SK이노베이션,096770
2021-10-19,256500.0,"하락  2,500",261000.0,261500.0,253000.0,287694.0,SK이노베이션,096770
2021-10-20,258000.0,"상승  1,500",259000.0,261000.0,257500.0,270085.0,SK이노베이션,096770
2021-10-21,257000.0,"하락  1,000",258000.0,260500.0,254000.0,264626.0,SK이노베이션,096770
2021-10-22,256500.0,하락  500,255500.0,258000.0,254000.0,229884.0,SK이노베이션,096770
2021-10-25,256500.0,보합0,254500.0,257000.0,248000.0,311942.0,SK이노베이션,096770
2021-10-26,257000.0,상승  500,259000.0,262500.0,255500.0,276205.0,SK이노베이션,096770
2021-10-27,251000.0,"하락  6,000",256000.0,256500.0,250500.0,213512.0,SK이노베이션,096770
2021-10-28,243500.0,"하락  7,500",250500.0,253000.0,243500.0,383513.0,SK이노베이션,096770
2021-10-29,242500.0,"하락  1,000",244000.0,249500.0,242000.0,422228.0,SK이노베이션,096770
2021-11-01,239500.0,"하락  3,000",242500.0,247000.0,238000.0,326810.0,SK이노베이션,096770
2021-11-02,248500.0,"상승  9,000",241000.0,253500.0,241000.0,425892.0,SK이노베이션,096770
2021-11-03,243500.0,"하락  5,000",249000.0,250000.0,243000.0,191162.0,SK이노베이션,096770
2021-11-04,239500.0,"하락  4,000",245500.0,248500.0,238000.0,328281.0,SK이노베이션,096770
2021-11-05,233500.0,"하락  6,000",242000.0,242000.0,232000.0,490713.0,SK이노베이션,096770
2021-11-08,234000.0,상승  500,235500.0,236000.0,230000.0,306833.0,SK이노베이션,096770
2021-11-09,232500.0,"하락  1,500",233500.0,236000.0,230000.0,294367.0,SK이노베이션,096770
2021-11-10,224500.0,"하락  8,000",230000.0,231000.0,224000.0,388706.0,SK이노베이션,096770
2021-11-11,222500.0,"하락  2,000",224500.0,230000.0,222000.0,339673.0,SK이노베이션,096770
2021-11-12,226500.0,"상승  4,000",226000.0,229000.0,222500.0,316530.0,SK이노베이션,096770
2021-11-15,228500.0,"상승  2,000",227500.0,230000.0,224500.0,214782.0,SK이노베이션,096770
2021-11-16,229000.0,상승  500,229000.0,232500.0,226500.0,229030.0,SK이노베이션,096770
2021-11-17,222500.0,"하락  6,500",231000.0,231000.0,222000.0,358565.0,SK이노베이션,096770
2021-11-18,218500.0,"하락  4,000",222500.0,222500.0,218000.0,292304.0,SK이노베이션,096770
2021-11-19,216500.0,"하락  2,000",218000.0,222000.0,216500.0,275230.0,SK이노베이션,096770
2021-11-22,219500.0,"상승  3,000",214500.0,219500.0,213500.0,287608.0,SK이노베이션,096770
2021-11-23,219500.0,보합0,217000.0,223500.0,216000.0,263065.0,SK이노베이션,096770
2021-11-24,219000.0,하락  500,219500.0,221500.0,218000.0,176828.0,SK이노베이션,096770
2021-11-25,220000.0,"상승  1,000",219000.0,225000.0,215500.0,259219.0,SK이노베이션,096770
2021-11-26,209000.0,"하락  11,000",220000.0,220000.0,208500.0,626830.0,SK이노베이션,096770
2021-11-29,204500.0,"하락  4,500",203000.0,207000.0,200000.0,544350.0,SK이노베이션,096770
2021-11-30,194500.0,"하락  10,000",205500.0,207500.0,194500.0,781594.0,SK이노베이션,096770
2021-12-01,198500.0,"상승  4,000",194500.0,202000.0,193000.0,491997.0,SK이노베이션,096770
2021-12-02,204000.0,"상승  5,500",195000.0,204500.0,194500.0,340633.0,SK이노베이션,096770
2021-12-03,204500.0,상승  500,206500.0,208000.0,201500.0,221065.0,SK이노베이션,096770
2021-12-06,204500.0,보합0,204500.0,206000.0,199500.0,236945.0,SK이노베이션,096770
2021-12-07,203000.0,"하락  1,500",205000.0,206500.0,200500.0,282232.0,SK이노베이션,096770
2021-12-08,207500.0,"상승  4,500",206000.0,212500.0,205000.0,543041.0,SK이노베이션,096770
2021-12-09,208000.0,상승  500,208500.0,212500.0,206000.0,414343.0,SK이노베이션,096770
2021-12-10,217500.0,"상승  9,500",208500.0,220000.0,207000.0,713368.0,SK이노베이션,096770
2021-12-13,216500.0,"하락  1,000",218500.0,221500.0,215500.0,347233.0,SK이노베이션,096770
2021-12-14,211500.0,"하락  5,000",214500.0,217500.0,211500.0,252365.0,SK이노베이션,096770
2021-12-15,210000.0,"하락  1,500",212500.0,213500.0,208500.0,202406.0,SK이노베이션,096770
2021-12-16,227500.0,"상승  17,500",212000.0,231000.0,212000.0,1266904.0,SK이노베이션,096770
2021-12-17,230000.0,"상승  2,500",226500.0,235500.0,224500.0,718145.0,SK이노베이션,096770
2021-12-20,218000.0,"하락  12,000",226500.0,230000.0,218000.0,522510.0,SK이노베이션,096770
2021-12-21,215500.0,"하락  2,500",219500.0,220000.0,214000.0,343335.0,SK이노베이션,096770
2021-12-22,212500.0,"하락  3,000",216500.0,218000.0,211500.0,255069.0,SK이노베이션,096770
2021-12-23,216500.0,"상승  4,000",215500.0,219000.0,214500.0,245639.0,SK이노베이션,096770
2021-12-24,223500.0,"상승  7,000",218000.0,228000.0,217000.0,386983.0,SK이노베이션,096770
2021-12-27,224000.0,상승  500,223500.0,231000.0,221500.0,319176.0,SK이노베이션,096770
2021-12-28,226000.0,"상승  2,000",224000.0,228500.0,223500.0,434368.0,SK이노베이션,096770
2021-12-29,239000.0,"상승  13,000",227000.0,240000.0,223000.0,681002.0,SK이노베이션,096770
2021-12-30,238500.0,하락  500,239000.0,246000.0,233500.0,647228.0,SK이노베이션,096770
2022-01-03,248000.0,"상승  9,500",242000.0,252500.0,242000.0,594039.0,SK이노베이션,096770
2022-01-04,253500.0,"상승  5,500",248500.0,255000.0,247500.0,734846.0,SK이노베이션,096770
2022-01-05,251000.0,"하락  2,500",250500.0,259000.0,250500.0,568026.0,SK이노베이션,096770
2022-01-06,247500.0,"하락  3,500",244500.0,254500.0,244000.0,534275.0,SK이노베이션,096770
2022-01-07,247000.0,하락  500,250000.0,253000.0,244500.0,440815.0,SK이노베이션,096770
2022-01-10,246000.0,"하락  1,000",248500.0,252500.0,244000.0,270450.0,SK이노베이션,096770
2022-01-11,241500.0,"하락  4,500",246500.0,248000.0,236000.0,453993.0,SK이노베이션,096770
2022-01-12,264500.0,"상승  23,000",247500.0,265000.0,247000.0,1366162.0,SK이노베이션,096770
2022-01-13,266500.0,"상승  2,000",268500.0,272500.0,265500.0,1036408.0,SK이노베이션,096770
2022-01-14,263500.0,"하락  3,000",261500.0,268000.0,260000.0,551059.0,SK이노베이션,096770
2022-01-17,265000.0,"상승  1,500",264000.0,270000.0,261500.0,465947.0,SK이노베이션,096770
2022-01-18,272000.0,"상승  7,000",265500.0,278500.0,263500.0,1070047.0,SK이노베이션,096770
2022-01-19,261500.0,"하락  10,500",273000.0,278000.0,258000.0,1051785.0,SK이노베이션,096770
2022-01-20,265500.0,"상승  4,000",263500.0,271000.0,259000.0,847837.0,SK이노베이션,096770
2022-01-21,252000.0,"하락  13,500",261500.0,263000.0,246500.0,1052366.0,SK이노베이션,096770
2022-01-24,247500.0,"하락  4,500",246500.0,251500.0,243000.0,530746.0,SK이노베이션,096770
2022-01-25,234500.0,"하락  13,000",246500.0,247500.0,232000.0,711240.0,SK이노베이션,096770
2022-01-26,232000.0,"하락  2,500",237500.0,241000.0,231000.0,484484.0,SK이노베이션,096770
2022-01-27,215500.0,"하락  16,500",233000.0,235000.0,213500.0,1298598.0,SK이노베이션,096770
2022-01-28,216000.0,상승  500,212500.0,221000.0,199500.0,1507157.0,SK이노베이션,096770
2022-02-03,218500.0,"상승  2,500",223000.0,224500.0,217000.0,663512.0,SK이노베이션,096770
2022-02-04,228000.0,"상승  9,500",218500.0,229500.0,218000.0,603614.0,SK이노베이션,096770
2022-02-07,226500.0,"하락  1,500",232000.0,232000.0,224500.0,503687.0,SK이노베이션,096770
2022-02-08,213500.0,"하락  13,000",227500.0,227500.0,212000.0,1086197.0,SK이노베이션,096770
2022-02-09,215500.0,"상승  2,000",215500.0,216500.0,212000.0,406094.0,SK이노베이션,096770
2022-02-10,209500.0,"하락  6,000",216500.0,219000.0,209500.0,620939.0,SK이노베이션,096770
2022-02-11,207000.0,"하락  2,500",205000.0,211000.0,205000.0,411624.0,SK이노베이션,096770
2022-02-14,204500.0,"하락  2,500",203000.0,207000.0,200500.0,442448.0,SK이노베이션,096770
2022-02-15,200500.0,"하락  4,000",204500.0,206500.0,200000.0,336473.0,SK이노베이션,096770
2022-02-16,203500.0,"상승  3,000",206000.0,209000.0,203000.0,386461.0,SK이노베이션,096770
2022-02-17,211500.0,"상승  8,000",205000.0,215500.0,204500.0,718513.0,SK이노베이션,096770
2022-02-18,210500.0,"하락  1,000",208500.0,214000.0,208000.0,264975.0,SK이노베이션,096770
2022-02-21,208500.0,"하락  2,000",206000.0,209000.0,203000.0,249090.0,SK이노베이션,096770
2022-02-22,201000.0,"하락  7,500",203500.0,207000.0,200500.0,405623.0,SK이노베이션,096770
2022-02-23,201500.0,상승  500,202500.0,203500.0,200500.0,300421.0,SK이노베이션,096770
2022-02-24,195500.0,"하락  6,000",199000.0,202500.0,192500.0,627644.0,SK이노베이션,096770
2022-02-25,201000.0,"상승  5,500",199500.0,202000.0,196000.0,357869.0,SK이노베이션,096770
2022-02-28,200500.0,하락  500,201000.0,204500.0,199000.0,436808.0,SK이노베이션,096770
2022-03-02,207500.0,"상승  7,000",203500.0,209000.0,202500.0,444106.0,SK이노베이션,096770
2022-03-03,212500.0,"상승  5,000",218000.0,221500.0,211500.0,443329.0,SK이노베이션,096770
2022-03-04,212000.0,하락  500,213000.0,214500.0,208500.0,310994.0,SK이노베이션,096770
2022-03-07,205500.0,"하락  6,500",215000.0,218500.0,203000.0,525854.0,SK이노베이션,096770
2022-03-08,202500.0,"하락  3,000",202000.0,209000.0,200000.0,389824.0,SK이노베이션,096770
2022-03-10,203000.0,상승  500,208500.0,208500.0,201500.0,414794.0,SK이노베이션,096770
2022-03-11,197000.0,"하락  6,000",203500.0,204500.0,196500.0,454981.0,SK이노베이션,096770
2022-03-14,195500.0,"하락  1,500",197500.0,201000.0,195000.0,452386.0,SK이노베이션,096770
2022-03-15,191500.0,"하락  4,000",195500.0,196500.0,188500.0,315935.0,SK이노베이션,096770
2022-03-16,199000.0,"상승  7,500",194000.0,200000.0,191500.0,330467.0,SK이노베이션,096770
2022-03-17,201000.0,"상승  2,000",204500.0,205500.0,201000.0,309361.0,SK이노베이션,096770
2022-03-18,199500.0,"하락  1,500",202500.0,203500.0,197500.0,330697.0,SK이노베이션,096770
2022-03-21,205500.0,"상승  6,000",202500.0,209000.0,201000.0,424840.0,SK이노베이션,096770
2022-03-22,212500.0,"상승  7,000",207000.0,213000.0,206000.0,440031.0,SK이노베이션,096770
2022-03-23,210500.0,"하락  2,000",217000.0,217500.0,208000.0,404608.0,SK이노베이션,096770
2022-03-24,211500.0,"상승  1,000",210500.0,213000.0,207000.0,298288.0,SK이노베이션,096770
2022-03-25,206000.0,"하락  5,500",214000.0,214000.0,204000.0,504773.0,SK이노베이션,096770
2022-03-28,210000.0,"상승  4,000",206500.0,211500.0,204500.0,312528.0,SK이노베이션,096770
2022-03-29,209500.0,하락  500,211000.0,212500.0,208000.0,267851.0,SK이노베이션,096770
2022-03-30,211500.0,"상승  2,000",212000.0,214500.0,210000.0,254804.0,SK이노베이션,096770
2022-03-31,215000.0,"상승  3,500",211000.0,217500.0,211000.0,607151.0,SK이노베이션,096770
2022-04-01,215000.0,보합0,213500.0,217000.0,211500.0,299504.0,SK이노베이션,096770
2022-04-04,217000.0,"상승  2,000",212500.0,217000.0,209000.0,292997.0,SK이노베이션,096770
2022-04-05,215500.0,"하락  1,500",218500.0,218500.0,214000.0,258704.0,SK이노베이션,096770
2022-04-06,210000.0,"하락  5,500",213000.0,213000.0,208000.0,351099.0,SK이노베이션,096770
2022-04-07,201500.0,"하락  8,500",204500.0,206500.0,201000.0,425181.0,SK이노베이션,096770
2022-04-08,206500.0,"상승  5,000",202000.0,206500.0,201000.0,296912.0,SK이노베이션,096770
2022-04-11,206500.0,보합0,204000.0,210500.0,203500.0,260709.0,SK이노베이션,096770
2022-04-12,200500.0,"하락  6,000",204500.0,205500.0,200000.0,282112.0,SK이노베이션,096770
2022-04-13,206000.0,"상승  5,500",202500.0,206000.0,199500.0,311310.0,SK이노베이션,096770
2022-04-14,209000.0,"상승  3,000",207000.0,209000.0,205500.0,385685.0,SK이노베이션,096770
2022-04-15,207500.0,"하락  1,500",206500.0,210000.0,205500.0,215091.0,SK이노베이션,096770
2022-04-18,216000.0,"상승  8,500",207500.0,217000.0,206000.0,559264.0,SK이노베이션,096770
2022-04-19,220000.0,"상승  4,000",217500.0,220000.0,216500.0,343143.0,SK이노베이션,096770
2022-04-20,218000.0,"하락  2,000",219000.0,220000.0,216000.0,270543.0,SK이노베이션,096770
2022-04-21,219000.0,"상승  1,000",219500.0,219500.0,216000.0,239624.0,SK이노베이션,096770
2022-04-22,218000.0,"하락  1,000",215500.0,219000.0,213000.0,255627.0,SK이노베이션,096770
2022-04-25,212500.0,"하락  5,500",213000.0,217500.0,211500.0,335721.0,SK이노베이션,096770
2022-04-26,215000.0,"상승  2,500",214500.0,217500.0,213000.0,265860.0,SK이노베이션,096770
2022-04-27,214000.0,"하락  1,000",207000.0,214500.0,206500.0,309845.0,SK이노베이션,096770
2022-04-28,215500.0,"상승  1,500",216000.0,216500.0,212000.0,248270.0,SK이노베이션,096770
2022-04-29,205000.0,"하락  10,500",218000.0,225000.0,204500.0,1376178.0,SK이노베이션,096770
2022-05-02,203500.0,"하락  1,500",202000.0,205000.0,201000.0,403299.0,SK이노베이션,096770
2022-05-03,202500.0,"하락  1,000",205000.0,205500.0,202000.0,305612.0,SK이노베이션,096770
2022-05-04,202500.0,보합0,203500.0,204500.0,202000.0,140568.0,SK이노베이션,096770
2022-05-06,202500.0,보합0,200500.0,203500.0,198500.0,346032.0,SK이노베이션,096770
2022-05-09,204500.0,"상승  2,000",201500.0,206000.0,201500.0,304599.0,SK이노베이션,096770
2022-05-10,201000.0,"하락  3,500",201500.0,202000.0,199000.0,298443.0,SK이노베이션,096770
2022-05-11,200000.0,"하락  1,000",200000.0,202000.0,199500.0,186836.0,SK이노베이션,096770
2022-05-12,197000.0,"하락  3,000",199000.0,202000.0,196000.0,281501.0,SK이노베이션,096770
2022-05-13,206500.0,"상승  9,500",197500.0,206500.0,197000.0,358761.0,SK이노베이션,096770
2022-05-16,205000.0,"하락  1,500",208000.0,208500.0,204000.0,166154.0,SK이노베이션,096770
2022-05-17,208000.0,"상승  3,000",205000.0,208000.0,204500.0,201124.0,SK이노베이션,096770
2022-05-18,208000.0,보합0,210000.0,211500.0,207500.0,206612.0,SK이노베이션,096770
2022-05-19,204000.0,"하락  4,000",202500.0,206500.0,202000.0,211057.0,SK이노베이션,096770
2022-05-20,211000.0,"상승  7,000",208000.0,212000.0,205500.0,362452.0,SK이노베이션,096770
2022-05-23,209000.0,"하락  2,000",212500.0,212500.0,207000.0,219581.0,SK이노베이션,096770
2022-05-24,202500.0,"하락  6,500",208500.0,209000.0,202000.0,186103.0,SK이노베이션,096770
2022-05-25,205000.0,"상승  2,500",205000.0,207500.0,204000.0,164766.0,SK이노베이션,096770
2022-05-26,207000.0,"상승  2,000",204500.0,208000.0,204500.0,134769.0,SK이노베이션,096770
2022-05-27,211000.0,"상승  4,000",209000.0,212000.0,207000.0,262728.0,SK이노베이션,096770
2022-05-30,210000.0,"하락  1,000",212000.0,212500.0,208500.0,168097.0,SK이노베이션,096770
2022-05-31,215500.0,"상승  5,500",211000.0,216500.0,209500.0,732337.0,SK이노베이션,096770
2022-06-02,215500.0,보합0,215500.0,217500.0,214000.0,232250.0,SK이노베이션,096770
2022-06-03,225500.0,"상승  10,000",219000.0,226000.0,218000.0,598041.0,SK이노베이션,096770
2022-06-07,236500.0,"상승  11,000",230000.0,236500.0,229500.0,969107.0,SK이노베이션,096770
2022-06-08,240000.0,"상승  3,500",239500.0,243000.0,235000.0,737021.0,SK이노베이션,096770
2022-06-09,244000.0,"상승  4,000",240000.0,246000.0,238000.0,587982.0,SK이노베이션,096770
2022-06-10,244000.0,보합0,242000.0,245000.0,241000.0,342030.0,SK이노베이션,096770
2022-06-13,237500.0,"하락  6,500",240000.0,243000.0,236500.0,485976.0,SK이노베이션,096770
2022-06-14,231000.0,"하락  6,500",235000.0,235000.0,228500.0,491072.0,SK이노베이션,096770
2022-06-15,223000.0,"하락  8,000",232500.0,233500.0,221500.0,405437.0,SK이노베이션,096770
2022-06-16,214500.0,"하락  8,500",225000.0,225500.0,214000.0,570600.0,SK이노베이션,096770
2022-06-17,225500.0,"상승  11,000",210000.0,230500.0,208500.0,1010560.0,SK이노베이션,096770
2022-06-20,220500.0,"하락  5,000",223000.0,228500.0,216000.0,386844.0,SK이노베이션,096770
2022-06-21,220000.0,하락  500,223500.0,231500.0,218500.0,380705.0,SK이노베이션,096770
2022-06-22,208500.0,"하락  11,500",224000.0,224000.0,207500.0,433091.0,SK이노베이션,096770
2022-06-23,199000.0,"하락  9,500",208000.0,210500.0,199000.0,431366.0,SK이노베이션,096770
2022-06-24,198000.0,"하락  1,000",201500.0,202000.0,196000.0,515554.0,SK이노베이션,096770
2022-06-27,198500.0,상승  500,201000.0,201000.0,196000.0,576232.0,SK이노베이션,096770
2022-06-28,201500.0,"상승  3,000",201500.0,207500.0,200500.0,525146.0,SK이노베이션,096770
2022-06-29,200000.0,"하락  1,500",201500.0,206000.0,200000.0,347701.0,SK이노베이션,096770
2022-06-30,192000.0,"하락  8,000",201000.0,201000.0,192000.0,622483.0,SK이노베이션,096770
2022-07-01,177500.0,"하락  14,500",191500.0,193500.0,176500.0,859927.0,SK이노베이션,096770
2022-07-04,177500.0,보합0,179000.0,179500.0,171000.0,488461.0,SK이노베이션,096770
2022-07-05,180500.0,"상승  3,000",179000.0,182500.0,176000.0,453030.0,SK이노베이션,096770
2022-07-06,171000.0,"하락  9,500",177500.0,177500.0,170000.0,527126.0,SK이노베이션,096770
2022-07-07,171500.0,상승  500,172000.0,174500.0,170000.0,366763.0,SK이노베이션,096770
2022-07-08,171500.0,보합0,175500.0,178000.0,171500.0,441380.0,SK이노베이션,096770
2022-07-11,168500.0,"하락  3,000",172500.0,173500.0,167500.0,350599.0,SK이노베이션,096770
2022-07-12,165000.0,"하락  3,500",167500.0,170000.0,164000.0,343170.0,SK이노베이션,096770
2022-07-13,166500.0,"상승  1,500",162500.0,166500.0,158500.0,515483.0,SK이노베이션,096770
2022-07-14,172500.0,"상승  6,000",164500.0,174500.0,164500.0,573528.0,SK이노베이션,096770
2022-07-15,170500.0,"하락  2,000",172500.0,174000.0,166500.0,329142.0,SK이노베이션,096770
2022-07-18,173000.0,"상승  2,500",173500.0,174000.0,170000.0,245629.0,SK이노베이션,096770
2022-07-19,177000.0,"상승  4,000",174000.0,178000.0,173000.0,371392.0,SK이노베이션,096770
2022-07-20,178500.0,"상승  1,500",179500.0,180000.0,176500.0,256533.0,SK이노베이션,096770
2022-07-21,183000.0,"상승  4,500",178000.0,183500.0,176500.0,343756.0,SK이노베이션,096770
2022-07-22,178500.0,"하락  4,500",182000.0,182500.0,177000.0,291742.0,SK이노베이션,096770
2022-07-25,179500.0,"상승  1,000",176000.0,180500.0,176000.0,228308.0,SK이노베이션,096770
2022-07-26,183500.0,"상승  4,000",180000.0,186000.0,178000.0,368414.0,SK이노베이션,096770
2022-07-27,182500.0,"하락  1,000",184000.0,184500.0,180000.0,179267.0,SK이노베이션,096770
2022-07-28,182000.0,하락  500,185000.0,187500.0,178500.0,326105.0,SK이노베이션,096770
2022-07-29,187500.0,"상승  5,500",183000.0,191000.0,182500.0,688623.0,SK이노베이션,096770
2022-08-01,186000.0,"하락  1,500",188500.0,190500.0,185500.0,265180.0,SK이노베이션,096770
2022-08-02,180000.0,"하락  6,000",186000.0,186500.0,179500.0,356824.0,SK이노베이션,096770
2022-08-03,185000.0,"상승  5,000",180500.0,185000.0,180000.0,267513.0,SK이노베이션,096770
2022-08-04,184500.0,하락  500,185500.0,188000.0,184000.0,314927.0,SK이노베이션,096770
2022-08-05,185500.0,"상승  1,000",185000.0,186500.0,183500.0,259742.0,SK이노베이션,096770
2022-08-08,195500.0,"상승  10,000",186500.0,196000.0,185500.0,651798.0,SK이노베이션,096770
2022-08-09,195000.0,하락  500,196000.0,198500.0,193500.0,425781.0,SK이노베이션,096770
2022-08-10,191000.0,"하락  4,000",195000.0,196000.0,190500.0,237732.0,SK이노베이션,096770
2022-08-11,198500.0,"상승  7,500",195000.0,199500.0,193500.0,378531.0,SK이노베이션,096770
2022-08-12,199500.0,"상승  1,000",198500.0,204500.0,196000.0,340241.0,SK이노베이션,096770
2022-08-16,203500.0,"상승  4,000",200500.0,211500.0,198000.0,614263.0,SK이노베이션,096770
2022-08-17,210000.0,"상승  6,500",205500.0,213500.0,205500.0,598748.0,SK이노베이션,096770
2022-08-18,210500.0,상승  500,209000.0,212000.0,205500.0,306740.0,SK이노베이션,096770
2022-08-19,204500.0,"하락  6,000",211000.0,211000.0,201500.0,353488.0,SK이노베이션,096770
2022-08-22,205000.0,상승  500,200500.0,208000.0,200500.0,297568.0,SK이노베이션,096770
2022-08-23,202500.0,"하락  2,500",203500.0,206000.0,201500.0,239679.0,SK이노베이션,096770
2022-08-24,205000.0,"상승  2,500",205000.0,213500.0,204500.0,417879.0,SK이노베이션,096770
2022-08-25,205000.0,보합0,208000.0,210500.0,203000.0,252718.0,SK이노베이션,096770
2022-08-26,203500.0,"하락  1,500",205500.0,206000.0,201500.0,278029.0,SK이노베이션,096770
2022-08-29,196500.0,"하락  7,000",196500.0,199500.0,195500.0,345049.0,SK이노베이션,096770
2022-08-30,196500.0,보합0,198500.0,200500.0,193000.0,271210.0,SK이노베이션,096770
2022-08-31,190000.0,"하락  6,500",194000.0,194500.0,186500.0,708282.0,SK이노베이션,096770
2022-09-01,178500.0,"하락  11,500",187000.0,187500.0,178500.0,972314.0,SK이노베이션,096770
2022-09-02,181500.0,"상승  3,000",180000.0,183000.0,177500.0,429227.0,SK이노베이션,096770
2022-09-05,186000.0,"상승  4,500",180500.0,188000.0,180500.0,432786.0,SK이노베이션,096770
2022-09-06,187500.0,"상승  1,500",189500.0,193000.0,186000.0,304908.0,SK이노베이션,096770
2022-09-07,184500.0,"하락  3,000",186500.0,188500.0,182500.0,239954.0,SK이노베이션,096770
2022-09-08,189500.0,"상승  5,000",183500.0,189500.0,179000.0,463883.0,SK이노베이션,096770
2022-09-13,192500.0,"상승  3,000",194000.0,194000.0,189500.0,368711.0,SK이노베이션,096770
2022-09-14,189000.0,"하락  3,500",185500.0,191000.0,184500.0,310263.0,SK이노베이션,096770
2022-09-15,185000.0,"하락  4,000",190000.0,190500.0,185000.0,207226.0,SK이노베이션,096770
2022-09-16,177500.0,"하락  7,500",182500.0,182500.0,176000.0,407955.0,SK이노베이션,096770
2022-09-19,176500.0,"하락  1,000",178500.0,180500.0,176000.0,200992.0,SK이노베이션,096770
2022-09-20,179000.0,"상승  2,500",179000.0,184500.0,178000.0,269020.0,SK이노베이션,096770
2022-09-21,178500.0,하락  500,178000.0,181000.0,176000.0,265986.0,SK이노베이션,096770
2022-09-22,175500.0,"하락  3,000",175500.0,176000.0,171000.0,345323.0,SK이노베이션,096770
2022-09-23,164500.0,"하락  11,000",175500.0,175500.0,163500.0,557158.0,SK이노베이션,096770
2022-09-26,158500.0,"하락  6,000",160500.0,163000.0,157000.0,438835.0,SK이노베이션,096770
2022-09-27,151000.0,"하락  7,500",158000.0,158500.0,148500.0,658501.0,SK이노베이션,096770
2022-09-28,148500.0,"하락  2,500",151000.0,151500.0,146500.0,397860.0,SK이노베이션,096770
2022-09-29,146000.0,"하락  2,500",151500.0,154000.0,145500.0,430756.0,SK이노베이션,096770
2022-09-30,143500.0,"하락  2,500",145000.0,147500.0,142500.0,325292.0,SK이노베이션,096770
2022-10-04,154000.0,"상승  10,500",148000.0,155000.0,147500.0,377165.0,SK이노베이션,096770
2022-10-05,156500.0,"상승  2,500",159500.0,161000.0,154500.0,438867.0,SK이노베이션,096770
2022-10-06,153000.0,"하락  3,500",158500.0,160000.0,151000.0,472183.0,SK이노베이션,096770
2022-10-07,158500.0,"상승  5,500",152000.0,159500.0,151000.0,509074.0,SK이노베이션,096770
2022-10-11,156000.0,"하락  2,500",153500.0,159000.0,153000.0,529956.0,SK이노베이션,096770
2022-10-12,157500.0,"상승  1,500",154500.0,157500.0,150000.0,294699.0,SK이노베이션,096770
2022-10-13,151500.0,"하락  6,000",155000.0,156000.0,151000.0,360953.0,SK이노베이션,096770
2022-10-14,157000.0,"상승  5,500",154500.0,160000.0,154000.0,406946.0,SK이노베이션,096770
2022-10-17,156500.0,하락  500,153500.0,157000.0,151500.0,212221.0,SK이노베이션,096770
2022-10-18,156500.0,보합0,159000.0,159500.0,155000.0,252063.0,SK이노베이션,096770
2022-10-19,163500.0,"상승  7,000",157500.0,166500.0,156000.0,533522.0,SK이노베이션,096770
2022-10-20,155000.0,"하락  8,500",162000.0,162000.0,153000.0,573236.0,SK이노베이션,096770
2022-10-21,156000.0,"상승  1,000",155500.0,158000.0,155000.0,222161.0,SK이노베이션,096770
2022-10-24,155000.0,"하락  1,000",158500.0,160500.0,154500.0,261181.0,SK이노베이션,096770
2022-10-25,154000.0,"하락  1,000",155000.0,157500.0,153000.0,253421.0,SK이노베이션,096770
2022-10-26,154000.0,보합0,154000.0,157500.0,153500.0,281475.0,SK이노베이션,096770
2022-10-27,170000.0,"상승  16,000",156500.0,170000.0,156000.0,1001152.0,SK이노베이션,096770
2022-10-28,168500.0,"하락  1,500",168000.0,173000.0,168000.0,524517.0,SK이노베이션,096770
2022-10-31,173000.0,"상승  4,500",172000.0,176000.0,169000.0,606823.0,SK이노베이션,096770
2022-11-01,182500.0,"상승  9,500",174500.0,186000.0,174000.0,1236728.0,SK이노베이션,096770
2022-11-02,183500.0,"상승  1,000",180500.0,193000.0,180000.0,1110932.0,SK이노베이션,096770
2022-11-03,189500.0,"상승  6,000",179000.0,192000.0,177000.0,1087183.0,SK이노베이션,096770
2022-11-04,177500.0,"하락  12,000",189500.0,189500.0,176000.0,963735.0,SK이노베이션,096770
2022-11-07,181500.0,"상승  4,000",180000.0,184500.0,179000.0,546594.0,SK이노베이션,096770
2022-11-08,185000.0,"상승  3,500",184000.0,189000.0,181500.0,569773.0,SK이노베이션,096770
2022-11-09,183000.0,"하락  2,000",187000.0,188500.0,182000.0,348026.0,SK이노베이션,096770
2022-11-10,181000.0,"하락  2,000",179500.0,185000.0,178000.0,281118.0,SK이노베이션,096770
2022-11-11,182500.0,"상승  1,500",186500.0,187500.0,181000.0,559995.0,SK이노베이션,096770
2022-11-14,180000.0,"하락  2,500",182500.0,183000.0,177500.0,512502.0,SK이노베이션,096770
2022-11-15,178000.0,"하락  2,000",179000.0,180500.0,176500.0,368340.0,SK이노베이션,096770
2022-11-16,177500.0,하락  500,179000.0,180000.0,174000.0,336918.0,SK이노베이션,096770
2022-11-17,171000.0,"하락  6,500",177000.0,179500.0,171000.0,402366.0,SK이노베이션,096770
2022-11-18,172500.0,"상승  1,500",171000.0,176000.0,169500.0,298811.0,SK이노베이션,096770
2022-11-21,170500.0,"하락  2,000",173000.0,173500.0,166000.0,356522.0,SK이노베이션,096770
2022-11-22,167500.0,"하락  3,000",170000.0,170500.0,166500.0,196633.0,SK이노베이션,096770
2022-11-23,168500.0,"상승  1,000",169500.0,170500.0,166500.0,274942.0,SK이노베이션,096770
2022-11-24,169000.0,상승  500,168500.0,170000.0,166500.0,291869.0,SK이노베이션,096770
2022-11-25,175500.0,"상승  6,500",170000.0,179500.0,168000.0,777422.0,SK이노베이션,096770
2022-11-28,174500.0,"하락  1,000",177000.0,179500.0,172500.0,470042.0,SK이노베이션,096770
2022-11-29,175000.0,상승  500,174500.0,176500.0,170500.0,287065.0,SK이노베이션,096770
2022-11-30,179000.0,"상승  4,000",175500.0,179000.0,171500.0,488368.0,SK이노베이션,096770
2022-12-01,177500.0,"하락  1,500",182500.0,182500.0,176000.0,455208.0,SK이노베이션,096770
2022-12-02,174000.0,"하락  3,500",176000.0,176500.0,172000.0,287067.0,SK이노베이션,096770
2022-12-05,171500.0,"하락  2,500",174000.0,175000.0,170500.0,238615.0,SK이노베이션,096770
2022-12-06,170500.0,"하락  1,000",169000.0,171500.0,167000.0,278358.0,SK이노베이션,096770
2022-12-07,164500.0,"하락  6,000",169000.0,171000.0,164000.0,354142.0,SK이노베이션,096770
2022-12-08,163500.0,"하락  1,000",162500.0,168000.0,162500.0,340568.0,SK이노베이션,096770
2022-12-09,168500.0,"상승  5,000",164000.0,170000.0,163000.0,415979.0,SK이노베이션,096770
2022-12-12,168000.0,하락  500,166000.0,170500.0,166000.0,251097.0,SK이노베이션,096770
2022-12-13,169500.0,"상승  1,500",169500.0,170500.0,164500.0,234305.0,SK이노베이션,096770
2022-12-14,170000.0,상승  500,169500.0,171500.0,168500.0,150084.0,SK이노베이션,096770
2022-12-15,167500.0,"하락  2,500",170000.0,172000.0,167000.0,190588.0,SK이노베이션,096770
2022-12-16,169500.0,"상승  2,000",164500.0,169500.0,163500.0,225333.0,SK이노베이션,096770
2022-12-19,168000.0,"하락  1,500",167500.0,168000.0,165500.0,133986.0,SK이노베이션,096770
2022-12-20,165000.0,"하락  3,000",166500.0,167000.0,164500.0,157886.0,SK이노베이션,096770
2022-12-21,165500.0,상승  500,166500.0,166500.0,164500.0,131071.0,SK이노베이션,096770
2022-12-22,167500.0,"상승  2,000",165500.0,169000.0,164000.0,242931.0,SK이노베이션,096770
2022-12-23,161500.0,"하락  6,000",165000.0,167000.0,161000.0,213516.0,SK이노베이션,096770
2022-12-26,161000.0,하락  500,162000.0,162500.0,160500.0,160908.0,SK이노베이션,096770
2022-12-27,161000.0,보합0,161000.0,162500.0,160000.0,193762.0,SK이노베이션,096770
2022-12-28,156500.0,"하락  4,500",160500.0,161000.0,154000.0,317332.0,SK이노베이션,096770
2022-12-29,154000.0,"하락  2,500",155000.0,156500.0,153000.0,201938.0,SK이노베이션,096770
2023-01-02,155000.0,"상승  1,000",155500.0,159500.0,155000.0,182271.0,SK이노베이션,096770
2023-01-03,150500.0,"하락  4,500",154500.0,156000.0,147500.0,347189.0,SK이노베이션,096770
2023-01-04,149500.0,"하락  1,000",147500.0,151000.0,144000.0,282072.0,SK이노베이션,096770
2023-01-05,148000.0,"하락  1,500",150000.0,151500.0,147500.0,250701.0,SK이노베이션,096770
2023-01-06,150500.0,"상승  2,500",146000.0,151500.0,146000.0,191323.0,SK이노베이션,096770
2023-01-09,152500.0,"상승  2,000",153000.0,153500.0,150500.0,289855.0,SK이노베이션,096770
2023-01-10,148500.0,"하락  4,000",152500.0,153500.0,148000.0,540279.0,SK이노베이션,096770
2023-01-11,153500.0,"상승  5,000",149500.0,153500.0,149500.0,409807.0,SK이노베이션,096770
2023-01-12,157000.0,"상승  3,500",155500.0,158000.0,154000.0,365498.0,SK이노베이션,096770
2023-01-13,160000.0,"상승  3,000",157500.0,162500.0,157500.0,323944.0,SK이노베이션,096770
2023-01-16,157500.0,"하락  2,500",160500.0,161000.0,156500.0,365433.0,SK이노베이션,096770
2023-01-17,155500.0,"하락  2,000",157500.0,158000.0,153500.0,248866.0,SK이노베이션,096770
2023-01-18,154000.0,"하락  1,500",156500.0,156500.0,153000.0,269257.0,SK이노베이션,096770
2023-01-19,154500.0,상승  500,152000.0,155500.0,152000.0,185617.0,SK이노베이션,096770
2023-01-20,156500.0,"상승  2,000",153500.0,156500.0,153500.0,165285.0,SK이노베이션,096770
2023-01-25,161500.0,"상승  5,000",159000.0,162800.0,158500.0,401829.0,SK이노베이션,096770
2023-01-26,164400.0,"상승  2,900",161700.0,164500.0,158500.0,397038.0,SK이노베이션,096770
2023-01-27,169500.0,"상승  5,100",165500.0,170500.0,164800.0,511543.0,SK이노베이션,096770
2023-01-30,163800.0,"하락  5,700",169100.0,169200.0,163300.0,339100.0,SK이노베이션,096770
2023-01-31,162100.0,"하락  1,700",163800.0,166300.0,161500.0,370843.0,SK이노베이션,096770
2023-02-01,170600.0,"상승  8,500",162300.0,171700.0,161100.0,660414.0,SK이노베이션,096770
2023-02-02,173000.0,"상승  2,400",172000.0,176000.0,171900.0,633688.0,SK이노베이션,096770
2023-02-03,172000.0,"하락  1,000",171500.0,173000.0,168400.0,423488.0,SK이노베이션,096770
2023-02-06,170900.0,"하락  1,100",170300.0,174400.0,168500.0,397218.0,SK이노베이션,096770
2023-02-07,162600.0,"하락  8,300",171200.0,175000.0,162600.0,1554857.0,SK이노베이션,096770
2023-02-08,165100.0,"상승  2,500",163000.0,165700.0,162800.0,660689.0,SK이노베이션,096770
2023-02-09,168800.0,"상승  3,700",164100.0,171600.0,163200.0,757858.0,SK이노베이션,096770
2023-02-10,167300.0,"하락  1,500",166900.0,168300.0,165200.0,421316.0,SK이노베이션,096770
2023-02-13,169100.0,"상승  1,800",167500.0,172300.0,167500.0,500033.0,SK이노베이션,096770
2023-02-14,167500.0,"하락  1,600",170000.0,170700.0,166800.0,407880.0,SK이노베이션,096770
2023-02-15,155000.0,"하락  12,500",165500.0,165500.0,153600.0,1895404.0,SK이노베이션,096770
2023-02-16,160000.0,"상승  5,000",156000.0,161700.0,155900.0,953620.0,SK이노베이션,096770
2023-02-17,160300.0,상승  300,157300.0,161400.0,156300.0,470577.0,SK이노베이션,096770
2023-02-20,158600.0,"하락  1,700",159900.0,160700.0,157100.0,327246.0,SK이노베이션,096770
2023-02-21,162000.0,"상승  3,400",160200.0,162600.0,159500.0,643603.0,SK이노베이션,096770
2023-02-22,158800.0,"하락  3,200",160500.0,161500.0,158700.0,441802.0,SK이노베이션,096770
2023-02-23,156500.0,"하락  2,300",159800.0,159900.0,156100.0,510130.0,SK이노베이션,096770
2023-02-24,155100.0,"하락  1,400",156500.0,156900.0,155000.0,373703.0,SK이노베이션,096770
2023-02-27,151900.0,"하락  3,200",154100.0,154100.0,150000.0,466070.0,SK이노베이션,096770
2023-02-28,150100.0,"하락  1,800",152900.0,153300.0,150100.0,597904.0,SK이노베이션,096770
2023-03-02,160500.0,"상승  10,400",151200.0,161000.0,150500.0,1082092.0,SK이노베이션,096770
2023-03-03,160800.0,상승  300,162200.0,164100.0,158700.0,632565.0,SK이노베이션,096770
2023-03-06,168000.0,"상승  7,200",162900.0,169000.0,159300.0,1168104.0,SK이노베이션,096770
2023-03-07,176800.0,"상승  8,800",169800.0,179900.0,169200.0,1677367.0,SK이노베이션,096770
2023-03-08,170900.0,"하락  5,900",174000.0,174100.0,168500.0,785172.0,SK이노베이션,096770
2023-03-09,164900.0,"하락  6,000",171900.0,172000.0,163200.0,1251251.0,SK이노베이션,096770
2023-03-10,173500.0,"상승  8,600",163300.0,174400.0,162000.0,1198270.0,SK이노베이션,096770
2023-03-13,176100.0,"상승  2,600",171800.0,176500.0,168600.0,736068.0,SK이노베이션,096770
2023-03-14,170000.0,"하락  6,100",174400.0,174600.0,168900.0,560144.0,SK이노베이션,096770
2023-03-15,165200.0,"하락  4,800",173000.0,173000.0,164000.0,842303.0,SK이노베이션,096770
2023-03-16,163500.0,"하락  1,700",162800.0,166100.0,160500.0,592692.0,SK이노베이션,096770
2023-03-17,162200.0,"하락  1,300",164800.0,165100.0,160800.0,563721.0,SK이노베이션,096770
2023-03-20,158400.0,"하락  3,800",162100.0,162400.0,157300.0,594320.0,SK이노베이션,096770
2023-03-21,156700.0,"하락  1,700",158400.0,159500.0,155500.0,543046.0,SK이노베이션,096770
2023-03-22,160800.0,"상승  4,100",159100.0,161700.0,156300.0,700540.0,SK이노베이션,096770
2023-03-23,159200.0,"하락  1,600",158900.0,161100.0,157700.0,597149.0,SK이노베이션,096770
2023-03-24,159600.0,상승  400,160900.0,162200.0,156800.0,535378.0,SK이노베이션,096770
2023-03-27,166800.0,"상승  7,200",161700.0,169400.0,160800.0,1085479.0,SK이노베이션,096770
2023-03-28,163200.0,"하락  3,600",168000.0,168500.0,161600.0,742201.0,SK이노베이션,096770
2023-03-29,164500.0,"상승  1,300",164000.0,166600.0,162200.0,488453.0,SK이노베이션,096770
2023-03-30,187200.0,"상승  22,700",166600.0,194900.0,163100.0,6100212.0,SK이노베이션,096770
2023-03-31,179300.0,"하락  7,900",183500.0,185400.0,177700.0,1946350.0,SK이노베이션,096770
2023-04-03,180000.0,상승  700,181500.0,184700.0,179200.0,1183064.0,SK이노베이션,096770
2023-04-04,181200.0,"상승  1,200",182600.0,188200.0,179500.0,1452924.0,SK이노베이션,096770
2023-04-05,179100.0,"하락  2,100",181900.0,182900.0,177900.0,750511.0,SK이노베이션,096770
2023-04-06,176200.0,"하락  2,900",178600.0,178800.0,173100.0,884633.0,SK이노베이션,096770
2023-04-07,183500.0,"상승  7,300",176200.0,187700.0,174100.0,1709672.0,SK이노베이션,096770
2023-04-10,197700.0,"상승  14,200",189100.0,199100.0,187100.0,2324915.0,SK이노베이션,096770
2023-04-11,203000.0,"상승  5,300",206000.0,209000.0,196100.0,1605762.0,SK이노베이션,096770
2023-04-12,193200.0,"하락  9,800",200500.0,204500.0,192500.0,1378847.0,SK이노베이션,096770
2023-04-13,191700.0,"하락  1,500",188500.0,192500.0,186200.0,923162.0,SK이노베이션,096770
2023-04-14,190400.0,"하락  1,300",193500.0,193600.0,189300.0,670238.0,SK이노베이션,096770
2023-04-17,193500.0,"상승  3,100",191900.0,198300.0,190500.0,964478.0,SK이노베이션,096770
2023-04-18,188000.0,"하락  5,500",195500.0,195500.0,185500.0,1081216.0,SK이노베이션,096770
2023-04-19,187500.0,하락  500,188200.0,189300.0,186400.0,539120.0,SK이노베이션,096770
2023-04-20,185400.0,"하락  2,100",185500.0,188400.0,184500.0,469447.0,SK이노베이션,096770
2023-04-21,182000.0,"하락  3,400",184500.0,184800.0,178100.0,713222.0,SK이노베이션,096770
2023-04-24,179100.0,"하락  2,900",179700.0,181400.0,178000.0,432417.0,SK이노베이션,096770
2023-04-25,175100.0,"하락  4,000",179700.0,180000.0,171200.0,706725.0,SK이노베이션,096770
2023-04-26,177500.0,"상승  2,400",173800.0,179500.0,173200.0,505816.0,SK이노베이션,096770
2023-04-27,178600.0,"상승  1,100",176000.0,179100.0,174200.0,515083.0,SK이노베이션,096770
2023-04-28,173100.0,"하락  5,500",180900.0,181500.0,171800.0,757228.0,SK이노베이션,096770
2023-05-02,179900.0,"상승  6,800",174500.0,180800.0,173500.0,691810.0,SK이노베이션,096770
2023-05-03,175800.0,"하락  4,100",178700.0,179200.0,175600.0,397532.0,SK이노베이션,096770
2023-05-04,179000.0,"상승  3,200",175100.0,182700.0,173500.0,783232.0,SK이노베이션,096770
2023-05-08,185000.0,"상승  6,000",183600.0,192300.0,183200.0,1540377.0,SK이노베이션,096770
2023-05-09,189000.0,"상승  4,000",187600.0,190700.0,182300.0,891409.0,SK이노베이션,096770
2023-05-10,180300.0,"하락  8,700",187000.0,187400.0,180100.0,681264.0,SK이노베이션,096770
2023-05-11,178200.0,"하락  2,100",179800.0,181900.0,177500.0,451368.0,SK이노베이션,096770
2023-05-12,177100.0,"하락  1,100",177800.0,180300.0,176700.0,298635.0,SK이노베이션,096770
2023-05-15,176000.0,"하락  1,100",177100.0,177300.0,174300.0,312551.0,SK이노베이션,096770
2023-05-16,177000.0,"상승  1,000",177000.0,178500.0,175500.0,300654.0,SK이노베이션,096770
2023-05-17,182100.0,"상승  5,100",177000.0,182500.0,175700.0,405471.0,SK이노베이션,096770
2023-05-18,182400.0,상승  300,183400.0,183500.0,180000.0,273961.0,SK이노베이션,096770
2023-05-19,177600.0,"하락  4,800",183600.0,183600.0,177500.0,484270.0,SK이노베이션,096770
2023-05-22,180700.0,"상승  3,100",177600.0,181000.0,176600.0,367714.0,SK이노베이션,096770
2023-05-23,184000.0,"상승  3,300",181900.0,186700.0,181500.0,623039.0,SK이노베이션,096770
2023-05-24,183800.0,하락  200,183200.0,185300.0,181600.0,297956.0,SK이노베이션,096770
2023-05-25,185700.0,"상승  1,900",184900.0,188600.0,183800.0,596837.0,SK이노베이션,096770
2023-05-26,182800.0,"하락  2,900",184900.0,184900.0,181500.0,312858.0,SK이노베이션,096770
2023-05-30,191900.0,"상승  9,100",185500.0,193400.0,185100.0,1034034.0,SK이노베이션,096770
2023-05-31,189100.0,"하락  2,800",189800.0,192700.0,189100.0,679946.0,SK이노베이션,096770
2023-06-01,194100.0,"상승  5,000",189400.0,194400.0,189300.0,660725.0,SK이노베이션,096770
2023-06-02,198000.0,"상승  3,900",194600.0,199200.0,192600.0,708304.0,SK이노베이션,096770
2023-06-05,199700.0,"상승  1,700",200000.0,203000.0,197000.0,452266.0,SK이노베이션,096770
2023-06-07,206500.0,"상승  6,800",200500.0,207500.0,200500.0,743519.0,SK이노베이션,096770
2023-06-08,198100.0,"하락  8,400",205000.0,205000.0,196200.0,866430.0,SK이노베이션,096770
2023-06-09,200500.0,"상승  2,400",200000.0,202000.0,198600.0,517726.0,SK이노베이션,096770
2023-06-12,201000.0,상승  500,202000.0,204000.0,200000.0,382774.0,SK이노베이션,096770
2023-06-13,199600.0,"하락  1,400",200500.0,201500.0,196000.0,619462.0,SK이노베이션,096770
2023-06-14,192900.0,"하락  6,700",201000.0,201000.0,191700.0,862118.0,SK이노베이션,096770
2023-06-15,190900.0,"하락  2,000",194000.0,196800.0,189700.0,649613.0,SK이노베이션,096770
2023-06-16,188200.0,"하락  2,700",191700.0,192700.0,188000.0,652971.0,SK이노베이션,096770
2023-06-19,188500.0,상승  300,187600.0,188800.0,185800.0,441927.0,SK이노베이션,096770
2023-06-20,184100.0,"하락  4,400",187900.0,188000.0,183600.0,631263.0,SK이노베이션,096770
2023-06-21,181700.0,"하락  2,400",183400.0,186300.0,181600.0,501493.0,SK이노베이션,096770
2023-06-22,182800.0,"상승  1,100",181500.0,184200.0,180900.0,391198.0,SK이노베이션,096770
2023-06-23,182600.0,하락  200,187800.0,189700.0,182000.0,743663.0,SK이노베이션,096770
2023-06-26,171500.0,"하락  11,100",169500.0,173300.0,166300.0,1927664.0,SK이노베이션,096770
2023-06-27,167300.0,"하락  4,200",170100.0,171500.0,166700.0,859976.0,SK이노베이션,096770
2023-06-28,160700.0,"하락  6,600",167600.0,168400.0,160600.0,982598.0,SK이노베이션,096770
2023-06-29,158000.0,"하락  2,700",160400.0,162200.0,157800.0,593011.0,SK이노베이션,096770
2023-06-30,158500.0,상승  500,158400.0,160400.0,157900.0,445988.0,SK이노베이션,096770
2023-07-03,163500.0,"상승  5,000",160500.0,165700.0,160400.0,708443.0,SK이노베이션,096770
2023-07-04,166700.0,"상승  3,200",166000.0,169900.0,164700.0,813402.0,SK이노베이션,096770
2023-07-05,167300.0,상승  600,166800.0,169400.0,164600.0,590748.0,SK이노베이션,096770
2023-07-06,165900.0,"하락  1,400",168500.0,168900.0,165300.0,479276.0,SK이노베이션,096770
2023-07-07,166000.0,상승  100,166000.0,168700.0,164200.0,458453.0,SK이노베이션,096770
2023-07-10,163100.0,"하락  2,900",166700.0,167400.0,162900.0,536288.0,SK이노베이션,096770
2023-07-11,164500.0,"상승  1,400",163300.0,166900.0,163200.0,448701.0,SK이노베이션,096770
2023-07-12,166000.0,"상승  1,500",165500.0,167300.0,164300.0,436374.0,SK이노베이션,096770
2023-07-13,165400.0,하락  600,167200.0,168400.0,164800.0,662762.0,SK이노베이션,096770
2023-07-14,163700.0,"하락  1,700",165100.0,165900.0,161600.0,568465.0,SK이노베이션,096770
2023-07-17,164000.0,상승  300,163700.0,165800.0,161500.0,554645.0,SK이노베이션,096770
2023-07-18,170500.0,"상승  6,500",167200.0,172400.0,166700.0,1240495.0,SK이노베이션,096770
2023-07-19,169500.0,"하락  1,000",172600.0,172600.0,168200.0,691335.0,SK이노베이션,096770
2023-07-20,173700.0,"상승  4,200",170600.0,182400.0,170500.0,1832733.0,SK이노베이션,096770
2023-07-21,176700.0,"상승  3,000",173400.0,178300.0,170300.0,784340.0,SK이노베이션,096770
2023-07-24,196500.0,"상승  19,800",178500.0,199300.0,178300.0,3503980.0,SK이노베이션,096770
2023-07-25,205500.0,"상승  9,000",202000.0,207000.0,197200.0,1960750.0,SK이노베이션,096770
2023-07-26,204500.0,"하락  1,000",208500.0,229500.0,192000.0,4614938.0,SK이노베이션,096770
2023-07-27,187000.0,"하락  17,500",204000.0,204000.0,184300.0,2226114.0,SK이노베이션,096770
2023-07-28,189500.0,"상승  2,500",182500.0,191700.0,182200.0,1384523.0,SK이노베이션,096770
2023-07-31,216000.0,"상승  26,500",196400.0,220500.0,196200.0,2477914.0,SK이노베이션,096770
2023-08-01,207500.0,"하락  8,500",226500.0,227000.0,205000.0,1831596.0,SK이노베이션,096770
2023-08-02,199400.0,"하락  8,100",202000.0,210000.0,199100.0,1039081.0,SK이노베이션,096770
2023-08-03,206500.0,"상승  10,300",197100.0,212000.0,194700.0,1262378.0,SK이노베이션,096770
2023-08-04,203000.0,"하락  3,500",210000.0,210500.0,202000.0,697439.0,SK이노베이션,096770
2023-08-07,192400.0,"하락  10,600",201000.0,202500.0,190500.0,944265.0,SK이노베이션,096770
2023-08-08,191300.0,"하락  1,100",194800.0,196500.0,188800.0,712657.0,SK이노베이션,096770
2023-08-09,190800.0,하락  500,190000.0,194500.0,189500.0,489700.0,SK이노베이션,096770
2023-08-10,190500.0,하락  300,190000.0,195500.0,189600.0,664665.0,SK이노베이션,096770
2023-08-11,190500.0,보합0,191600.0,192400.0,188000.0,402075.0,SK이노베이션,096770
2023-08-14,184200.0,"하락  6,300",190500.0,192200.0,184200.0,523143.0,SK이노베이션,096770
2023-08-16,179400.0,"하락  4,800",182000.0,185600.0,178600.0,556181.0,SK이노베이션,096770
2023-08-17,179500.0,상승  100,177100.0,180100.0,174500.0,517933.0,SK이노베이션,096770
2023-08-18,174100.0,"하락  5,400",177600.0,177600.0,173200.0,483311.0,SK이노베이션,096770
2023-08-21,176000.0,"상승  1,900",174200.0,179300.0,174200.0,337177.0,SK이노베이션,096770
2023-08-22,177000.0,"상승  1,000",178500.0,180600.0,174500.0,370166.0,SK이노베이션,096770
2023-08-23,173500.0,"하락  3,500",177600.0,178000.0,172800.0,321459.0,SK이노베이션,096770
2023-08-24,174200.0,상승  700,173700.0,176600.0,171200.0,359210.0,SK이노베이션,096770
2023-08-25,173000.0,"하락  1,200",171200.0,173600.0,169100.0,356577.0,SK이노베이션,096770
2023-08-28,177300.0,"상승  4,300",174800.0,177300.0,173500.0,333116.0,SK이노베이션,096770
2023-08-29,176000.0,"하락  1,300",178600.0,179700.0,175800.0,289573.0,SK이노베이션,096770
2023-08-30,180000.0,"상승  4,000",178900.0,181700.0,177200.0,378932.0,SK이노베이션,096770
2023-08-31,177500.0,"하락  2,500",182800.0,184100.0,176600.0,494683.0,SK이노베이션,096770
2023-09-01,176000.0,"하락  1,500",179000.0,180600.0,174500.0,348063.0,SK이노베이션,096770
2023-09-04,179500.0,"상승  3,500",174800.0,180000.0,174700.0,334792.0,SK이노베이션,096770
2023-09-05,178800.0,하락  700,179200.0,179600.0,176900.0,255867.0,SK이노베이션,096770
2023-09-06,174500.0,"하락  4,300",180200.0,181100.0,173700.0,557968.0,SK이노베이션,096770
2023-09-07,172700.0,"하락  1,800",175100.0,177000.0,171000.0,424496.0,SK이노베이션,096770
2023-09-08,171000.0,"하락  1,700",171600.0,172900.0,169300.0,382789.0,SK이노베이션,096770
2023-09-11,167900.0,"하락  3,100",170900.0,171600.0,166600.0,408346.0,SK이노베이션,096770
2023-09-12,167000.0,하락  900,168900.0,171000.0,164700.0,409015.0,SK이노베이션,096770
2023-09-13,159900.0,"하락  7,100",166000.0,168000.0,159500.0,824011.0,SK이노베이션,096770
2023-09-14,162200.0,"상승  2,300",160300.0,162300.0,157100.0,724448.0,SK이노베이션,096770
2023-09-15,159600.0,"하락  2,600",161900.0,162600.0,157000.0,1236868.0,SK이노베이션,096770
2023-09-18,164600.0,"상승  5,000",160700.0,167900.0,160600.0,1106747.0,SK이노베이션,096770
2023-09-19,164200.0,하락  400,165100.0,167500.0,163800.0,676735.0,SK이노베이션,096770
2023-09-20,164400.0,상승  200,164200.0,165700.0,162500.0,339998.0,SK이노베이션,096770
2023-09-21,159000.0,"하락  5,400",162500.0,162700.0,158700.0,534748.0,SK이노베이션,096770
2023-09-22,158100.0,하락  900,157000.0,158800.0,155900.0,371658.0,SK이노베이션,096770
2023-09-25,155200.0,"하락  2,900",156500.0,158500.0,154600.0,392219.0,SK이노베이션,096770
2023-09-26,149600.0,"하락  5,600",160100.0,162500.0,149000.0,1000496.0,SK이노베이션,096770
2023-09-27,148800.0,하락  800,145200.0,148900.0,145200.0,818037.0,SK이노베이션,096770
2023-10-04,141100.0,"하락  7,700",146000.0,146100.0,140700.0,831394.0,SK이노베이션,096770
2023-10-05,139500.0,"하락  1,600",142000.0,143300.0,139200.0,823095.0,SK이노베이션,096770
2023-10-06,138700.0,하락  800,139500.0,141300.0,138000.0,607325.0,SK이노베이션,096770
2023-10-10,136300.0,"하락  2,400",141900.0,142600.0,135800.0,886919.0,SK이노베이션,096770
2023-10-11,142800.0,"상승  6,500",138900.0,143400.0,138200.0,699986.0,SK이노베이션,096770
2023-10-12,146800.0,"상승  4,000",143500.0,149300.0,141600.0,885280.0,SK이노베이션,096770
2023-10-13,147100.0,상승  300,145400.0,148300.0,144900.0,353932.0,SK이노베이션,096770
2023-10-16,149000.0,"상승  1,900",147000.0,150600.0,145800.0,553977.0,SK이노베이션,096770
2023-10-17,149600.0,상승  600,150900.0,153400.0,149500.0,489167.0,SK이노베이션,096770
2023-10-18,147200.0,"하락  2,400",148900.0,150000.0,146400.0,489900.0,SK이노베이션,096770
2023-10-19,144000.0,"하락  3,200",144900.0,148500.0,143500.0,459948.0,SK이노베이션,096770
2023-10-20,141000.0,"하락  3,000",142000.0,144400.0,140600.0,428892.0,SK이노베이션,096770
2023-10-23,140300.0,하락  700,140000.0,141500.0,139100.0,398644.0,SK이노베이션,096770
2023-10-24,141000.0,상승  700,140200.0,141400.0,135800.0,586719.0,SK이노베이션,096770
2023-10-25,133000.0,"하락  8,000",141100.0,141300.0,133000.0,769100.0,SK이노베이션,096770
2023-10-26,124700.0,"하락  8,300",129900.0,130000.0,124500.0,1013987.0,SK이노베이션,096770
2023-10-27,124300.0,하락  400,124800.0,128000.0,123400.0,795838.0,SK이노베이션,096770
2023-10-30,125900.0,"상승  1,600",123300.0,126100.0,122900.0,511164.0,SK이노베이션,096770
2023-10-31,122200.0,"하락  3,700",125900.0,126200.0,121300.0,543855.0,SK이노베이션,096770
2023-11-01,120400.0,"하락  1,800",123400.0,126200.0,120100.0,486450.0,SK이노베이션,096770
2023-11-02,127600.0,"상승  7,200",122000.0,127900.0,122000.0,750765.0,SK이노베이션,096770
2023-11-03,137100.0,"상승  9,500",130800.0,142000.0,128500.0,2182595.0,SK이노베이션,096770
2023-11-06,155500.0,"상승  18,400",145000.0,158600.0,141600.0,2562784.0,SK이노베이션,096770
2023-11-07,144500.0,"하락  11,000",153000.0,153000.0,140900.0,1494573.0,SK이노베이션,096770
2023-11-08,139000.0,"하락  5,500",144000.0,147000.0,139000.0,774289.0,SK이노베이션,096770
2023-11-09,136000.0,"하락  3,000",139700.0,140000.0,135600.0,566872.0,SK이노베이션,096770
2023-11-10,131300.0,"하락  4,700",133600.0,133600.0,131100.0,427428.0,SK이노베이션,096770
2023-11-13,131000.0,하락  300,132700.0,134800.0,130400.0,371436.0,SK이노베이션,096770
2023-11-14,134300.0,"상승  3,300",133100.0,136500.0,132400.0,497182.0,SK이노베이션,096770
2023-11-15,139700.0,"상승  5,400",139500.0,140500.0,137800.0,599931.0,SK이노베이션,096770
2023-11-16,138800.0,하락  900,141000.0,141000.0,137900.0,354823.0,SK이노베이션,096770
2023-11-17,136100.0,"하락  2,700",137100.0,137300.0,135200.0,316282.0,SK이노베이션,096770
2023-11-20,140600.0,"상승  4,500",137400.0,140900.0,136600.0,339299.0,SK이노베이션,096770
2023-11-21,142200.0,"상승  1,600",141400.0,142300.0,139200.0,341776.0,SK이노베이션,096770
2023-11-22,142300.0,상승  100,140900.0,142800.0,140200.0,210744.0,SK이노베이션,096770
2023-11-23,142700.0,상승  400,142300.0,144000.0,141300.0,201099.0,SK이노베이션,096770
2023-11-24,141500.0,"하락  1,200",143300.0,144000.0,141100.0,181347.0,SK이노베이션,096770
2023-11-27,140000.0,"하락  1,500",141500.0,141900.0,139500.0,195480.0,SK이노베이션,096770
2023-11-28,141300.0,"상승  1,300",141000.0,142800.0,140400.0,226814.0,SK이노베이션,096770
2023-11-29,142300.0,"상승  1,000",141800.0,142700.0,140100.0,261047.0,SK이노베이션,096770
2023-11-30,143100.0,상승  800,141600.0,143100.0,140100.0,325130.0,SK이노베이션,096770
2023-12-01,134400.0,"하락  8,700",141500.0,141500.0,134400.0,922667.0,SK이노베이션,096770
2023-12-04,135800.0,"상승  1,400",136500.0,137900.0,134600.0,419669.0,SK이노베이션,096770
2023-12-05,135200.0,하락  600,135800.0,136500.0,134500.0,249212.0,SK이노베이션,096770
2023-12-06,134800.0,하락  400,135200.0,136200.0,134500.0,207571.0,SK이노베이션,096770
2023-12-07,134100.0,하락  700,134800.0,135200.0,133100.0,252362.0,SK이노베이션,096770
2023-12-08,135600.0,"상승  1,500",135200.0,135900.0,134100.0,259473.0,SK이노베이션,096770
2023-12-11,134800.0,하락  800,136000.0,136400.0,134100.0,221307.0,SK이노베이션,096770
2023-12-12,133600.0,"하락  1,200",134900.0,135800.0,133200.0,361459.0,SK이노베이션,096770
2023-12-13,131100.0,"하락  2,500",133100.0,133400.0,130800.0,359670.0,SK이노베이션,096770
2023-12-14,137600.0,"상승  6,500",133000.0,137600.0,132500.0,772706.0,SK이노베이션,096770
2023-12-15,138600.0,"상승  1,000",138000.0,140900.0,137900.0,534013.0,SK이노베이션,096770
2023-12-18,137500.0,"하락  1,100",140000.0,140000.0,136700.0,304078.0,SK이노베이션,096770
2023-12-19,138800.0,"상승  1,300",138400.0,139000.0,137400.0,253389.0,SK이노베이션,096770
2023-12-20,139600.0,상승  800,139700.0,141000.0,138300.0,389389.0,SK이노베이션,096770
2023-12-21,137900.0,"하락  1,700",137800.0,139700.0,137700.0,254701.0,SK이노베이션,096770
2023-12-22,138800.0,상승  900,138900.0,139800.0,137900.0,259761.0,SK이노베이션,096770
2023-12-26,137800.0,"하락  1,000",139500.0,139800.0,136600.0,310798.0,SK이노베이션,096770
2023-12-27,139100.0,"상승  1,300",137900.0,140100.0,137200.0,293588.0,SK이노베이션,096770
2023-12-28,140300.0,"상승  1,200",139000.0,140300.0,138500.0,325192.0,SK이노베이션,096770
2024-01-02,140200.0,하락  100,139800.0,140300.0,138100.0,286766.0,SK이노베이션,096770
2024-01-03,134300.0,"하락  5,900",139000.0,139000.0,134300.0,514164.0,SK이노베이션,096770
2024-01-04,133700.0,하락  600,133900.0,135100.0,132800.0,297763.0,SK이노베이션,096770
2024-01-05,133500.0,하락  200,133700.0,135300.0,133200.0,250665.0,SK이노베이션,096770
2024-01-08,132000.0,"하락  1,500",134000.0,134900.0,131800.0,271273.0,SK이노베이션,096770
2024-01-09,131600.0,하락  400,133500.0,134200.0,131500.0,263994.0,SK이노베이션,096770
2024-01-10,128900.0,"하락  2,700",131500.0,132300.0,128800.0,359356.0,SK이노베이션,096770
2024-01-11,126700.0,"하락  2,200",129100.0,129800.0,126700.0,574183.0,SK이노베이션,096770
2024-01-12,124600.0,"하락  2,100",126900.0,127300.0,124000.0,377304.0,SK이노베이션,096770
2024-01-15,123400.0,"하락  1,200",124900.0,125700.0,122500.0,310721.0,SK이노베이션,096770
2024-01-16,122400.0,"하락  1,000",122500.0,124400.0,122100.0,244219.0,SK이노베이션,096770
2024-01-17,117900.0,"하락  4,500",122400.0,122500.0,117900.0,567740.0,SK이노베이션,096770
2024-01-18,116600.0,"하락  1,300",117300.0,120500.0,116400.0,397572.0,SK이노베이션,096770
2024-01-19,113600.0,"하락  3,000",116900.0,118100.0,112700.0,620539.0,SK이노베이션,096770
2024-01-22,108300.0,"하락  5,300",113500.0,114700.0,108300.0,778932.0,SK이노베이션,096770
2024-01-23,109800.0,"상승  1,500",107800.0,110900.0,107500.0,457394.0,SK이노베이션,096770
2024-01-24,112100.0,"상승  2,300",109800.0,115300.0,109300.0,505801.0,SK이노베이션,096770
2024-01-25,112100.0,보합0,111600.0,112700.0,108900.0,347207.0,SK이노베이션,096770
2024-01-26,115800.0,"상승  3,700",110300.0,117400.0,110300.0,463460.0,SK이노베이션,096770
2024-01-29,120300.0,"상승  4,500",117100.0,120600.0,116200.0,417349.0,SK이노베이션,096770
2024-01-30,116800.0,"하락  3,500",121400.0,122200.0,116800.0,391765.0,SK이노베이션,096770
2024-01-31,117100.0,상승  300,116100.0,118800.0,115700.0,267405.0,SK이노베이션,096770
2024-02-01,121200.0,"상승  4,100",116300.0,121500.0,116300.0,353237.0,SK이노베이션,096770
2024-02-02,124400.0,"상승  3,200",121600.0,124800.0,120600.0,395620.0,SK이노베이션,096770
2024-02-05,127100.0,"상승  2,700",124400.0,128700.0,121300.0,567422.0,SK이노베이션,096770
2024-02-06,120800.0,"하락  6,300",129400.0,130900.0,120000.0,1101077.0,SK이노베이션,096770
2024-02-07,121000.0,상승  200,121200.0,123700.0,119400.0,663618.0,SK이노베이션,096770
2024-02-08,121000.0,보합0,122200.0,122900.0,120800.0,424162.0,SK이노베이션,096770
2024-02-13,122900.0,"상승  1,900",121800.0,124000.0,121800.0,381580.0,SK이노베이션,096770
2024-02-14,122100.0,하락  800,121900.0,123000.0,120600.0,250400.0,SK이노베이션,096770
2024-02-15,122300.0,상승  200,123700.0,123700.0,121700.0,214590.0,SK이노베이션,096770
2024-02-16,127100.0,"상승  4,800",123800.0,127300.0,123800.0,490180.0,SK이노베이션,096770
2024-02-19,128900.0,"상승  1,800",127200.0,130800.0,127200.0,509358.0,SK이노베이션,096770
2024-02-20,126000.0,"하락  2,900",128900.0,129600.0,125300.0,363614.0,SK이노베이션,096770
2024-02-21,124100.0,"하락  1,900",124900.0,126400.0,123800.0,301311.0,SK이노베이션,096770
2024-02-22,123500.0,하락  600,125300.0,125500.0,123500.0,214849.0,SK이노베이션,096770
2024-02-23,123200.0,하락  300,123600.0,125000.0,123000.0,248423.0,SK이노베이션,096770
2024-02-26,120800.0,"하락  2,400",123300.0,123300.0,120200.0,319428.0,SK이노베이션,096770
2024-02-27,118600.0,"하락  2,200",121700.0,122500.0,118300.0,299483.0,SK이노베이션,096770
2024-02-28,119600.0,"상승  1,000",118900.0,120200.0,118500.0,275426.0,SK이노베이션,096770
2024-02-29,117100.0,"하락  2,500",118400.0,119300.0,116700.0,539100.0,SK이노베이션,096770
2024-03-04,117000.0,하락  100,117500.0,119700.0,117000.0,338468.0,SK이노베이션,096770
2024-03-05,117400.0,상승  400,116900.0,118700.0,116200.0,389662.0,SK이노베이션,096770
2024-03-06,115700.0,"하락  1,700",117300.0,117700.0,115100.0,352436.0,SK이노베이션,096770
2024-03-07,118800.0,"상승  3,100",116000.0,119800.0,115200.0,489113.0,SK이노베이션,096770
2024-03-08,119000.0,상승  200,120000.0,121200.0,118800.0,320682.0,SK이노베이션,096770
2024-03-11,118600.0,하락  400,118000.0,119500.0,117500.0,192984.0,SK이노베이션,096770
2024-03-12,120900.0,"상승  2,300",119700.0,121200.0,119300.0,380181.0,SK이노베이션,096770
2024-03-13,119800.0,"하락  1,100",123100.0,123200.0,119600.0,409170.0,SK이노베이션,096770
2024-03-14,120700.0,상승  900,119200.0,121700.0,118800.0,654907.0,SK이노베이션,096770
2024-03-15,120000.0,하락  700,120900.0,121500.0,119500.0,362679.0,SK이노베이션,096770
2024-03-18,125600.0,"상승  5,600",121100.0,128300.0,120000.0,773227.0,SK이노베이션,096770
2024-03-19,125100.0,하락  500,128000.0,128100.0,122200.0,627338.0,SK이노베이션,096770
2024-03-20,119700.0,"하락  5,400",123000.0,123800.0,119400.0,757266.0,SK이노베이션,096770
2024-03-21,120000.0,상승  300,120300.0,121200.0,119500.0,451396.0,SK이노베이션,096770
2024-03-22,120000.0,보합0,119200.0,121400.0,119100.0,396268.0,SK이노베이션,096770
2024-03-25,121000.0,"상승  1,000",120500.0,122400.0,120300.0,341937.0,SK이노베이션,096770
2024-03-26,120600.0,하락  400,120900.0,122800.0,120400.0,362055.0,SK이노베이션,096770
2024-03-27,120700.0,상승  100,120500.0,121900.0,120400.0,242007.0,SK이노베이션,096770
2024-03-28,118400.0,"하락  2,300",121600.0,121600.0,118000.0,439918.0,SK이노베이션,096770
2024-03-29,116000.0,"하락  2,400",118700.0,118900.0,116000.0,444662.0,SK이노베이션,096770
2024-04-01,117400.0,"상승  1,400",116300.0,118500.0,115200.0,260572.0,SK이노베이션,096770
2024-04-02,121800.0,"상승  4,400",117500.0,122500.0,117200.0,512554.0,SK이노베이션,096770
2024-04-03,117400.0,"하락  4,400",121400.0,124500.0,116800.0,798593.0,SK이노베이션,096770
2024-04-04,119900.0,"상승  2,500",118500.0,120200.0,117500.0,347444.0,SK이노베이션,096770
2024-04-05,118100.0,"하락  1,800",118800.0,119900.0,116800.0,359226.0,SK이노베이션,096770
2024-04-08,118800.0,상승  700,117800.0,119300.0,114200.0,485400.0,SK이노베이션,096770
2024-04-09,117500.0,"하락  1,300",119000.0,121200.0,117500.0,349338.0,SK이노베이션,096770
2024-04-11,110600.0,"하락  6,900",116300.0,116900.0,110500.0,852391.0,SK이노베이션,096770
2024-04-12,108400.0,"하락  2,200",110000.0,110800.0,108000.0,439283.0,SK이노베이션,096770
2024-04-15,105300.0,"하락  3,100",109000.0,110000.0,105200.0,490834.0,SK이노베이션,096770
2024-04-16,103800.0,"하락  1,500",103300.0,105000.0,102600.0,336311.0,SK이노베이션,096770
2024-04-17,104800.0,"상승  1,000",103600.0,107700.0,103600.0,351798.0,SK이노베이션,096770
2024-04-18,106200.0,"상승  1,400",104800.0,107500.0,104700.0,226720.0,SK이노베이션,096770
2024-04-19,103800.0,"하락  2,400",105000.0,105300.0,103200.0,345437.0,SK이노베이션,096770
2024-04-22,110600.0,"상승  6,800",104800.0,110600.0,104800.0,440984.0,SK이노베이션,096770
2024-04-23,108400.0,"하락  2,200",110400.0,110400.0,107500.0,187000.0,SK이노베이션,096770
2024-04-24,110000.0,"상승  1,600",110700.0,113200.0,109200.0,322770.0,SK이노베이션,096770
2024-04-25,107500.0,"하락  2,500",109200.0,109500.0,107400.0,207953.0,SK이노베이션,096770
2024-04-26,106700.0,하락  800,107500.0,108000.0,105900.0,247709.0,SK이노베이션,096770
2024-04-29,112700.0,"상승  6,000",108000.0,113600.0,107400.0,548435.0,SK이노베이션,096770
2024-04-30,111100.0,"하락  1,600",113200.0,113300.0,108200.0,545936.0,SK이노베이션,096770
2024-05-02,109000.0,"하락  2,100",109200.0,111100.0,108600.0,223560.0,SK이노베이션,096770
2024-05-03,109600.0,상승  600,110000.0,110300.0,109000.0,160242.0,SK이노베이션,096770
2024-05-07,112200.0,"상승  2,600",110800.0,112200.0,110000.0,254931.0,SK이노베이션,096770
2024-05-08,113000.0,상승  800,111900.0,113000.0,111500.0,210373.0,SK이노베이션,096770
2024-05-09,111400.0,"하락  1,600",112900.0,113700.0,111300.0,336743.0,SK이노베이션,096770
2024-05-10,111200.0,하락  200,112500.0,112900.0,110000.0,163644.0,SK이노베이션,096770
2024-05-13,110800.0,하락  400,111600.0,111600.0,109700.0,160093.0,SK이노베이션,096770
2024-05-14,110400.0,하락  400,111000.0,112500.0,110100.0,174816.0,SK이노베이션,096770
2024-05-16,109700.0,하락  700,111800.0,112100.0,108700.0,307111.0,SK이노베이션,096770
2024-05-17,107700.0,"하락  2,000",109100.0,110200.0,107400.0,237202.0,SK이노베이션,096770
2024-05-20,108100.0,상승  400,107800.0,109600.0,107400.0,177298.0,SK이노베이션,096770
2024-05-21,105700.0,"하락  2,400",107500.0,108000.0,105400.0,256072.0,SK이노베이션,096770
2024-05-22,105400.0,하락  300,106400.0,106400.0,104100.0,253684.0,SK이노베이션,096770
2024-05-23,104200.0,"하락  1,200",104100.0,105400.0,103600.0,233166.0,SK이노베이션,096770
2024-05-24,101700.0,"하락  2,500",103200.0,103800.0,101300.0,453820.0,SK이노베이션,096770
2024-05-27,105100.0,"상승  3,400",101500.0,105400.0,101500.0,297670.0,SK이노베이션,096770
2024-05-28,105000.0,하락  100,105200.0,106000.0,103700.0,163498.0,SK이노베이션,096770
2024-05-29,102100.0,"하락  2,900",103600.0,104000.0,101600.0,324736.0,SK이노베이션,096770
2024-05-30,102200.0,상승  100,101300.0,103400.0,100200.0,361181.0,SK이노베이션,096770
2024-05-31,100000.0,"하락  2,200",103100.0,105900.0,99600.0,908750.0,SK이노베이션,096770
2024-06-03,106300.0,"상승  6,300",101000.0,111900.0,101000.0,1320915.0,SK이노베이션,096770
2024-06-04,104300.0,"하락  2,000",106300.0,107600.0,104000.0,409559.0,SK이노베이션,096770
2024-06-05,103600.0,하락  700,103100.0,106100.0,101400.0,474895.0,SK이노베이션,096770
2024-06-07,103800.0,상승  200,104700.0,105700.0,103300.0,315977.0,SK이노베이션,096770
2024-06-10,101300.0,"하락  2,500",102800.0,102800.0,101100.0,384598.0,SK이노베이션,096770
2024-06-11,103600.0,"상승  2,300",102200.0,105400.0,100700.0,440537.0,SK이노베이션,096770
2024-06-12,104200.0,상승  600,103600.0,106800.0,103300.0,376204.0,SK이노베이션,096770
2024-06-13,105100.0,상승  900,105200.0,106400.0,102800.0,524507.0,SK이노베이션,096770
2024-06-14,111900.0,"상승  6,800",104600.0,113300.0,104400.0,922260.0,SK이노베이션,096770
2024-06-17,108800.0,"하락  3,100",112100.0,114800.0,107900.0,760092.0,SK이노베이션,096770
2024-06-18,103100.0,"하락  5,700",109800.0,110200.0,102400.0,718167.0,SK이노베이션,096770
2024-06-19,104700.0,"상승  1,600",103600.0,105000.0,102600.0,410996.0,SK이노베이션,096770
2024-06-20,121000.0,"상승  16,300",113100.0,126000.0,112700.0,8538298.0,SK이노베이션,096770
2024-06-21,114100.0,"하락  6,900",124800.0,125100.0,112400.0,3189193.0,SK이노베이션,096770
2024-06-24,108400.0,"하락  5,700",113500.0,113800.0,108000.0,1063080.0,SK이노베이션,096770
2024-06-25,107000.0,"하락  1,400",108000.0,111000.0,107000.0,807974.0,SK이노베이션,096770
2024-06-26,109000.0,"상승  2,000",108000.0,111200.0,106100.0,744436.0,SK이노베이션,096770
2024-06-27,109100.0,상승  100,108200.0,111500.0,108100.0,502857.0,SK이노베이션,096770
2024-06-28,116100.0,"상승  7,000",110300.0,119900.0,109700.0,1776299.0,SK이노베이션,096770
2024-07-01,115300.0,하락  800,114000.0,116000.0,111300.0,637244.0,SK이노베이션,096770
2024-07-02,111900.0,"하락  3,400",115400.0,116900.0,111700.0,488125.0,SK이노베이션,096770
2024-07-03,114100.0,"상승  2,200",113600.0,116200.0,112500.0,514254.0,SK이노베이션,096770
2024-07-04,114500.0,상승  400,115000.0,115700.0,112700.0,370544.0,SK이노베이션,096770
2024-07-05,112500.0,"하락  2,000",114900.0,114900.0,111700.0,427507.0,SK이노베이션,096770
2024-07-08,111600.0,하락  900,111800.0,113000.0,110900.0,276437.0,SK이노베이션,096770
2024-07-09,112500.0,상승  900,112500.0,113100.0,110600.0,370176.0,SK이노베이션,096770
2024-07-10,108300.0,"하락  4,200",111500.0,112300.0,108300.0,594149.0,SK이노베이션,096770
2024-07-11,107100.0,"하락  1,200",109200.0,110600.0,107000.0,736233.0,SK이노베이션,096770
2024-07-12,108100.0,"상승  1,000",108100.0,112700.0,106700.0,856757.0,SK이노베이션,096770
2024-07-15,108000.0,하락  100,108100.0,111000.0,107500.0,525950.0,SK이노베이션,096770
2024-07-16,113300.0,"상승  5,300",109100.0,115000.0,108000.0,1125893.0,SK이노베이션,096770
2024-07-17,119700.0,"상승  6,400",115000.0,123200.0,114000.0,3688143.0,SK이노베이션,096770
2024-07-18,115900.0,"하락  3,800",127500.0,128300.0,114900.0,3252847.0,SK이노베이션,096770
2024-07-19,112000.0,"하락  3,900",114400.0,117400.0,109700.0,1040654.0,SK이노베이션,096770
2024-07-22,107600.0,"하락  4,400",112000.0,112500.0,107200.0,601853.0,SK이노베이션,096770
2024-07-23,106500.0,"하락  1,100",107700.0,110200.0,106500.0,440711.0,SK이노베이션,096770
2024-07-24,105000.0,"하락  1,500",105400.0,107300.0,104500.0,472268.0,SK이노베이션,096770
2024-07-25,105700.0,상승  700,103900.0,108300.0,103800.0,385004.0,SK이노베이션,096770
2024-07-26,104800.0,하락  900,106100.0,106500.0,104200.0,245877.0,SK이노베이션,096770
2024-07-29,105000.0,상승  200,105200.0,105800.0,103700.0,196098.0,SK이노베이션,096770
2024-07-30,104300.0,하락  700,104300.0,106700.0,104100.0,239385.0,SK이노베이션,096770
2024-07-31,104200.0,하락  100,104700.0,105100.0,103600.0,229456.0,SK이노베이션,096770
2024-08-01,107200.0,"상승  3,000",104400.0,107800.0,103600.0,422189.0,SK이노베이션,096770
2024-08-02,104300.0,"하락  2,900",105100.0,106300.0,103000.0,405083.0,SK이노베이션,096770
2024-08-05,92800.0,"하락  11,500",102500.0,103400.0,91700.0,826809.0,SK이노베이션,096770
2024-08-06,99800.0,"상승  7,000",94100.0,102000.0,94100.0,569930.0,SK이노베이션,096770
2024-08-07,98000.0,"하락  1,800",99000.0,101300.0,98000.0,313521.0,SK이노베이션,096770
2024-08-08,97700.0,하락  300,97700.0,99200.0,96000.0,376215.0,SK이노베이션,096770
2024-08-09,101000.0,"상승  3,300",99800.0,103800.0,98400.0,389385.0,SK이노베이션,096770
2024-08-12,102000.0,"상승  1,000",101700.0,103400.0,101600.0,126037.0,SK이노베이션,096770
2024-08-13,102800.0,상승  800,101900.0,103100.0,100500.0,159544.0,SK이노베이션,096770
2024-08-14,103400.0,상승  600,103700.0,103900.0,101200.0,290029.0,SK이노베이션,096770
2024-08-16,102300.0,"하락  1,100",104400.0,104500.0,102100.0,218375.0,SK이노베이션,096770
2024-08-19,100200.0,"하락  2,100",102300.0,103600.0,100000.0,237770.0,SK이노베이션,096770
2024-08-20,102400.0,"상승  2,200",101100.0,103900.0,99500.0,231019.0,SK이노베이션,096770
2024-08-21,103800.0,"상승  1,400",102600.0,104300.0,102000.0,241868.0,SK이노베이션,096770
2024-08-22,106200.0,"상승  2,400",104600.0,107800.0,103100.0,553862.0,SK이노베이션,096770
2024-08-23,105400.0,하락  800,104900.0,106100.0,103300.0,230527.0,SK이노베이션,096770
2024-08-26,106500.0,"상승  1,100",105600.0,107800.0,105500.0,234571.0,SK이노베이션,096770
2024-08-27,109800.0,"상승  3,300",107300.0,112000.0,106200.0,1128567.0,SK이노베이션,096770
2024-08-28,106800.0,"하락  3,000",109800.0,109900.0,105800.0,339678.0,SK이노베이션,096770
2024-08-29,107900.0,"상승  1,100",106900.0,108500.0,105900.0,258221.0,SK이노베이션,096770
2024-08-30,110000.0,"상승  2,100",108400.0,110000.0,107000.0,314106.0,SK이노베이션,096770
2024-09-02,110400.0,상승  400,109700.0,111300.0,109000.0,476402.0,SK이노베이션,096770
2024-09-03,108900.0,"하락  1,500",111000.0,111000.0,108000.0,220823.0,SK이노베이션,096770
2024-09-04,107000.0,"하락  1,900",106000.0,108700.0,105200.0,263533.0,SK이노베이션,096770
2024-09-05,107400.0,상승  400,107400.0,109700.0,106800.0,173115.0,SK이노베이션,096770
2024-09-06,107200.0,하락  200,107400.0,108800.0,106200.0,274679.0,SK이노베이션,096770
2024-09-09,108100.0,상승  900,106000.0,108600.0,105900.0,185015.0,SK이노베이션,096770
2024-09-10,109700.0,"상승  1,600",108100.0,110300.0,107900.0,240227.0,SK이노베이션,096770
2024-09-11,110900.0,"상승  1,200",109800.0,111300.0,109100.0,400198.0,SK이노베이션,096770
2024-09-12,111400.0,상승  500,111200.0,111400.0,109600.0,351365.0,SK이노베이션,096770
2024-09-13,110700.0,하락  700,111400.0,111400.0,109700.0,357010.0,SK이노베이션,096770
2024-09-19,112700.0,"상승  2,000",112400.0,112900.0,110200.0,323198.0,SK이노베이션,096770
2024-09-20,111000.0,"하락  1,700",112700.0,112700.0,110400.0,372695.0,SK이노베이션,096770
2024-09-23,114800.0,"상승  3,800",111600.0,115200.0,110600.0,350520.0,SK이노베이션,096770
2024-09-24,122200.0,"상승  7,400",115500.0,122500.0,115400.0,1085841.0,SK이노베이션,096770
2024-09-25,121300.0,하락  900,123000.0,123200.0,120800.0,467453.0,SK이노베이션,096770
2024-09-26,120600.0,하락  700,121500.0,122000.0,119500.0,323421.0,SK이노베이션,096770
2024-09-27,118700.0,"하락  1,900",120700.0,121200.0,118200.0,291803.0,SK이노베이션,096770
2024-09-30,117100.0,"하락  1,600",120000.0,120900.0,117100.0,251746.0,SK이노베이션,096770
2024-10-02,116100.0,"하락  1,000",116600.0,119000.0,115900.0,225824.0,SK이노베이션,096770
2024-10-04,116200.0,상승  100,117800.0,118700.0,114900.0,228653.0,SK이노베이션,096770
2024-10-07,118300.0,"상승  2,100",116200.0,118600.0,114000.0,250708.0,SK이노베이션,096770
2024-10-08,118400.0,상승  100,117200.0,119400.0,117000.0,212206.0,SK이노베이션,096770
2024-10-10,123000.0,"상승  4,600",119300.0,125000.0,116000.0,788299.0,SK이노베이션,096770
2024-10-11,118500.0,"하락  4,500",124100.0,124700.0,117700.0,347427.0,SK이노베이션,096770
2024-10-14,119200.0,상승  700,117500.0,120700.0,117000.0,208900.0,SK이노베이션,096770
2024-10-15,115900.0,"하락  3,300",119100.0,119800.0,114900.0,366357.0,SK이노베이션,096770
2024-10-16,111400.0,"하락  4,500",115500.0,116100.0,111100.0,406571.0,SK이노베이션,096770
2024-10-17,112100.0,상승  700,112100.0,113900.0,111400.0,161367.0,SK이노베이션,096770
2024-10-18,112100.0,보합0,112400.0,113800.0,111200.0,152052.0,SK이노베이션,096770
2024-10-21,114400.0,"상승  2,300",112900.0,115700.0,112500.0,197673.0,SK이노베이션,096770
2024-10-22,112400.0,"하락  2,000",113900.0,114500.0,110600.0,184232.0,SK이노베이션,096770
2024-10-23,116200.0,"상승  3,800",112000.0,116400.0,112000.0,188878.0,SK이노베이션,096770
2024-10-24,115300.0,하락  900,116100.0,118100.0,114500.0,196386.0,SK이노베이션,096770
2024-10-25,114400.0,하락  900,117200.0,117200.0,113800.0,146624.0,SK이노베이션,096770
2024-10-28,121400.0,"상승  7,000",115400.0,121900.0,114600.0,405337.0,SK이노베이션,096770
2024-10-29,120400.0,"하락  1,000",120000.0,120900.0,118600.0,164204.0,SK이노베이션,096770
2024-10-30,118800.0,"하락  1,600",120300.0,120300.0,118500.0,161519.0,SK이노베이션,096770
2024-10-31,117400.0,"하락  1,400",119800.0,119800.0,117000.0,172486.0,SK이노베이션,096770
2024-11-01,121800.0,"상승  4,400",117400.0,124000.0,116300.0,567185.0,SK이노베이션,096770
2024-11-04,121100.0,하락  700,121900.0,122700.0,118400.0,352460.0,SK이노베이션,096770
2024-11-05,118600.0,"하락  2,500",120000.0,121300.0,117700.0,287434.0,SK이노베이션,096770
2024-11-06,113100.0,"하락  5,500",119100.0,119200.0,111700.0,386644.0,SK이노베이션,096770
2024-11-07,108000.0,"하락  5,100",111800.0,112500.0,106800.0,448578.0,SK이노베이션,096770
2024-11-08,111100.0,"상승  3,100",109800.0,112500.0,109100.0,197921.0,SK이노베이션,096770
2024-11-11,108500.0,"하락  2,600",110300.0,111900.0,108000.0,173377.0,SK이노베이션,096770
2024-11-12,106500.0,"하락  2,000",107500.0,110000.0,106400.0,209967.0,SK이노베이션,096770
2024-11-13,104200.0,"하락  2,300",105600.0,107300.0,103800.0,226739.0,SK이노베이션,096770
2024-11-14,102700.0,"하락  1,500",105200.0,106600.0,101600.0,323469.0,SK이노베이션,096770
2024-11-15,96100.0,"하락  6,600",100000.0,100600.0,91800.0,723668.0,SK이노베이션,096770
2024-11-18,101900.0,"상승  5,800",95000.0,101900.0,94100.0,336466.0,SK이노베이션,096770
2024-11-19,112400.0,"상승  10,500",101300.0,112400.0,101300.0,721144.0,SK이노베이션,096770
2024-11-20,113200.0,상승  800,109800.0,114800.0,107400.0,425877.0,SK이노베이션,096770
2024-11-21,118900.0,"상승  5,700",114100.0,120000.0,112800.0,570143.0,SK이노베이션,096770
2024-11-22,117600.0,"하락  1,300",120000.0,122000.0,116500.0,367728.0,SK이노베이션,096770
2024-11-25,119600.0,"상승  2,000",119900.0,122400.0,118500.0,459173.0,SK이노베이션,096770
2024-11-26,118900.0,하락  700,118000.0,122100.0,118000.0,234633.0,SK이노베이션,096770
2024-11-27,115500.0,"하락  3,400",117800.0,120000.0,114400.0,232787.0,SK이노베이션,096770
2024-11-28,117500.0,"상승  2,000",117300.0,118800.0,115000.0,211312.0,SK이노베이션,096770
2024-11-29,114600.0,"하락  2,900",117800.0,118000.0,113700.0,229589.0,SK이노베이션,096770
2024-12-02,113500.0,"하락  1,100",116700.0,117200.0,112900.0,185130.0,SK이노베이션,096770
2024-12-03,117600.0,"상승  4,100",114900.0,117900.0,114700.0,192774.0,SK이노베이션,096770
2024-12-04,113100.0,"하락  4,500",115400.0,117400.0,112100.0,291048.0,SK이노베이션,096770
2024-12-05,111300.0,"하락  1,800",113300.0,114000.0,111200.0,151041.0,SK이노베이션,096770
2024-12-06,114200.0,"상승  2,900",111300.0,115500.0,111200.0,298322.0,SK이노베이션,096770
2024-12-09,109100.0,"하락  5,100",113200.0,113500.0,107900.0,305943.0,SK이노베이션,096770
2024-12-10,118300.0,"상승  9,200",110100.0,118800.0,110100.0,368253.0,SK이노베이션,096770
2024-12-11,118600.0,상승  300,118300.0,119400.0,116600.0,177017.0,SK이노베이션,096770
2024-12-12,117700.0,하락  900,118800.0,120800.0,116100.0,359030.0,SK이노베이션,096770
2024-12-13,120500.0,"상승  2,800",117100.0,120500.0,116300.0,318501.0,SK이노베이션,096770
2024-12-16,121400.0,상승  900,120500.0,122100.0,119200.0,290433.0,SK이노베이션,096770
2024-12-17,119200.0,"하락  2,200",121600.0,122100.0,116900.0,348803.0,SK이노베이션,096770
2024-12-18,119000.0,하락  200,119700.0,120700.0,117400.0,190616.0,SK이노베이션,096770
2024-12-19,115100.0,"하락  3,900",116500.0,117000.0,114900.0,194424.0,SK이노베이션,096770
2024-12-20,116300.0,"상승  1,200",115100.0,119500.0,114100.0,245554.0,SK이노베이션,096770
2024-12-23,115100.0,"하락  1,200",117400.0,117400.0,112600.0,184254.0,SK이노베이션,096770
2024-12-24,112800.0,"하락  2,300",115100.0,115800.0,112800.0,122728.0,SK이노베이션,096770
2024-12-26,112500.0,하락  300,113600.0,115600.0,112500.0,153062.0,SK이노베이션,096770
2024-12-27,111000.0,"하락  1,500",111700.0,113700.0,110000.0,138924.0,SK이노베이션,096770
2024-12-30,112000.0,"상승  1,000",110300.0,114600.0,110300.0,126051.0,SK이노베이션,096770
2025-01-02,111000.0,"하락  1,000",112400.0,113700.0,110800.0,114727.0,SK이노베이션,096770
2025-01-03,119000.0,"상승  8,000",110800.0,119000.0,110800.0,354105.0,SK이노베이션,096770
2025-01-06,119000.0,보합0,119000.0,120100.0,117400.0,182514.0,SK이노베이션,096770
2025-01-07,122600.0,"상승  3,600",118600.0,123300.0,118600.0,492606.0,SK이노베이션,096770
2025-01-08,123800.0,"상승  1,200",121400.0,124200.0,121100.0,406507.0,SK이노베이션,096770
2025-01-09,127500.0,"상승  3,700",124500.0,131000.0,122500.0,1373828.0,SK이노베이션,096770
2025-01-10,124700.0,"하락  2,800",127500.0,127900.0,124600.0,447558.0,SK이노베이션,096770
2025-01-13,125500.0,상승  800,124600.0,126500.0,124000.0,275869.0,SK이노베이션,096770
2025-01-14,127200.0,"상승  1,700",126800.0,128100.0,125200.0,267356.0,SK이노베이션,096770
2025-01-15,125100.0,"하락  2,100",126800.0,128500.0,124600.0,209376.0,SK이노베이션,096770
2025-01-16,127600.0,"상승  2,500",127000.0,128500.0,125400.0,208716.0,SK이노베이션,096770
2025-01-17,128800.0,"상승  1,200",127100.0,130400.0,126600.0,298005.0,SK이노베이션,096770
2025-01-20,129400.0,상승  600,130000.0,131200.0,125900.0,233023.0,SK이노베이션,096770
2025-01-21,124600.0,"하락  4,800",129400.0,129400.0,123300.0,277474.0,SK이노베이션,096770
2025-01-22,127900.0,"상승  3,300",125900.0,129100.0,125100.0,233401.0,SK이노베이션,096770
2025-01-23,127100.0,하락  800,128800.0,128800.0,126100.0,168921.0,SK이노베이션,096770
2025-01-24,127100.0,보합0,128800.0,129800.0,126800.0,143727.0,SK이노베이션,096770
2025-01-31,127500.0,상승  400,129300.0,129800.0,126100.0,176246.0,SK이노베이션,096770
2025-02-03,120900.0,"하락  6,600",124800.0,124800.0,120300.0,234451.0,SK이노베이션,096770
2025-02-04,123400.0,"상승  2,500",123100.0,126900.0,122000.0,195019.0,SK이노베이션,096770
2025-02-05,125800.0,"상승  2,400",123500.0,126400.0,122900.0,155635.0,SK이노베이션,096770
2025-02-06,124500.0,"하락  1,300",124500.0,125500.0,120900.0,180135.0,SK이노베이션,096770
2025-02-07,121100.0,"하락  3,400",123600.0,125100.0,121100.0,136542.0,SK이노베이션,096770
2025-02-10,122100.0,"상승  1,000",120900.0,123400.0,120000.0,185265.0,SK이노베이션,096770
2025-02-11,120900.0,"하락  1,200",123400.0,124200.0,120500.0,191701.0,SK이노베이션,096770
2025-02-12,121900.0,"상승  1,000",121600.0,123500.0,120200.0,157638.0,SK이노베이션,096770
2025-02-13,124300.0,"상승  2,400",122100.0,124300.0,120300.0,393847.0,SK이노베이션,096770
2025-02-14,122000.0,"하락  2,300",123700.0,124000.0,121400.0,158652.0,SK이노베이션,096770
2025-02-17,128500.0,"상승  6,500",121800.0,128500.0,120700.0,331331.0,SK이노베이션,096770
2025-02-18,128800.0,상승  300,128100.0,129400.0,126700.0,207974.0,SK이노베이션,096770
2025-02-19,130000.0,"상승  1,200",129300.0,130200.0,127800.0,248643.0,SK이노베이션,096770
2025-02-20,131400.0,"상승  1,400",130000.0,133200.0,128600.0,341348.0,SK이노베이션,096770
2025-02-21,132400.0,"상승  1,000",132500.0,133400.0,130900.0,243030.0,SK이노베이션,096770
2025-02-24,133900.0,"상승  1,500",132700.0,134000.0,131600.0,247440.0,SK이노베이션,096770
2025-02-25,128800.0,"하락  5,100",132700.0,132700.0,128000.0,227745.0,SK이노베이션,096770
2025-02-26,130800.0,"상승  2,000",128800.0,131500.0,128200.0,178693.0,SK이노베이션,096770
2025-02-27,132100.0,"상승  1,300",130700.0,132100.0,129300.0,251609.0,SK이노베이션,096770
2025-02-28,125700.0,"하락  6,400",130500.0,130800.0,125700.0,814483.0,SK이노베이션,096770
2025-03-04,124200.0,"하락  1,500",125500.0,126800.0,122600.0,197545.0,SK이노베이션,096770
2025-03-05,126700.0,"상승  2,500",124000.0,127400.0,124000.0,168056.0,SK이노베이션,096770
2025-03-06,126500.0,하락  200,127700.0,129900.0,123800.0,196054.0,SK이노베이션,096770
2025-03-07,128000.0,"상승  1,500",125100.0,128300.0,124000.0,181312.0,SK이노베이션,096770
2025-03-10,135700.0,"상승  7,700",130000.0,135700.0,129100.0,886360.0,SK이노베이션,096770
2025-03-11,134400.0,"하락  1,300",133400.0,137000.0,131000.0,373162.0,SK이노베이션,096770
2025-03-12,138600.0,"상승  4,200",134100.0,138600.0,133100.0,390033.0,SK이노베이션,096770
2025-03-13,139200.0,상승  600,138600.0,140200.0,135600.0,1044354.0,SK이노베이션,096770
2025-03-14,132000.0,"하락  7,200",137500.0,137500.0,130800.0,331659.0,SK이노베이션,096770
2025-03-17,126200.0,"하락  5,800",130600.0,132000.0,125200.0,369244.0,SK이노베이션,096770
2025-03-18,126100.0,하락  100,127100.0,128000.0,125200.0,181875.0,SK이노베이션,096770
2025-03-19,124600.0,"하락  1,500",126100.0,128300.0,123300.0,316698.0,SK이노베이션,096770
2025-03-20,125200.0,상승  600,131700.0,133500.0,124300.0,616815.0,SK이노베이션,096770
2025-03-21,123400.0,"하락  1,800",125200.0,125700.0,121100.0,353512.0,SK이노베이션,096770
2025-03-24,125500.0,"상승  2,100",123400.0,127000.0,123400.0,203566.0,SK이노베이션,096770
2025-03-25,124100.0,"하락  1,400",125800.0,126500.0,123500.0,135819.0,SK이노베이션,096770
2025-03-26,126000.0,"상승  1,900",124200.0,126400.0,123800.0,132217.0,SK이노베이션,096770
2025-03-27,121900.0,"하락  4,100",124300.0,124900.0,121200.0,142172.0,SK이노베이션,096770
2025-03-28,121000.0,하락  900,122300.0,122300.0,119700.0,134770.0,SK이노베이션,096770
2025-03-31,112400.0,"하락  8,600",118500.0,119300.0,111600.0,322282.0,SK이노베이션,096770
2025-04-01,110100.0,"하락  2,300",112500.0,113600.0,109400.0,305814.0,SK이노베이션,096770
2025-04-02,106200.0,"하락  3,900",110900.0,111000.0,104750.0,462467.0,SK이노베이션,096770
2025-04-03,102700.0,"하락  3,500",102800.0,104000.0,101800.0,406025.0,SK이노베이션,096770
2025-04-04,105300.0,"상승  2,600",101800.0,106000.0,100800.0,398913.0,SK이노베이션,096770
2025-04-07,97700.0,"하락  7,600",101100.0,101300.0,97000.0,454319.0,SK이노베이션,096770
2025-04-08,96900.0,하락  800,99500.0,100100.0,96300.0,372704.0,SK이노베이션,096770
2025-04-09,92700.0,"하락  4,200",95500.0,97600.0,92600.0,393993.0,SK이노베이션,096770
2025-04-10,102200.0,"상승  9,500",100000.0,102200.0,97000.0,706492.0,SK이노베이션,096770
2025-04-11,97300.0,"하락  4,900",99700.0,99700.0,96000.0,429483.0,SK이노베이션,096770
2025-04-14,97800.0,상승  500,98000.0,99900.0,97200.0,239010.0,SK이노베이션,096770
2025-04-15,97700.0,하락  100,98600.0,98600.0,97000.0,153910.0,SK이노베이션,096770
2025-04-16,94100.0,"하락  3,600",98100.0,99000.0,93500.0,319004.0,SK이노베이션,096770
2025-04-17,93600.0,하락  500,94900.0,94900.0,93300.0,318905.0,SK이노베이션,096770
2025-04-18,93600.0,보합0,94200.0,94200.0,93000.0,203280.0,SK이노베이션,096770
2025-04-21,92600.0,"하락  1,000",93600.0,94100.0,92200.0,203372.0,SK이노베이션,096770
2025-04-22,92100.0,하락  500,92100.0,93200.0,91800.0,148051.0,SK이노베이션,096770
2025-04-23,95700.0,"상승  3,600",93700.0,95800.0,93500.0,278213.0,SK이노베이션,096770
2025-04-24,94900.0,하락  800,96500.0,96500.0,94000.0,183307.0,SK이노베이션,096770
2025-04-25,95500.0,상승  600,95600.0,96300.0,94500.0,208145.0,SK이노베이션,096770
2025-04-28,95900.0,상승  400,95700.0,96700.0,95300.0,168590.0,SK이노베이션,096770
2025-04-29,96800.0,상승  900,96000.0,97900.0,95000.0,261682.0,SK이노베이션,096770
2025-04-30,94400.0,"하락  2,400",95800.0,96800.0,93400.0,306828.0,SK이노베이션,096770
2025-05-02,93400.0,"하락  1,000",93500.0,94100.0,91900.0,204897.0,SK이노베이션,096770
2025-05-07,93000.0,하락  400,94500.0,94700.0,92600.0,197243.0,SK이노베이션,096770
2025-05-08,93500.0,상승  500,93000.0,94000.0,92600.0,309396.0,SK이노베이션,096770
2025-05-09,90800.0,"하락  2,700",93500.0,93600.0,90800.0,347760.0,SK이노베이션,096770
2025-05-12,92600.0,"상승  1,800",91200.0,93000.0,91200.0,222864.0,SK이노베이션,096770
2025-05-13,90200.0,"하락  2,400",92300.0,93000.0,90100.0,357856.0,SK이노베이션,096770
2025-05-14,89800.0,하락  400,90700.0,90800.0,88900.0,277731.0,SK이노베이션,096770
2025-05-15,88400.0,"하락  1,400",89100.0,89600.0,88200.0,290782.0,SK이노베이션,096770
2025-05-16,87400.0,"하락  1,000",88400.0,88700.0,87200.0,210981.0,SK이노베이션,096770
2025-05-19,87700.0,상승  300,87100.0,89500.0,87000.0,231502.0,SK이노베이션,096770
2025-05-20,84500.0,"하락  3,200",88500.0,88600.0,83800.0,372257.0,SK이노베이션,096770
2025-05-21,84300.0,하락  200,84500.0,86200.0,84100.0,203670.0,SK이노베이션,096770
2025-05-22,84600.0,상승  300,83600.0,85400.0,81500.0,332109.0,SK이노베이션,096770
2025-05-23,81100.0,"하락  3,500",84200.0,84600.0,80800.0,350742.0,SK이노베이션,096770
2025-05-26,83500.0,"상승  2,400",80900.0,84300.0,80900.0,333449.0,SK이노베이션,096770
2025-05-27,82000.0,"하락  1,500",82700.0,83300.0,81400.0,193784.0,SK이노베이션,096770
2025-05-28,86800.0,"상승  4,800",82000.0,87300.0,81800.0,440917.0,SK이노베이션,096770
2025-05-29,89800.0,"상승  3,000",87200.0,90700.0,86050.0,504385.0,SK이노베이션,096770
2025-05-30,89800.0,보합0,89800.0,89800.0,89800.0,0.0,SK이노베이션,096770
