날짜,종가,전일비,시가,고가,저가,거래량,회사명,종목코드
2020-03-16,80600.0,"하락  1,900",83700.0,84800.0,80400.0,5097762.0,SK하이닉스,000660
2020-03-17,80400.0,하락  200,77500.0,83100.0,77000.0,7107436.0,SK하이닉스,000660
2020-03-18,73100.0,"하락  7,300",81600.0,82500.0,73000.0,7949482.0,SK하이닉스,000660
2020-03-19,69000.0,"하락  4,100",75500.0,75800.0,65800.0,11140367.0,SK하이닉스,000660
2020-03-20,74800.0,"상승  5,800",71800.0,76200.0,70100.0,8750101.0,SK하이닉스,000660
2020-03-23,69400.0,"하락  5,400",69700.0,71600.0,68000.0,8192363.0,SK하이닉스,000660
2020-03-24,78700.0,"상승  9,300",73000.0,78800.0,72100.0,7247345.0,SK하이닉스,000660
2020-03-25,84500.0,"상승  5,800",82000.0,84700.0,79800.0,8787217.0,SK하이닉스,000660
2020-03-26,80700.0,"하락  3,800",85000.0,87900.0,80400.0,7895289.0,SK하이닉스,000660
2020-03-27,83300.0,"상승  2,600",85700.0,85700.0,80500.0,8085695.0,SK하이닉스,000660
2020-03-30,83700.0,상승  400,81000.0,84900.0,80000.0,5270037.0,SK하이닉스,000660
2020-03-31,83300.0,하락  400,84000.0,85500.0,82000.0,5333479.0,SK하이닉스,000660
2020-04-01,78400.0,"하락  4,900",82100.0,83200.0,78400.0,6845675.0,SK하이닉스,000660
2020-04-02,80000.0,"상승  1,600",78800.0,80000.0,76500.0,5394371.0,SK하이닉스,000660
2020-04-03,79600.0,하락  400,80000.0,80800.0,78500.0,3755301.0,SK하이닉스,000660
2020-04-06,83100.0,"상승  3,500",81000.0,83300.0,80200.0,5784159.0,SK하이닉스,000660
2020-04-07,85800.0,"상승  2,700",86600.0,86700.0,83700.0,6188649.0,SK하이닉스,000660
2020-04-08,84500.0,"하락  1,300",85800.0,86500.0,84500.0,3749575.0,SK하이닉스,000660
2020-04-09,85000.0,상승  500,86200.0,86500.0,84500.0,3555538.0,SK하이닉스,000660
2020-04-10,84100.0,하락  900,84000.0,84400.0,83000.0,3675338.0,SK하이닉스,000660
2020-04-13,81400.0,"하락  2,700",83200.0,83400.0,81100.0,3615318.0,SK하이닉스,000660
2020-04-14,82300.0,상승  900,82200.0,83700.0,81200.0,3344109.0,SK하이닉스,000660
2020-04-16,81300.0,"하락  1,000",80600.0,82300.0,80600.0,4470072.0,SK하이닉스,000660
2020-04-17,84100.0,"상승  2,800",83600.0,85900.0,83200.0,6205624.0,SK하이닉스,000660
2020-04-20,82000.0,"하락  2,100",83900.0,83900.0,82000.0,5027876.0,SK하이닉스,000660
2020-04-21,81300.0,하락  700,80600.0,82200.0,80200.0,5090721.0,SK하이닉스,000660
2020-04-22,83900.0,"상승  2,600",80600.0,83900.0,80000.0,5335787.0,SK하이닉스,000660
2020-04-23,82600.0,"하락  1,300",85200.0,85200.0,82000.0,6519481.0,SK하이닉스,000660
2020-04-24,81400.0,"하락  1,200",82000.0,82500.0,80800.0,3193144.0,SK하이닉스,000660
2020-04-27,82600.0,"상승  1,200",81700.0,83200.0,81200.0,3235430.0,SK하이닉스,000660
2020-04-28,83400.0,상승  800,82500.0,83900.0,82400.0,3205535.0,SK하이닉스,000660
2020-04-29,83700.0,상승  300,83500.0,84800.0,82900.0,3750568.0,SK하이닉스,000660
2020-05-04,81000.0,"하락  2,700",82900.0,82900.0,80800.0,5280026.0,SK하이닉스,000660
2020-05-06,82400.0,"상승  1,400",82000.0,82500.0,80900.0,3351424.0,SK하이닉스,000660
2020-05-07,82400.0,보합0,82400.0,83400.0,81800.0,2660512.0,SK하이닉스,000660
2020-05-08,85000.0,"상승  2,600",83000.0,85500.0,83000.0,5039635.0,SK하이닉스,000660
2020-05-11,84500.0,하락  500,84500.0,85200.0,84100.0,2800047.0,SK하이닉스,000660
2020-05-12,85700.0,"상승  1,200",84500.0,86500.0,83200.0,3574409.0,SK하이닉스,000660
2020-05-13,83600.0,"하락  2,100",83500.0,84100.0,83000.0,5371416.0,SK하이닉스,000660
2020-05-14,80600.0,"하락  3,000",82200.0,82500.0,80600.0,6409652.0,SK하이닉스,000660
2020-05-15,81900.0,"상승  1,300",81500.0,82300.0,80700.0,4168866.0,SK하이닉스,000660
2020-05-18,81100.0,하락  800,80400.0,81800.0,79200.0,5294177.0,SK하이닉스,000660
2020-05-19,82700.0,"상승  1,600",82400.0,83200.0,81700.0,4620614.0,SK하이닉스,000660
2020-05-20,84100.0,"상승  1,400",81900.0,84200.0,81800.0,3924403.0,SK하이닉스,000660
2020-05-21,83400.0,하락  700,84900.0,84900.0,83200.0,2678953.0,SK하이닉스,000660
2020-05-22,81300.0,"하락  2,100",83100.0,83300.0,81000.0,3471700.0,SK하이닉스,000660
2020-05-25,81400.0,상승  100,81500.0,81800.0,80500.0,2850294.0,SK하이닉스,000660
2020-05-26,81900.0,상승  500,80600.0,82100.0,80600.0,3040122.0,SK하이닉스,000660
2020-05-27,81400.0,하락  500,81100.0,82700.0,81000.0,2946278.0,SK하이닉스,000660
2020-05-28,83900.0,"상승  2,500",84100.0,85400.0,82400.0,9227823.0,SK하이닉스,000660
2020-05-29,81500.0,"하락  2,400",82600.0,82700.0,81300.0,6815185.0,SK하이닉스,000660
2020-06-01,83600.0,"상승  2,100",82100.0,83700.0,82100.0,4205357.0,SK하이닉스,000660
2020-06-02,83300.0,하락  300,82700.0,83600.0,82700.0,3114162.0,SK하이닉스,000660
2020-06-03,88700.0,"상승  5,400",83400.0,89200.0,83400.0,11642239.0,SK하이닉스,000660
2020-06-04,87700.0,"하락  1,000",90000.0,91600.0,87100.0,6678244.0,SK하이닉스,000660
2020-06-05,90400.0,"상승  2,700",88500.0,90800.0,87700.0,4000557.0,SK하이닉스,000660
2020-06-08,91000.0,상승  600,93000.0,93000.0,90600.0,3789382.0,SK하이닉스,000660
2020-06-09,89800.0,"하락  1,200",91000.0,92000.0,89100.0,3410081.0,SK하이닉스,000660
2020-06-10,90800.0,"상승  1,000",89800.0,91100.0,89400.0,3045250.0,SK하이닉스,000660
2020-06-11,88500.0,"하락  2,300",89300.0,90300.0,87500.0,5467344.0,SK하이닉스,000660
2020-06-12,85200.0,"하락  3,300",84500.0,85800.0,84500.0,4742329.0,SK하이닉스,000660
2020-06-15,82000.0,"하락  3,200",84100.0,86500.0,82000.0,4710114.0,SK하이닉스,000660
2020-06-16,85400.0,"상승  3,400",83400.0,85700.0,83300.0,3518785.0,SK하이닉스,000660
2020-06-17,86800.0,"상승  1,400",84800.0,87400.0,83500.0,4160612.0,SK하이닉스,000660
2020-06-18,86200.0,하락  600,86100.0,86800.0,85400.0,2484147.0,SK하이닉스,000660
2020-06-19,85400.0,하락  800,86500.0,87000.0,84500.0,3216102.0,SK하이닉스,000660
2020-06-22,84900.0,하락  500,84400.0,85900.0,84300.0,2167216.0,SK하이닉스,000660
2020-06-23,84100.0,하락  800,85600.0,86200.0,83900.0,2955819.0,SK하이닉스,000660
2020-06-24,86000.0,"상승  1,900",84200.0,87400.0,84000.0,4079834.0,SK하이닉스,000660
2020-06-25,84300.0,"하락  1,700",84300.0,85600.0,84000.0,3397112.0,SK하이닉스,000660
2020-06-26,84600.0,상승  300,86000.0,86100.0,84500.0,2889494.0,SK하이닉스,000660
2020-06-29,83600.0,"하락  1,000",84000.0,85300.0,83500.0,2932433.0,SK하이닉스,000660
2020-06-30,85100.0,"상승  1,500",86200.0,87300.0,85000.0,4983607.0,SK하이닉스,000660
2020-07-01,85300.0,상승  200,86800.0,87300.0,84900.0,2382552.0,SK하이닉스,000660
2020-07-02,84400.0,하락  900,84800.0,85200.0,84000.0,3295340.0,SK하이닉스,000660
2020-07-03,85400.0,"상승  1,000",85000.0,85600.0,84500.0,2195897.0,SK하이닉스,000660
2020-07-06,86000.0,상승  600,86000.0,87000.0,85800.0,2561766.0,SK하이닉스,000660
2020-07-07,84800.0,"하락  1,200",87300.0,87300.0,84600.0,3196352.0,SK하이닉스,000660
2020-07-08,83700.0,"하락  1,100",83800.0,84900.0,83600.0,3523620.0,SK하이닉스,000660
2020-07-09,83000.0,하락  700,84200.0,84600.0,83000.0,4002365.0,SK하이닉스,000660
2020-07-10,82800.0,하락  200,83300.0,83500.0,82400.0,2201557.0,SK하이닉스,000660
2020-07-13,83000.0,상승  200,83100.0,83500.0,82500.0,2080934.0,SK하이닉스,000660
2020-07-14,82900.0,하락  100,82600.0,82900.0,82000.0,2048671.0,SK하이닉스,000660
2020-07-15,83000.0,상승  100,83100.0,83900.0,82900.0,3024429.0,SK하이닉스,000660
2020-07-16,82700.0,하락  300,83000.0,83100.0,82300.0,2312310.0,SK하이닉스,000660
2020-07-17,82900.0,상승  200,82700.0,83500.0,82600.0,1579078.0,SK하이닉스,000660
2020-07-20,82200.0,하락  700,82800.0,83000.0,82100.0,2008624.0,SK하이닉스,000660
2020-07-21,84100.0,"상승  1,900",83400.0,84700.0,83000.0,4181015.0,SK하이닉스,000660
2020-07-22,83200.0,하락  900,84100.0,84200.0,82900.0,2876295.0,SK하이닉스,000660
2020-07-23,82400.0,하락  800,84000.0,84000.0,82300.0,3591647.0,SK하이닉스,000660
2020-07-24,83700.0,"상승  1,300",82300.0,83700.0,82200.0,3667416.0,SK하이닉스,000660
2020-07-27,82800.0,하락  900,83100.0,84000.0,82800.0,2784652.0,SK하이닉스,000660
2020-07-28,83100.0,상승  300,83900.0,83900.0,82700.0,4538720.0,SK하이닉스,000660
2020-07-29,83200.0,상승  100,82900.0,83800.0,82600.0,3719681.0,SK하이닉스,000660
2020-07-30,85300.0,"상승  2,100",83300.0,86400.0,83000.0,6870841.0,SK하이닉스,000660
2020-07-31,82800.0,"하락  2,500",85700.0,86000.0,82800.0,4848989.0,SK하이닉스,000660
2020-08-03,81800.0,"하락  1,000",82400.0,82600.0,81500.0,3483106.0,SK하이닉스,000660
2020-08-04,81600.0,하락  200,81800.0,82500.0,81400.0,3005937.0,SK하이닉스,000660
2020-08-05,80700.0,하락  900,81200.0,81300.0,80500.0,4537005.0,SK하이닉스,000660
2020-08-06,81100.0,상승  400,80700.0,81900.0,80700.0,3391939.0,SK하이닉스,000660
2020-08-07,80600.0,하락  500,81200.0,81300.0,80000.0,4946631.0,SK하이닉스,000660
2020-08-10,81400.0,상승  800,80100.0,81900.0,79800.0,3277238.0,SK하이닉스,000660
2020-08-11,81300.0,하락  100,81700.0,82000.0,81000.0,3234013.0,SK하이닉스,000660
2020-08-12,81000.0,하락  300,81100.0,81300.0,80200.0,3595828.0,SK하이닉스,000660
2020-08-13,80700.0,하락  300,81900.0,82000.0,80300.0,4049387.0,SK하이닉스,000660
2020-08-14,80200.0,하락  500,80200.0,81100.0,80100.0,2589552.0,SK하이닉스,000660
2020-08-18,78100.0,"하락  2,100",80000.0,80200.0,78000.0,4946279.0,SK하이닉스,000660
2020-08-19,75000.0,"하락  3,100",77300.0,78000.0,75000.0,8028305.0,SK하이닉스,000660
2020-08-20,71800.0,"하락  3,200",74400.0,74400.0,71300.0,7260223.0,SK하이닉스,000660
2020-08-21,74500.0,"상승  2,700",72800.0,77000.0,72500.0,7700029.0,SK하이닉스,000660
2020-08-24,75500.0,"상승  1,000",74600.0,77200.0,73700.0,4298619.0,SK하이닉스,000660
2020-08-25,77000.0,"상승  1,500",76300.0,77700.0,75400.0,3473488.0,SK하이닉스,000660
2020-08-26,78800.0,"상승  1,800",78000.0,79100.0,77100.0,4741965.0,SK하이닉스,000660
2020-08-27,79100.0,상승  300,80200.0,80200.0,78800.0,4223450.0,SK하이닉스,000660
2020-08-28,77800.0,"하락  1,300",79500.0,79600.0,77700.0,2511956.0,SK하이닉스,000660
2020-08-31,75100.0,"하락  2,700",78200.0,78800.0,75100.0,5113128.0,SK하이닉스,000660
2020-09-01,75200.0,상승  100,75200.0,76500.0,75200.0,2538676.0,SK하이닉스,000660
2020-09-02,75500.0,상승  300,75900.0,76400.0,74900.0,2369360.0,SK하이닉스,000660
2020-09-03,78700.0,"상승  3,200",77700.0,79700.0,77200.0,7002529.0,SK하이닉스,000660
2020-09-04,78700.0,보합0,76400.0,79400.0,76100.0,4582566.0,SK하이닉스,000660
2020-09-07,78400.0,하락  300,78600.0,79500.0,77600.0,2786930.0,SK하이닉스,000660
2020-09-08,79400.0,"상승  1,000",78700.0,80000.0,78200.0,3380355.0,SK하이닉스,000660
2020-09-09,77300.0,"하락  2,100",77900.0,78400.0,77200.0,3918435.0,SK하이닉스,000660
2020-09-10,76600.0,하락  700,78000.0,78200.0,76600.0,3541520.0,SK하이닉스,000660
2020-09-11,78400.0,"상승  1,800",76700.0,78500.0,76300.0,2831262.0,SK하이닉스,000660
2020-09-14,80000.0,"상승  1,600",79100.0,80100.0,78900.0,4099644.0,SK하이닉스,000660
2020-09-15,81900.0,"상승  1,900",81300.0,82100.0,80200.0,5899410.0,SK하이닉스,000660
2020-09-16,81500.0,하락  400,81700.0,82400.0,80500.0,3119110.0,SK하이닉스,000660
2020-09-17,82200.0,상승  700,81900.0,82900.0,81200.0,4055050.0,SK하이닉스,000660
2020-09-18,83700.0,"상승  1,500",82900.0,83900.0,82200.0,5199334.0,SK하이닉스,000660
2020-09-21,84500.0,상승  800,83700.0,85000.0,83600.0,4102947.0,SK하이닉스,000660
2020-09-22,81300.0,"하락  3,200",84400.0,84800.0,80200.0,4139983.0,SK하이닉스,000660
2020-09-23,83600.0,"상승  2,300",82300.0,84800.0,80500.0,4439085.0,SK하이닉스,000660
2020-09-24,84300.0,상승  700,82800.0,85400.0,82300.0,6401560.0,SK하이닉스,000660
2020-09-25,82900.0,"하락  1,400",85800.0,85900.0,82200.0,3205596.0,SK하이닉스,000660
2020-09-28,82500.0,하락  400,83400.0,83700.0,81300.0,3154068.0,SK하이닉스,000660
2020-09-29,84000.0,"상승  1,500",83100.0,84900.0,82200.0,4707898.0,SK하이닉스,000660
2020-10-05,83200.0,하락  800,83000.0,84100.0,82300.0,3396894.0,SK하이닉스,000660
2020-10-06,83000.0,하락  200,84000.0,84200.0,82600.0,2750145.0,SK하이닉스,000660
2020-10-07,83400.0,상승  400,82900.0,83700.0,82500.0,2254356.0,SK하이닉스,000660
2020-10-08,82900.0,하락  500,84300.0,84500.0,82900.0,3330824.0,SK하이닉스,000660
2020-10-12,85500.0,"상승  2,600",83900.0,85500.0,83500.0,4464264.0,SK하이닉스,000660
2020-10-13,88200.0,"상승  2,700",85500.0,89000.0,84600.0,6375448.0,SK하이닉스,000660
2020-10-14,86500.0,"하락  1,700",88000.0,88900.0,86100.0,3223767.0,SK하이닉스,000660
2020-10-15,87100.0,상승  600,86100.0,87300.0,85900.0,2802900.0,SK하이닉스,000660
2020-10-16,85300.0,"하락  1,800",87000.0,87900.0,84900.0,2435541.0,SK하이닉스,000660
2020-10-19,86700.0,"상승  1,400",86100.0,87900.0,85800.0,3150011.0,SK하이닉스,000660
2020-10-20,85200.0,"하락  1,500",85300.0,90900.0,83700.0,6622637.0,SK하이닉스,000660
2020-10-21,83800.0,"하락  1,400",85300.0,86200.0,82800.0,4925877.0,SK하이닉스,000660
2020-10-22,83300.0,하락  500,84200.0,84300.0,82500.0,2593975.0,SK하이닉스,000660
2020-10-23,83900.0,상승  600,82800.0,84700.0,82300.0,2609595.0,SK하이닉스,000660
2020-10-26,83200.0,하락  700,84300.0,84700.0,83000.0,1662847.0,SK하이닉스,000660
2020-10-27,82600.0,하락  600,82300.0,83400.0,81800.0,2265817.0,SK하이닉스,000660
2020-10-28,82900.0,상승  300,82100.0,83600.0,82000.0,1773556.0,SK하이닉스,000660
2020-10-29,81700.0,"하락  1,200",81900.0,82400.0,81000.0,2637314.0,SK하이닉스,000660
2020-10-30,79900.0,"하락  1,800",81600.0,82100.0,79900.0,2710477.0,SK하이닉스,000660
2020-11-02,79600.0,하락  300,80200.0,80600.0,79200.0,2000394.0,SK하이닉스,000660
2020-11-03,81400.0,"상승  1,800",79600.0,81400.0,79600.0,2057723.0,SK하이닉스,000660
2020-11-04,83200.0,"상승  1,800",82100.0,84400.0,81200.0,3782296.0,SK하이닉스,000660
2020-11-05,86100.0,"상승  2,900",84100.0,86200.0,83300.0,4082325.0,SK하이닉스,000660
2020-11-06,86300.0,상승  200,86500.0,87700.0,86000.0,2863808.0,SK하이닉스,000660
2020-11-09,86000.0,하락  300,86500.0,87300.0,85600.0,2444330.0,SK하이닉스,000660
2020-11-10,86500.0,상승  500,86900.0,87200.0,85900.0,2849783.0,SK하이닉스,000660
2020-11-11,87000.0,상승  500,86100.0,87200.0,85900.0,2638617.0,SK하이닉스,000660
2020-11-12,88100.0,"상승  1,100",87600.0,88400.0,87000.0,4006433.0,SK하이닉스,000660
2020-11-13,89700.0,"상승  1,600",88100.0,90000.0,87500.0,3774278.0,SK하이닉스,000660
2020-11-16,98000.0,"상승  8,300",92100.0,98100.0,91100.0,9274278.0,SK하이닉스,000660
2020-11-17,98100.0,상승  100,97400.0,99600.0,96500.0,5218295.0,SK하이닉스,000660
2020-11-18,98000.0,하락  100,99800.0,100500.0,96600.0,3734037.0,SK하이닉스,000660
2020-11-19,98200.0,상승  200,96200.0,98300.0,96000.0,2766688.0,SK하이닉스,000660
2020-11-20,96800.0,"하락  1,400",99000.0,99000.0,96800.0,2424003.0,SK하이닉스,000660
2020-11-23,100000.0,"상승  3,200",97300.0,101000.0,96600.0,4149013.0,SK하이닉스,000660
2020-11-24,98600.0,"하락  1,400",101000.0,102000.0,98300.0,3766043.0,SK하이닉스,000660
2020-11-25,97200.0,"하락  1,400",100500.0,100500.0,96300.0,4081524.0,SK하이닉스,000660
2020-11-26,99400.0,"상승  2,200",96800.0,99500.0,96300.0,2933290.0,SK하이닉스,000660
2020-11-27,98800.0,하락  600,99600.0,99900.0,98200.0,1976047.0,SK하이닉스,000660
2020-11-30,97500.0,"하락  1,300",99700.0,99800.0,97300.0,3877841.0,SK하이닉스,000660
2020-12-01,100500.0,"상승  3,000",98600.0,101500.0,97800.0,4455519.0,SK하이닉스,000660
2020-12-02,109000.0,"상승  8,500",103000.0,109500.0,103000.0,7488361.0,SK하이닉스,000660
2020-12-03,111500.0,"상승  2,500",110500.0,114500.0,109000.0,6617912.0,SK하이닉스,000660
2020-12-04,115000.0,"상승  3,500",116000.0,119500.0,112500.0,8258814.0,SK하이닉스,000660
2020-12-07,118000.0,"상승  3,000",118500.0,120000.0,116000.0,5191354.0,SK하이닉스,000660
2020-12-08,115000.0,"하락  3,000",118000.0,118000.0,114000.0,4536460.0,SK하이닉스,000660
2020-12-09,120500.0,"상승  5,500",116000.0,121000.0,115000.0,5490760.0,SK하이닉스,000660
2020-12-10,116500.0,"하락  4,000",117000.0,118500.0,115500.0,8205744.0,SK하이닉스,000660
2020-12-11,115500.0,"하락  1,000",118000.0,118000.0,115000.0,3944552.0,SK하이닉스,000660
2020-12-14,117000.0,"상승  1,500",116000.0,119000.0,115500.0,3066761.0,SK하이닉스,000660
2020-12-15,117500.0,상승  500,118500.0,118500.0,115000.0,2755902.0,SK하이닉스,000660
2020-12-16,117500.0,보합0,119000.0,119500.0,117000.0,2213552.0,SK하이닉스,000660
2020-12-17,119500.0,"상승  2,000",118500.0,119500.0,117000.0,3649945.0,SK하이닉스,000660
2020-12-18,118500.0,"하락  1,000",118500.0,119000.0,117500.0,3010798.0,SK하이닉스,000660
2020-12-21,116000.0,"하락  2,500",118000.0,118000.0,114500.0,3585805.0,SK하이닉스,000660
2020-12-22,112500.0,"하락  3,500",115000.0,115500.0,112500.0,4270842.0,SK하이닉스,000660
2020-12-23,116000.0,"상승  3,500",113000.0,116000.0,112500.0,3173156.0,SK하이닉스,000660
2020-12-24,118000.0,"상승  2,000",116000.0,118500.0,115500.0,3486636.0,SK하이닉스,000660
2020-12-28,115500.0,"하락  2,500",119000.0,119500.0,115000.0,4825132.0,SK하이닉스,000660
2020-12-29,116000.0,상승  500,118000.0,118500.0,114000.0,4208916.0,SK하이닉스,000660
2020-12-30,118500.0,"상승  2,500",116000.0,118500.0,114500.0,4195192.0,SK하이닉스,000660
2021-01-04,126000.0,"상승  7,500",124500.0,128000.0,120500.0,7995016.0,SK하이닉스,000660
2021-01-05,130500.0,"상승  4,500",124500.0,132500.0,124000.0,7180224.0,SK하이닉스,000660
2021-01-06,131000.0,상승  500,132500.0,137000.0,130000.0,8525749.0,SK하이닉스,000660
2021-01-07,134500.0,"상승  3,500",132500.0,137500.0,131500.0,5981299.0,SK하이닉스,000660
2021-01-08,138000.0,"상승  3,500",136000.0,138000.0,132500.0,8713010.0,SK하이닉스,000660
2021-01-11,133000.0,"하락  5,000",138000.0,140000.0,131000.0,11154671.0,SK하이닉스,000660
2021-01-12,129000.0,"하락  4,000",132000.0,133500.0,125500.0,8700877.0,SK하이닉스,000660
2021-01-13,133000.0,"상승  4,000",129000.0,133500.0,128500.0,6791044.0,SK하이닉스,000660
2021-01-14,130500.0,"하락  2,500",132500.0,133000.0,129000.0,5380278.0,SK하이닉스,000660
2021-01-15,127500.0,"하락  3,000",133000.0,135000.0,127000.0,4838114.0,SK하이닉스,000660
2021-01-18,130000.0,"상승  2,500",126000.0,131000.0,125000.0,5927419.0,SK하이닉스,000660
2021-01-19,130500.0,상승  500,131000.0,132000.0,128500.0,4513315.0,SK하이닉스,000660
2021-01-20,130500.0,보합0,134000.0,135000.0,130000.0,4913282.0,SK하이닉스,000660
2021-01-21,131500.0,"상승  1,000",131500.0,133000.0,130000.0,3067677.0,SK하이닉스,000660
2021-01-22,128500.0,"하락  3,000",131500.0,132000.0,128500.0,3927767.0,SK하이닉스,000660
2021-01-25,135000.0,"상승  6,500",130000.0,135000.0,129500.0,5061864.0,SK하이닉스,000660
2021-01-26,129000.0,"하락  6,000",134000.0,134000.0,128500.0,6270106.0,SK하이닉스,000660
2021-01-27,128500.0,하락  500,129500.0,132000.0,127500.0,5068456.0,SK하이닉스,000660
2021-01-28,123000.0,"하락  5,500",124000.0,125500.0,121500.0,6270829.0,SK하이닉스,000660
2021-01-29,122500.0,하락  500,128500.0,128500.0,121500.0,7391307.0,SK하이닉스,000660
2021-02-01,125000.0,"상승  2,500",121000.0,126000.0,118000.0,5620305.0,SK하이닉스,000660
2021-02-02,130000.0,"상승  5,000",128500.0,132500.0,127000.0,4880067.0,SK하이닉스,000660
2021-02-03,130000.0,보합0,131000.0,131500.0,128500.0,3693688.0,SK하이닉스,000660
2021-02-04,125000.0,"하락  5,000",127500.0,128500.0,124000.0,4600618.0,SK하이닉스,000660
2021-02-05,127500.0,"상승  2,500",126500.0,128000.0,124500.0,3497303.0,SK하이닉스,000660
2021-02-08,125000.0,"하락  2,500",127500.0,128000.0,125000.0,2876471.0,SK하이닉스,000660
2021-02-09,125500.0,상승  500,127500.0,130000.0,125000.0,5177095.0,SK하이닉스,000660
2021-02-10,126000.0,상승  500,125500.0,127000.0,124500.0,4262526.0,SK하이닉스,000660
2021-02-15,132000.0,"상승  6,000",130000.0,132500.0,130000.0,5384526.0,SK하이닉스,000660
2021-02-16,132500.0,상승  500,132500.0,134000.0,130500.0,3218689.0,SK하이닉스,000660
2021-02-17,130000.0,"하락  2,500",131000.0,131000.0,128000.0,3621178.0,SK하이닉스,000660
2021-02-18,126000.0,"하락  4,000",128500.0,130000.0,125500.0,3792425.0,SK하이닉스,000660
2021-02-19,133000.0,"상승  7,000",129000.0,133000.0,128500.0,6986526.0,SK하이닉스,000660
2021-02-22,136500.0,"상승  3,500",136000.0,139500.0,135000.0,7961516.0,SK하이닉스,000660
2021-02-23,138500.0,"상승  2,000",133500.0,140000.0,131500.0,6400037.0,SK하이닉스,000660
2021-02-24,136000.0,"하락  2,500",137500.0,143500.0,134000.0,9074809.0,SK하이닉스,000660
2021-02-25,148500.0,"상승  12,500",141000.0,149500.0,140000.0,9936495.0,SK하이닉스,000660
2021-02-26,141500.0,"하락  7,000",143500.0,145000.0,138000.0,10843268.0,SK하이닉스,000660
2021-03-02,144500.0,"상승  3,000",149000.0,150500.0,141000.0,9376523.0,SK하이닉스,000660
2021-03-03,147000.0,"상승  2,500",142500.0,147000.0,139500.0,5827221.0,SK하이닉스,000660
2021-03-04,142000.0,"하락  5,000",143000.0,145500.0,139500.0,6586562.0,SK하이닉스,000660
2021-03-05,140000.0,"하락  2,000",138000.0,141500.0,136500.0,6091444.0,SK하이닉스,000660
2021-03-08,135500.0,"하락  4,500",143000.0,143000.0,135500.0,5587787.0,SK하이닉스,000660
2021-03-09,136500.0,"상승  1,000",134000.0,137500.0,130500.0,7822152.0,SK하이닉스,000660
2021-03-10,133000.0,"하락  3,500",140500.0,140500.0,132500.0,5614476.0,SK하이닉스,000660
2021-03-11,137000.0,"상승  4,000",134500.0,139000.0,134000.0,6707671.0,SK하이닉스,000660
2021-03-12,140000.0,"상승  3,000",140500.0,142500.0,139500.0,4548695.0,SK하이닉스,000660
2021-03-15,136500.0,"하락  3,500",141500.0,142000.0,136000.0,4289990.0,SK하이닉스,000660
2021-03-16,140500.0,"상승  4,000",138500.0,140500.0,138000.0,3304561.0,SK하이닉스,000660
2021-03-17,140000.0,하락  500,141000.0,141000.0,138500.0,2588319.0,SK하이닉스,000660
2021-03-18,142000.0,"상승  2,000",142500.0,145000.0,141000.0,4426840.0,SK하이닉스,000660
2021-03-19,138000.0,"하락  4,000",138000.0,139500.0,137000.0,4015627.0,SK하이닉스,000660
2021-03-22,138000.0,보합0,138500.0,140000.0,137000.0,2727719.0,SK하이닉스,000660
2021-03-23,135000.0,"하락  3,000",139000.0,139500.0,134000.0,3839090.0,SK하이닉스,000660
2021-03-24,133500.0,"하락  1,500",133000.0,134500.0,131500.0,3894080.0,SK하이닉스,000660
2021-03-25,133000.0,하락  500,133000.0,134500.0,130500.0,4157799.0,SK하이닉스,000660
2021-03-26,135000.0,"상승  2,000",134000.0,135000.0,132000.0,3835443.0,SK하이닉스,000660
2021-03-29,132000.0,"하락  3,000",135500.0,135500.0,131500.0,3575226.0,SK하이닉스,000660
2021-03-30,134500.0,"상승  2,500",133000.0,135500.0,132000.0,3304184.0,SK하이닉스,000660
2021-03-31,132500.0,"하락  2,000",134500.0,135000.0,132000.0,3309680.0,SK하이닉스,000660
2021-04-01,140500.0,"상승  8,000",138000.0,140500.0,136500.0,5833436.0,SK하이닉스,000660
2021-04-02,141000.0,상승  500,142000.0,143000.0,140000.0,3432245.0,SK하이닉스,000660
2021-04-05,143000.0,"상승  2,000",142000.0,144500.0,141000.0,2616440.0,SK하이닉스,000660
2021-04-06,143000.0,보합0,147000.0,147000.0,141500.0,3753217.0,SK하이닉스,000660
2021-04-07,143500.0,상승  500,146000.0,146000.0,142500.0,2424687.0,SK하이닉스,000660
2021-04-08,144000.0,상승  500,143500.0,146000.0,142500.0,3774932.0,SK하이닉스,000660
2021-04-09,140000.0,"하락  4,000",144000.0,145000.0,139500.0,3276077.0,SK하이닉스,000660
2021-04-12,137500.0,"하락  2,500",140500.0,140500.0,136000.0,3878457.0,SK하이닉스,000660
2021-04-13,139500.0,"상승  2,000",136000.0,140000.0,135500.0,2876178.0,SK하이닉스,000660
2021-04-14,137000.0,"하락  2,500",139000.0,139000.0,136500.0,2777203.0,SK하이닉스,000660
2021-04-15,137500.0,상승  500,136000.0,139000.0,136000.0,2291160.0,SK하이닉스,000660
2021-04-16,137500.0,보합0,138500.0,139000.0,137500.0,1982877.0,SK하이닉스,000660
2021-04-19,138000.0,상승  500,138000.0,139000.0,137000.0,1906782.0,SK하이닉스,000660
2021-04-20,138500.0,상승  500,136500.0,138500.0,136500.0,2167732.0,SK하이닉스,000660
2021-04-21,132500.0,"하락  6,000",138000.0,138000.0,132000.0,5120577.0,SK하이닉스,000660
2021-04-22,133000.0,상승  500,134500.0,135500.0,133000.0,3007457.0,SK하이닉스,000660
2021-04-23,132500.0,하락  500,130500.0,132500.0,128500.0,4854412.0,SK하이닉스,000660
2021-04-26,131500.0,"하락  1,000",132500.0,132500.0,130500.0,2904879.0,SK하이닉스,000660
2021-04-27,135000.0,"상승  3,500",133000.0,136000.0,132500.0,3394650.0,SK하이닉스,000660
2021-04-28,130000.0,"하락  5,000",134500.0,135000.0,130000.0,5596760.0,SK하이닉스,000660
2021-04-29,130000.0,보합0,132000.0,133000.0,129000.0,3738266.0,SK하이닉스,000660
2021-04-30,128000.0,"하락  2,000",130000.0,130500.0,126500.0,3955947.0,SK하이닉스,000660
2021-05-03,131500.0,"상승  3,500",127500.0,132500.0,127000.0,4085398.0,SK하이닉스,000660
2021-05-04,132000.0,상승  500,130500.0,132000.0,129000.0,2547004.0,SK하이닉스,000660
2021-05-06,129000.0,"하락  3,000",130000.0,130500.0,128000.0,4211535.0,SK하이닉스,000660
2021-05-07,129500.0,상승  500,128000.0,131000.0,127000.0,3450323.0,SK하이닉스,000660
2021-05-10,130000.0,상승  500,131000.0,131000.0,128500.0,3067077.0,SK하이닉스,000660
2021-05-11,123000.0,"하락  7,000",127000.0,127500.0,122000.0,9882491.0,SK하이닉스,000660
2021-05-12,119500.0,"하락  3,500",123000.0,123500.0,119000.0,8272196.0,SK하이닉스,000660
2021-05-13,117500.0,"하락  2,000",116000.0,118500.0,115500.0,6042025.0,SK하이닉스,000660
2021-05-14,118500.0,"상승  1,000",118500.0,120000.0,118000.0,3227201.0,SK하이닉스,000660
2021-05-17,117500.0,"하락  1,000",120000.0,120000.0,117000.0,3110127.0,SK하이닉스,000660
2021-05-18,121000.0,"상승  3,500",117500.0,122000.0,117500.0,3470048.0,SK하이닉스,000660
2021-05-20,122500.0,"상승  1,500",121000.0,124000.0,119500.0,4600751.0,SK하이닉스,000660
2021-05-21,122500.0,보합0,124500.0,125500.0,121000.0,4062695.0,SK하이닉스,000660
2021-05-24,119500.0,"하락  3,000",122000.0,122500.0,119000.0,3188734.0,SK하이닉스,000660
2021-05-25,123000.0,"상승  3,500",121500.0,123000.0,120500.0,3258364.0,SK하이닉스,000660
2021-05-26,123000.0,보합0,124000.0,124500.0,122000.0,3015522.0,SK하이닉스,000660
2021-05-27,125500.0,"상승  2,500",124500.0,126000.0,123000.0,4539067.0,SK하이닉스,000660
2021-05-28,125000.0,하락  500,126500.0,126500.0,124000.0,2332971.0,SK하이닉스,000660
2021-05-31,127000.0,"상승  2,000",126000.0,127000.0,124000.0,2448074.0,SK하이닉스,000660
2021-06-01,128500.0,"상승  1,500",127000.0,129000.0,126000.0,2819179.0,SK하이닉스,000660
2021-06-02,126000.0,"하락  2,500",128500.0,129000.0,125500.0,2885654.0,SK하이닉스,000660
2021-06-03,129000.0,"상승  3,000",127000.0,130000.0,126500.0,3353993.0,SK하이닉스,000660
2021-06-04,128500.0,하락  500,127500.0,129000.0,126500.0,2555891.0,SK하이닉스,000660
2021-06-07,128500.0,보합0,129500.0,130000.0,128000.0,2562918.0,SK하이닉스,000660
2021-06-08,127500.0,"하락  1,000",127000.0,127500.0,125000.0,4194955.0,SK하이닉스,000660
2021-06-09,122500.0,"하락  5,000",125500.0,126000.0,122500.0,6087592.0,SK하이닉스,000660
2021-06-10,123000.0,상승  500,122500.0,124000.0,120500.0,4533076.0,SK하이닉스,000660
2021-06-11,128000.0,"상승  5,000",124500.0,128500.0,124000.0,4868608.0,SK하이닉스,000660
2021-06-14,127000.0,"하락  1,000",127000.0,127500.0,125500.0,2022730.0,SK하이닉스,000660
2021-06-15,128500.0,"상승  1,500",128500.0,129500.0,128000.0,1975082.0,SK하이닉스,000660
2021-06-16,129500.0,"상승  1,000",128000.0,129500.0,127000.0,1893752.0,SK하이닉스,000660
2021-06-17,126500.0,"하락  3,000",127000.0,128000.0,126000.0,2123793.0,SK하이닉스,000660
2021-06-18,124500.0,"하락  2,000",127500.0,127500.0,124500.0,2506112.0,SK하이닉스,000660
2021-06-21,122000.0,"하락  2,500",121000.0,123000.0,120500.0,3275288.0,SK하이닉스,000660
2021-06-22,122000.0,보합0,122500.0,123500.0,122000.0,2179712.0,SK하이닉스,000660
2021-06-23,124000.0,"상승  2,000",122500.0,124500.0,122000.0,2703658.0,SK하이닉스,000660
2021-06-24,126000.0,"상승  2,000",124000.0,126500.0,123500.0,2646407.0,SK하이닉스,000660
2021-06-25,128500.0,"상승  2,500",128000.0,129000.0,127500.0,2531018.0,SK하이닉스,000660
2021-06-28,126000.0,"하락  2,500",129000.0,129500.0,126000.0,2402730.0,SK하이닉스,000660
2021-06-29,125000.0,"하락  1,000",127500.0,128000.0,125000.0,2211572.0,SK하이닉스,000660
2021-06-30,127500.0,"상승  2,500",126500.0,129500.0,126000.0,4346027.0,SK하이닉스,000660
2021-07-01,124500.0,"하락  3,000",127500.0,128000.0,124000.0,3336174.0,SK하이닉스,000660
2021-07-02,122500.0,"하락  2,000",122500.0,123500.0,121500.0,3983921.0,SK하이닉스,000660
2021-07-05,123000.0,상승  500,123500.0,124500.0,122500.0,1632551.0,SK하이닉스,000660
2021-07-06,125000.0,"상승  2,000",124000.0,126000.0,123500.0,2067135.0,SK하이닉스,000660
2021-07-07,123500.0,"하락  1,500",125000.0,125500.0,122500.0,2229140.0,SK하이닉스,000660
2021-07-08,121500.0,"하락  2,000",123500.0,123500.0,121000.0,3165552.0,SK하이닉스,000660
2021-07-09,119500.0,"하락  2,000",120500.0,120500.0,118000.0,4823577.0,SK하이닉스,000660
2021-07-12,120000.0,상승  500,121000.0,122000.0,119500.0,2477201.0,SK하이닉스,000660
2021-07-13,123000.0,"상승  3,000",121000.0,123500.0,121000.0,2879072.0,SK하이닉스,000660
2021-07-14,123500.0,상승  500,122500.0,124000.0,121500.0,2443087.0,SK하이닉스,000660
2021-07-15,123500.0,보합0,123500.0,124000.0,122500.0,1500981.0,SK하이닉스,000660
2021-07-16,121500.0,"하락  2,000",122000.0,122500.0,120500.0,2905546.0,SK하이닉스,000660
2021-07-19,119000.0,"하락  2,500",119000.0,120000.0,118500.0,2066638.0,SK하이닉스,000660
2021-07-20,118500.0,하락  500,117500.0,119500.0,117500.0,2070074.0,SK하이닉스,000660
2021-07-21,117000.0,"하락  1,500",119500.0,120000.0,116500.0,2864601.0,SK하이닉스,000660
2021-07-22,119500.0,"상승  2,500",118000.0,120000.0,118000.0,1919233.0,SK하이닉스,000660
2021-07-23,118500.0,"하락  1,000",118500.0,119000.0,117500.0,1747651.0,SK하이닉스,000660
2021-07-26,117000.0,"하락  1,500",119500.0,120000.0,117000.0,1836657.0,SK하이닉스,000660
2021-07-27,116000.0,"하락  1,000",118000.0,119000.0,116000.0,2916330.0,SK하이닉스,000660
2021-07-28,114000.0,"하락  2,000",115000.0,115500.0,112500.0,6033084.0,SK하이닉스,000660
2021-07-29,114000.0,보합0,115000.0,115500.0,113000.0,3054699.0,SK하이닉스,000660
2021-07-30,112500.0,"하락  1,500",114000.0,114000.0,112500.0,2888566.0,SK하이닉스,000660
2021-08-02,116000.0,"상승  3,500",113500.0,117000.0,113000.0,4276730.0,SK하이닉스,000660
2021-08-03,120000.0,"상승  4,000",118000.0,120500.0,117000.0,4396423.0,SK하이닉스,000660
2021-08-04,121000.0,"상승  1,000",122000.0,123000.0,120500.0,4162635.0,SK하이닉스,000660
2021-08-05,120000.0,"하락  1,000",121000.0,121500.0,118000.0,3491584.0,SK하이닉스,000660
2021-08-06,118000.0,"하락  2,000",119000.0,119500.0,117500.0,2209875.0,SK하이닉스,000660
2021-08-09,116000.0,"하락  2,000",117500.0,118000.0,116000.0,2755724.0,SK하이닉스,000660
2021-08-10,112500.0,"하락  3,500",115000.0,115500.0,112000.0,5420223.0,SK하이닉스,000660
2021-08-11,105500.0,"하락  7,000",109000.0,110000.0,105000.0,13715267.0,SK하이닉스,000660
2021-08-12,100500.0,"하락  5,000",102000.0,104000.0,99800.0,19150647.0,SK하이닉스,000660
2021-08-13,101500.0,"상승  1,000",99600.0,101500.0,98900.0,11622957.0,SK하이닉스,000660
2021-08-17,101500.0,보합0,101000.0,103500.0,100500.0,7851717.0,SK하이닉스,000660
2021-08-18,104000.0,"상승  2,500",103000.0,105500.0,101500.0,8047599.0,SK하이닉스,000660
2021-08-19,102500.0,"하락  1,500",103000.0,105500.0,101500.0,6161038.0,SK하이닉스,000660
2021-08-20,102500.0,보합0,104000.0,104500.0,102000.0,4719139.0,SK하이닉스,000660
2021-08-23,103000.0,상승  500,104500.0,105000.0,103000.0,4515699.0,SK하이닉스,000660
2021-08-24,105000.0,"상승  2,000",104500.0,105500.0,104000.0,4454743.0,SK하이닉스,000660
2021-08-25,103500.0,"하락  1,500",106000.0,106000.0,102500.0,3194555.0,SK하이닉스,000660
2021-08-26,104000.0,상승  500,106000.0,106500.0,103500.0,3694741.0,SK하이닉스,000660
2021-08-27,103500.0,하락  500,103500.0,104500.0,101000.0,3507782.0,SK하이닉스,000660
2021-08-30,103500.0,보합0,105000.0,105500.0,103500.0,1815758.0,SK하이닉스,000660
2021-08-31,106500.0,"상승  3,000",103500.0,106500.0,102000.0,4979276.0,SK하이닉스,000660
2021-09-01,108000.0,"상승  1,500",106000.0,108000.0,104500.0,4736183.0,SK하이닉스,000660
2021-09-02,106500.0,"하락  1,500",108000.0,108500.0,106000.0,2724565.0,SK하이닉스,000660
2021-09-03,107000.0,상승  500,106500.0,107500.0,106000.0,2513486.0,SK하이닉스,000660
2021-09-06,106000.0,"하락  1,000",106500.0,107000.0,105000.0,1888595.0,SK하이닉스,000660
2021-09-07,104500.0,"하락  1,500",105500.0,106000.0,104000.0,2547667.0,SK하이닉스,000660
2021-09-08,106000.0,"상승  1,500",104000.0,107500.0,103500.0,2891267.0,SK하이닉스,000660
2021-09-09,103000.0,"하락  3,000",105000.0,106000.0,103000.0,3233011.0,SK하이닉스,000660
2021-09-10,105000.0,"상승  2,000",103500.0,105500.0,103000.0,1999369.0,SK하이닉스,000660
2021-09-13,106500.0,"상승  1,500",105000.0,107000.0,104000.0,1923344.0,SK하이닉스,000660
2021-09-14,107500.0,"상승  1,000",107500.0,108500.0,106500.0,2463248.0,SK하이닉스,000660
2021-09-15,107500.0,보합0,107500.0,107500.0,105500.0,2933797.0,SK하이닉스,000660
2021-09-16,104000.0,"하락  3,500",107000.0,107500.0,104000.0,3602821.0,SK하이닉스,000660
2021-09-17,107000.0,"상승  3,000",104500.0,107500.0,104000.0,3386517.0,SK하이닉스,000660
2021-09-23,105500.0,"하락  1,500",105500.0,107000.0,105000.0,2493313.0,SK하이닉스,000660
2021-09-24,104000.0,"하락  1,500",106000.0,106500.0,104000.0,2236954.0,SK하이닉스,000660
2021-09-27,104500.0,상승  500,104000.0,105500.0,103500.0,1839358.0,SK하이닉스,000660
2021-09-28,103500.0,"하락  1,000",105000.0,105500.0,103000.0,2951945.0,SK하이닉스,000660
2021-09-29,100000.0,"하락  3,500",101000.0,102000.0,99700.0,6353977.0,SK하이닉스,000660
2021-09-30,103000.0,"상승  3,000",99900.0,103500.0,99600.0,3910557.0,SK하이닉스,000660
2021-10-01,100000.0,"하락  3,000",102000.0,102500.0,100000.0,2681124.0,SK하이닉스,000660
2021-10-05,97900.0,"하락  2,100",98900.0,99500.0,97200.0,3244145.0,SK하이닉스,000660
2021-10-06,96500.0,"하락  1,400",98400.0,98700.0,95800.0,2816951.0,SK하이닉스,000660
2021-10-07,95700.0,하락  800,96300.0,96800.0,95000.0,3834957.0,SK하이닉스,000660
2021-10-08,94000.0,"하락  1,700",96200.0,96300.0,93500.0,4098832.0,SK하이닉스,000660
2021-10-12,91500.0,"하락  2,500",92400.0,92900.0,90800.0,4728215.0,SK하이닉스,000660
2021-10-13,92000.0,상승  500,90900.0,93500.0,90500.0,3045438.0,SK하이닉스,000660
2021-10-14,93800.0,"상승  1,800",92400.0,94500.0,92100.0,2414639.0,SK하이닉스,000660
2021-10-15,98400.0,"상승  4,600",96000.0,98500.0,95700.0,4229748.0,SK하이닉스,000660
2021-10-18,97100.0,"하락  1,300",98300.0,98300.0,96700.0,2111399.0,SK하이닉스,000660
2021-10-19,97700.0,상승  600,98600.0,98600.0,97100.0,1400175.0,SK하이닉스,000660
2021-10-20,97900.0,상승  200,98200.0,98600.0,97200.0,2010529.0,SK하이닉스,000660
2021-10-21,96300.0,"하락  1,600",97300.0,98300.0,96100.0,2152221.0,SK하이닉스,000660
2021-10-22,98500.0,"상승  2,200",95500.0,99200.0,95500.0,1962833.0,SK하이닉스,000660
2021-10-25,100000.0,"상승  1,500",99500.0,101500.0,98300.0,2950459.0,SK하이닉스,000660
2021-10-26,102000.0,"상승  2,000",101500.0,103500.0,101000.0,3458645.0,SK하이닉스,000660
2021-10-27,101500.0,하락  500,103000.0,104000.0,101500.0,2859255.0,SK하이닉스,000660
2021-10-28,106500.0,"상승  5,000",102000.0,107500.0,101500.0,6329703.0,SK하이닉스,000660
2021-10-29,103000.0,"하락  3,500",107000.0,108500.0,103000.0,4007223.0,SK하이닉스,000660
2021-11-01,106500.0,"상승  3,500",103500.0,107000.0,102500.0,3118661.0,SK하이닉스,000660
2021-11-02,107500.0,"상승  1,000",107000.0,108500.0,106500.0,2892292.0,SK하이닉스,000660
2021-11-03,105500.0,"하락  2,000",108500.0,109000.0,104500.0,3116506.0,SK하이닉스,000660
2021-11-04,106000.0,상승  500,107000.0,108000.0,105500.0,2059242.0,SK하이닉스,000660
2021-11-05,107000.0,"상승  1,000",108000.0,108500.0,105500.0,2523345.0,SK하이닉스,000660
2021-11-08,107500.0,상승  500,107000.0,108000.0,104000.0,2212348.0,SK하이닉스,000660
2021-11-09,109000.0,"상승  1,500",108000.0,110000.0,107500.0,3440686.0,SK하이닉스,000660
2021-11-10,108500.0,하락  500,108500.0,109500.0,107500.0,2361295.0,SK하이닉스,000660
2021-11-11,107500.0,"하락  1,000",107500.0,108000.0,105500.0,2731498.0,SK하이닉스,000660
2021-11-12,106500.0,"하락  1,000",109000.0,109500.0,105500.0,1786165.0,SK하이닉스,000660
2021-11-15,111000.0,"상승  4,500",108500.0,111500.0,108000.0,4701568.0,SK하이닉스,000660
2021-11-16,112000.0,"상승  1,000",111000.0,113000.0,109000.0,3767311.0,SK하이닉스,000660
2021-11-17,110500.0,"하락  1,500",113000.0,113000.0,110000.0,3062491.0,SK하이닉스,000660
2021-11-18,110000.0,하락  500,110000.0,111000.0,109000.0,1928891.0,SK하이닉스,000660
2021-11-19,111500.0,"상승  1,500",110000.0,112500.0,110000.0,2324668.0,SK하이닉스,000660
2021-11-22,119500.0,"상승  8,000",116500.0,121000.0,116000.0,9786492.0,SK하이닉스,000660
2021-11-23,119000.0,하락  500,119500.0,121000.0,117500.0,4847270.0,SK하이닉스,000660
2021-11-24,119500.0,상승  500,120500.0,122500.0,118000.0,4001111.0,SK하이닉스,000660
2021-11-25,117500.0,"하락  2,000",120500.0,121000.0,117000.0,3339835.0,SK하이닉스,000660
2021-11-26,115500.0,"하락  2,000",116500.0,118500.0,113000.0,4337936.0,SK하이닉스,000660
2021-11-29,116000.0,상승  500,113000.0,118500.0,113000.0,4412863.0,SK하이닉스,000660
2021-11-30,114000.0,"하락  2,000",118000.0,119000.0,112500.0,7449608.0,SK하이닉스,000660
2021-12-01,116500.0,"상승  2,500",114500.0,117500.0,112000.0,4214135.0,SK하이닉스,000660
2021-12-02,120000.0,"상승  3,500",115500.0,120500.0,115000.0,6980518.0,SK하이닉스,000660
2021-12-03,118000.0,"하락  2,000",119000.0,119500.0,115500.0,4567843.0,SK하이닉스,000660
2021-12-06,118500.0,상승  500,116000.0,119000.0,115500.0,4318893.0,SK하이닉스,000660
2021-12-07,121500.0,"상승  3,000",119000.0,122500.0,118000.0,5112025.0,SK하이닉스,000660
2021-12-08,120000.0,"하락  1,500",124000.0,125000.0,119500.0,6168137.0,SK하이닉스,000660
2021-12-09,123500.0,"상승  3,500",120500.0,123500.0,119000.0,5631833.0,SK하이닉스,000660
2021-12-10,120500.0,"하락  3,000",120500.0,121500.0,119500.0,2512642.0,SK하이닉스,000660
2021-12-13,121500.0,"상승  1,000",121000.0,124000.0,121000.0,3329176.0,SK하이닉스,000660
2021-12-14,121000.0,하락  500,120500.0,123000.0,120000.0,2201003.0,SK하이닉스,000660
2021-12-15,123500.0,"상승  2,500",120000.0,123500.0,120000.0,2681332.0,SK하이닉스,000660
2021-12-16,124000.0,상승  500,125000.0,125500.0,122500.0,3869086.0,SK하이닉스,000660
2021-12-17,122000.0,"하락  2,000",120500.0,123000.0,120500.0,3850444.0,SK하이닉스,000660
2021-12-20,120500.0,"하락  1,500",121500.0,123500.0,120500.0,2846815.0,SK하이닉스,000660
2021-12-21,124500.0,"상승  4,000",124000.0,124500.0,122500.0,3678590.0,SK하이닉스,000660
2021-12-22,127000.0,"상승  2,500",127500.0,128500.0,126000.0,3817689.0,SK하이닉스,000660
2021-12-23,127500.0,상승  500,129000.0,129000.0,126500.0,2398358.0,SK하이닉스,000660
2021-12-24,128000.0,상승  500,129000.0,130000.0,128000.0,2462683.0,SK하이닉스,000660
2021-12-27,126000.0,"하락  2,000",128500.0,129000.0,126000.0,2684135.0,SK하이닉스,000660
2021-12-28,127500.0,"상승  1,500",126500.0,128000.0,124500.0,4086063.0,SK하이닉스,000660
2021-12-29,127000.0,하락  500,127500.0,128500.0,125500.0,3832154.0,SK하이닉스,000660
2021-12-30,131000.0,"상승  4,000",131000.0,133500.0,130000.0,5172987.0,SK하이닉스,000660
2022-01-03,128500.0,"하락  2,500",132000.0,132500.0,128000.0,3782213.0,SK하이닉스,000660
2022-01-04,128500.0,보합0,129500.0,130000.0,127500.0,3622369.0,SK하이닉스,000660
2022-01-05,125500.0,"하락  3,000",129000.0,129000.0,121500.0,7414954.0,SK하이닉스,000660
2022-01-06,125000.0,하락  500,123500.0,127000.0,123000.0,3725569.0,SK하이닉스,000660
2022-01-07,127000.0,"상승  2,000",127000.0,129000.0,126500.0,3270119.0,SK하이닉스,000660
2022-01-10,124500.0,"하락  2,500",126500.0,127000.0,123000.0,3449197.0,SK하이닉스,000660
2022-01-11,128000.0,"상승  3,500",125500.0,128500.0,124500.0,3958787.0,SK하이닉스,000660
2022-01-12,128500.0,상승  500,129500.0,130000.0,126500.0,3552174.0,SK하이닉스,000660
2022-01-13,129500.0,"상승  1,000",128500.0,130000.0,128000.0,4155984.0,SK하이닉스,000660
2022-01-14,128500.0,"하락  1,000",128500.0,129000.0,126000.0,3769648.0,SK하이닉스,000660
2022-01-17,127000.0,"하락  1,500",127500.0,128000.0,124500.0,3730393.0,SK하이닉스,000660
2022-01-18,126500.0,하락  500,126500.0,127500.0,125000.0,3607850.0,SK하이닉스,000660
2022-01-19,127000.0,상승  500,123500.0,128500.0,123500.0,4094609.0,SK하이닉스,000660
2022-01-20,125000.0,"하락  2,000",126000.0,126500.0,123500.0,5441986.0,SK하이닉스,000660
2022-01-21,119000.0,"하락  6,000",121500.0,122500.0,118000.0,6465040.0,SK하이닉스,000660
2022-01-24,119000.0,보합0,116500.0,120500.0,116500.0,4883822.0,SK하이닉스,000660
2022-01-25,118000.0,"하락  1,000",118000.0,120000.0,116500.0,5702595.0,SK하이닉스,000660
2022-01-26,117500.0,하락  500,119000.0,119500.0,117500.0,3416240.0,SK하이닉스,000660
2022-01-27,113500.0,"하락  4,000",119500.0,119500.0,111000.0,6679404.0,SK하이닉스,000660
2022-01-28,120500.0,"상승  7,000",115000.0,121500.0,114500.0,4776510.0,SK하이닉스,000660
2022-02-03,124000.0,"상승  3,500",124500.0,127000.0,124000.0,5171178.0,SK하이닉스,000660
2022-02-04,124500.0,상승  500,125500.0,127000.0,124000.0,3037097.0,SK하이닉스,000660
2022-02-07,123000.0,"하락  1,500",123000.0,123500.0,119500.0,4804261.0,SK하이닉스,000660
2022-02-08,125000.0,"상승  2,000",124500.0,126000.0,123500.0,4054097.0,SK하이닉스,000660
2022-02-09,126000.0,"상승  1,000",127000.0,128000.0,124500.0,4339337.0,SK하이닉스,000660
2022-02-10,129500.0,"상승  3,500",129000.0,131000.0,127000.0,7269729.0,SK하이닉스,000660
2022-02-11,132000.0,"상승  2,500",130500.0,132500.0,130000.0,6057207.0,SK하이닉스,000660
2022-02-14,132500.0,상승  500,130000.0,132500.0,129500.0,4962205.0,SK하이닉스,000660
2022-02-15,127000.0,"하락  5,500",131500.0,132000.0,127000.0,5097120.0,SK하이닉스,000660
2022-02-16,130500.0,"상승  3,500",131000.0,132500.0,130000.0,3499809.0,SK하이닉스,000660
2022-02-17,133000.0,"상승  2,500",130500.0,134000.0,130000.0,5433402.0,SK하이닉스,000660
2022-02-18,131500.0,"하락  1,500",131500.0,133000.0,129500.0,3108887.0,SK하이닉스,000660
2022-02-21,130000.0,"하락  1,500",129000.0,130500.0,127000.0,4048108.0,SK하이닉스,000660
2022-02-22,128500.0,"하락  1,500",127000.0,129500.0,126000.0,3179806.0,SK하이닉스,000660
2022-02-23,128500.0,보합0,130000.0,130500.0,127000.0,2752112.0,SK하이닉스,000660
2022-02-24,122500.0,"하락  6,000",125500.0,126000.0,122000.0,5748069.0,SK하이닉스,000660
2022-02-25,123000.0,상승  500,125500.0,126000.0,122500.0,3309625.0,SK하이닉스,000660
2022-02-28,123500.0,상승  500,123000.0,123500.0,121000.0,3224264.0,SK하이닉스,000660
2022-03-02,125000.0,"상승  1,500",124500.0,126500.0,123000.0,2903340.0,SK하이닉스,000660
2022-03-03,129000.0,"상승  4,000",128000.0,129500.0,127000.0,3088097.0,SK하이닉스,000660
2022-03-04,124500.0,"하락  4,500",127500.0,128000.0,124000.0,3249773.0,SK하이닉스,000660
2022-03-07,119500.0,"하락  5,000",119000.0,121000.0,119000.0,5203286.0,SK하이닉스,000660
2022-03-08,118000.0,"하락  1,500",117000.0,119500.0,116500.0,3619045.0,SK하이닉스,000660
2022-03-10,120000.0,"상승  2,000",121000.0,121500.0,118500.0,3912683.0,SK하이닉스,000660
2022-03-11,117000.0,"하락  3,000",118500.0,119000.0,115500.0,3087532.0,SK하이닉스,000660
2022-03-14,116000.0,"하락  1,000",115500.0,117000.0,114500.0,3172353.0,SK하이닉스,000660
2022-03-15,112500.0,"하락  3,500",114500.0,115500.0,112000.0,3578256.0,SK하이닉스,000660
2022-03-16,116500.0,"상승  4,000",115000.0,117000.0,114000.0,3739977.0,SK하이닉스,000660
2022-03-17,124000.0,"상승  7,500",121000.0,124500.0,121000.0,7219813.0,SK하이닉스,000660
2022-03-18,124000.0,보합0,124000.0,125000.0,121000.0,4493159.0,SK하이닉스,000660
2022-03-21,122000.0,"하락  2,000",124000.0,124500.0,121000.0,3433809.0,SK하이닉스,000660
2022-03-22,123500.0,"상승  1,500",121000.0,124000.0,121000.0,2246439.0,SK하이닉스,000660
2022-03-23,123500.0,보합0,124000.0,124500.0,122000.0,4085633.0,SK하이닉스,000660
2022-03-24,120500.0,"하락  3,000",121000.0,122000.0,119500.0,4215272.0,SK하이닉스,000660
2022-03-25,118000.0,"하락  2,500",122000.0,123000.0,118000.0,5514940.0,SK하이닉스,000660
2022-03-28,118000.0,보합0,117500.0,119500.0,116500.0,3234792.0,SK하이닉스,000660
2022-03-29,120000.0,"상승  2,000",119500.0,120500.0,118500.0,3375247.0,SK하이닉스,000660
2022-03-30,121000.0,"상승  1,000",123000.0,123000.0,120500.0,3436282.0,SK하이닉스,000660
2022-03-31,118000.0,"하락  3,000",119500.0,120000.0,117500.0,4558063.0,SK하이닉스,000660
2022-04-01,116000.0,"하락  2,000",117000.0,117500.0,116000.0,3851558.0,SK하이닉스,000660
2022-04-04,117000.0,"상승  1,000",115000.0,117500.0,114500.0,2470792.0,SK하이닉스,000660
2022-04-05,116500.0,하락  500,117500.0,118000.0,116000.0,2101474.0,SK하이닉스,000660
2022-04-06,113000.0,"하락  3,500",114500.0,115500.0,113000.0,4541938.0,SK하이닉스,000660
2022-04-07,113500.0,상승  500,111500.0,114500.0,110500.0,5027865.0,SK하이닉스,000660
2022-04-08,112000.0,"하락  1,500",113000.0,114000.0,110500.0,4268316.0,SK하이닉스,000660
2022-04-11,111500.0,하락  500,111000.0,113000.0,110500.0,2390786.0,SK하이닉스,000660
2022-04-12,111000.0,하락  500,110500.0,113000.0,110500.0,2738163.0,SK하이닉스,000660
2022-04-13,113000.0,"상승  2,000",112000.0,113000.0,111000.0,2484490.0,SK하이닉스,000660
2022-04-14,110000.0,"하락  3,000",113000.0,113000.0,110000.0,4715700.0,SK하이닉스,000660
2022-04-15,108000.0,"하락  2,000",108000.0,108500.0,107000.0,3694012.0,SK하이닉스,000660
2022-04-18,109000.0,"상승  1,000",107000.0,109500.0,106500.0,2670439.0,SK하이닉스,000660
2022-04-19,112500.0,"상승  3,500",110000.0,112500.0,109500.0,3021192.0,SK하이닉스,000660
2022-04-20,112500.0,보합0,112500.0,113000.0,111000.0,2905007.0,SK하이닉스,000660
2022-04-21,113000.0,상승  500,112500.0,115000.0,112500.0,3199858.0,SK하이닉스,000660
2022-04-22,110500.0,"하락  2,500",110500.0,112000.0,110500.0,2360834.0,SK하이닉스,000660
2022-04-25,108000.0,"하락  2,500",109000.0,109500.0,108000.0,2282343.0,SK하이닉스,000660
2022-04-26,111000.0,"상승  3,000",109500.0,111000.0,108000.0,2969516.0,SK하이닉스,000660
2022-04-27,108500.0,"하락  2,500",108000.0,109500.0,107500.0,3261290.0,SK하이닉스,000660
2022-04-28,109500.0,"상승  1,000",109500.0,110000.0,108000.0,2804966.0,SK하이닉스,000660
2022-04-29,112500.0,"상승  3,000",110000.0,112500.0,109500.0,3752415.0,SK하이닉스,000660
2022-05-02,110500.0,"하락  2,000",110000.0,111500.0,110000.0,2175384.0,SK하이닉스,000660
2022-05-03,110000.0,하락  500,111000.0,112000.0,109500.0,2676115.0,SK하이닉스,000660
2022-05-04,109500.0,하락  500,110500.0,111000.0,108500.0,2491890.0,SK하이닉스,000660
2022-05-06,107500.0,"하락  2,000",108000.0,108500.0,106500.0,2566813.0,SK하이닉스,000660
2022-05-09,107500.0,보합0,107000.0,109000.0,106500.0,2203472.0,SK하이닉스,000660
2022-05-10,110000.0,"상승  2,500",107000.0,111000.0,107000.0,4141923.0,SK하이닉스,000660
2022-05-11,110500.0,상승  500,110500.0,112500.0,108000.0,3658168.0,SK하이닉스,000660
2022-05-12,109000.0,"하락  1,500",109500.0,111500.0,108500.0,4132948.0,SK하이닉스,000660
2022-05-13,112500.0,"상승  3,500",109000.0,112500.0,109000.0,4003349.0,SK하이닉스,000660
2022-05-16,110500.0,"하락  2,000",113500.0,114000.0,110000.0,3930044.0,SK하이닉스,000660
2022-05-17,112500.0,"상승  2,000",111000.0,113000.0,110500.0,2056143.0,SK하이닉스,000660
2022-05-18,113500.0,"상승  1,000",114000.0,115000.0,113000.0,3570113.0,SK하이닉스,000660
2022-05-19,111000.0,"하락  2,500",110500.0,112500.0,110000.0,3680049.0,SK하이닉스,000660
2022-05-20,112500.0,"상승  1,500",111500.0,113000.0,111000.0,2398978.0,SK하이닉스,000660
2022-05-23,113000.0,상승  500,113000.0,113500.0,111000.0,3160028.0,SK하이닉스,000660
2022-05-24,108500.0,"하락  4,500",111500.0,112000.0,108500.0,4491835.0,SK하이닉스,000660
2022-05-25,108000.0,하락  500,109500.0,110000.0,107000.0,4151560.0,SK하이닉스,000660
2022-05-26,103000.0,"하락  5,000",107500.0,108500.0,101500.0,8523001.0,SK하이닉스,000660
2022-05-27,106000.0,"상승  3,000",105500.0,107000.0,105000.0,3686487.0,SK하이닉스,000660
2022-05-30,107000.0,"상승  1,000",108000.0,108000.0,106000.0,2054526.0,SK하이닉스,000660
2022-05-31,108000.0,"상승  1,000",106500.0,108000.0,105500.0,4024509.0,SK하이닉스,000660
2022-06-02,107000.0,"하락  1,000",106000.0,107500.0,106000.0,3097583.0,SK하이닉스,000660
2022-06-03,107000.0,보합0,108000.0,108500.0,107000.0,1638006.0,SK하이닉스,000660
2022-06-07,104000.0,"하락  3,000",105500.0,106000.0,103500.0,3174521.0,SK하이닉스,000660
2022-06-08,106000.0,"상승  2,000",104500.0,107500.0,104500.0,3075530.0,SK하이닉스,000660
2022-06-09,105500.0,하락  500,105500.0,107000.0,104500.0,4640744.0,SK하이닉스,000660
2022-06-10,103500.0,"하락  2,000",104000.0,104500.0,102500.0,3480289.0,SK하이닉스,000660
2022-06-13,99000.0,"하락  4,500",100000.0,101000.0,99000.0,4133447.0,SK하이닉스,000660
2022-06-14,99100.0,상승  100,96900.0,99600.0,96800.0,3242550.0,SK하이닉스,000660
2022-06-15,97900.0,"하락  1,200",98500.0,98900.0,96700.0,2578500.0,SK하이닉스,000660
2022-06-16,97400.0,하락  500,99900.0,101500.0,97100.0,3810703.0,SK하이닉스,000660
2022-06-17,96400.0,"하락  1,000",95100.0,96400.0,95000.0,3965464.0,SK하이닉스,000660
2022-06-20,94500.0,"하락  1,900",96700.0,96800.0,93100.0,2386222.0,SK하이닉스,000660
2022-06-21,95200.0,상승  700,94700.0,95900.0,93900.0,2707302.0,SK하이닉스,000660
2022-06-22,92200.0,"하락  3,000",95700.0,95700.0,91700.0,3509830.0,SK하이닉스,000660
2022-06-23,90200.0,"하락  2,000",92100.0,93000.0,89700.0,3983116.0,SK하이닉스,000660
2022-06-24,91600.0,"상승  1,400",90500.0,92000.0,90500.0,3045970.0,SK하이닉스,000660
2022-06-27,95000.0,"상승  3,400",92700.0,96100.0,92600.0,3408749.0,SK하이닉스,000660
2022-06-28,95300.0,상승  300,94500.0,95300.0,93700.0,2022966.0,SK하이닉스,000660
2022-06-29,94000.0,"하락  1,300",93300.0,94900.0,92900.0,2529973.0,SK하이닉스,000660
2022-06-30,91000.0,"하락  3,000",91500.0,93100.0,91000.0,3098854.0,SK하이닉스,000660
2022-07-01,87500.0,"하락  3,500",91000.0,92500.0,87100.0,4959176.0,SK하이닉스,000660
2022-07-04,89100.0,"상승  1,600",87500.0,89600.0,86300.0,4331728.0,SK하이닉스,000660
2022-07-05,92500.0,"상승  3,400",90400.0,93400.0,90400.0,3560085.0,SK하이닉스,000660
2022-07-06,92100.0,하락  400,92800.0,93600.0,90900.0,3981326.0,SK하이닉스,000660
2022-07-07,93900.0,"상승  1,800",91300.0,95200.0,91300.0,3330794.0,SK하이닉스,000660
2022-07-08,94800.0,상승  900,95900.0,96500.0,94500.0,2814478.0,SK하이닉스,000660
2022-07-11,93700.0,"하락  1,100",95000.0,95700.0,93500.0,1885425.0,SK하이닉스,000660
2022-07-12,93300.0,하락  400,94000.0,94000.0,91700.0,2385688.0,SK하이닉스,000660
2022-07-13,94000.0,상승  700,94600.0,96400.0,93800.0,2721816.0,SK하이닉스,000660
2022-07-14,94000.0,보합0,92800.0,95500.0,92300.0,2550307.0,SK하이닉스,000660
2022-07-15,98700.0,"상승  4,700",95900.0,99000.0,95500.0,4457208.0,SK하이닉스,000660
2022-07-18,101000.0,"상승  2,300",101000.0,103500.0,100000.0,4564780.0,SK하이닉스,000660
2022-07-19,100000.0,"하락  1,000",100000.0,100500.0,98700.0,2709084.0,SK하이닉스,000660
2022-07-20,102000.0,"상승  2,000",103000.0,104500.0,101000.0,3981053.0,SK하이닉스,000660
2022-07-21,102500.0,상승  500,102000.0,103000.0,100500.0,2143984.0,SK하이닉스,000660
2022-07-22,100000.0,"하락  2,500",102500.0,102500.0,100000.0,3126556.0,SK하이닉스,000660
2022-07-25,100000.0,보합0,99100.0,101500.0,98900.0,2185108.0,SK하이닉스,000660
2022-07-26,100500.0,상승  500,100500.0,101000.0,99100.0,1636970.0,SK하이닉스,000660
2022-07-27,100000.0,하락  500,101000.0,101500.0,98600.0,3159499.0,SK하이닉스,000660
2022-07-28,99400.0,하락  600,101000.0,101500.0,98900.0,3359717.0,SK하이닉스,000660
2022-07-29,97900.0,"하락  1,500",99900.0,100000.0,97400.0,3899079.0,SK하이닉스,000660
2022-08-01,97100.0,하락  800,97200.0,98100.0,96500.0,2007646.0,SK하이닉스,000660
2022-08-02,96500.0,하락  600,97200.0,97200.0,96200.0,1916851.0,SK하이닉스,000660
2022-08-03,97500.0,"상승  1,000",96900.0,97500.0,96100.0,1703330.0,SK하이닉스,000660
2022-08-04,97500.0,보합0,98000.0,98100.0,97100.0,1960526.0,SK하이닉스,000660
2022-08-05,98500.0,"상승  1,000",98100.0,98700.0,97400.0,2052852.0,SK하이닉스,000660
2022-08-08,96300.0,"하락  2,200",97700.0,97700.0,95800.0,3206548.0,SK하이닉스,000660
2022-08-09,95100.0,"하락  1,200",96000.0,96100.0,94500.0,3152955.0,SK하이닉스,000660
2022-08-10,91800.0,"하락  3,300",91800.0,93000.0,91800.0,4356568.0,SK하이닉스,000660
2022-08-11,93300.0,"상승  1,500",93500.0,94400.0,92600.0,5206962.0,SK하이닉스,000660
2022-08-12,93300.0,보합0,92800.0,94400.0,92600.0,1910127.0,SK하이닉스,000660
2022-08-16,96700.0,"상승  3,400",94500.0,97600.0,94400.0,4267280.0,SK하이닉스,000660
2022-08-17,97100.0,상승  400,96800.0,97600.0,95900.0,1764674.0,SK하이닉스,000660
2022-08-18,95700.0,"하락  1,400",95900.0,96400.0,95300.0,1889587.0,SK하이닉스,000660
2022-08-19,96400.0,상승  700,97000.0,97500.0,95900.0,1890839.0,SK하이닉스,000660
2022-08-22,95200.0,"하락  1,200",95200.0,95600.0,94000.0,2293601.0,SK하이닉스,000660
2022-08-23,93600.0,"하락  1,600",94100.0,95400.0,93600.0,1932822.0,SK하이닉스,000660
2022-08-24,93200.0,하락  400,93900.0,94200.0,93000.0,1447036.0,SK하이닉스,000660
2022-08-25,94100.0,상승  900,93600.0,94100.0,92100.0,2189458.0,SK하이닉스,000660
2022-08-26,95100.0,"상승  1,000",95400.0,96800.0,94700.0,2301949.0,SK하이닉스,000660
2022-08-29,92500.0,"하락  2,600",92700.0,93300.0,92000.0,2619260.0,SK하이닉스,000660
2022-08-30,93200.0,상승  700,92700.0,93400.0,92400.0,1595242.0,SK하이닉스,000660
2022-08-31,95200.0,"상승  2,000",92600.0,95500.0,92100.0,2421669.0,SK하이닉스,000660
2022-09-01,92400.0,"하락  2,800",93900.0,93900.0,92300.0,2337521.0,SK하이닉스,000660
2022-09-02,91700.0,하락  700,92700.0,93300.0,91600.0,2036818.0,SK하이닉스,000660
2022-09-05,91100.0,하락  600,91800.0,92400.0,90400.0,1706148.0,SK하이닉스,000660
2022-09-06,91800.0,상승  700,91900.0,92900.0,91100.0,1389821.0,SK하이닉스,000660
2022-09-07,90400.0,"하락  1,400",91100.0,91100.0,89900.0,2053413.0,SK하이닉스,000660
2022-09-08,90400.0,보합0,90500.0,91000.0,90000.0,2012123.0,SK하이닉스,000660
2022-09-13,94800.0,"상승  4,400",91700.0,95200.0,91700.0,3288428.0,SK하이닉스,000660
2022-09-14,93000.0,"하락  1,800",91700.0,93400.0,91300.0,2444928.0,SK하이닉스,000660
2022-09-15,92000.0,"하락  1,000",92900.0,93000.0,91500.0,1755820.0,SK하이닉스,000660
2022-09-16,91200.0,하락  800,90900.0,91400.0,90000.0,2243179.0,SK하이닉스,000660
2022-09-19,90000.0,"하락  1,200",90800.0,91500.0,90000.0,2078633.0,SK하이닉스,000660
2022-09-20,88000.0,"하락  2,000",89000.0,90600.0,87500.0,4259789.0,SK하이닉스,000660
2022-09-21,88000.0,보합0,87500.0,88500.0,86300.0,2954420.0,SK하이닉스,000660
2022-09-22,86000.0,"하락  2,000",86300.0,86900.0,85900.0,2204430.0,SK하이닉스,000660
2022-09-23,83500.0,"하락  2,500",85500.0,86600.0,83300.0,3932242.0,SK하이닉스,000660
2022-09-26,82500.0,"하락  1,000",81500.0,83200.0,81500.0,3281145.0,SK하이닉스,000660
2022-09-27,82000.0,하락  500,82200.0,82700.0,80700.0,2606333.0,SK하이닉스,000660
2022-09-28,81200.0,하락  800,81900.0,83500.0,80500.0,3068181.0,SK하이닉스,000660
2022-09-29,80800.0,하락  400,82500.0,82900.0,80500.0,2064798.0,SK하이닉스,000660
2022-09-30,83100.0,"상승  2,300",80900.0,83900.0,80400.0,4711130.0,SK하이닉스,000660
2022-10-04,86200.0,"상승  3,100",85200.0,87200.0,85200.0,4277404.0,SK하이닉스,000660
2022-10-05,89800.0,"상승  3,600",90000.0,90400.0,88100.0,5927256.0,SK하이닉스,000660
2022-10-06,89900.0,상승  100,90900.0,92000.0,89800.0,3039698.0,SK하이닉스,000660
2022-10-07,91200.0,"상승  1,300",89600.0,91800.0,87800.0,3100583.0,SK하이닉스,000660
2022-10-11,90200.0,"하락  1,000",89700.0,91200.0,88000.0,3840842.0,SK하이닉스,000660
2022-10-12,94000.0,"상승  3,800",91000.0,94000.0,90900.0,4648231.0,SK하이닉스,000660
2022-10-13,94900.0,상승  900,93400.0,94900.0,92800.0,4390570.0,SK하이닉스,000660
2022-10-14,95500.0,상승  600,96000.0,96600.0,94300.0,3516437.0,SK하이닉스,000660
2022-10-17,95200.0,하락  300,94600.0,95300.0,94000.0,2134558.0,SK하이닉스,000660
2022-10-18,95800.0,상승  600,95900.0,96200.0,94600.0,2618680.0,SK하이닉스,000660
2022-10-19,92900.0,"하락  2,900",94700.0,94900.0,92700.0,3684934.0,SK하이닉스,000660
2022-10-20,90200.0,"하락  2,700",91000.0,91800.0,89000.0,4547678.0,SK하이닉스,000660
2022-10-21,90500.0,상승  300,89800.0,91400.0,89700.0,2206754.0,SK하이닉스,000660
2022-10-24,91800.0,"상승  1,300",92200.0,93100.0,91200.0,2165991.0,SK하이닉스,000660
2022-10-25,93500.0,"상승  1,700",91900.0,94800.0,91000.0,2656194.0,SK하이닉스,000660
2022-10-26,93900.0,상승  400,93300.0,95500.0,93200.0,3310322.0,SK하이닉스,000660
2022-10-27,90000.0,"하락  3,900",95100.0,95100.0,89800.0,4550273.0,SK하이닉스,000660
2022-10-28,83400.0,"하락  6,600",87100.0,87800.0,83000.0,7748514.0,SK하이닉스,000660
2022-10-31,82700.0,하락  700,84300.0,85400.0,82400.0,6271574.0,SK하이닉스,000660
2022-11-01,83900.0,"상승  1,200",82700.0,83900.0,81400.0,3820185.0,SK하이닉스,000660
2022-11-02,84500.0,상승  600,84200.0,85500.0,83600.0,2536363.0,SK하이닉스,000660
2022-11-03,82700.0,"하락  1,800",82600.0,83500.0,81900.0,2901380.0,SK하이닉스,000660
2022-11-04,84500.0,"상승  1,800",82700.0,84600.0,81700.0,3032985.0,SK하이닉스,000660
2022-11-07,86500.0,"상승  2,000",85400.0,86800.0,85000.0,2765284.0,SK하이닉스,000660
2022-11-08,87700.0,"상승  1,200",87600.0,89000.0,87400.0,2799575.0,SK하이닉스,000660
2022-11-09,89200.0,"상승  1,500",88100.0,89200.0,86600.0,2619752.0,SK하이닉스,000660
2022-11-10,89100.0,하락  100,89000.0,90800.0,88300.0,3856811.0,SK하이닉스,000660
2022-11-11,93500.0,"상승  4,400",95200.0,95300.0,92500.0,5002149.0,SK하이닉스,000660
2022-11-14,90900.0,"하락  2,600",93900.0,93900.0,90900.0,2483441.0,SK하이닉스,000660
2022-11-15,91600.0,상승  700,91300.0,92100.0,90400.0,2460465.0,SK하이닉스,000660
2022-11-16,91500.0,하락  100,92000.0,92400.0,90300.0,2609199.0,SK하이닉스,000660
2022-11-17,87700.0,"하락  3,800",82400.0,88500.0,82000.0,3703870.0,SK하이닉스,000660
2022-11-18,88400.0,상승  700,88700.0,91500.0,88100.0,2981192.0,SK하이닉스,000660
2022-11-21,86300.0,"하락  2,100",87600.0,87700.0,86100.0,2111523.0,SK하이닉스,000660
2022-11-22,85200.0,"하락  1,100",85500.0,86600.0,84900.0,1617131.0,SK하이닉스,000660
2022-11-23,85200.0,보합0,86100.0,86700.0,84900.0,1480400.0,SK하이닉스,000660
2022-11-24,86900.0,"상승  1,700",86900.0,87200.0,85700.0,2148255.0,SK하이닉스,000660
2022-11-25,85100.0,"하락  1,800",87200.0,87300.0,85100.0,1439011.0,SK하이닉스,000660
2022-11-28,83100.0,"하락  2,000",84100.0,84200.0,82900.0,2471506.0,SK하이닉스,000660
2022-11-29,83700.0,상승  600,82700.0,83800.0,82100.0,1501783.0,SK하이닉스,000660
2022-11-30,85000.0,"상승  1,300",83200.0,85400.0,83100.0,3332708.0,SK하이닉스,000660
2022-12-01,84700.0,하락  300,87300.0,87300.0,84600.0,2878591.0,SK하이닉스,000660
2022-12-02,81900.0,"하락  2,800",83900.0,83900.0,81800.0,4594058.0,SK하이닉스,000660
2022-12-05,81000.0,하락  900,81900.0,82300.0,80700.0,3516456.0,SK하이닉스,000660
2022-12-06,81000.0,보합0,79900.0,81100.0,79800.0,2781352.0,SK하이닉스,000660
2022-12-07,78900.0,"하락  2,100",79900.0,80700.0,78700.0,3589926.0,SK하이닉스,000660
2022-12-08,78800.0,하락  100,78200.0,79800.0,78200.0,3809847.0,SK하이닉스,000660
2022-12-09,81500.0,"상승  2,700",79400.0,81500.0,79300.0,2985508.0,SK하이닉스,000660
2022-12-12,81100.0,하락  400,80100.0,81300.0,79500.0,1242007.0,SK하이닉스,000660
2022-12-13,82300.0,"상승  1,200",81300.0,82700.0,80500.0,2761104.0,SK하이닉스,000660
2022-12-14,81800.0,하락  500,82100.0,82600.0,81100.0,2357491.0,SK하이닉스,000660
2022-12-15,80200.0,"하락  1,600",80600.0,81100.0,79900.0,1713617.0,SK하이닉스,000660
2022-12-16,78400.0,"하락  1,800",77700.0,79400.0,77500.0,3827227.0,SK하이닉스,000660
2022-12-19,79000.0,상승  600,78300.0,80100.0,78300.0,1813544.0,SK하이닉스,000660
2022-12-20,78300.0,하락  700,78200.0,78900.0,77800.0,1361926.0,SK하이닉스,000660
2022-12-21,78000.0,하락  300,78500.0,79200.0,78000.0,1513864.0,SK하이닉스,000660
2022-12-22,79200.0,"상승  1,200",78500.0,79300.0,77900.0,2061883.0,SK하이닉스,000660
2022-12-23,77800.0,"하락  1,400",77800.0,78300.0,77300.0,1554446.0,SK하이닉스,000660
2022-12-26,77000.0,하락  800,77700.0,77700.0,76500.0,1414717.0,SK하이닉스,000660
2022-12-27,77000.0,보합0,77500.0,77600.0,76500.0,1694225.0,SK하이닉스,000660
2022-12-28,76000.0,"하락  1,000",76800.0,77000.0,75400.0,1891221.0,SK하이닉스,000660
2022-12-29,75000.0,"하락  1,000",75200.0,75600.0,74700.0,1736661.0,SK하이닉스,000660
2023-01-02,75700.0,상승  700,75100.0,76700.0,75000.0,1376985.0,SK하이닉스,000660
2023-01-03,75600.0,하락  100,75600.0,76300.0,73100.0,2719437.0,SK하이닉스,000660
2023-01-04,81000.0,"상승  5,400",75400.0,81900.0,75200.0,5154609.0,SK하이닉스,000660
2023-01-05,81400.0,상승  400,83300.0,83300.0,80800.0,3510964.0,SK하이닉스,000660
2023-01-06,83100.0,"상승  1,700",81400.0,83600.0,81100.0,3687430.0,SK하이닉스,000660
2023-01-09,86000.0,"상승  2,900",84900.0,86000.0,83500.0,3948670.0,SK하이닉스,000660
2023-01-10,86500.0,상승  500,85500.0,87200.0,85000.0,3105311.0,SK하이닉스,000660
2023-01-11,87300.0,상승  800,87800.0,88400.0,86500.0,3083961.0,SK하이닉스,000660
2023-01-12,86800.0,하락  500,88100.0,88100.0,85800.0,3065582.0,SK하이닉스,000660
2023-01-13,85700.0,"하락  1,100",86800.0,87500.0,85400.0,2058890.0,SK하이닉스,000660
2023-01-16,85800.0,상승  100,86000.0,86500.0,84900.0,1512876.0,SK하이닉스,000660
2023-01-17,86000.0,상승  200,86400.0,87200.0,85700.0,1586136.0,SK하이닉스,000660
2023-01-18,85100.0,하락  900,86400.0,86500.0,84500.0,1494262.0,SK하이닉스,000660
2023-01-19,85500.0,상승  400,84000.0,85800.0,84000.0,1674834.0,SK하이닉스,000660
2023-01-20,87600.0,"상승  2,100",86300.0,87800.0,86100.0,2386074.0,SK하이닉스,000660
2023-01-25,91400.0,"상승  3,800",92000.0,92000.0,90600.0,3611901.0,SK하이닉스,000660
2023-01-26,92300.0,상승  900,90800.0,92300.0,90100.0,2319962.0,SK하이닉스,000660
2023-01-27,91500.0,하락  800,91300.0,92800.0,90300.0,2553811.0,SK하이닉스,000660
2023-01-30,90700.0,하락  800,91300.0,91600.0,90000.0,2603297.0,SK하이닉스,000660
2023-01-31,88500.0,"하락  2,200",90800.0,90800.0,86800.0,5185088.0,SK하이닉스,000660
2023-02-01,91400.0,"상승  2,900",91200.0,91400.0,88500.0,3889171.0,SK하이닉스,000660
2023-02-02,93400.0,"상승  2,000",94900.0,94900.0,92700.0,4350607.0,SK하이닉스,000660
2023-02-03,92200.0,"하락  1,200",92400.0,93200.0,91300.0,2925123.0,SK하이닉스,000660
2023-02-06,89100.0,"하락  3,100",91400.0,92000.0,89100.0,2819903.0,SK하이닉스,000660
2023-02-07,90800.0,"상승  1,700",88800.0,91200.0,88800.0,2166265.0,SK하이닉스,000660
2023-02-08,94900.0,"상승  4,100",91700.0,95000.0,91600.0,3964981.0,SK하이닉스,000660
2023-02-09,94400.0,하락  500,94800.0,94800.0,92600.0,2726568.0,SK하이닉스,000660
2023-02-10,93500.0,하락  900,94300.0,94700.0,93100.0,1971090.0,SK하이닉스,000660
2023-02-13,90600.0,"하락  2,900",92000.0,92000.0,89900.0,3159031.0,SK하이닉스,000660
2023-02-14,93400.0,"상승  2,800",91800.0,93500.0,91600.0,2185525.0,SK하이닉스,000660
2023-02-15,91700.0,"하락  1,700",93800.0,94200.0,91200.0,1801577.0,SK하이닉스,000660
2023-02-16,92900.0,"상승  1,200",91900.0,93400.0,91600.0,1812496.0,SK하이닉스,000660
2023-02-17,92000.0,하락  900,91400.0,92700.0,90900.0,1691509.0,SK하이닉스,000660
2023-02-20,92500.0,상승  500,92700.0,93300.0,90700.0,1774617.0,SK하이닉스,000660
2023-02-21,91200.0,"하락  1,300",92500.0,92600.0,90900.0,1477419.0,SK하이닉스,000660
2023-02-22,89100.0,"하락  2,100",89900.0,90300.0,88500.0,2301835.0,SK하이닉스,000660
2023-02-23,92700.0,"상승  3,600",90000.0,93700.0,89600.0,3659678.0,SK하이닉스,000660
2023-02-24,91000.0,"하락  1,700",93500.0,94000.0,91000.0,2496352.0,SK하이닉스,000660
2023-02-27,90000.0,"하락  1,000",90100.0,90300.0,89100.0,1893345.0,SK하이닉스,000660
2023-02-28,89400.0,하락  600,91000.0,91000.0,88700.0,2082486.0,SK하이닉스,000660
2023-03-02,88100.0,"하락  1,300",89400.0,90300.0,87500.0,2744038.0,SK하이닉스,000660
2023-03-03,87300.0,하락  800,88500.0,89200.0,87200.0,2239958.0,SK하이닉스,000660
2023-03-06,89700.0,"상승  2,400",87900.0,89800.0,87500.0,2374415.0,SK하이닉스,000660
2023-03-07,88900.0,하락  800,89700.0,90000.0,88800.0,1610948.0,SK하이닉스,000660
2023-03-08,86800.0,"하락  2,100",87700.0,87800.0,86400.0,2790989.0,SK하이닉스,000660
2023-03-09,85600.0,"하락  1,200",87300.0,87800.0,85300.0,3315016.0,SK하이닉스,000660
2023-03-10,83300.0,"하락  2,300",83800.0,84400.0,83100.0,3559824.0,SK하이닉스,000660
2023-03-13,84300.0,"상승  1,000",83200.0,84700.0,82400.0,2860341.0,SK하이닉스,000660
2023-03-14,81100.0,"하락  3,200",82600.0,83000.0,81100.0,3359381.0,SK하이닉스,000660
2023-03-15,79100.0,"하락  2,000",81900.0,82300.0,78800.0,5357314.0,SK하이닉스,000660
2023-03-16,79000.0,하락  100,76700.0,80200.0,76700.0,4804196.0,SK하이닉스,000660
2023-03-17,84000.0,"상승  5,000",81200.0,84800.0,81100.0,6239588.0,SK하이닉스,000660
2023-03-20,83700.0,하락  300,83800.0,85100.0,83000.0,2223378.0,SK하이닉스,000660
2023-03-21,83600.0,하락  100,84100.0,85100.0,82900.0,1880231.0,SK하이닉스,000660
2023-03-22,86900.0,"상승  3,300",85200.0,87300.0,83800.0,2667268.0,SK하이닉스,000660
2023-03-23,88500.0,"상승  1,600",85400.0,88500.0,85100.0,3091673.0,SK하이닉스,000660
2023-03-24,87300.0,"하락  1,200",89100.0,90700.0,86700.0,4670908.0,SK하이닉스,000660
2023-03-27,85500.0,"하락  1,800",87500.0,87800.0,84700.0,3211190.0,SK하이닉스,000660
2023-03-28,88400.0,"상승  2,900",85300.0,88700.0,85200.0,3180431.0,SK하이닉스,000660
2023-03-29,86900.0,"하락  1,500",87400.0,88700.0,86500.0,3070422.0,SK하이닉스,000660
2023-03-30,88800.0,"상승  1,900",89900.0,90500.0,87700.0,4264354.0,SK하이닉스,000660
2023-03-31,88600.0,하락  200,89200.0,89500.0,87600.0,2676327.0,SK하이닉스,000660
2023-04-03,87200.0,"하락  1,400",89700.0,89700.0,86600.0,2502220.0,SK하이닉스,000660
2023-04-04,84500.0,"하락  2,700",85700.0,85900.0,83700.0,16808036.0,SK하이닉스,000660
2023-04-05,84600.0,상승  100,84300.0,85700.0,84100.0,4380498.0,SK하이닉스,000660
2023-04-06,83800.0,하락  800,83900.0,84700.0,82700.0,5379170.0,SK하이닉스,000660
2023-04-07,89100.0,"상승  5,300",87900.0,89400.0,86000.0,10867359.0,SK하이닉스,000660
2023-04-10,90700.0,"상승  1,600",88700.0,92500.0,88500.0,5387514.0,SK하이닉스,000660
2023-04-11,91800.0,"상승  1,100",90700.0,92200.0,89900.0,5001836.0,SK하이닉스,000660
2023-04-12,90300.0,"하락  1,500",91900.0,92000.0,89700.0,4751001.0,SK하이닉스,000660
2023-04-13,88700.0,"하락  1,600",89500.0,90300.0,88200.0,4907552.0,SK하이닉스,000660
2023-04-14,89300.0,상승  600,90100.0,90300.0,88600.0,2324722.0,SK하이닉스,000660
2023-04-17,88500.0,하락  800,89000.0,89000.0,87700.0,1877825.0,SK하이닉스,000660
2023-04-18,87600.0,하락  900,89300.0,89300.0,87300.0,1763334.0,SK하이닉스,000660
2023-04-19,88200.0,상승  600,88000.0,88500.0,86600.0,2024519.0,SK하이닉스,000660
2023-04-20,87700.0,하락  500,86600.0,88400.0,86200.0,1746001.0,SK하이닉스,000660
2023-04-21,89100.0,"상승  1,400",87700.0,89800.0,87200.0,2624982.0,SK하이닉스,000660
2023-04-24,87200.0,"하락  1,900",88100.0,88800.0,87000.0,2054455.0,SK하이닉스,000660
2023-04-25,85500.0,"하락  1,700",87500.0,87800.0,83700.0,4096411.0,SK하이닉스,000660
2023-04-26,87400.0,"상승  1,900",86400.0,88700.0,86200.0,3240654.0,SK하이닉스,000660
2023-04-27,88800.0,"상승  1,400",87900.0,89200.0,86000.0,2980163.0,SK하이닉스,000660
2023-04-28,89500.0,상승  700,90800.0,91400.0,88700.0,3737493.0,SK하이닉스,000660
2023-05-02,90200.0,상승  700,90900.0,90900.0,88900.0,2427349.0,SK하이닉스,000660
2023-05-03,89800.0,하락  400,89000.0,90300.0,88600.0,1779615.0,SK하이닉스,000660
2023-05-04,88700.0,"하락  1,100",88900.0,89600.0,87500.0,1794303.0,SK하이닉스,000660
2023-05-08,88700.0,보합0,89700.0,90000.0,87700.0,2615242.0,SK하이닉스,000660
2023-05-09,87300.0,"하락  1,400",88400.0,88600.0,86700.0,2297473.0,SK하이닉스,000660
2023-05-10,86900.0,하락  400,87200.0,87700.0,86300.0,2137658.0,SK하이닉스,000660
2023-05-11,86300.0,하락  600,86900.0,87300.0,85000.0,2806299.0,SK하이닉스,000660
2023-05-12,87200.0,상승  900,86300.0,87600.0,86200.0,2712372.0,SK하이닉스,000660
2023-05-15,86400.0,하락  800,87000.0,87100.0,85500.0,2357794.0,SK하이닉스,000660
2023-05-16,90400.0,"상승  4,000",89500.0,90700.0,88500.0,5121364.0,SK하이닉스,000660
2023-05-17,91900.0,"상승  1,500",92000.0,92000.0,90300.0,3340386.0,SK하이닉스,000660
2023-05-18,93600.0,"상승  1,700",92800.0,94000.0,92000.0,3473641.0,SK하이닉스,000660
2023-05-19,97300.0,"상승  3,700",95000.0,97900.0,94900.0,5062669.0,SK하이닉스,000660
2023-05-22,98200.0,상승  900,97700.0,99400.0,97100.0,4248401.0,SK하이닉스,000660
2023-05-23,97900.0,하락  300,99000.0,99000.0,97000.0,2472514.0,SK하이닉스,000660
2023-05-24,97700.0,하락  200,97400.0,97800.0,96300.0,2097933.0,SK하이닉스,000660
2023-05-25,103500.0,"상승  5,800",104300.0,104300.0,101100.0,7431586.0,SK하이닉스,000660
2023-05-26,109200.0,"상승  5,700",107500.0,110500.0,106100.0,10136706.0,SK하이닉스,000660
2023-05-30,110300.0,"상승  1,100",113200.0,113400.0,109500.0,9058509.0,SK하이닉스,000660
2023-05-31,108600.0,"하락  1,700",110000.0,110900.0,108500.0,8166685.0,SK하이닉스,000660
2023-06-01,110300.0,"상승  1,700",106000.0,110500.0,106000.0,5553560.0,SK하이닉스,000660
2023-06-02,110300.0,보합0,111000.0,112700.0,109200.0,3991904.0,SK하이닉스,000660
2023-06-05,108700.0,"하락  1,600",110100.0,110500.0,108500.0,3316020.0,SK하이닉스,000660
2023-06-07,108000.0,하락  700,108700.0,109300.0,108000.0,3313460.0,SK하이닉스,000660
2023-06-08,109700.0,"상승  1,700",107000.0,109700.0,106700.0,4355468.0,SK하이닉스,000660
2023-06-09,115400.0,"상승  5,700",110300.0,115600.0,108300.0,7950947.0,SK하이닉스,000660
2023-06-12,114800.0,하락  600,114400.0,115800.0,114000.0,2637721.0,SK하이닉스,000660
2023-06-13,119500.0,"상승  4,700",117000.0,120100.0,117000.0,6232477.0,SK하이닉스,000660
2023-06-14,118800.0,하락  700,118800.0,119700.0,118100.0,3240260.0,SK하이닉스,000660
2023-06-15,119000.0,상승  200,120200.0,121100.0,118000.0,3778592.0,SK하이닉스,000660
2023-06-16,118900.0,하락  100,117300.0,119800.0,116300.0,4303391.0,SK하이닉스,000660
2023-06-19,114800.0,"하락  4,100",118000.0,118500.0,113500.0,4208396.0,SK하이닉스,000660
2023-06-20,116100.0,"상승  1,300",114000.0,117000.0,113200.0,3319570.0,SK하이닉스,000660
2023-06-21,115100.0,"하락  1,000",116200.0,117500.0,114600.0,2728146.0,SK하이닉스,000660
2023-06-22,114000.0,"하락  1,100",114200.0,115900.0,113400.0,2612402.0,SK하이닉스,000660
2023-06-23,113600.0,하락  400,114000.0,115200.0,112500.0,2987472.0,SK하이닉스,000660
2023-06-26,113500.0,하락  100,113100.0,113900.0,111200.0,3350758.0,SK하이닉스,000660
2023-06-27,113000.0,하락  500,114000.0,114000.0,110800.0,3602087.0,SK하이닉스,000660
2023-06-28,114300.0,"상승  1,300",114200.0,115200.0,112800.0,3178571.0,SK하이닉스,000660
2023-06-29,116200.0,"상승  1,900",115200.0,117400.0,114500.0,4398301.0,SK하이닉스,000660
2023-06-30,115200.0,"하락  1,000",114600.0,115500.0,113200.0,2674318.0,SK하이닉스,000660
2023-07-03,117600.0,"상승  2,400",115300.0,118900.0,115300.0,3022009.0,SK하이닉스,000660
2023-07-04,117900.0,상승  300,118200.0,118400.0,117200.0,1988592.0,SK하이닉스,000660
2023-07-05,116700.0,"하락  1,200",118100.0,118200.0,116100.0,2483034.0,SK하이닉스,000660
2023-07-06,113800.0,"하락  2,900",116000.0,116100.0,113100.0,3465047.0,SK하이닉스,000660
2023-07-07,111800.0,"하락  2,000",112700.0,113000.0,111200.0,2781723.0,SK하이닉스,000660
2023-07-10,110300.0,"하락  1,500",111800.0,112900.0,109700.0,3163245.0,SK하이닉스,000660
2023-07-11,113400.0,"상승  3,100",111500.0,113400.0,111200.0,2209391.0,SK하이닉스,000660
2023-07-12,115400.0,"상승  2,000",113200.0,115400.0,112800.0,2228477.0,SK하이닉스,000660
2023-07-13,114100.0,"하락  1,300",115400.0,117000.0,113600.0,3421492.0,SK하이닉스,000660
2023-07-14,118000.0,"상승  3,900",115500.0,120200.0,115300.0,5817889.0,SK하이닉스,000660
2023-07-17,117200.0,하락  800,116900.0,118700.0,116000.0,2427281.0,SK하이닉스,000660
2023-07-18,117800.0,상승  600,117500.0,119000.0,116700.0,2299880.0,SK하이닉스,000660
2023-07-19,117500.0,하락  300,118700.0,119100.0,116700.0,2580301.0,SK하이닉스,000660
2023-07-20,116900.0,하락  600,116500.0,117500.0,115200.0,1949776.0,SK하이닉스,000660
2023-07-21,115100.0,"하락  1,800",114700.0,115100.0,113200.0,2745384.0,SK하이닉스,000660
2023-07-24,114000.0,"하락  1,100",114100.0,114900.0,112900.0,2761991.0,SK하이닉스,000660
2023-07-25,113400.0,하락  600,114000.0,114200.0,112200.0,2678385.0,SK하이닉스,000660
2023-07-26,113000.0,하락  400,116000.0,116100.0,111300.0,4995935.0,SK하이닉스,000660
2023-07-27,124000.0,"상승  11,000",115000.0,124000.0,114100.0,9638980.0,SK하이닉스,000660
2023-07-28,128000.0,"상승  4,000",126200.0,129000.0,122000.0,8718746.0,SK하이닉스,000660
2023-07-31,123400.0,"하락  4,600",128000.0,128500.0,122500.0,4623350.0,SK하이닉스,000660
2023-08-01,125100.0,"상승  1,700",124000.0,126400.0,120700.0,4656047.0,SK하이닉스,000660
2023-08-02,119500.0,"하락  5,600",123300.0,124800.0,118700.0,3765478.0,SK하이닉스,000660
2023-08-03,120000.0,상승  500,119000.0,121300.0,117200.0,3498537.0,SK하이닉스,000660
2023-08-04,120100.0,상승  100,118300.0,120900.0,118100.0,2375384.0,SK하이닉스,000660
2023-08-07,121900.0,"상승  1,800",120600.0,124900.0,120500.0,3724826.0,SK하이닉스,000660
2023-08-08,118600.0,"하락  3,300",121900.0,122400.0,118300.0,2729243.0,SK하이닉스,000660
2023-08-09,118500.0,하락  100,118500.0,119200.0,117200.0,2551668.0,SK하이닉스,000660
2023-08-10,118500.0,보합0,117400.0,118500.0,115100.0,2622604.0,SK하이닉스,000660
2023-08-11,115300.0,"하락  3,200",118000.0,119400.0,115200.0,2412381.0,SK하이닉스,000660
2023-08-14,114900.0,하락  400,114600.0,117300.0,114000.0,2038360.0,SK하이닉스,000660
2023-08-16,115800.0,상승  900,117200.0,118500.0,115000.0,3870479.0,SK하이닉스,000660
2023-08-17,114800.0,"하락  1,000",114300.0,115500.0,112500.0,3064253.0,SK하이닉스,000660
2023-08-18,117200.0,"상승  2,400",112600.0,118700.0,111800.0,3329697.0,SK하이닉스,000660
2023-08-21,116400.0,하락  800,117300.0,118500.0,115600.0,2621973.0,SK하이닉스,000660
2023-08-22,116500.0,상승  100,120000.0,120900.0,114900.0,3349473.0,SK하이닉스,000660
2023-08-23,116000.0,하락  500,116200.0,116800.0,114100.0,2573292.0,SK하이닉스,000660
2023-08-24,120900.0,"상승  4,900",122300.0,123600.0,120300.0,6368401.0,SK하이닉스,000660
2023-08-25,116500.0,"하락  4,400",117400.0,118300.0,115300.0,3533647.0,SK하이닉스,000660
2023-08-28,115900.0,하락  600,117000.0,117500.0,115500.0,1746882.0,SK하이닉스,000660
2023-08-29,118600.0,"상승  2,700",118300.0,120300.0,117100.0,2682352.0,SK하이닉스,000660
2023-08-30,119400.0,상승  800,122400.0,122800.0,119400.0,2629711.0,SK하이닉스,000660
2023-08-31,121800.0,"상승  2,400",121000.0,122800.0,120000.0,4403695.0,SK하이닉스,000660
2023-09-01,120000.0,"하락  1,800",121400.0,122600.0,119600.0,2886011.0,SK하이닉스,000660
2023-09-04,119200.0,하락  800,118300.0,119700.0,116200.0,3491280.0,SK하이닉스,000660
2023-09-05,119400.0,상승  200,118100.0,121000.0,117700.0,1749591.0,SK하이닉스,000660
2023-09-06,118200.0,"하락  1,200",118600.0,120000.0,117800.0,1615519.0,SK하이닉스,000660
2023-09-07,118500.0,상승  300,118200.0,120900.0,117100.0,2995088.0,SK하이닉스,000660
2023-09-08,113700.0,"하락  4,800",117000.0,117100.0,112800.0,4943255.0,SK하이닉스,000660
2023-09-11,115900.0,"상승  2,200",113700.0,116000.0,112900.0,2542590.0,SK하이닉스,000660
2023-09-12,116700.0,상승  800,115400.0,117500.0,113900.0,2749688.0,SK하이닉스,000660
2023-09-13,118500.0,"상승  1,800",117900.0,120700.0,116900.0,3860589.0,SK하이닉스,000660
2023-09-14,122200.0,"상승  3,700",118600.0,122200.0,118600.0,3948784.0,SK하이닉스,000660
2023-09-15,122400.0,상승  200,122900.0,124400.0,121600.0,3579662.0,SK하이닉스,000660
2023-09-18,119000.0,"하락  3,400",120300.0,122900.0,118800.0,2356621.0,SK하이닉스,000660
2023-09-19,119200.0,상승  200,119400.0,121300.0,118600.0,1921912.0,SK하이닉스,000660
2023-09-20,118000.0,"하락  1,200",118900.0,119700.0,116700.0,2228681.0,SK하이닉스,000660
2023-09-21,116500.0,"하락  1,500",116000.0,116900.0,114100.0,3151900.0,SK하이닉스,000660
2023-09-22,117300.0,상승  800,114300.0,117300.0,114200.0,2938386.0,SK하이닉스,000660
2023-09-25,117000.0,하락  300,115900.0,117700.0,115700.0,2181722.0,SK하이닉스,000660
2023-09-26,115000.0,"하락  2,000",117000.0,117200.0,113300.0,3237819.0,SK하이닉스,000660
2023-09-27,114700.0,하락  300,113000.0,115200.0,112300.0,3060751.0,SK하이닉스,000660
2023-10-04,115400.0,상승  700,113000.0,116600.0,113000.0,4447702.0,SK하이닉스,000660
2023-10-05,120200.0,"상승  4,800",122900.0,122900.0,118100.0,6112858.0,SK하이닉스,000660
2023-10-06,120400.0,상승  200,120200.0,121600.0,119000.0,4158083.0,SK하이닉스,000660
2023-10-10,119500.0,하락  900,122800.0,124300.0,119500.0,5580659.0,SK하이닉스,000660
2023-10-11,119200.0,하락  300,123000.0,123900.0,119200.0,4293299.0,SK하이닉스,000660
2023-10-12,124200.0,"상승  5,000",121100.0,124200.0,120500.0,4016352.0,SK하이닉스,000660
2023-10-13,124700.0,상승  500,123100.0,126300.0,122500.0,3205273.0,SK하이닉스,000660
2023-10-16,124100.0,하락  600,124700.0,125200.0,122400.0,3008476.0,SK하이닉스,000660
2023-10-17,130000.0,"상승  5,900",125000.0,130800.0,123500.0,6411880.0,SK하이닉스,000660
2023-10-18,130000.0,보합0,128600.0,130700.0,127200.0,4760148.0,SK하이닉스,000660
2023-10-19,125700.0,"하락  4,300",127600.0,128900.0,125100.0,5089745.0,SK하이닉스,000660
2023-10-20,126200.0,상승  500,124300.0,127200.0,122800.0,3868266.0,SK하이닉스,000660
2023-10-23,124000.0,"하락  2,200",126800.0,127200.0,123500.0,2432303.0,SK하이닉스,000660
2023-10-24,126800.0,"상승  2,800",125400.0,127000.0,123900.0,2802010.0,SK하이닉스,000660
2023-10-25,127500.0,상승  700,127500.0,129000.0,126100.0,3053002.0,SK하이닉스,000660
2023-10-26,120000.0,"하락  7,500",122100.0,124800.0,119500.0,5961584.0,SK하이닉스,000660
2023-10-27,119100.0,하락  900,119800.0,120900.0,117500.0,5486088.0,SK하이닉스,000660
2023-10-30,119100.0,보합0,119100.0,121700.0,118700.0,2798497.0,SK하이닉스,000660
2023-10-31,116300.0,"하락  2,800",119800.0,120900.0,116300.0,3166739.0,SK하이닉스,000660
2023-11-01,120300.0,"상승  4,000",117900.0,120300.0,117000.0,2707225.0,SK하이닉스,000660
2023-11-02,125300.0,"상승  5,000",123900.0,125400.0,123100.0,3736208.0,SK하이닉스,000660
2023-11-03,125800.0,상승  500,126500.0,127200.0,125000.0,2796773.0,SK하이닉스,000660
2023-11-06,133000.0,"상승  7,200",125800.0,133000.0,125800.0,6923192.0,SK하이닉스,000660
2023-11-07,130400.0,"하락  2,600",132000.0,133500.0,129300.0,4940510.0,SK하이닉스,000660
2023-11-08,127600.0,"하락  2,800",131600.0,132700.0,126600.0,3328279.0,SK하이닉스,000660
2023-11-09,128000.0,상승  400,127700.0,129800.0,126700.0,2228081.0,SK하이닉스,000660
2023-11-10,130500.0,"상승  2,500",127900.0,130800.0,127000.0,2656526.0,SK하이닉스,000660
2023-11-13,131800.0,"상승  1,300",133000.0,134100.0,131000.0,2644761.0,SK하이닉스,000660
2023-11-14,130000.0,"하락  1,800",133500.0,133500.0,130000.0,2589591.0,SK하이닉스,000660
2023-11-15,134100.0,"상승  4,100",133900.0,134200.0,132100.0,3616292.0,SK하이닉스,000660
2023-11-16,132300.0,"하락  1,800",133000.0,134400.0,131200.0,2456351.0,SK하이닉스,000660
2023-11-17,129900.0,"하락  2,400",131500.0,132000.0,129100.0,2438499.0,SK하이닉스,000660
2023-11-20,131400.0,"상승  1,500",129300.0,132000.0,129300.0,2004403.0,SK하이닉스,000660
2023-11-21,132000.0,상승  600,132000.0,133300.0,131600.0,2439306.0,SK하이닉스,000660
2023-11-22,131300.0,하락  700,129600.0,131600.0,129500.0,2128566.0,SK하이닉스,000660
2023-11-23,130100.0,"하락  1,200",130600.0,131400.0,129500.0,1839516.0,SK하이닉스,000660
2023-11-24,128000.0,"하락  2,100",130600.0,131000.0,128000.0,1925668.0,SK하이닉스,000660
2023-11-27,130700.0,"상승  2,700",129200.0,130700.0,128400.0,2264243.0,SK하이닉스,000660
2023-11-28,131400.0,상승  700,132100.0,132100.0,129900.0,2562226.0,SK하이닉스,000660
2023-11-29,130400.0,"하락  1,000",130200.0,131000.0,128900.0,2227853.0,SK하이닉스,000660
2023-11-30,133900.0,"상승  3,500",129900.0,133900.0,129900.0,3625365.0,SK하이닉스,000660
2023-12-01,132600.0,"하락  1,300",132200.0,133000.0,130800.0,3641222.0,SK하이닉스,000660
2023-12-04,131100.0,"하락  1,500",133400.0,134600.0,131100.0,2680820.0,SK하이닉스,000660
2023-12-05,125900.0,"하락  5,200",129700.0,130000.0,125400.0,4375531.0,SK하이닉스,000660
2023-12-06,125600.0,하락  300,126800.0,127500.0,125400.0,2667583.0,SK하이닉스,000660
2023-12-07,125600.0,보합0,125600.0,127800.0,124500.0,2478565.0,SK하이닉스,000660
2023-12-08,127500.0,"상승  1,900",128100.0,129100.0,127500.0,2762531.0,SK하이닉스,000660
2023-12-11,128900.0,"상승  1,400",128700.0,129100.0,127300.0,3696790.0,SK하이닉스,000660
2023-12-12,131000.0,"상승  2,100",130600.0,131900.0,130500.0,3126577.0,SK하이닉스,000660
2023-12-13,131200.0,상승  200,130000.0,132400.0,130000.0,2852873.0,SK하이닉스,000660
2023-12-14,136700.0,"상승  5,500",133700.0,138300.0,133600.0,8217135.0,SK하이닉스,000660
2023-12-15,140000.0,"상승  3,300",137000.0,140000.0,137000.0,5011719.0,SK하이닉스,000660
2023-12-18,140000.0,보합0,139000.0,140800.0,138900.0,2540812.0,SK하이닉스,000660
2023-12-19,138200.0,"하락  1,800",140000.0,140800.0,138100.0,2309721.0,SK하이닉스,000660
2023-12-20,140500.0,"상승  2,300",139900.0,140800.0,139300.0,3108011.0,SK하이닉스,000660
2023-12-21,140500.0,보합0,139200.0,140600.0,138100.0,2737124.0,SK하이닉스,000660
2023-12-22,140600.0,상승  100,142700.0,143700.0,140600.0,3183709.0,SK하이닉스,000660
2023-12-26,140900.0,상승  300,142000.0,142000.0,139400.0,2239789.0,SK하이닉스,000660
2023-12-27,140400.0,하락  500,140800.0,141600.0,139200.0,2336777.0,SK하이닉스,000660
2023-12-28,141500.0,"상승  1,100",140900.0,141600.0,139500.0,2459473.0,SK하이닉스,000660
2024-01-02,142400.0,상승  900,139700.0,142800.0,139700.0,2147458.0,SK하이닉스,000660
2024-01-03,136800.0,"하락  5,600",140000.0,140800.0,136800.0,3257820.0,SK하이닉스,000660
2024-01-04,136400.0,하락  400,136800.0,138800.0,135800.0,2661970.0,SK하이닉스,000660
2024-01-05,137500.0,"상승  1,100",135800.0,137500.0,135800.0,1846781.0,SK하이닉스,000660
2024-01-08,136000.0,"하락  1,500",137500.0,137900.0,135400.0,2498302.0,SK하이닉스,000660
2024-01-09,137400.0,"상승  1,400",139000.0,139500.0,136600.0,3473806.0,SK하이닉스,000660
2024-01-10,133500.0,"하락  3,900",137700.0,138100.0,132100.0,3769252.0,SK하이닉스,000660
2024-01-11,136000.0,"상승  2,500",132400.0,137100.0,132400.0,3594909.0,SK하이닉스,000660
2024-01-12,134100.0,"하락  1,900",136400.0,137300.0,133400.0,1878915.0,SK하이닉스,000660
2024-01-15,134100.0,보합0,134800.0,135100.0,133300.0,1858867.0,SK하이닉스,000660
2024-01-16,132100.0,"하락  2,000",132600.0,133700.0,131100.0,3670169.0,SK하이닉스,000660
2024-01-17,131000.0,"하락  1,100",133800.0,134500.0,129000.0,3822702.0,SK하이닉스,000660
2024-01-18,136200.0,"상승  5,200",131500.0,136800.0,130600.0,3050556.0,SK하이닉스,000660
2024-01-19,141300.0,"상승  5,100",138700.0,141300.0,137400.0,4946040.0,SK하이닉스,000660
2024-01-22,142600.0,"상승  1,300",145200.0,145400.0,142300.0,3784276.0,SK하이닉스,000660
2024-01-23,140800.0,"하락  1,800",142300.0,142800.0,138300.0,2912611.0,SK하이닉스,000660
2024-01-24,141500.0,상승  700,140000.0,141700.0,137600.0,2580665.0,SK하이닉스,000660
2024-01-25,137400.0,"하락  4,100",142700.0,143700.0,136900.0,4708651.0,SK하이닉스,000660
2024-01-26,136000.0,"하락  1,400",136200.0,138600.0,136000.0,3247410.0,SK하이닉스,000660
2024-01-29,135000.0,"하락  1,000",135500.0,137000.0,135000.0,2311854.0,SK하이닉스,000660
2024-01-30,136900.0,"상승  1,900",135300.0,137800.0,134400.0,2297631.0,SK하이닉스,000660
2024-01-31,134700.0,"하락  2,200",134800.0,136600.0,133600.0,2815362.0,SK하이닉스,000660
2024-02-01,132700.0,"하락  2,000",133100.0,135600.0,131700.0,3778274.0,SK하이닉스,000660
2024-02-02,134900.0,"상승  2,200",132300.0,135300.0,132200.0,3708253.0,SK하이닉스,000660
2024-02-05,132300.0,"하락  2,600",134900.0,135800.0,131700.0,3300954.0,SK하이닉스,000660
2024-02-06,138000.0,"상승  5,700",133700.0,138400.0,132000.0,4672324.0,SK하이닉스,000660
2024-02-07,138000.0,보합0,136600.0,138500.0,135500.0,3348045.0,SK하이닉스,000660
2024-02-08,142800.0,"상승  4,800",139000.0,143000.0,137900.0,5780714.0,SK하이닉스,000660
2024-02-13,150000.0,"상승  7,200",146800.0,150000.0,145000.0,6902585.0,SK하이닉스,000660
2024-02-14,148700.0,"하락  1,300",146300.0,149200.0,144900.0,4396924.0,SK하이닉스,000660
2024-02-15,148700.0,보합0,151300.0,152700.0,148000.0,3560211.0,SK하이닉스,000660
2024-02-16,146800.0,"하락  1,900",150600.0,150600.0,145700.0,3265836.0,SK하이닉스,000660
2024-02-19,151300.0,"상승  4,500",146200.0,153200.0,146000.0,3997323.0,SK하이닉스,000660
2024-02-20,149600.0,"하락  1,700",150300.0,151100.0,147500.0,3507601.0,SK하이닉스,000660
2024-02-21,149000.0,하락  600,147100.0,152200.0,147100.0,4278500.0,SK하이닉스,000660
2024-02-22,156500.0,"상승  7,500",154500.0,156500.0,152600.0,5966352.0,SK하이닉스,000660
2024-02-23,161400.0,"상승  4,900",166900.0,166900.0,159800.0,7012032.0,SK하이닉스,000660
2024-02-26,161800.0,상승  400,158400.0,164800.0,158400.0,4329477.0,SK하이닉스,000660
2024-02-27,153800.0,"하락  8,000",159000.0,160000.0,153300.0,6107954.0,SK하이닉스,000660
2024-02-28,158000.0,"상승  4,200",154500.0,159200.0,153800.0,3666960.0,SK하이닉스,000660
2024-02-29,156200.0,"하락  1,800",154900.0,158400.0,154500.0,3386307.0,SK하이닉스,000660
2024-03-04,166500.0,"상승  10,300",161000.0,168100.0,160700.0,5230909.0,SK하이닉스,000660
2024-03-05,165800.0,하락  700,165100.0,169000.0,164100.0,3612530.0,SK하이닉스,000660
2024-03-06,162900.0,"하락  2,900",164100.0,165500.0,162700.0,2672526.0,SK하이닉스,000660
2024-03-07,164900.0,"상승  2,000",164500.0,165900.0,161000.0,3052700.0,SK하이닉스,000660
2024-03-08,171900.0,"상승  7,000",169800.0,174900.0,169300.0,5089650.0,SK하이닉스,000660
2024-03-11,166600.0,"하락  5,300",165000.0,168900.0,164700.0,3450905.0,SK하이닉스,000660
2024-03-12,165700.0,하락  900,166100.0,167200.0,164000.0,3102706.0,SK하이닉스,000660
2024-03-13,163600.0,"하락  2,100",168600.0,169700.0,162000.0,5072935.0,SK하이닉스,000660
2024-03-14,161900.0,"하락  1,700",163600.0,164200.0,161100.0,3655060.0,SK하이닉스,000660
2024-03-15,161200.0,하락  700,159600.0,162900.0,158600.0,4099531.0,SK하이닉스,000660
2024-03-18,164300.0,"상승  3,100",161200.0,164500.0,161000.0,2696598.0,SK하이닉스,000660
2024-03-19,160200.0,"하락  4,100",161700.0,161800.0,157600.0,4159293.0,SK하이닉스,000660
2024-03-20,156500.0,"하락  3,700",160200.0,161400.0,154100.0,5692523.0,SK하이닉스,000660
2024-03-21,170000.0,"상승  13,500",165200.0,171400.0,162600.0,9205769.0,SK하이닉스,000660
2024-03-22,169800.0,하락  200,169000.0,173900.0,167400.0,5400916.0,SK하이닉스,000660
2024-03-25,169400.0,하락  400,170500.0,174800.0,168500.0,3434516.0,SK하이닉스,000660
2024-03-26,176600.0,"상승  7,200",172000.0,179500.0,171900.0,6549669.0,SK하이닉스,000660
2024-03-27,181200.0,"상승  4,600",176700.0,183000.0,175600.0,5774536.0,SK하이닉스,000660
2024-03-28,178200.0,"하락  3,000",178000.0,182100.0,178000.0,3424716.0,SK하이닉스,000660
2024-03-29,183000.0,"상승  4,800",179200.0,183900.0,177600.0,3035080.0,SK하이닉스,000660
2024-04-01,185500.0,"상승  2,500",186400.0,190500.0,185000.0,2723474.0,SK하이닉스,000660
2024-04-02,186300.0,상승  800,188000.0,190000.0,184400.0,4207759.0,SK하이닉스,000660
2024-04-03,179200.0,"하락  7,100",182000.0,183700.0,178200.0,5416518.0,SK하이닉스,000660
2024-04-04,188000.0,"상승  8,800",184400.0,188500.0,184000.0,5344102.0,SK하이닉스,000660
2024-04-05,182800.0,"하락  5,200",184800.0,187600.0,181800.0,4043133.0,SK하이닉스,000660
2024-04-08,181200.0,"하락  1,600",183900.0,183900.0,180000.0,3278855.0,SK하이닉스,000660
2024-04-09,182900.0,"상승  1,700",182300.0,185300.0,181700.0,2302751.0,SK하이닉스,000660
2024-04-11,188400.0,"상승  5,500",182900.0,188400.0,182400.0,4098231.0,SK하이닉스,000660
2024-04-12,187400.0,"하락  1,000",188700.0,191400.0,187000.0,3097301.0,SK하이닉스,000660
2024-04-15,188200.0,상승  800,185400.0,188400.0,183000.0,2672047.0,SK하이닉스,000660
2024-04-16,179100.0,"하락  9,100",184400.0,185500.0,178300.0,4956035.0,SK하이닉스,000660
2024-04-17,178700.0,하락  400,179600.0,182500.0,177700.0,4340591.0,SK하이닉스,000660
2024-04-18,182300.0,"상승  3,600",176000.0,183300.0,175400.0,4170243.0,SK하이닉스,000660
2024-04-19,173300.0,"하락  9,000",177200.0,178500.0,169500.0,7545976.0,SK하이닉스,000660
2024-04-22,171600.0,"하락  1,700",170700.0,172400.0,167000.0,5882906.0,SK하이닉스,000660
2024-04-23,171000.0,하락  600,172600.0,173700.0,169700.0,3975371.0,SK하이닉스,000660
2024-04-24,179800.0,"상승  8,800",178900.0,180200.0,176300.0,4254632.0,SK하이닉스,000660
2024-04-25,170600.0,"하락  9,200",173800.0,176700.0,170600.0,5332149.0,SK하이닉스,000660
2024-04-26,177800.0,"상승  7,200",176200.0,178300.0,174900.0,5471765.0,SK하이닉스,000660
2024-04-29,175900.0,"하락  1,900",179100.0,180400.0,175600.0,2892809.0,SK하이닉스,000660
2024-04-30,174200.0,"하락  1,700",175900.0,179000.0,173800.0,3655060.0,SK하이닉스,000660
2024-05-02,173600.0,하락  600,169000.0,174700.0,169000.0,3168250.0,SK하이닉스,000660
2024-05-03,173200.0,하락  400,177000.0,177500.0,173200.0,2336256.0,SK하이닉스,000660
2024-05-07,179600.0,"상승  6,400",179400.0,180900.0,179300.0,4349589.0,SK하이닉스,000660
2024-05-08,178000.0,"하락  1,600",177600.0,179400.0,176000.0,2304744.0,SK하이닉스,000660
2024-05-09,175400.0,"하락  2,600",179000.0,179400.0,175400.0,2861600.0,SK하이닉스,000660
2024-05-10,179900.0,"상승  4,500",176500.0,180100.0,176400.0,2813668.0,SK하이닉스,000660
2024-05-13,183800.0,"상승  3,900",180000.0,184000.0,179000.0,3230023.0,SK하이닉스,000660
2024-05-14,185300.0,"상승  1,500",184200.0,185800.0,181800.0,2763069.0,SK하이닉스,000660
2024-05-16,193000.0,"상승  7,700",191100.0,194000.0,191100.0,5083178.0,SK하이닉스,000660
2024-05-17,189900.0,"하락  3,100",192000.0,193500.0,189900.0,2841394.0,SK하이닉스,000660
2024-05-20,190100.0,상승  200,192300.0,193200.0,188600.0,3592128.0,SK하이닉스,000660
2024-05-21,192000.0,"상승  1,900",193400.0,193500.0,191200.0,2468109.0,SK하이닉스,000660
2024-05-22,197700.0,"상승  5,700",191900.0,197700.0,190900.0,3949439.0,SK하이닉스,000660
2024-05-23,200000.0,"상승  2,300",203500.0,204000.0,198200.0,4681849.0,SK하이닉스,000660
2024-05-24,198600.0,"하락  1,400",199800.0,202500.0,197500.0,3793872.0,SK하이닉스,000660
2024-05-27,201500.0,"상승  2,900",203500.0,209000.0,199100.0,4774882.0,SK하이닉스,000660
2024-05-28,202500.0,"상승  1,000",202500.0,205500.0,200500.0,2084945.0,SK하이닉스,000660
2024-05-29,202500.0,보합0,210000.0,210000.0,200500.0,3073139.0,SK하이닉스,000660
2024-05-30,195700.0,"하락  6,800",202500.0,202500.0,195700.0,2402236.0,SK하이닉스,000660
2024-05-31,189200.0,"하락  6,500",194400.0,195200.0,188200.0,5958829.0,SK하이닉스,000660
2024-06-03,194200.0,"상승  5,000",189500.0,194600.0,188200.0,2982443.0,SK하이닉스,000660
2024-06-04,193300.0,하락  900,196400.0,196500.0,192900.0,1996780.0,SK하이닉스,000660
2024-06-05,193700.0,상승  400,189400.0,195200.0,188800.0,2709631.0,SK하이닉스,000660
2024-06-07,207500.0,"상승  13,800",199500.0,207500.0,197300.0,4805326.0,SK하이닉스,000660
2024-06-10,208000.0,상승  500,206000.0,209500.0,205000.0,2448961.0,SK하이닉스,000660
2024-06-11,212500.0,"상승  4,500",210000.0,215000.0,206000.0,3070163.0,SK하이닉스,000660
2024-06-12,215000.0,"상승  2,500",212000.0,216000.0,211000.0,2151331.0,SK하이닉스,000660
2024-06-13,222000.0,"상승  7,000",226000.0,226500.0,219000.0,5777279.0,SK하이닉스,000660
2024-06-14,221000.0,"하락  1,000",225000.0,225000.0,216000.0,3311223.0,SK하이닉스,000660
2024-06-17,223000.0,"상승  2,000",219000.0,229500.0,219000.0,2198340.0,SK하이닉스,000660
2024-06-18,234500.0,"상승  11,500",227000.0,234500.0,227000.0,3136231.0,SK하이닉스,000660
2024-06-19,233500.0,"하락  1,000",235000.0,243000.0,231500.0,3758652.0,SK하이닉스,000660
2024-06-20,237500.0,"상승  4,000",233500.0,238500.0,231000.0,2927358.0,SK하이닉스,000660
2024-06-21,234000.0,"하락  3,500",230500.0,234500.0,230000.0,3848394.0,SK하이닉스,000660
2024-06-24,223000.0,"하락  11,000",228000.0,230000.0,220000.0,5080726.0,SK하이닉스,000660
2024-06-25,225000.0,"상승  2,000",215500.0,225000.0,215000.0,5730999.0,SK하이닉스,000660
2024-06-26,237000.0,"상승  12,000",228000.0,238500.0,227500.0,5166862.0,SK하이닉스,000660
2024-06-27,236500.0,하락  500,229500.0,239000.0,227500.0,3763005.0,SK하이닉스,000660
2024-06-28,236500.0,보합0,235500.0,237500.0,232500.0,2368287.0,SK하이닉스,000660
2024-07-01,235500.0,"하락  1,000",233500.0,236500.0,232000.0,1709955.0,SK하이닉스,000660
2024-07-02,232000.0,"하락  3,500",235500.0,237000.0,230500.0,2343947.0,SK하이닉스,000660
2024-07-03,236000.0,"상승  4,000",231000.0,236000.0,225000.0,3315677.0,SK하이닉스,000660
2024-07-04,230000.0,"하락  6,000",240500.0,240500.0,225000.0,7599882.0,SK하이닉스,000660
2024-07-05,236000.0,"상승  6,000",228500.0,237500.0,227500.0,4041293.0,SK하이닉스,000660
2024-07-08,233500.0,"하락  2,500",234000.0,237000.0,232500.0,2309023.0,SK하이닉스,000660
2024-07-09,238500.0,"상승  5,000",235500.0,241000.0,233000.0,4810781.0,SK하이닉스,000660
2024-07-10,239000.0,상승  500,237500.0,239000.0,234000.0,2579373.0,SK하이닉스,000660
2024-07-11,241000.0,"상승  2,000",242500.0,248500.0,241000.0,5336097.0,SK하이닉스,000660
2024-07-12,233000.0,"하락  8,000",232000.0,236000.0,230000.0,4972976.0,SK하이닉스,000660
2024-07-15,230000.0,"하락  3,000",235000.0,235500.0,226500.0,3301380.0,SK하이닉스,000660
2024-07-16,233000.0,"상승  3,000",226500.0,235000.0,224000.0,3982189.0,SK하이닉스,000660
2024-07-17,220500.0,"하락  12,500",229500.0,230000.0,220500.0,6051510.0,SK하이닉스,000660
2024-07-18,212500.0,"하락  8,000",212500.0,215000.0,209000.0,8847665.0,SK하이닉스,000660
2024-07-19,209500.0,"하락  3,000",208500.0,214000.0,207000.0,4519170.0,SK하이닉스,000660
2024-07-22,205000.0,"하락  4,500",209000.0,209500.0,200500.0,6662441.0,SK하이닉스,000660
2024-07-23,205000.0,보합0,208500.0,209500.0,200500.0,5976519.0,SK하이닉스,000660
2024-07-24,208500.0,"상승  3,500",202000.0,212500.0,200000.0,4838734.0,SK하이닉스,000660
2024-07-25,190000.0,"하락  18,500",196200.0,198800.0,189000.0,12503762.0,SK하이닉스,000660
2024-07-26,191800.0,"상승  1,800",190800.0,194500.0,186100.0,8769107.0,SK하이닉스,000660
2024-07-29,195600.0,"상승  3,800",195000.0,195700.0,192200.0,4017366.0,SK하이닉스,000660
2024-07-30,188900.0,"하락  6,700",191300.0,192200.0,186500.0,5165131.0,SK하이닉스,000660
2024-07-31,194600.0,"상승  5,700",188000.0,195000.0,185200.0,6439929.0,SK하이닉스,000660
2024-08-01,193300.0,"하락  1,300",201500.0,201500.0,193300.0,6457167.0,SK하이닉스,000660
2024-08-02,173200.0,"하락  20,100",183600.0,184000.0,172400.0,13050139.0,SK하이닉스,000660
2024-08-05,156100.0,"하락  17,100",168000.0,171200.0,151600.0,12358821.0,SK하이닉스,000660
2024-08-06,163700.0,"상승  7,600",165100.0,166400.0,161500.0,10717321.0,SK하이닉스,000660
2024-08-07,169300.0,"상승  5,600",160900.0,171000.0,157400.0,9732037.0,SK하이닉스,000660
2024-08-08,163400.0,"하락  5,900",162600.0,168200.0,161200.0,5370361.0,SK하이닉스,000660
2024-08-09,171500.0,"상승  8,100",172800.0,172800.0,168800.0,5141277.0,SK하이닉스,000660
2024-08-12,177000.0,"상승  5,500",174500.0,179800.0,172600.0,4413736.0,SK하이닉스,000660
2024-08-13,181900.0,"상승  4,900",179900.0,182400.0,178800.0,4234287.0,SK하이닉스,000660
2024-08-14,186700.0,"상승  4,800",188000.0,188100.0,184700.0,4420516.0,SK하이닉스,000660
2024-08-16,199700.0,"상승  13,000",196000.0,200000.0,194700.0,6959688.0,SK하이닉스,000660
2024-08-19,193900.0,"하락  5,800",199900.0,199900.0,192400.0,3977026.0,SK하이닉스,000660
2024-08-20,199700.0,"상승  5,800",198700.0,202500.0,198100.0,4258190.0,SK하이닉스,000660
2024-08-21,192600.0,"하락  7,100",193000.0,195400.0,191100.0,4508983.0,SK하이닉스,000660
2024-08-22,191100.0,"하락  1,500",192000.0,194400.0,189000.0,3166217.0,SK하이닉스,000660
2024-08-23,185500.0,"하락  5,600",186000.0,189300.0,185400.0,4371332.0,SK하이닉스,000660
2024-08-26,179600.0,"하락  5,900",187800.0,188500.0,179600.0,4913204.0,SK하이닉스,000660
2024-08-27,175000.0,"하락  4,600",176800.0,180200.0,173400.0,5796566.0,SK하이닉스,000660
2024-08-28,179300.0,"상승  4,300",175000.0,180800.0,174000.0,5590086.0,SK하이닉스,000660
2024-08-29,169700.0,"하락  9,600",167600.0,171700.0,167200.0,8284585.0,SK하이닉스,000660
2024-08-30,173700.0,"상승  4,000",171000.0,175500.0,169400.0,4498221.0,SK하이닉스,000660
2024-09-02,174000.0,상승  300,173600.0,174900.0,168400.0,3507670.0,SK하이닉스,000660
2024-09-03,168300.0,"하락  5,700",172900.0,173800.0,168300.0,3286574.0,SK하이닉스,000660
2024-09-04,154800.0,"하락  13,500",152900.0,159000.0,152900.0,10020391.0,SK하이닉스,000660
2024-09-05,159400.0,"상승  4,600",157000.0,163000.0,156600.0,5349484.0,SK하이닉스,000660
2024-09-06,156400.0,"하락  3,000",157100.0,158200.0,154900.0,3459914.0,SK하이닉스,000660
2024-09-09,157000.0,상승  600,151800.0,157700.0,150500.0,4484162.0,SK하이닉스,000660
2024-09-10,155500.0,"하락  1,500",157400.0,161700.0,154300.0,4718523.0,SK하이닉스,000660
2024-09-11,157200.0,"상승  1,700",156800.0,158700.0,154300.0,3203928.0,SK하이닉스,000660
2024-09-12,168800.0,"상승  11,600",165200.0,171300.0,163800.0,8628996.0,SK하이닉스,000660
2024-09-13,162800.0,"하락  6,000",166500.0,166700.0,161100.0,5246578.0,SK하이닉스,000660
2024-09-19,152800.0,"하락  10,000",154700.0,155700.0,144700.0,15001257.0,SK하이닉스,000660
2024-09-20,157100.0,"상승  4,300",160500.0,160800.0,155900.0,7155655.0,SK하이닉스,000660
2024-09-23,162000.0,"상승  4,900",155800.0,162900.0,155700.0,4497592.0,SK하이닉스,000660
2024-09-24,163500.0,"상승  1,500",163700.0,163700.0,159200.0,3442530.0,SK하이닉스,000660
2024-09-25,165300.0,"상승  1,800",166700.0,169300.0,165000.0,4665075.0,SK하이닉스,000660
2024-09-26,180900.0,"상승  15,600",178400.0,180900.0,176200.0,9519633.0,SK하이닉스,000660
2024-09-27,183800.0,"상승  2,900",187500.0,189300.0,183800.0,6886272.0,SK하이닉스,000660
2024-09-30,174600.0,"하락  9,200",183700.0,183800.0,174600.0,4859468.0,SK하이닉스,000660
2024-10-02,169100.0,"하락  5,500",172700.0,175500.0,169100.0,4720638.0,SK하이닉스,000660
2024-10-04,174100.0,"상승  5,000",171700.0,175600.0,170700.0,3633358.0,SK하이닉스,000660
2024-10-07,184900.0,"상승  10,800",178400.0,184900.0,176000.0,3904925.0,SK하이닉스,000660
2024-10-08,178000.0,"하락  6,900",182200.0,185000.0,178000.0,3988028.0,SK하이닉스,000660
2024-10-10,186700.0,"상승  8,700",184500.0,188100.0,183400.0,6325045.0,SK하이닉스,000660
2024-10-11,186000.0,하락  700,190000.0,191200.0,185100.0,3475666.0,SK하이닉스,000660
2024-10-14,187500.0,"상승  1,500",186900.0,192300.0,186900.0,3309274.0,SK하이닉스,000660
2024-10-15,192900.0,"상승  5,400",191900.0,193200.0,189700.0,4060365.0,SK하이닉스,000660
2024-10-16,188700.0,"하락  4,200",184700.0,192500.0,183600.0,4787317.0,SK하이닉스,000660
2024-10-17,196000.0,"상승  7,300",191200.0,196000.0,188700.0,3996946.0,SK하이닉스,000660
2024-10-18,187300.0,"하락  8,700",198200.0,198200.0,186200.0,5509895.0,SK하이닉스,000660
2024-10-21,190900.0,"상승  3,600",189400.0,192300.0,188000.0,2428544.0,SK하이닉스,000660
2024-10-22,187800.0,"하락  3,100",195300.0,195300.0,187500.0,3466963.0,SK하이닉스,000660
2024-10-23,196000.0,"상승  8,200",188500.0,196700.0,188000.0,4366079.0,SK하이닉스,000660
2024-10-24,198200.0,"상승  2,200",193500.0,202000.0,190000.0,6344515.0,SK하이닉스,000660
2024-10-25,201000.0,"상승  2,800",203000.0,206000.0,199400.0,5530362.0,SK하이닉스,000660
2024-10-28,196000.0,"하락  5,000",203500.0,205000.0,194200.0,4114186.0,SK하이닉스,000660
2024-10-29,190300.0,"하락  5,700",196000.0,197000.0,189100.0,4067991.0,SK하이닉스,000660
2024-10-30,195000.0,"상승  4,700",190200.0,195400.0,189400.0,3580400.0,SK하이닉스,000660
2024-10-31,186300.0,"하락  8,700",189900.0,192900.0,186100.0,4573282.0,SK하이닉스,000660
2024-11-01,182200.0,"하락  4,100",182500.0,184900.0,180500.0,3478519.0,SK하이닉스,000660
2024-11-04,194000.0,"상승  11,800",185200.0,194000.0,183700.0,3569575.0,SK하이닉스,000660
2024-11-05,193200.0,하락  800,193600.0,198800.0,192100.0,3560310.0,SK하이닉스,000660
2024-11-06,195800.0,"상승  2,600",197700.0,199200.0,192700.0,3460361.0,SK하이닉스,000660
2024-11-07,197400.0,"상승  1,600",197400.0,198300.0,193100.0,2976546.0,SK하이닉스,000660
2024-11-08,200500.0,"상승  3,100",200500.0,203000.0,198800.0,3031573.0,SK하이닉스,000660
2024-11-11,192600.0,"하락  7,900",199300.0,199300.0,192400.0,2636191.0,SK하이닉스,000660
2024-11-12,185800.0,"하락  6,800",192500.0,192500.0,184900.0,3920254.0,SK하이닉스,000660
2024-11-13,182900.0,"하락  2,900",185700.0,189500.0,182600.0,3172827.0,SK하이닉스,000660
2024-11-14,173000.0,"하락  9,900",182900.0,184900.0,171700.0,6309368.0,SK하이닉스,000660
2024-11-15,178200.0,"상승  5,200",174000.0,179000.0,173600.0,4330750.0,SK하이닉스,000660
2024-11-18,171700.0,"하락  6,500",173800.0,177800.0,170300.0,3885644.0,SK하이닉스,000660
2024-11-19,170600.0,"하락  1,100",170400.0,172900.0,168100.0,4075013.0,SK하이닉스,000660
2024-11-20,170600.0,보합0,175000.0,175100.0,170200.0,3689296.0,SK하이닉스,000660
2024-11-21,168800.0,"하락  1,800",168200.0,173000.0,168200.0,3821502.0,SK하이닉스,000660
2024-11-22,176700.0,"상승  7,900",171700.0,178200.0,171200.0,3919973.0,SK하이닉스,000660
2024-11-25,177000.0,상승  300,174500.0,179500.0,173900.0,4393882.0,SK하이닉스,000660
2024-11-26,177100.0,상승  100,175200.0,177700.0,174700.0,1996128.0,SK하이닉스,000660
2024-11-27,168300.0,"하락  8,800",175600.0,175700.0,167900.0,4756820.0,SK하이닉스,000660
2024-11-28,161100.0,"하락  7,200",164600.0,166300.0,160800.0,5691298.0,SK하이닉스,000660
2024-11-29,159900.0,"하락  1,200",160000.0,162400.0,157600.0,4682788.0,SK하이닉스,000660
2024-12-02,158800.0,"하락  1,100",162200.0,162700.0,158600.0,3558868.0,SK하이닉스,000660
2024-12-03,164900.0,"상승  6,100",159200.0,165100.0,159100.0,4180365.0,SK하이닉스,000660
2024-12-04,168000.0,"상승  3,100",161300.0,168000.0,161100.0,5701792.0,SK하이닉스,000660
2024-12-05,173000.0,"상승  5,000",170000.0,175600.0,169300.0,4671438.0,SK하이닉스,000660
2024-12-06,167100.0,"하락  5,900",173500.0,173600.0,165000.0,4434259.0,SK하이닉스,000660
2024-12-09,168900.0,"상승  1,800",167100.0,170600.0,165000.0,5305672.0,SK하이닉스,000660
2024-12-10,170400.0,"상승  1,500",168000.0,170400.0,167600.0,3159112.0,SK하이닉스,000660
2024-12-11,171800.0,"상승  1,400",167400.0,171800.0,167000.0,2281189.0,SK하이닉스,000660
2024-12-12,176100.0,"상승  4,300",176500.0,177400.0,173500.0,4550292.0,SK하이닉스,000660
2024-12-13,175500.0,하락  600,174400.0,176400.0,173500.0,3677980.0,SK하이닉스,000660
2024-12-16,179300.0,"상승  3,800",177400.0,180400.0,177300.0,3278975.0,SK하이닉스,000660
2024-12-17,184000.0,"상승  4,700",183000.0,184500.0,182100.0,3188910.0,SK하이닉스,000660
2024-12-18,183500.0,하락  500,183400.0,183900.0,181600.0,2363872.0,SK하이닉스,000660
2024-12-19,175000.0,"하락  8,500",173900.0,176800.0,173000.0,4833862.0,SK하이닉스,000660
2024-12-20,168500.0,"하락  6,500",174100.0,174800.0,167100.0,4487308.0,SK하이닉스,000660
2024-12-23,169600.0,"상승  1,100",170000.0,173300.0,169600.0,3287596.0,SK하이닉스,000660
2024-12-24,168500.0,"하락  1,100",171700.0,171900.0,168300.0,1844961.0,SK하이닉스,000660
2024-12-26,170100.0,"상승  1,600",170000.0,172000.0,169400.0,2022727.0,SK하이닉스,000660
2024-12-27,174500.0,"상승  4,400",170100.0,176000.0,170000.0,2643523.0,SK하이닉스,000660
2024-12-30,173900.0,하락  600,174000.0,175800.0,172400.0,1434202.0,SK하이닉스,000660
2025-01-02,171200.0,"하락  2,700",170500.0,172200.0,170000.0,2102175.0,SK하이닉스,000660
2025-01-03,181900.0,"상승  10,700",174500.0,182700.0,173100.0,4233446.0,SK하이닉스,000660
2025-01-06,199800.0,"상승  17,900",184400.0,199800.0,184400.0,7320382.0,SK하이닉스,000660
2025-01-07,195000.0,"하락  4,800",205000.0,206500.0,194800.0,6075445.0,SK하이닉스,000660
2025-01-08,194700.0,하락  300,193100.0,198100.0,191000.0,4275792.0,SK하이닉스,000660
2025-01-09,205000.0,"상승  10,300",201000.0,206000.0,199800.0,6692254.0,SK하이닉스,000660
2025-01-10,203500.0,"하락  1,500",208000.0,212500.0,202500.0,6149475.0,SK하이닉스,000660
2025-01-13,194300.0,"하락  9,200",203000.0,203000.0,193900.0,4767294.0,SK하이닉스,000660
2025-01-14,195000.0,상승  700,194300.0,197900.0,193600.0,3019149.0,SK하이닉스,000660
2025-01-15,198200.0,"상승  3,200",198000.0,201000.0,197700.0,3620460.0,SK하이닉스,000660
2025-01-16,210000.0,"상승  11,800",208500.0,210000.0,206500.0,6029645.0,SK하이닉스,000660
2025-01-17,214500.0,"상승  4,500",209500.0,217500.0,209000.0,5041329.0,SK하이닉스,000660
2025-01-20,212000.0,"하락  2,500",219000.0,219000.0,210500.0,3036234.0,SK하이닉스,000660
2025-01-21,218000.0,"상승  6,000",216500.0,220000.0,214000.0,3323212.0,SK하이닉스,000660
2025-01-22,225500.0,"상승  7,500",221500.0,227000.0,217000.0,5901740.0,SK하이닉스,000660
2025-01-23,219500.0,"하락  6,000",221000.0,225500.0,215000.0,5994781.0,SK하이닉스,000660
2025-01-24,221000.0,"상승  1,500",220500.0,227000.0,217500.0,3771572.0,SK하이닉스,000660
2025-01-31,199200.0,"하락  21,800",197000.0,204500.0,194800.0,11871995.0,SK하이닉스,000660
2025-02-03,190900.0,"하락  8,300",191500.0,193200.0,186900.0,7926444.0,SK하이닉스,000660
2025-02-04,191100.0,상승  200,192900.0,194300.0,190100.0,5851146.0,SK하이닉스,000660
2025-02-05,198800.0,"상승  7,700",191900.0,199400.0,191900.0,4245118.0,SK하이닉스,000660
2025-02-06,203500.0,"상승  4,700",202000.0,205000.0,200500.0,4032622.0,SK하이닉스,000660
2025-02-07,203000.0,하락  500,205000.0,206000.0,200500.0,2206293.0,SK하이닉스,000660
2025-02-10,198100.0,"하락  4,900",197800.0,203000.0,197000.0,2779740.0,SK하이닉스,000660
2025-02-11,199700.0,"상승  1,600",201000.0,201500.0,198000.0,2488710.0,SK하이닉스,000660
2025-02-12,198900.0,하락  800,196500.0,199900.0,196000.0,2884072.0,SK하이닉스,000660
2025-02-13,208500.0,"상승  9,600",198800.0,208500.0,198100.0,3574410.0,SK하이닉스,000660
2025-02-14,210000.0,"상승  1,500",209000.0,212000.0,206500.0,2598656.0,SK하이닉스,000660
2025-02-17,212000.0,"상승  2,000",211500.0,216000.0,211000.0,2497922.0,SK하이닉스,000660
2025-02-18,210000.0,"하락  2,000",212000.0,215000.0,207000.0,1937894.0,SK하이닉스,000660
2025-02-19,218500.0,"상승  8,500",216000.0,219500.0,214000.0,3537720.0,SK하이닉스,000660
2025-02-20,212000.0,"하락  6,500",217000.0,218500.0,211000.0,3080242.0,SK하이닉스,000660
2025-02-21,209500.0,"하락  2,500",209500.0,211000.0,205500.0,2601151.0,SK하이닉스,000660
2025-02-24,205000.0,"하락  4,500",202500.0,205000.0,201000.0,3087127.0,SK하이닉스,000660
2025-02-25,200500.0,"하락  4,500",199800.0,202000.0,199200.0,3651613.0,SK하이닉스,000660
2025-02-26,203000.0,"상승  2,500",199000.0,206000.0,198600.0,3849749.0,SK하이닉스,000660
2025-02-27,199200.0,"하락  3,800",204500.0,205000.0,198100.0,3993419.0,SK하이닉스,000660
2025-02-28,190200.0,"하락  9,000",191600.0,193000.0,188700.0,5533027.0,SK하이닉스,000660
2025-03-04,186100.0,"하락  4,100",184800.0,187500.0,184000.0,5424556.0,SK하이닉스,000660
2025-03-05,193100.0,"상승  7,000",188200.0,194400.0,186600.0,4162368.0,SK하이닉스,000660
2025-03-06,192400.0,하락  700,193500.0,194000.0,190300.0,2540131.0,SK하이닉스,000660
2025-03-07,192400.0,보합0,191000.0,192800.0,187900.0,2700590.0,SK하이닉스,000660
2025-03-10,187900.0,"하락  4,500",187500.0,191500.0,187300.0,2441476.0,SK하이닉스,000660
2025-03-11,187800.0,하락  100,182100.0,189000.0,181300.0,3521800.0,SK하이닉스,000660
2025-03-12,198900.0,"상승  11,100",192400.0,199350.0,189700.0,4064278.0,SK하이닉스,000660
2025-03-13,199700.0,상승  800,202500.0,204500.0,195500.0,3883033.0,SK하이닉스,000660
2025-03-14,204500.0,"상승  4,800",198500.0,206000.0,198500.0,3397462.0,SK하이닉스,000660
2025-03-17,206000.0,"상승  1,500",207000.0,209500.0,203500.0,2584679.0,SK하이닉스,000660
2025-03-18,203000.0,"하락  3,000",208500.0,209000.0,201000.0,2696191.0,SK하이닉스,000660
2025-03-19,205500.0,"상승  2,500",202000.0,209500.0,201000.0,3102000.0,SK하이닉스,000660
2025-03-20,210000.0,"상승  4,500",207000.0,211000.0,205500.0,2779557.0,SK하이닉스,000660
2025-03-21,215500.0,"상승  5,500",213500.0,219500.0,212000.0,5731880.0,SK하이닉스,000660
2025-03-24,211500.0,"하락  4,000",211500.0,214500.0,209500.0,1611040.0,SK하이닉스,000660
2025-03-25,208000.0,"하락  3,500",214500.0,215500.0,208000.0,2262656.0,SK하이닉스,000660
2025-03-26,214000.0,"상승  6,000",209000.0,215500.0,208500.0,2058540.0,SK하이닉스,000660
2025-03-27,207000.0,"하락  7,000",208000.0,212000.0,206500.0,2287220.0,SK하이닉스,000660
2025-03-28,199300.0,"하락  7,700",203000.0,204500.0,198900.0,2673553.0,SK하이닉스,000660
2025-03-31,190700.0,"하락  8,600",193500.0,195500.0,190500.0,4561715.0,SK하이닉스,000660
2025-04-01,197000.0,"상승  6,300",193600.0,198500.0,192000.0,2317253.0,SK하이닉스,000660
2025-04-02,197900.0,상승  900,198800.0,201500.0,197300.0,2764223.0,SK하이닉스,000660
2025-04-03,194600.0,"하락  3,300",189600.0,194600.0,188200.0,4177747.0,SK하이닉스,000660
2025-04-04,182200.0,"하락  12,400",187900.0,189600.0,178400.0,9182017.0,SK하이닉스,000660
2025-04-07,164800.0,"하락  17,400",168000.0,172800.0,164800.0,7879050.0,SK하이닉스,000660
2025-04-08,169500.0,"상승  4,700",172000.0,173100.0,168200.0,4965171.0,SK하이닉스,000660
2025-04-09,165000.0,"하락  4,500",170000.0,170000.0,162700.0,8035679.0,SK하이닉스,000660
2025-04-10,183200.0,"상승  18,200",189700.0,189900.0,180000.0,7836984.0,SK하이닉스,000660
2025-04-11,180800.0,"하락  2,400",177800.0,181800.0,176100.0,3223735.0,SK하이닉스,000660
2025-04-14,180200.0,하락  600,182900.0,184400.0,178000.0,3466194.0,SK하이닉스,000660
2025-04-15,180600.0,상승  400,180200.0,182400.0,179700.0,1915455.0,SK하이닉스,000660
2025-04-16,174000.0,"하락  6,600",176500.0,177500.0,173500.0,2933428.0,SK하이닉스,000660
2025-04-17,175000.0,"상승  1,000",172100.0,175400.0,171800.0,2989493.0,SK하이닉스,000660
2025-04-18,175000.0,보합0,174000.0,175500.0,172800.0,1305152.0,SK하이닉스,000660
2025-04-21,176600.0,"상승  1,600",174800.0,180000.0,174500.0,1877473.0,SK하이닉스,000660
2025-04-22,173800.0,"하락  2,800",175000.0,175500.0,173300.0,2008388.0,SK하이닉스,000660
2025-04-23,181000.0,"상승  7,200",179100.0,181600.0,178100.0,3857373.0,SK하이닉스,000660
2025-04-24,178300.0,"하락  2,700",182800.0,183400.0,177600.0,3162156.0,SK하이닉스,000660
2025-04-25,184400.0,"상승  6,100",182500.0,184900.0,182100.0,3507810.0,SK하이닉스,000660
2025-04-28,182000.0,"하락  2,400",183500.0,183900.0,179700.0,2455710.0,SK하이닉스,000660
2025-04-29,180800.0,"하락  1,200",182000.0,182900.0,179100.0,1866386.0,SK하이닉스,000660
2025-04-30,177500.0,"하락  3,300",179100.0,180000.0,176700.0,2354473.0,SK하이닉스,000660
2025-05-02,186000.0,"상승  8,500",179400.0,186200.0,178400.0,3886874.0,SK하이닉스,000660
2025-05-07,190800.0,"상승  4,800",187700.0,191500.0,185900.0,3830097.0,SK하이닉스,000660
2025-05-08,190300.0,하락  500,196000.0,196000.0,189400.0,5125330.0,SK하이닉스,000660
2025-05-09,190100.0,하락  200,192000.0,192800.0,186800.0,2539822.0,SK하이닉스,000660
2025-05-12,195000.0,"상승  4,900",193600.0,195200.0,193500.0,1624884.0,SK하이닉스,000660
2025-05-13,198500.0,"상승  3,500",200500.0,201500.0,197300.0,3385009.0,SK하이닉스,000660
2025-05-14,206000.0,"상승  7,500",207000.0,207000.0,204000.0,3333511.0,SK하이닉스,000660
2025-05-15,200500.0,"하락  5,500",207500.0,208000.0,199500.0,3178957.0,SK하이닉스,000660
2025-05-16,204500.0,"상승  4,000",206000.0,206750.0,203500.0,2419507.0,SK하이닉스,000660
2025-05-19,199400.0,"하락  5,100",203000.0,203000.0,197500.0,2482673.0,SK하이닉스,000660
2025-05-20,202000.0,"상승  2,600",202500.0,208000.0,201500.0,2820546.0,SK하이닉스,000660
2025-05-21,200500.0,"하락  1,500",204500.0,205000.0,199900.0,1721760.0,SK하이닉스,000660
2025-05-22,196900.0,"하락  3,600",199900.0,201500.0,196500.0,1988587.0,SK하이닉스,000660
2025-05-23,200000.0,"상승  3,100",199900.0,201500.0,198700.0,1538701.0,SK하이닉스,000660
2025-05-26,203000.0,"상승  3,000",200000.0,203500.0,196900.0,1459997.0,SK하이닉스,000660
2025-05-27,202500.0,하락  500,200500.0,203500.0,200000.0,1424916.0,SK하이닉스,000660
2025-05-28,208000.0,"상승  5,500",206500.0,209500.0,206000.0,3161188.0,SK하이닉스,000660
2025-05-29,212000.0,"상승  4,000",214500.0,214500.0,207500.0,3827689.0,SK하이닉스,000660
2025-05-30,205500.0,"하락  6,500",210000.0,210000.0,205000.0,1649666.0,SK하이닉스,000660
