날짜,종가,전일비,시가,고가,저가,거래량,회사명,종목코드
2020-03-13,76700.0,"하락  3,100",73100.0,76800.0,70900.0,24854.0,동아쏘시오홀딩스,000640
2020-03-16,76800.0,상승  100,76100.0,78000.0,73900.0,12885.0,동아쏘시오홀딩스,000640
2020-03-17,76800.0,보합0,70100.0,76800.0,70100.0,17572.0,동아쏘시오홀딩스,000640
2020-03-18,72400.0,"하락  4,400",75000.0,76800.0,72400.0,21067.0,동아쏘시오홀딩스,000640
2020-03-19,69200.0,"하락  3,200",73100.0,74900.0,69000.0,28037.0,동아쏘시오홀딩스,000640
2020-03-20,71800.0,"상승  2,600",70700.0,71800.0,67100.0,25809.0,동아쏘시오홀딩스,000640
2020-03-23,70000.0,"하락  1,800",67500.0,70900.0,66700.0,23839.0,동아쏘시오홀딩스,000640
2020-03-24,72700.0,"상승  2,700",68100.0,72700.0,68100.0,20481.0,동아쏘시오홀딩스,000640
2020-03-25,74300.0,"상승  1,600",71800.0,74500.0,71200.0,28094.0,동아쏘시오홀딩스,000640
2020-03-26,75300.0,"상승  1,000",73500.0,76900.0,73000.0,23662.0,동아쏘시오홀딩스,000640
2020-03-27,77500.0,"상승  2,200",77700.0,78300.0,75800.0,27348.0,동아쏘시오홀딩스,000640
2020-03-30,80100.0,"상승  2,600",77500.0,81000.0,75900.0,13148.0,동아쏘시오홀딩스,000640
2020-03-31,81700.0,"상승  1,600",79900.0,82500.0,79100.0,14690.0,동아쏘시오홀딩스,000640
2020-04-01,82100.0,상승  400,80900.0,84000.0,80400.0,18123.0,동아쏘시오홀딩스,000640
2020-04-02,81900.0,하락  200,81300.0,82900.0,79500.0,15417.0,동아쏘시오홀딩스,000640
2020-04-03,83600.0,"상승  1,700",80400.0,83800.0,80400.0,13274.0,동아쏘시오홀딩스,000640
2020-04-06,86000.0,"상승  2,400",84400.0,86900.0,83600.0,11568.0,동아쏘시오홀딩스,000640
2020-04-07,87200.0,"상승  1,200",85100.0,87200.0,83900.0,17836.0,동아쏘시오홀딩스,000640
2020-04-08,85800.0,"하락  1,400",85800.0,87600.0,85500.0,14693.0,동아쏘시오홀딩스,000640
2020-04-09,86100.0,상승  300,85900.0,86700.0,84600.0,16263.0,동아쏘시오홀딩스,000640
2020-04-10,86100.0,보합0,85500.0,86400.0,84000.0,21529.0,동아쏘시오홀딩스,000640
2020-04-13,88300.0,"상승  2,200",84900.0,89900.0,84900.0,21113.0,동아쏘시오홀딩스,000640
2020-04-14,88300.0,보합0,89000.0,90900.0,87400.0,15157.0,동아쏘시오홀딩스,000640
2020-04-16,88900.0,상승  600,86800.0,89300.0,86800.0,17980.0,동아쏘시오홀딩스,000640
2020-04-17,89900.0,"상승  1,000",88900.0,90400.0,88600.0,13393.0,동아쏘시오홀딩스,000640
2020-04-20,89500.0,하락  400,88600.0,90300.0,88400.0,11410.0,동아쏘시오홀딩스,000640
2020-04-21,87300.0,"하락  2,200",89700.0,89800.0,86700.0,15937.0,동아쏘시오홀딩스,000640
2020-04-22,86900.0,하락  400,87900.0,87900.0,85000.0,10093.0,동아쏘시오홀딩스,000640
2020-04-23,88600.0,"상승  1,700",86100.0,90900.0,85500.0,27025.0,동아쏘시오홀딩스,000640
2020-04-24,86900.0,"하락  1,700",87300.0,88500.0,86400.0,12433.0,동아쏘시오홀딩스,000640
2020-04-27,87800.0,상승  900,86200.0,88400.0,86200.0,5529.0,동아쏘시오홀딩스,000640
2020-04-28,87000.0,하락  800,87100.0,87500.0,86500.0,8897.0,동아쏘시오홀딩스,000640
2020-04-29,87400.0,상승  400,86700.0,88300.0,86400.0,10393.0,동아쏘시오홀딩스,000640
2020-05-04,83900.0,"하락  3,500",86200.0,86600.0,83300.0,18550.0,동아쏘시오홀딩스,000640
2020-05-06,86100.0,"상승  2,200",85600.0,86100.0,84300.0,10926.0,동아쏘시오홀딩스,000640
2020-05-07,85400.0,하락  700,85100.0,86300.0,84900.0,8930.0,동아쏘시오홀딩스,000640
2020-05-08,86400.0,"상승  1,000",86300.0,87500.0,85600.0,9411.0,동아쏘시오홀딩스,000640
2020-05-11,89100.0,"상승  2,700",85800.0,89500.0,85800.0,16329.0,동아쏘시오홀딩스,000640
2020-05-12,86300.0,"하락  2,800",89100.0,89200.0,86100.0,12203.0,동아쏘시오홀딩스,000640
2020-05-13,86700.0,상승  400,85800.0,86800.0,84900.0,10736.0,동아쏘시오홀딩스,000640
2020-05-14,85400.0,"하락  1,300",87100.0,87100.0,85100.0,8932.0,동아쏘시오홀딩스,000640
2020-05-15,85900.0,상승  500,86100.0,86300.0,85200.0,8807.0,동아쏘시오홀딩스,000640
2020-05-18,86700.0,상승  800,86400.0,87500.0,85300.0,11078.0,동아쏘시오홀딩스,000640
2020-05-19,88300.0,"상승  1,600",87700.0,88500.0,87000.0,13177.0,동아쏘시오홀딩스,000640
2020-05-20,89100.0,상승  800,88600.0,89400.0,87500.0,8694.0,동아쏘시오홀딩스,000640
2020-05-21,95700.0,"상승  6,600",88900.0,95700.0,87900.0,33413.0,동아쏘시오홀딩스,000640
2020-05-22,91300.0,"하락  4,400",96000.0,96000.0,91100.0,16145.0,동아쏘시오홀딩스,000640
2020-05-25,97400.0,"상승  6,100",93000.0,98400.0,92500.0,25884.0,동아쏘시오홀딩스,000640
2020-05-26,98000.0,상승  600,97600.0,98600.0,96300.0,13413.0,동아쏘시오홀딩스,000640
2020-05-27,97300.0,하락  700,96700.0,98200.0,96500.0,10586.0,동아쏘시오홀딩스,000640
2020-05-28,92700.0,"하락  4,600",96300.0,96400.0,92700.0,16497.0,동아쏘시오홀딩스,000640
2020-05-29,89900.0,"하락  2,800",93100.0,94300.0,89900.0,15103.0,동아쏘시오홀딩스,000640
2020-06-01,94200.0,"상승  4,300",90100.0,94300.0,90100.0,7644.0,동아쏘시오홀딩스,000640
2020-06-02,94300.0,상승  100,92300.0,94500.0,91600.0,9876.0,동아쏘시오홀딩스,000640
2020-06-03,94400.0,상승  100,93100.0,95200.0,93100.0,15024.0,동아쏘시오홀딩스,000640
2020-06-04,94400.0,보합0,94300.0,95800.0,93700.0,12007.0,동아쏘시오홀딩스,000640
2020-06-05,95300.0,상승  900,94800.0,95800.0,93200.0,10457.0,동아쏘시오홀딩스,000640
2020-06-08,94900.0,하락  400,96200.0,96600.0,94500.0,10743.0,동아쏘시오홀딩스,000640
2020-06-09,95900.0,"상승  1,000",95400.0,98200.0,94700.0,16531.0,동아쏘시오홀딩스,000640
2020-06-10,97800.0,"상승  1,900",95800.0,99500.0,95700.0,15554.0,동아쏘시오홀딩스,000640
2020-06-11,95200.0,"하락  2,600",96900.0,99100.0,93900.0,24302.0,동아쏘시오홀딩스,000640
2020-06-12,99300.0,"상승  4,100",94800.0,102500.0,94200.0,53618.0,동아쏘시오홀딩스,000640
2020-06-15,104000.0,"상승  4,700",104000.0,116500.0,101000.0,122077.0,동아쏘시오홀딩스,000640
2020-06-16,109500.0,"상승  5,500",108500.0,111000.0,105000.0,55817.0,동아쏘시오홀딩스,000640
2020-06-17,108000.0,"하락  1,500",111000.0,115000.0,105000.0,37120.0,동아쏘시오홀딩스,000640
2020-06-18,105500.0,"하락  2,500",106000.0,108500.0,104500.0,17826.0,동아쏘시오홀딩스,000640
2020-06-19,102000.0,"하락  3,500",105500.0,107000.0,100500.0,27570.0,동아쏘시오홀딩스,000640
2020-06-22,101500.0,하락  500,102000.0,104000.0,100000.0,19342.0,동아쏘시오홀딩스,000640
2020-06-23,101000.0,하락  500,105000.0,106500.0,100000.0,28329.0,동아쏘시오홀딩스,000640
2020-06-24,102000.0,"상승  1,000",101000.0,103000.0,99500.0,20292.0,동아쏘시오홀딩스,000640
2020-06-25,97900.0,"하락  4,100",101000.0,101000.0,97600.0,27231.0,동아쏘시오홀딩스,000640
2020-06-26,96700.0,"하락  1,200",98100.0,98700.0,95600.0,22737.0,동아쏘시오홀딩스,000640
2020-06-29,96300.0,하락  400,95600.0,97200.0,95400.0,11567.0,동아쏘시오홀딩스,000640
2020-06-30,95200.0,"하락  1,100",99300.0,99500.0,94800.0,18986.0,동아쏘시오홀딩스,000640
2020-07-01,94500.0,하락  700,96000.0,96500.0,94500.0,22018.0,동아쏘시오홀딩스,000640
2020-07-02,95700.0,"상승  1,200",94700.0,96300.0,94700.0,22011.0,동아쏘시오홀딩스,000640
2020-07-03,96600.0,상승  900,95900.0,97100.0,95100.0,9349.0,동아쏘시오홀딩스,000640
2020-07-06,99300.0,"상승  2,700",96600.0,101500.0,95700.0,21562.0,동아쏘시오홀딩스,000640
2020-07-07,98700.0,하락  600,99400.0,99400.0,97500.0,14480.0,동아쏘시오홀딩스,000640
2020-07-08,98900.0,상승  200,98500.0,99400.0,97500.0,16213.0,동아쏘시오홀딩스,000640
2020-07-09,97500.0,"하락  1,400",98900.0,98900.0,97400.0,12645.0,동아쏘시오홀딩스,000640
2020-07-10,94600.0,"하락  2,900",97500.0,97800.0,94000.0,17148.0,동아쏘시오홀딩스,000640
2020-07-13,95000.0,상승  400,95300.0,95400.0,93000.0,10763.0,동아쏘시오홀딩스,000640
2020-07-14,94600.0,하락  400,94100.0,94800.0,93700.0,10045.0,동아쏘시오홀딩스,000640
2020-07-15,94600.0,보합0,95000.0,95100.0,93600.0,18923.0,동아쏘시오홀딩스,000640
2020-07-16,95900.0,"상승  1,300",94100.0,95900.0,93700.0,16772.0,동아쏘시오홀딩스,000640
2020-07-17,96200.0,상승  300,95900.0,96900.0,94900.0,13910.0,동아쏘시오홀딩스,000640
2020-07-20,99500.0,"상승  3,300",96200.0,110000.0,96200.0,82065.0,동아쏘시오홀딩스,000640
2020-07-21,99200.0,하락  300,101000.0,101000.0,98500.0,30850.0,동아쏘시오홀딩스,000640
2020-07-22,100500.0,"상승  1,300",98800.0,101000.0,98800.0,27485.0,동아쏘시오홀딩스,000640
2020-07-23,100500.0,보합0,100500.0,101500.0,99400.0,21841.0,동아쏘시오홀딩스,000640
2020-07-24,103000.0,"상승  2,500",99800.0,105000.0,99100.0,28139.0,동아쏘시오홀딩스,000640
2020-07-27,103000.0,보합0,103000.0,105000.0,102000.0,16815.0,동아쏘시오홀딩스,000640
2020-07-28,103000.0,보합0,102000.0,106000.0,101500.0,21678.0,동아쏘시오홀딩스,000640
2020-07-29,100500.0,"하락  2,500",102000.0,102500.0,99900.0,15345.0,동아쏘시오홀딩스,000640
2020-07-30,99800.0,하락  700,100000.0,101500.0,99300.0,11462.0,동아쏘시오홀딩스,000640
2020-07-31,99600.0,하락  200,99800.0,101000.0,99100.0,8475.0,동아쏘시오홀딩스,000640
2020-08-03,98400.0,"하락  1,200",99700.0,99700.0,97000.0,13387.0,동아쏘시오홀딩스,000640
2020-08-04,106000.0,"상승  7,600",98500.0,106500.0,97800.0,34329.0,동아쏘시오홀딩스,000640
2020-08-05,110000.0,"상승  4,000",105000.0,112000.0,104500.0,57149.0,동아쏘시오홀딩스,000640
2020-08-06,109500.0,하락  500,115000.0,117000.0,106000.0,45714.0,동아쏘시오홀딩스,000640
2020-08-07,104000.0,"하락  5,500",108000.0,110000.0,103000.0,22104.0,동아쏘시오홀딩스,000640
2020-08-10,103000.0,"하락  1,000",104500.0,105000.0,101500.0,22586.0,동아쏘시오홀딩스,000640
2020-08-11,103000.0,보합0,102500.0,104000.0,101500.0,32614.0,동아쏘시오홀딩스,000640
2020-08-12,106000.0,"상승  3,000",102000.0,106500.0,102000.0,21868.0,동아쏘시오홀딩스,000640
2020-08-13,107500.0,"상승  1,500",106000.0,108500.0,104000.0,26189.0,동아쏘시오홀딩스,000640
2020-08-14,107000.0,하락  500,108000.0,108000.0,104500.0,19268.0,동아쏘시오홀딩스,000640
2020-08-18,106500.0,하락  500,109000.0,109000.0,104500.0,30032.0,동아쏘시오홀딩스,000640
2020-08-19,106500.0,보합0,107500.0,108000.0,104500.0,19593.0,동아쏘시오홀딩스,000640
2020-08-20,102500.0,"하락  4,000",106500.0,106500.0,101000.0,29466.0,동아쏘시오홀딩스,000640
2020-08-21,97200.0,"하락  5,300",101000.0,102500.0,95800.0,47771.0,동아쏘시오홀딩스,000640
2020-08-24,98000.0,상승  800,97200.0,98500.0,97100.0,18180.0,동아쏘시오홀딩스,000640
2020-08-25,99800.0,"상승  1,800",98000.0,100000.0,97300.0,21900.0,동아쏘시오홀딩스,000640
2020-08-26,99100.0,하락  700,99800.0,100000.0,98000.0,16706.0,동아쏘시오홀딩스,000640
2020-08-27,99800.0,상승  700,98900.0,99800.0,97500.0,21670.0,동아쏘시오홀딩스,000640
2020-08-28,103000.0,"상승  3,200",99700.0,104000.0,99000.0,26900.0,동아쏘시오홀딩스,000640
2020-08-31,108500.0,"상승  5,500",105000.0,113500.0,104000.0,63738.0,동아쏘시오홀딩스,000640
2020-09-01,110000.0,"상승  1,500",108500.0,112000.0,107000.0,27873.0,동아쏘시오홀딩스,000640
2020-09-02,111500.0,"상승  1,500",112500.0,112500.0,108000.0,25752.0,동아쏘시오홀딩스,000640
2020-09-03,112500.0,"상승  1,000",111000.0,113500.0,109000.0,19363.0,동아쏘시오홀딩스,000640
2020-09-04,110500.0,"하락  2,000",108500.0,111500.0,108000.0,18517.0,동아쏘시오홀딩스,000640
2020-09-07,108000.0,"하락  2,500",109000.0,111500.0,106500.0,33129.0,동아쏘시오홀딩스,000640
2020-09-08,106000.0,"하락  2,000",108000.0,108000.0,104500.0,21111.0,동아쏘시오홀딩스,000640
2020-09-09,102500.0,"하락  3,500",106500.0,106500.0,102000.0,19049.0,동아쏘시오홀딩스,000640
2020-09-10,102500.0,보합0,105000.0,105000.0,102000.0,21159.0,동아쏘시오홀딩스,000640
2020-09-11,105500.0,"상승  3,000",102000.0,107000.0,102000.0,14345.0,동아쏘시오홀딩스,000640
2020-09-14,107500.0,"상승  2,000",107000.0,109500.0,104000.0,21913.0,동아쏘시오홀딩스,000640
2020-09-15,108000.0,상승  500,107000.0,109000.0,106500.0,12206.0,동아쏘시오홀딩스,000640
2020-09-16,112500.0,"상승  4,500",106500.0,115000.0,105500.0,80941.0,동아쏘시오홀딩스,000640
2020-09-17,111500.0,"하락  1,000",114500.0,114500.0,109000.0,34072.0,동아쏘시오홀딩스,000640
2020-09-18,114500.0,"상승  3,000",114000.0,118500.0,110500.0,45272.0,동아쏘시오홀딩스,000640
2020-09-21,131000.0,"상승  16,500",120000.0,136000.0,119000.0,193070.0,동아쏘시오홀딩스,000640
2020-09-22,129500.0,"하락  1,500",132000.0,143000.0,126500.0,110732.0,동아쏘시오홀딩스,000640
2020-09-23,136000.0,"상승  6,500",131500.0,140000.0,126000.0,71658.0,동아쏘시오홀딩스,000640
2020-09-24,125500.0,"하락  10,500",137500.0,141000.0,125500.0,74491.0,동아쏘시오홀딩스,000640
2020-09-25,126500.0,"상승  1,000",127500.0,134000.0,125500.0,51666.0,동아쏘시오홀딩스,000640
2020-09-28,127500.0,"상승  1,000",127500.0,129500.0,124500.0,32280.0,동아쏘시오홀딩스,000640
2020-09-29,125000.0,"하락  2,500",127500.0,129000.0,121500.0,37884.0,동아쏘시오홀딩스,000640
2020-10-05,131000.0,"상승  6,000",128500.0,137000.0,126500.0,93424.0,동아쏘시오홀딩스,000640
2020-10-06,127500.0,"하락  3,500",131000.0,131000.0,125500.0,43728.0,동아쏘시오홀딩스,000640
2020-10-07,124500.0,"하락  3,000",125500.0,127000.0,124000.0,24798.0,동아쏘시오홀딩스,000640
2020-10-08,122000.0,"하락  2,500",125000.0,125000.0,121500.0,29083.0,동아쏘시오홀딩스,000640
2020-10-12,121500.0,하락  500,122000.0,123500.0,119000.0,19161.0,동아쏘시오홀딩스,000640
2020-10-13,120500.0,"하락  1,000",123000.0,124500.0,119000.0,29715.0,동아쏘시오홀딩스,000640
2020-10-14,116500.0,"하락  4,000",120000.0,121000.0,116000.0,27972.0,동아쏘시오홀딩스,000640
2020-10-15,117000.0,상승  500,116500.0,119500.0,115500.0,41408.0,동아쏘시오홀딩스,000640
2020-10-16,114000.0,"하락  3,000",117500.0,117500.0,112000.0,33171.0,동아쏘시오홀딩스,000640
2020-10-19,115500.0,"상승  1,500",115000.0,117500.0,114500.0,22092.0,동아쏘시오홀딩스,000640
2020-10-20,115000.0,하락  500,114500.0,116500.0,111500.0,23075.0,동아쏘시오홀딩스,000640
2020-10-21,117500.0,"상승  2,500",115500.0,121000.0,113500.0,39065.0,동아쏘시오홀딩스,000640
2020-10-22,118000.0,상승  500,118000.0,118500.0,113000.0,39075.0,동아쏘시오홀딩스,000640
2020-10-23,120000.0,"상승  2,000",118000.0,126500.0,115500.0,63336.0,동아쏘시오홀딩스,000640
2020-10-26,113500.0,"하락  6,500",118500.0,119000.0,112000.0,28282.0,동아쏘시오홀딩스,000640
2020-10-27,111000.0,"하락  2,500",111500.0,114500.0,109500.0,26477.0,동아쏘시오홀딩스,000640
2020-10-28,112500.0,"상승  1,500",110000.0,113500.0,109500.0,15338.0,동아쏘시오홀딩스,000640
2020-10-29,109500.0,"하락  3,000",110500.0,112500.0,108000.0,34892.0,동아쏘시오홀딩스,000640
2020-10-30,106500.0,"하락  3,000",109000.0,109500.0,105000.0,21199.0,동아쏘시오홀딩스,000640
2020-11-02,107000.0,상승  500,106000.0,108000.0,105500.0,12992.0,동아쏘시오홀딩스,000640
2020-11-03,108500.0,"상승  1,500",107000.0,109500.0,106500.0,21668.0,동아쏘시오홀딩스,000640
2020-11-04,112500.0,"상승  4,000",110000.0,113500.0,108000.0,23984.0,동아쏘시오홀딩스,000640
2020-11-05,115000.0,"상승  2,500",113000.0,116000.0,111500.0,24931.0,동아쏘시오홀딩스,000640
2020-11-06,113500.0,"하락  1,500",115000.0,115500.0,113000.0,22856.0,동아쏘시오홀딩스,000640
2020-11-09,117000.0,"상승  3,500",114000.0,118500.0,114000.0,25401.0,동아쏘시오홀딩스,000640
2020-11-10,122500.0,"상승  5,500",124500.0,129500.0,121000.0,126126.0,동아쏘시오홀딩스,000640
2020-11-11,134500.0,"상승  12,000",128500.0,151000.0,125500.0,400027.0,동아쏘시오홀딩스,000640
2020-11-12,127500.0,"하락  7,000",129500.0,131000.0,123500.0,105512.0,동아쏘시오홀딩스,000640
2020-11-13,127000.0,하락  500,129000.0,135500.0,126000.0,89528.0,동아쏘시오홀딩스,000640
2020-11-16,125500.0,"하락  1,500",128500.0,130500.0,124000.0,48731.0,동아쏘시오홀딩스,000640
2020-11-17,133500.0,"상승  8,000",128000.0,138000.0,125000.0,162707.0,동아쏘시오홀딩스,000640
2020-11-18,144500.0,"상승  11,000",139000.0,149500.0,136500.0,260475.0,동아쏘시오홀딩스,000640
2020-11-19,138000.0,"하락  6,500",146000.0,146500.0,136000.0,75314.0,동아쏘시오홀딩스,000640
2020-11-20,141000.0,"상승  3,000",139000.0,144500.0,136000.0,94205.0,동아쏘시오홀딩스,000640
2020-11-23,139500.0,"하락  1,500",140500.0,141500.0,137000.0,40201.0,동아쏘시오홀딩스,000640
2020-11-24,134000.0,"하락  5,500",140500.0,141500.0,133000.0,58203.0,동아쏘시오홀딩스,000640
2020-11-25,129000.0,"하락  5,000",133000.0,133500.0,127000.0,68286.0,동아쏘시오홀딩스,000640
2020-11-26,126000.0,"하락  3,000",129000.0,129500.0,124500.0,64583.0,동아쏘시오홀딩스,000640
2020-11-27,127500.0,"상승  1,500",127000.0,128500.0,124000.0,49028.0,동아쏘시오홀딩스,000640
2020-11-30,126000.0,"하락  1,500",128500.0,128500.0,124000.0,66193.0,동아쏘시오홀딩스,000640
2020-12-01,131500.0,"상승  5,500",135000.0,139500.0,130500.0,172356.0,동아쏘시오홀딩스,000640
2020-12-02,136500.0,"상승  5,000",131500.0,138000.0,129000.0,112973.0,동아쏘시오홀딩스,000640
2020-12-03,136000.0,하락  500,143000.0,144500.0,134500.0,134084.0,동아쏘시오홀딩스,000640
2020-12-04,147000.0,"상승  11,000",135500.0,157500.0,133000.0,755540.0,동아쏘시오홀딩스,000640
2020-12-07,144500.0,"하락  2,500",147000.0,148000.0,142000.0,129093.0,동아쏘시오홀딩스,000640
2020-12-08,140000.0,"하락  4,500",145000.0,157500.0,137500.0,438474.0,동아쏘시오홀딩스,000640
2020-12-09,136000.0,"하락  4,000",143000.0,145000.0,135000.0,144816.0,동아쏘시오홀딩스,000640
2020-12-10,130000.0,"하락  6,000",133000.0,134000.0,129000.0,247533.0,동아쏘시오홀딩스,000640
2020-12-11,132000.0,"상승  2,000",133000.0,134000.0,130000.0,89691.0,동아쏘시오홀딩스,000640
2020-12-14,133000.0,"상승  1,000",134500.0,135000.0,132000.0,89368.0,동아쏘시오홀딩스,000640
2020-12-15,127500.0,"하락  5,500",133500.0,134000.0,127500.0,88622.0,동아쏘시오홀딩스,000640
2020-12-16,131000.0,"상승  3,500",129000.0,132000.0,128000.0,63519.0,동아쏘시오홀딩스,000640
2020-12-17,128500.0,"하락  2,500",130000.0,131000.0,126000.0,60644.0,동아쏘시오홀딩스,000640
2020-12-18,131000.0,"상승  2,500",129000.0,132500.0,127500.0,65943.0,동아쏘시오홀딩스,000640
2020-12-21,129000.0,"하락  2,000",130500.0,131500.0,127000.0,48779.0,동아쏘시오홀딩스,000640
2020-12-22,124000.0,"하락  5,000",127500.0,129000.0,123500.0,65195.0,동아쏘시오홀딩스,000640
2020-12-23,118500.0,"하락  5,500",123500.0,124500.0,118000.0,85959.0,동아쏘시오홀딩스,000640
2020-12-24,120000.0,"상승  1,500",117000.0,122000.0,117000.0,38974.0,동아쏘시오홀딩스,000640
2020-12-28,119000.0,"하락  1,000",119500.0,121000.0,118500.0,37738.0,동아쏘시오홀딩스,000640
2020-12-29,122000.0,"상승  3,000",119000.0,122500.0,118500.0,35841.0,동아쏘시오홀딩스,000640
2020-12-30,122500.0,상승  500,123000.0,124000.0,122000.0,44888.0,동아쏘시오홀딩스,000640
2021-01-04,123500.0,"상승  1,000",124500.0,125000.0,121000.0,46463.0,동아쏘시오홀딩스,000640
2021-01-05,121000.0,"하락  2,500",124000.0,125000.0,119500.0,61815.0,동아쏘시오홀딩스,000640
2021-01-06,124000.0,"상승  3,000",129000.0,133500.0,123000.0,124629.0,동아쏘시오홀딩스,000640
2021-01-07,123500.0,하락  500,125000.0,127500.0,122000.0,66682.0,동아쏘시오홀딩스,000640
2021-01-08,121000.0,"하락  2,500",123500.0,123500.0,120000.0,70641.0,동아쏘시오홀딩스,000640
2021-01-11,130500.0,"상승  9,500",121500.0,130500.0,121500.0,214993.0,동아쏘시오홀딩스,000640
2021-01-12,129000.0,"하락  1,500",131000.0,131000.0,125500.0,129357.0,동아쏘시오홀딩스,000640
2021-01-13,128500.0,하락  500,129000.0,130000.0,126500.0,61502.0,동아쏘시오홀딩스,000640
2021-01-14,126500.0,"하락  2,000",128500.0,128500.0,126000.0,39470.0,동아쏘시오홀딩스,000640
2021-01-15,130000.0,"상승  3,500",126500.0,131000.0,122000.0,110409.0,동아쏘시오홀딩스,000640
2021-01-18,126000.0,"하락  4,000",129000.0,131500.0,125000.0,80601.0,동아쏘시오홀딩스,000640
2021-01-19,123000.0,"하락  3,000",125000.0,126500.0,121500.0,51340.0,동아쏘시오홀딩스,000640
2021-01-20,123000.0,보합0,122000.0,125000.0,121500.0,60076.0,동아쏘시오홀딩스,000640
2021-01-21,128500.0,"상승  5,500",126000.0,129000.0,122500.0,153911.0,동아쏘시오홀딩스,000640
2021-01-22,124000.0,"하락  4,500",127500.0,128500.0,122000.0,97777.0,동아쏘시오홀딩스,000640
2021-01-25,126000.0,"상승  2,000",124500.0,126500.0,123500.0,57104.0,동아쏘시오홀딩스,000640
2021-01-26,125500.0,하락  500,126500.0,127500.0,124500.0,43161.0,동아쏘시오홀딩스,000640
2021-01-27,125500.0,보합0,126500.0,126500.0,123000.0,40506.0,동아쏘시오홀딩스,000640
2021-01-28,118500.0,"하락  7,000",122000.0,124000.0,118000.0,66800.0,동아쏘시오홀딩스,000640
2021-01-29,112500.0,"하락  6,000",119000.0,120000.0,112000.0,77631.0,동아쏘시오홀딩스,000640
2021-02-01,114000.0,"상승  1,500",112500.0,115000.0,110000.0,36456.0,동아쏘시오홀딩스,000640
2021-02-02,112500.0,"하락  1,500",114000.0,114500.0,111000.0,46260.0,동아쏘시오홀딩스,000640
2021-02-03,111000.0,"하락  1,500",113000.0,114000.0,110000.0,48608.0,동아쏘시오홀딩스,000640
2021-02-04,110500.0,하락  500,111000.0,111000.0,108000.0,52888.0,동아쏘시오홀딩스,000640
2021-02-05,110000.0,하락  500,111500.0,112000.0,108000.0,47102.0,동아쏘시오홀딩스,000640
2021-02-08,111000.0,"상승  1,000",109500.0,112000.0,108000.0,35846.0,동아쏘시오홀딩스,000640
2021-02-09,110500.0,하락  500,110000.0,111500.0,110000.0,21235.0,동아쏘시오홀딩스,000640
2021-02-10,112000.0,"상승  1,500",111000.0,112500.0,109000.0,24687.0,동아쏘시오홀딩스,000640
2021-02-15,111000.0,"하락  1,000",113000.0,113000.0,109500.0,33406.0,동아쏘시오홀딩스,000640
2021-02-16,110000.0,"하락  1,000",111000.0,111500.0,109000.0,36375.0,동아쏘시오홀딩스,000640
2021-02-17,117500.0,"상승  7,500",112000.0,118500.0,110000.0,99409.0,동아쏘시오홀딩스,000640
2021-02-18,121000.0,"상승  3,500",116500.0,122500.0,114500.0,104349.0,동아쏘시오홀딩스,000640
2021-02-19,121000.0,보합0,121500.0,123000.0,118500.0,49167.0,동아쏘시오홀딩스,000640
2021-02-22,122500.0,"상승  1,500",123000.0,124500.0,121500.0,52922.0,동아쏘시오홀딩스,000640
2021-02-23,121500.0,"하락  1,000",122000.0,124000.0,118000.0,35925.0,동아쏘시오홀딩스,000640
2021-02-24,115500.0,"하락  6,000",123000.0,123000.0,114000.0,37680.0,동아쏘시오홀딩스,000640
2021-02-25,117000.0,"상승  1,500",116000.0,118500.0,114000.0,32992.0,동아쏘시오홀딩스,000640
2021-02-26,116000.0,"하락  1,000",113500.0,116500.0,112500.0,28989.0,동아쏘시오홀딩스,000640
2021-03-02,114500.0,"하락  1,500",117000.0,117500.0,114500.0,13324.0,동아쏘시오홀딩스,000640
2021-03-03,111500.0,"하락  3,000",113500.0,116000.0,111000.0,47342.0,동아쏘시오홀딩스,000640
2021-03-04,110000.0,"하락  1,500",110000.0,112000.0,109000.0,26027.0,동아쏘시오홀딩스,000640
2021-03-05,107000.0,"하락  3,000",110000.0,110000.0,106000.0,21344.0,동아쏘시오홀딩스,000640
2021-03-08,102500.0,"하락  4,500",107000.0,108000.0,102500.0,31208.0,동아쏘시오홀딩스,000640
2021-03-09,100500.0,"하락  2,000",102500.0,102500.0,99500.0,32164.0,동아쏘시오홀딩스,000640
2021-03-10,100500.0,보합0,101000.0,102000.0,100000.0,17673.0,동아쏘시오홀딩스,000640
2021-03-11,101500.0,"상승  1,000",100500.0,102000.0,100500.0,13209.0,동아쏘시오홀딩스,000640
2021-03-12,105000.0,"상승  3,500",101500.0,105000.0,101500.0,14573.0,동아쏘시오홀딩스,000640
2021-03-15,106500.0,"상승  1,500",105000.0,107500.0,105000.0,11015.0,동아쏘시오홀딩스,000640
2021-03-16,107000.0,상승  500,107500.0,108000.0,105000.0,19163.0,동아쏘시오홀딩스,000640
2021-03-17,108500.0,"상승  1,500",107500.0,108500.0,106000.0,14846.0,동아쏘시오홀딩스,000640
2021-03-18,108500.0,보합0,108500.0,109000.0,107500.0,7931.0,동아쏘시오홀딩스,000640
2021-03-19,106500.0,"하락  2,000",107000.0,108000.0,106000.0,12664.0,동아쏘시오홀딩스,000640
2021-03-22,104500.0,"하락  2,000",107000.0,107000.0,104000.0,9907.0,동아쏘시오홀딩스,000640
2021-03-23,105500.0,"상승  1,000",104000.0,107000.0,103500.0,12947.0,동아쏘시오홀딩스,000640
2021-03-24,109500.0,"상승  4,000",106000.0,110500.0,106000.0,28764.0,동아쏘시오홀딩스,000640
2021-03-25,109000.0,하락  500,109500.0,113000.0,108000.0,24521.0,동아쏘시오홀딩스,000640
2021-03-26,109500.0,상승  500,109000.0,110000.0,108000.0,11457.0,동아쏘시오홀딩스,000640
2021-03-29,110000.0,상승  500,110000.0,111000.0,108000.0,18176.0,동아쏘시오홀딩스,000640
2021-03-30,109500.0,하락  500,109500.0,110500.0,109000.0,15363.0,동아쏘시오홀딩스,000640
2021-03-31,108000.0,"하락  1,500",111000.0,111000.0,107000.0,20555.0,동아쏘시오홀딩스,000640
2021-04-01,106500.0,"하락  1,500",108000.0,108000.0,106000.0,14869.0,동아쏘시오홀딩스,000640
2021-04-02,105500.0,"하락  1,000",107000.0,107000.0,104500.0,25408.0,동아쏘시오홀딩스,000640
2021-04-05,104500.0,"하락  1,000",106000.0,106500.0,103500.0,23179.0,동아쏘시오홀딩스,000640
2021-04-06,102000.0,"하락  2,500",103500.0,104500.0,101500.0,28971.0,동아쏘시오홀딩스,000640
2021-04-07,103500.0,"상승  1,500",102000.0,104000.0,101500.0,14794.0,동아쏘시오홀딩스,000640
2021-04-08,106500.0,"상승  3,000",103500.0,107000.0,102500.0,27051.0,동아쏘시오홀딩스,000640
2021-04-09,110000.0,"상승  3,500",108000.0,112500.0,107000.0,57897.0,동아쏘시오홀딩스,000640
2021-04-12,117000.0,"상승  7,000",114000.0,117500.0,112500.0,72702.0,동아쏘시오홀딩스,000640
2021-04-13,114500.0,"하락  2,500",116000.0,117000.0,113000.0,42621.0,동아쏘시오홀딩스,000640
2021-04-14,118000.0,"상승  3,500",114000.0,120500.0,114000.0,59241.0,동아쏘시오홀딩스,000640
2021-04-15,120000.0,"상승  2,000",118000.0,129500.0,118000.0,254064.0,동아쏘시오홀딩스,000640
2021-04-16,126000.0,"상승  6,000",120500.0,127000.0,120500.0,111485.0,동아쏘시오홀딩스,000640
2021-04-19,130500.0,"상승  4,500",129500.0,134000.0,125000.0,224380.0,동아쏘시오홀딩스,000640
2021-04-20,133000.0,"상승  2,500",132000.0,134500.0,130500.0,76283.0,동아쏘시오홀딩스,000640
2021-04-21,127500.0,"하락  5,500",131000.0,132500.0,126500.0,90007.0,동아쏘시오홀딩스,000640
2021-04-22,124500.0,"하락  3,000",129000.0,130000.0,123500.0,55731.0,동아쏘시오홀딩스,000640
2021-04-23,127500.0,"상승  3,000",125000.0,129500.0,122500.0,69364.0,동아쏘시오홀딩스,000640
2021-04-26,130000.0,"상승  2,500",130500.0,131000.0,125500.0,67625.0,동아쏘시오홀딩스,000640
2021-04-27,123000.0,"하락  7,000",130000.0,130000.0,122500.0,68661.0,동아쏘시오홀딩스,000640
2021-04-28,122500.0,하락  500,122500.0,124500.0,120000.0,39129.0,동아쏘시오홀딩스,000640
2021-04-29,126500.0,"상승  4,000",122500.0,127000.0,117000.0,82165.0,동아쏘시오홀딩스,000640
2021-04-30,123500.0,"하락  3,000",126000.0,126500.0,123000.0,28561.0,동아쏘시오홀딩스,000640
2021-05-03,122500.0,"하락  1,000",123000.0,131000.0,122500.0,48094.0,동아쏘시오홀딩스,000640
2021-05-04,122500.0,보합0,122000.0,125000.0,120000.0,29160.0,동아쏘시오홀딩스,000640
2021-05-06,122000.0,하락  500,123500.0,125500.0,120500.0,22995.0,동아쏘시오홀딩스,000640
2021-05-07,123500.0,"상승  1,500",122000.0,124500.0,121000.0,24206.0,동아쏘시오홀딩스,000640
2021-05-10,130500.0,"상승  7,000",126000.0,131000.0,125000.0,74144.0,동아쏘시오홀딩스,000640
2021-05-11,130500.0,보합0,130500.0,131500.0,126500.0,64224.0,동아쏘시오홀딩스,000640
2021-05-12,127500.0,"하락  3,000",130000.0,130000.0,127000.0,35770.0,동아쏘시오홀딩스,000640
2021-05-13,124000.0,"하락  3,500",127500.0,128500.0,123000.0,37778.0,동아쏘시오홀딩스,000640
2021-05-14,124500.0,상승  500,123500.0,125500.0,123500.0,31445.0,동아쏘시오홀딩스,000640
2021-05-17,124500.0,보합0,126000.0,128500.0,124500.0,44890.0,동아쏘시오홀딩스,000640
2021-05-18,126000.0,"상승  1,500",125500.0,126500.0,122500.0,39844.0,동아쏘시오홀딩스,000640
2021-05-20,126000.0,보합0,126000.0,126500.0,124000.0,18260.0,동아쏘시오홀딩스,000640
2021-05-21,123500.0,"하락  2,500",125500.0,127500.0,123000.0,14774.0,동아쏘시오홀딩스,000640
2021-05-24,117500.0,"하락  6,000",123500.0,123500.0,116000.0,46212.0,동아쏘시오홀딩스,000640
2021-05-25,122000.0,"상승  4,500",119000.0,124500.0,118000.0,34977.0,동아쏘시오홀딩스,000640
2021-05-26,122500.0,상승  500,122000.0,125500.0,122000.0,14696.0,동아쏘시오홀딩스,000640
2021-05-27,124000.0,"상승  1,500",122500.0,126000.0,122000.0,26595.0,동아쏘시오홀딩스,000640
2021-05-28,124000.0,보합0,124000.0,125000.0,123000.0,10504.0,동아쏘시오홀딩스,000640
2021-05-31,125000.0,"상승  1,000",124000.0,125500.0,122500.0,21011.0,동아쏘시오홀딩스,000640
2021-06-01,122500.0,"하락  2,500",125000.0,127500.0,122500.0,28981.0,동아쏘시오홀딩스,000640
2021-06-02,122500.0,보합0,124500.0,124500.0,122000.0,14320.0,동아쏘시오홀딩스,000640
2021-06-03,122000.0,하락  500,123000.0,123000.0,120500.0,12636.0,동아쏘시오홀딩스,000640
2021-06-04,122500.0,상승  500,122000.0,123000.0,121500.0,11011.0,동아쏘시오홀딩스,000640
2021-06-07,124000.0,"상승  1,500",123000.0,124500.0,122000.0,14962.0,동아쏘시오홀딩스,000640
2021-06-08,122500.0,"하락  1,500",124500.0,125000.0,122000.0,14474.0,동아쏘시오홀딩스,000640
2021-06-09,123500.0,"상승  1,000",122500.0,124500.0,121500.0,11157.0,동아쏘시오홀딩스,000640
2021-06-10,125000.0,"상승  1,500",123500.0,125000.0,122000.0,19044.0,동아쏘시오홀딩스,000640
2021-06-11,125000.0,보합0,125500.0,125500.0,123500.0,15788.0,동아쏘시오홀딩스,000640
2021-06-14,125000.0,보합0,125500.0,125500.0,124000.0,11926.0,동아쏘시오홀딩스,000640
2021-06-15,125500.0,상승  500,126000.0,126000.0,124500.0,12399.0,동아쏘시오홀딩스,000640
2021-06-16,125000.0,하락  500,126000.0,126000.0,124500.0,9557.0,동아쏘시오홀딩스,000640
2021-06-17,125000.0,보합0,125000.0,125500.0,124500.0,10085.0,동아쏘시오홀딩스,000640
2021-06-18,127500.0,"상승  2,500",125000.0,128500.0,124000.0,29271.0,동아쏘시오홀딩스,000640
2021-06-21,124000.0,"하락  3,500",127500.0,127500.0,124000.0,14474.0,동아쏘시오홀딩스,000640
2021-06-22,124500.0,상승  500,124000.0,125500.0,123000.0,9275.0,동아쏘시오홀딩스,000640
2021-06-23,124500.0,보합0,124500.0,125000.0,124000.0,8954.0,동아쏘시오홀딩스,000640
2021-06-24,125500.0,"상승  1,000",125500.0,126000.0,123500.0,12689.0,동아쏘시오홀딩스,000640
2021-06-25,125000.0,하락  500,125500.0,127000.0,124500.0,20650.0,동아쏘시오홀딩스,000640
2021-06-28,125000.0,보합0,124500.0,126000.0,124000.0,9168.0,동아쏘시오홀딩스,000640
2021-06-29,123500.0,"하락  1,500",125000.0,125000.0,122500.0,20075.0,동아쏘시오홀딩스,000640
2021-06-30,121500.0,"하락  2,000",124000.0,124500.0,121000.0,19727.0,동아쏘시오홀딩스,000640
2021-07-01,126000.0,"상승  4,500",122000.0,127000.0,122000.0,38466.0,동아쏘시오홀딩스,000640
2021-07-02,129000.0,"상승  3,000",127500.0,130000.0,125500.0,51438.0,동아쏘시오홀딩스,000640
2021-07-05,128500.0,하락  500,130000.0,130000.0,127500.0,23453.0,동아쏘시오홀딩스,000640
2021-07-06,126500.0,"하락  2,000",129000.0,129000.0,125500.0,18309.0,동아쏘시오홀딩스,000640
2021-07-07,128000.0,"상승  1,500",126500.0,128000.0,125500.0,18052.0,동아쏘시오홀딩스,000640
2021-07-08,126500.0,"하락  1,500",128000.0,129000.0,123500.0,21440.0,동아쏘시오홀딩스,000640
2021-07-09,125500.0,"하락  1,000",126000.0,126000.0,122500.0,22967.0,동아쏘시오홀딩스,000640
2021-07-12,126500.0,"상승  1,000",126000.0,126500.0,124000.0,12357.0,동아쏘시오홀딩스,000640
2021-07-13,127000.0,상승  500,127000.0,127500.0,125500.0,14236.0,동아쏘시오홀딩스,000640
2021-07-14,128000.0,"상승  1,000",127500.0,128500.0,126000.0,13730.0,동아쏘시오홀딩스,000640
2021-07-15,129000.0,"상승  1,000",128500.0,130000.0,127000.0,32191.0,동아쏘시오홀딩스,000640
2021-07-16,137000.0,"상승  8,000",129000.0,138500.0,128000.0,111582.0,동아쏘시오홀딩스,000640
2021-07-19,138500.0,"상승  1,500",135500.0,140000.0,131500.0,90729.0,동아쏘시오홀딩스,000640
2021-07-20,138000.0,하락  500,136000.0,140000.0,135500.0,34429.0,동아쏘시오홀딩스,000640
2021-07-21,125000.0,"하락  13,000",132500.0,135000.0,123000.0,132796.0,동아쏘시오홀딩스,000640
2021-07-22,124500.0,하락  500,126000.0,127000.0,123000.0,37979.0,동아쏘시오홀딩스,000640
2021-07-23,126000.0,"상승  1,500",124500.0,126500.0,123500.0,19227.0,동아쏘시오홀딩스,000640
2021-07-26,121000.0,"하락  5,000",128000.0,128000.0,120000.0,48275.0,동아쏘시오홀딩스,000640
2021-07-27,123000.0,"상승  2,000",121000.0,123000.0,121000.0,9587.0,동아쏘시오홀딩스,000640
2021-07-28,124500.0,"상승  1,500",123000.0,124500.0,121500.0,16971.0,동아쏘시오홀딩스,000640
2021-07-29,126000.0,"상승  1,500",125000.0,126000.0,123000.0,14292.0,동아쏘시오홀딩스,000640
2021-07-30,125500.0,하락  500,126000.0,126000.0,124000.0,12394.0,동아쏘시오홀딩스,000640
2021-08-02,122500.0,"하락  3,000",124500.0,125000.0,122000.0,11420.0,동아쏘시오홀딩스,000640
2021-08-03,124500.0,"상승  2,000",122500.0,125000.0,121500.0,13311.0,동아쏘시오홀딩스,000640
2021-08-04,125000.0,상승  500,124500.0,126500.0,123500.0,16481.0,동아쏘시오홀딩스,000640
2021-08-05,124000.0,"하락  1,000",125000.0,127500.0,123500.0,18960.0,동아쏘시오홀딩스,000640
2021-08-06,123500.0,하락  500,125000.0,125000.0,123000.0,8845.0,동아쏘시오홀딩스,000640
2021-08-09,118000.0,"하락  5,500",123500.0,123500.0,117000.0,57065.0,동아쏘시오홀딩스,000640
2021-08-10,117500.0,하락  500,118000.0,119500.0,117000.0,20464.0,동아쏘시오홀딩스,000640
2021-08-11,117000.0,하락  500,117500.0,119500.0,116500.0,25462.0,동아쏘시오홀딩스,000640
2021-08-12,120000.0,"상승  3,000",117000.0,120000.0,116000.0,15260.0,동아쏘시오홀딩스,000640
2021-08-13,119500.0,하락  500,120000.0,120000.0,116000.0,16152.0,동아쏘시오홀딩스,000640
2021-08-17,119000.0,하락  500,119500.0,119500.0,115500.0,13852.0,동아쏘시오홀딩스,000640
2021-08-18,118500.0,하락  500,117500.0,119500.0,116000.0,19656.0,동아쏘시오홀딩스,000640
2021-08-19,113500.0,"하락  5,000",117500.0,118000.0,110000.0,41904.0,동아쏘시오홀딩스,000640
2021-08-20,110000.0,"하락  3,500",112000.0,113000.0,108500.0,33939.0,동아쏘시오홀딩스,000640
2021-08-23,110500.0,상승  500,109500.0,113000.0,108000.0,13259.0,동아쏘시오홀딩스,000640
2021-08-24,112500.0,"상승  2,000",110500.0,113000.0,110500.0,11771.0,동아쏘시오홀딩스,000640
2021-08-25,113000.0,상승  500,112000.0,113500.0,110500.0,8703.0,동아쏘시오홀딩스,000640
2021-08-26,111500.0,"하락  1,500",112500.0,113000.0,110500.0,7576.0,동아쏘시오홀딩스,000640
2021-08-27,114500.0,"상승  3,000",111500.0,114500.0,110500.0,10798.0,동아쏘시오홀딩스,000640
2021-08-30,114500.0,보합0,114500.0,115500.0,113000.0,3880.0,동아쏘시오홀딩스,000640
2021-08-31,115000.0,상승  500,114500.0,115000.0,111000.0,17099.0,동아쏘시오홀딩스,000640
2021-09-01,116000.0,"상승  1,000",115000.0,116000.0,113500.0,12406.0,동아쏘시오홀딩스,000640
2021-09-02,116500.0,상승  500,115000.0,116500.0,114000.0,9070.0,동아쏘시오홀딩스,000640
2021-09-03,118000.0,"상승  1,500",116500.0,119500.0,115500.0,17215.0,동아쏘시오홀딩스,000640
2021-09-06,118000.0,보합0,117000.0,118500.0,116000.0,9137.0,동아쏘시오홀딩스,000640
2021-09-07,117000.0,"하락  1,000",116500.0,117500.0,116000.0,7298.0,동아쏘시오홀딩스,000640
2021-09-08,117500.0,상승  500,117000.0,118500.0,116000.0,14768.0,동아쏘시오홀딩스,000640
2021-09-09,117500.0,보합0,116500.0,118000.0,116000.0,11615.0,동아쏘시오홀딩스,000640
2021-09-10,120500.0,"상승  3,000",117500.0,121000.0,117000.0,26213.0,동아쏘시오홀딩스,000640
2021-09-13,121000.0,상승  500,120500.0,121000.0,118500.0,22587.0,동아쏘시오홀딩스,000640
2021-09-14,120500.0,하락  500,121000.0,121000.0,118500.0,6660.0,동아쏘시오홀딩스,000640
2021-09-15,120000.0,하락  500,120500.0,120500.0,118500.0,7095.0,동아쏘시오홀딩스,000640
2021-09-16,119000.0,"하락  1,000",120000.0,120000.0,117500.0,7925.0,동아쏘시오홀딩스,000640
2021-09-17,120500.0,"상승  1,500",119000.0,120500.0,118000.0,9714.0,동아쏘시오홀딩스,000640
2021-09-23,118500.0,"하락  2,000",118500.0,120500.0,115500.0,12774.0,동아쏘시오홀딩스,000640
2021-09-24,120000.0,"상승  1,500",118500.0,121000.0,117500.0,10787.0,동아쏘시오홀딩스,000640
2021-09-27,118500.0,"하락  1,500",120000.0,120000.0,117500.0,7126.0,동아쏘시오홀딩스,000640
2021-09-28,117500.0,"하락  1,000",118500.0,119000.0,114500.0,10459.0,동아쏘시오홀딩스,000640
2021-09-29,118500.0,"상승  1,000",115000.0,118500.0,113500.0,19495.0,동아쏘시오홀딩스,000640
2021-09-30,116500.0,"하락  2,000",117000.0,118000.0,114500.0,15994.0,동아쏘시오홀딩스,000640
2021-10-01,112500.0,"하락  4,000",115000.0,115500.0,112000.0,17802.0,동아쏘시오홀딩스,000640
2021-10-05,109000.0,"하락  3,500",111000.0,112000.0,107000.0,21981.0,동아쏘시오홀딩스,000640
2021-10-06,109500.0,상승  500,108000.0,110000.0,106000.0,16139.0,동아쏘시오홀딩스,000640
2021-10-07,111000.0,"상승  1,500",108000.0,112000.0,108000.0,14611.0,동아쏘시오홀딩스,000640
2021-10-08,110000.0,"하락  1,000",111500.0,112000.0,108500.0,9708.0,동아쏘시오홀딩스,000640
2021-10-12,109500.0,하락  500,109000.0,110000.0,106000.0,13811.0,동아쏘시오홀딩스,000640
2021-10-13,112000.0,"상승  2,500",108500.0,114000.0,108500.0,15652.0,동아쏘시오홀딩스,000640
2021-10-14,112000.0,보합0,113000.0,113000.0,110500.0,10816.0,동아쏘시오홀딩스,000640
2021-10-15,113500.0,"상승  1,500",112000.0,113500.0,110000.0,10959.0,동아쏘시오홀딩스,000640
2021-10-18,111500.0,"하락  2,000",112500.0,113500.0,111500.0,6648.0,동아쏘시오홀딩스,000640
2021-10-19,111000.0,하락  500,111500.0,112500.0,110500.0,4940.0,동아쏘시오홀딩스,000640
2021-10-20,111500.0,상승  500,112000.0,112500.0,111000.0,4547.0,동아쏘시오홀딩스,000640
2021-10-21,110000.0,"하락  1,500",111500.0,112000.0,108000.0,15737.0,동아쏘시오홀딩스,000640
2021-10-22,109000.0,"하락  1,000",110000.0,110000.0,107500.0,8873.0,동아쏘시오홀딩스,000640
2021-10-25,110000.0,"상승  1,000",109000.0,110000.0,107500.0,5014.0,동아쏘시오홀딩스,000640
2021-10-26,108500.0,"하락  1,500",110000.0,110000.0,108000.0,12881.0,동아쏘시오홀딩스,000640
2021-10-27,108000.0,하락  500,108000.0,109000.0,106000.0,14338.0,동아쏘시오홀딩스,000640
2021-10-28,107000.0,"하락  1,000",107500.0,107500.0,105000.0,25680.0,동아쏘시오홀딩스,000640
2021-10-29,105500.0,"하락  1,500",107000.0,107500.0,105000.0,6579.0,동아쏘시오홀딩스,000640
2021-11-01,107000.0,"상승  1,500",105500.0,107000.0,105000.0,7555.0,동아쏘시오홀딩스,000640
2021-11-02,107500.0,상승  500,106000.0,107500.0,106000.0,8303.0,동아쏘시오홀딩스,000640
2021-11-03,107500.0,보합0,108000.0,108000.0,106000.0,9217.0,동아쏘시오홀딩스,000640
2021-11-04,107500.0,보합0,107500.0,108000.0,106000.0,6209.0,동아쏘시오홀딩스,000640
2021-11-05,108000.0,상승  500,107500.0,108000.0,105000.0,13978.0,동아쏘시오홀딩스,000640
2021-11-08,105500.0,"하락  2,500",108000.0,108000.0,104500.0,13030.0,동아쏘시오홀딩스,000640
2021-11-09,106000.0,상승  500,106000.0,107000.0,105000.0,14936.0,동아쏘시오홀딩스,000640
2021-11-10,105500.0,하락  500,106000.0,106000.0,103000.0,15322.0,동아쏘시오홀딩스,000640
2021-11-11,104500.0,"하락  1,000",104000.0,105500.0,103500.0,5863.0,동아쏘시오홀딩스,000640
2021-11-12,104500.0,보합0,104500.0,105500.0,104000.0,6656.0,동아쏘시오홀딩스,000640
2021-11-15,105500.0,"상승  1,000",105500.0,106000.0,104000.0,9095.0,동아쏘시오홀딩스,000640
2021-11-16,104500.0,"하락  1,000",105500.0,105500.0,103500.0,10977.0,동아쏘시오홀딩스,000640
2021-11-17,102000.0,"하락  2,500",104500.0,104500.0,100000.0,19246.0,동아쏘시오홀딩스,000640
2021-11-18,103500.0,"상승  1,500",102000.0,104500.0,100000.0,11187.0,동아쏘시오홀딩스,000640
2021-11-19,105500.0,"상승  2,000",104000.0,105500.0,102500.0,9429.0,동아쏘시오홀딩스,000640
2021-11-22,106000.0,상승  500,105000.0,106000.0,104000.0,9063.0,동아쏘시오홀딩스,000640
2021-11-23,107000.0,"상승  1,000",105500.0,108000.0,104500.0,16867.0,동아쏘시오홀딩스,000640
2021-11-24,111000.0,"상승  4,000",108000.0,111500.0,107500.0,22059.0,동아쏘시오홀딩스,000640
2021-11-25,116500.0,"상승  5,500",111000.0,117500.0,110000.0,38003.0,동아쏘시오홀딩스,000640
2021-11-26,115000.0,"하락  1,500",116500.0,117000.0,112000.0,15737.0,동아쏘시오홀딩스,000640
2021-11-29,115000.0,보합0,111500.0,115000.0,111500.0,8339.0,동아쏘시오홀딩스,000640
2021-11-30,110500.0,"하락  4,500",113000.0,116500.0,110500.0,12789.0,동아쏘시오홀딩스,000640
2021-12-01,111000.0,상승  500,110500.0,111500.0,108000.0,5955.0,동아쏘시오홀딩스,000640
2021-12-02,112000.0,"상승  1,000",111000.0,116000.0,110000.0,23462.0,동아쏘시오홀딩스,000640
2021-12-03,117000.0,"상승  5,000",113000.0,117000.0,112000.0,10667.0,동아쏘시오홀딩스,000640
2021-12-06,117500.0,상승  500,114000.0,118000.0,113000.0,8705.0,동아쏘시오홀딩스,000640
2021-12-07,116000.0,"하락  1,500",117000.0,117000.0,115000.0,9084.0,동아쏘시오홀딩스,000640
2021-12-08,115000.0,"하락  1,000",116000.0,117000.0,114000.0,6284.0,동아쏘시오홀딩스,000640
2021-12-09,116000.0,"상승  1,000",114000.0,117000.0,114000.0,8990.0,동아쏘시오홀딩스,000640
2021-12-10,116000.0,보합0,116000.0,116000.0,114500.0,3588.0,동아쏘시오홀딩스,000640
2021-12-13,113500.0,"하락  2,500",116000.0,116000.0,112500.0,9940.0,동아쏘시오홀딩스,000640
2021-12-14,114000.0,상승  500,113000.0,114000.0,111500.0,9643.0,동아쏘시오홀딩스,000640
2021-12-15,114000.0,보합0,114000.0,115000.0,113000.0,4799.0,동아쏘시오홀딩스,000640
2021-12-16,114500.0,상승  500,115000.0,115500.0,113500.0,2857.0,동아쏘시오홀딩스,000640
2021-12-17,114500.0,보합0,114500.0,115500.0,113500.0,3715.0,동아쏘시오홀딩스,000640
2021-12-20,114500.0,보합0,114000.0,115500.0,112000.0,6256.0,동아쏘시오홀딩스,000640
2021-12-21,114000.0,하락  500,114000.0,114500.0,111500.0,3312.0,동아쏘시오홀딩스,000640
2021-12-22,115000.0,"상승  1,000",113500.0,115000.0,112500.0,19377.0,동아쏘시오홀딩스,000640
2021-12-23,114000.0,"하락  1,000",115500.0,115500.0,113000.0,8518.0,동아쏘시오홀딩스,000640
2021-12-24,114000.0,보합0,114500.0,115000.0,113000.0,8929.0,동아쏘시오홀딩스,000640
2021-12-27,113500.0,하락  500,114000.0,114500.0,112000.0,7511.0,동아쏘시오홀딩스,000640
2021-12-28,118000.0,"상승  4,500",114000.0,118500.0,113500.0,22019.0,동아쏘시오홀딩스,000640
2021-12-29,118500.0,상승  500,118500.0,119500.0,116500.0,8717.0,동아쏘시오홀딩스,000640
2021-12-30,115000.0,"하락  3,500",117500.0,118500.0,114000.0,6516.0,동아쏘시오홀딩스,000640
2022-01-03,113000.0,"하락  2,000",115000.0,115500.0,112000.0,11368.0,동아쏘시오홀딩스,000640
2022-01-04,115500.0,"상승  2,500",113000.0,116500.0,112000.0,11339.0,동아쏘시오홀딩스,000640
2022-01-05,116500.0,"상승  1,000",115500.0,117000.0,114500.0,7657.0,동아쏘시오홀딩스,000640
2022-01-06,113000.0,"하락  3,500",116000.0,116000.0,112000.0,7625.0,동아쏘시오홀딩스,000640
2022-01-07,114500.0,"상승  1,500",113000.0,115000.0,112500.0,10752.0,동아쏘시오홀딩스,000640
2022-01-10,112500.0,"하락  2,000",113500.0,114500.0,111500.0,8024.0,동아쏘시오홀딩스,000640
2022-01-11,112000.0,하락  500,112500.0,112500.0,110500.0,6895.0,동아쏘시오홀딩스,000640
2022-01-12,112000.0,보합0,111500.0,113500.0,111000.0,14464.0,동아쏘시오홀딩스,000640
2022-01-13,112500.0,상승  500,112000.0,113000.0,111500.0,10667.0,동아쏘시오홀딩스,000640
2022-01-14,112000.0,하락  500,112500.0,113500.0,111000.0,6345.0,동아쏘시오홀딩스,000640
2022-01-17,113000.0,"상승  1,000",113500.0,114000.0,112000.0,5276.0,동아쏘시오홀딩스,000640
2022-01-18,108000.0,"하락  5,000",112500.0,114000.0,108000.0,7901.0,동아쏘시오홀딩스,000640
2022-01-19,108000.0,보합0,107000.0,110000.0,105500.0,9345.0,동아쏘시오홀딩스,000640
2022-01-20,109000.0,"상승  1,000",107000.0,110000.0,107000.0,7896.0,동아쏘시오홀딩스,000640
2022-01-21,106000.0,"하락  3,000",107500.0,110000.0,106000.0,5442.0,동아쏘시오홀딩스,000640
2022-01-24,107000.0,"상승  1,000",105500.0,107000.0,104500.0,4852.0,동아쏘시오홀딩스,000640
2022-01-25,103500.0,"하락  3,500",106500.0,106500.0,100000.0,13548.0,동아쏘시오홀딩스,000640
2022-01-26,98000.0,"하락  5,500",102500.0,103500.0,98000.0,31741.0,동아쏘시오홀딩스,000640
2022-01-27,93400.0,"하락  4,600",98500.0,98500.0,92900.0,22096.0,동아쏘시오홀딩스,000640
2022-01-28,98900.0,"상승  5,500",93400.0,99000.0,92100.0,12384.0,동아쏘시오홀딩스,000640
2022-02-03,99600.0,상승  700,100000.0,102000.0,99200.0,4894.0,동아쏘시오홀딩스,000640
2022-02-04,101000.0,"상승  1,400",98700.0,101000.0,98500.0,4113.0,동아쏘시오홀딩스,000640
2022-02-07,101000.0,보합0,101500.0,101500.0,99900.0,4725.0,동아쏘시오홀딩스,000640
2022-02-08,103500.0,"상승  2,500",101000.0,103500.0,100000.0,6130.0,동아쏘시오홀딩스,000640
2022-02-09,103500.0,보합0,103500.0,104000.0,102000.0,4757.0,동아쏘시오홀딩스,000640
2022-02-10,101500.0,"하락  2,000",102000.0,103500.0,100000.0,11167.0,동아쏘시오홀딩스,000640
2022-02-11,100500.0,"하락  1,000",100000.0,102000.0,99900.0,4356.0,동아쏘시오홀딩스,000640
2022-02-14,101000.0,상승  500,98500.0,102000.0,98000.0,6484.0,동아쏘시오홀딩스,000640
2022-02-15,101500.0,상승  500,102000.0,103500.0,100500.0,10809.0,동아쏘시오홀딩스,000640
2022-02-16,104000.0,"상승  2,500",101000.0,104000.0,101000.0,8429.0,동아쏘시오홀딩스,000640
2022-02-17,102500.0,"하락  1,500",104500.0,105000.0,101500.0,4758.0,동아쏘시오홀딩스,000640
2022-02-18,101500.0,"하락  1,000",102500.0,103000.0,100500.0,863.0,동아쏘시오홀딩스,000640
2022-02-21,101500.0,보합0,101500.0,103500.0,100000.0,2961.0,동아쏘시오홀딩스,000640
2022-02-22,101500.0,보합0,100500.0,102000.0,99300.0,5410.0,동아쏘시오홀딩스,000640
2022-02-23,101500.0,보합0,101500.0,104500.0,101500.0,6849.0,동아쏘시오홀딩스,000640
2022-02-24,102500.0,"상승  1,000",101500.0,104000.0,101000.0,6676.0,동아쏘시오홀딩스,000640
2022-02-25,103500.0,"상승  1,000",103000.0,104000.0,101500.0,4705.0,동아쏘시오홀딩스,000640
2022-02-28,103500.0,보합0,103500.0,103500.0,102000.0,949.0,동아쏘시오홀딩스,000640
2022-03-02,102000.0,"하락  1,500",103500.0,104000.0,101500.0,5631.0,동아쏘시오홀딩스,000640
2022-03-03,104500.0,"상승  2,500",102500.0,105000.0,102000.0,4491.0,동아쏘시오홀딩스,000640
2022-03-04,104500.0,보합0,104500.0,105000.0,103500.0,5819.0,동아쏘시오홀딩스,000640
2022-03-07,105000.0,상승  500,105000.0,105000.0,103000.0,4612.0,동아쏘시오홀딩스,000640
2022-03-08,102500.0,"하락  2,500",104500.0,104500.0,102500.0,3650.0,동아쏘시오홀딩스,000640
2022-03-10,105000.0,"상승  2,500",104500.0,105000.0,103500.0,4862.0,동아쏘시오홀딩스,000640
2022-03-11,106000.0,"상승  1,000",105000.0,106000.0,104500.0,4433.0,동아쏘시오홀딩스,000640
2022-03-14,103000.0,"하락  3,000",106000.0,106000.0,101000.0,3725.0,동아쏘시오홀딩스,000640
2022-03-15,102000.0,"하락  1,000",102500.0,103000.0,102000.0,1993.0,동아쏘시오홀딩스,000640
2022-03-16,103500.0,"상승  1,500",103000.0,104000.0,102500.0,969.0,동아쏘시오홀딩스,000640
2022-03-17,103000.0,하락  500,104000.0,104500.0,102000.0,11901.0,동아쏘시오홀딩스,000640
2022-03-18,103500.0,상승  500,103500.0,105000.0,103000.0,8492.0,동아쏘시오홀딩스,000640
2022-03-21,104000.0,상승  500,104000.0,105000.0,103500.0,4319.0,동아쏘시오홀딩스,000640
2022-03-22,103000.0,"하락  1,000",104000.0,105000.0,102500.0,6284.0,동아쏘시오홀딩스,000640
2022-03-23,107000.0,"상승  4,000",104000.0,107500.0,103000.0,10685.0,동아쏘시오홀딩스,000640
2022-03-24,113000.0,"상승  6,000",107500.0,114000.0,105500.0,19486.0,동아쏘시오홀딩스,000640
2022-03-25,115000.0,"상승  2,000",114000.0,117000.0,112500.0,15391.0,동아쏘시오홀딩스,000640
2022-03-28,111000.0,"하락  4,000",114500.0,116000.0,111000.0,6032.0,동아쏘시오홀딩스,000640
2022-03-29,111500.0,상승  500,111000.0,113500.0,111000.0,3022.0,동아쏘시오홀딩스,000640
2022-03-30,111000.0,하락  500,111500.0,113000.0,110500.0,2732.0,동아쏘시오홀딩스,000640
2022-03-31,114000.0,"상승  3,000",110000.0,115000.0,110000.0,5327.0,동아쏘시오홀딩스,000640
2022-04-01,111500.0,"하락  2,500",113500.0,113500.0,110500.0,4826.0,동아쏘시오홀딩스,000640
2022-04-04,112500.0,"상승  1,000",110500.0,115000.0,110500.0,5524.0,동아쏘시오홀딩스,000640
2022-04-05,112000.0,하락  500,112500.0,114000.0,111500.0,5433.0,동아쏘시오홀딩스,000640
2022-04-06,112500.0,상승  500,111000.0,115000.0,110000.0,9591.0,동아쏘시오홀딩스,000640
2022-04-07,109500.0,"하락  3,000",112500.0,112500.0,109000.0,4211.0,동아쏘시오홀딩스,000640
2022-04-08,112500.0,"상승  3,000",109000.0,113000.0,108000.0,5607.0,동아쏘시오홀딩스,000640
2022-04-11,113000.0,상승  500,112500.0,114000.0,111000.0,2806.0,동아쏘시오홀딩스,000640
2022-04-12,111000.0,"하락  2,000",113000.0,114500.0,111000.0,5599.0,동아쏘시오홀딩스,000640
2022-04-13,112000.0,"상승  1,000",111500.0,112000.0,109500.0,9867.0,동아쏘시오홀딩스,000640
2022-04-14,114000.0,"상승  2,000",112000.0,115000.0,111500.0,6523.0,동아쏘시오홀딩스,000640
2022-04-15,114500.0,상승  500,114000.0,115000.0,113000.0,5442.0,동아쏘시오홀딩스,000640
2022-04-18,109500.0,"하락  5,000",113500.0,114000.0,109500.0,9220.0,동아쏘시오홀딩스,000640
2022-04-19,110000.0,상승  500,109500.0,110500.0,109000.0,4254.0,동아쏘시오홀딩스,000640
2022-04-20,112000.0,"상승  2,000",110500.0,114000.0,110500.0,7200.0,동아쏘시오홀딩스,000640
2022-04-21,111000.0,"하락  1,000",111000.0,112000.0,109500.0,8295.0,동아쏘시오홀딩스,000640
2022-04-22,110500.0,하락  500,110000.0,110500.0,109000.0,3288.0,동아쏘시오홀딩스,000640
2022-04-25,110000.0,하락  500,109500.0,111500.0,109000.0,8894.0,동아쏘시오홀딩스,000640
2022-04-26,111500.0,"상승  1,500",110500.0,112500.0,109500.0,3747.0,동아쏘시오홀딩스,000640
2022-04-27,111500.0,보합0,111500.0,112500.0,110000.0,2160.0,동아쏘시오홀딩스,000640
2022-04-28,113500.0,"상승  2,000",112500.0,114500.0,111000.0,7207.0,동아쏘시오홀딩스,000640
2022-04-29,114000.0,상승  500,114000.0,114500.0,113500.0,2503.0,동아쏘시오홀딩스,000640
2022-05-02,113500.0,하락  500,113500.0,115000.0,111500.0,6319.0,동아쏘시오홀딩스,000640
2022-05-03,115000.0,"상승  1,500",113000.0,115000.0,113000.0,6592.0,동아쏘시오홀딩스,000640
2022-05-04,111000.0,"하락  4,000",115000.0,115500.0,109500.0,11152.0,동아쏘시오홀딩스,000640
2022-05-06,108000.0,"하락  3,000",109500.0,110500.0,107000.0,7798.0,동아쏘시오홀딩스,000640
2022-05-09,104000.0,"하락  4,000",107000.0,107000.0,104000.0,6442.0,동아쏘시오홀딩스,000640
2022-05-10,102500.0,"하락  1,500",102500.0,103000.0,101500.0,6789.0,동아쏘시오홀딩스,000640
2022-05-11,102500.0,보합0,102500.0,103500.0,102000.0,2438.0,동아쏘시오홀딩스,000640
2022-05-12,101500.0,"하락  1,000",101500.0,104500.0,101000.0,4578.0,동아쏘시오홀딩스,000640
2022-05-13,103500.0,"상승  2,000",101500.0,103500.0,101500.0,5409.0,동아쏘시오홀딩스,000640
2022-05-16,102000.0,"하락  1,500",104500.0,104500.0,102000.0,2857.0,동아쏘시오홀딩스,000640
2022-05-17,101500.0,하락  500,102000.0,103000.0,100500.0,4735.0,동아쏘시오홀딩스,000640
2022-05-18,100500.0,"하락  1,000",102000.0,102000.0,100500.0,3066.0,동아쏘시오홀딩스,000640
2022-05-19,102000.0,"상승  1,500",100000.0,102000.0,99800.0,1578.0,동아쏘시오홀딩스,000640
2022-05-20,101000.0,"하락  1,000",102000.0,102500.0,101000.0,2812.0,동아쏘시오홀딩스,000640
2022-05-23,102000.0,"상승  1,000",101500.0,106000.0,101000.0,3074.0,동아쏘시오홀딩스,000640
2022-05-24,98500.0,"하락  3,500",102500.0,102500.0,98400.0,18099.0,동아쏘시오홀딩스,000640
2022-05-25,99200.0,상승  700,98500.0,99800.0,98500.0,5822.0,동아쏘시오홀딩스,000640
2022-05-26,99100.0,하락  100,99000.0,100000.0,99000.0,2872.0,동아쏘시오홀딩스,000640
2022-05-27,102500.0,"상승  3,400",100500.0,103500.0,100000.0,7720.0,동아쏘시오홀딩스,000640
2022-05-30,106000.0,"상승  3,500",103500.0,106000.0,100000.0,9014.0,동아쏘시오홀딩스,000640
2022-05-31,106500.0,상승  500,105000.0,106500.0,104000.0,7103.0,동아쏘시오홀딩스,000640
2022-06-02,107000.0,상승  500,105500.0,107500.0,104500.0,7346.0,동아쏘시오홀딩스,000640
2022-06-03,105500.0,"하락  1,500",106000.0,107000.0,105000.0,3103.0,동아쏘시오홀딩스,000640
2022-06-07,102000.0,"하락  3,500",105500.0,105500.0,101000.0,6032.0,동아쏘시오홀딩스,000640
2022-06-08,106000.0,"상승  4,000",102000.0,106500.0,101500.0,9382.0,동아쏘시오홀딩스,000640
2022-06-09,106000.0,보합0,106000.0,108000.0,104500.0,6929.0,동아쏘시오홀딩스,000640
2022-06-10,105000.0,"하락  1,000",106000.0,106000.0,104500.0,3571.0,동아쏘시오홀딩스,000640
2022-06-13,102000.0,"하락  3,000",104000.0,104000.0,101500.0,4604.0,동아쏘시오홀딩스,000640
2022-06-14,100000.0,"하락  2,000",103000.0,103000.0,99600.0,5349.0,동아쏘시오홀딩스,000640
2022-06-15,99100.0,하락  900,100000.0,102000.0,98900.0,7525.0,동아쏘시오홀딩스,000640
2022-06-16,99800.0,상승  700,99800.0,101000.0,99400.0,5233.0,동아쏘시오홀딩스,000640
2022-06-17,103000.0,"상승  3,200",98300.0,103000.0,98200.0,5255.0,동아쏘시오홀딩스,000640
2022-06-20,99900.0,"하락  3,100",102500.0,102500.0,99700.0,5741.0,동아쏘시오홀딩스,000640
2022-06-21,101000.0,"상승  1,100",99700.0,102500.0,99700.0,4453.0,동아쏘시오홀딩스,000640
2022-06-22,101000.0,보합0,101000.0,102500.0,99800.0,3509.0,동아쏘시오홀딩스,000640
2022-06-23,100500.0,하락  500,100500.0,102000.0,99500.0,7728.0,동아쏘시오홀딩스,000640
2022-06-24,104000.0,"상승  3,500",100000.0,104500.0,100000.0,2880.0,동아쏘시오홀딩스,000640
2022-06-27,103000.0,"하락  1,000",105000.0,105000.0,102000.0,5527.0,동아쏘시오홀딩스,000640
2022-06-28,102000.0,"하락  1,000",102500.0,103500.0,101000.0,3228.0,동아쏘시오홀딩스,000640
2022-06-29,102000.0,보합0,101500.0,103000.0,101000.0,2147.0,동아쏘시오홀딩스,000640
2022-06-30,102500.0,상승  500,101500.0,103000.0,101000.0,1495.0,동아쏘시오홀딩스,000640
2022-07-01,102000.0,하락  500,102500.0,104000.0,100500.0,4999.0,동아쏘시오홀딩스,000640
2022-07-04,101000.0,"하락  1,000",102000.0,102500.0,100500.0,5034.0,동아쏘시오홀딩스,000640
2022-07-05,101000.0,보합0,100500.0,101500.0,100000.0,4652.0,동아쏘시오홀딩스,000640
2022-07-06,101500.0,상승  500,101000.0,101500.0,100000.0,2662.0,동아쏘시오홀딩스,000640
2022-07-07,102000.0,상승  500,101000.0,102500.0,101000.0,3032.0,동아쏘시오홀딩스,000640
2022-07-08,102500.0,상승  500,102000.0,103000.0,102000.0,2420.0,동아쏘시오홀딩스,000640
2022-07-11,103000.0,상승  500,102500.0,103500.0,102000.0,1834.0,동아쏘시오홀딩스,000640
2022-07-12,103000.0,보합0,103500.0,107000.0,102000.0,8117.0,동아쏘시오홀딩스,000640
2022-07-13,105500.0,"상승  2,500",104500.0,107000.0,104500.0,8380.0,동아쏘시오홀딩스,000640
2022-07-14,106000.0,상승  500,104500.0,107000.0,104500.0,4865.0,동아쏘시오홀딩스,000640
2022-07-15,106500.0,상승  500,106500.0,107000.0,104000.0,4284.0,동아쏘시오홀딩스,000640
2022-07-18,108000.0,"상승  1,500",106500.0,108000.0,106000.0,4089.0,동아쏘시오홀딩스,000640
2022-07-19,109500.0,"상승  1,500",106500.0,109500.0,106500.0,5154.0,동아쏘시오홀딩스,000640
2022-07-20,107000.0,"하락  2,500",109500.0,110000.0,105500.0,5737.0,동아쏘시오홀딩스,000640
2022-07-21,106000.0,"하락  1,000",107000.0,108000.0,105000.0,6031.0,동아쏘시오홀딩스,000640
2022-07-22,103500.0,"하락  2,500",106500.0,106500.0,103500.0,3621.0,동아쏘시오홀딩스,000640
2022-07-25,101500.0,"하락  2,000",103500.0,103500.0,101000.0,12203.0,동아쏘시오홀딩스,000640
2022-07-26,101500.0,보합0,101500.0,102500.0,100500.0,5654.0,동아쏘시오홀딩스,000640
2022-07-27,100500.0,"하락  1,000",101500.0,102000.0,100000.0,10303.0,동아쏘시오홀딩스,000640
2022-07-28,100500.0,보합0,101000.0,102000.0,100500.0,5503.0,동아쏘시오홀딩스,000640
2022-07-29,99800.0,하락  700,101500.0,102000.0,99800.0,10871.0,동아쏘시오홀딩스,000640
2022-08-01,102500.0,"상승  2,700",100000.0,103000.0,100000.0,5819.0,동아쏘시오홀딩스,000640
2022-08-02,102500.0,보합0,102500.0,103000.0,100500.0,4965.0,동아쏘시오홀딩스,000640
2022-08-03,101500.0,"하락  1,000",101500.0,103000.0,101000.0,5817.0,동아쏘시오홀딩스,000640
2022-08-04,101500.0,보합0,102500.0,102500.0,101000.0,5501.0,동아쏘시오홀딩스,000640
2022-08-05,104000.0,"상승  2,500",101000.0,105000.0,101000.0,10195.0,동아쏘시오홀딩스,000640
2022-08-08,103500.0,하락  500,104000.0,106000.0,103000.0,7870.0,동아쏘시오홀딩스,000640
2022-08-09,107500.0,"상승  4,000",103000.0,107500.0,103000.0,13353.0,동아쏘시오홀딩스,000640
2022-08-10,107500.0,보합0,107000.0,110000.0,105000.0,15460.0,동아쏘시오홀딩스,000640
2022-08-11,106500.0,"하락  1,000",107500.0,109500.0,105500.0,7989.0,동아쏘시오홀딩스,000640
2022-08-12,109500.0,"상승  3,000",106500.0,112000.0,105500.0,14470.0,동아쏘시오홀딩스,000640
2022-08-16,109500.0,보합0,109500.0,111000.0,109000.0,5020.0,동아쏘시오홀딩스,000640
2022-08-17,109500.0,보합0,111000.0,111000.0,109000.0,2062.0,동아쏘시오홀딩스,000640
2022-08-18,108500.0,"하락  1,000",108500.0,109000.0,105500.0,7430.0,동아쏘시오홀딩스,000640
2022-08-19,107000.0,"하락  1,500",108000.0,109500.0,107000.0,3110.0,동아쏘시오홀딩스,000640
2022-08-22,107000.0,보합0,106500.0,107500.0,104500.0,3764.0,동아쏘시오홀딩스,000640
2022-08-23,106500.0,하락  500,105000.0,108000.0,105000.0,5011.0,동아쏘시오홀딩스,000640
2022-08-24,108000.0,"상승  1,500",106000.0,108000.0,105500.0,2082.0,동아쏘시오홀딩스,000640
2022-08-25,106500.0,"하락  1,500",108000.0,108000.0,105500.0,5102.0,동아쏘시오홀딩스,000640
2022-08-26,106500.0,보합0,106500.0,107000.0,105500.0,1687.0,동아쏘시오홀딩스,000640
2022-08-29,104000.0,"하락  2,500",105000.0,105000.0,102500.0,1812.0,동아쏘시오홀딩스,000640
2022-08-30,106000.0,"상승  2,000",103500.0,107500.0,103500.0,3307.0,동아쏘시오홀딩스,000640
2022-08-31,108500.0,"상승  2,500",106000.0,108500.0,105000.0,5934.0,동아쏘시오홀딩스,000640
2022-09-01,105000.0,"하락  3,500",108500.0,108500.0,105000.0,2355.0,동아쏘시오홀딩스,000640
2022-09-02,106500.0,"상승  1,500",105000.0,109000.0,105000.0,5860.0,동아쏘시오홀딩스,000640
2022-09-05,106500.0,보합0,106000.0,107500.0,106000.0,967.0,동아쏘시오홀딩스,000640
2022-09-06,106500.0,보합0,106500.0,107000.0,106000.0,1558.0,동아쏘시오홀딩스,000640
2022-09-07,104000.0,"하락  2,500",105500.0,106000.0,104000.0,3842.0,동아쏘시오홀딩스,000640
2022-09-08,100500.0,"하락  3,500",105000.0,105000.0,100500.0,15456.0,동아쏘시오홀딩스,000640
2022-09-13,104000.0,"상승  3,500",101500.0,105000.0,101000.0,4982.0,동아쏘시오홀딩스,000640
2022-09-14,102000.0,"하락  2,000",103000.0,104000.0,102000.0,1760.0,동아쏘시오홀딩스,000640
2022-09-15,104000.0,"상승  2,000",102000.0,104500.0,102000.0,2292.0,동아쏘시오홀딩스,000640
2022-09-16,102000.0,"하락  2,000",104000.0,104000.0,102000.0,1468.0,동아쏘시오홀딩스,000640
2022-09-19,102500.0,상승  500,102000.0,104500.0,102000.0,3180.0,동아쏘시오홀딩스,000640
2022-09-20,102000.0,하락  500,102500.0,103500.0,102000.0,871.0,동아쏘시오홀딩스,000640
2022-09-21,103500.0,"상승  1,500",102000.0,104000.0,101500.0,2018.0,동아쏘시오홀딩스,000640
2022-09-22,101500.0,"하락  2,000",102500.0,102500.0,100500.0,3718.0,동아쏘시오홀딩스,000640
2022-09-23,99400.0,"하락  2,100",101000.0,101500.0,99400.0,5281.0,동아쏘시오홀딩스,000640
2022-09-26,98700.0,하락  700,99700.0,99800.0,98700.0,3915.0,동아쏘시오홀딩스,000640
2022-09-27,98000.0,하락  700,98700.0,99500.0,97800.0,2080.0,동아쏘시오홀딩스,000640
2022-09-28,96700.0,"하락  1,300",101000.0,101000.0,96600.0,2003.0,동아쏘시오홀딩스,000640
2022-09-29,100500.0,"상승  3,800",96700.0,102500.0,96700.0,4530.0,동아쏘시오홀딩스,000640
2022-09-30,101000.0,상승  500,97500.0,102000.0,97500.0,3370.0,동아쏘시오홀딩스,000640
2022-10-04,99300.0,"하락  1,700",101000.0,101500.0,99000.0,3553.0,동아쏘시오홀딩스,000640
2022-10-05,99900.0,상승  600,100000.0,101000.0,98800.0,5014.0,동아쏘시오홀딩스,000640
2022-10-06,98400.0,"하락  1,500",99900.0,101000.0,98400.0,4956.0,동아쏘시오홀딩스,000640
2022-10-07,98600.0,상승  200,98600.0,99700.0,96500.0,4650.0,동아쏘시오홀딩스,000640
2022-10-11,95800.0,"하락  2,800",97800.0,97800.0,95000.0,4356.0,동아쏘시오홀딩스,000640
2022-10-12,95600.0,하락  200,95800.0,96000.0,94800.0,2846.0,동아쏘시오홀딩스,000640
2022-10-13,94200.0,"하락  1,400",95200.0,96000.0,94200.0,2493.0,동아쏘시오홀딩스,000640
2022-10-14,98500.0,"상승  4,300",94800.0,99000.0,94600.0,3440.0,동아쏘시오홀딩스,000640
2022-10-17,99200.0,상승  700,100500.0,100500.0,97000.0,1636.0,동아쏘시오홀딩스,000640
2022-10-18,100500.0,"상승  1,300",98900.0,100500.0,98900.0,1734.0,동아쏘시오홀딩스,000640
2022-10-19,98500.0,"하락  2,000",100500.0,101000.0,98500.0,1337.0,동아쏘시오홀딩스,000640
2022-10-20,99300.0,상승  800,99000.0,99900.0,96700.0,2415.0,동아쏘시오홀딩스,000640
2022-10-21,98000.0,"하락  1,300",98500.0,98700.0,97100.0,1550.0,동아쏘시오홀딩스,000640
2022-10-24,100000.0,"상승  2,000",98600.0,101000.0,98100.0,2511.0,동아쏘시오홀딩스,000640
2022-10-25,98800.0,"하락  1,200",99700.0,100000.0,98100.0,1771.0,동아쏘시오홀딩스,000640
2022-10-26,99000.0,상승  200,98700.0,99800.0,98700.0,1877.0,동아쏘시오홀딩스,000640
2022-10-27,101500.0,"상승  2,500",100500.0,102500.0,100000.0,3786.0,동아쏘시오홀딩스,000640
2022-10-28,102000.0,상승  500,101000.0,102500.0,101000.0,1736.0,동아쏘시오홀딩스,000640
2022-10-31,102000.0,보합0,102000.0,102000.0,100500.0,1197.0,동아쏘시오홀딩스,000640
2022-11-01,102000.0,보합0,102000.0,103500.0,101000.0,2131.0,동아쏘시오홀딩스,000640
2022-11-02,103500.0,"상승  1,500",102000.0,103500.0,100500.0,2877.0,동아쏘시오홀딩스,000640
2022-11-03,100500.0,"하락  3,000",103500.0,103500.0,99700.0,4626.0,동아쏘시오홀딩스,000640
2022-11-04,102000.0,"상승  1,500",101000.0,102000.0,99900.0,2587.0,동아쏘시오홀딩스,000640
2022-11-07,102500.0,상승  500,102000.0,102500.0,101000.0,2689.0,동아쏘시오홀딩스,000640
2022-11-08,102500.0,보합0,101000.0,103000.0,101000.0,3155.0,동아쏘시오홀딩스,000640
2022-11-09,102500.0,보합0,101500.0,103500.0,101500.0,2332.0,동아쏘시오홀딩스,000640
2022-11-10,101500.0,"하락  1,000",102000.0,102500.0,101000.0,1441.0,동아쏘시오홀딩스,000640
2022-11-11,101500.0,보합0,102000.0,103000.0,101500.0,1571.0,동아쏘시오홀딩스,000640
2022-11-14,101500.0,보합0,101500.0,102000.0,100500.0,1117.0,동아쏘시오홀딩스,000640
2022-11-15,102000.0,상승  500,101500.0,102500.0,101000.0,2534.0,동아쏘시오홀딩스,000640
2022-11-16,101500.0,하락  500,102500.0,102500.0,101500.0,1949.0,동아쏘시오홀딩스,000640
2022-11-17,101000.0,하락  500,101500.0,102500.0,101000.0,1352.0,동아쏘시오홀딩스,000640
2022-11-18,101000.0,보합0,101000.0,102000.0,100000.0,2397.0,동아쏘시오홀딩스,000640
2022-11-21,99500.0,"하락  1,500",101500.0,101500.0,99500.0,1823.0,동아쏘시오홀딩스,000640
2022-11-22,98600.0,하락  900,99300.0,99900.0,98500.0,1537.0,동아쏘시오홀딩스,000640
2022-11-23,100500.0,"상승  1,900",99400.0,101000.0,98600.0,1888.0,동아쏘시오홀딩스,000640
2022-11-24,101500.0,"상승  1,000",100500.0,101500.0,100500.0,1280.0,동아쏘시오홀딩스,000640
2022-11-25,102500.0,"상승  1,000",101500.0,102500.0,99900.0,2722.0,동아쏘시오홀딩스,000640
2022-11-28,101500.0,"하락  1,000",103000.0,103000.0,100500.0,1243.0,동아쏘시오홀딩스,000640
2022-11-29,102500.0,"상승  1,000",101500.0,103000.0,101000.0,3517.0,동아쏘시오홀딩스,000640
2022-11-30,102000.0,하락  500,102500.0,103000.0,101000.0,6123.0,동아쏘시오홀딩스,000640
2022-12-01,100000.0,"하락  2,000",101500.0,102500.0,99700.0,10332.0,동아쏘시오홀딩스,000640
2022-12-02,100500.0,상승  500,100000.0,101000.0,99500.0,2936.0,동아쏘시오홀딩스,000640
2022-12-05,100500.0,보합0,100000.0,101000.0,100000.0,1527.0,동아쏘시오홀딩스,000640
2022-12-06,101500.0,"상승  1,000",99300.0,101500.0,99300.0,1831.0,동아쏘시오홀딩스,000640
2022-12-07,100000.0,"하락  1,500",100000.0,101000.0,100000.0,2769.0,동아쏘시오홀딩스,000640
2022-12-08,100000.0,보합0,101000.0,101000.0,99600.0,2700.0,동아쏘시오홀딩스,000640
2022-12-09,101500.0,"상승  1,500",100000.0,101500.0,100000.0,3188.0,동아쏘시오홀딩스,000640
2022-12-12,101500.0,보합0,101000.0,102000.0,101000.0,1609.0,동아쏘시오홀딩스,000640
2022-12-13,102500.0,"상승  1,000",102000.0,103000.0,100500.0,4365.0,동아쏘시오홀딩스,000640
2022-12-14,103000.0,상승  500,103000.0,103000.0,101500.0,4328.0,동아쏘시오홀딩스,000640
2022-12-15,102000.0,"하락  1,000",102500.0,102500.0,101000.0,1601.0,동아쏘시오홀딩스,000640
2022-12-16,101500.0,하락  500,101500.0,101500.0,100000.0,833.0,동아쏘시오홀딩스,000640
2022-12-19,101500.0,보합0,100500.0,102000.0,100500.0,1122.0,동아쏘시오홀딩스,000640
2022-12-20,101500.0,보합0,100500.0,102000.0,100000.0,3841.0,동아쏘시오홀딩스,000640
2022-12-21,101500.0,보합0,102000.0,102000.0,100500.0,2402.0,동아쏘시오홀딩스,000640
2022-12-22,101500.0,보합0,101500.0,102000.0,100500.0,5428.0,동아쏘시오홀딩스,000640
2022-12-23,100500.0,"하락  1,000",101000.0,101500.0,100000.0,1035.0,동아쏘시오홀딩스,000640
2022-12-26,101000.0,상승  500,100500.0,101500.0,100000.0,4116.0,동아쏘시오홀딩스,000640
2022-12-27,102500.0,"상승  1,500",100500.0,102500.0,100500.0,3904.0,동아쏘시오홀딩스,000640
2022-12-28,102500.0,보합0,102000.0,102500.0,100000.0,4934.0,동아쏘시오홀딩스,000640
2022-12-29,101500.0,"하락  1,000",101500.0,102500.0,100000.0,2135.0,동아쏘시오홀딩스,000640
2023-01-02,100500.0,"하락  1,000",101500.0,101500.0,99100.0,3109.0,동아쏘시오홀딩스,000640
2023-01-03,99900.0,하락  600,100000.0,100500.0,99100.0,3483.0,동아쏘시오홀딩스,000640
2023-01-04,99300.0,하락  600,99100.0,99600.0,98700.0,2643.0,동아쏘시오홀딩스,000640
2023-01-05,99300.0,보합0,99900.0,101500.0,99000.0,3655.0,동아쏘시오홀딩스,000640
2023-01-06,99000.0,하락  300,99400.0,99800.0,99000.0,2246.0,동아쏘시오홀딩스,000640
2023-01-09,98800.0,하락  200,100000.0,100000.0,98800.0,4785.0,동아쏘시오홀딩스,000640
2023-01-10,97500.0,"하락  1,300",99400.0,99400.0,97200.0,5041.0,동아쏘시오홀딩스,000640
2023-01-11,97500.0,보합0,97600.0,98200.0,97400.0,3291.0,동아쏘시오홀딩스,000640
2023-01-12,98300.0,상승  800,98300.0,98400.0,97500.0,2076.0,동아쏘시오홀딩스,000640
2023-01-13,98200.0,하락  100,98200.0,99000.0,97500.0,3609.0,동아쏘시오홀딩스,000640
2023-01-16,100000.0,"상승  1,800",98600.0,101500.0,98600.0,11600.0,동아쏘시오홀딩스,000640
2023-01-17,99400.0,하락  600,100500.0,100500.0,98600.0,6115.0,동아쏘시오홀딩스,000640
2023-01-18,98200.0,"하락  1,200",99400.0,99400.0,97300.0,6250.0,동아쏘시오홀딩스,000640
2023-01-19,100500.0,"상승  2,300",98200.0,101000.0,97700.0,7451.0,동아쏘시오홀딩스,000640
2023-01-20,101000.0,상승  500,100500.0,101000.0,99700.0,3666.0,동아쏘시오홀딩스,000640
2023-01-25,100800.0,하락  200,101100.0,101100.0,100100.0,2057.0,동아쏘시오홀딩스,000640
2023-01-26,101900.0,"상승  1,100",100800.0,102600.0,100000.0,8489.0,동아쏘시오홀딩스,000640
2023-01-27,100000.0,"하락  1,900",101900.0,102100.0,99800.0,7635.0,동아쏘시오홀딩스,000640
2023-01-30,99300.0,하락  700,100100.0,100100.0,98800.0,3955.0,동아쏘시오홀딩스,000640
2023-01-31,101400.0,"상승  2,100",99300.0,101600.0,98800.0,7730.0,동아쏘시오홀딩스,000640
2023-02-01,100500.0,하락  900,101400.0,101400.0,100200.0,2298.0,동아쏘시오홀딩스,000640
2023-02-02,99500.0,"하락  1,000",101400.0,101400.0,99200.0,5895.0,동아쏘시오홀딩스,000640
2023-02-03,99300.0,하락  200,99900.0,99900.0,99300.0,2776.0,동아쏘시오홀딩스,000640
2023-02-06,99300.0,보합0,99500.0,99500.0,98300.0,5702.0,동아쏘시오홀딩스,000640
2023-02-07,98800.0,하락  500,98800.0,99200.0,98200.0,1789.0,동아쏘시오홀딩스,000640
2023-02-08,98800.0,보합0,98800.0,99000.0,98400.0,1945.0,동아쏘시오홀딩스,000640
2023-02-09,98600.0,하락  200,98700.0,98700.0,98100.0,4024.0,동아쏘시오홀딩스,000640
2023-02-10,98500.0,하락  100,98500.0,98700.0,97900.0,3338.0,동아쏘시오홀딩스,000640
2023-02-13,97800.0,하락  700,98500.0,98700.0,97700.0,2678.0,동아쏘시오홀딩스,000640
2023-02-14,98000.0,상승  200,97900.0,98400.0,97800.0,2095.0,동아쏘시오홀딩스,000640
2023-02-15,98400.0,상승  400,97800.0,98800.0,97800.0,1993.0,동아쏘시오홀딩스,000640
2023-02-16,98500.0,상승  100,98400.0,98700.0,98200.0,2340.0,동아쏘시오홀딩스,000640
2023-02-17,98500.0,보합0,97800.0,98600.0,97600.0,1862.0,동아쏘시오홀딩스,000640
2023-02-20,98600.0,상승  100,98600.0,99100.0,97800.0,1402.0,동아쏘시오홀딩스,000640
2023-02-21,98200.0,하락  400,98600.0,98600.0,97900.0,2789.0,동아쏘시오홀딩스,000640
2023-02-22,98600.0,상승  400,97900.0,98700.0,97800.0,4835.0,동아쏘시오홀딩스,000640
2023-02-23,97800.0,하락  800,98100.0,98400.0,97800.0,1459.0,동아쏘시오홀딩스,000640
2023-02-24,97300.0,하락  500,97800.0,98000.0,97200.0,2970.0,동아쏘시오홀딩스,000640
2023-02-27,97000.0,하락  300,98400.0,98400.0,96000.0,2243.0,동아쏘시오홀딩스,000640
2023-02-28,96000.0,"하락  1,000",97100.0,97500.0,95600.0,3505.0,동아쏘시오홀딩스,000640
2023-03-02,95500.0,하락  500,96100.0,96600.0,95100.0,3463.0,동아쏘시오홀딩스,000640
2023-03-03,95400.0,하락  100,96000.0,96000.0,95000.0,3149.0,동아쏘시오홀딩스,000640
2023-03-06,94900.0,하락  500,95900.0,95900.0,94500.0,4379.0,동아쏘시오홀딩스,000640
2023-03-07,93900.0,"하락  1,000",94500.0,94900.0,93500.0,6734.0,동아쏘시오홀딩스,000640
2023-03-08,94200.0,상승  300,93900.0,94800.0,93000.0,4617.0,동아쏘시오홀딩스,000640
2023-03-09,94400.0,상승  200,94200.0,94400.0,93000.0,4240.0,동아쏘시오홀딩스,000640
2023-03-10,93900.0,하락  500,94300.0,94300.0,92200.0,4249.0,동아쏘시오홀딩스,000640
2023-03-13,92700.0,"하락  1,200",93800.0,93800.0,92500.0,2837.0,동아쏘시오홀딩스,000640
2023-03-14,92000.0,하락  700,93000.0,93000.0,91100.0,3717.0,동아쏘시오홀딩스,000640
2023-03-15,90200.0,"하락  1,800",92300.0,92700.0,90200.0,4056.0,동아쏘시오홀딩스,000640
2023-03-16,87600.0,"하락  2,600",89900.0,89900.0,86000.0,10524.0,동아쏘시오홀딩스,000640
2023-03-17,87000.0,하락  600,87600.0,88500.0,86900.0,4573.0,동아쏘시오홀딩스,000640
2023-03-20,88200.0,"상승  1,200",88000.0,88600.0,86100.0,6884.0,동아쏘시오홀딩스,000640
2023-03-21,89100.0,상승  900,88400.0,89600.0,88000.0,6029.0,동아쏘시오홀딩스,000640
2023-03-22,87700.0,"하락  1,400",89800.0,90000.0,86200.0,10926.0,동아쏘시오홀딩스,000640
2023-03-23,89600.0,"상승  1,900",86100.0,90100.0,86100.0,9224.0,동아쏘시오홀딩스,000640
2023-03-24,87700.0,"하락  1,900",89600.0,89600.0,86100.0,10197.0,동아쏘시오홀딩스,000640
2023-03-27,85300.0,"하락  2,400",87000.0,87100.0,85300.0,7649.0,동아쏘시오홀딩스,000640
2023-03-28,85800.0,상승  500,85300.0,86600.0,83500.0,10590.0,동아쏘시오홀딩스,000640
2023-03-29,85200.0,하락  600,86000.0,86000.0,84400.0,7043.0,동아쏘시오홀딩스,000640
2023-03-30,85000.0,하락  200,85500.0,85500.0,84500.0,3674.0,동아쏘시오홀딩스,000640
2023-03-31,84800.0,하락  200,85100.0,85500.0,84600.0,4475.0,동아쏘시오홀딩스,000640
2023-04-03,84800.0,보합0,84800.0,85200.0,84300.0,2733.0,동아쏘시오홀딩스,000640
2023-04-04,85000.0,상승  200,84800.0,85300.0,83900.0,7947.0,동아쏘시오홀딩스,000640
2023-04-05,85700.0,상승  700,85000.0,86900.0,84300.0,10100.0,동아쏘시오홀딩스,000640
2023-04-06,84200.0,"하락  1,500",85700.0,86600.0,84100.0,10363.0,동아쏘시오홀딩스,000640
2023-04-07,84200.0,보합0,84400.0,84700.0,83800.0,5764.0,동아쏘시오홀딩스,000640
2023-04-10,83200.0,"하락  1,000",84700.0,84700.0,82300.0,12182.0,동아쏘시오홀딩스,000640
2023-04-11,84300.0,"상승  1,100",82800.0,84500.0,82400.0,10006.0,동아쏘시오홀딩스,000640
2023-04-12,85400.0,"상승  1,100",84500.0,85500.0,83800.0,12229.0,동아쏘시오홀딩스,000640
2023-04-13,88000.0,"상승  2,600",85800.0,88200.0,84500.0,12069.0,동아쏘시오홀딩스,000640
2023-04-14,87200.0,하락  800,87700.0,89200.0,87200.0,9006.0,동아쏘시오홀딩스,000640
2023-04-17,86700.0,하락  500,87600.0,87600.0,85300.0,6637.0,동아쏘시오홀딩스,000640
2023-04-18,86600.0,하락  100,86700.0,86800.0,84700.0,10122.0,동아쏘시오홀딩스,000640
2023-04-19,86600.0,보합0,85000.0,86900.0,85000.0,5716.0,동아쏘시오홀딩스,000640
2023-04-20,84700.0,"하락  1,900",86500.0,86500.0,84200.0,8419.0,동아쏘시오홀딩스,000640
2023-04-21,83800.0,하락  900,85300.0,85300.0,83400.0,7838.0,동아쏘시오홀딩스,000640
2023-04-24,82900.0,하락  900,83400.0,84600.0,82600.0,8117.0,동아쏘시오홀딩스,000640
2023-04-25,83500.0,상승  600,82600.0,84300.0,82300.0,6392.0,동아쏘시오홀딩스,000640
2023-04-26,82900.0,하락  600,83500.0,83500.0,82300.0,4072.0,동아쏘시오홀딩스,000640
2023-04-27,82200.0,하락  700,82400.0,82900.0,81600.0,5641.0,동아쏘시오홀딩스,000640
2023-04-28,82700.0,상승  500,82200.0,82800.0,81600.0,4628.0,동아쏘시오홀딩스,000640
2023-05-02,83200.0,상승  500,82700.0,83300.0,82200.0,4034.0,동아쏘시오홀딩스,000640
2023-05-03,81700.0,"하락  1,500",83100.0,83200.0,81500.0,8042.0,동아쏘시오홀딩스,000640
2023-05-04,82600.0,상승  900,81600.0,83000.0,80600.0,6898.0,동아쏘시오홀딩스,000640
2023-05-08,82900.0,상승  300,82600.0,84100.0,81300.0,9708.0,동아쏘시오홀딩스,000640
2023-05-09,83800.0,상승  900,84200.0,84200.0,81600.0,5398.0,동아쏘시오홀딩스,000640
2023-05-10,83900.0,상승  100,83900.0,84000.0,82900.0,6418.0,동아쏘시오홀딩스,000640
2023-05-11,84500.0,상승  600,83900.0,84500.0,83300.0,4430.0,동아쏘시오홀딩스,000640
2023-05-12,84500.0,보합0,84000.0,85000.0,83800.0,4300.0,동아쏘시오홀딩스,000640
2023-05-15,83700.0,하락  800,85100.0,85200.0,82700.0,6648.0,동아쏘시오홀딩스,000640
2023-05-16,83600.0,하락  100,83700.0,84200.0,82200.0,3486.0,동아쏘시오홀딩스,000640
2023-05-17,82700.0,하락  900,83500.0,83700.0,81900.0,11895.0,동아쏘시오홀딩스,000640
2023-05-18,83100.0,상승  400,82700.0,83200.0,81900.0,3351.0,동아쏘시오홀딩스,000640
2023-05-19,84100.0,"상승  1,000",83800.0,84400.0,83200.0,6626.0,동아쏘시오홀딩스,000640
2023-05-22,85500.0,"상승  1,400",84400.0,86200.0,83700.0,8525.0,동아쏘시오홀딩스,000640
2023-05-23,87000.0,"상승  1,500",86100.0,87100.0,85400.0,9538.0,동아쏘시오홀딩스,000640
2023-05-24,86900.0,하락  100,87000.0,87600.0,86400.0,8135.0,동아쏘시오홀딩스,000640
2023-05-25,86200.0,하락  700,87100.0,87100.0,85000.0,6156.0,동아쏘시오홀딩스,000640
2023-05-26,85700.0,하락  500,85500.0,87400.0,84900.0,4436.0,동아쏘시오홀딩스,000640
2023-05-30,85600.0,하락  100,85500.0,86900.0,84200.0,3968.0,동아쏘시오홀딩스,000640
2023-05-31,83500.0,"하락  2,100",85600.0,85600.0,83100.0,12317.0,동아쏘시오홀딩스,000640
2023-06-01,90500.0,"상승  7,000",83200.0,91000.0,83200.0,29445.0,동아쏘시오홀딩스,000640
2023-06-02,89700.0,하락  800,91900.0,91900.0,88800.0,7521.0,동아쏘시오홀딩스,000640
2023-06-05,89400.0,하락  300,88800.0,90800.0,88700.0,4574.0,동아쏘시오홀딩스,000640
2023-06-07,91100.0,"상승  1,700",89400.0,91100.0,89100.0,3921.0,동아쏘시오홀딩스,000640
2023-06-08,92800.0,"상승  1,700",90400.0,93000.0,90000.0,6760.0,동아쏘시오홀딩스,000640
2023-06-09,93200.0,상승  400,93200.0,93200.0,90500.0,4639.0,동아쏘시오홀딩스,000640
2023-06-12,92500.0,하락  700,92300.0,93200.0,90400.0,7179.0,동아쏘시오홀딩스,000640
2023-06-13,92600.0,상승  100,92700.0,93000.0,91500.0,6845.0,동아쏘시오홀딩스,000640
2023-06-14,90900.0,"하락  1,700",93200.0,93300.0,90400.0,7120.0,동아쏘시오홀딩스,000640
2023-06-15,90900.0,보합0,91000.0,91000.0,88000.0,7610.0,동아쏘시오홀딩스,000640
2023-06-16,92200.0,"상승  1,300",90000.0,92300.0,89600.0,4007.0,동아쏘시오홀딩스,000640
2023-06-19,90400.0,"하락  1,800",91300.0,92400.0,90400.0,2895.0,동아쏘시오홀딩스,000640
2023-06-20,90200.0,하락  200,90900.0,90900.0,88300.0,6688.0,동아쏘시오홀딩스,000640
2023-06-21,87600.0,"하락  2,600",90100.0,90500.0,87600.0,5582.0,동아쏘시오홀딩스,000640
2023-06-22,88500.0,상승  900,87700.0,88800.0,87100.0,3002.0,동아쏘시오홀딩스,000640
2023-06-23,85800.0,"하락  2,700",88000.0,88800.0,85800.0,4581.0,동아쏘시오홀딩스,000640
2023-06-26,85700.0,하락  100,85500.0,86200.0,84600.0,5641.0,동아쏘시오홀딩스,000640
2023-06-27,85600.0,하락  100,85600.0,85700.0,84400.0,2196.0,동아쏘시오홀딩스,000640
2023-06-28,85800.0,상승  200,85200.0,87000.0,84800.0,3458.0,동아쏘시오홀딩스,000640
2023-06-29,85200.0,하락  600,85700.0,86000.0,84900.0,3936.0,동아쏘시오홀딩스,000640
2023-06-30,84900.0,하락  300,85200.0,85800.0,84300.0,3069.0,동아쏘시오홀딩스,000640
2023-07-03,83700.0,"하락  1,200",84900.0,85200.0,83200.0,8566.0,동아쏘시오홀딩스,000640
2023-07-04,83100.0,하락  600,83700.0,84200.0,82000.0,8229.0,동아쏘시오홀딩스,000640
2023-07-05,83100.0,보합0,82800.0,85000.0,82500.0,7254.0,동아쏘시오홀딩스,000640
2023-07-06,79900.0,"하락  3,200",82500.0,82800.0,79800.0,14892.0,동아쏘시오홀딩스,000640
2023-07-07,79000.0,하락  900,79500.0,80000.0,76800.0,9330.0,동아쏘시오홀딩스,000640
2023-07-10,78200.0,하락  800,78200.0,79000.0,77800.0,3548.0,동아쏘시오홀딩스,000640
2023-07-11,78200.0,보합0,78200.0,78800.0,77400.0,6681.0,동아쏘시오홀딩스,000640
2023-07-12,79500.0,"상승  1,300",78500.0,80800.0,77700.0,7111.0,동아쏘시오홀딩스,000640
2023-07-13,81500.0,"상승  2,000",79600.0,81600.0,79400.0,7320.0,동아쏘시오홀딩스,000640
2023-07-14,83200.0,"상승  1,700",81100.0,83700.0,80500.0,8922.0,동아쏘시오홀딩스,000640
2023-07-17,81000.0,"하락  2,200",83200.0,83200.0,80500.0,7562.0,동아쏘시오홀딩스,000640
2023-07-18,81000.0,보합0,80000.0,81700.0,80000.0,5459.0,동아쏘시오홀딩스,000640
2023-07-19,82300.0,"상승  1,300",81000.0,83400.0,80100.0,10177.0,동아쏘시오홀딩스,000640
2023-07-20,85100.0,"상승  2,800",82100.0,85200.0,81000.0,12222.0,동아쏘시오홀딩스,000640
2023-07-21,85100.0,보합0,84000.0,87000.0,83700.0,7834.0,동아쏘시오홀딩스,000640
2023-07-24,82200.0,"하락  2,900",85200.0,85300.0,81600.0,6494.0,동아쏘시오홀딩스,000640
2023-07-25,82500.0,상승  300,82500.0,82500.0,81100.0,4255.0,동아쏘시오홀딩스,000640
2023-07-26,78800.0,"하락  3,700",82400.0,82400.0,77000.0,25589.0,동아쏘시오홀딩스,000640
2023-07-27,82000.0,"상승  3,200",77900.0,82400.0,77800.0,14914.0,동아쏘시오홀딩스,000640
2023-07-28,84000.0,"상승  2,000",82000.0,84500.0,81400.0,11237.0,동아쏘시오홀딩스,000640
2023-07-31,82400.0,"하락  1,600",84900.0,84900.0,82400.0,20420.0,동아쏘시오홀딩스,000640
2023-08-01,82900.0,상승  500,82900.0,83200.0,81600.0,16312.0,동아쏘시오홀딩스,000640
2023-08-02,82700.0,하락  200,82600.0,84700.0,81500.0,6595.0,동아쏘시오홀딩스,000640
2023-08-03,84100.0,"상승  1,400",82700.0,84700.0,81800.0,9271.0,동아쏘시오홀딩스,000640
2023-08-04,85300.0,"상승  1,200",83800.0,86500.0,83500.0,9848.0,동아쏘시오홀딩스,000640
2023-08-07,86900.0,"상승  1,600",84700.0,86900.0,84400.0,8650.0,동아쏘시오홀딩스,000640
2023-08-08,86800.0,하락  100,86500.0,87400.0,85300.0,7846.0,동아쏘시오홀딩스,000640
2023-08-09,91800.0,"상승  5,000",86800.0,93400.0,86700.0,39015.0,동아쏘시오홀딩스,000640
2023-08-10,93800.0,"상승  2,000",91200.0,94200.0,90900.0,17190.0,동아쏘시오홀딩스,000640
2023-08-11,93500.0,하락  300,93800.0,94400.0,91600.0,12044.0,동아쏘시오홀딩스,000640
2023-08-14,95200.0,"상승  1,700",95300.0,95400.0,92700.0,11849.0,동아쏘시오홀딩스,000640
2023-08-16,95500.0,상승  300,94100.0,97400.0,93300.0,15829.0,동아쏘시오홀딩스,000640
2023-08-17,93900.0,"하락  1,600",94600.0,95400.0,90600.0,16341.0,동아쏘시오홀딩스,000640
2023-08-18,93000.0,하락  900,92800.0,94700.0,92500.0,5520.0,동아쏘시오홀딩스,000640
2023-08-21,93700.0,상승  700,91800.0,94600.0,91700.0,8215.0,동아쏘시오홀딩스,000640
2023-08-22,93700.0,보합0,92800.0,94800.0,92600.0,8532.0,동아쏘시오홀딩스,000640
2023-08-23,94800.0,"상승  1,100",93000.0,95400.0,93000.0,5946.0,동아쏘시오홀딩스,000640
2023-08-24,94900.0,상승  100,94800.0,95700.0,93500.0,5456.0,동아쏘시오홀딩스,000640
2023-08-25,94900.0,보합0,94700.0,96500.0,93800.0,7683.0,동아쏘시오홀딩스,000640
2023-08-28,93600.0,"하락  1,300",94700.0,95400.0,93200.0,5402.0,동아쏘시오홀딩스,000640
2023-08-29,95000.0,"상승  1,400",93100.0,95400.0,92900.0,9023.0,동아쏘시오홀딩스,000640
2023-08-30,96400.0,"상승  1,400",94300.0,97100.0,94300.0,9399.0,동아쏘시오홀딩스,000640
2023-08-31,97400.0,"상승  1,000",95200.0,97400.0,94900.0,14418.0,동아쏘시오홀딩스,000640
2023-09-01,97400.0,보합0,97200.0,98000.0,95500.0,15232.0,동아쏘시오홀딩스,000640
2023-09-04,95500.0,"하락  1,900",95700.0,96800.0,94100.0,6912.0,동아쏘시오홀딩스,000640
2023-09-05,95600.0,상승  100,94400.0,97900.0,93800.0,15351.0,동아쏘시오홀딩스,000640
2023-09-06,94600.0,"하락  1,000",94600.0,96400.0,94200.0,11819.0,동아쏘시오홀딩스,000640
2023-09-07,93800.0,하락  800,94500.0,95300.0,92500.0,12428.0,동아쏘시오홀딩스,000640
2023-09-08,97100.0,"상승  3,300",92700.0,98300.0,92700.0,28422.0,동아쏘시오홀딩스,000640
2023-09-11,96500.0,하락  600,97100.0,97900.0,95600.0,5297.0,동아쏘시오홀딩스,000640
2023-09-12,97500.0,"상승  1,000",96000.0,98500.0,96000.0,21101.0,동아쏘시오홀딩스,000640
2023-09-13,98300.0,상승  800,98300.0,98300.0,96000.0,10543.0,동아쏘시오홀딩스,000640
2023-09-14,99500.0,"상승  1,200",98600.0,99600.0,97400.0,12421.0,동아쏘시오홀딩스,000640
2023-09-15,98900.0,하락  600,99500.0,99500.0,96500.0,10033.0,동아쏘시오홀딩스,000640
2023-09-18,99000.0,상승  100,99800.0,99900.0,97000.0,10777.0,동아쏘시오홀딩스,000640
2023-09-19,99200.0,상승  200,98700.0,99400.0,97800.0,3506.0,동아쏘시오홀딩스,000640
2023-09-20,98600.0,하락  600,99500.0,99500.0,97200.0,1621.0,동아쏘시오홀딩스,000640
2023-09-21,96400.0,"하락  2,200",98100.0,98600.0,95700.0,5111.0,동아쏘시오홀딩스,000640
2023-09-22,97200.0,상승  800,95500.0,97900.0,94000.0,10346.0,동아쏘시오홀딩스,000640
2023-09-25,99100.0,"상승  1,900",96200.0,101300.0,96200.0,22679.0,동아쏘시오홀딩스,000640
2023-09-26,100500.0,"상승  1,400",98500.0,101200.0,97100.0,15868.0,동아쏘시오홀딩스,000640
2023-09-27,100700.0,상승  200,100400.0,101800.0,98500.0,7069.0,동아쏘시오홀딩스,000640
2023-10-04,100700.0,보합0,102000.0,105300.0,99300.0,18875.0,동아쏘시오홀딩스,000640
2023-10-05,101500.0,상승  800,99600.0,102600.0,98600.0,13327.0,동아쏘시오홀딩스,000640
2023-10-06,102200.0,상승  700,101300.0,102500.0,100800.0,2998.0,동아쏘시오홀딩스,000640
2023-10-10,107500.0,"상승  5,300",102200.0,107600.0,101500.0,30556.0,동아쏘시오홀딩스,000640
2023-10-11,107200.0,하락  300,108100.0,108400.0,105600.0,11195.0,동아쏘시오홀딩스,000640
2023-10-12,109400.0,"상승  2,200",107200.0,110600.0,105700.0,11734.0,동아쏘시오홀딩스,000640
2023-10-13,108300.0,"하락  1,100",109000.0,109400.0,106600.0,6872.0,동아쏘시오홀딩스,000640
2023-10-16,106000.0,"하락  2,300",108000.0,109700.0,105000.0,12247.0,동아쏘시오홀딩스,000640
2023-10-17,106500.0,상승  500,105500.0,107500.0,105500.0,9581.0,동아쏘시오홀딩스,000640
2023-10-18,106300.0,하락  200,105600.0,106900.0,105000.0,4347.0,동아쏘시오홀딩스,000640
2023-10-19,101700.0,"하락  4,600",105200.0,105600.0,100800.0,7975.0,동아쏘시오홀딩스,000640
2023-10-20,94600.0,"하락  7,100",101700.0,101700.0,94600.0,16027.0,동아쏘시오홀딩스,000640
2023-10-23,95100.0,상승  500,94600.0,97000.0,94000.0,6901.0,동아쏘시오홀딩스,000640
2023-10-24,94800.0,하락  300,95000.0,96300.0,92700.0,5992.0,동아쏘시오홀딩스,000640
2023-10-25,93000.0,"하락  1,800",94800.0,95000.0,92500.0,4453.0,동아쏘시오홀딩스,000640
2023-10-26,91000.0,"하락  2,000",90000.0,91500.0,89500.0,10533.0,동아쏘시오홀딩스,000640
2023-10-27,90500.0,하락  500,90700.0,91300.0,89500.0,2505.0,동아쏘시오홀딩스,000640
2023-10-30,94500.0,"상승  4,000",91200.0,97600.0,89800.0,9038.0,동아쏘시오홀딩스,000640
2023-10-31,99600.0,"상승  5,100",96400.0,101500.0,94700.0,18533.0,동아쏘시오홀딩스,000640
2023-11-01,99900.0,상승  300,99600.0,100800.0,98200.0,10260.0,동아쏘시오홀딩스,000640
2023-11-02,95900.0,"하락  4,000",99900.0,100900.0,95900.0,6068.0,동아쏘시오홀딩스,000640
2023-11-03,96000.0,상승  100,95900.0,96200.0,94300.0,5096.0,동아쏘시오홀딩스,000640
2023-11-06,97000.0,"상승  1,000",95700.0,97000.0,94600.0,10869.0,동아쏘시오홀딩스,000640
2023-11-07,99200.0,"상승  2,200",97700.0,100500.0,93400.0,16008.0,동아쏘시오홀딩스,000640
2023-11-08,100400.0,"상승  1,200",99100.0,100700.0,98800.0,5850.0,동아쏘시오홀딩스,000640
2023-11-09,100000.0,하락  400,100000.0,100900.0,98200.0,6782.0,동아쏘시오홀딩스,000640
2023-11-10,99200.0,하락  800,100000.0,101800.0,99100.0,7887.0,동아쏘시오홀딩스,000640
2023-11-13,98600.0,하락  600,100600.0,100600.0,98600.0,6209.0,동아쏘시오홀딩스,000640
2023-11-14,99200.0,상승  600,98500.0,101400.0,97200.0,5607.0,동아쏘시오홀딩스,000640
2023-11-15,96500.0,"하락  2,700",99500.0,99500.0,95500.0,13772.0,동아쏘시오홀딩스,000640
2023-11-16,97400.0,상승  900,96500.0,97400.0,95500.0,3053.0,동아쏘시오홀딩스,000640
2023-11-17,94200.0,"하락  3,200",97200.0,97300.0,93900.0,9147.0,동아쏘시오홀딩스,000640
2023-11-20,94500.0,상승  300,94200.0,95500.0,93200.0,6690.0,동아쏘시오홀딩스,000640
2023-11-21,93300.0,"하락  1,200",93800.0,95500.0,93100.0,6688.0,동아쏘시오홀딩스,000640
2023-11-22,91500.0,"하락  1,800",93000.0,93700.0,91000.0,12387.0,동아쏘시오홀딩스,000640
2023-11-23,92000.0,상승  500,91500.0,92400.0,90500.0,8013.0,동아쏘시오홀딩스,000640
2023-11-24,93100.0,"상승  1,100",92000.0,93600.0,91400.0,4942.0,동아쏘시오홀딩스,000640
2023-11-27,92500.0,하락  600,93900.0,94100.0,92000.0,6476.0,동아쏘시오홀딩스,000640
2023-11-28,91800.0,하락  700,94200.0,94200.0,91500.0,6558.0,동아쏘시오홀딩스,000640
2023-11-29,89600.0,"하락  2,200",91800.0,91900.0,88800.0,24232.0,동아쏘시오홀딩스,000640
2023-11-30,91000.0,"상승  1,400",89900.0,92100.0,89000.0,12420.0,동아쏘시오홀딩스,000640
2023-12-01,91700.0,상승  700,91000.0,92000.0,91000.0,6038.0,동아쏘시오홀딩스,000640
2023-12-04,93300.0,"상승  1,600",92000.0,93500.0,90300.0,13316.0,동아쏘시오홀딩스,000640
2023-12-05,94300.0,"상승  1,000",93300.0,94500.0,92500.0,7483.0,동아쏘시오홀딩스,000640
2023-12-06,94000.0,하락  300,93000.0,95100.0,93000.0,5259.0,동아쏘시오홀딩스,000640
2023-12-07,100000.0,"상승  6,000",95200.0,100800.0,93300.0,28415.0,동아쏘시오홀딩스,000640
2023-12-08,97600.0,"하락  2,400",100100.0,100100.0,97600.0,4305.0,동아쏘시오홀딩스,000640
2023-12-11,99400.0,"상승  1,800",97700.0,99500.0,97400.0,4547.0,동아쏘시오홀딩스,000640
2023-12-12,97500.0,"하락  1,900",99500.0,99600.0,96700.0,7122.0,동아쏘시오홀딩스,000640
2023-12-13,99900.0,"상승  2,400",97300.0,100500.0,96900.0,8642.0,동아쏘시오홀딩스,000640
2023-12-14,99400.0,하락  500,100400.0,100600.0,98100.0,5974.0,동아쏘시오홀딩스,000640
2023-12-15,96500.0,"하락  2,900",99400.0,99400.0,96500.0,8180.0,동아쏘시오홀딩스,000640
2023-12-18,96500.0,보합0,97200.0,97400.0,95600.0,5633.0,동아쏘시오홀딩스,000640
2023-12-19,96300.0,하락  200,96500.0,97600.0,95800.0,4988.0,동아쏘시오홀딩스,000640
2023-12-20,97800.0,"상승  1,500",96400.0,97900.0,96400.0,2180.0,동아쏘시오홀딩스,000640
2023-12-21,99400.0,"상승  1,600",97700.0,100200.0,96900.0,7697.0,동아쏘시오홀딩스,000640
2023-12-22,100000.0,상승  600,100300.0,102300.0,99400.0,8197.0,동아쏘시오홀딩스,000640
2023-12-26,100100.0,상승  100,100800.0,102100.0,99900.0,4353.0,동아쏘시오홀딩스,000640
2023-12-27,99300.0,하락  800,100100.0,101900.0,98400.0,5362.0,동아쏘시오홀딩스,000640
2023-12-28,101000.0,"상승  1,700",100400.0,101900.0,99000.0,5543.0,동아쏘시오홀딩스,000640
2024-01-02,102000.0,"상승  1,000",101000.0,102700.0,100100.0,6077.0,동아쏘시오홀딩스,000640
2024-01-03,105000.0,"상승  3,000",102500.0,106000.0,101800.0,13484.0,동아쏘시오홀딩스,000640
2024-01-04,101500.0,"하락  3,500",105000.0,105900.0,100200.0,12799.0,동아쏘시오홀딩스,000640
2024-01-05,102000.0,상승  500,100100.0,102400.0,100000.0,6534.0,동아쏘시오홀딩스,000640
2024-01-08,100400.0,"하락  1,600",101000.0,101900.0,99800.0,5858.0,동아쏘시오홀딩스,000640
2024-01-09,99300.0,"하락  1,100",100400.0,100400.0,98600.0,5606.0,동아쏘시오홀딩스,000640
2024-01-10,97700.0,"하락  1,600",99300.0,99300.0,97700.0,5663.0,동아쏘시오홀딩스,000640
2024-01-11,97300.0,하락  400,98100.0,98300.0,97000.0,3070.0,동아쏘시오홀딩스,000640
2024-01-12,96100.0,"하락  1,200",97400.0,97600.0,95100.0,8025.0,동아쏘시오홀딩스,000640
2024-01-15,94700.0,"하락  1,400",96100.0,97400.0,94700.0,5162.0,동아쏘시오홀딩스,000640
2024-01-16,97900.0,"상승  3,200",94400.0,98000.0,94400.0,7385.0,동아쏘시오홀딩스,000640
2024-01-17,97900.0,보합0,96500.0,98800.0,96500.0,11282.0,동아쏘시오홀딩스,000640
2024-01-18,98400.0,상승  500,96600.0,100600.0,96600.0,5769.0,동아쏘시오홀딩스,000640
2024-01-19,100000.0,"상승  1,600",98500.0,100600.0,98500.0,8299.0,동아쏘시오홀딩스,000640
2024-01-22,100000.0,보합0,99900.0,100500.0,98800.0,3839.0,동아쏘시오홀딩스,000640
2024-01-23,100900.0,상승  900,98700.0,101600.0,98700.0,5192.0,동아쏘시오홀딩스,000640
2024-01-24,101900.0,"상승  1,000",101100.0,103000.0,101100.0,13560.0,동아쏘시오홀딩스,000640
2024-01-25,102500.0,상승  600,102700.0,103500.0,102000.0,12233.0,동아쏘시오홀딩스,000640
2024-01-26,103600.0,"상승  1,100",103500.0,104800.0,102500.0,11335.0,동아쏘시오홀딩스,000640
2024-01-29,107600.0,"상승  4,000",104800.0,107700.0,104200.0,15651.0,동아쏘시오홀딩스,000640
2024-01-30,108000.0,상승  400,107800.0,108800.0,106200.0,14404.0,동아쏘시오홀딩스,000640
2024-01-31,106900.0,"하락  1,100",108000.0,108100.0,106200.0,3104.0,동아쏘시오홀딩스,000640
2024-02-01,107200.0,상승  300,105500.0,109000.0,104800.0,14652.0,동아쏘시오홀딩스,000640
2024-02-02,111100.0,"상승  3,900",109800.0,115000.0,108000.0,25227.0,동아쏘시오홀딩스,000640
2024-02-05,111700.0,상승  600,112000.0,115000.0,111100.0,13985.0,동아쏘시오홀딩스,000640
2024-02-06,111800.0,상승  100,111700.0,113000.0,109600.0,9323.0,동아쏘시오홀딩스,000640
2024-02-07,114500.0,"상승  2,700",114700.0,117000.0,112900.0,25018.0,동아쏘시오홀딩스,000640
2024-02-08,111000.0,"하락  3,500",114500.0,114500.0,110700.0,10697.0,동아쏘시오홀딩스,000640
2024-02-13,113000.0,"상승  2,000",111000.0,113600.0,110900.0,8845.0,동아쏘시오홀딩스,000640
2024-02-14,109600.0,"하락  3,400",110300.0,112900.0,109000.0,10397.0,동아쏘시오홀딩스,000640
2024-02-15,106300.0,"하락  3,300",109100.0,109200.0,106000.0,8848.0,동아쏘시오홀딩스,000640
2024-02-16,107400.0,"상승  1,100",106300.0,107400.0,105600.0,3233.0,동아쏘시오홀딩스,000640
2024-02-19,111100.0,"상승  3,700",107900.0,111800.0,107400.0,7762.0,동아쏘시오홀딩스,000640
2024-02-20,108600.0,"하락  2,500",112200.0,112200.0,108400.0,7355.0,동아쏘시오홀딩스,000640
2024-02-21,109900.0,"상승  1,300",109300.0,111200.0,106700.0,10942.0,동아쏘시오홀딩스,000640
2024-02-22,109600.0,하락  300,109000.0,109900.0,107600.0,6204.0,동아쏘시오홀딩스,000640
2024-02-23,110200.0,상승  600,111200.0,111600.0,108400.0,8160.0,동아쏘시오홀딩스,000640
2024-02-26,109200.0,"하락  1,000",110200.0,110200.0,107000.0,6281.0,동아쏘시오홀딩스,000640
2024-02-27,109200.0,보합0,109900.0,111600.0,107700.0,6869.0,동아쏘시오홀딩스,000640
2024-02-28,109900.0,상승  700,109200.0,111200.0,108000.0,3610.0,동아쏘시오홀딩스,000640
2024-02-29,108900.0,"하락  1,000",111200.0,111200.0,108700.0,7747.0,동아쏘시오홀딩스,000640
2024-03-04,108200.0,하락  700,108800.0,110200.0,107300.0,5920.0,동아쏘시오홀딩스,000640
2024-03-05,111200.0,"상승  3,000",107000.0,111500.0,107000.0,7592.0,동아쏘시오홀딩스,000640
2024-03-06,115400.0,"상승  4,200",110000.0,115800.0,109900.0,17385.0,동아쏘시오홀딩스,000640
2024-03-07,118000.0,"상승  2,600",115400.0,119800.0,114600.0,23748.0,동아쏘시오홀딩스,000640
2024-03-08,118600.0,상승  600,118000.0,119900.0,116800.0,10397.0,동아쏘시오홀딩스,000640
2024-03-11,118500.0,하락  100,117700.0,119900.0,114000.0,13470.0,동아쏘시오홀딩스,000640
2024-03-12,117500.0,"하락  1,000",117900.0,117900.0,115500.0,5863.0,동아쏘시오홀딩스,000640
2024-03-13,117100.0,하락  400,117500.0,117500.0,114900.0,5364.0,동아쏘시오홀딩스,000640
2024-03-14,115900.0,"하락  1,200",117300.0,118400.0,115800.0,7125.0,동아쏘시오홀딩스,000640
2024-03-15,114200.0,"하락  1,700",116900.0,116900.0,113500.0,5224.0,동아쏘시오홀딩스,000640
2024-03-18,116800.0,"상승  2,600",114000.0,116900.0,114000.0,8386.0,동아쏘시오홀딩스,000640
2024-03-19,114500.0,"하락  2,300",116800.0,117300.0,113400.0,10525.0,동아쏘시오홀딩스,000640
2024-03-20,114700.0,상승  200,114500.0,115200.0,113000.0,3681.0,동아쏘시오홀딩스,000640
2024-03-21,112700.0,"하락  2,000",114700.0,115200.0,111900.0,7900.0,동아쏘시오홀딩스,000640
2024-03-22,114200.0,"상승  1,500",112400.0,114500.0,112400.0,5070.0,동아쏘시오홀딩스,000640
2024-03-25,114300.0,상승  100,114600.0,115400.0,112600.0,6576.0,동아쏘시오홀딩스,000640
2024-03-26,115400.0,"상승  1,100",115300.0,115800.0,113500.0,3202.0,동아쏘시오홀딩스,000640
2024-03-27,117600.0,"상승  2,200",116000.0,118900.0,114600.0,7695.0,동아쏘시오홀딩스,000640
2024-03-28,117600.0,보합0,117600.0,119100.0,117200.0,8130.0,동아쏘시오홀딩스,000640
2024-03-29,118000.0,상승  400,116700.0,121400.0,116700.0,10537.0,동아쏘시오홀딩스,000640
2024-04-01,119000.0,"상승  1,000",120000.0,120000.0,116500.0,4980.0,동아쏘시오홀딩스,000640
2024-04-02,117000.0,"하락  2,000",118900.0,118900.0,115600.0,5619.0,동아쏘시오홀딩스,000640
2024-04-03,116600.0,하락  400,117600.0,117600.0,115100.0,6402.0,동아쏘시오홀딩스,000640
2024-04-04,113500.0,"하락  3,100",115300.0,116500.0,112300.0,16232.0,동아쏘시오홀딩스,000640
2024-04-05,114000.0,상승  500,113500.0,114300.0,111700.0,4591.0,동아쏘시오홀딩스,000640
2024-04-08,113700.0,하락  300,114700.0,114700.0,112800.0,2953.0,동아쏘시오홀딩스,000640
2024-04-09,118200.0,"상승  4,500",112100.0,119500.0,112100.0,16749.0,동아쏘시오홀딩스,000640
2024-04-11,119000.0,상승  800,119500.0,119500.0,115200.0,14021.0,동아쏘시오홀딩스,000640
2024-04-12,115500.0,"하락  3,500",117500.0,118300.0,114400.0,4110.0,동아쏘시오홀딩스,000640
2024-04-15,112800.0,"하락  2,700",114400.0,115000.0,112500.0,3178.0,동아쏘시오홀딩스,000640
2024-04-16,112800.0,보합0,112800.0,115200.0,110000.0,5716.0,동아쏘시오홀딩스,000640
2024-04-17,113200.0,상승  400,112900.0,115100.0,112900.0,1810.0,동아쏘시오홀딩스,000640
2024-04-18,115900.0,"상승  2,700",112300.0,115900.0,112300.0,4873.0,동아쏘시오홀딩스,000640
2024-04-19,114200.0,"하락  1,700",116000.0,116000.0,113400.0,2082.0,동아쏘시오홀딩스,000640
2024-04-22,113700.0,하락  500,114200.0,115400.0,112500.0,2259.0,동아쏘시오홀딩스,000640
2024-04-23,114000.0,상승  300,114000.0,114600.0,112400.0,1571.0,동아쏘시오홀딩스,000640
2024-04-24,114400.0,상승  400,114300.0,114400.0,113000.0,1073.0,동아쏘시오홀딩스,000640
2024-04-25,114000.0,하락  400,115200.0,115200.0,112900.0,1364.0,동아쏘시오홀딩스,000640
2024-04-26,112300.0,"하락  1,700",112600.0,114200.0,112300.0,3009.0,동아쏘시오홀딩스,000640
2024-04-29,111600.0,하락  700,111000.0,112300.0,110200.0,6421.0,동아쏘시오홀딩스,000640
2024-04-30,110500.0,"하락  1,100",111600.0,113000.0,110300.0,10977.0,동아쏘시오홀딩스,000640
2024-05-02,109300.0,"하락  1,200",111200.0,111200.0,109000.0,9254.0,동아쏘시오홀딩스,000640
2024-05-03,109400.0,상승  100,109800.0,110300.0,107000.0,9715.0,동아쏘시오홀딩스,000640
2024-05-07,107600.0,"하락  1,800",109400.0,109400.0,107100.0,5857.0,동아쏘시오홀딩스,000640
2024-05-08,107300.0,하락  300,107800.0,107800.0,106400.0,4497.0,동아쏘시오홀딩스,000640
2024-05-09,107500.0,상승  200,107300.0,108300.0,106000.0,7341.0,동아쏘시오홀딩스,000640
2024-05-10,105500.0,"하락  2,000",106800.0,107500.0,105300.0,8212.0,동아쏘시오홀딩스,000640
2024-05-13,105800.0,상승  300,106300.0,106300.0,105000.0,5367.0,동아쏘시오홀딩스,000640
2024-05-14,106900.0,"상승  1,100",105400.0,107300.0,105300.0,12988.0,동아쏘시오홀딩스,000640
2024-05-16,107900.0,"상승  1,000",106900.0,108500.0,106500.0,5420.0,동아쏘시오홀딩스,000640
2024-05-17,108400.0,상승  500,108600.0,108700.0,107100.0,2862.0,동아쏘시오홀딩스,000640
2024-05-20,107100.0,"하락  1,300",108800.0,108800.0,106100.0,2602.0,동아쏘시오홀딩스,000640
2024-05-21,106800.0,하락  300,107200.0,107500.0,105100.0,2938.0,동아쏘시오홀딩스,000640
2024-05-22,105700.0,"하락  1,100",106800.0,106800.0,105200.0,4466.0,동아쏘시오홀딩스,000640
2024-05-23,105100.0,하락  600,105700.0,106100.0,104300.0,2813.0,동아쏘시오홀딩스,000640
2024-05-24,104900.0,하락  200,104900.0,105800.0,103500.0,4004.0,동아쏘시오홀딩스,000640
2024-05-27,100300.0,"하락  4,600",104900.0,104900.0,99800.0,13479.0,동아쏘시오홀딩스,000640
2024-05-28,101400.0,"상승  1,100",100000.0,103300.0,100000.0,9704.0,동아쏘시오홀딩스,000640
2024-05-29,101600.0,상승  200,102200.0,102600.0,101000.0,3037.0,동아쏘시오홀딩스,000640
2024-05-30,102800.0,"상승  1,200",101300.0,102900.0,100300.0,3555.0,동아쏘시오홀딩스,000640
2024-05-31,100900.0,"하락  1,900",103000.0,103000.0,100600.0,8087.0,동아쏘시오홀딩스,000640
2024-06-03,101100.0,상승  200,100900.0,103300.0,100500.0,7718.0,동아쏘시오홀딩스,000640
2024-06-04,102000.0,상승  900,101100.0,102900.0,100500.0,4438.0,동아쏘시오홀딩스,000640
2024-06-05,101600.0,하락  400,102000.0,102000.0,100200.0,6549.0,동아쏘시오홀딩스,000640
2024-06-07,101800.0,상승  200,101600.0,103000.0,101100.0,4414.0,동아쏘시오홀딩스,000640
2024-06-10,101500.0,하락  300,101800.0,102300.0,101000.0,3138.0,동아쏘시오홀딩스,000640
2024-06-11,104100.0,"상승  2,600",102500.0,105600.0,101400.0,13321.0,동아쏘시오홀딩스,000640
2024-06-12,104700.0,상승  600,104200.0,106500.0,103700.0,8495.0,동아쏘시오홀딩스,000640
2024-06-13,105700.0,"상승  1,000",104700.0,106700.0,104500.0,6876.0,동아쏘시오홀딩스,000640
2024-06-14,108900.0,"상승  3,200",105700.0,109300.0,105600.0,11049.0,동아쏘시오홀딩스,000640
2024-06-17,109000.0,상승  100,108900.0,110100.0,107800.0,4870.0,동아쏘시오홀딩스,000640
2024-06-18,107400.0,"하락  1,600",109500.0,109500.0,106200.0,8743.0,동아쏘시오홀딩스,000640
2024-06-19,107000.0,하락  400,106100.0,108200.0,105700.0,5446.0,동아쏘시오홀딩스,000640
2024-06-20,107800.0,상승  800,107000.0,109500.0,106600.0,6447.0,동아쏘시오홀딩스,000640
2024-06-21,106700.0,"하락  1,100",107700.0,108400.0,105600.0,4913.0,동아쏘시오홀딩스,000640
2024-06-24,107600.0,상승  900,106700.0,107800.0,105100.0,5101.0,동아쏘시오홀딩스,000640
2024-06-25,105600.0,"하락  2,000",106000.0,107600.0,105200.0,4313.0,동아쏘시오홀딩스,000640
2024-06-26,107600.0,"상승  2,000",105300.0,108000.0,105200.0,5112.0,동아쏘시오홀딩스,000640
2024-06-27,104700.0,"하락  2,900",106500.0,107800.0,104100.0,6775.0,동아쏘시오홀딩스,000640
2024-06-28,105300.0,상승  600,104300.0,107000.0,104300.0,3757.0,동아쏘시오홀딩스,000640
2024-07-01,106900.0,"상승  1,600",106500.0,107700.0,105100.0,3158.0,동아쏘시오홀딩스,000640
2024-07-02,107000.0,상승  100,107900.0,107900.0,106400.0,1818.0,동아쏘시오홀딩스,000640
2024-07-03,105800.0,"하락  1,200",106000.0,106900.0,104000.0,9236.0,동아쏘시오홀딩스,000640
2024-07-04,105700.0,하락  100,105800.0,106200.0,104500.0,2901.0,동아쏘시오홀딩스,000640
2024-07-05,109900.0,"상승  4,200",106800.0,110400.0,105700.0,9335.0,동아쏘시오홀딩스,000640
2024-07-08,106800.0,"하락  3,100",111500.0,111500.0,105900.0,8043.0,동아쏘시오홀딩스,000640
2024-07-09,106900.0,상승  100,106800.0,108400.0,106400.0,5379.0,동아쏘시오홀딩스,000640
2024-07-10,107100.0,상승  200,106500.0,109800.0,106500.0,5669.0,동아쏘시오홀딩스,000640
2024-07-11,107100.0,보합0,107100.0,108400.0,106700.0,2575.0,동아쏘시오홀딩스,000640
2024-07-12,107200.0,상승  100,107200.0,107600.0,106000.0,2214.0,동아쏘시오홀딩스,000640
2024-07-15,107700.0,상승  500,106500.0,108700.0,105500.0,3450.0,동아쏘시오홀딩스,000640
2024-07-16,106400.0,"하락  1,300",107600.0,108100.0,106300.0,3451.0,동아쏘시오홀딩스,000640
2024-07-17,108300.0,"상승  1,900",107300.0,108400.0,106400.0,5493.0,동아쏘시오홀딩스,000640
2024-07-18,109700.0,"상승  1,400",108200.0,109700.0,106700.0,12634.0,동아쏘시오홀딩스,000640
2024-07-19,108600.0,"하락  1,100",109700.0,109900.0,107300.0,6093.0,동아쏘시오홀딩스,000640
2024-07-22,109000.0,상승  400,108200.0,109300.0,106900.0,5863.0,동아쏘시오홀딩스,000640
2024-07-23,109800.0,상승  800,109000.0,110200.0,107400.0,7102.0,동아쏘시오홀딩스,000640
2024-07-24,109600.0,하락  200,109000.0,109600.0,107500.0,5387.0,동아쏘시오홀딩스,000640
2024-07-25,110300.0,상승  700,109600.0,110500.0,106700.0,6448.0,동아쏘시오홀딩스,000640
2024-07-26,111500.0,"상승  1,200",110300.0,113500.0,110000.0,12461.0,동아쏘시오홀딩스,000640
2024-07-29,113000.0,"상승  1,500",113500.0,114300.0,110100.0,4597.0,동아쏘시오홀딩스,000640
2024-07-30,114500.0,"상승  1,500",113000.0,115300.0,112200.0,8979.0,동아쏘시오홀딩스,000640
2024-07-31,111500.0,"하락  3,000",113300.0,115100.0,110900.0,8457.0,동아쏘시오홀딩스,000640
2024-08-01,112400.0,상승  900,111500.0,113500.0,110500.0,6160.0,동아쏘시오홀딩스,000640
2024-08-02,110000.0,"하락  2,400",110200.0,112300.0,108900.0,6110.0,동아쏘시오홀딩스,000640
2024-08-05,106800.0,"하락  3,200",110000.0,110000.0,104100.0,8408.0,동아쏘시오홀딩스,000640
2024-08-06,106600.0,하락  200,104100.0,108400.0,104100.0,13875.0,동아쏘시오홀딩스,000640
2024-08-07,110900.0,"상승  4,300",106600.0,111500.0,106100.0,6925.0,동아쏘시오홀딩스,000640
2024-08-08,111300.0,상승  400,110500.0,111800.0,107700.0,9753.0,동아쏘시오홀딩스,000640
2024-08-09,112800.0,"상승  1,500",110400.0,114000.0,110400.0,7563.0,동아쏘시오홀딩스,000640
2024-08-12,117300.0,"상승  4,500",112800.0,119400.0,112800.0,20442.0,동아쏘시오홀딩스,000640
2024-08-13,118100.0,상승  800,117300.0,118400.0,115800.0,12751.0,동아쏘시오홀딩스,000640
2024-08-14,118200.0,상승  100,116200.0,118200.0,114600.0,11251.0,동아쏘시오홀딩스,000640
2024-08-16,121700.0,"상승  3,500",118200.0,122400.0,117400.0,27449.0,동아쏘시오홀딩스,000640
2024-08-19,122000.0,상승  300,121700.0,123000.0,120300.0,14608.0,동아쏘시오홀딩스,000640
2024-08-20,123700.0,"상승  1,700",123500.0,126700.0,121100.0,28845.0,동아쏘시오홀딩스,000640
2024-08-21,125300.0,"상승  1,600",123700.0,126200.0,122500.0,9689.0,동아쏘시오홀딩스,000640
2024-08-22,125500.0,상승  200,125300.0,126300.0,124300.0,11444.0,동아쏘시오홀딩스,000640
2024-08-23,126000.0,상승  500,125800.0,126700.0,124400.0,6297.0,동아쏘시오홀딩스,000640
2024-08-26,126000.0,보합0,126000.0,126300.0,123700.0,9777.0,동아쏘시오홀딩스,000640
2024-08-27,126200.0,상승  200,124800.0,127000.0,124800.0,6554.0,동아쏘시오홀딩스,000640
2024-08-28,127200.0,"상승  1,000",126000.0,128000.0,125400.0,13229.0,동아쏘시오홀딩스,000640
2024-08-29,128200.0,"상승  1,000",126400.0,128300.0,126100.0,9441.0,동아쏘시오홀딩스,000640
2024-08-30,125700.0,"하락  2,500",128500.0,128500.0,125700.0,11035.0,동아쏘시오홀딩스,000640
2024-09-02,125000.0,하락  700,125700.0,126900.0,121000.0,8928.0,동아쏘시오홀딩스,000640
2024-09-03,124500.0,하락  500,124300.0,126000.0,123500.0,6114.0,동아쏘시오홀딩스,000640
2024-09-04,121900.0,"하락  2,600",123000.0,124500.0,121600.0,8722.0,동아쏘시오홀딩스,000640
2024-09-05,123000.0,"상승  1,100",122000.0,124500.0,120500.0,8900.0,동아쏘시오홀딩스,000640
2024-09-06,117200.0,"하락  5,800",121800.0,123400.0,115600.0,12421.0,동아쏘시오홀딩스,000640
2024-09-09,120000.0,"상승  2,800",118100.0,122800.0,116600.0,9316.0,동아쏘시오홀딩스,000640
2024-09-10,120800.0,상승  800,121500.0,121600.0,119500.0,11333.0,동아쏘시오홀딩스,000640
2024-09-11,119200.0,"하락  1,600",120800.0,121800.0,117500.0,8661.0,동아쏘시오홀딩스,000640
2024-09-12,118400.0,하락  800,120000.0,123100.0,118300.0,17297.0,동아쏘시오홀딩스,000640
2024-09-13,118500.0,상승  100,121100.0,121100.0,116900.0,10063.0,동아쏘시오홀딩스,000640
2024-09-19,124200.0,"상승  5,700",120900.0,124900.0,119100.0,28769.0,동아쏘시오홀딩스,000640
2024-09-20,125600.0,"상승  1,400",123100.0,127400.0,123100.0,26903.0,동아쏘시오홀딩스,000640
2024-09-23,125200.0,하락  400,126000.0,126900.0,120000.0,23932.0,동아쏘시오홀딩스,000640
2024-09-24,123200.0,"하락  2,000",124300.0,125000.0,121000.0,8952.0,동아쏘시오홀딩스,000640
2024-09-25,121500.0,"하락  1,700",123400.0,124100.0,119000.0,21580.0,동아쏘시오홀딩스,000640
2024-09-26,122500.0,"상승  1,000",120100.0,122900.0,120000.0,10295.0,동아쏘시오홀딩스,000640
2024-09-27,120800.0,"하락  1,700",122400.0,123000.0,120000.0,11086.0,동아쏘시오홀딩스,000640
2024-09-30,117300.0,"하락  3,500",119300.0,122000.0,117300.0,7470.0,동아쏘시오홀딩스,000640
2024-10-02,113700.0,"하락  3,600",117300.0,117300.0,113700.0,5662.0,동아쏘시오홀딩스,000640
2024-10-04,116000.0,"상승  2,300",113100.0,117600.0,113000.0,9281.0,동아쏘시오홀딩스,000640
2024-10-07,113400.0,"하락  2,600",116000.0,116000.0,112600.0,6939.0,동아쏘시오홀딩스,000640
2024-10-08,114300.0,상승  900,113500.0,114700.0,112500.0,3255.0,동아쏘시오홀딩스,000640
2024-10-10,112300.0,"하락  2,000",113700.0,114600.0,111500.0,6060.0,동아쏘시오홀딩스,000640
2024-10-11,116900.0,"상승  4,600",113000.0,118500.0,111500.0,13158.0,동아쏘시오홀딩스,000640
2024-10-14,115700.0,"하락  1,200",115800.0,118000.0,114300.0,6813.0,동아쏘시오홀딩스,000640
2024-10-15,123200.0,"상승  7,500",119200.0,123400.0,117800.0,25310.0,동아쏘시오홀딩스,000640
2024-10-16,122000.0,"하락  1,200",123000.0,123400.0,121200.0,7847.0,동아쏘시오홀딩스,000640
2024-10-17,123400.0,"상승  1,400",122000.0,124000.0,119200.0,12041.0,동아쏘시오홀딩스,000640
2024-10-18,124300.0,상승  900,123900.0,126000.0,122000.0,12427.0,동아쏘시오홀딩스,000640
2024-10-21,122500.0,"하락  1,800",124300.0,125200.0,122500.0,5463.0,동아쏘시오홀딩스,000640
2024-10-22,122000.0,하락  500,122000.0,123500.0,120600.0,7800.0,동아쏘시오홀딩스,000640
2024-10-23,122800.0,상승  800,120900.0,123200.0,118600.0,10536.0,동아쏘시오홀딩스,000640
2024-10-24,122200.0,하락  600,121600.0,122600.0,119100.0,7604.0,동아쏘시오홀딩스,000640
2024-10-25,120700.0,"하락  1,500",121000.0,121600.0,119300.0,4455.0,동아쏘시오홀딩스,000640
2024-10-28,119400.0,"하락  1,300",119300.0,121200.0,117800.0,5080.0,동아쏘시오홀딩스,000640
2024-10-29,120600.0,"상승  1,200",118700.0,121600.0,118700.0,6212.0,동아쏘시오홀딩스,000640
2024-10-30,120600.0,보합0,119300.0,120800.0,118900.0,4690.0,동아쏘시오홀딩스,000640
2024-10-31,124400.0,"상승  3,800",120000.0,124800.0,119200.0,10692.0,동아쏘시오홀딩스,000640
2024-11-01,120200.0,"하락  4,200",124400.0,124400.0,119900.0,5997.0,동아쏘시오홀딩스,000640
2024-11-04,125200.0,"상승  5,000",120500.0,125600.0,119300.0,10993.0,동아쏘시오홀딩스,000640
2024-11-05,126000.0,상승  800,125000.0,126900.0,124200.0,8163.0,동아쏘시오홀딩스,000640
2024-11-06,124800.0,"하락  1,200",126200.0,126300.0,123200.0,4442.0,동아쏘시오홀딩스,000640
2024-11-07,122600.0,"하락  2,200",124800.0,125900.0,119600.0,9840.0,동아쏘시오홀딩스,000640
2024-11-08,122700.0,상승  100,122600.0,123600.0,121600.0,4021.0,동아쏘시오홀딩스,000640
2024-11-11,121000.0,"하락  1,700",122900.0,123000.0,120000.0,3997.0,동아쏘시오홀딩스,000640
2024-11-12,117900.0,"하락  3,100",121300.0,121300.0,116000.0,6448.0,동아쏘시오홀딩스,000640
2024-11-13,115000.0,"하락  2,900",117900.0,117900.0,115000.0,5200.0,동아쏘시오홀딩스,000640
2024-11-14,115200.0,상승  200,114900.0,115600.0,114000.0,5089.0,동아쏘시오홀딩스,000640
2024-11-15,115900.0,상승  700,114700.0,116900.0,114000.0,2925.0,동아쏘시오홀딩스,000640
2024-11-18,113500.0,"하락  2,400",114600.0,114800.0,112500.0,6806.0,동아쏘시오홀딩스,000640
2024-11-19,111400.0,"하락  2,100",113500.0,114200.0,111100.0,3029.0,동아쏘시오홀딩스,000640
2024-11-20,111200.0,하락  200,111000.0,112100.0,110300.0,2892.0,동아쏘시오홀딩스,000640
2024-11-21,109000.0,"하락  2,200",110300.0,110300.0,108500.0,4752.0,동아쏘시오홀딩스,000640
2024-11-22,107900.0,"하락  1,100",109000.0,110000.0,106900.0,2753.0,동아쏘시오홀딩스,000640
2024-11-25,104300.0,"하락  3,600",107900.0,107900.0,104000.0,9521.0,동아쏘시오홀딩스,000640
2024-11-26,104100.0,하락  200,105000.0,105000.0,102200.0,6767.0,동아쏘시오홀딩스,000640
2024-11-27,104500.0,상승  400,105200.0,105200.0,103100.0,3551.0,동아쏘시오홀딩스,000640
2024-11-28,109300.0,"상승  4,800",104000.0,109500.0,104000.0,10150.0,동아쏘시오홀딩스,000640
2024-11-29,108900.0,하락  400,108200.0,109600.0,105000.0,7551.0,동아쏘시오홀딩스,000640
2024-12-02,103800.0,"하락  5,100",108900.0,108900.0,102400.0,7447.0,동아쏘시오홀딩스,000640
2024-12-03,104700.0,상승  900,103800.0,106200.0,101500.0,9610.0,동아쏘시오홀딩스,000640
2024-12-04,102600.0,"하락  2,100",102300.0,105700.0,100400.0,13821.0,동아쏘시오홀딩스,000640
2024-12-05,100400.0,"하락  2,200",102100.0,102100.0,99100.0,16315.0,동아쏘시오홀딩스,000640
2024-12-06,99300.0,"하락  1,100",100400.0,100400.0,98000.0,8132.0,동아쏘시오홀딩스,000640
2024-12-09,95100.0,"하락  4,200",98800.0,98800.0,93600.0,12536.0,동아쏘시오홀딩스,000640
2024-12-10,97000.0,"상승  1,900",95200.0,98800.0,95100.0,10057.0,동아쏘시오홀딩스,000640
2024-12-11,98600.0,"상승  1,600",97100.0,98800.0,96700.0,5665.0,동아쏘시오홀딩스,000640
2024-12-12,100500.0,"상승  1,900",97900.0,101200.0,97900.0,8672.0,동아쏘시오홀딩스,000640
2024-12-13,100300.0,하락  200,101100.0,101500.0,98900.0,6724.0,동아쏘시오홀딩스,000640
2024-12-16,99700.0,하락  600,101100.0,101100.0,99000.0,3546.0,동아쏘시오홀딩스,000640
2024-12-17,102000.0,"상승  2,300",100200.0,102000.0,99600.0,6098.0,동아쏘시오홀딩스,000640
2024-12-18,104900.0,"상승  2,900",102000.0,105000.0,100300.0,8291.0,동아쏘시오홀딩스,000640
2024-12-19,110300.0,"상승  5,400",103900.0,110300.0,102300.0,14473.0,동아쏘시오홀딩스,000640
2024-12-20,113200.0,"상승  2,900",110300.0,115100.0,110300.0,21739.0,동아쏘시오홀딩스,000640
2024-12-23,110200.0,"하락  3,000",113200.0,115000.0,109200.0,6392.0,동아쏘시오홀딩스,000640
2024-12-24,107600.0,"하락  2,600",110900.0,110900.0,106200.0,6687.0,동아쏘시오홀딩스,000640
2024-12-26,106700.0,하락  900,106700.0,108100.0,106000.0,4755.0,동아쏘시오홀딩스,000640
2024-12-27,105900.0,하락  800,106700.0,106700.0,104000.0,6395.0,동아쏘시오홀딩스,000640
2024-12-30,109800.0,"상승  3,900",105300.0,109800.0,104600.0,8235.0,동아쏘시오홀딩스,000640
2025-01-02,106300.0,"하락  3,500",110000.0,110000.0,105300.0,5658.0,동아쏘시오홀딩스,000640
2025-01-03,104700.0,"하락  1,600",105300.0,106900.0,103000.0,10094.0,동아쏘시오홀딩스,000640
2025-01-06,105700.0,"상승  1,000",104900.0,106100.0,103500.0,4477.0,동아쏘시오홀딩스,000640
2025-01-07,107000.0,"상승  1,300",105600.0,107800.0,105000.0,9185.0,동아쏘시오홀딩스,000640
2025-01-08,107000.0,보합0,105900.0,109000.0,105400.0,7650.0,동아쏘시오홀딩스,000640
2025-01-09,104300.0,"하락  2,700",107100.0,108100.0,104100.0,12164.0,동아쏘시오홀딩스,000640
2025-01-10,100400.0,"하락  3,900",105300.0,105300.0,100200.0,14384.0,동아쏘시오홀딩스,000640
2025-01-13,100600.0,상승  200,101200.0,102500.0,99400.0,6738.0,동아쏘시오홀딩스,000640
2025-01-14,100000.0,하락  600,101400.0,101400.0,97900.0,9095.0,동아쏘시오홀딩스,000640
2025-01-15,96600.0,"하락  3,400",100800.0,100800.0,96100.0,7269.0,동아쏘시오홀딩스,000640
2025-01-16,96600.0,보합0,96900.0,97900.0,95300.0,11355.0,동아쏘시오홀딩스,000640
2025-01-17,94800.0,"하락  1,800",96600.0,96700.0,94300.0,11650.0,동아쏘시오홀딩스,000640
2025-01-20,94800.0,보합0,95000.0,95900.0,93600.0,5115.0,동아쏘시오홀딩스,000640
2025-01-21,95500.0,상승  700,95300.0,96300.0,94100.0,6448.0,동아쏘시오홀딩스,000640
2025-01-22,95500.0,보합0,95600.0,96600.0,94300.0,10825.0,동아쏘시오홀딩스,000640
2025-01-23,96500.0,"상승  1,000",94600.0,97000.0,94600.0,6496.0,동아쏘시오홀딩스,000640
2025-01-24,95500.0,"하락  1,000",96500.0,96600.0,94600.0,9394.0,동아쏘시오홀딩스,000640
2025-01-31,95900.0,상승  400,94800.0,96300.0,94800.0,4498.0,동아쏘시오홀딩스,000640
2025-02-03,96000.0,상승  100,95800.0,96200.0,93300.0,9001.0,동아쏘시오홀딩스,000640
2025-02-04,94500.0,"하락  1,500",96700.0,97200.0,94400.0,9878.0,동아쏘시오홀딩스,000640
2025-02-05,95800.0,"상승  1,300",95300.0,96800.0,94600.0,10271.0,동아쏘시오홀딩스,000640
2025-02-06,99200.0,"상승  3,400",96500.0,99800.0,96200.0,11438.0,동아쏘시오홀딩스,000640
2025-02-07,99600.0,상승  400,99900.0,99900.0,98200.0,5760.0,동아쏘시오홀딩스,000640
2025-02-10,100300.0,상승  700,99600.0,101900.0,98300.0,10170.0,동아쏘시오홀딩스,000640
2025-02-11,99500.0,하락  800,101800.0,102700.0,99400.0,8054.0,동아쏘시오홀딩스,000640
2025-02-12,99600.0,상승  100,101300.0,101300.0,98300.0,6258.0,동아쏘시오홀딩스,000640
2025-02-13,97200.0,"하락  2,400",99700.0,100200.0,96800.0,10094.0,동아쏘시오홀딩스,000640
2025-02-14,99200.0,"상승  2,000",97200.0,99400.0,96400.0,8015.0,동아쏘시오홀딩스,000640
2025-02-17,99600.0,상승  400,98100.0,100400.0,98100.0,6079.0,동아쏘시오홀딩스,000640
2025-02-18,97900.0,"하락  1,700",99600.0,100000.0,97600.0,13791.0,동아쏘시오홀딩스,000640
2025-02-19,96300.0,"하락  1,600",98400.0,98500.0,95400.0,19846.0,동아쏘시오홀딩스,000640
2025-02-20,97400.0,"상승  1,100",96600.0,98800.0,95600.0,17878.0,동아쏘시오홀딩스,000640
2025-02-21,97800.0,상승  400,97500.0,99600.0,97000.0,11756.0,동아쏘시오홀딩스,000640
2025-02-24,100700.0,"상승  2,900",98600.0,101200.0,98200.0,24858.0,동아쏘시오홀딩스,000640
2025-02-25,98200.0,"하락  2,500",100700.0,100700.0,97400.0,20632.0,동아쏘시오홀딩스,000640
2025-02-26,100200.0,"상승  2,000",98500.0,100700.0,98300.0,16717.0,동아쏘시오홀딩스,000640
2025-02-27,100200.0,보합0,100200.0,100900.0,99100.0,10979.0,동아쏘시오홀딩스,000640
2025-02-28,97300.0,"하락  2,900",100500.0,100600.0,97300.0,72729.0,동아쏘시오홀딩스,000640
2025-03-04,100600.0,"상승  3,300",97300.0,101200.0,97000.0,28011.0,동아쏘시오홀딩스,000640
2025-03-05,99200.0,"하락  1,400",101000.0,101100.0,98700.0,14932.0,동아쏘시오홀딩스,000640
2025-03-06,99800.0,상승  600,99200.0,100800.0,98800.0,11632.0,동아쏘시오홀딩스,000640
2025-03-07,98100.0,"하락  1,700",100000.0,100800.0,97100.0,18781.0,동아쏘시오홀딩스,000640
2025-03-10,100100.0,"상승  2,000",98300.0,100500.0,96900.0,15079.0,동아쏘시오홀딩스,000640
2025-03-11,101200.0,"상승  1,100",100700.0,101800.0,98700.0,22461.0,동아쏘시오홀딩스,000640
2025-03-12,101500.0,상승  300,101200.0,103200.0,100600.0,10083.0,동아쏘시오홀딩스,000640
2025-03-13,98700.0,상승  100,100100.0,100600.0,98700.0,7462.0,동아쏘시오홀딩스,000640
2025-03-14,99800.0,"상승  1,100",99700.0,100500.0,98000.0,12204.0,동아쏘시오홀딩스,000640
2025-03-17,98600.0,"하락  1,200",99800.0,100400.0,98000.0,14351.0,동아쏘시오홀딩스,000640
2025-03-18,99400.0,상승  800,99400.0,99700.0,97300.0,10604.0,동아쏘시오홀딩스,000640
2025-03-19,98000.0,"하락  1,400",99500.0,99500.0,97400.0,14476.0,동아쏘시오홀딩스,000640
2025-03-20,97000.0,"하락  1,000",98400.0,98700.0,96500.0,11644.0,동아쏘시오홀딩스,000640
2025-03-21,98400.0,"상승  1,400",97300.0,99000.0,96700.0,10064.0,동아쏘시오홀딩스,000640
2025-03-24,98700.0,상승  300,99300.0,99300.0,98100.0,5869.0,동아쏘시오홀딩스,000640
2025-03-25,101700.0,"상승  3,000",99900.0,101700.0,98100.0,11498.0,동아쏘시오홀딩스,000640
2025-03-26,101000.0,하락  700,101600.0,101600.0,98300.0,9905.0,동아쏘시오홀딩스,000640
2025-03-27,99500.0,"하락  1,500",101400.0,101400.0,99500.0,4186.0,동아쏘시오홀딩스,000640
2025-03-28,99100.0,하락  400,100900.0,100900.0,98700.0,4894.0,동아쏘시오홀딩스,000640
2025-03-31,99400.0,상승  300,99200.0,99400.0,97200.0,14713.0,동아쏘시오홀딩스,000640
2025-04-01,99000.0,하락  400,99900.0,100100.0,98500.0,8509.0,동아쏘시오홀딩스,000640
2025-04-02,99500.0,상승  500,99800.0,100400.0,98400.0,8152.0,동아쏘시오홀딩스,000640
2025-04-03,100200.0,상승  700,99900.0,100700.0,98600.0,3405.0,동아쏘시오홀딩스,000640
2025-04-04,100800.0,상승  600,100600.0,101000.0,99100.0,4488.0,동아쏘시오홀딩스,000640
2025-04-07,98900.0,"하락  1,900",100800.0,100800.0,97300.0,19188.0,동아쏘시오홀딩스,000640
2025-04-08,98700.0,하락  200,100700.0,100700.0,97300.0,9401.0,동아쏘시오홀딩스,000640
2025-04-09,98000.0,하락  700,96600.0,98800.0,94800.0,21372.0,동아쏘시오홀딩스,000640
2025-04-10,98200.0,상승  200,99200.0,99200.0,95400.0,30505.0,동아쏘시오홀딩스,000640
2025-04-11,97900.0,하락  300,97300.0,98400.0,95900.0,11382.0,동아쏘시오홀딩스,000640
2025-04-14,97700.0,하락  200,98500.0,98500.0,97400.0,7032.0,동아쏘시오홀딩스,000640
2025-04-15,98400.0,상승  700,97700.0,98900.0,96800.0,22434.0,동아쏘시오홀딩스,000640
2025-04-16,98100.0,하락  300,98700.0,98700.0,97500.0,4818.0,동아쏘시오홀딩스,000640
2025-04-17,98600.0,상승  500,98400.0,98900.0,97100.0,6771.0,동아쏘시오홀딩스,000640
2025-04-18,98100.0,하락  500,97600.0,98600.0,96900.0,8016.0,동아쏘시오홀딩스,000640
2025-04-21,97500.0,하락  600,98000.0,98000.0,96300.0,9233.0,동아쏘시오홀딩스,000640
2025-04-22,97500.0,보합0,97300.0,97800.0,96400.0,6305.0,동아쏘시오홀딩스,000640
2025-04-23,98200.0,상승  700,98400.0,98400.0,97300.0,4912.0,동아쏘시오홀딩스,000640
2025-04-24,98200.0,보합0,98100.0,98900.0,97600.0,12934.0,동아쏘시오홀딩스,000640
2025-04-25,98500.0,상승  300,98500.0,99000.0,97600.0,9278.0,동아쏘시오홀딩스,000640
2025-04-28,98500.0,보합0,98400.0,100100.0,98100.0,13654.0,동아쏘시오홀딩스,000640
2025-04-29,101800.0,"상승  3,300",99500.0,101800.0,98600.0,14684.0,동아쏘시오홀딩스,000640
2025-04-30,103000.0,"상승  1,200",102000.0,103200.0,100400.0,12561.0,동아쏘시오홀딩스,000640
2025-05-02,100100.0,"하락  2,900",101800.0,102400.0,99800.0,10383.0,동아쏘시오홀딩스,000640
2025-05-07,99800.0,하락  300,99500.0,103100.0,99000.0,8289.0,동아쏘시오홀딩스,000640
2025-05-08,100300.0,상승  500,99800.0,100800.0,98700.0,11620.0,동아쏘시오홀딩스,000640
2025-05-09,99500.0,하락  800,100300.0,100300.0,98500.0,10208.0,동아쏘시오홀딩스,000640
2025-05-12,100300.0,상승  800,99300.0,100400.0,97900.0,10089.0,동아쏘시오홀딩스,000640
2025-05-13,100700.0,상승  400,100300.0,101000.0,99800.0,8259.0,동아쏘시오홀딩스,000640
2025-05-14,99600.0,"하락  1,100",100600.0,100600.0,99100.0,14150.0,동아쏘시오홀딩스,000640
2025-05-15,101100.0,"상승  1,500",100500.0,101600.0,99100.0,11450.0,동아쏘시오홀딩스,000640
2025-05-16,99300.0,"하락  1,800",101100.0,101100.0,98300.0,13152.0,동아쏘시오홀딩스,000640
2025-05-19,100500.0,"상승  1,200",100000.0,100900.0,98400.0,10841.0,동아쏘시오홀딩스,000640
2025-05-20,99900.0,하락  600,100600.0,100700.0,98000.0,15149.0,동아쏘시오홀딩스,000640
2025-05-21,101700.0,"상승  1,800",100000.0,101800.0,99200.0,15737.0,동아쏘시오홀딩스,000640
2025-05-22,103200.0,"상승  1,500",101700.0,103700.0,100400.0,10551.0,동아쏘시오홀딩스,000640
2025-05-23,102900.0,하락  300,103200.0,103700.0,102000.0,4541.0,동아쏘시오홀딩스,000640
2025-05-26,102800.0,하락  100,102800.0,102900.0,101600.0,3901.0,동아쏘시오홀딩스,000640
2025-05-27,103500.0,상승  700,104000.0,104700.0,101800.0,9390.0,동아쏘시오홀딩스,000640
2025-05-28,108000.0,"상승  4,500",103900.0,108800.0,103600.0,18743.0,동아쏘시오홀딩스,000640
2025-05-29,110900.0,"상승  2,900",108000.0,112300.0,107400.0,18777.0,동아쏘시오홀딩스,000640
