날짜,종가,전일비,시가,고가,저가,거래량,회사명,종목코드
2020-03-13,167500.0,"하락  7,500",161000.0,173500.0,153500.0,342322.0,롯데케미칼,011170
2020-03-16,156000.0,"하락  11,500",168500.0,170000.0,156000.0,204473.0,롯데케미칼,011170
2020-03-17,148500.0,"하락  7,500",142500.0,152500.0,142500.0,253166.0,롯데케미칼,011170
2020-03-18,138500.0,"하락  10,000",149000.0,151500.0,138500.0,167057.0,롯데케미칼,011170
2020-03-19,117000.0,"하락  21,500",141000.0,144500.0,114500.0,313242.0,롯데케미칼,011170
2020-03-20,147500.0,"상승  30,500",121000.0,149000.0,119500.0,301848.0,롯데케미칼,011170
2020-03-23,137500.0,"하락  10,000",133000.0,143000.0,128500.0,242745.0,롯데케미칼,011170
2020-03-24,149000.0,"상승  11,500",144000.0,149000.0,140500.0,234454.0,롯데케미칼,011170
2020-03-25,164000.0,"상승  15,000",158000.0,165500.0,156500.0,259386.0,롯데케미칼,011170
2020-03-26,166500.0,"상승  2,500",165000.0,177000.0,160500.0,282245.0,롯데케미칼,011170
2020-03-27,173500.0,"상승  7,000",178000.0,182000.0,165500.0,191362.0,롯데케미칼,011170
2020-03-30,181000.0,"상승  7,500",166500.0,183000.0,164500.0,214671.0,롯데케미칼,011170
2020-03-31,193000.0,"상승  12,000",183500.0,193000.0,183000.0,309889.0,롯데케미칼,011170
2020-04-01,183000.0,"하락  10,000",189000.0,195000.0,182000.0,237629.0,롯데케미칼,011170
2020-04-02,180500.0,"하락  2,500",182500.0,187000.0,171500.0,286203.0,롯데케미칼,011170
2020-04-03,170500.0,"하락  10,000",182500.0,184000.0,169000.0,260421.0,롯데케미칼,011170
2020-04-06,174000.0,"상승  3,500",173000.0,174000.0,170500.0,148662.0,롯데케미칼,011170
2020-04-07,173500.0,하락  500,177500.0,179500.0,171000.0,189981.0,롯데케미칼,011170
2020-04-08,172500.0,"하락  1,000",172000.0,176500.0,171000.0,170883.0,롯데케미칼,011170
2020-04-09,175000.0,"상승  2,500",175500.0,176000.0,171000.0,238068.0,롯데케미칼,011170
2020-04-10,183500.0,"상승  8,500",174000.0,183500.0,172500.0,236744.0,롯데케미칼,011170
2020-04-13,180000.0,"하락  3,500",182000.0,187000.0,178500.0,136311.0,롯데케미칼,011170
2020-04-14,192500.0,"상승  12,500",184000.0,196000.0,183000.0,379858.0,롯데케미칼,011170
2020-04-16,191500.0,"하락  1,000",189500.0,195500.0,186000.0,171169.0,롯데케미칼,011170
2020-04-17,194000.0,"상승  2,500",194500.0,202500.0,193000.0,196941.0,롯데케미칼,011170
2020-04-20,200500.0,"상승  6,500",194000.0,205500.0,193500.0,244564.0,롯데케미칼,011170
2020-04-21,203500.0,"상승  3,000",207500.0,208000.0,194000.0,263619.0,롯데케미칼,011170
2020-04-22,202000.0,"하락  1,500",202000.0,207500.0,196500.0,171751.0,롯데케미칼,011170
2020-04-23,215500.0,"상승  13,500",203000.0,216500.0,198500.0,333824.0,롯데케미칼,011170
2020-04-24,212500.0,"하락  3,000",213000.0,221000.0,208500.0,245942.0,롯데케미칼,011170
2020-04-27,223500.0,"상승  11,000",216000.0,225500.0,214500.0,242427.0,롯데케미칼,011170
2020-04-28,222000.0,"하락  1,500",224500.0,226000.0,216500.0,204510.0,롯데케미칼,011170
2020-04-29,215500.0,"하락  6,500",224000.0,229500.0,214000.0,256073.0,롯데케미칼,011170
2020-05-04,196000.0,"하락  19,500",205000.0,208500.0,195500.0,477632.0,롯데케미칼,011170
2020-05-06,195500.0,하락  500,200000.0,200500.0,190500.0,262335.0,롯데케미칼,011170
2020-05-07,195500.0,보합0,193000.0,197000.0,192500.0,154604.0,롯데케미칼,011170
2020-05-08,195500.0,보합0,194000.0,198000.0,193500.0,162081.0,롯데케미칼,011170
2020-05-11,187000.0,"하락  8,500",195000.0,195000.0,186500.0,317474.0,롯데케미칼,011170
2020-05-12,183000.0,"하락  4,000",188000.0,188500.0,180000.0,230230.0,롯데케미칼,011170
2020-05-13,187500.0,"상승  4,500",180000.0,187500.0,179500.0,182658.0,롯데케미칼,011170
2020-05-14,185500.0,"하락  2,000",184500.0,187000.0,181500.0,175362.0,롯데케미칼,011170
2020-05-15,185500.0,보합0,186500.0,190000.0,185000.0,155691.0,롯데케미칼,011170
2020-05-18,187000.0,"상승  1,500",187000.0,188500.0,184000.0,118033.0,롯데케미칼,011170
2020-05-19,192000.0,"상승  5,000",193000.0,194000.0,190000.0,240921.0,롯데케미칼,011170
2020-05-20,191500.0,하락  500,191500.0,195000.0,191000.0,107010.0,롯데케미칼,011170
2020-05-21,189000.0,"하락  2,500",192500.0,193000.0,188500.0,197089.0,롯데케미칼,011170
2020-05-22,183000.0,"하락  6,000",191000.0,191000.0,182000.0,211171.0,롯데케미칼,011170
2020-05-25,184000.0,"상승  1,000",183500.0,185000.0,181000.0,152481.0,롯데케미칼,011170
2020-05-26,187500.0,"상승  3,500",184000.0,190000.0,184000.0,190263.0,롯데케미칼,011170
2020-05-27,189500.0,"상승  2,000",188500.0,196000.0,188500.0,332835.0,롯데케미칼,011170
2020-05-28,189500.0,보합0,192000.0,193000.0,186500.0,215743.0,롯데케미칼,011170
2020-05-29,188000.0,"하락  1,500",187500.0,191000.0,186000.0,219346.0,롯데케미칼,011170
2020-06-01,189500.0,"상승  1,500",188000.0,190500.0,187500.0,87982.0,롯데케미칼,011170
2020-06-02,190000.0,상승  500,189000.0,192500.0,188500.0,132472.0,롯데케미칼,011170
2020-06-03,199000.0,"상승  9,000",192000.0,199500.0,191500.0,468452.0,롯데케미칼,011170
2020-06-04,193000.0,"하락  6,000",205500.0,207000.0,192000.0,490330.0,롯데케미칼,011170
2020-06-05,193000.0,보합0,193000.0,195500.0,191000.0,210405.0,롯데케미칼,011170
2020-06-08,194000.0,"상승  1,000",196500.0,197000.0,192000.0,218361.0,롯데케미칼,011170
2020-06-09,188000.0,"하락  6,000",195000.0,195500.0,186000.0,313700.0,롯데케미칼,011170
2020-06-10,187500.0,하락  500,187000.0,189500.0,185500.0,163846.0,롯데케미칼,011170
2020-06-11,184000.0,"하락  3,500",186000.0,186500.0,182500.0,280710.0,롯데케미칼,011170
2020-06-12,176500.0,"하락  7,500",175000.0,178500.0,175000.0,200268.0,롯데케미칼,011170
2020-06-15,165000.0,"하락  11,500",176000.0,176000.0,165000.0,273285.0,롯데케미칼,011170
2020-06-16,171000.0,"상승  6,000",168500.0,173500.0,167500.0,259188.0,롯데케미칼,011170
2020-06-17,166500.0,"하락  4,500",168500.0,171500.0,165000.0,264443.0,롯데케미칼,011170
2020-06-18,171000.0,"상승  4,500",165500.0,171000.0,164000.0,192660.0,롯데케미칼,011170
2020-06-19,183500.0,"상승  12,500",173000.0,185000.0,172000.0,450459.0,롯데케미칼,011170
2020-06-22,179500.0,"하락  4,000",182000.0,183000.0,177500.0,151407.0,롯데케미칼,011170
2020-06-23,175500.0,"하락  4,000",181000.0,184000.0,175000.0,215452.0,롯데케미칼,011170
2020-06-24,174500.0,"하락  1,000",176500.0,178000.0,173500.0,127369.0,롯데케미칼,011170
2020-06-25,170500.0,"하락  4,000",172000.0,174500.0,170000.0,124404.0,롯데케미칼,011170
2020-06-26,172000.0,"상승  1,500",172000.0,178500.0,171500.0,125238.0,롯데케미칼,011170
2020-06-29,166000.0,"하락  6,000",168500.0,169500.0,165500.0,140914.0,롯데케미칼,011170
2020-06-30,167000.0,"상승  1,000",168500.0,172500.0,167000.0,136248.0,롯데케미칼,011170
2020-07-01,167000.0,보합0,169000.0,169500.0,166500.0,85463.0,롯데케미칼,011170
2020-07-02,168500.0,"상승  1,500",168500.0,169500.0,167000.0,92870.0,롯데케미칼,011170
2020-07-03,172000.0,"상승  3,500",169000.0,172500.0,168000.0,118528.0,롯데케미칼,011170
2020-07-06,171500.0,하락  500,172000.0,173000.0,168500.0,93105.0,롯데케미칼,011170
2020-07-07,175000.0,"상승  3,500",173000.0,179000.0,172500.0,157186.0,롯데케미칼,011170
2020-07-08,176500.0,"상승  1,500",175000.0,176500.0,173000.0,100047.0,롯데케미칼,011170
2020-07-09,173000.0,"하락  3,500",178500.0,178500.0,172500.0,142749.0,롯데케미칼,011170
2020-07-10,167500.0,"하락  5,500",173000.0,173000.0,167000.0,144734.0,롯데케미칼,011170
2020-07-13,176000.0,"상승  8,500",169000.0,177500.0,167000.0,207859.0,롯데케미칼,011170
2020-07-14,176000.0,보합0,174000.0,178500.0,173500.0,111912.0,롯데케미칼,011170
2020-07-15,177500.0,"상승  1,500",180000.0,182500.0,174500.0,216708.0,롯데케미칼,011170
2020-07-16,178000.0,상승  500,177500.0,178500.0,177000.0,88050.0,롯데케미칼,011170
2020-07-17,176500.0,"하락  1,500",177000.0,178500.0,176000.0,89964.0,롯데케미칼,011170
2020-07-20,175000.0,"하락  1,500",177000.0,178000.0,173500.0,92527.0,롯데케미칼,011170
2020-07-21,175000.0,보합0,174000.0,178000.0,173500.0,128500.0,롯데케미칼,011170
2020-07-22,180500.0,"상승  5,500",175500.0,186000.0,175000.0,342476.0,롯데케미칼,011170
2020-07-23,174500.0,"하락  6,000",181500.0,181500.0,172500.0,248643.0,롯데케미칼,011170
2020-07-24,173000.0,"하락  1,500",172000.0,174500.0,169500.0,85832.0,롯데케미칼,011170
2020-07-27,171000.0,"하락  2,000",173000.0,175000.0,170500.0,100484.0,롯데케미칼,011170
2020-07-28,171500.0,상승  500,171000.0,174000.0,170500.0,154676.0,롯데케미칼,011170
2020-07-29,171500.0,보합0,170500.0,173500.0,170000.0,110746.0,롯데케미칼,011170
2020-07-30,170000.0,"하락  1,500",172500.0,174000.0,169500.0,170392.0,롯데케미칼,011170
2020-07-31,168500.0,"하락  1,500",170000.0,172000.0,168000.0,133395.0,롯데케미칼,011170
2020-08-03,168500.0,보합0,169500.0,170000.0,167500.0,115443.0,롯데케미칼,011170
2020-08-04,169500.0,"상승  1,000",168500.0,171500.0,168000.0,122149.0,롯데케미칼,011170
2020-08-05,171000.0,"상승  1,500",169500.0,171000.0,168500.0,137416.0,롯데케미칼,011170
2020-08-06,179000.0,"상승  8,000",172000.0,184000.0,171000.0,555578.0,롯데케미칼,011170
2020-08-07,175500.0,"하락  3,500",180500.0,182000.0,174000.0,318464.0,롯데케미칼,011170
2020-08-10,190000.0,"상승  14,500",174000.0,193000.0,173000.0,722396.0,롯데케미칼,011170
2020-08-11,190000.0,보합0,190500.0,198000.0,188000.0,408695.0,롯데케미칼,011170
2020-08-12,189500.0,하락  500,190500.0,191500.0,184500.0,192140.0,롯데케미칼,011170
2020-08-13,191000.0,"상승  1,500",193500.0,194500.0,189500.0,288259.0,롯데케미칼,011170
2020-08-14,188000.0,"하락  3,000",191500.0,192000.0,184500.0,131356.0,롯데케미칼,011170
2020-08-18,176000.0,"하락  12,000",184500.0,186000.0,175500.0,232471.0,롯데케미칼,011170
2020-08-19,179500.0,"상승  3,500",178000.0,180000.0,174500.0,107471.0,롯데케미칼,011170
2020-08-20,169000.0,"하락  10,500",177500.0,177500.0,168500.0,239731.0,롯데케미칼,011170
2020-08-21,171500.0,"상승  2,500",171000.0,172500.0,169000.0,126895.0,롯데케미칼,011170
2020-08-24,171000.0,하락  500,169500.0,172000.0,167500.0,91708.0,롯데케미칼,011170
2020-08-25,175500.0,"상승  4,500",173000.0,179500.0,172500.0,176596.0,롯데케미칼,011170
2020-08-26,173500.0,"하락  2,000",177000.0,177000.0,170500.0,143346.0,롯데케미칼,011170
2020-08-27,180000.0,"상승  6,500",173500.0,183000.0,172500.0,369517.0,롯데케미칼,011170
2020-08-28,182500.0,"상승  2,500",182000.0,184000.0,178000.0,182022.0,롯데케미칼,011170
2020-08-31,189500.0,"상승  7,000",187000.0,192000.0,185500.0,470660.0,롯데케미칼,011170
2020-09-01,186500.0,"하락  3,000",189000.0,189500.0,184500.0,155727.0,롯데케미칼,011170
2020-09-02,180500.0,"하락  6,000",189500.0,189500.0,178000.0,248537.0,롯데케미칼,011170
2020-09-03,183500.0,"상승  3,000",181000.0,189500.0,178000.0,320641.0,롯데케미칼,011170
2020-09-04,183000.0,하락  500,178000.0,183500.0,178000.0,130752.0,롯데케미칼,011170
2020-09-07,205000.0,"상승  22,000",183000.0,206000.0,181000.0,926441.0,롯데케미칼,011170
2020-09-08,200500.0,"하락  4,500",204500.0,207000.0,199500.0,382137.0,롯데케미칼,011170
2020-09-09,208500.0,"상승  8,000",197500.0,214000.0,197000.0,568084.0,롯데케미칼,011170
2020-09-10,208000.0,하락  500,211000.0,213000.0,202000.0,392944.0,롯데케미칼,011170
2020-09-11,202500.0,"하락  5,500",206500.0,211000.0,202500.0,198327.0,롯데케미칼,011170
2020-09-14,217000.0,"상승  14,500",203000.0,220000.0,203000.0,527310.0,롯데케미칼,011170
2020-09-15,211500.0,"하락  5,500",218000.0,218000.0,211000.0,201509.0,롯데케미칼,011170
2020-09-16,205500.0,"하락  6,000",212000.0,213500.0,205000.0,211750.0,롯데케미칼,011170
2020-09-17,204500.0,"하락  1,000",206500.0,208000.0,200000.0,224477.0,롯데케미칼,011170
2020-09-18,209500.0,"상승  5,000",204000.0,214000.0,203500.0,262852.0,롯데케미칼,011170
2020-09-21,212500.0,"상승  3,000",210500.0,217000.0,207500.0,251184.0,롯데케미칼,011170
2020-09-22,202000.0,"하락  10,500",212500.0,213500.0,199000.0,258209.0,롯데케미칼,011170
2020-09-23,206000.0,"상승  4,000",204000.0,208500.0,200500.0,187843.0,롯데케미칼,011170
2020-09-24,198000.0,"하락  8,000",202000.0,206000.0,196500.0,186259.0,롯데케미칼,011170
2020-09-25,196000.0,"하락  2,000",200000.0,203000.0,195000.0,133666.0,롯데케미칼,011170
2020-09-28,196000.0,보합0,198500.0,200500.0,191000.0,190363.0,롯데케미칼,011170
2020-09-29,196500.0,상승  500,198000.0,200000.0,194000.0,145495.0,롯데케미칼,011170
2020-10-05,213000.0,"상승  16,500",199000.0,216500.0,197000.0,577344.0,롯데케미칼,011170
2020-10-06,216000.0,"상승  3,000",213500.0,221500.0,212000.0,323821.0,롯데케미칼,011170
2020-10-07,217500.0,"상승  1,500",213500.0,218500.0,212000.0,167912.0,롯데케미칼,011170
2020-10-08,229000.0,"상승  11,500",219000.0,231000.0,218000.0,608306.0,롯데케미칼,011170
2020-10-12,225000.0,"하락  4,000",233500.0,233500.0,222500.0,307806.0,롯데케미칼,011170
2020-10-13,221500.0,"하락  3,500",225500.0,226000.0,219000.0,183545.0,롯데케미칼,011170
2020-10-14,219000.0,"하락  2,500",221000.0,221500.0,216500.0,235189.0,롯데케미칼,011170
2020-10-15,222000.0,"상승  3,000",219000.0,226000.0,217000.0,252978.0,롯데케미칼,011170
2020-10-16,218000.0,"하락  4,000",224500.0,224500.0,214000.0,175373.0,롯데케미칼,011170
2020-10-19,223000.0,"상승  5,000",220500.0,227000.0,218000.0,197639.0,롯데케미칼,011170
2020-10-20,236500.0,"상승  13,500",221000.0,237000.0,221000.0,440130.0,롯데케미칼,011170
2020-10-21,241500.0,"상승  5,000",236500.0,243500.0,231500.0,304716.0,롯데케미칼,011170
2020-10-22,242500.0,"상승  1,000",239000.0,249500.0,238500.0,358513.0,롯데케미칼,011170
2020-10-23,249000.0,"상승  6,500",245000.0,250000.0,242000.0,272682.0,롯데케미칼,011170
2020-10-26,238500.0,"하락  10,500",247000.0,254500.0,235500.0,412612.0,롯데케미칼,011170
2020-10-27,231000.0,"하락  7,500",235000.0,241500.0,230000.0,376997.0,롯데케미칼,011170
2020-10-28,246500.0,"상승  15,500",234000.0,247500.0,233000.0,424322.0,롯데케미칼,011170
2020-10-29,239000.0,"하락  7,500",241000.0,248000.0,237500.0,392178.0,롯데케미칼,011170
2020-10-30,233000.0,"하락  6,000",241500.0,246000.0,231500.0,344849.0,롯데케미칼,011170
2020-11-02,235500.0,"상승  2,500",232000.0,239000.0,229500.0,323779.0,롯데케미칼,011170
2020-11-03,248500.0,"상승  13,000",237000.0,251000.0,236500.0,334468.0,롯데케미칼,011170
2020-11-04,240000.0,"하락  8,500",251000.0,254000.0,235000.0,400329.0,롯데케미칼,011170
2020-11-05,245000.0,"상승  5,000",244500.0,255000.0,236000.0,580797.0,롯데케미칼,011170
2020-11-06,250000.0,"상승  5,000",246000.0,251000.0,242500.0,310670.0,롯데케미칼,011170
2020-11-09,273000.0,"상승  23,000",257000.0,277000.0,256500.0,610378.0,롯데케미칼,011170
2020-11-10,268000.0,"하락  5,000",272500.0,279000.0,263000.0,439290.0,롯데케미칼,011170
2020-11-11,280500.0,"상승  12,500",271500.0,285000.0,270000.0,421936.0,롯데케미칼,011170
2020-11-12,278500.0,"하락  2,000",278000.0,285500.0,273500.0,314034.0,롯데케미칼,011170
2020-11-13,266500.0,"하락  12,000",277000.0,278500.0,264500.0,407336.0,롯데케미칼,011170
2020-11-16,272500.0,"상승  6,000",269500.0,276000.0,264000.0,254523.0,롯데케미칼,011170
2020-11-17,272000.0,하락  500,275500.0,284500.0,270500.0,323721.0,롯데케미칼,011170
2020-11-18,282500.0,"상승  10,500",277500.0,284000.0,271000.0,239495.0,롯데케미칼,011170
2020-11-19,281500.0,"하락  1,000",279000.0,282500.0,275500.0,260482.0,롯데케미칼,011170
2020-11-20,287000.0,"상승  5,500",281500.0,292000.0,281500.0,244109.0,롯데케미칼,011170
2020-11-23,289000.0,"상승  2,000",287000.0,294000.0,283000.0,241810.0,롯데케미칼,011170
2020-11-24,289000.0,보합0,294500.0,296500.0,286000.0,274345.0,롯데케미칼,011170
2020-11-25,281000.0,"하락  8,000",290500.0,295000.0,279500.0,320673.0,롯데케미칼,011170
2020-11-26,289000.0,"상승  8,000",281000.0,290000.0,279500.0,466216.0,롯데케미칼,011170
2020-11-27,287000.0,"하락  2,000",289000.0,291500.0,285000.0,184689.0,롯데케미칼,011170
2020-11-30,282000.0,"하락  5,000",287000.0,289500.0,282000.0,238375.0,롯데케미칼,011170
2020-12-01,285000.0,"상승  3,000",284500.0,287500.0,282500.0,137568.0,롯데케미칼,011170
2020-12-02,287500.0,"상승  2,500",288000.0,289500.0,284000.0,189814.0,롯데케미칼,011170
2020-12-03,285500.0,"하락  2,000",287000.0,287500.0,283500.0,153347.0,롯데케미칼,011170
2020-12-04,281000.0,"하락  4,500",284000.0,285000.0,280000.0,235837.0,롯데케미칼,011170
2020-12-07,275500.0,"하락  5,500",281500.0,282000.0,270000.0,363399.0,롯데케미칼,011170
2020-12-08,269000.0,"하락  6,500",277000.0,278500.0,267000.0,377712.0,롯데케미칼,011170
2020-12-09,279500.0,"상승  10,500",272000.0,280000.0,271500.0,328980.0,롯데케미칼,011170
2020-12-10,277500.0,"하락  2,000",276000.0,281000.0,274000.0,253503.0,롯데케미칼,011170
2020-12-11,279500.0,"상승  2,000",281000.0,288000.0,279000.0,324479.0,롯데케미칼,011170
2020-12-14,273000.0,"하락  6,500",281500.0,281500.0,272000.0,221862.0,롯데케미칼,011170
2020-12-15,272500.0,하락  500,273000.0,275000.0,269500.0,156152.0,롯데케미칼,011170
2020-12-16,271000.0,"하락  1,500",276500.0,277000.0,270000.0,172891.0,롯데케미칼,011170
2020-12-17,267000.0,"하락  4,000",271500.0,272000.0,264000.0,317307.0,롯데케미칼,011170
2020-12-18,266500.0,하락  500,268000.0,268500.0,264000.0,165067.0,롯데케미칼,011170
2020-12-21,264500.0,"하락  2,000",267000.0,267500.0,260000.0,183477.0,롯데케미칼,011170
2020-12-22,260000.0,"하락  4,500",265500.0,265500.0,260000.0,172290.0,롯데케미칼,011170
2020-12-23,258000.0,"하락  2,000",260500.0,262500.0,255500.0,238843.0,롯데케미칼,011170
2020-12-24,265000.0,"상승  7,000",259500.0,271000.0,259000.0,293956.0,롯데케미칼,011170
2020-12-28,265500.0,상승  500,266000.0,267500.0,263500.0,161244.0,롯데케미칼,011170
2020-12-29,264500.0,"하락  1,000",264500.0,267500.0,262000.0,194039.0,롯데케미칼,011170
2020-12-30,276000.0,"상승  11,500",266000.0,280000.0,265500.0,386964.0,롯데케미칼,011170
2021-01-04,279500.0,"상승  3,500",278000.0,282500.0,277000.0,342443.0,롯데케미칼,011170
2021-01-05,282500.0,"상승  3,000",277500.0,283000.0,276500.0,268642.0,롯데케미칼,011170
2021-01-06,283000.0,상승  500,288000.0,291500.0,282000.0,454092.0,롯데케미칼,011170
2021-01-07,304000.0,"상승  21,000",291000.0,305000.0,290000.0,711593.0,롯데케미칼,011170
2021-01-08,301000.0,"하락  3,000",306500.0,307000.0,296000.0,449301.0,롯데케미칼,011170
2021-01-11,287500.0,"하락  13,500",302000.0,302000.0,283000.0,576371.0,롯데케미칼,011170
2021-01-12,313000.0,"상승  25,500",287500.0,321500.0,284000.0,1405533.0,롯데케미칼,011170
2021-01-13,309000.0,"하락  4,000",317000.0,326500.0,304500.0,555908.0,롯데케미칼,011170
2021-01-14,316000.0,"상승  7,000",310000.0,317000.0,305000.0,323205.0,롯데케미칼,011170
2021-01-15,301000.0,"하락  15,000",315000.0,315500.0,301000.0,305414.0,롯데케미칼,011170
2021-01-18,289000.0,"하락  12,000",294500.0,298500.0,287500.0,296723.0,롯데케미칼,011170
2021-01-19,292500.0,"상승  3,500",292500.0,296500.0,288500.0,194590.0,롯데케미칼,011170
2021-01-20,292500.0,보합0,296000.0,296500.0,287000.0,226526.0,롯데케미칼,011170
2021-01-21,294500.0,"상승  2,000",297500.0,306000.0,293500.0,259265.0,롯데케미칼,011170
2021-01-22,289000.0,"하락  5,500",292500.0,294500.0,288500.0,235079.0,롯데케미칼,011170
2021-01-25,287500.0,"하락  1,500",286000.0,291500.0,285000.0,270741.0,롯데케미칼,011170
2021-01-26,282000.0,"하락  5,500",290500.0,293500.0,280500.0,310821.0,롯데케미칼,011170
2021-01-27,284500.0,"상승  2,500",284500.0,289000.0,279500.0,213805.0,롯데케미칼,011170
2021-01-28,274500.0,"하락  10,000",277000.0,281000.0,271500.0,254931.0,롯데케미칼,011170
2021-01-29,261000.0,"하락  13,500",276500.0,277000.0,261000.0,276795.0,롯데케미칼,011170
2021-02-01,265000.0,"상승  4,000",260000.0,266500.0,255500.0,249310.0,롯데케미칼,011170
2021-02-02,275000.0,"상승  10,000",268500.0,283000.0,267500.0,334228.0,롯데케미칼,011170
2021-02-03,277500.0,"상승  2,500",281500.0,282000.0,273000.0,202540.0,롯데케미칼,011170
2021-02-04,270000.0,"하락  7,500",278500.0,278500.0,268500.0,176269.0,롯데케미칼,011170
2021-02-05,284000.0,"상승  14,000",273000.0,284000.0,270000.0,234939.0,롯데케미칼,011170
2021-02-08,298000.0,"상승  14,000",291000.0,300000.0,286500.0,617328.0,롯데케미칼,011170
2021-02-09,291000.0,"하락  7,000",298500.0,301000.0,291000.0,305252.0,롯데케미칼,011170
2021-02-10,303000.0,"상승  12,000",293000.0,305000.0,291000.0,494419.0,롯데케미칼,011170
2021-02-15,306000.0,"상승  3,000",307500.0,311500.0,303500.0,298004.0,롯데케미칼,011170
2021-02-16,311500.0,"상승  5,500",309000.0,313000.0,302500.0,245269.0,롯데케미칼,011170
2021-02-17,300500.0,"하락  11,000",311500.0,312000.0,298500.0,258342.0,롯데케미칼,011170
2021-02-18,298000.0,"하락  2,500",299000.0,307000.0,297000.0,286986.0,롯데케미칼,011170
2021-02-19,295000.0,"하락  3,000",309000.0,311000.0,288500.0,395014.0,롯데케미칼,011170
2021-02-22,302000.0,"상승  7,000",301000.0,312000.0,300000.0,425232.0,롯데케미칼,011170
2021-02-23,326000.0,"상승  24,000",307500.0,331000.0,306000.0,1193010.0,롯데케미칼,011170
2021-02-24,302500.0,"하락  23,500",325500.0,325500.0,300000.0,497132.0,롯데케미칼,011170
2021-02-25,324000.0,"상승  21,500",313000.0,324000.0,310500.0,514784.0,롯데케미칼,011170
2021-02-26,318000.0,"하락  6,000",313500.0,331000.0,311000.0,602223.0,롯데케미칼,011170
2021-03-02,323500.0,"상승  5,500",329000.0,338000.0,321000.0,419443.0,롯데케미칼,011170
2021-03-03,328000.0,"상승  4,500",322000.0,329000.0,318500.0,198150.0,롯데케미칼,011170
2021-03-04,321000.0,"하락  7,000",324000.0,333500.0,319500.0,265032.0,롯데케미칼,011170
2021-03-05,322000.0,"상승  1,000",316500.0,325500.0,313500.0,275487.0,롯데케미칼,011170
2021-03-08,310000.0,"하락  12,000",328500.0,334000.0,310000.0,335647.0,롯데케미칼,011170
2021-03-09,319000.0,"상승  9,000",318500.0,322000.0,310000.0,404916.0,롯데케미칼,011170
2021-03-10,306500.0,"하락  12,500",317500.0,322500.0,305000.0,316142.0,롯데케미칼,011170
2021-03-11,306000.0,하락  500,308500.0,309000.0,299500.0,307643.0,롯데케미칼,011170
2021-03-12,303500.0,"하락  2,500",310000.0,311000.0,302000.0,206741.0,롯데케미칼,011170
2021-03-15,300500.0,"하락  3,000",304500.0,305000.0,298000.0,170323.0,롯데케미칼,011170
2021-03-16,305500.0,"상승  5,000",301500.0,308500.0,296000.0,243442.0,롯데케미칼,011170
2021-03-17,302000.0,"하락  3,500",304000.0,307000.0,300500.0,158342.0,롯데케미칼,011170
2021-03-18,300000.0,"하락  2,000",306000.0,309000.0,300000.0,177030.0,롯데케미칼,011170
2021-03-19,311000.0,"상승  11,000",304000.0,315000.0,303500.0,427408.0,롯데케미칼,011170
2021-03-22,317000.0,"상승  6,000",315000.0,323500.0,315000.0,232362.0,롯데케미칼,011170
2021-03-23,310000.0,"하락  7,000",322500.0,323500.0,310000.0,205225.0,롯데케미칼,011170
2021-03-24,303500.0,"하락  6,500",308500.0,309500.0,302000.0,229179.0,롯데케미칼,011170
2021-03-25,307500.0,"상승  4,000",304000.0,313000.0,301500.0,158517.0,롯데케미칼,011170
2021-03-26,304500.0,"하락  3,000",311000.0,312000.0,302500.0,209625.0,롯데케미칼,011170
2021-03-29,303000.0,"하락  1,500",307500.0,308500.0,301500.0,192320.0,롯데케미칼,011170
2021-03-30,301000.0,"하락  2,000",306000.0,306500.0,300500.0,184900.0,롯데케미칼,011170
2021-03-31,301000.0,보합0,302000.0,308000.0,301000.0,168395.0,롯데케미칼,011170
2021-04-01,301500.0,상승  500,302500.0,305000.0,300000.0,153829.0,롯데케미칼,011170
2021-04-02,301500.0,보합0,305500.0,306000.0,300000.0,185123.0,롯데케미칼,011170
2021-04-05,293500.0,"하락  8,000",301500.0,301500.0,291000.0,366252.0,롯데케미칼,011170
2021-04-06,290500.0,"하락  3,000",296000.0,299000.0,290000.0,234677.0,롯데케미칼,011170
2021-04-07,290500.0,보합0,289500.0,294000.0,289500.0,161877.0,롯데케미칼,011170
2021-04-08,296500.0,"상승  6,000",291500.0,297000.0,290500.0,188980.0,롯데케미칼,011170
2021-04-09,293000.0,"하락  3,500",297000.0,297500.0,292000.0,176706.0,롯데케미칼,011170
2021-04-12,291000.0,"하락  2,000",294000.0,298000.0,290000.0,162235.0,롯데케미칼,011170
2021-04-13,289000.0,"하락  2,000",291500.0,292500.0,288500.0,205723.0,롯데케미칼,011170
2021-04-14,288000.0,"하락  1,000",291000.0,291500.0,285500.0,255088.0,롯데케미칼,011170
2021-04-15,284500.0,"하락  3,500",289000.0,290500.0,282500.0,378242.0,롯데케미칼,011170
2021-04-16,286000.0,"상승  1,500",285000.0,290000.0,283000.0,224408.0,롯데케미칼,011170
2021-04-19,290500.0,"상승  4,500",287000.0,292000.0,286000.0,238455.0,롯데케미칼,011170
2021-04-20,292000.0,"상승  1,500",292000.0,293000.0,289000.0,166475.0,롯데케미칼,011170
2021-04-21,286500.0,"하락  5,500",290000.0,290500.0,286000.0,197209.0,롯데케미칼,011170
2021-04-22,296500.0,"상승  10,000",289500.0,301000.0,288000.0,555946.0,롯데케미칼,011170
2021-04-23,293500.0,"하락  3,000",295500.0,297500.0,292000.0,200019.0,롯데케미칼,011170
2021-04-26,297000.0,"상승  3,500",295500.0,301000.0,294500.0,277168.0,롯데케미칼,011170
2021-04-27,304500.0,"상승  7,500",300000.0,307500.0,296500.0,429870.0,롯데케미칼,011170
2021-04-28,303500.0,"하락  1,000",310500.0,311500.0,299500.0,334779.0,롯데케미칼,011170
2021-04-29,307500.0,"상승  4,000",306500.0,309500.0,302000.0,322709.0,롯데케미칼,011170
2021-04-30,304000.0,"하락  3,500",308500.0,312500.0,301000.0,259373.0,롯데케미칼,011170
2021-05-03,286500.0,"하락  17,500",304500.0,305000.0,282500.0,481861.0,롯데케미칼,011170
2021-05-04,288500.0,"상승  2,000",286500.0,289000.0,276000.0,297438.0,롯데케미칼,011170
2021-05-06,304000.0,"상승  15,500",286500.0,304000.0,286000.0,373716.0,롯데케미칼,011170
2021-05-07,309000.0,"상승  5,000",307000.0,309000.0,299500.0,315187.0,롯데케미칼,011170
2021-05-10,308000.0,"하락  1,000",312000.0,321000.0,306500.0,721174.0,롯데케미칼,011170
2021-05-11,300500.0,"하락  7,500",305000.0,309000.0,298500.0,266650.0,롯데케미칼,011170
2021-05-12,287500.0,"하락  13,000",299500.0,304000.0,286500.0,397425.0,롯데케미칼,011170
2021-05-13,283000.0,"하락  4,500",282000.0,288000.0,279000.0,366424.0,롯데케미칼,011170
2021-05-14,282500.0,하락  500,286500.0,286500.0,280000.0,221417.0,롯데케미칼,011170
2021-05-17,276000.0,"하락  6,500",282500.0,286000.0,275000.0,240184.0,롯데케미칼,011170
2021-05-18,284500.0,"상승  8,500",276000.0,286500.0,276000.0,179764.0,롯데케미칼,011170
2021-05-20,288000.0,"상승  3,500",283000.0,290500.0,280000.0,183075.0,롯데케미칼,011170
2021-05-21,284000.0,"하락  4,000",290500.0,291500.0,284000.0,121686.0,롯데케미칼,011170
2021-05-24,280000.0,"하락  4,000",284000.0,285500.0,280000.0,101188.0,롯데케미칼,011170
2021-05-25,283500.0,"상승  3,500",281000.0,284500.0,281000.0,91787.0,롯데케미칼,011170
2021-05-26,281000.0,"하락  2,500",285000.0,287500.0,280500.0,152494.0,롯데케미칼,011170
2021-05-27,277500.0,"하락  3,500",281500.0,282000.0,276000.0,271086.0,롯데케미칼,011170
2021-05-28,281000.0,"상승  3,500",278000.0,283500.0,278000.0,128167.0,롯데케미칼,011170
2021-05-31,279000.0,"하락  2,000",281500.0,283000.0,277500.0,135362.0,롯데케미칼,011170
2021-06-01,279500.0,상승  500,281000.0,284000.0,278000.0,153222.0,롯데케미칼,011170
2021-06-02,279000.0,하락  500,281000.0,282000.0,278500.0,166369.0,롯데케미칼,011170
2021-06-03,282000.0,"상승  3,000",280500.0,283000.0,280000.0,183053.0,롯데케미칼,011170
2021-06-04,280500.0,"하락  1,500",282000.0,282500.0,278500.0,160301.0,롯데케미칼,011170
2021-06-07,281500.0,"상승  1,000",282000.0,284000.0,280500.0,130420.0,롯데케미칼,011170
2021-06-08,275000.0,"하락  6,500",281500.0,282000.0,274500.0,350062.0,롯데케미칼,011170
2021-06-09,273000.0,"하락  2,000",275500.0,276500.0,272500.0,198595.0,롯데케미칼,011170
2021-06-10,267000.0,"하락  6,000",272500.0,272500.0,265000.0,428728.0,롯데케미칼,011170
2021-06-11,265500.0,"하락  1,500",267000.0,269000.0,265500.0,289329.0,롯데케미칼,011170
2021-06-14,268500.0,"상승  3,000",266000.0,269000.0,266000.0,145822.0,롯데케미칼,011170
2021-06-15,275000.0,"상승  6,500",269000.0,275500.0,268500.0,264337.0,롯데케미칼,011170
2021-06-16,274000.0,"하락  1,000",275500.0,275500.0,272000.0,126805.0,롯데케미칼,011170
2021-06-17,277000.0,"상승  3,000",274000.0,278500.0,270500.0,199110.0,롯데케미칼,011170
2021-06-18,272500.0,"하락  4,500",275000.0,276500.0,271500.0,185925.0,롯데케미칼,011170
2021-06-21,269000.0,"하락  3,500",271500.0,272000.0,267500.0,138614.0,롯데케미칼,011170
2021-06-22,270500.0,"상승  1,500",270000.0,271500.0,269500.0,105486.0,롯데케미칼,011170
2021-06-23,261000.0,"하락  9,500",268500.0,269000.0,259500.0,518955.0,롯데케미칼,011170
2021-06-24,263000.0,"상승  2,000",260500.0,263500.0,259000.0,224098.0,롯데케미칼,011170
2021-06-25,265000.0,"상승  2,000",264000.0,265500.0,262000.0,135145.0,롯데케미칼,011170
2021-06-28,270000.0,"상승  5,000",265000.0,271500.0,263500.0,207349.0,롯데케미칼,011170
2021-06-29,269500.0,하락  500,271000.0,271500.0,266500.0,91980.0,롯데케미칼,011170
2021-06-30,262500.0,"하락  7,000",268000.0,268500.0,262000.0,260784.0,롯데케미칼,011170
2021-07-01,262000.0,하락  500,261500.0,263500.0,261000.0,96421.0,롯데케미칼,011170
2021-07-02,263000.0,"상승  1,000",261000.0,266000.0,261000.0,107861.0,롯데케미칼,011170
2021-07-05,263000.0,보합0,263500.0,264000.0,262000.0,93765.0,롯데케미칼,011170
2021-07-06,264000.0,"상승  1,000",263000.0,265000.0,262000.0,106456.0,롯데케미칼,011170
2021-07-07,261000.0,"하락  3,000",263000.0,263000.0,260500.0,108977.0,롯데케미칼,011170
2021-07-08,259000.0,"하락  2,000",261000.0,261500.0,255000.0,248439.0,롯데케미칼,011170
2021-07-09,253000.0,"하락  6,000",256500.0,256500.0,250000.0,200886.0,롯데케미칼,011170
2021-07-12,255000.0,"상승  2,000",254000.0,257000.0,253000.0,89984.0,롯데케미칼,011170
2021-07-13,269000.0,"상승  14,000",256000.0,269000.0,255000.0,445638.0,롯데케미칼,011170
2021-07-14,269000.0,보합0,269500.0,274000.0,266000.0,268783.0,롯데케미칼,011170
2021-07-15,268500.0,하락  500,271000.0,273000.0,268000.0,156475.0,롯데케미칼,011170
2021-07-16,270000.0,"상승  1,500",267500.0,271000.0,265500.0,115846.0,롯데케미칼,011170
2021-07-19,273500.0,"상승  3,500",268000.0,275000.0,268000.0,266843.0,롯데케미칼,011170
2021-07-20,269500.0,"하락  4,000",272000.0,273500.0,266500.0,224434.0,롯데케미칼,011170
2021-07-21,274000.0,"상승  4,500",272000.0,277000.0,270000.0,251469.0,롯데케미칼,011170
2021-07-22,270500.0,"하락  3,500",277000.0,277000.0,270000.0,152380.0,롯데케미칼,011170
2021-07-23,269500.0,"하락  1,000",271500.0,272000.0,268000.0,103159.0,롯데케미칼,011170
2021-07-26,271000.0,"상승  1,500",269000.0,273000.0,265000.0,149283.0,롯데케미칼,011170
2021-07-27,268500.0,"하락  2,500",272000.0,272500.0,267500.0,75654.0,롯데케미칼,011170
2021-07-28,270000.0,"상승  1,500",270500.0,275000.0,268000.0,141728.0,롯데케미칼,011170
2021-07-29,265500.0,"하락  4,500",270500.0,271500.0,264000.0,149795.0,롯데케미칼,011170
2021-07-30,259500.0,"하락  6,000",264000.0,265000.0,257000.0,206862.0,롯데케미칼,011170
2021-08-02,266500.0,"상승  7,000",260500.0,268000.0,259500.0,121721.0,롯데케미칼,011170
2021-08-03,270000.0,"상승  3,500",267500.0,270500.0,264000.0,163943.0,롯데케미칼,011170
2021-08-04,269500.0,하락  500,270000.0,270500.0,266500.0,90084.0,롯데케미칼,011170
2021-08-05,268000.0,"하락  1,500",269500.0,273000.0,267000.0,100623.0,롯데케미칼,011170
2021-08-06,265000.0,"하락  3,000",268500.0,268500.0,262500.0,149538.0,롯데케미칼,011170
2021-08-09,263500.0,"하락  1,500",265500.0,267000.0,262000.0,134726.0,롯데케미칼,011170
2021-08-10,259500.0,"하락  4,000",263500.0,264500.0,259000.0,103552.0,롯데케미칼,011170
2021-08-11,257500.0,"하락  2,000",260000.0,261500.0,257000.0,108378.0,롯데케미칼,011170
2021-08-12,257000.0,하락  500,258500.0,260500.0,255000.0,124171.0,롯데케미칼,011170
2021-08-13,248000.0,"하락  9,000",257000.0,257000.0,247500.0,220532.0,롯데케미칼,011170
2021-08-17,240500.0,"하락  7,500",246500.0,247000.0,238000.0,242313.0,롯데케미칼,011170
2021-08-18,245000.0,"상승  4,500",240500.0,245500.0,239500.0,127158.0,롯데케미칼,011170
2021-08-19,236000.0,"하락  9,000",242000.0,244500.0,236000.0,145133.0,롯데케미칼,011170
2021-08-20,234500.0,"하락  1,500",236000.0,238500.0,233000.0,177178.0,롯데케미칼,011170
2021-08-23,236000.0,"상승  1,500",235000.0,241500.0,235000.0,169792.0,롯데케미칼,011170
2021-08-24,242500.0,"상승  6,500",239500.0,242500.0,237500.0,140569.0,롯데케미칼,011170
2021-08-25,242500.0,보합0,242000.0,245500.0,239500.0,99634.0,롯데케미칼,011170
2021-08-26,240000.0,"하락  2,500",240500.0,244500.0,239500.0,92565.0,롯데케미칼,011170
2021-08-27,242000.0,"상승  2,000",238000.0,242500.0,236000.0,120494.0,롯데케미칼,011170
2021-08-30,246000.0,"상승  4,000",246000.0,252000.0,244500.0,169270.0,롯데케미칼,011170
2021-08-31,250000.0,"상승  4,000",247000.0,250000.0,242500.0,136925.0,롯데케미칼,011170
2021-09-01,246500.0,"하락  3,500",250000.0,250000.0,245500.0,72059.0,롯데케미칼,011170
2021-09-02,246000.0,하락  500,246000.0,248500.0,244000.0,86764.0,롯데케미칼,011170
2021-09-03,249000.0,"상승  3,000",246500.0,250500.0,246000.0,70001.0,롯데케미칼,011170
2021-09-06,248500.0,하락  500,250500.0,250500.0,247500.0,65481.0,롯데케미칼,011170
2021-09-07,249000.0,상승  500,250500.0,251000.0,247500.0,62098.0,롯데케미칼,011170
2021-09-08,252500.0,"상승  3,500",249000.0,256000.0,248000.0,164813.0,롯데케미칼,011170
2021-09-09,248500.0,"하락  4,000",254000.0,256000.0,246500.0,165928.0,롯데케미칼,011170
2021-09-10,248500.0,보합0,247500.0,249500.0,243000.0,96030.0,롯데케미칼,011170
2021-09-13,258000.0,"상승  9,500",247500.0,259500.0,246500.0,246678.0,롯데케미칼,011170
2021-09-14,256000.0,"하락  2,000",261500.0,264000.0,255500.0,164989.0,롯데케미칼,011170
2021-09-15,254000.0,"하락  2,000",255500.0,258000.0,253000.0,98213.0,롯데케미칼,011170
2021-09-16,265500.0,"상승  11,500",256500.0,267500.0,255000.0,377823.0,롯데케미칼,011170
2021-09-17,263000.0,"하락  2,500",267500.0,268500.0,261500.0,188786.0,롯데케미칼,011170
2021-09-23,258500.0,"하락  4,500",258500.0,265500.0,256000.0,158756.0,롯데케미칼,011170
2021-09-24,256000.0,"하락  2,500",261500.0,264500.0,255000.0,139775.0,롯데케미칼,011170
2021-09-27,257500.0,"상승  1,500",253500.0,259500.0,252500.0,94744.0,롯데케미칼,011170
2021-09-28,263500.0,"상승  6,000",257500.0,266500.0,255500.0,265820.0,롯데케미칼,011170
2021-09-29,256500.0,"하락  7,000",259000.0,262500.0,255000.0,201326.0,롯데케미칼,011170
2021-09-30,241500.0,"하락  15,000",255500.0,255500.0,241000.0,377234.0,롯데케미칼,011170
2021-10-01,242000.0,상승  500,240000.0,244000.0,235000.0,159203.0,롯데케미칼,011170
2021-10-05,235500.0,"하락  6,500",238000.0,241500.0,235000.0,161458.0,롯데케미칼,011170
2021-10-06,237000.0,"상승  1,500",237500.0,246000.0,237000.0,211820.0,롯데케미칼,011170
2021-10-07,238000.0,"상승  1,000",240500.0,243000.0,235500.0,106331.0,롯데케미칼,011170
2021-10-08,238500.0,상승  500,239000.0,242000.0,238000.0,95631.0,롯데케미칼,011170
2021-10-12,240000.0,"상승  1,500",239000.0,243000.0,236500.0,134566.0,롯데케미칼,011170
2021-10-13,241500.0,"상승  1,500",242000.0,245000.0,239500.0,106328.0,롯데케미칼,011170
2021-10-14,241500.0,보합0,244000.0,244000.0,238500.0,116286.0,롯데케미칼,011170
2021-10-15,244000.0,"상승  2,500",243000.0,247000.0,242500.0,86635.0,롯데케미칼,011170
2021-10-18,243000.0,"하락  1,000",245000.0,245500.0,240500.0,76811.0,롯데케미칼,011170
2021-10-19,244500.0,"상승  1,500",245500.0,246500.0,243000.0,58515.0,롯데케미칼,011170
2021-10-20,237500.0,"하락  7,000",244000.0,244500.0,236500.0,204488.0,롯데케미칼,011170
2021-10-21,242000.0,"상승  4,500",239500.0,243000.0,238000.0,129698.0,롯데케미칼,011170
2021-10-22,237500.0,"하락  4,500",242500.0,244500.0,237000.0,74325.0,롯데케미칼,011170
2021-10-25,240000.0,"상승  2,500",237500.0,240000.0,235000.0,51885.0,롯데케미칼,011170
2021-10-26,242500.0,"상승  2,500",241500.0,242500.0,239500.0,83687.0,롯데케미칼,011170
2021-10-27,232000.0,"하락  10,500",241000.0,241000.0,232000.0,282334.0,롯데케미칼,011170
2021-10-28,229000.0,"하락  3,000",232000.0,232500.0,229000.0,156204.0,롯데케미칼,011170
2021-10-29,224500.0,"하락  4,500",230500.0,230500.0,224000.0,161435.0,롯데케미칼,011170
2021-11-01,228000.0,"상승  3,500",224000.0,228500.0,224000.0,92321.0,롯데케미칼,011170
2021-11-02,229000.0,"상승  1,000",228500.0,232000.0,227500.0,95291.0,롯데케미칼,011170
2021-11-03,227000.0,"하락  2,000",229500.0,230500.0,225000.0,67269.0,롯데케미칼,011170
2021-11-04,228500.0,"상승  1,500",229500.0,233000.0,228000.0,82669.0,롯데케미칼,011170
2021-11-05,219500.0,"하락  9,000",229000.0,229500.0,218000.0,206116.0,롯데케미칼,011170
2021-11-08,216500.0,"하락  3,000",218000.0,218500.0,210500.0,175678.0,롯데케미칼,011170
2021-11-09,217000.0,상승  500,217000.0,219000.0,213500.0,100205.0,롯데케미칼,011170
2021-11-10,210000.0,"하락  7,000",215500.0,215500.0,210000.0,133858.0,롯데케미칼,011170
2021-11-11,212000.0,"상승  2,000",208000.0,212000.0,207000.0,133985.0,롯데케미칼,011170
2021-11-12,216000.0,"상승  4,000",214000.0,220500.0,212000.0,126487.0,롯데케미칼,011170
2021-11-15,218500.0,"상승  2,500",217000.0,218500.0,216000.0,76196.0,롯데케미칼,011170
2021-11-16,216000.0,"하락  2,500",218500.0,221000.0,214000.0,105273.0,롯데케미칼,011170
2021-11-17,211500.0,"하락  4,500",216500.0,217500.0,209000.0,138323.0,롯데케미칼,011170
2021-11-18,209500.0,"하락  2,000",211000.0,213500.0,209000.0,91525.0,롯데케미칼,011170
2021-11-19,209500.0,보합0,209000.0,212500.0,209000.0,101712.0,롯데케미칼,011170
2021-11-22,212500.0,"상승  3,000",209500.0,214000.0,206500.0,106524.0,롯데케미칼,011170
2021-11-23,213000.0,상승  500,211500.0,216000.0,210500.0,82379.0,롯데케미칼,011170
2021-11-24,210500.0,"하락  2,500",211500.0,213000.0,210000.0,62057.0,롯데케미칼,011170
2021-11-25,207000.0,"하락  3,500",210000.0,211500.0,207000.0,65737.0,롯데케미칼,011170
2021-11-26,201000.0,"하락  6,000",206500.0,207500.0,200000.0,162681.0,롯데케미칼,011170
2021-11-29,200500.0,하락  500,196500.0,206500.0,196000.0,135426.0,롯데케미칼,011170
2021-11-30,201500.0,"상승  1,000",202500.0,211500.0,201000.0,251544.0,롯데케미칼,011170
2021-12-01,222000.0,"상승  20,500",206000.0,223000.0,205500.0,432029.0,롯데케미칼,011170
2021-12-02,223000.0,"상승  1,000",219000.0,225500.0,217000.0,198015.0,롯데케미칼,011170
2021-12-03,224000.0,"상승  1,000",221500.0,228000.0,219000.0,156006.0,롯데케미칼,011170
2021-12-06,231500.0,"상승  7,500",227500.0,235500.0,224000.0,332407.0,롯데케미칼,011170
2021-12-07,231000.0,하락  500,233500.0,234500.0,228000.0,147647.0,롯데케미칼,011170
2021-12-08,225000.0,"하락  6,000",232000.0,233000.0,223000.0,277684.0,롯데케미칼,011170
2021-12-09,227000.0,"상승  2,000",225000.0,227500.0,223000.0,153460.0,롯데케미칼,011170
2021-12-10,231500.0,"상승  4,500",225000.0,232000.0,223500.0,130678.0,롯데케미칼,011170
2021-12-13,228500.0,"하락  3,000",232000.0,233500.0,228500.0,86464.0,롯데케미칼,011170
2021-12-14,233500.0,"상승  5,000",228500.0,235500.0,228000.0,184458.0,롯데케미칼,011170
2021-12-15,231000.0,"하락  2,500",233500.0,239500.0,231000.0,138968.0,롯데케미칼,011170
2021-12-16,228000.0,"하락  3,000",233000.0,234000.0,224500.0,144647.0,롯데케미칼,011170
2021-12-17,234500.0,"상승  6,500",227000.0,235000.0,226500.0,138945.0,롯데케미칼,011170
2021-12-20,229500.0,"하락  5,000",232000.0,233500.0,228000.0,90630.0,롯데케미칼,011170
2021-12-21,229500.0,보합0,232000.0,232500.0,227000.0,98669.0,롯데케미칼,011170
2021-12-22,225000.0,"하락  4,500",229000.0,230000.0,225000.0,99804.0,롯데케미칼,011170
2021-12-23,225000.0,보합0,227500.0,227500.0,223000.0,83036.0,롯데케미칼,011170
2021-12-24,228500.0,"상승  3,500",225500.0,230000.0,225500.0,74338.0,롯데케미칼,011170
2021-12-27,229500.0,"상승  1,000",229500.0,230500.0,228500.0,59765.0,롯데케미칼,011170
2021-12-28,229000.0,하락  500,230000.0,230000.0,225500.0,129341.0,롯데케미칼,011170
2021-12-29,222500.0,"하락  6,500",225000.0,225500.0,222000.0,123580.0,롯데케미칼,011170
2021-12-30,217000.0,"하락  5,500",222500.0,222500.0,216500.0,125926.0,롯데케미칼,011170
2022-01-03,217000.0,보합0,217000.0,218500.0,212000.0,96755.0,롯데케미칼,011170
2022-01-04,220000.0,"상승  3,000",215000.0,221000.0,214500.0,98345.0,롯데케미칼,011170
2022-01-05,219500.0,하락  500,219000.0,224500.0,218000.0,143375.0,롯데케미칼,011170
2022-01-06,217000.0,"하락  2,500",216000.0,220000.0,215000.0,97127.0,롯데케미칼,011170
2022-01-07,232000.0,"상승  15,000",217000.0,233000.0,216000.0,281598.0,롯데케미칼,011170
2022-01-10,230000.0,"하락  2,000",230000.0,234500.0,228000.0,165429.0,롯데케미칼,011170
2022-01-11,220000.0,"하락  10,000",228500.0,232500.0,218500.0,165834.0,롯데케미칼,011170
2022-01-12,222500.0,"상승  2,500",222500.0,227000.0,220500.0,126853.0,롯데케미칼,011170
2022-01-13,222000.0,하락  500,223500.0,224000.0,219000.0,140070.0,롯데케미칼,011170
2022-01-14,216500.0,"하락  5,500",223000.0,223000.0,216000.0,97063.0,롯데케미칼,011170
2022-01-17,213000.0,"하락  3,500",214500.0,217000.0,211000.0,90499.0,롯데케미칼,011170
2022-01-18,208000.0,"하락  5,000",213000.0,214500.0,206500.0,88480.0,롯데케미칼,011170
2022-01-19,213000.0,"상승  5,000",203500.0,216500.0,203000.0,117008.0,롯데케미칼,011170
2022-01-20,215500.0,"상승  2,500",214500.0,220000.0,212000.0,120886.0,롯데케미칼,011170
2022-01-21,211500.0,"하락  4,000",212000.0,213500.0,208500.0,71774.0,롯데케미칼,011170
2022-01-24,207000.0,"하락  4,500",213000.0,215000.0,204000.0,78141.0,롯데케미칼,011170
2022-01-25,200000.0,"하락  7,000",206500.0,207500.0,198000.0,160277.0,롯데케미칼,011170
2022-01-26,200500.0,상승  500,200000.0,202500.0,196500.0,114382.0,롯데케미칼,011170
2022-01-27,191500.0,"하락  9,000",199000.0,201000.0,190000.0,176243.0,롯데케미칼,011170
2022-01-28,195000.0,"상승  3,500",191500.0,196500.0,189000.0,120116.0,롯데케미칼,011170
2022-02-03,198000.0,"상승  3,000",198000.0,203000.0,196500.0,100365.0,롯데케미칼,011170
2022-02-04,200000.0,"상승  2,000",198000.0,200500.0,195500.0,81802.0,롯데케미칼,011170
2022-02-07,203500.0,"상승  3,500",203000.0,206500.0,198500.0,110474.0,롯데케미칼,011170
2022-02-08,210000.0,"상승  6,500",208500.0,216500.0,207000.0,243369.0,롯데케미칼,011170
2022-02-09,218500.0,"상승  8,500",210500.0,220500.0,207000.0,279667.0,롯데케미칼,011170
2022-02-10,218500.0,보합0,218500.0,219500.0,216000.0,126247.0,롯데케미칼,011170
2022-02-11,224500.0,"상승  6,000",217000.0,229000.0,214500.0,308687.0,롯데케미칼,011170
2022-02-14,218500.0,"하락  6,000",221000.0,221000.0,211500.0,196524.0,롯데케미칼,011170
2022-02-15,211000.0,"하락  7,500",218000.0,219000.0,209000.0,116522.0,롯데케미칼,011170
2022-02-16,216500.0,"상승  5,500",215500.0,217500.0,211000.0,86221.0,롯데케미칼,011170
2022-02-17,218000.0,"상승  1,500",217000.0,224000.0,214000.0,162064.0,롯데케미칼,011170
2022-02-18,227500.0,"상승  9,500",214000.0,229500.0,214000.0,224078.0,롯데케미칼,011170
2022-02-21,229000.0,"상승  1,500",224000.0,230500.0,223000.0,130849.0,롯데케미칼,011170
2022-02-22,226500.0,"하락  2,500",225500.0,228000.0,223000.0,97758.0,롯데케미칼,011170
2022-02-23,228000.0,"상승  1,500",226500.0,231000.0,225000.0,109391.0,롯데케미칼,011170
2022-02-24,222500.0,"하락  5,500",225500.0,230000.0,222000.0,180581.0,롯데케미칼,011170
2022-02-25,218500.0,"하락  4,000",223500.0,225500.0,216500.0,136951.0,롯데케미칼,011170
2022-02-28,220000.0,"상승  1,500",217000.0,222500.0,211500.0,104299.0,롯데케미칼,011170
2022-03-02,206500.0,"하락  13,500",217500.0,217500.0,205500.0,329694.0,롯데케미칼,011170
2022-03-03,207000.0,상승  500,208500.0,209000.0,206000.0,190787.0,롯데케미칼,011170
2022-03-04,202000.0,"하락  5,000",207000.0,208000.0,200500.0,193685.0,롯데케미칼,011170
2022-03-07,192500.0,"하락  9,500",197500.0,198000.0,191000.0,316196.0,롯데케미칼,011170
2022-03-08,192000.0,하락  500,189000.0,194500.0,189000.0,138963.0,롯데케미칼,011170
2022-03-10,196500.0,"상승  4,500",198500.0,201000.0,194500.0,188664.0,롯데케미칼,011170
2022-03-11,200000.0,"상승  3,500",196500.0,201000.0,195000.0,136129.0,롯데케미칼,011170
2022-03-14,201000.0,"상승  1,000",201000.0,207000.0,199000.0,187241.0,롯데케미칼,011170
2022-03-15,200500.0,하락  500,200000.0,202500.0,198000.0,86607.0,롯데케미칼,011170
2022-03-16,205500.0,"상승  5,000",204000.0,208500.0,202500.0,141268.0,롯데케미칼,011170
2022-03-17,205000.0,하락  500,208500.0,210500.0,203000.0,171954.0,롯데케미칼,011170
2022-03-18,203000.0,"하락  2,000",205500.0,205500.0,201500.0,130182.0,롯데케미칼,011170
2022-03-21,205500.0,"상승  2,500",203500.0,207500.0,203500.0,74318.0,롯데케미칼,011170
2022-03-22,204500.0,"하락  1,000",204500.0,207000.0,204000.0,56428.0,롯데케미칼,011170
2022-03-23,207000.0,"상승  2,500",205500.0,208000.0,204500.0,76588.0,롯데케미칼,011170
2022-03-24,203500.0,"하락  3,500",205000.0,206500.0,202500.0,71473.0,롯데케미칼,011170
2022-03-25,199500.0,"하락  4,000",204500.0,204500.0,198500.0,175934.0,롯데케미칼,011170
2022-03-28,200500.0,"상승  1,000",199000.0,201000.0,196500.0,84109.0,롯데케미칼,011170
2022-03-29,201000.0,상승  500,202500.0,203000.0,200000.0,79870.0,롯데케미칼,011170
2022-03-30,200000.0,"하락  1,000",202500.0,203000.0,199500.0,97243.0,롯데케미칼,011170
2022-03-31,209500.0,"상승  9,500",201500.0,209500.0,201000.0,257791.0,롯데케미칼,011170
2022-04-01,206000.0,"하락  3,500",207500.0,209500.0,205000.0,112350.0,롯데케미칼,011170
2022-04-04,205500.0,하락  500,205500.0,206500.0,202500.0,55444.0,롯데케미칼,011170
2022-04-05,199500.0,"하락  6,000",205500.0,206000.0,199500.0,203197.0,롯데케미칼,011170
2022-04-06,197000.0,"하락  2,500",198500.0,199500.0,196000.0,121119.0,롯데케미칼,011170
2022-04-07,197500.0,상승  500,195500.0,200000.0,195000.0,113397.0,롯데케미칼,011170
2022-04-08,196500.0,"하락  1,000",198500.0,198500.0,195500.0,79523.0,롯데케미칼,011170
2022-04-11,196500.0,보합0,196000.0,197500.0,194500.0,44419.0,롯데케미칼,011170
2022-04-12,196000.0,하락  500,196000.0,197500.0,194500.0,86276.0,롯데케미칼,011170
2022-04-13,196500.0,상승  500,196500.0,197000.0,195000.0,56919.0,롯데케미칼,011170
2022-04-14,197000.0,상승  500,196500.0,197500.0,195500.0,81011.0,롯데케미칼,011170
2022-04-15,192000.0,"하락  5,000",195500.0,195500.0,191000.0,129370.0,롯데케미칼,011170
2022-04-18,192500.0,상승  500,191500.0,193500.0,190000.0,39274.0,롯데케미칼,011170
2022-04-19,195000.0,"상승  2,500",192500.0,195500.0,192000.0,53956.0,롯데케미칼,011170
2022-04-20,194000.0,"하락  1,000",195000.0,196000.0,193500.0,71711.0,롯데케미칼,011170
2022-04-21,196500.0,"상승  2,500",194000.0,197500.0,194000.0,68925.0,롯데케미칼,011170
2022-04-22,195500.0,"하락  1,000",195000.0,198000.0,194000.0,93945.0,롯데케미칼,011170
2022-04-25,192000.0,"하락  3,500",194000.0,194000.0,191500.0,46714.0,롯데케미칼,011170
2022-04-26,192500.0,상승  500,195500.0,196500.0,192500.0,64811.0,롯데케미칼,011170
2022-04-27,188500.0,"하락  4,000",190000.0,191000.0,187500.0,99415.0,롯데케미칼,011170
2022-04-28,194500.0,"상승  6,000",190500.0,195500.0,188500.0,94721.0,롯데케미칼,011170
2022-04-29,196500.0,"상승  2,000",193500.0,197500.0,192500.0,80714.0,롯데케미칼,011170
2022-05-02,198000.0,"상승  1,500",195000.0,201000.0,194500.0,117472.0,롯데케미칼,011170
2022-05-03,197000.0,"하락  1,000",198000.0,200000.0,196500.0,55964.0,롯데케미칼,011170
2022-05-04,198500.0,"상승  1,500",197000.0,202000.0,197000.0,79298.0,롯데케미칼,011170
2022-05-06,197000.0,"하락  1,500",196500.0,198000.0,195500.0,50794.0,롯데케미칼,011170
2022-05-09,192000.0,"하락  5,000",196000.0,196500.0,191000.0,70139.0,롯데케미칼,011170
2022-05-10,189500.0,"하락  2,500",191000.0,191500.0,186000.0,107593.0,롯데케미칼,011170
2022-05-11,191500.0,"상승  2,000",187000.0,192500.0,187000.0,92096.0,롯데케미칼,011170
2022-05-12,188000.0,"하락  3,500",189500.0,192000.0,187000.0,103716.0,롯데케미칼,011170
2022-05-13,192500.0,"상승  4,500",186500.0,192500.0,186500.0,58307.0,롯데케미칼,011170
2022-05-16,192500.0,보합0,193000.0,194000.0,190000.0,54750.0,롯데케미칼,011170
2022-05-17,196500.0,"상승  4,000",193000.0,198000.0,193000.0,108018.0,롯데케미칼,011170
2022-05-18,195000.0,"하락  1,500",198000.0,200000.0,195000.0,111817.0,롯데케미칼,011170
2022-05-19,196500.0,"상승  1,500",191500.0,197500.0,190500.0,98983.0,롯데케미칼,011170
2022-05-20,200000.0,"상승  3,500",198500.0,200000.0,196000.0,84595.0,롯데케미칼,011170
2022-05-23,200000.0,보합0,199500.0,201000.0,198500.0,57171.0,롯데케미칼,011170
2022-05-24,196500.0,"하락  3,500",199000.0,200000.0,196000.0,55179.0,롯데케미칼,011170
2022-05-25,195000.0,"하락  1,500",198500.0,199000.0,194500.0,68626.0,롯데케미칼,011170
2022-05-26,196500.0,"상승  1,500",194500.0,196500.0,194000.0,77759.0,롯데케미칼,011170
2022-05-27,199500.0,"상승  3,000",198000.0,200500.0,196500.0,95854.0,롯데케미칼,011170
2022-05-30,207000.0,"상승  7,500",201000.0,208500.0,200500.0,190303.0,롯데케미칼,011170
2022-05-31,204500.0,"하락  2,500",207000.0,207000.0,203500.0,139567.0,롯데케미칼,011170
2022-06-02,204500.0,보합0,203500.0,209000.0,203500.0,129210.0,롯데케미칼,011170
2022-06-03,207500.0,"상승  3,000",207000.0,210500.0,205500.0,111018.0,롯데케미칼,011170
2022-06-07,203500.0,"하락  4,000",208000.0,208000.0,202500.0,70860.0,롯데케미칼,011170
2022-06-08,200500.0,"하락  3,000",203500.0,207000.0,200000.0,75353.0,롯데케미칼,011170
2022-06-09,204000.0,"상승  3,500",201500.0,207000.0,200500.0,118646.0,롯데케미칼,011170
2022-06-10,207000.0,"상승  3,000",203000.0,207500.0,202000.0,87822.0,롯데케미칼,011170
2022-06-13,200000.0,"하락  7,000",203000.0,205000.0,199000.0,86964.0,롯데케미칼,011170
2022-06-14,200000.0,보합0,198000.0,202000.0,194000.0,129619.0,롯데케미칼,011170
2022-06-15,194000.0,"하락  6,000",199500.0,201500.0,192000.0,100675.0,롯데케미칼,011170
2022-06-16,196500.0,"상승  2,500",195500.0,202000.0,195500.0,85052.0,롯데케미칼,011170
2022-06-17,192000.0,"하락  4,500",192500.0,195000.0,189500.0,122964.0,롯데케미칼,011170
2022-06-20,196500.0,"상승  4,500",193000.0,203500.0,193000.0,191097.0,롯데케미칼,011170
2022-06-21,194000.0,"하락  2,500",198500.0,199500.0,190500.0,85098.0,롯데케미칼,011170
2022-06-22,190000.0,"하락  4,000",196500.0,198000.0,190000.0,116339.0,롯데케미칼,011170
2022-06-23,183500.0,"하락  6,500",191000.0,192000.0,182000.0,143871.0,롯데케미칼,011170
2022-06-24,187000.0,"상승  3,500",183500.0,190000.0,183000.0,103524.0,롯데케미칼,011170
2022-06-27,190500.0,"상승  3,500",189000.0,191500.0,186000.0,60417.0,롯데케미칼,011170
2022-06-28,191500.0,"상승  1,000",190500.0,192500.0,189000.0,58903.0,롯데케미칼,011170
2022-06-29,185500.0,"하락  6,000",188000.0,190000.0,185500.0,80448.0,롯데케미칼,011170
2022-06-30,180000.0,"하락  5,500",186000.0,186500.0,180000.0,129541.0,롯데케미칼,011170
2022-07-01,184500.0,"상승  4,500",182500.0,189000.0,181000.0,117401.0,롯데케미칼,011170
2022-07-04,181500.0,"하락  3,000",184500.0,186000.0,179500.0,54257.0,롯데케미칼,011170
2022-07-05,184000.0,"상승  2,500",183500.0,185500.0,181500.0,54578.0,롯데케미칼,011170
2022-07-06,179500.0,"하락  4,500",187500.0,193000.0,179500.0,201675.0,롯데케미칼,011170
2022-07-07,181000.0,"상승  1,500",183000.0,184000.0,179500.0,82330.0,롯데케미칼,011170
2022-07-08,180000.0,"하락  1,000",182500.0,182500.0,179500.0,115230.0,롯데케미칼,011170
2022-07-11,173000.0,"하락  7,000",180000.0,181000.0,172000.0,184136.0,롯데케미칼,011170
2022-07-12,168000.0,"하락  5,000",173500.0,173500.0,167000.0,131272.0,롯데케미칼,011170
2022-07-13,169000.0,"상승  1,000",170000.0,172000.0,168000.0,99388.0,롯데케미칼,011170
2022-07-14,169500.0,상승  500,168000.0,170000.0,165500.0,134541.0,롯데케미칼,011170
2022-07-15,166000.0,"하락  3,500",170000.0,170500.0,164500.0,117375.0,롯데케미칼,011170
2022-07-18,169500.0,"상승  3,500",168500.0,170500.0,165500.0,117779.0,롯데케미칼,011170
2022-07-19,168000.0,"하락  1,500",168500.0,171500.0,167500.0,75426.0,롯데케미칼,011170
2022-07-20,170000.0,"상승  2,000",170500.0,173000.0,168500.0,116700.0,롯데케미칼,011170
2022-07-21,170000.0,보합0,170000.0,170500.0,168000.0,69702.0,롯데케미칼,011170
2022-07-22,168500.0,"하락  1,500",170500.0,171000.0,168500.0,59881.0,롯데케미칼,011170
2022-07-25,170500.0,"상승  2,000",168500.0,171000.0,168000.0,72462.0,롯데케미칼,011170
2022-07-26,170500.0,보합0,170000.0,171500.0,169500.0,48451.0,롯데케미칼,011170
2022-07-27,172500.0,"상승  2,000",170500.0,173000.0,169500.0,58889.0,롯데케미칼,011170
2022-07-28,177000.0,"상승  4,500",175000.0,177000.0,173000.0,132905.0,롯데케미칼,011170
2022-07-29,176500.0,하락  500,177500.0,179000.0,175000.0,99817.0,롯데케미칼,011170
2022-08-01,178500.0,"상승  2,000",176500.0,182000.0,175500.0,109530.0,롯데케미칼,011170
2022-08-02,177000.0,"하락  1,500",179000.0,180000.0,176000.0,53308.0,롯데케미칼,011170
2022-08-03,178000.0,"상승  1,000",177000.0,178000.0,175500.0,56924.0,롯데케미칼,011170
2022-08-04,177000.0,"하락  1,000",181000.0,181000.0,176500.0,69769.0,롯데케미칼,011170
2022-08-05,182000.0,"상승  5,000",178500.0,185000.0,178000.0,144858.0,롯데케미칼,011170
2022-08-08,175500.0,"하락  6,500",178500.0,178500.0,174500.0,138959.0,롯데케미칼,011170
2022-08-09,178500.0,"상승  3,000",176500.0,181000.0,175500.0,125216.0,롯데케미칼,011170
2022-08-10,179500.0,"상승  1,000",179000.0,180500.0,177500.0,129466.0,롯데케미칼,011170
2022-08-11,186500.0,"상승  7,000",181500.0,187000.0,181000.0,155994.0,롯데케미칼,011170
2022-08-12,187500.0,"상승  1,000",187000.0,188500.0,185000.0,96911.0,롯데케미칼,011170
2022-08-16,186500.0,"하락  1,000",188000.0,190000.0,185000.0,82324.0,롯데케미칼,011170
2022-08-17,184000.0,"하락  2,500",188000.0,188500.0,183000.0,70128.0,롯데케미칼,011170
2022-08-18,182000.0,"하락  2,000",183500.0,184000.0,181000.0,48412.0,롯데케미칼,011170
2022-08-19,183000.0,"상승  1,000",182000.0,184000.0,180500.0,59639.0,롯데케미칼,011170
2022-08-22,179000.0,"하락  4,000",180500.0,182000.0,178000.0,60943.0,롯데케미칼,011170
2022-08-23,177000.0,"하락  2,000",177000.0,180000.0,176000.0,47267.0,롯데케미칼,011170
2022-08-24,179000.0,"상승  2,000",177000.0,180500.0,176000.0,60646.0,롯데케미칼,011170
2022-08-25,179500.0,상승  500,180000.0,181000.0,178500.0,41120.0,롯데케미칼,011170
2022-08-26,180500.0,"상승  1,000",180500.0,182000.0,179000.0,49352.0,롯데케미칼,011170
2022-08-29,173000.0,"하락  7,500",175500.0,178000.0,172500.0,99424.0,롯데케미칼,011170
2022-08-30,174000.0,"상승  1,000",174000.0,175500.0,172000.0,92294.0,롯데케미칼,011170
2022-08-31,175000.0,"상승  1,000",173000.0,176000.0,171000.0,97825.0,롯데케미칼,011170
2022-09-01,170500.0,"하락  4,500",173000.0,173500.0,170500.0,66123.0,롯데케미칼,011170
2022-09-02,169000.0,"하락  1,500",171500.0,172500.0,168500.0,61934.0,롯데케미칼,011170
2022-09-05,170000.0,"상승  1,000",169000.0,172000.0,168500.0,66230.0,롯데케미칼,011170
2022-09-06,174000.0,"상승  4,000",170500.0,175000.0,169500.0,65493.0,롯데케미칼,011170
2022-09-07,173500.0,하락  500,173000.0,174500.0,171000.0,82069.0,롯데케미칼,011170
2022-09-08,176000.0,"상승  2,500",176000.0,178500.0,173500.0,119103.0,롯데케미칼,011170
2022-09-13,177500.0,"상승  1,500",179000.0,181000.0,176500.0,123954.0,롯데케미칼,011170
2022-09-14,174500.0,"하락  3,000",173000.0,175500.0,171500.0,89698.0,롯데케미칼,011170
2022-09-15,175000.0,상승  500,175500.0,175500.0,173000.0,56119.0,롯데케미칼,011170
2022-09-16,174000.0,"하락  1,000",174000.0,175500.0,172000.0,117919.0,롯데케미칼,011170
2022-09-19,172000.0,"하락  2,000",173500.0,174000.0,171000.0,62865.0,롯데케미칼,011170
2022-09-20,173500.0,"상승  1,500",173000.0,175500.0,172500.0,85668.0,롯데케미칼,011170
2022-09-21,170500.0,"하락  3,000",172000.0,172500.0,169000.0,105532.0,롯데케미칼,011170
2022-09-22,170000.0,하락  500,169000.0,170500.0,168500.0,51472.0,롯데케미칼,011170
2022-09-23,167000.0,"하락  3,000",170000.0,170000.0,166500.0,77791.0,롯데케미칼,011170
2022-09-26,160500.0,"하락  6,500",163500.0,166500.0,159500.0,108149.0,롯데케미칼,011170
2022-09-27,159000.0,"하락  1,500",158500.0,162000.0,157500.0,78444.0,롯데케미칼,011170
2022-09-28,146500.0,"하락  12,500",155000.0,156500.0,144000.0,577288.0,롯데케미칼,011170
2022-09-29,146000.0,하락  500,149000.0,149500.0,145000.0,130918.0,롯데케미칼,011170
2022-09-30,144000.0,"하락  2,000",144500.0,146500.0,141000.0,156819.0,롯데케미칼,011170
2022-10-04,149500.0,"상승  5,500",145000.0,152000.0,144500.0,98672.0,롯데케미칼,011170
2022-10-05,152000.0,"상승  2,500",153000.0,154000.0,147500.0,116466.0,롯데케미칼,011170
2022-10-06,151500.0,하락  500,151000.0,154000.0,150500.0,64783.0,롯데케미칼,011170
2022-10-07,153500.0,"상승  2,000",150000.0,154000.0,148500.0,74764.0,롯데케미칼,011170
2022-10-11,153000.0,하락  500,150500.0,153500.0,150000.0,75358.0,롯데케미칼,011170
2022-10-12,162500.0,"상승  9,500",156000.0,167000.0,156000.0,419613.0,롯데케미칼,011170
2022-10-13,155500.0,"하락  7,000",162000.0,163500.0,153000.0,217087.0,롯데케미칼,011170
2022-10-14,160500.0,"상승  5,000",159000.0,165500.0,157500.0,130632.0,롯데케미칼,011170
2022-10-17,161500.0,"상승  1,000",159000.0,163500.0,156500.0,59253.0,롯데케미칼,011170
2022-10-18,166000.0,"상승  4,500",163500.0,166500.0,162000.0,80239.0,롯데케미칼,011170
2022-10-19,160000.0,"하락  6,000",166000.0,169000.0,158500.0,163319.0,롯데케미칼,011170
2022-10-20,151500.0,"하락  8,500",158000.0,158000.0,150000.0,241046.0,롯데케미칼,011170
2022-10-21,144000.0,"하락  7,500",150000.0,150000.0,143000.0,372127.0,롯데케미칼,011170
2022-10-24,148500.0,"상승  4,500",146000.0,149500.0,144500.0,208712.0,롯데케미칼,011170
2022-10-25,146500.0,"하락  2,000",149000.0,149000.0,141500.0,125981.0,롯데케미칼,011170
2022-10-26,144000.0,"하락  2,500",147000.0,148500.0,142500.0,146018.0,롯데케미칼,011170
2022-10-27,147500.0,"상승  3,500",145000.0,148000.0,144500.0,138707.0,롯데케미칼,011170
2022-10-28,149500.0,"상승  2,000",146500.0,151000.0,146500.0,90039.0,롯데케미칼,011170
2022-10-31,148000.0,"하락  1,500",151500.0,152000.0,147000.0,94481.0,롯데케미칼,011170
2022-11-01,155000.0,"상승  7,000",149000.0,156000.0,148000.0,144997.0,롯데케미칼,011170
2022-11-02,160000.0,"상승  5,000",154500.0,160500.0,154000.0,141321.0,롯데케미칼,011170
2022-11-03,159000.0,"하락  1,000",155000.0,162000.0,155000.0,128625.0,롯데케미칼,011170
2022-11-04,157500.0,"하락  1,500",158000.0,159000.0,154500.0,135973.0,롯데케미칼,011170
2022-11-07,171500.0,"상승  14,000",158500.0,174000.0,158500.0,283364.0,롯데케미칼,011170
2022-11-08,171500.0,보합0,172500.0,175500.0,169500.0,174373.0,롯데케미칼,011170
2022-11-09,175000.0,"상승  3,500",167500.0,177000.0,163000.0,312410.0,롯데케미칼,011170
2022-11-10,176500.0,"상승  1,500",172500.0,179000.0,172000.0,222621.0,롯데케미칼,011170
2022-11-11,174500.0,"하락  2,000",181000.0,185000.0,172000.0,349982.0,롯데케미칼,011170
2022-11-14,187500.0,"상승  13,000",175500.0,191500.0,172500.0,562132.0,롯데케미칼,011170
2022-11-15,190500.0,"상승  3,000",187500.0,192000.0,184500.0,247693.0,롯데케미칼,011170
2022-11-16,181500.0,"하락  9,000",191000.0,191500.0,179500.0,448502.0,롯데케미칼,011170
2022-11-17,170500.0,"하락  11,000",169000.0,174500.0,168000.0,368847.0,롯데케미칼,011170
2022-11-18,167000.0,"하락  3,500",169000.0,172000.0,165000.0,199129.0,롯데케미칼,011170
2022-11-21,174000.0,"상승  7,000",161500.0,174500.0,160500.0,463303.0,롯데케미칼,011170
2022-11-22,168000.0,"하락  6,000",173000.0,173500.0,167500.0,101341.0,롯데케미칼,011170
2022-11-23,175000.0,"상승  7,000",169500.0,178500.0,168500.0,144494.0,롯데케미칼,011170
2022-11-24,178000.0,"상승  3,000",176000.0,180000.0,175500.0,73683.0,롯데케미칼,011170
2022-11-25,176500.0,"하락  1,500",176500.0,178500.0,174500.0,64961.0,롯데케미칼,011170
2022-11-28,175500.0,"하락  1,000",175000.0,180000.0,173000.0,137642.0,롯데케미칼,011170
2022-11-29,185000.0,"상승  9,500",176500.0,186000.0,175500.0,175051.0,롯데케미칼,011170
2022-11-30,183500.0,"하락  1,500",183500.0,185500.0,182500.0,124727.0,롯데케미칼,011170
2022-12-01,182000.0,"하락  1,500",188000.0,188500.0,180000.0,107564.0,롯데케미칼,011170
2022-12-02,180500.0,"하락  1,500",180500.0,184000.0,180000.0,59265.0,롯데케미칼,011170
2022-12-05,188500.0,"상승  8,000",181500.0,190000.0,179500.0,173607.0,롯데케미칼,011170
2022-12-06,185000.0,"하락  3,500",187500.0,190000.0,184500.0,97163.0,롯데케미칼,011170
2022-12-07,189500.0,"상승  4,500",186500.0,195000.0,186000.0,227777.0,롯데케미칼,011170
2022-12-08,196000.0,"상승  6,500",191500.0,196000.0,184000.0,297948.0,롯데케미칼,011170
2022-12-09,186000.0,"하락  10,000",193500.0,193500.0,185000.0,204571.0,롯데케미칼,011170
2022-12-12,190500.0,"상승  4,500",186500.0,191500.0,186500.0,120705.0,롯데케미칼,011170
2022-12-13,189500.0,"하락  1,000",187500.0,193500.0,186000.0,156091.0,롯데케미칼,011170
2022-12-14,175500.0,"하락  5,000",180500.0,180500.0,172500.0,212783.0,롯데케미칼,011170
2022-12-15,169500.0,"하락  6,000",174500.0,175500.0,168000.0,149131.0,롯데케미칼,011170
2022-12-16,166500.0,"하락  3,000",169500.0,169500.0,165000.0,125266.0,롯데케미칼,011170
2022-12-19,168000.0,"상승  1,500",165500.0,168500.0,163500.0,44139.0,롯데케미칼,011170
2022-12-20,164500.0,"하락  3,500",166000.0,166500.0,162500.0,87197.0,롯데케미칼,011170
2022-12-21,165500.0,"상승  1,000",168000.0,168000.0,164000.0,57370.0,롯데케미칼,011170
2022-12-22,173000.0,"상승  7,500",167000.0,174000.0,166500.0,114372.0,롯데케미칼,011170
2022-12-23,178000.0,"상승  5,000",170500.0,181000.0,170500.0,153848.0,롯데케미칼,011170
2022-12-26,184500.0,"상승  6,500",179000.0,185500.0,177500.0,106341.0,롯데케미칼,011170
2022-12-27,184500.0,보합0,186000.0,188500.0,183000.0,93842.0,롯데케미칼,011170
2022-12-28,184500.0,보합0,180000.0,185500.0,180000.0,91378.0,롯데케미칼,011170
2022-12-29,178500.0,"하락  6,000",182000.0,185000.0,178000.0,79421.0,롯데케미칼,011170
2023-01-02,175500.0,"하락  3,000",179000.0,181500.0,174000.0,73437.0,롯데케미칼,011170
2023-01-03,175000.0,하락  500,176500.0,177000.0,170000.0,161285.0,롯데케미칼,011170
2023-01-04,170000.0,"하락  5,000",173500.0,174000.0,165500.0,169499.0,롯데케미칼,011170
2023-01-05,173500.0,"상승  3,500",170500.0,174500.0,168500.0,142928.0,롯데케미칼,011170
2023-01-06,178500.0,"상승  5,000",169500.0,178500.0,168500.0,146478.0,롯데케미칼,011170
2023-01-09,185500.0,"상승  7,000",181000.0,187000.0,178500.0,245387.0,롯데케미칼,011170
2023-01-10,185500.0,보합0,186500.0,191000.0,182500.0,201442.0,롯데케미칼,011170
2023-01-11,186000.0,상승  500,188000.0,189500.0,185000.0,115387.0,롯데케미칼,011170
2023-01-12,184500.0,"하락  1,500",187000.0,187000.0,182500.0,203162.0,롯데케미칼,011170
2023-01-13,179000.0,"하락  5,500",184500.0,185000.0,178000.0,204744.0,롯데케미칼,011170
2023-01-16,182500.0,"상승  3,500",179000.0,185000.0,177500.0,159438.0,롯데케미칼,011170
2023-01-17,187000.0,"상승  4,500",184000.0,189500.0,183000.0,138450.0,롯데케미칼,011170
2023-01-18,187000.0,보합0,187500.0,188500.0,184000.0,89413.0,롯데케미칼,011170
2023-01-19,185000.0,"하락  2,000",184500.0,186000.0,179000.0,94534.0,롯데케미칼,011170
2023-01-20,187500.0,"상승  2,500",183000.0,188000.0,182500.0,84689.0,롯데케미칼,011170
2023-01-25,183800.0,"하락  3,700",187500.0,190000.0,183200.0,92686.0,롯데케미칼,011170
2023-01-26,183200.0,하락  600,184400.0,185400.0,180000.0,119934.0,롯데케미칼,011170
2023-01-27,182300.0,하락  900,183600.0,183900.0,180900.0,92992.0,롯데케미칼,011170
2023-01-30,176000.0,"하락  6,300",182400.0,183000.0,175200.0,178711.0,롯데케미칼,011170
2023-01-31,176800.0,상승  800,176500.0,180000.0,176000.0,150947.0,롯데케미칼,011170
2023-02-01,179700.0,"상승  2,900",177000.0,180900.0,177000.0,81852.0,롯데케미칼,011170
2023-02-02,178800.0,하락  900,180000.0,182200.0,178500.0,82781.0,롯데케미칼,011170
2023-02-03,175000.0,"하락  3,800",178900.0,179700.0,173500.0,172820.0,롯데케미칼,011170
2023-02-06,175500.0,상승  500,175000.0,178500.0,173000.0,110839.0,롯데케미칼,011170
2023-02-07,175000.0,하락  500,173600.0,176700.0,173100.0,141550.0,롯데케미칼,011170
2023-02-08,173200.0,"하락  1,800",175200.0,176700.0,172500.0,159571.0,롯데케미칼,011170
2023-02-09,174200.0,"상승  1,000",173900.0,174200.0,170900.0,376099.0,롯데케미칼,011170
2023-02-10,174200.0,보합0,172100.0,174300.0,170600.0,141875.0,롯데케미칼,011170
2023-02-13,180700.0,"상승  6,500",172500.0,182200.0,172000.0,271050.0,롯데케미칼,011170
2023-02-14,175800.0,"하락  4,900",180800.0,180800.0,175800.0,160402.0,롯데케미칼,011170
2023-02-15,173700.0,"하락  2,100",175800.0,177000.0,173200.0,102424.0,롯데케미칼,011170
2023-02-16,174400.0,상승  700,173900.0,175000.0,173400.0,91661.0,롯데케미칼,011170
2023-02-17,181000.0,"상승  6,600",173100.0,183700.0,172200.0,261213.0,롯데케미칼,011170
2023-02-20,177500.0,"하락  3,500",181000.0,181100.0,176400.0,102964.0,롯데케미칼,011170
2023-02-21,190600.0,"상승  13,100",178100.0,191300.0,177000.0,308572.0,롯데케미칼,011170
2023-02-22,189700.0,하락  900,188700.0,194300.0,187700.0,230963.0,롯데케미칼,011170
2023-02-23,186900.0,"하락  2,800",189700.0,192500.0,184900.0,184409.0,롯데케미칼,011170
2023-02-24,182900.0,"하락  4,000",186700.0,187400.0,182300.0,93398.0,롯데케미칼,011170
2023-02-27,180400.0,"하락  2,500",182000.0,182500.0,178000.0,104814.0,롯데케미칼,011170
2023-02-28,178200.0,"하락  2,200",180600.0,182200.0,178100.0,132570.0,롯데케미칼,011170
2023-03-02,184000.0,"상승  5,800",180100.0,189100.0,180100.0,176505.0,롯데케미칼,011170
2023-03-03,187500.0,"상승  3,500",185500.0,189000.0,181700.0,130940.0,롯데케미칼,011170
2023-03-06,183400.0,"하락  4,100",189300.0,189400.0,183300.0,127952.0,롯데케미칼,011170
2023-03-07,185700.0,"상승  2,300",183500.0,188300.0,183100.0,101487.0,롯데케미칼,011170
2023-03-08,180100.0,"하락  5,600",183300.0,184100.0,180000.0,97076.0,롯데케미칼,011170
2023-03-09,179800.0,하락  300,181600.0,183800.0,179700.0,123216.0,롯데케미칼,011170
2023-03-10,176900.0,"하락  2,900",178000.0,180000.0,176500.0,100185.0,롯데케미칼,011170
2023-03-13,177700.0,상승  800,176500.0,178800.0,174500.0,89151.0,롯데케미칼,011170
2023-03-14,173200.0,"하락  4,500",176000.0,177900.0,172900.0,109873.0,롯데케미칼,011170
2023-03-15,174800.0,"상승  1,600",175200.0,179900.0,173000.0,82700.0,롯데케미칼,011170
2023-03-16,176000.0,"상승  1,200",173200.0,176600.0,172000.0,78139.0,롯데케미칼,011170
2023-03-17,172100.0,"하락  3,900",177300.0,177900.0,172000.0,142977.0,롯데케미칼,011170
2023-03-20,172600.0,상승  500,172200.0,176200.0,171300.0,56450.0,롯데케미칼,011170
2023-03-21,174800.0,"상승  2,200",173000.0,175300.0,172800.0,50610.0,롯데케미칼,011170
2023-03-22,176200.0,"상승  1,400",175600.0,177500.0,174500.0,68706.0,롯데케미칼,011170
2023-03-23,181500.0,"상승  5,300",176300.0,182000.0,174600.0,137294.0,롯데케미칼,011170
2023-03-24,177200.0,"하락  4,300",182400.0,182400.0,176200.0,76240.0,롯데케미칼,011170
2023-03-27,176900.0,하락  300,179000.0,179800.0,174900.0,85413.0,롯데케미칼,011170
2023-03-28,185900.0,"상승  9,000",179500.0,187000.0,179500.0,252684.0,롯데케미칼,011170
2023-03-29,183800.0,"하락  2,100",186000.0,188800.0,183500.0,83726.0,롯데케미칼,011170
2023-03-30,188600.0,"상승  4,800",183900.0,192600.0,182400.0,165122.0,롯데케미칼,011170
2023-03-31,190800.0,"상승  2,200",188800.0,194300.0,187600.0,210728.0,롯데케미칼,011170
2023-04-03,186100.0,"하락  4,700",192000.0,193000.0,185500.0,115856.0,롯데케미칼,011170
2023-04-04,185700.0,하락  400,186300.0,188600.0,184500.0,75074.0,롯데케미칼,011170
2023-04-05,184300.0,"하락  1,400",185900.0,187500.0,183500.0,66151.0,롯데케미칼,011170
2023-04-06,182500.0,"하락  1,800",182500.0,184400.0,181600.0,69119.0,롯데케미칼,011170
2023-04-07,182900.0,상승  400,182500.0,183700.0,180800.0,71986.0,롯데케미칼,011170
2023-04-10,182900.0,보합0,181600.0,186300.0,181600.0,80063.0,롯데케미칼,011170
2023-04-11,183800.0,상승  900,184400.0,186200.0,180200.0,106060.0,롯데케미칼,011170
2023-04-12,183100.0,하락  700,184200.0,186800.0,183000.0,75881.0,롯데케미칼,011170
2023-04-13,181800.0,"하락  1,300",182700.0,182800.0,180000.0,110146.0,롯데케미칼,011170
2023-04-14,185000.0,"상승  3,200",182000.0,185300.0,181500.0,82467.0,롯데케미칼,011170
2023-04-17,180400.0,"하락  4,600",184500.0,184500.0,180100.0,117716.0,롯데케미칼,011170
2023-04-18,177800.0,"하락  2,600",178500.0,179600.0,177400.0,116310.0,롯데케미칼,011170
2023-04-19,177200.0,하락  600,179000.0,180300.0,176700.0,91551.0,롯데케미칼,011170
2023-04-20,176200.0,"하락  1,000",177200.0,177800.0,175700.0,89243.0,롯데케미칼,011170
2023-04-21,174200.0,"하락  2,000",175700.0,176200.0,173500.0,95840.0,롯데케미칼,011170
2023-04-24,173300.0,하락  900,174000.0,174100.0,172000.0,64949.0,롯데케미칼,011170
2023-04-25,169200.0,"하락  4,100",173800.0,173800.0,167000.0,158591.0,롯데케미칼,011170
2023-04-26,168400.0,하락  800,167700.0,170100.0,166100.0,96046.0,롯데케미칼,011170
2023-04-27,167600.0,하락  800,168500.0,169000.0,165100.0,101131.0,롯데케미칼,011170
2023-04-28,168100.0,상승  500,168300.0,170500.0,167200.0,103336.0,롯데케미칼,011170
2023-05-02,171800.0,"상승  3,700",168000.0,172000.0,168000.0,66717.0,롯데케미칼,011170
2023-05-03,170400.0,"하락  1,400",171800.0,171900.0,169500.0,52390.0,롯데케미칼,011170
2023-05-04,170500.0,상승  100,169500.0,172500.0,169200.0,42016.0,롯데케미칼,011170
2023-05-08,169700.0,하락  800,169200.0,171700.0,168700.0,72423.0,롯데케미칼,011170
2023-05-09,169900.0,상승  200,169300.0,170500.0,168600.0,75142.0,롯데케미칼,011170
2023-05-10,169400.0,하락  500,169300.0,172400.0,168100.0,80751.0,롯데케미칼,011170
2023-05-11,175000.0,"상승  5,600",169400.0,178800.0,169000.0,222871.0,롯데케미칼,011170
2023-05-12,176900.0,"상승  1,900",176500.0,177200.0,171000.0,172715.0,롯데케미칼,011170
2023-05-15,174200.0,"하락  2,700",176900.0,178400.0,173200.0,97712.0,롯데케미칼,011170
2023-05-16,173600.0,하락  600,174000.0,177000.0,173100.0,70720.0,롯데케미칼,011170
2023-05-17,177600.0,"상승  4,000",173000.0,179600.0,173000.0,121786.0,롯데케미칼,011170
2023-05-18,178700.0,"상승  1,100",177600.0,179900.0,177000.0,56030.0,롯데케미칼,011170
2023-05-19,176500.0,"하락  2,200",177500.0,179500.0,175000.0,67009.0,롯데케미칼,011170
2023-05-22,175800.0,하락  700,176500.0,179400.0,174500.0,95900.0,롯데케미칼,011170
2023-05-23,175700.0,하락  100,176600.0,178400.0,175500.0,71931.0,롯데케미칼,011170
2023-05-24,174200.0,"하락  1,500",175600.0,176200.0,172300.0,120833.0,롯데케미칼,011170
2023-05-25,169500.0,"하락  4,700",172900.0,173900.0,169100.0,164380.0,롯데케미칼,011170
2023-05-26,170400.0,상승  900,169000.0,170400.0,168900.0,53831.0,롯데케미칼,011170
2023-05-30,167600.0,"하락  2,800",171500.0,171600.0,167500.0,119872.0,롯데케미칼,011170
2023-05-31,166900.0,하락  700,167600.0,169400.0,166900.0,117797.0,롯데케미칼,011170
2023-06-01,166500.0,하락  400,167100.0,168400.0,166200.0,70812.0,롯데케미칼,011170
2023-06-02,168000.0,"상승  1,500",166700.0,168400.0,166400.0,61926.0,롯데케미칼,011170
2023-06-05,173400.0,"상승  5,400",170900.0,176200.0,170800.0,176191.0,롯데케미칼,011170
2023-06-07,175500.0,"상승  2,100",174100.0,176000.0,173400.0,101000.0,롯데케미칼,011170
2023-06-08,178100.0,"상승  2,600",174600.0,179300.0,174000.0,154301.0,롯데케미칼,011170
2023-06-09,172900.0,"하락  5,200",178200.0,179000.0,172900.0,148339.0,롯데케미칼,011170
2023-06-12,172600.0,하락  300,173800.0,175600.0,172000.0,67295.0,롯데케미칼,011170
2023-06-13,172300.0,하락  300,173700.0,174000.0,172200.0,61152.0,롯데케미칼,011170
2023-06-14,179100.0,"상승  6,800",174000.0,181400.0,173500.0,242449.0,롯데케미칼,011170
2023-06-15,174100.0,"하락  5,000",179100.0,179600.0,172700.0,134950.0,롯데케미칼,011170
2023-06-16,174700.0,상승  600,175600.0,178200.0,174400.0,107952.0,롯데케미칼,011170
2023-06-19,180500.0,"상승  5,800",175700.0,181400.0,175300.0,142411.0,롯데케미칼,011170
2023-06-20,185000.0,"상승  4,500",182400.0,189700.0,182400.0,326481.0,롯데케미칼,011170
2023-06-21,178900.0,"하락  6,100",185500.0,185700.0,178600.0,120625.0,롯데케미칼,011170
2023-06-22,179100.0,상승  200,179000.0,180600.0,176500.0,108375.0,롯데케미칼,011170
2023-06-23,170400.0,"하락  8,700",176900.0,178700.0,170000.0,240057.0,롯데케미칼,011170
2023-06-26,165200.0,"하락  5,200",170100.0,170300.0,165000.0,223188.0,롯데케미칼,011170
2023-06-27,163200.0,"하락  2,000",165700.0,166200.0,162700.0,115583.0,롯데케미칼,011170
2023-06-28,154600.0,"하락  8,600",164400.0,164400.0,154200.0,268211.0,롯데케미칼,011170
2023-06-29,152100.0,"하락  2,500",154600.0,156400.0,151900.0,126926.0,롯데케미칼,011170
2023-06-30,154600.0,"상승  2,500",152300.0,155100.0,151300.0,107114.0,롯데케미칼,011170
2023-07-03,158400.0,"상승  3,800",154100.0,160300.0,153600.0,107659.0,롯데케미칼,011170
2023-07-04,154800.0,"하락  3,600",158500.0,158900.0,154600.0,86094.0,롯데케미칼,011170
2023-07-05,154400.0,하락  400,154700.0,157200.0,154100.0,103716.0,롯데케미칼,011170
2023-07-06,152900.0,"하락  1,500",155000.0,155000.0,151200.0,133150.0,롯데케미칼,011170
2023-07-07,151200.0,"하락  1,700",151600.0,154800.0,149900.0,121436.0,롯데케미칼,011170
2023-07-10,151000.0,하락  200,151200.0,152600.0,150100.0,87194.0,롯데케미칼,011170
2023-07-11,150900.0,하락  100,151500.0,152400.0,150200.0,65176.0,롯데케미칼,011170
2023-07-12,151400.0,상승  500,151200.0,152400.0,150400.0,64466.0,롯데케미칼,011170
2023-07-13,151600.0,상승  200,152400.0,154100.0,151400.0,107175.0,롯데케미칼,011170
2023-07-14,153200.0,"상승  1,600",152100.0,153600.0,151700.0,70260.0,롯데케미칼,011170
2023-07-17,151300.0,"하락  1,900",152400.0,152900.0,150500.0,94056.0,롯데케미칼,011170
2023-07-18,150300.0,"하락  1,000",151700.0,153400.0,148700.0,123890.0,롯데케미칼,011170
2023-07-19,146200.0,"하락  4,100",150500.0,151000.0,145000.0,198871.0,롯데케미칼,011170
2023-07-20,148900.0,"상승  2,700",145900.0,150400.0,145500.0,99402.0,롯데케미칼,011170
2023-07-21,147900.0,"하락  1,000",148800.0,148800.0,146600.0,68726.0,롯데케미칼,011170
2023-07-24,147800.0,하락  100,148500.0,148600.0,146000.0,84979.0,롯데케미칼,011170
2023-07-25,146900.0,하락  900,147700.0,149200.0,146200.0,85075.0,롯데케미칼,011170
2023-07-26,144300.0,"하락  2,600",146600.0,146600.0,142300.0,174668.0,롯데케미칼,011170
2023-07-27,149100.0,"상승  4,800",143400.0,150200.0,143000.0,136088.0,롯데케미칼,011170
2023-07-28,148900.0,하락  200,149200.0,149800.0,145400.0,79456.0,롯데케미칼,011170
2023-07-31,150600.0,"상승  1,700",149500.0,151900.0,148700.0,114001.0,롯데케미칼,011170
2023-08-01,159000.0,"상승  8,400",150500.0,159100.0,150200.0,229028.0,롯데케미칼,011170
2023-08-02,157900.0,"하락  1,100",157200.0,158900.0,155000.0,95190.0,롯데케미칼,011170
2023-08-03,156500.0,"하락  1,400",157800.0,159700.0,155600.0,103715.0,롯데케미칼,011170
2023-08-04,157200.0,상승  700,158000.0,159400.0,155500.0,85165.0,롯데케미칼,011170
2023-08-07,156100.0,"하락  1,100",157200.0,158900.0,155200.0,91109.0,롯데케미칼,011170
2023-08-08,153500.0,"하락  2,600",157500.0,159300.0,153100.0,101681.0,롯데케미칼,011170
2023-08-09,143400.0,"하락  10,100",151500.0,151500.0,143000.0,364962.0,롯데케미칼,011170
2023-08-10,142000.0,"하락  1,400",141700.0,142800.0,140900.0,237326.0,롯데케미칼,011170
2023-08-11,140700.0,"하락  1,300",141200.0,143500.0,140500.0,208434.0,롯데케미칼,011170
2023-08-14,136800.0,"하락  3,900",140600.0,140700.0,136500.0,189217.0,롯데케미칼,011170
2023-08-16,132800.0,"하락  4,000",136500.0,136500.0,132800.0,138322.0,롯데케미칼,011170
2023-08-17,132900.0,상승  100,131400.0,133300.0,130200.0,110620.0,롯데케미칼,011170
2023-08-18,130000.0,"하락  2,900",131600.0,131600.0,129600.0,121901.0,롯데케미칼,011170
2023-08-21,132100.0,"상승  2,100",130000.0,135400.0,129900.0,98794.0,롯데케미칼,011170
2023-08-22,130100.0,"하락  2,000",132300.0,132800.0,129700.0,67945.0,롯데케미칼,011170
2023-08-23,127800.0,"하락  2,300",129300.0,129700.0,126300.0,148404.0,롯데케미칼,011170
2023-08-24,128300.0,상승  500,127800.0,129300.0,127200.0,74734.0,롯데케미칼,011170
2023-08-25,129600.0,"상승  1,300",127000.0,130900.0,126300.0,89232.0,롯데케미칼,011170
2023-08-28,132800.0,"상승  3,200",131000.0,133800.0,129100.0,85092.0,롯데케미칼,011170
2023-08-29,134600.0,"상승  1,800",133100.0,134900.0,132300.0,70911.0,롯데케미칼,011170
2023-08-30,134000.0,하락  600,135500.0,135800.0,133600.0,60052.0,롯데케미칼,011170
2023-08-31,136600.0,"상승  2,600",133600.0,136600.0,133600.0,284901.0,롯데케미칼,011170
2023-09-01,133400.0,"하락  3,200",136500.0,137400.0,133400.0,73308.0,롯데케미칼,011170
2023-09-04,141100.0,"상승  7,700",132100.0,142100.0,132000.0,198459.0,롯데케미칼,011170
2023-09-05,138800.0,"하락  2,300",139700.0,140300.0,138200.0,76049.0,롯데케미칼,011170
2023-09-06,140300.0,"상승  1,500",137900.0,141000.0,137800.0,95094.0,롯데케미칼,011170
2023-09-07,137500.0,"하락  2,800",138800.0,139800.0,136600.0,45315.0,롯데케미칼,011170
2023-09-08,139300.0,"상승  1,800",138900.0,140100.0,137500.0,62341.0,롯데케미칼,011170
2023-09-11,138200.0,"하락  1,100",139000.0,140000.0,137700.0,44879.0,롯데케미칼,011170
2023-09-12,138000.0,하락  200,139400.0,139400.0,137500.0,37131.0,롯데케미칼,011170
2023-09-13,140300.0,"상승  2,300",137600.0,142000.0,137600.0,142989.0,롯데케미칼,011170
2023-09-14,141500.0,"상승  1,200",142000.0,144900.0,138100.0,129856.0,롯데케미칼,011170
2023-09-15,147000.0,"상승  5,500",142300.0,148100.0,141600.0,243814.0,롯데케미칼,011170
2023-09-18,144200.0,"하락  2,800",147000.0,147100.0,144100.0,72700.0,롯데케미칼,011170
2023-09-19,146700.0,"상승  2,500",144100.0,148300.0,143900.0,116853.0,롯데케미칼,011170
2023-09-20,142200.0,"하락  4,500",145100.0,146500.0,141900.0,81400.0,롯데케미칼,011170
2023-09-21,139900.0,"하락  2,300",142300.0,145300.0,139800.0,90091.0,롯데케미칼,011170
2023-09-22,137800.0,"하락  2,100",138200.0,139300.0,136700.0,71396.0,롯데케미칼,011170
2023-09-25,138100.0,상승  300,136700.0,140700.0,136700.0,55413.0,롯데케미칼,011170
2023-09-26,137800.0,하락  300,137200.0,139100.0,136600.0,84004.0,롯데케미칼,011170
2023-09-27,137100.0,하락  700,136400.0,138600.0,135900.0,68818.0,롯데케미칼,011170
2023-10-04,131300.0,"하락  5,800",136000.0,136000.0,130700.0,150133.0,롯데케미칼,011170
2023-10-05,129700.0,"하락  1,600",131200.0,132900.0,129400.0,104111.0,롯데케미칼,011170
2023-10-06,130800.0,"상승  1,100",129000.0,131900.0,128900.0,80784.0,롯데케미칼,011170
2023-10-10,132100.0,"상승  1,300",133500.0,135700.0,130700.0,103588.0,롯데케미칼,011170
2023-10-11,132400.0,상승  300,133400.0,133500.0,130200.0,104467.0,롯데케미칼,011170
2023-10-12,138200.0,"상승  5,800",133700.0,139700.0,132400.0,130193.0,롯데케미칼,011170
2023-10-13,136800.0,"하락  1,400",136100.0,137800.0,134400.0,76642.0,롯데케미칼,011170
2023-10-16,139100.0,"상승  2,300",135500.0,140500.0,135500.0,101289.0,롯데케미칼,011170
2023-10-17,138000.0,"하락  1,100",139300.0,139300.0,137100.0,79502.0,롯데케미칼,011170
2023-10-18,136100.0,"하락  1,900",136800.0,138100.0,135300.0,46868.0,롯데케미칼,011170
2023-10-19,133700.0,"하락  2,400",133700.0,134500.0,131600.0,77177.0,롯데케미칼,011170
2023-10-20,130200.0,"하락  3,500",132500.0,132900.0,130100.0,59022.0,롯데케미칼,011170
2023-10-23,129100.0,"하락  1,100",130200.0,131400.0,127700.0,68415.0,롯데케미칼,011170
2023-10-24,129900.0,상승  800,130400.0,130900.0,126400.0,58984.0,롯데케미칼,011170
2023-10-25,139200.0,"상승  9,300",130400.0,141100.0,130100.0,184373.0,롯데케미칼,011170
2023-10-26,135100.0,"하락  4,100",138500.0,138500.0,134000.0,86559.0,롯데케미칼,011170
2023-10-27,136600.0,"상승  1,500",136900.0,140000.0,135700.0,88550.0,롯데케미칼,011170
2023-10-30,146100.0,"상승  9,500",135500.0,148300.0,135300.0,242570.0,롯데케미칼,011170
2023-10-31,146400.0,상승  300,147000.0,148300.0,144800.0,157138.0,롯데케미칼,011170
2023-11-01,145600.0,하락  800,146600.0,146700.0,143600.0,87157.0,롯데케미칼,011170
2023-11-02,148900.0,"상승  3,300",147400.0,148900.0,144000.0,128150.0,롯데케미칼,011170
2023-11-03,150400.0,"상승  1,500",149000.0,151900.0,148700.0,103944.0,롯데케미칼,011170
2023-11-06,156400.0,"상승  6,000",150600.0,156400.0,150600.0,201474.0,롯데케미칼,011170
2023-11-07,157000.0,상승  600,155000.0,158500.0,151900.0,109788.0,롯데케미칼,011170
2023-11-08,157400.0,상승  400,156900.0,159000.0,155500.0,63793.0,롯데케미칼,011170
2023-11-09,157700.0,상승  300,156600.0,158900.0,156600.0,134211.0,롯데케미칼,011170
2023-11-10,144100.0,"하락  13,600",158200.0,159000.0,143100.0,295510.0,롯데케미칼,011170
2023-11-13,142700.0,"하락  1,400",146000.0,147400.0,141300.0,151724.0,롯데케미칼,011170
2023-11-14,144600.0,"상승  1,900",144600.0,147500.0,143100.0,126504.0,롯데케미칼,011170
2023-11-15,153900.0,"상승  9,300",148100.0,155000.0,148000.0,140288.0,롯데케미칼,011170
2023-11-16,151600.0,"하락  2,300",153500.0,153900.0,149500.0,80459.0,롯데케미칼,011170
2023-11-17,154900.0,"상승  3,300",151500.0,156800.0,151500.0,118325.0,롯데케미칼,011170
2023-11-20,156800.0,"상승  1,900",155000.0,158400.0,153800.0,61961.0,롯데케미칼,011170
2023-11-21,156300.0,하락  500,157900.0,158000.0,154100.0,67371.0,롯데케미칼,011170
2023-11-22,155600.0,하락  700,154800.0,157300.0,154600.0,63557.0,롯데케미칼,011170
2023-11-23,154700.0,하락  900,155000.0,156500.0,154000.0,49815.0,롯데케미칼,011170
2023-11-24,154600.0,하락  100,154800.0,156700.0,154000.0,42616.0,롯데케미칼,011170
2023-11-27,157800.0,"상승  3,200",154600.0,159000.0,154200.0,86561.0,롯데케미칼,011170
2023-11-28,158900.0,"상승  1,100",159300.0,159300.0,156900.0,50757.0,롯데케미칼,011170
2023-11-29,157000.0,"하락  1,900",158200.0,159000.0,154200.0,55814.0,롯데케미칼,011170
2023-11-30,154200.0,"하락  2,800",157000.0,158200.0,154200.0,97931.0,롯데케미칼,011170
2023-12-01,157500.0,"상승  3,300",154500.0,159200.0,152200.0,90616.0,롯데케미칼,011170
2023-12-04,156400.0,"하락  1,100",159100.0,163000.0,156100.0,79191.0,롯데케미칼,011170
2023-12-05,161500.0,"상승  5,100",155000.0,164900.0,155000.0,134213.0,롯데케미칼,011170
2023-12-06,160300.0,"하락  1,200",161500.0,164500.0,160300.0,50545.0,롯데케미칼,011170
2023-12-07,162600.0,"상승  2,300",158800.0,165000.0,158700.0,89826.0,롯데케미칼,011170
2023-12-08,159800.0,"하락  2,800",163400.0,163500.0,159700.0,53277.0,롯데케미칼,011170
2023-12-11,159200.0,하락  600,159700.0,160700.0,158400.0,37374.0,롯데케미칼,011170
2023-12-12,159200.0,보합0,160400.0,162000.0,159200.0,44399.0,롯데케미칼,011170
2023-12-13,159500.0,상승  300,161300.0,161300.0,157600.0,56966.0,롯데케미칼,011170
2023-12-14,161800.0,"상승  2,300",161000.0,162000.0,159300.0,104331.0,롯데케미칼,011170
2023-12-15,160800.0,"하락  1,000",160500.0,161700.0,159900.0,61882.0,롯데케미칼,011170
2023-12-18,159500.0,"하락  1,300",160100.0,161000.0,158400.0,41000.0,롯데케미칼,011170
2023-12-19,156100.0,"하락  3,400",158100.0,160000.0,155500.0,74172.0,롯데케미칼,011170
2023-12-20,158600.0,"상승  2,500",156800.0,160000.0,156700.0,57035.0,롯데케미칼,011170
2023-12-21,155500.0,"하락  3,100",158600.0,158600.0,154500.0,46903.0,롯데케미칼,011170
2023-12-22,153900.0,"하락  1,600",156400.0,156500.0,153300.0,49815.0,롯데케미칼,011170
2023-12-26,153800.0,하락  100,155200.0,155400.0,151100.0,69081.0,롯데케미칼,011170
2023-12-27,152200.0,"하락  1,600",152600.0,153900.0,150100.0,42788.0,롯데케미칼,011170
2023-12-28,153200.0,"상승  1,000",152200.0,153200.0,150700.0,61031.0,롯데케미칼,011170
2024-01-02,146200.0,"하락  7,000",153200.0,154000.0,144200.0,148725.0,롯데케미칼,011170
2024-01-03,144400.0,"하락  1,800",145500.0,146900.0,142100.0,94580.0,롯데케미칼,011170
2024-01-04,140100.0,"하락  4,300",143100.0,143800.0,139300.0,145624.0,롯데케미칼,011170
2024-01-05,139200.0,하락  900,140300.0,140800.0,138500.0,83201.0,롯데케미칼,011170
2024-01-08,139300.0,상승  100,139900.0,141300.0,139000.0,44619.0,롯데케미칼,011170
2024-01-09,139800.0,상승  500,140600.0,141600.0,139200.0,52801.0,롯데케미칼,011170
2024-01-10,137700.0,"하락  2,100",141600.0,144400.0,136000.0,122771.0,롯데케미칼,011170
2024-01-11,138200.0,상승  500,139000.0,140500.0,137500.0,146522.0,롯데케미칼,011170
2024-01-12,135100.0,"하락  3,100",137600.0,138200.0,133000.0,133880.0,롯데케미칼,011170
2024-01-15,132000.0,"하락  3,100",134100.0,135000.0,131200.0,92537.0,롯데케미칼,011170
2024-01-16,128600.0,"하락  3,400",130600.0,131900.0,128600.0,103904.0,롯데케미칼,011170
2024-01-17,123900.0,"하락  4,700",128300.0,129800.0,123900.0,131289.0,롯데케미칼,011170
2024-01-18,122300.0,"하락  1,600",123000.0,124600.0,122000.0,125972.0,롯데케미칼,011170
2024-01-19,119100.0,"하락  3,200",124600.0,124600.0,118200.0,156510.0,롯데케미칼,011170
2024-01-22,116600.0,"하락  2,500",119100.0,120300.0,116000.0,99166.0,롯데케미칼,011170
2024-01-23,120200.0,"상승  3,600",117200.0,121500.0,116300.0,102308.0,롯데케미칼,011170
2024-01-24,128700.0,"상승  8,500",119800.0,131700.0,119200.0,261828.0,롯데케미칼,011170
2024-01-25,136900.0,"상승  8,200",128700.0,137000.0,128700.0,347513.0,롯데케미칼,011170
2024-01-26,136200.0,하락  700,137200.0,138400.0,134600.0,86165.0,롯데케미칼,011170
2024-01-29,136100.0,하락  100,136400.0,138000.0,133900.0,116374.0,롯데케미칼,011170
2024-01-30,131600.0,"하락  4,500",136900.0,137000.0,131400.0,165922.0,롯데케미칼,011170
2024-01-31,130700.0,하락  900,131100.0,132700.0,129000.0,89752.0,롯데케미칼,011170
2024-02-01,140100.0,"상승  9,400",129400.0,140800.0,129300.0,214326.0,롯데케미칼,011170
2024-02-02,132500.0,"하락  7,600",138600.0,138700.0,131300.0,321077.0,롯데케미칼,011170
2024-02-05,132000.0,하락  500,132000.0,133200.0,130000.0,100987.0,롯데케미칼,011170
2024-02-06,132400.0,상승  400,130700.0,133600.0,130600.0,65735.0,롯데케미칼,011170
2024-02-07,137400.0,"상승  5,000",134000.0,138500.0,132800.0,134028.0,롯데케미칼,011170
2024-02-08,134700.0,"하락  2,700",136800.0,136800.0,132800.0,128897.0,롯데케미칼,011170
2024-02-13,134600.0,하락  100,135700.0,136400.0,133100.0,101956.0,롯데케미칼,011170
2024-02-14,132200.0,"하락  2,400",132600.0,133300.0,131000.0,66588.0,롯데케미칼,011170
2024-02-15,131300.0,하락  900,133800.0,133800.0,131200.0,49419.0,롯데케미칼,011170
2024-02-16,137300.0,"상승  6,000",132700.0,137700.0,131300.0,139204.0,롯데케미칼,011170
2024-02-19,138400.0,"상승  1,100",136900.0,139300.0,136500.0,95273.0,롯데케미칼,011170
2024-02-20,134900.0,"하락  3,500",138500.0,138500.0,134000.0,75232.0,롯데케미칼,011170
2024-02-21,132200.0,"하락  2,700",135900.0,135900.0,131500.0,96873.0,롯데케미칼,011170
2024-02-22,130300.0,"하락  1,900",133500.0,133600.0,130000.0,110304.0,롯데케미칼,011170
2024-02-23,129200.0,"하락  1,100",130800.0,131500.0,129000.0,93830.0,롯데케미칼,011170
2024-02-26,125900.0,"하락  3,300",129300.0,129500.0,125000.0,134851.0,롯데케미칼,011170
2024-02-27,125500.0,하락  400,125900.0,126800.0,124800.0,74884.0,롯데케미칼,011170
2024-02-28,127100.0,"상승  1,600",125000.0,127200.0,125000.0,63549.0,롯데케미칼,011170
2024-02-29,122400.0,"하락  4,700",125900.0,126000.0,122100.0,148942.0,롯데케미칼,011170
2024-03-04,127000.0,"상승  4,600",123400.0,128600.0,122600.0,209205.0,롯데케미칼,011170
2024-03-05,125500.0,"하락  1,500",126000.0,127300.0,125200.0,67654.0,롯데케미칼,011170
2024-03-06,122900.0,"하락  2,600",125100.0,126000.0,122300.0,88796.0,롯데케미칼,011170
2024-03-07,121900.0,"하락  1,000",122900.0,123800.0,119500.0,132070.0,롯데케미칼,011170
2024-03-08,121500.0,하락  400,122600.0,123400.0,120300.0,79072.0,롯데케미칼,011170
2024-03-11,120000.0,"하락  1,500",121600.0,122100.0,119800.0,83468.0,롯데케미칼,011170
2024-03-12,120300.0,상승  300,120900.0,121500.0,119600.0,96305.0,롯데케미칼,011170
2024-03-13,119400.0,하락  900,121000.0,121400.0,119200.0,98612.0,롯데케미칼,011170
2024-03-14,122000.0,"상승  2,600",120200.0,122700.0,119400.0,133604.0,롯데케미칼,011170
2024-03-15,121300.0,하락  700,121000.0,122800.0,119300.0,119110.0,롯데케미칼,011170
2024-03-18,120200.0,"하락  1,100",122700.0,122800.0,120000.0,59721.0,롯데케미칼,011170
2024-03-19,118500.0,"하락  1,700",120200.0,120700.0,117500.0,151766.0,롯데케미칼,011170
2024-03-20,117000.0,"하락  1,500",118400.0,118700.0,116800.0,158334.0,롯데케미칼,011170
2024-03-21,118800.0,"상승  1,800",118200.0,119300.0,117400.0,175263.0,롯데케미칼,011170
2024-03-22,121000.0,"상승  2,200",118600.0,122200.0,118400.0,137340.0,롯데케미칼,011170
2024-03-25,120200.0,하락  800,121700.0,121700.0,119100.0,98896.0,롯데케미칼,011170
2024-03-26,120500.0,상승  300,120300.0,122800.0,120200.0,97194.0,롯데케미칼,011170
2024-03-27,120100.0,하락  400,120500.0,121100.0,120000.0,64654.0,롯데케미칼,011170
2024-03-28,120000.0,하락  100,120300.0,120600.0,119600.0,86912.0,롯데케미칼,011170
2024-03-29,119300.0,하락  700,120000.0,122400.0,118200.0,116232.0,롯데케미칼,011170
2024-04-01,124500.0,"상승  5,200",119700.0,125200.0,119300.0,223109.0,롯데케미칼,011170
2024-04-02,123300.0,"하락  1,200",123200.0,123900.0,121000.0,129255.0,롯데케미칼,011170
2024-04-03,122100.0,"하락  1,200",123500.0,123500.0,120900.0,121792.0,롯데케미칼,011170
2024-04-04,121400.0,하락  700,122700.0,122800.0,120500.0,82040.0,롯데케미칼,011170
2024-04-05,120700.0,하락  700,120200.0,122300.0,119500.0,87621.0,롯데케미칼,011170
2024-04-08,117500.0,"하락  3,200",120600.0,120600.0,114100.0,208225.0,롯데케미칼,011170
2024-04-09,116300.0,"하락  1,200",118100.0,118500.0,115800.0,94496.0,롯데케미칼,011170
2024-04-11,112200.0,"하락  4,100",114500.0,114500.0,112200.0,137520.0,롯데케미칼,011170
2024-04-12,110300.0,"하락  1,900",112100.0,113900.0,110100.0,117787.0,롯데케미칼,011170
2024-04-15,107800.0,"하락  2,500",109600.0,110800.0,107000.0,118914.0,롯데케미칼,011170
2024-04-16,102700.0,"하락  5,100",106500.0,106800.0,102200.0,208541.0,롯데케미칼,011170
2024-04-17,99900.0,"하락  2,800",102400.0,103300.0,99800.0,173485.0,롯데케미칼,011170
2024-04-18,100200.0,상승  300,99900.0,102700.0,99700.0,120113.0,롯데케미칼,011170
2024-04-19,97300.0,"하락  2,900",99200.0,100300.0,96100.0,216801.0,롯데케미칼,011170
2024-04-22,100300.0,"상승  3,000",96600.0,100500.0,96500.0,162910.0,롯데케미칼,011170
2024-04-23,98700.0,"하락  1,600",100000.0,100100.0,98000.0,131540.0,롯데케미칼,011170
2024-04-24,100100.0,"상승  1,400",100100.0,103000.0,99900.0,163307.0,롯데케미칼,011170
2024-04-25,100400.0,상승  300,99200.0,102300.0,98500.0,111343.0,롯데케미칼,011170
2024-04-26,100000.0,하락  400,100800.0,101400.0,99000.0,79000.0,롯데케미칼,011170
2024-04-29,107700.0,"상승  7,700",100900.0,108800.0,100900.0,329307.0,롯데케미칼,011170
2024-04-30,107500.0,하락  200,107200.0,109200.0,106500.0,125175.0,롯데케미칼,011170
2024-05-02,106700.0,하락  800,106500.0,108500.0,104700.0,108218.0,롯데케미칼,011170
2024-05-03,108400.0,"상승  1,700",107200.0,109300.0,106400.0,91529.0,롯데케미칼,011170
2024-05-07,108900.0,상승  500,109900.0,110400.0,108100.0,85955.0,롯데케미칼,011170
2024-05-08,110500.0,"상승  1,600",109000.0,110800.0,108600.0,98161.0,롯데케미칼,011170
2024-05-09,107300.0,"하락  3,200",110900.0,111000.0,107300.0,91752.0,롯데케미칼,011170
2024-05-10,108600.0,"상승  1,300",108800.0,112500.0,108400.0,132052.0,롯데케미칼,011170
2024-05-13,111700.0,"상승  3,100",108600.0,112300.0,107700.0,97754.0,롯데케미칼,011170
2024-05-14,117500.0,"상승  5,800",112300.0,118500.0,111300.0,229495.0,롯데케미칼,011170
2024-05-16,114100.0,"하락  3,400",118600.0,118700.0,113500.0,138002.0,롯데케미칼,011170
2024-05-17,119200.0,"상승  5,100",113400.0,120300.0,112900.0,242401.0,롯데케미칼,011170
2024-05-20,121700.0,"상승  2,500",120400.0,125500.0,120400.0,290477.0,롯데케미칼,011170
2024-05-21,117400.0,"하락  4,300",121500.0,122700.0,116400.0,146625.0,롯데케미칼,011170
2024-05-22,120500.0,"상승  3,100",117400.0,122500.0,117000.0,118401.0,롯데케미칼,011170
2024-05-23,117300.0,"하락  3,200",120000.0,121100.0,116800.0,104082.0,롯데케미칼,011170
2024-05-24,115200.0,"하락  2,100",115500.0,116500.0,113000.0,108859.0,롯데케미칼,011170
2024-05-27,116800.0,"상승  1,600",115200.0,119400.0,114600.0,86768.0,롯데케미칼,011170
2024-05-28,115400.0,"하락  1,400",116800.0,117500.0,115100.0,75368.0,롯데케미칼,011170
2024-05-29,106900.0,"하락  8,500",113900.0,114200.0,104600.0,358566.0,롯데케미칼,011170
2024-05-30,110800.0,"상승  3,900",108300.0,113600.0,108100.0,171040.0,롯데케미칼,011170
2024-05-31,113100.0,"상승  2,300",112000.0,115800.0,111700.0,166623.0,롯데케미칼,011170
2024-06-03,109900.0,"하락  3,200",113500.0,113500.0,109400.0,120450.0,롯데케미칼,011170
2024-06-04,111100.0,"상승  1,200",108900.0,112500.0,107300.0,93516.0,롯데케미칼,011170
2024-06-05,114200.0,"상승  3,100",111300.0,115500.0,110200.0,92257.0,롯데케미칼,011170
2024-06-07,112000.0,"하락  2,200",113800.0,116000.0,111400.0,57948.0,롯데케미칼,011170
2024-06-10,110300.0,"하락  1,700",110000.0,111900.0,109500.0,39131.0,롯데케미칼,011170
2024-06-11,119800.0,"상승  9,500",110600.0,121200.0,110500.0,252351.0,롯데케미칼,011170
2024-06-12,120200.0,상승  400,120400.0,122600.0,118900.0,129512.0,롯데케미칼,011170
2024-06-13,112600.0,"하락  7,600",119100.0,119400.0,112600.0,236397.0,롯데케미칼,011170
2024-06-14,114000.0,"상승  1,400",113100.0,114000.0,111300.0,126977.0,롯데케미칼,011170
2024-06-17,110600.0,"하락  3,400",112900.0,113500.0,110500.0,91712.0,롯데케미칼,011170
2024-06-18,110000.0,하락  600,110800.0,113000.0,109400.0,71932.0,롯데케미칼,011170
2024-06-19,112300.0,"상승  2,300",111000.0,114100.0,109600.0,87788.0,롯데케미칼,011170
2024-06-20,120500.0,"상승  8,200",112500.0,121900.0,112500.0,261577.0,롯데케미칼,011170
2024-06-21,115000.0,"하락  5,500",119300.0,120800.0,115000.0,112987.0,롯데케미칼,011170
2024-06-24,115000.0,보합0,115300.0,119600.0,113200.0,98828.0,롯데케미칼,011170
2024-06-25,115700.0,상승  700,116100.0,119500.0,115200.0,90581.0,롯데케미칼,011170
2024-06-26,116600.0,상승  900,115300.0,117500.0,113700.0,82610.0,롯데케미칼,011170
2024-06-27,112000.0,"하락  4,600",115400.0,115400.0,111800.0,116803.0,롯데케미칼,011170
2024-06-28,114700.0,"상승  2,700",111900.0,116000.0,111700.0,67448.0,롯데케미칼,011170
2024-07-01,112800.0,"하락  1,900",113600.0,114400.0,111500.0,51866.0,롯데케미칼,011170
2024-07-02,109300.0,"하락  3,500",112000.0,112800.0,109100.0,111095.0,롯데케미칼,011170
2024-07-03,107300.0,"하락  2,000",109300.0,110800.0,106600.0,96677.0,롯데케미칼,011170
2024-07-04,110000.0,"상승  2,700",108000.0,110000.0,107000.0,58690.0,롯데케미칼,011170
2024-07-05,108200.0,"하락  1,800",111200.0,112500.0,108100.0,137727.0,롯데케미칼,011170
2024-07-08,107400.0,하락  800,107500.0,108700.0,106100.0,118589.0,롯데케미칼,011170
2024-07-09,108600.0,"상승  1,200",108400.0,112400.0,107800.0,105604.0,롯데케미칼,011170
2024-07-10,106000.0,"하락  2,600",108300.0,109200.0,105600.0,121922.0,롯데케미칼,011170
2024-07-11,107400.0,"상승  1,400",107100.0,107400.0,105000.0,104566.0,롯데케미칼,011170
2024-07-12,108300.0,상승  900,107400.0,109800.0,106500.0,69282.0,롯데케미칼,011170
2024-07-15,108600.0,상승  300,109100.0,110400.0,108200.0,91999.0,롯데케미칼,011170
2024-07-16,107700.0,하락  900,109500.0,109800.0,107400.0,90095.0,롯데케미칼,011170
2024-07-17,107900.0,상승  200,108600.0,108900.0,106100.0,85939.0,롯데케미칼,011170
2024-07-18,106300.0,"하락  1,600",108200.0,108300.0,105700.0,83192.0,롯데케미칼,011170
2024-07-19,104600.0,"하락  1,700",105400.0,106000.0,102100.0,118195.0,롯데케미칼,011170
2024-07-22,102900.0,"하락  1,700",105700.0,105700.0,102200.0,50331.0,롯데케미칼,011170
2024-07-23,101500.0,"하락  1,400",102000.0,104200.0,101500.0,58105.0,롯데케미칼,011170
2024-07-24,100800.0,하락  700,100200.0,102400.0,100200.0,50537.0,롯데케미칼,011170
2024-07-25,100300.0,하락  500,100700.0,101700.0,99500.0,65978.0,롯데케미칼,011170
2024-07-26,101300.0,"상승  1,000",100000.0,102700.0,99300.0,63156.0,롯데케미칼,011170
2024-07-29,100500.0,하락  800,102000.0,102300.0,99900.0,57797.0,롯데케미칼,011170
2024-07-30,99600.0,하락  900,99900.0,101400.0,99400.0,81554.0,롯데케미칼,011170
2024-07-31,101400.0,"상승  1,800",100000.0,101800.0,99400.0,59212.0,롯데케미칼,011170
2024-08-01,102300.0,상승  900,100800.0,103400.0,100600.0,41283.0,롯데케미칼,011170
2024-08-02,100600.0,"하락  1,700",101600.0,101800.0,99600.0,56637.0,롯데케미칼,011170
2024-08-05,89100.0,"하락  11,500",99600.0,99700.0,88200.0,250164.0,롯데케미칼,011170
2024-08-06,92000.0,"상승  2,900",90100.0,93700.0,90100.0,144841.0,롯데케미칼,011170
2024-08-07,92000.0,보합0,90000.0,93300.0,90000.0,126635.0,롯데케미칼,011170
2024-08-08,89400.0,"하락  2,600",90100.0,90800.0,88500.0,204000.0,롯데케미칼,011170
2024-08-09,79800.0,"하락  9,600",88900.0,89700.0,79400.0,833219.0,롯데케미칼,011170
2024-08-12,81500.0,"상승  1,700",80000.0,82200.0,80000.0,193901.0,롯데케미칼,011170
2024-08-13,80300.0,"하락  1,200",80700.0,81600.0,79800.0,130755.0,롯데케미칼,011170
2024-08-14,82800.0,"상승  2,500",81000.0,82800.0,81000.0,127910.0,롯데케미칼,011170
2024-08-16,82300.0,하락  500,83700.0,84300.0,82300.0,77298.0,롯데케미칼,011170
2024-08-19,82400.0,상승  100,82000.0,83100.0,81800.0,64536.0,롯데케미칼,011170
2024-08-20,81200.0,"하락  1,200",82700.0,82900.0,79600.0,159008.0,롯데케미칼,011170
2024-08-21,81700.0,상승  500,81200.0,82800.0,80600.0,73575.0,롯데케미칼,011170
2024-08-22,83600.0,"상승  1,900",82600.0,84900.0,82300.0,131925.0,롯데케미칼,011170
2024-08-23,82900.0,하락  700,83400.0,83900.0,82500.0,62344.0,롯데케미칼,011170
2024-08-26,85000.0,"상승  2,100",83600.0,85700.0,83500.0,104463.0,롯데케미칼,011170
2024-08-27,85400.0,상승  400,85000.0,85500.0,84400.0,58638.0,롯데케미칼,011170
2024-08-28,84000.0,"하락  1,400",85500.0,85900.0,83200.0,58562.0,롯데케미칼,011170
2024-08-29,83300.0,하락  700,83500.0,83600.0,81700.0,74483.0,롯데케미칼,011170
2024-08-30,82700.0,하락  600,83800.0,83800.0,82400.0,146625.0,롯데케미칼,011170
2024-09-02,82500.0,하락  200,82800.0,83500.0,81900.0,63066.0,롯데케미칼,011170
2024-09-03,84800.0,"상승  2,300",82900.0,87200.0,82500.0,164390.0,롯데케미칼,011170
2024-09-04,80200.0,"하락  4,600",81900.0,82300.0,80000.0,161024.0,롯데케미칼,011170
2024-09-05,80500.0,상승  300,80800.0,82700.0,80300.0,64630.0,롯데케미칼,011170
2024-09-06,79000.0,"하락  1,500",81200.0,81300.0,79000.0,102511.0,롯데케미칼,011170
2024-09-09,79000.0,보합0,78000.0,79200.0,76500.0,89949.0,롯데케미칼,011170
2024-09-10,76900.0,"하락  2,100",79500.0,80100.0,76500.0,217587.0,롯데케미칼,011170
2024-09-11,78900.0,"상승  2,000",77200.0,79000.0,76500.0,85834.0,롯데케미칼,011170
2024-09-12,80700.0,"상승  1,800",79200.0,81400.0,78900.0,128759.0,롯데케미칼,011170
2024-09-13,80600.0,하락  100,80800.0,81900.0,78900.0,88505.0,롯데케미칼,011170
2024-09-19,79200.0,"하락  1,400",82000.0,83400.0,78200.0,111702.0,롯데케미칼,011170
2024-09-20,80100.0,상승  900,79900.0,80500.0,78900.0,115036.0,롯데케미칼,011170
2024-09-23,79100.0,"하락  1,000",80400.0,80400.0,78600.0,99202.0,롯데케미칼,011170
2024-09-24,87600.0,"상승  8,500",79100.0,88200.0,79000.0,290854.0,롯데케미칼,011170
2024-09-25,88400.0,상승  800,88800.0,91300.0,87400.0,290471.0,롯데케미칼,011170
2024-09-26,91400.0,"상승  3,000",88300.0,91400.0,87200.0,136914.0,롯데케미칼,011170
2024-09-27,101600.0,"상승  10,200",91900.0,102300.0,91600.0,678301.0,롯데케미칼,011170
2024-09-30,101500.0,하락  100,101700.0,106100.0,99000.0,342997.0,롯데케미칼,011170
2024-10-02,99500.0,"하락  2,000",100900.0,103500.0,99000.0,182547.0,롯데케미칼,011170
2024-10-04,97600.0,"하락  1,900",99800.0,100900.0,96000.0,151552.0,롯데케미칼,011170
2024-10-07,102400.0,"상승  4,800",98100.0,104300.0,96300.0,265571.0,롯데케미칼,011170
2024-10-08,97500.0,"하락  4,900",102200.0,104300.0,97000.0,232173.0,롯데케미칼,011170
2024-10-10,98800.0,"상승  1,300",98500.0,101100.0,95900.0,170064.0,롯데케미칼,011170
2024-10-11,94800.0,"하락  4,000",98800.0,99800.0,94400.0,127902.0,롯데케미칼,011170
2024-10-14,96500.0,"상승  1,700",94700.0,98000.0,93400.0,99922.0,롯데케미칼,011170
2024-10-15,91600.0,"하락  4,900",95700.0,96100.0,90300.0,252265.0,롯데케미칼,011170
2024-10-16,91800.0,상승  200,91500.0,93600.0,89100.0,153410.0,롯데케미칼,011170
2024-10-17,88800.0,"하락  3,000",91800.0,93400.0,88200.0,120902.0,롯데케미칼,011170
2024-10-18,89700.0,상승  900,90000.0,90300.0,88500.0,90991.0,롯데케미칼,011170
2024-10-21,92200.0,"상승  2,500",89500.0,94300.0,89000.0,132748.0,롯데케미칼,011170
2024-10-22,91400.0,하락  800,90400.0,92800.0,90000.0,108763.0,롯데케미칼,011170
2024-10-23,92800.0,"상승  1,400",91100.0,95100.0,89200.0,111046.0,롯데케미칼,011170
2024-10-24,91100.0,"하락  1,700",92800.0,93700.0,90700.0,43449.0,롯데케미칼,011170
2024-10-25,91300.0,상승  200,91700.0,91700.0,90100.0,58946.0,롯데케미칼,011170
2024-10-28,94900.0,"상승  3,600",91400.0,95300.0,91000.0,87279.0,롯데케미칼,011170
2024-10-29,92700.0,"하락  2,200",93800.0,95300.0,92100.0,42795.0,롯데케미칼,011170
2024-10-30,92900.0,상승  200,92800.0,95100.0,91500.0,54553.0,롯데케미칼,011170
2024-10-31,95400.0,"상승  2,500",92900.0,95400.0,91100.0,78450.0,롯데케미칼,011170
2024-11-01,93100.0,"하락  2,300",94700.0,96100.0,93100.0,56199.0,롯데케미칼,011170
2024-11-04,92200.0,하락  900,93600.0,93600.0,91700.0,33462.0,롯데케미칼,011170
2024-11-05,97700.0,"상승  5,500",91600.0,99400.0,91600.0,116139.0,롯데케미칼,011170
2024-11-06,98700.0,"상승  1,000",98000.0,100400.0,96100.0,147529.0,롯데케미칼,011170
2024-11-07,97300.0,"하락  1,400",97100.0,98500.0,93900.0,83283.0,롯데케미칼,011170
2024-11-08,87900.0,"하락  9,400",94900.0,98300.0,87600.0,254679.0,롯데케미칼,011170
2024-11-11,79100.0,"하락  8,800",87500.0,87600.0,78000.0,375074.0,롯데케미칼,011170
2024-11-12,77400.0,"하락  1,700",78500.0,80600.0,76600.0,132166.0,롯데케미칼,011170
2024-11-13,75500.0,"하락  1,900",76500.0,78000.0,74800.0,116773.0,롯데케미칼,011170
2024-11-14,79900.0,"상승  4,400",75400.0,79900.0,73000.0,136775.0,롯데케미칼,011170
2024-11-15,73400.0,"하락  6,500",76100.0,76100.0,72200.0,123844.0,롯데케미칼,011170
2024-11-18,65900.0,"하락  7,500",73400.0,74300.0,64800.0,642327.0,롯데케미칼,011170
2024-11-19,67200.0,"상승  1,300",67500.0,68200.0,66000.0,272618.0,롯데케미칼,011170
2024-11-20,65200.0,"하락  2,000",67100.0,67200.0,65100.0,258250.0,롯데케미칼,011170
2024-11-21,66500.0,"상승  1,300",65200.0,68500.0,64800.0,271979.0,롯데케미칼,011170
2024-11-22,66400.0,하락  100,66600.0,67200.0,66000.0,169712.0,롯데케미칼,011170
2024-11-25,67700.0,"상승  1,300",65800.0,68600.0,65800.0,267483.0,롯데케미칼,011170
2024-11-26,66700.0,"하락  1,000",67800.0,67900.0,66400.0,133556.0,롯데케미칼,011170
2024-11-27,66300.0,하락  400,67100.0,67900.0,66100.0,131277.0,롯데케미칼,011170
2024-11-28,69400.0,"상승  3,100",68500.0,70400.0,67700.0,361064.0,롯데케미칼,011170
2024-11-29,64500.0,"하락  4,900",68700.0,68900.0,64000.0,327464.0,롯데케미칼,011170
2024-12-02,62400.0,"하락  2,100",65200.0,65900.0,62200.0,228063.0,롯데케미칼,011170
2024-12-03,64400.0,"상승  2,000",62900.0,64800.0,62900.0,148652.0,롯데케미칼,011170
2024-12-04,62900.0,"하락  1,500",63000.0,64400.0,62000.0,141777.0,롯데케미칼,011170
2024-12-05,60200.0,"하락  2,700",62700.0,62900.0,60100.0,144741.0,롯데케미칼,011170
2024-12-06,59700.0,하락  500,60300.0,61200.0,58500.0,153830.0,롯데케미칼,011170
2024-12-09,56400.0,"하락  3,300",59300.0,59300.0,56400.0,137956.0,롯데케미칼,011170
2024-12-10,62300.0,"상승  5,900",57300.0,62700.0,57300.0,257562.0,롯데케미칼,011170
2024-12-11,62800.0,상승  500,62100.0,63200.0,61800.0,87574.0,롯데케미칼,011170
2024-12-12,65000.0,"상승  2,200",63200.0,65000.0,60900.0,212497.0,롯데케미칼,011170
2024-12-13,62900.0,"하락  2,100",64300.0,65000.0,62600.0,95881.0,롯데케미칼,011170
2024-12-16,65300.0,"상승  2,400",63600.0,66400.0,62800.0,174759.0,롯데케미칼,011170
2024-12-17,63100.0,"하락  2,200",64600.0,65400.0,63100.0,94815.0,롯데케미칼,011170
2024-12-18,64400.0,"상승  1,300",63800.0,65000.0,63700.0,68573.0,롯데케미칼,011170
2024-12-19,65100.0,상승  700,62700.0,66400.0,61700.0,132020.0,롯데케미칼,011170
2024-12-20,62600.0,"하락  2,500",64700.0,64700.0,60300.0,157491.0,롯데케미칼,011170
2024-12-23,63300.0,상승  700,62900.0,63500.0,61100.0,85677.0,롯데케미칼,011170
2024-12-24,61600.0,"하락  1,700",64000.0,64200.0,61500.0,102024.0,롯데케미칼,011170
2024-12-26,61000.0,하락  600,62100.0,63100.0,60500.0,72602.0,롯데케미칼,011170
2024-12-27,60500.0,하락  500,60400.0,61200.0,59800.0,58623.0,롯데케미칼,011170
2024-12-30,59800.0,하락  700,61000.0,61500.0,59800.0,54678.0,롯데케미칼,011170
2025-01-02,57800.0,"하락  2,000",59400.0,59800.0,57300.0,93434.0,롯데케미칼,011170
2025-01-03,59900.0,"상승  2,100",57600.0,61000.0,57600.0,118460.0,롯데케미칼,011170
2025-01-06,60100.0,상승  200,60000.0,60500.0,59000.0,73630.0,롯데케미칼,011170
2025-01-07,60300.0,상승  200,60100.0,61500.0,59900.0,71872.0,롯데케미칼,011170
2025-01-08,60100.0,하락  200,59800.0,61200.0,59300.0,128800.0,롯데케미칼,011170
2025-01-09,60000.0,하락  100,60100.0,60100.0,58400.0,156730.0,롯데케미칼,011170
2025-01-10,58600.0,"하락  1,400",59700.0,59700.0,58400.0,97677.0,롯데케미칼,011170
2025-01-13,57100.0,"하락  1,500",58100.0,58600.0,56900.0,112306.0,롯데케미칼,011170
2025-01-14,58000.0,상승  900,57300.0,58600.0,57300.0,71948.0,롯데케미칼,011170
2025-01-15,58000.0,보합0,58200.0,59200.0,57900.0,78418.0,롯데케미칼,011170
2025-01-16,57900.0,하락  100,58400.0,59700.0,57400.0,78125.0,롯데케미칼,011170
2025-01-17,57500.0,하락  400,57600.0,58500.0,57300.0,54950.0,롯데케미칼,011170
2025-01-20,58300.0,상승  800,57600.0,59300.0,57600.0,110831.0,롯데케미칼,011170
2025-01-21,58700.0,상승  400,58800.0,61100.0,57800.0,172528.0,롯데케미칼,011170
2025-01-22,59100.0,상승  400,59300.0,59400.0,57800.0,82721.0,롯데케미칼,011170
2025-01-23,56700.0,"하락  2,400",59500.0,59500.0,56700.0,156890.0,롯데케미칼,011170
2025-01-24,56900.0,상승  200,57000.0,57200.0,55900.0,78736.0,롯데케미칼,011170
2025-01-31,56800.0,하락  100,57600.0,57600.0,56000.0,95975.0,롯데케미칼,011170
2025-02-03,54100.0,"하락  2,700",56000.0,56100.0,53800.0,111103.0,롯데케미칼,011170
2025-02-04,53500.0,하락  600,54200.0,55000.0,53400.0,90419.0,롯데케미칼,011170
2025-02-05,54700.0,"상승  1,200",53700.0,56400.0,53600.0,115163.0,롯데케미칼,011170
2025-02-06,55600.0,상승  900,55000.0,55600.0,54200.0,49247.0,롯데케미칼,011170
2025-02-07,54500.0,"하락  1,100",55600.0,56400.0,54500.0,53446.0,롯데케미칼,011170
2025-02-10,53600.0,하락  900,54000.0,54500.0,51800.0,169790.0,롯데케미칼,011170
2025-02-11,54300.0,상승  700,54100.0,55000.0,52900.0,101480.0,롯데케미칼,011170
2025-02-12,53400.0,하락  900,54000.0,54900.0,53200.0,130013.0,롯데케미칼,011170
2025-02-13,59200.0,"상승  5,800",53800.0,59900.0,53400.0,588291.0,롯데케미칼,011170
2025-02-14,59000.0,하락  200,59300.0,61500.0,58700.0,212718.0,롯데케미칼,011170
2025-02-17,63400.0,"상승  4,400",60000.0,66500.0,59000.0,539182.0,롯데케미칼,011170
2025-02-18,65700.0,"상승  2,300",63700.0,66400.0,63200.0,301625.0,롯데케미칼,011170
2025-02-19,68900.0,"상승  3,200",66300.0,69600.0,64300.0,309466.0,롯데케미칼,011170
2025-02-20,70500.0,"상승  1,600",69100.0,73000.0,67500.0,390497.0,롯데케미칼,011170
2025-02-21,70500.0,보합0,70600.0,71800.0,69700.0,118420.0,롯데케미칼,011170
2025-02-24,66400.0,"하락  4,100",72000.0,73000.0,65400.0,320224.0,롯데케미칼,011170
2025-02-25,63600.0,"하락  2,800",65900.0,65900.0,63000.0,324596.0,롯데케미칼,011170
2025-02-26,67500.0,"상승  3,900",63800.0,68300.0,63700.0,305232.0,롯데케미칼,011170
2025-02-27,66300.0,"하락  1,200",67200.0,68500.0,65200.0,266478.0,롯데케미칼,011170
2025-02-28,62400.0,"하락  3,900",64900.0,65600.0,62400.0,1866326.0,롯데케미칼,011170
2025-03-04,61000.0,"하락  1,400",62400.0,63900.0,60900.0,207914.0,롯데케미칼,011170
2025-03-05,72000.0,"상승  11,000",62300.0,74200.0,62000.0,1074795.0,롯데케미칼,011170
2025-03-06,72800.0,상승  800,72900.0,74000.0,68800.0,409711.0,롯데케미칼,011170
2025-03-07,77900.0,"상승  5,100",71300.0,80000.0,71300.0,817372.0,롯데케미칼,011170
2025-03-10,76800.0,"하락  1,100",78300.0,78300.0,74600.0,346777.0,롯데케미칼,011170
2025-03-11,74400.0,"하락  2,400",74700.0,76000.0,73500.0,228543.0,롯데케미칼,011170
2025-03-12,74900.0,상승  500,74700.0,76000.0,72800.0,254294.0,롯데케미칼,011170
2025-03-13,75400.0,상승  500,75100.0,79100.0,73600.0,492195.0,롯데케미칼,011170
2025-03-14,74100.0,"하락  1,300",76000.0,78300.0,73300.0,222175.0,롯데케미칼,011170
2025-03-17,69800.0,"하락  4,300",74500.0,75400.0,69400.0,370090.0,롯데케미칼,011170
2025-03-18,68700.0,"하락  1,100",70000.0,71100.0,67900.0,188480.0,롯데케미칼,011170
2025-03-19,71000.0,"상승  2,300",68700.0,72800.0,68700.0,302495.0,롯데케미칼,011170
2025-03-20,70200.0,하락  800,71000.0,72600.0,69800.0,149009.0,롯데케미칼,011170
2025-03-21,69300.0,하락  900,70100.0,70200.0,67900.0,155979.0,롯데케미칼,011170
2025-03-24,67900.0,"하락  1,400",69500.0,70200.0,67600.0,59865.0,롯데케미칼,011170
2025-03-25,66300.0,"하락  1,600",67900.0,68300.0,65700.0,121017.0,롯데케미칼,011170
2025-03-26,68100.0,"상승  1,800",67000.0,68600.0,66700.0,87978.0,롯데케미칼,011170
2025-03-27,71800.0,"상승  3,700",68100.0,72350.0,67700.0,209410.0,롯데케미칼,011170
2025-03-28,67800.0,"하락  4,000",70500.0,70900.0,67500.0,156751.0,롯데케미칼,011170
2025-03-31,65400.0,"하락  2,400",67000.0,67000.0,64000.0,205738.0,롯데케미칼,011170
2025-04-01,65600.0,상승  200,66100.0,66500.0,63200.0,173505.0,롯데케미칼,011170
2025-04-02,63000.0,"하락  2,600",65300.0,65900.0,62800.0,221086.0,롯데케미칼,011170
2025-04-03,59800.0,"하락  3,200",61100.0,61800.0,59300.0,304671.0,롯데케미칼,011170
2025-04-04,60900.0,"상승  1,100",58700.0,61200.0,57900.0,231381.0,롯데케미칼,011170
2025-04-07,57100.0,"하락  3,800",57000.0,58800.0,56500.0,125602.0,롯데케미칼,011170
2025-04-08,56200.0,하락  900,57900.0,58300.0,55900.0,141053.0,롯데케미칼,011170
2025-04-09,54400.0,"하락  1,800",55500.0,57200.0,53800.0,123869.0,롯데케미칼,011170
2025-04-10,57800.0,"상승  3,400",57200.0,58000.0,56300.0,215326.0,롯데케미칼,011170
2025-04-11,58800.0,"상승  1,000",56800.0,58800.0,55600.0,147861.0,롯데케미칼,011170
2025-04-14,58600.0,하락  200,59100.0,60700.0,57900.0,114489.0,롯데케미칼,011170
2025-04-15,59100.0,상승  500,59200.0,60100.0,58600.0,99497.0,롯데케미칼,011170
2025-04-16,60200.0,"상승  1,100",60700.0,61900.0,59700.0,147272.0,롯데케미칼,011170
2025-04-17,59300.0,하락  900,60000.0,60600.0,58800.0,87731.0,롯데케미칼,011170
2025-04-18,60400.0,"상승  1,100",59700.0,60700.0,59400.0,44980.0,롯데케미칼,011170
2025-04-21,61000.0,상승  600,60800.0,61300.0,59600.0,52531.0,롯데케미칼,011170
2025-04-22,61300.0,상승  300,60300.0,62700.0,60300.0,80871.0,롯데케미칼,011170
2025-04-23,62900.0,"상승  1,600",62100.0,63800.0,61700.0,91793.0,롯데케미칼,011170
2025-04-24,62800.0,하락  100,62900.0,63600.0,62000.0,73911.0,롯데케미칼,011170
2025-04-25,63700.0,상승  900,63300.0,64800.0,62900.0,92889.0,롯데케미칼,011170
2025-04-28,61900.0,"하락  1,800",63600.0,64300.0,61600.0,90934.0,롯데케미칼,011170
2025-04-29,62000.0,상승  100,62300.0,62800.0,61600.0,84699.0,롯데케미칼,011170
2025-04-30,60300.0,"하락  1,700",61600.0,62100.0,59900.0,104565.0,롯데케미칼,011170
2025-05-02,60100.0,하락  200,60100.0,60600.0,59400.0,49053.0,롯데케미칼,011170
2025-05-07,66000.0,"상승  5,900",61100.0,66000.0,60600.0,237601.0,롯데케미칼,011170
2025-05-08,65400.0,하락  600,65200.0,66500.0,64800.0,117639.0,롯데케미칼,011170
2025-05-09,61800.0,"하락  3,600",65400.0,66700.0,61100.0,128493.0,롯데케미칼,011170
2025-05-12,65100.0,"상승  3,300",63300.0,65100.0,62000.0,98019.0,롯데케미칼,011170
2025-05-13,63300.0,"하락  1,800",64500.0,65600.0,63000.0,68007.0,롯데케미칼,011170
2025-05-14,59200.0,"하락  4,100",64300.0,65500.0,58900.0,369453.0,롯데케미칼,011170
2025-05-15,58700.0,하락  500,59300.0,59300.0,58400.0,103193.0,롯데케미칼,011170
2025-05-16,58300.0,하락  400,59200.0,59200.0,57600.0,79627.0,롯데케미칼,011170
2025-05-19,57700.0,하락  600,58400.0,59300.0,57000.0,110679.0,롯데케미칼,011170
2025-05-20,56600.0,"하락  1,100",57900.0,58000.0,55400.0,171695.0,롯데케미칼,011170
2025-05-21,56700.0,상승  100,56700.0,57300.0,56400.0,58723.0,롯데케미칼,011170
2025-05-22,57000.0,상승  300,56500.0,57800.0,55800.0,87477.0,롯데케미칼,011170
2025-05-23,56400.0,하락  600,56800.0,57200.0,56000.0,63058.0,롯데케미칼,011170
2025-05-26,57900.0,"상승  1,500",56300.0,58300.0,56300.0,87284.0,롯데케미칼,011170
2025-05-27,57900.0,보합0,57400.0,58600.0,56900.0,80327.0,롯데케미칼,011170
2025-05-28,59500.0,"상승  1,600",58000.0,59800.0,57500.0,135136.0,롯데케미칼,011170
2025-05-29,59700.0,상승  200,59900.0,60600.0,59200.0,142692.0,롯데케미칼,011170
