날짜,종가,전일비,시가,고가,저가,거래량,회사명,종목코드
2020-03-13,36450.0,"하락  3,000",36000.0,38300.0,33300.0,1431418.0,롯데에너지머티리얼즈,020150
2020-03-16,33950.0,"하락  2,500",37150.0,37700.0,33900.0,808511.0,롯데에너지머티리얼즈,020150
2020-03-17,33350.0,하락  600,31750.0,34500.0,31450.0,1021655.0,롯데에너지머티리얼즈,020150
2020-03-18,28700.0,"하락  4,650",33800.0,34050.0,28650.0,1267427.0,롯데에너지머티리얼즈,020150
2020-03-19,22550.0,"하락  6,150",29250.0,29900.0,21700.0,2306945.0,롯데에너지머티리얼즈,020150
2020-03-20,25050.0,"상승  2,500",23900.0,25450.0,23050.0,1569859.0,롯데에너지머티리얼즈,020150
2020-03-23,23900.0,"하락  1,150",22800.0,25350.0,22700.0,1085539.0,롯데에너지머티리얼즈,020150
2020-03-24,27800.0,"상승  3,900",24950.0,27950.0,24400.0,1691246.0,롯데에너지머티리얼즈,020150
2020-03-25,31050.0,"상승  3,250",29900.0,31050.0,29000.0,1734685.0,롯데에너지머티리얼즈,020150
2020-03-26,31100.0,상승  50,31300.0,34000.0,30200.0,1683655.0,롯데에너지머티리얼즈,020150
2020-03-27,31850.0,상승  750,33200.0,33300.0,30050.0,1172248.0,롯데에너지머티리얼즈,020150
2020-03-30,32200.0,상승  350,30400.0,32400.0,30250.0,745682.0,롯데에너지머티리얼즈,020150
2020-03-31,31400.0,하락  800,32650.0,32850.0,30600.0,962023.0,롯데에너지머티리얼즈,020150
2020-04-01,30850.0,하락  550,31000.0,32500.0,30450.0,825742.0,롯데에너지머티리얼즈,020150
2020-04-02,31300.0,상승  450,31000.0,31350.0,29600.0,714761.0,롯데에너지머티리얼즈,020150
2020-04-03,31400.0,상승  100,32650.0,32700.0,30850.0,828294.0,롯데에너지머티리얼즈,020150
2020-04-06,32250.0,상승  850,31350.0,32250.0,31000.0,840363.0,롯데에너지머티리얼즈,020150
2020-04-07,33350.0,"상승  1,100",33450.0,34500.0,32400.0,1243052.0,롯데에너지머티리얼즈,020150
2020-04-08,35250.0,"상승  1,900",33350.0,37200.0,32900.0,1962604.0,롯데에너지머티리얼즈,020150
2020-04-09,36200.0,상승  950,36350.0,36900.0,35500.0,979640.0,롯데에너지머티리얼즈,020150
2020-04-10,36200.0,보합0,36450.0,36800.0,34750.0,886382.0,롯데에너지머티리얼즈,020150
2020-04-13,34050.0,"하락  2,150",35750.0,35900.0,34000.0,713305.0,롯데에너지머티리얼즈,020150
2020-04-14,35600.0,"상승  1,550",35500.0,36100.0,35150.0,641833.0,롯데에너지머티리얼즈,020150
2020-04-16,38300.0,"상승  2,700",36000.0,38400.0,35800.0,1314387.0,롯데에너지머티리얼즈,020150
2020-04-17,40650.0,"상승  2,350",39850.0,41650.0,39700.0,1577286.0,롯데에너지머티리얼즈,020150
2020-04-20,40750.0,상승  100,40900.0,41750.0,40150.0,788886.0,롯데에너지머티리얼즈,020150
2020-04-21,40500.0,하락  250,40300.0,41300.0,37500.0,1226510.0,롯데에너지머티리얼즈,020150
2020-04-22,40650.0,상승  150,39300.0,40700.0,38900.0,616764.0,롯데에너지머티리얼즈,020150
2020-04-23,40450.0,하락  200,41550.0,41600.0,40200.0,494819.0,롯데에너지머티리얼즈,020150
2020-04-24,39150.0,"하락  1,300",39550.0,40100.0,38950.0,589627.0,롯데에너지머티리얼즈,020150
2020-04-27,39650.0,상승  500,39250.0,39750.0,38650.0,386475.0,롯데에너지머티리얼즈,020150
2020-04-28,39450.0,하락  200,40700.0,40750.0,39250.0,424702.0,롯데에너지머티리얼즈,020150
2020-04-29,39850.0,상승  400,39600.0,40200.0,39500.0,341009.0,롯데에너지머티리얼즈,020150
2020-05-04,39200.0,하락  650,38650.0,39500.0,38600.0,313485.0,롯데에너지머티리얼즈,020150
2020-05-06,39400.0,상승  200,39800.0,39900.0,39000.0,268666.0,롯데에너지머티리얼즈,020150
2020-05-07,40000.0,상승  600,39300.0,40200.0,39050.0,297049.0,롯데에너지머티리얼즈,020150
2020-05-08,40400.0,상승  400,40200.0,40600.0,40000.0,394866.0,롯데에너지머티리얼즈,020150
2020-05-11,39900.0,하락  500,40600.0,40600.0,39850.0,293989.0,롯데에너지머티리얼즈,020150
2020-05-12,39350.0,하락  550,39700.0,39800.0,38650.0,360286.0,롯데에너지머티리얼즈,020150
2020-05-13,42500.0,"상승  3,150",38550.0,44150.0,38550.0,1925740.0,롯데에너지머티리얼즈,020150
2020-05-14,42800.0,상승  300,42500.0,43350.0,41350.0,1187880.0,롯데에너지머티리얼즈,020150
2020-05-15,42850.0,상승  50,43200.0,43250.0,42050.0,497928.0,롯데에너지머티리얼즈,020150
2020-05-18,44500.0,"상승  1,650",43250.0,45300.0,42500.0,1056032.0,롯데에너지머티리얼즈,020150
2020-05-19,44250.0,하락  250,45650.0,45750.0,44000.0,626622.0,롯데에너지머티리얼즈,020150
2020-05-20,46900.0,"상승  2,650",44650.0,47200.0,44200.0,813567.0,롯데에너지머티리얼즈,020150
2020-05-21,47400.0,상승  500,47850.0,48300.0,47200.0,733820.0,롯데에너지머티리얼즈,020150
2020-05-22,47200.0,하락  200,47800.0,48350.0,46800.0,723163.0,롯데에너지머티리얼즈,020150
2020-05-25,49000.0,"상승  1,800",47500.0,49100.0,47000.0,730341.0,롯데에너지머티리얼즈,020150
2020-05-26,49800.0,상승  800,49900.0,51100.0,49100.0,991281.0,롯데에너지머티리얼즈,020150
2020-05-27,47400.0,"하락  2,400",49100.0,49450.0,47100.0,948717.0,롯데에너지머티리얼즈,020150
2020-05-28,46400.0,"하락  1,000",47550.0,48050.0,44700.0,962083.0,롯데에너지머티리얼즈,020150
2020-05-29,46650.0,상승  250,46150.0,47150.0,45350.0,436926.0,롯데에너지머티리얼즈,020150
2020-06-01,47300.0,상승  650,46700.0,47850.0,46650.0,369510.0,롯데에너지머티리얼즈,020150
2020-06-02,46900.0,하락  400,47550.0,48250.0,46900.0,424785.0,롯데에너지머티리얼즈,020150
2020-06-03,46050.0,하락  850,47300.0,47300.0,45800.0,532081.0,롯데에너지머티리얼즈,020150
2020-06-04,47600.0,"상승  1,550",46250.0,48000.0,46250.0,713981.0,롯데에너지머티리얼즈,020150
2020-06-05,47900.0,상승  300,48000.0,48700.0,47600.0,447328.0,롯데에너지머티리얼즈,020150
2020-06-08,47450.0,하락  450,48400.0,48600.0,47200.0,335919.0,롯데에너지머티리얼즈,020150
2020-06-09,47600.0,상승  150,48050.0,48500.0,47050.0,465754.0,롯데에너지머티리얼즈,020150
2020-06-10,47900.0,상승  300,47200.0,47900.0,47100.0,339605.0,롯데에너지머티리얼즈,020150
2020-06-11,48300.0,상승  400,49400.0,49700.0,48050.0,1133429.0,롯데에너지머티리얼즈,020150
2020-06-12,46700.0,"하락  1,600",45100.0,47300.0,45100.0,692916.0,롯데에너지머티리얼즈,020150
2020-06-15,44550.0,"하락  2,150",46000.0,48500.0,44500.0,852438.0,롯데에너지머티리얼즈,020150
2020-06-16,48150.0,"상승  3,600",46150.0,48300.0,45450.0,677575.0,롯데에너지머티리얼즈,020150
2020-06-17,49000.0,상승  850,48050.0,49850.0,47650.0,1025489.0,롯데에너지머티리얼즈,020150
2020-06-18,47850.0,"하락  1,150",49050.0,49150.0,47600.0,489031.0,롯데에너지머티리얼즈,020150
2020-06-19,47850.0,보합0,48500.0,48500.0,46500.0,517886.0,롯데에너지머티리얼즈,020150
2020-06-22,49200.0,"상승  1,350",47400.0,49900.0,47200.0,943953.0,롯데에너지머티리얼즈,020150
2020-06-23,48500.0,하락  700,50000.0,50100.0,48050.0,714072.0,롯데에너지머티리얼즈,020150
2020-06-24,48650.0,상승  150,49000.0,49250.0,48150.0,453855.0,롯데에너지머티리얼즈,020150
2020-06-25,53000.0,"상승  4,350",50300.0,53700.0,50100.0,4541445.0,롯데에너지머티리얼즈,020150
2020-06-26,52100.0,하락  900,54200.0,54400.0,50800.0,1583645.0,롯데에너지머티리얼즈,020150
2020-06-29,50100.0,"하락  2,000",51000.0,52100.0,49950.0,760426.0,롯데에너지머티리얼즈,020150
2020-06-30,49600.0,하락  500,51300.0,51300.0,48750.0,755231.0,롯데에너지머티리얼즈,020150
2020-07-01,48750.0,하락  850,50200.0,50900.0,48700.0,592274.0,롯데에너지머티리얼즈,020150
2020-07-02,49700.0,상승  950,49100.0,49750.0,48200.0,427727.0,롯데에너지머티리얼즈,020150
2020-07-03,51300.0,"상승  1,600",50500.0,52500.0,50200.0,897335.0,롯데에너지머티리얼즈,020150
2020-07-06,52500.0,"상승  1,200",51600.0,52900.0,51100.0,703209.0,롯데에너지머티리얼즈,020150
2020-07-07,51900.0,하락  600,53400.0,54500.0,51600.0,865422.0,롯데에너지머티리얼즈,020150
2020-07-08,51900.0,보합0,52000.0,52700.0,51200.0,324634.0,롯데에너지머티리얼즈,020150
2020-07-09,52300.0,상승  400,52400.0,52600.0,51200.0,643535.0,롯데에너지머티리얼즈,020150
2020-07-10,51600.0,하락  700,52200.0,52200.0,50700.0,477988.0,롯데에너지머티리얼즈,020150
2020-07-13,52600.0,"상승  1,000",52700.0,52800.0,51900.0,447251.0,롯데에너지머티리얼즈,020150
2020-07-14,51200.0,"하락  1,400",51700.0,51800.0,50800.0,432637.0,롯데에너지머티리얼즈,020150
2020-07-15,51500.0,상승  300,51700.0,51700.0,50600.0,388133.0,롯데에너지머티리얼즈,020150
2020-07-16,50900.0,하락  600,51500.0,52400.0,50600.0,376072.0,롯데에너지머티리얼즈,020150
2020-07-17,50500.0,하락  400,50600.0,51200.0,49950.0,307720.0,롯데에너지머티리얼즈,020150
2020-07-20,50000.0,하락  500,51000.0,51000.0,49550.0,374634.0,롯데에너지머티리얼즈,020150
2020-07-21,50300.0,상승  300,50800.0,50900.0,50100.0,319556.0,롯데에너지머티리얼즈,020150
2020-07-22,49850.0,하락  450,50300.0,50400.0,48600.0,471440.0,롯데에너지머티리얼즈,020150
2020-07-23,50800.0,상승  950,50700.0,51400.0,50200.0,592728.0,롯데에너지머티리얼즈,020150
2020-07-24,49700.0,"하락  1,100",49950.0,50300.0,49250.0,389770.0,롯데에너지머티리얼즈,020150
2020-07-27,49850.0,상승  150,49100.0,50100.0,49100.0,274227.0,롯데에너지머티리얼즈,020150
2020-07-28,49650.0,하락  200,50400.0,50700.0,49650.0,410098.0,롯데에너지머티리얼즈,020150
2020-07-29,49450.0,하락  200,49500.0,49850.0,49100.0,263353.0,롯데에너지머티리얼즈,020150
2020-07-30,51000.0,"상승  1,550",50000.0,51400.0,49900.0,584780.0,롯데에너지머티리얼즈,020150
2020-07-31,50700.0,하락  300,51200.0,52500.0,50600.0,869486.0,롯데에너지머티리얼즈,020150
2020-08-03,55200.0,"상승  4,500",51200.0,55300.0,51100.0,2490868.0,롯데에너지머티리얼즈,020150
2020-08-04,53200.0,"하락  2,000",55700.0,56200.0,53000.0,1595837.0,롯데에너지머티리얼즈,020150
2020-08-05,54900.0,"상승  1,700",53500.0,55200.0,52600.0,1319256.0,롯데에너지머티리얼즈,020150
2020-08-06,55300.0,상승  400,55700.0,56900.0,54200.0,1293844.0,롯데에너지머티리얼즈,020150
2020-08-07,56000.0,상승  700,55800.0,57900.0,55400.0,1600253.0,롯데에너지머티리얼즈,020150
2020-08-10,56300.0,상승  300,56700.0,56900.0,54400.0,839936.0,롯데에너지머티리얼즈,020150
2020-08-11,55400.0,하락  900,56400.0,57200.0,55200.0,612549.0,롯데에너지머티리얼즈,020150
2020-08-12,54200.0,"하락  1,200",55300.0,55300.0,53500.0,693013.0,롯데에너지머티리얼즈,020150
2020-08-13,54400.0,상승  200,55000.0,55700.0,54200.0,714758.0,롯데에너지머티리얼즈,020150
2020-08-14,54000.0,하락  400,54400.0,54600.0,52500.0,461822.0,롯데에너지머티리얼즈,020150
2020-08-18,50900.0,"하락  3,100",54000.0,54200.0,50000.0,713134.0,롯데에너지머티리얼즈,020150
2020-08-19,52400.0,"상승  1,500",51500.0,52400.0,50800.0,507951.0,롯데에너지머티리얼즈,020150
2020-08-20,48900.0,"하락  3,500",51800.0,52200.0,48650.0,757945.0,롯데에너지머티리얼즈,020150
2020-08-21,49700.0,상승  800,49400.0,50800.0,47950.0,587288.0,롯데에너지머티리얼즈,020150
2020-08-24,51900.0,"상승  2,200",49500.0,52200.0,48800.0,446970.0,롯데에너지머티리얼즈,020150
2020-08-25,52100.0,상승  200,52200.0,52500.0,51200.0,309582.0,롯데에너지머티리얼즈,020150
2020-08-26,51600.0,하락  500,52100.0,52200.0,50500.0,377664.0,롯데에너지머티리얼즈,020150
2020-08-27,50700.0,하락  900,51800.0,52800.0,50700.0,513867.0,롯데에너지머티리얼즈,020150
2020-08-28,50200.0,하락  500,51000.0,51200.0,49800.0,391838.0,롯데에너지머티리얼즈,020150
2020-08-31,49850.0,하락  350,50500.0,50800.0,49150.0,383181.0,롯데에너지머티리얼즈,020150
2020-09-01,50300.0,상승  450,49950.0,50300.0,49800.0,243493.0,롯데에너지머티리얼즈,020150
2020-09-02,50200.0,하락  100,50700.0,50800.0,49950.0,222145.0,롯데에너지머티리얼즈,020150
2020-09-03,50400.0,상승  200,50400.0,50800.0,50000.0,294572.0,롯데에너지머티리얼즈,020150
2020-09-04,50800.0,상승  400,47750.0,51300.0,47750.0,707350.0,롯데에너지머티리얼즈,020150
2020-09-07,51400.0,상승  600,52600.0,52900.0,51200.0,641180.0,롯데에너지머티리얼즈,020150
2020-09-08,50600.0,하락  800,51800.0,51900.0,50400.0,403099.0,롯데에너지머티리얼즈,020150
2020-09-09,49600.0,"하락  1,000",49500.0,50200.0,49500.0,300144.0,롯데에너지머티리얼즈,020150
2020-09-10,49550.0,하락  50,50400.0,50400.0,49350.0,451918.0,롯데에너지머티리얼즈,020150
2020-09-11,49500.0,하락  50,49350.0,49500.0,48900.0,249145.0,롯데에너지머티리얼즈,020150
2020-09-14,49800.0,상승  300,49750.0,50000.0,49250.0,295977.0,롯데에너지머티리얼즈,020150
2020-09-15,49950.0,상승  150,50300.0,50300.0,49700.0,225092.0,롯데에너지머티리얼즈,020150
2020-09-16,49300.0,하락  650,50000.0,50100.0,49050.0,282869.0,롯데에너지머티리얼즈,020150
2020-09-17,48300.0,"하락  1,000",49200.0,49250.0,48300.0,284309.0,롯데에너지머티리얼즈,020150
2020-09-18,48750.0,상승  450,48150.0,49300.0,48100.0,240807.0,롯데에너지머티리얼즈,020150
2020-09-21,47450.0,"하락  1,300",48900.0,49300.0,47150.0,337820.0,롯데에너지머티리얼즈,020150
2020-09-22,46450.0,"하락  1,000",47450.0,47900.0,46150.0,307350.0,롯데에너지머티리얼즈,020150
2020-09-23,46350.0,하락  100,47300.0,48800.0,45050.0,380585.0,롯데에너지머티리얼즈,020150
2020-09-24,42550.0,"하락  3,800",44700.0,45800.0,42250.0,528297.0,롯데에너지머티리얼즈,020150
2020-09-25,42150.0,하락  400,42700.0,43200.0,40300.0,579240.0,롯데에너지머티리얼즈,020150
2020-09-28,43850.0,"상승  1,700",42500.0,43850.0,42250.0,215853.0,롯데에너지머티리얼즈,020150
2020-09-29,45150.0,"상승  1,300",44900.0,45650.0,44300.0,243701.0,롯데에너지머티리얼즈,020150
2020-10-05,45000.0,하락  150,45350.0,45800.0,43900.0,240617.0,롯데에너지머티리얼즈,020150
2020-10-06,45450.0,상승  450,45250.0,45700.0,45100.0,135469.0,롯데에너지머티리얼즈,020150
2020-10-07,44950.0,하락  500,44700.0,44950.0,44300.0,237307.0,롯데에너지머티리얼즈,020150
2020-10-08,45400.0,상승  450,45250.0,45650.0,45000.0,301157.0,롯데에너지머티리얼즈,020150
2020-10-12,45400.0,보합0,45800.0,45950.0,44900.0,200194.0,롯데에너지머티리얼즈,020150
2020-10-13,44600.0,하락  800,45450.0,45450.0,44350.0,180634.0,롯데에너지머티리얼즈,020150
2020-10-14,43400.0,"하락  1,200",44500.0,44500.0,43050.0,264165.0,롯데에너지머티리얼즈,020150
2020-10-15,42250.0,"하락  1,150",43350.0,43350.0,41500.0,297213.0,롯데에너지머티리얼즈,020150
2020-10-16,41800.0,하락  450,42400.0,43050.0,41100.0,252381.0,롯데에너지머티리얼즈,020150
2020-10-19,41050.0,하락  750,41800.0,42200.0,40700.0,303522.0,롯데에너지머티리얼즈,020150
2020-10-20,41800.0,상승  750,40500.0,41800.0,40350.0,211084.0,롯데에너지머티리얼즈,020150
2020-10-21,42250.0,상승  450,42150.0,42300.0,41450.0,143647.0,롯데에너지머티리얼즈,020150
2020-10-22,41150.0,"하락  1,100",42150.0,42150.0,40850.0,235906.0,롯데에너지머티리얼즈,020150
2020-10-23,41150.0,보합0,41150.0,41200.0,40450.0,151282.0,롯데에너지머티리얼즈,020150
2020-10-26,42150.0,"상승  1,000",45500.0,47700.0,41900.0,1682978.0,롯데에너지머티리얼즈,020150
2020-10-27,41900.0,하락  250,41750.0,42900.0,41050.0,467636.0,롯데에너지머티리얼즈,020150
2020-10-28,42550.0,상승  650,41800.0,42600.0,41650.0,254593.0,롯데에너지머티리얼즈,020150
2020-10-29,42850.0,상승  300,41600.0,42850.0,41400.0,249418.0,롯데에너지머티리얼즈,020150
2020-10-30,42700.0,하락  150,42800.0,42850.0,41800.0,217644.0,롯데에너지머티리얼즈,020150
2020-11-02,43100.0,상승  400,42500.0,43100.0,42000.0,170872.0,롯데에너지머티리얼즈,020150
2020-11-03,44000.0,상승  900,43350.0,44500.0,43350.0,380564.0,롯데에너지머티리얼즈,020150
2020-11-04,44100.0,상승  100,44750.0,44750.0,43750.0,275012.0,롯데에너지머티리얼즈,020150
2020-11-05,45600.0,"상승  1,500",44650.0,45650.0,44350.0,387184.0,롯데에너지머티리얼즈,020150
2020-11-06,45650.0,상승  50,46050.0,46800.0,45500.0,425764.0,롯데에너지머티리얼즈,020150
2020-11-09,46800.0,"상승  1,150",46750.0,47050.0,46300.0,395409.0,롯데에너지머티리얼즈,020150
2020-11-10,47250.0,상승  450,47800.0,48650.0,47100.0,646863.0,롯데에너지머티리얼즈,020150
2020-11-11,45850.0,"하락  1,400",47300.0,47300.0,45850.0,441263.0,롯데에너지머티리얼즈,020150
2020-11-12,46150.0,상승  300,46000.0,46950.0,45950.0,379135.0,롯데에너지머티리얼즈,020150
2020-11-13,46500.0,상승  350,45700.0,46500.0,44650.0,272848.0,롯데에너지머티리얼즈,020150
2020-11-16,46100.0,하락  400,46300.0,46350.0,45500.0,249597.0,롯데에너지머티리얼즈,020150
2020-11-17,44400.0,"하락  1,700",45400.0,46700.0,44200.0,666215.0,롯데에너지머티리얼즈,020150
2020-11-18,44600.0,상승  200,44050.0,44750.0,43050.0,322258.0,롯데에너지머티리얼즈,020150
2020-11-19,44300.0,하락  300,44650.0,44700.0,44000.0,162112.0,롯데에너지머티리얼즈,020150
2020-11-20,45000.0,상승  700,44950.0,45000.0,44500.0,233817.0,롯데에너지머티리얼즈,020150
2020-11-23,45350.0,상승  350,44700.0,45350.0,44600.0,219961.0,롯데에너지머티리얼즈,020150
2020-11-24,45450.0,상승  100,45550.0,45650.0,45000.0,304776.0,롯데에너지머티리얼즈,020150
2020-11-25,45000.0,하락  450,46000.0,46050.0,44400.0,357127.0,롯데에너지머티리얼즈,020150
2020-11-26,44900.0,하락  100,44500.0,45250.0,44500.0,162127.0,롯데에너지머티리얼즈,020150
2020-11-27,46850.0,"상승  1,950",45350.0,46950.0,45150.0,729144.0,롯데에너지머티리얼즈,020150
2020-11-30,46800.0,하락  50,47450.0,47700.0,46550.0,449598.0,롯데에너지머티리얼즈,020150
2020-12-01,46800.0,보합0,47000.0,47250.0,46050.0,242006.0,롯데에너지머티리얼즈,020150
2020-12-02,46900.0,상승  100,47200.0,47200.0,46600.0,268133.0,롯데에너지머티리얼즈,020150
2020-12-03,46750.0,하락  150,46900.0,46950.0,45850.0,232605.0,롯데에너지머티리얼즈,020150
2020-12-04,47150.0,상승  400,47200.0,47300.0,46500.0,387453.0,롯데에너지머티리얼즈,020150
2020-12-07,45950.0,"하락  1,200",46700.0,47000.0,45550.0,396046.0,롯데에너지머티리얼즈,020150
2020-12-08,46000.0,상승  50,45950.0,47200.0,45700.0,352460.0,롯데에너지머티리얼즈,020150
2020-12-09,46400.0,상승  400,46050.0,46450.0,45250.0,330199.0,롯데에너지머티리얼즈,020150
2020-12-10,46250.0,하락  150,46000.0,46400.0,45400.0,438822.0,롯데에너지머티리얼즈,020150
2020-12-11,48400.0,"상승  2,150",46400.0,48450.0,46100.0,988388.0,롯데에너지머티리얼즈,020150
2020-12-14,47600.0,하락  800,47800.0,48350.0,47200.0,416373.0,롯데에너지머티리얼즈,020150
2020-12-15,48350.0,상승  750,47800.0,48600.0,47500.0,361497.0,롯데에너지머티리얼즈,020150
2020-12-16,49700.0,"상승  1,350",48850.0,49850.0,48650.0,752055.0,롯데에너지머티리얼즈,020150
2020-12-17,50400.0,상승  700,50600.0,50900.0,49700.0,724705.0,롯데에너지머티리얼즈,020150
2020-12-18,49700.0,하락  700,50500.0,50600.0,49450.0,427331.0,롯데에너지머티리얼즈,020150
2020-12-21,50100.0,상승  400,49950.0,50400.0,48800.0,415893.0,롯데에너지머티리얼즈,020150
2020-12-22,48600.0,"하락  1,500",49600.0,49900.0,48400.0,392958.0,롯데에너지머티리얼즈,020150
2020-12-23,49200.0,상승  600,48750.0,49350.0,47450.0,380888.0,롯데에너지머티리얼즈,020150
2020-12-24,49500.0,상승  300,49600.0,49700.0,48850.0,343337.0,롯데에너지머티리얼즈,020150
2020-12-28,50400.0,상승  900,49500.0,50500.0,48850.0,507807.0,롯데에너지머티리얼즈,020150
2020-12-29,50500.0,상승  100,51500.0,51900.0,49950.0,510897.0,롯데에너지머티리얼즈,020150
2020-12-30,50900.0,상승  400,50600.0,50900.0,49950.0,354834.0,롯데에너지머티리얼즈,020150
2021-01-04,52500.0,"상승  1,600",52000.0,52800.0,50900.0,802979.0,롯데에너지머티리얼즈,020150
2021-01-05,53000.0,상승  500,52500.0,53600.0,51600.0,613593.0,롯데에너지머티리얼즈,020150
2021-01-06,52400.0,하락  600,53700.0,53700.0,51800.0,526107.0,롯데에너지머티리얼즈,020150
2021-01-07,52600.0,상승  200,52900.0,52900.0,52000.0,399206.0,롯데에너지머티리얼즈,020150
2021-01-08,56400.0,"상승  3,800",53900.0,56800.0,53100.0,1681455.0,롯데에너지머티리얼즈,020150
2021-01-11,58600.0,"상승  2,200",58100.0,61500.0,55900.0,2020539.0,롯데에너지머티리얼즈,020150
2021-01-12,58800.0,상승  200,59500.0,59600.0,56500.0,739195.0,롯데에너지머티리얼즈,020150
2021-01-13,59000.0,상승  200,59400.0,60100.0,57400.0,619237.0,롯데에너지머티리얼즈,020150
2021-01-14,60800.0,"상승  1,800",59000.0,61400.0,58600.0,1358309.0,롯데에너지머티리얼즈,020150
2021-01-15,59000.0,"하락  1,800",60800.0,61800.0,58700.0,595545.0,롯데에너지머티리얼즈,020150
2021-01-18,56900.0,"하락  2,100",57900.0,58600.0,56200.0,644612.0,롯데에너지머티리얼즈,020150
2021-01-19,60000.0,"상승  3,100",57700.0,60400.0,57300.0,727055.0,롯데에너지머티리얼즈,020150
2021-01-20,60900.0,상승  900,60800.0,60900.0,59400.0,474547.0,롯데에너지머티리얼즈,020150
2021-01-21,61400.0,상승  500,61600.0,61700.0,60100.0,388688.0,롯데에너지머티리얼즈,020150
2021-01-22,64400.0,"상승  3,000",60900.0,65500.0,60600.0,1061737.0,롯데에너지머티리얼즈,020150
2021-01-25,64200.0,하락  200,65100.0,66300.0,63700.0,517637.0,롯데에너지머티리얼즈,020150
2021-01-26,66000.0,"상승  1,800",64200.0,66000.0,63200.0,492624.0,롯데에너지머티리얼즈,020150
2021-01-27,67500.0,"상승  1,500",66300.0,69800.0,65200.0,801913.0,롯데에너지머티리얼즈,020150
2021-01-28,69400.0,"상승  1,900",65100.0,70000.0,65100.0,791460.0,롯데에너지머티리얼즈,020150
2021-01-29,71400.0,"상승  2,000",70300.0,73500.0,67500.0,1337393.0,롯데에너지머티리얼즈,020150
2021-02-01,70700.0,하락  700,71600.0,71800.0,68400.0,545753.0,롯데에너지머티리얼즈,020150
2021-02-02,75500.0,"상승  4,800",71600.0,76800.0,70100.0,903917.0,롯데에너지머티리얼즈,020150
2021-02-03,79000.0,"상승  3,500",76000.0,80700.0,76000.0,1205920.0,롯데에너지머티리얼즈,020150
2021-02-04,77500.0,"하락  1,500",78500.0,79600.0,76000.0,823739.0,롯데에너지머티리얼즈,020150
2021-02-05,76200.0,"하락  1,300",78200.0,82200.0,75000.0,1956543.0,롯데에너지머티리얼즈,020150
2021-02-08,76800.0,상승  600,75200.0,78000.0,71800.0,620470.0,롯데에너지머티리얼즈,020150
2021-02-09,75000.0,"하락  1,800",76800.0,76800.0,74700.0,487847.0,롯데에너지머티리얼즈,020150
2021-02-10,76900.0,"상승  1,900",75700.0,78000.0,75400.0,690265.0,롯데에너지머티리얼즈,020150
2021-02-15,77900.0,"상승  1,000",78300.0,79400.0,77100.0,482107.0,롯데에너지머티리얼즈,020150
2021-02-16,78000.0,상승  100,78100.0,79300.0,77000.0,278280.0,롯데에너지머티리얼즈,020150
2021-02-17,80000.0,"상승  2,000",78000.0,80500.0,77100.0,503077.0,롯데에너지머티리얼즈,020150
2021-02-18,80800.0,상승  800,81200.0,82300.0,79800.0,470253.0,롯데에너지머티리얼즈,020150
2021-02-19,81000.0,상승  200,79800.0,81000.0,78700.0,350628.0,롯데에너지머티리얼즈,020150
2021-02-22,80000.0,"하락  1,000",81400.0,82000.0,79000.0,323899.0,롯데에너지머티리얼즈,020150
2021-02-23,76600.0,"하락  3,400",78100.0,79000.0,76100.0,621823.0,롯데에너지머티리얼즈,020150
2021-02-24,72500.0,"하락  4,100",76600.0,77300.0,72100.0,679201.0,롯데에너지머티리얼즈,020150
2021-02-25,73000.0,상승  500,74200.0,74300.0,72300.0,434347.0,롯데에너지머티리얼즈,020150
2021-02-26,69900.0,"하락  3,100",70800.0,70900.0,67600.0,817974.0,롯데에너지머티리얼즈,020150
2021-03-02,69500.0,하락  400,71600.0,72400.0,68300.0,614200.0,롯데에너지머티리얼즈,020150
2021-03-03,69900.0,상승  400,68100.0,70200.0,68100.0,373559.0,롯데에너지머티리얼즈,020150
2021-03-04,67000.0,"하락  2,900",68500.0,69000.0,66600.0,427609.0,롯데에너지머티리얼즈,020150
2021-03-05,67300.0,상승  300,65000.0,67800.0,63700.0,516223.0,롯데에너지머티리얼즈,020150
2021-03-08,63500.0,"하락  3,800",68000.0,68100.0,63400.0,435472.0,롯데에너지머티리얼즈,020150
2021-03-09,63200.0,하락  300,62500.0,64200.0,60400.0,679084.0,롯데에너지머티리얼즈,020150
2021-03-10,62500.0,하락  700,65800.0,66100.0,62200.0,441683.0,롯데에너지머티리얼즈,020150
2021-03-11,65000.0,"상승  2,500",63100.0,65500.0,62800.0,797481.0,롯데에너지머티리얼즈,020150
2021-03-12,67300.0,"상승  2,300",66500.0,68300.0,65900.0,438167.0,롯데에너지머티리얼즈,020150
2021-03-15,66600.0,하락  700,67300.0,67900.0,66200.0,197938.0,롯데에너지머티리얼즈,020150
2021-03-16,66500.0,하락  100,66300.0,67500.0,65400.0,278802.0,롯데에너지머티리얼즈,020150
2021-03-17,65500.0,"하락  1,000",66300.0,66300.0,64300.0,320304.0,롯데에너지머티리얼즈,020150
2021-03-18,65400.0,하락  100,66500.0,67100.0,65400.0,254923.0,롯데에너지머티리얼즈,020150
2021-03-19,65100.0,하락  300,64000.0,65700.0,63400.0,212109.0,롯데에너지머티리얼즈,020150
2021-03-22,64300.0,하락  800,65200.0,65300.0,63500.0,190005.0,롯데에너지머티리얼즈,020150
2021-03-23,62300.0,"하락  2,000",64300.0,65500.0,62000.0,317125.0,롯데에너지머티리얼즈,020150
2021-03-24,62500.0,상승  200,61400.0,63400.0,61300.0,217747.0,롯데에너지머티리얼즈,020150
2021-03-25,64000.0,"상승  1,500",62400.0,64700.0,62200.0,272851.0,롯데에너지머티리얼즈,020150
2021-03-26,66900.0,"상승  2,900",64700.0,66900.0,64500.0,398818.0,롯데에너지머티리얼즈,020150
2021-03-29,68000.0,"상승  1,100",67300.0,69400.0,65700.0,438022.0,롯데에너지머티리얼즈,020150
2021-03-30,68200.0,상승  200,68400.0,69500.0,67600.0,255328.0,롯데에너지머티리얼즈,020150
2021-03-31,67900.0,하락  300,69100.0,69400.0,67000.0,197718.0,롯데에너지머티리얼즈,020150
2021-04-01,69200.0,"상승  1,300",68600.0,69500.0,68000.0,218220.0,롯데에너지머티리얼즈,020150
2021-04-02,71900.0,"상승  2,700",69800.0,72500.0,69800.0,443872.0,롯데에너지머티리얼즈,020150
2021-04-05,72400.0,상승  500,71900.0,72500.0,70600.0,198796.0,롯데에너지머티리얼즈,020150
2021-04-06,72000.0,하락  400,73100.0,74500.0,71500.0,314125.0,롯데에너지머티리얼즈,020150
2021-04-07,71700.0,하락  300,72100.0,73600.0,71500.0,185895.0,롯데에너지머티리얼즈,020150
2021-04-08,74400.0,"상승  2,700",74600.0,75200.0,72900.0,690679.0,롯데에너지머티리얼즈,020150
2021-04-09,77600.0,"상승  3,200",75000.0,78500.0,74900.0,469161.0,롯데에너지머티리얼즈,020150
2021-04-12,77000.0,하락  600,79500.0,79700.0,76400.0,476982.0,롯데에너지머티리얼즈,020150
2021-04-13,76700.0,하락  300,77000.0,78000.0,75700.0,345618.0,롯데에너지머티리얼즈,020150
2021-04-14,76800.0,상승  100,77800.0,77900.0,76700.0,234698.0,롯데에너지머티리얼즈,020150
2021-04-15,75700.0,"하락  1,100",76500.0,76600.0,75300.0,235958.0,롯데에너지머티리얼즈,020150
2021-04-16,74900.0,하락  800,75800.0,76100.0,74000.0,300975.0,롯데에너지머티리얼즈,020150
2021-04-19,75000.0,상승  100,75000.0,75700.0,74000.0,198700.0,롯데에너지머티리얼즈,020150
2021-04-20,75000.0,보합0,74500.0,75500.0,73400.0,234774.0,롯데에너지머티리얼즈,020150
2021-04-21,74100.0,하락  900,74800.0,74800.0,73400.0,217446.0,롯데에너지머티리얼즈,020150
2021-04-22,76000.0,"상승  1,900",74500.0,76900.0,74300.0,398089.0,롯데에너지머티리얼즈,020150
2021-04-23,74400.0,"하락  1,600",75100.0,75800.0,74300.0,218184.0,롯데에너지머티리얼즈,020150
2021-04-26,73300.0,"하락  1,100",74400.0,74400.0,72900.0,250508.0,롯데에너지머티리얼즈,020150
2021-04-27,72100.0,"하락  1,200",73300.0,73900.0,72000.0,207157.0,롯데에너지머티리얼즈,020150
2021-04-28,70200.0,"하락  1,900",71600.0,71700.0,69600.0,301040.0,롯데에너지머티리얼즈,020150
2021-04-29,69100.0,"하락  1,100",70300.0,71500.0,69000.0,242241.0,롯데에너지머티리얼즈,020150
2021-04-30,69100.0,보합0,69300.0,69500.0,67400.0,232350.0,롯데에너지머티리얼즈,020150
2021-05-03,66500.0,"하락  2,600",68500.0,69100.0,66300.0,216112.0,롯데에너지머티리얼즈,020150
2021-05-04,68900.0,"상승  2,400",66600.0,68900.0,66400.0,248525.0,롯데에너지머티리얼즈,020150
2021-05-06,67700.0,"하락  1,200",68400.0,69200.0,67200.0,247457.0,롯데에너지머티리얼즈,020150
2021-05-07,68700.0,"상승  1,000",68000.0,69300.0,67900.0,140081.0,롯데에너지머티리얼즈,020150
2021-05-10,69900.0,"상승  1,200",69500.0,70000.0,68800.0,160739.0,롯데에너지머티리얼즈,020150
2021-05-11,67500.0,"하락  2,400",68700.0,69400.0,67100.0,238625.0,롯데에너지머티리얼즈,020150
2021-05-12,65900.0,"하락  1,600",67300.0,67500.0,65300.0,211622.0,롯데에너지머티리얼즈,020150
2021-05-13,64200.0,"하락  1,700",63700.0,66200.0,63100.0,422896.0,롯데에너지머티리얼즈,020150
2021-05-14,66300.0,"상승  2,100",65100.0,67200.0,65000.0,214465.0,롯데에너지머티리얼즈,020150
2021-05-17,66100.0,하락  200,68000.0,68000.0,66100.0,160249.0,롯데에너지머티리얼즈,020150
2021-05-18,66300.0,상승  200,65300.0,66800.0,64900.0,112452.0,롯데에너지머티리얼즈,020150
2021-05-20,66500.0,상승  200,66900.0,67200.0,66000.0,129243.0,롯데에너지머티리얼즈,020150
2021-05-21,66900.0,상승  400,67100.0,68700.0,66800.0,213674.0,롯데에너지머티리얼즈,020150
2021-05-24,65100.0,"하락  1,800",66900.0,66900.0,65000.0,137874.0,롯데에너지머티리얼즈,020150
2021-05-25,65800.0,상승  700,65900.0,66000.0,64800.0,128237.0,롯데에너지머티리얼즈,020150
2021-05-26,65700.0,하락  100,65300.0,66500.0,65300.0,83268.0,롯데에너지머티리얼즈,020150
2021-05-27,65400.0,하락  300,65800.0,65900.0,63700.0,208567.0,롯데에너지머티리얼즈,020150
2021-05-28,67900.0,"상승  2,500",65700.0,68200.0,65100.0,257936.0,롯데에너지머티리얼즈,020150
2021-05-31,65700.0,"하락  2,200",68300.0,68400.0,65000.0,329782.0,롯데에너지머티리얼즈,020150
2021-06-01,66400.0,상승  700,66000.0,66900.0,65400.0,165963.0,롯데에너지머티리얼즈,020150
2021-06-02,65500.0,하락  900,66400.0,66800.0,65400.0,215617.0,롯데에너지머티리얼즈,020150
2021-06-03,66600.0,"상승  1,100",65500.0,67300.0,65500.0,219851.0,롯데에너지머티리얼즈,020150
2021-06-04,66100.0,하락  500,66000.0,66400.0,65400.0,143108.0,롯데에너지머티리얼즈,020150
2021-06-07,66700.0,상승  600,66500.0,67300.0,65900.0,196500.0,롯데에너지머티리얼즈,020150
2021-06-08,67000.0,상승  300,66800.0,68000.0,66700.0,294539.0,롯데에너지머티리얼즈,020150
2021-06-09,67000.0,보합0,67500.0,67500.0,66800.0,166661.0,롯데에너지머티리얼즈,020150
2021-06-10,66400.0,하락  600,67200.0,67300.0,65700.0,285380.0,롯데에너지머티리얼즈,020150
2021-06-11,68100.0,"상승  1,700",66700.0,70600.0,66500.0,765423.0,롯데에너지머티리얼즈,020150
2021-06-14,69200.0,"상승  1,100",68900.0,69800.0,68700.0,298727.0,롯데에너지머티리얼즈,020150
2021-06-15,69800.0,상승  600,69600.0,71000.0,69500.0,303654.0,롯데에너지머티리얼즈,020150
2021-06-16,68900.0,하락  900,69600.0,69700.0,68500.0,212813.0,롯데에너지머티리얼즈,020150
2021-06-17,69600.0,상승  700,68600.0,70400.0,68000.0,239975.0,롯데에너지머티리얼즈,020150
2021-06-18,70600.0,"상승  1,000",70200.0,71700.0,70100.0,318964.0,롯데에너지머티리얼즈,020150
2021-06-21,69700.0,하락  900,69800.0,70000.0,68900.0,193501.0,롯데에너지머티리얼즈,020150
2021-06-22,69100.0,하락  600,70300.0,70400.0,68700.0,131106.0,롯데에너지머티리얼즈,020150
2021-06-23,71000.0,"상승  1,900",69300.0,72400.0,69300.0,486716.0,롯데에너지머티리얼즈,020150
2021-06-24,71700.0,상승  700,72100.0,73600.0,71400.0,393856.0,롯데에너지머티리얼즈,020150
2021-06-25,72100.0,상승  400,72500.0,73300.0,71800.0,234114.0,롯데에너지머티리얼즈,020150
2021-06-28,72500.0,상승  400,72700.0,74400.0,72100.0,359087.0,롯데에너지머티리얼즈,020150
2021-06-29,72500.0,보합0,72500.0,73300.0,72100.0,190420.0,롯데에너지머티리얼즈,020150
2021-06-30,73000.0,상승  500,72700.0,73300.0,72000.0,173202.0,롯데에너지머티리얼즈,020150
2021-07-01,73300.0,상승  300,73000.0,73900.0,72500.0,196187.0,롯데에너지머티리얼즈,020150
2021-07-02,72200.0,"하락  1,100",73500.0,74100.0,72100.0,167826.0,롯데에너지머티리얼즈,020150
2021-07-05,74900.0,"상승  2,700",72500.0,75200.0,72500.0,376631.0,롯데에너지머티리얼즈,020150
2021-07-06,74800.0,하락  100,74900.0,75400.0,74200.0,181483.0,롯데에너지머티리얼즈,020150
2021-07-07,74700.0,하락  100,74900.0,75500.0,74200.0,226355.0,롯데에너지머티리얼즈,020150
2021-07-08,71700.0,"하락  3,000",74900.0,75200.0,71500.0,491043.0,롯데에너지머티리얼즈,020150
2021-07-09,71000.0,하락  700,70800.0,71500.0,69500.0,435001.0,롯데에너지머티리얼즈,020150
2021-07-12,71200.0,상승  200,71700.0,71800.0,70100.0,150231.0,롯데에너지머티리얼즈,020150
2021-07-13,71800.0,상승  600,71200.0,72300.0,70100.0,433339.0,롯데에너지머티리얼즈,020150
2021-07-14,75700.0,"상승  3,900",71500.0,76700.0,70600.0,927542.0,롯데에너지머티리얼즈,020150
2021-07-15,75100.0,하락  600,76300.0,77000.0,74700.0,465218.0,롯데에너지머티리얼즈,020150
2021-07-16,76800.0,"상승  1,700",74900.0,78900.0,74500.0,761115.0,롯데에너지머티리얼즈,020150
2021-07-19,79100.0,"상승  2,300",75600.0,79900.0,75500.0,812905.0,롯데에너지머티리얼즈,020150
2021-07-20,81800.0,"상승  2,700",80500.0,86300.0,80400.0,2609568.0,롯데에너지머티리얼즈,020150
2021-07-21,83000.0,"상승  1,200",82400.0,83700.0,80500.0,708711.0,롯데에너지머티리얼즈,020150
2021-07-22,83400.0,상승  400,82700.0,84200.0,81200.0,567486.0,롯데에너지머티리얼즈,020150
2021-07-23,83900.0,상승  500,83800.0,85700.0,82700.0,392812.0,롯데에너지머티리얼즈,020150
2021-07-26,82600.0,"하락  1,300",84600.0,84700.0,82100.0,375497.0,롯데에너지머티리얼즈,020150
2021-07-27,83000.0,상승  400,83000.0,83500.0,80800.0,367689.0,롯데에너지머티리얼즈,020150
2021-07-28,81200.0,"하락  1,800",82300.0,82900.0,79800.0,337351.0,롯데에너지머티리얼즈,020150
2021-07-29,81000.0,하락  200,81900.0,81900.0,80100.0,279736.0,롯데에너지머티리얼즈,020150
2021-07-30,80400.0,하락  600,81100.0,82300.0,79800.0,282871.0,롯데에너지머티리얼즈,020150
2021-08-02,80000.0,하락  400,80500.0,81100.0,78600.0,251514.0,롯데에너지머티리얼즈,020150
2021-08-03,79000.0,"하락  1,000",80000.0,81700.0,78600.0,312931.0,롯데에너지머티리얼즈,020150
2021-08-04,78600.0,하락  400,80500.0,80500.0,77100.0,355597.0,롯데에너지머티리얼즈,020150
2021-08-05,81500.0,"상승  2,900",78700.0,81600.0,78500.0,370507.0,롯데에너지머티리얼즈,020150
2021-08-06,80900.0,하락  600,82400.0,82500.0,80100.0,276826.0,롯데에너지머티리얼즈,020150
2021-08-09,81500.0,상승  600,80500.0,82500.0,79900.0,409319.0,롯데에너지머티리얼즈,020150
2021-08-10,81500.0,보합0,85400.0,89200.0,81100.0,1067113.0,롯데에너지머티리얼즈,020150
2021-08-11,79700.0,"하락  1,800",81100.0,82700.0,79500.0,372038.0,롯데에너지머티리얼즈,020150
2021-08-12,81900.0,"상승  2,200",79900.0,82900.0,78800.0,643181.0,롯데에너지머티리얼즈,020150
2021-08-13,80700.0,"하락  1,200",82500.0,84000.0,80000.0,381381.0,롯데에너지머티리얼즈,020150
2021-08-17,75300.0,"하락  5,400",80500.0,81000.0,74900.0,551587.0,롯데에너지머티리얼즈,020150
2021-08-18,77300.0,"상승  2,000",74900.0,78100.0,73100.0,350468.0,롯데에너지머티리얼즈,020150
2021-08-19,76700.0,하락  600,76200.0,79400.0,75800.0,321806.0,롯데에너지머티리얼즈,020150
2021-08-20,74600.0,"하락  2,100",78600.0,78700.0,73800.0,416784.0,롯데에너지머티리얼즈,020150
2021-08-23,75800.0,"상승  1,200",75500.0,76700.0,73900.0,283349.0,롯데에너지머티리얼즈,020150
2021-08-24,75900.0,상승  100,76000.0,78300.0,73500.0,382867.0,롯데에너지머티리얼즈,020150
2021-08-25,76400.0,상승  500,75900.0,76600.0,74800.0,197599.0,롯데에너지머티리얼즈,020150
2021-08-26,75500.0,하락  900,76500.0,76900.0,74900.0,173506.0,롯데에너지머티리얼즈,020150
2021-08-27,75300.0,하락  200,75000.0,76000.0,74500.0,159203.0,롯데에너지머티리얼즈,020150
2021-08-30,73900.0,"하락  1,400",76000.0,76300.0,73500.0,255227.0,롯데에너지머티리얼즈,020150
2021-08-31,75700.0,"상승  1,800",74200.0,76300.0,73400.0,296259.0,롯데에너지머티리얼즈,020150
2021-09-01,75500.0,하락  200,76400.0,76500.0,74600.0,206075.0,롯데에너지머티리얼즈,020150
2021-09-02,72900.0,"하락  2,600",75100.0,75400.0,72400.0,397707.0,롯데에너지머티리얼즈,020150
2021-09-03,74000.0,"상승  1,100",72900.0,74600.0,72600.0,179118.0,롯데에너지머티리얼즈,020150
2021-09-06,75200.0,"상승  1,200",75100.0,76300.0,74200.0,274584.0,롯데에너지머티리얼즈,020150
2021-09-07,78100.0,"상승  2,900",76000.0,78500.0,75500.0,542926.0,롯데에너지머티리얼즈,020150
2021-09-08,77000.0,"하락  1,100",80000.0,80000.0,76900.0,332348.0,롯데에너지머티리얼즈,020150
2021-09-09,77200.0,상승  200,77600.0,79500.0,76700.0,672412.0,롯데에너지머티리얼즈,020150
2021-09-10,76900.0,하락  300,77400.0,77600.0,75900.0,268920.0,롯데에너지머티리얼즈,020150
2021-09-13,82800.0,"상승  5,900",76300.0,84000.0,76200.0,1482172.0,롯데에너지머티리얼즈,020150
2021-09-14,83900.0,"상승  1,100",83500.0,84500.0,81200.0,708497.0,롯데에너지머티리얼즈,020150
2021-09-15,83900.0,보합0,83900.0,87200.0,83200.0,774255.0,롯데에너지머티리얼즈,020150
2021-09-16,87100.0,"상승  3,200",84800.0,88000.0,84000.0,953475.0,롯데에너지머티리얼즈,020150
2021-09-17,82400.0,"하락  4,700",87200.0,87800.0,81000.0,984456.0,롯데에너지머티리얼즈,020150
2021-09-23,83600.0,"상승  1,200",82500.0,84500.0,81100.0,494897.0,롯데에너지머티리얼즈,020150
2021-09-24,86700.0,"상승  3,100",84300.0,87400.0,82700.0,752646.0,롯데에너지머티리얼즈,020150
2021-09-27,98900.0,"상승  12,200",87900.0,98900.0,87000.0,3155714.0,롯데에너지머티리얼즈,020150
2021-09-28,100500.0,"상승  1,600",98900.0,102500.0,98100.0,1547985.0,롯데에너지머티리얼즈,020150
2021-09-29,106500.0,"상승  6,000",97400.0,108000.0,96600.0,1452438.0,롯데에너지머티리얼즈,020150
2021-09-30,104000.0,"하락  2,500",105000.0,106500.0,99900.0,1111460.0,롯데에너지머티리얼즈,020150
2021-10-01,103000.0,"하락  1,000",102500.0,106500.0,100500.0,637992.0,롯데에너지머티리얼즈,020150
2021-10-05,109500.0,"상승  6,500",102000.0,110500.0,100500.0,974904.0,롯데에너지머티리얼즈,020150
2021-10-06,101500.0,"하락  8,000",109500.0,112000.0,100000.0,996015.0,롯데에너지머티리얼즈,020150
2021-10-07,101000.0,하락  500,103500.0,104000.0,95900.0,989569.0,롯데에너지머티리얼즈,020150
2021-10-08,104500.0,"상승  3,500",102000.0,108000.0,101500.0,724330.0,롯데에너지머티리얼즈,020150
2021-10-12,105500.0,"상승  1,000",104500.0,108500.0,104000.0,642436.0,롯데에너지머티리얼즈,020150
2021-10-13,109500.0,"상승  4,000",105500.0,110500.0,102000.0,799120.0,롯데에너지머티리얼즈,020150
2021-10-14,108500.0,"하락  1,000",112500.0,115500.0,107500.0,1131960.0,롯데에너지머티리얼즈,020150
2021-10-15,111000.0,"상승  2,500",109500.0,112500.0,107000.0,481684.0,롯데에너지머티리얼즈,020150
2021-10-18,110500.0,하락  500,112000.0,116000.0,110000.0,600526.0,롯데에너지머티리얼즈,020150
2021-10-19,117000.0,"상승  6,500",111000.0,118000.0,109500.0,868990.0,롯데에너지머티리얼즈,020150
2021-10-20,109500.0,"하락  7,500",117500.0,117500.0,108500.0,823707.0,롯데에너지머티리얼즈,020150
2021-10-21,107000.0,"하락  2,500",109000.0,110000.0,103000.0,973822.0,롯데에너지머티리얼즈,020150
2021-10-22,104500.0,"하락  2,500",105500.0,108500.0,104500.0,476460.0,롯데에너지머티리얼즈,020150
2021-10-25,105500.0,"상승  1,000",104500.0,106000.0,99900.0,540820.0,롯데에너지머티리얼즈,020150
2021-10-26,105000.0,하락  500,107500.0,109000.0,104000.0,373269.0,롯데에너지머티리얼즈,020150
2021-10-27,104500.0,하락  500,104500.0,107000.0,100500.0,436779.0,롯데에너지머티리얼즈,020150
2021-10-28,103000.0,"하락  1,500",104500.0,106000.0,102500.0,369250.0,롯데에너지머티리얼즈,020150
2021-10-29,100500.0,"하락  2,500",103000.0,103500.0,99400.0,689404.0,롯데에너지머티리얼즈,020150
2021-11-01,97600.0,"하락  2,900",100500.0,100500.0,94700.0,749888.0,롯데에너지머티리얼즈,020150
2021-11-02,98400.0,상승  800,98300.0,100500.0,98100.0,345702.0,롯데에너지머티리얼즈,020150
2021-11-03,99100.0,상승  700,98600.0,101500.0,98500.0,286159.0,롯데에너지머티리얼즈,020150
2021-11-04,103000.0,"상승  3,900",100500.0,105500.0,99800.0,470017.0,롯데에너지머티리얼즈,020150
2021-11-05,102500.0,하락  500,104500.0,106500.0,100500.0,386737.0,롯데에너지머티리얼즈,020150
2021-11-08,106000.0,"상승  3,500",102500.0,108500.0,102500.0,425793.0,롯데에너지머티리얼즈,020150
2021-11-09,109000.0,"상승  3,000",108000.0,110500.0,105000.0,473127.0,롯데에너지머티리얼즈,020150
2021-11-10,103500.0,"하락  5,500",107500.0,109000.0,101500.0,537983.0,롯데에너지머티리얼즈,020150
2021-11-11,107500.0,"상승  4,000",101500.0,109000.0,101500.0,700990.0,롯데에너지머티리얼즈,020150
2021-11-12,109000.0,"상승  1,500",110500.0,110500.0,104500.0,527523.0,롯데에너지머티리얼즈,020150
2021-11-15,108500.0,하락  500,112500.0,114000.0,106500.0,581356.0,롯데에너지머티리얼즈,020150
2021-11-16,114500.0,"상승  6,000",108500.0,116000.0,108000.0,697384.0,롯데에너지머티리얼즈,020150
2021-11-17,114500.0,보합0,116500.0,117500.0,113000.0,435589.0,롯데에너지머티리얼즈,020150
2021-11-18,129500.0,"상승  15,000",115000.0,131000.0,113500.0,1664378.0,롯데에너지머티리얼즈,020150
2021-11-19,130500.0,"상승  1,000",130000.0,132000.0,126500.0,587106.0,롯데에너지머티리얼즈,020150
2021-11-22,126000.0,"하락  4,500",129000.0,131000.0,123000.0,527040.0,롯데에너지머티리얼즈,020150
2021-11-23,126500.0,상승  500,125000.0,128500.0,123500.0,301350.0,롯데에너지머티리얼즈,020150
2021-11-24,131500.0,"상승  5,000",126000.0,134000.0,125500.0,622332.0,롯데에너지머티리얼즈,020150
2021-11-25,134500.0,"상승  3,000",132500.0,142500.0,132000.0,774804.0,롯데에너지머티리얼즈,020150
2021-11-26,137000.0,"상승  2,500",132500.0,141000.0,132500.0,559945.0,롯데에너지머티리얼즈,020150
2021-11-29,139500.0,"상승  2,500",133500.0,141000.0,131500.0,576828.0,롯데에너지머티리얼즈,020150
2021-11-30,128500.0,"하락  11,000",146000.0,148000.0,123500.0,3267151.0,롯데에너지머티리얼즈,020150
2021-12-01,130500.0,"상승  2,000",129500.0,132000.0,122000.0,683643.0,롯데에너지머티리얼즈,020150
2021-12-02,121000.0,"하락  9,500",127500.0,127500.0,116000.0,782985.0,롯데에너지머티리얼즈,020150
2021-12-03,123500.0,"상승  2,500",121000.0,125000.0,120000.0,346395.0,롯데에너지머티리얼즈,020150
2021-12-06,122500.0,"하락  1,000",121000.0,123500.0,118500.0,263348.0,롯데에너지머티리얼즈,020150
2021-12-07,123000.0,상승  500,123500.0,126500.0,120000.0,328275.0,롯데에너지머티리얼즈,020150
2021-12-08,127500.0,"상승  4,500",125500.0,130000.0,123500.0,457236.0,롯데에너지머티리얼즈,020150
2021-12-09,128000.0,상승  500,128500.0,130500.0,126000.0,477478.0,롯데에너지머티리얼즈,020150
2021-12-10,121500.0,"하락  6,500",126500.0,129500.0,121000.0,551612.0,롯데에너지머티리얼즈,020150
2021-12-13,120500.0,"하락  1,000",121500.0,124500.0,120000.0,248842.0,롯데에너지머티리얼즈,020150
2021-12-14,120500.0,보합0,120500.0,121500.0,118500.0,164843.0,롯데에너지머티리얼즈,020150
2021-12-15,118500.0,"하락  2,000",119000.0,120000.0,115500.0,348564.0,롯데에너지머티리얼즈,020150
2021-12-16,119000.0,상승  500,120000.0,123500.0,118000.0,269897.0,롯데에너지머티리얼즈,020150
2021-12-17,119500.0,상승  500,116500.0,120000.0,116500.0,213465.0,롯데에너지머티리얼즈,020150
2021-12-20,122000.0,"상승  2,500",119500.0,122500.0,118500.0,367115.0,롯데에너지머티리얼즈,020150
2021-12-21,120500.0,"하락  1,500",122000.0,122500.0,113000.0,442524.0,롯데에너지머티리얼즈,020150
2021-12-22,125500.0,"상승  5,000",122000.0,127000.0,121500.0,406188.0,롯데에너지머티리얼즈,020150
2021-12-23,126500.0,"상승  1,000",127500.0,128000.0,123500.0,306801.0,롯데에너지머티리얼즈,020150
2021-12-24,126500.0,보합0,126500.0,129500.0,126000.0,207696.0,롯데에너지머티리얼즈,020150
2021-12-27,124500.0,"하락  2,000",126500.0,128000.0,120500.0,282249.0,롯데에너지머티리얼즈,020150
2021-12-28,130000.0,"상승  5,500",124000.0,130500.0,124000.0,550582.0,롯데에너지머티리얼즈,020150
2021-12-29,133500.0,"상승  3,500",130000.0,134500.0,130000.0,402828.0,롯데에너지머티리얼즈,020150
2021-12-30,135000.0,"상승  1,500",132500.0,136000.0,131500.0,249297.0,롯데에너지머티리얼즈,020150
2022-01-03,131500.0,"하락  3,500",136500.0,137000.0,129500.0,291487.0,롯데에너지머티리얼즈,020150
2022-01-04,128500.0,"하락  3,000",132500.0,134000.0,128000.0,221399.0,롯데에너지머티리얼즈,020150
2022-01-05,123500.0,"하락  5,000",126500.0,127000.0,122500.0,334173.0,롯데에너지머티리얼즈,020150
2022-01-06,118000.0,"하락  5,500",119500.0,124500.0,118000.0,261675.0,롯데에너지머티리얼즈,020150
2022-01-07,117500.0,하락  500,118000.0,119500.0,115500.0,392260.0,롯데에너지머티리얼즈,020150
2022-01-10,111500.0,"하락  6,000",115000.0,116500.0,110000.0,396517.0,롯데에너지머티리얼즈,020150
2022-01-11,108500.0,"하락  3,000",111000.0,112500.0,107500.0,320618.0,롯데에너지머티리얼즈,020150
2022-01-12,113000.0,"상승  4,500",110000.0,114500.0,110000.0,262718.0,롯데에너지머티리얼즈,020150
2022-01-13,113500.0,상승  500,116000.0,116500.0,111500.0,360398.0,롯데에너지머티리얼즈,020150
2022-01-14,112000.0,"하락  1,500",111000.0,113000.0,109500.0,136853.0,롯데에너지머티리얼즈,020150
2022-01-17,111000.0,"하락  1,000",112000.0,114500.0,109500.0,165953.0,롯데에너지머티리얼즈,020150
2022-01-18,111500.0,상승  500,112500.0,115500.0,110000.0,296243.0,롯데에너지머티리얼즈,020150
2022-01-19,107500.0,"하락  4,000",109500.0,110500.0,106500.0,257738.0,롯데에너지머티리얼즈,020150
2022-01-20,111000.0,"상승  3,500",106500.0,112000.0,106000.0,233178.0,롯데에너지머티리얼즈,020150
2022-01-21,108500.0,"하락  2,500",109500.0,111000.0,107000.0,195162.0,롯데에너지머티리얼즈,020150
2022-01-24,106000.0,"하락  2,500",106500.0,107500.0,103500.0,241834.0,롯데에너지머티리얼즈,020150
2022-01-25,102500.0,"하락  3,500",105500.0,107500.0,101000.0,326529.0,롯데에너지머티리얼즈,020150
2022-01-26,98300.0,"하락  4,200",102000.0,103500.0,98000.0,382485.0,롯데에너지머티리얼즈,020150
2022-01-27,95000.0,"하락  3,300",98000.0,100500.0,92500.0,438690.0,롯데에너지머티리얼즈,020150
2022-01-28,93700.0,"하락  1,300",93200.0,95400.0,89700.0,562891.0,롯데에너지머티리얼즈,020150
2022-02-03,96400.0,"상승  2,700",96900.0,98700.0,94600.0,368302.0,롯데에너지머티리얼즈,020150
2022-02-04,98100.0,"상승  1,700",95800.0,98800.0,95500.0,238060.0,롯데에너지머티리얼즈,020150
2022-02-07,97900.0,하락  200,98200.0,100500.0,96600.0,294513.0,롯데에너지머티리얼즈,020150
2022-02-08,96800.0,"하락  1,100",99000.0,101500.0,95400.0,351593.0,롯데에너지머티리얼즈,020150
2022-02-09,99400.0,"상승  2,600",97800.0,100500.0,97400.0,231548.0,롯데에너지머티리얼즈,020150
2022-02-10,96200.0,"하락  3,200",99900.0,101000.0,96100.0,398370.0,롯데에너지머티리얼즈,020150
2022-02-11,95100.0,"하락  1,100",94100.0,96500.0,92200.0,286668.0,롯데에너지머티리얼즈,020150
2022-02-14,91200.0,"하락  3,900",93000.0,93800.0,90100.0,355877.0,롯데에너지머티리얼즈,020150
2022-02-15,91200.0,보합0,91200.0,92900.0,89800.0,259242.0,롯데에너지머티리얼즈,020150
2022-02-16,93500.0,"상승  2,300",92900.0,94500.0,92400.0,210376.0,롯데에너지머티리얼즈,020150
2022-02-17,93400.0,하락  100,94900.0,96400.0,90900.0,297265.0,롯데에너지머티리얼즈,020150
2022-02-18,93400.0,보합0,91100.0,93900.0,89900.0,203338.0,롯데에너지머티리얼즈,020150
2022-02-21,93400.0,보합0,91400.0,93800.0,90200.0,176458.0,롯데에너지머티리얼즈,020150
2022-02-22,92000.0,"하락  1,400",91900.0,93500.0,91300.0,169502.0,롯데에너지머티리얼즈,020150
2022-02-23,92400.0,상승  400,92300.0,93100.0,91600.0,134213.0,롯데에너지머티리얼즈,020150
2022-02-24,87500.0,"하락  4,900",91800.0,93600.0,87200.0,367633.0,롯데에너지머티리얼즈,020150
2022-02-25,89300.0,"상승  1,800",89300.0,92800.0,88500.0,432596.0,롯데에너지머티리얼즈,020150
2022-02-28,90900.0,"상승  1,600",88900.0,90900.0,88100.0,256032.0,롯데에너지머티리얼즈,020150
2022-03-02,92100.0,"상승  1,200",90200.0,92900.0,90000.0,236524.0,롯데에너지머티리얼즈,020150
2022-03-03,92600.0,상승  500,93200.0,93300.0,91800.0,204029.0,롯데에너지머티리얼즈,020150
2022-03-04,90200.0,"하락  2,400",92200.0,92600.0,89700.0,197258.0,롯데에너지머티리얼즈,020150
2022-03-07,85900.0,"하락  4,300",88700.0,88700.0,84200.0,373890.0,롯데에너지머티리얼즈,020150
2022-03-08,85000.0,하락  900,84400.0,87100.0,83000.0,252571.0,롯데에너지머티리얼즈,020150
2022-03-10,86100.0,"상승  1,100",87300.0,88200.0,85600.0,354172.0,롯데에너지머티리얼즈,020150
2022-03-11,85300.0,하락  800,86000.0,87400.0,84100.0,213272.0,롯데에너지머티리얼즈,020150
2022-03-14,83000.0,"하락  2,300",85000.0,85000.0,80700.0,383475.0,롯데에너지머티리얼즈,020150
2022-03-15,83000.0,보합0,82100.0,84500.0,81100.0,221675.0,롯데에너지머티리얼즈,020150
2022-03-16,83900.0,상승  900,84300.0,85700.0,82800.0,213699.0,롯데에너지머티리얼즈,020150
2022-03-17,86500.0,"상승  2,600",85900.0,87200.0,85800.0,264834.0,롯데에너지머티리얼즈,020150
2022-03-18,86800.0,상승  300,87000.0,87700.0,86300.0,389904.0,롯데에너지머티리얼즈,020150
2022-03-21,86300.0,하락  500,87600.0,88700.0,86300.0,201581.0,롯데에너지머티리얼즈,020150
2022-03-22,86700.0,상승  400,86100.0,87200.0,85100.0,134408.0,롯데에너지머티리얼즈,020150
2022-03-23,87100.0,상승  400,87900.0,88300.0,86500.0,202590.0,롯데에너지머티리얼즈,020150
2022-03-24,89200.0,"상승  2,100",86600.0,89200.0,85600.0,249551.0,롯데에너지머티리얼즈,020150
2022-03-25,89300.0,상승  100,90200.0,91000.0,89000.0,290306.0,롯데에너지머티리얼즈,020150
2022-03-28,89400.0,상승  100,90900.0,90900.0,89200.0,233522.0,롯데에너지머티리얼즈,020150
2022-03-29,90700.0,"상승  1,300",90600.0,91600.0,89900.0,249766.0,롯데에너지머티리얼즈,020150
2022-03-30,90800.0,상승  100,91300.0,91900.0,90300.0,207773.0,롯데에너지머티리얼즈,020150
2022-03-31,96600.0,"상승  5,800",90400.0,96600.0,90400.0,602538.0,롯데에너지머티리얼즈,020150
2022-04-01,95500.0,"하락  1,100",95900.0,97000.0,94700.0,305709.0,롯데에너지머티리얼즈,020150
2022-04-04,98800.0,"상승  3,300",95600.0,99400.0,94300.0,365471.0,롯데에너지머티리얼즈,020150
2022-04-05,101000.0,"상승  2,200",101000.0,102500.0,99700.0,431294.0,롯데에너지머티리얼즈,020150
2022-04-06,100000.0,"하락  1,000",99400.0,102500.0,99300.0,273915.0,롯데에너지머티리얼즈,020150
2022-04-07,99900.0,하락  100,98100.0,100500.0,98000.0,349332.0,롯데에너지머티리얼즈,020150
2022-04-08,103000.0,"상승  3,100",100000.0,103500.0,99600.0,405033.0,롯데에너지머티리얼즈,020150
2022-04-11,96000.0,"하락  7,000",102500.0,102500.0,94900.0,527616.0,롯데에너지머티리얼즈,020150
2022-04-12,94800.0,"하락  1,200",93500.0,95500.0,93100.0,263828.0,롯데에너지머티리얼즈,020150
2022-04-13,95600.0,상승  800,95000.0,96400.0,94200.0,196533.0,롯데에너지머티리얼즈,020150
2022-04-14,96300.0,상승  700,96600.0,97800.0,95300.0,266271.0,롯데에너지머티리얼즈,020150
2022-04-15,94300.0,"하락  2,000",95100.0,95600.0,93900.0,168112.0,롯데에너지머티리얼즈,020150
2022-04-18,88600.0,"하락  5,700",93500.0,93600.0,88200.0,413276.0,롯데에너지머티리얼즈,020150
2022-04-19,90500.0,"상승  1,900",88600.0,91000.0,88600.0,190991.0,롯데에너지머티리얼즈,020150
2022-04-20,89600.0,하락  900,90900.0,91500.0,89200.0,171606.0,롯데에너지머티리얼즈,020150
2022-04-21,90400.0,상승  800,89600.0,92000.0,89600.0,201817.0,롯데에너지머티리얼즈,020150
2022-04-22,89100.0,"하락  1,300",89200.0,89800.0,87400.0,301662.0,롯데에너지머티리얼즈,020150
2022-04-25,83200.0,"하락  5,900",87000.0,87900.0,83200.0,551758.0,롯데에너지머티리얼즈,020150
2022-04-26,85000.0,"상승  1,800",83500.0,85700.0,83300.0,253904.0,롯데에너지머티리얼즈,020150
2022-04-27,86700.0,"상승  1,700",81700.0,86800.0,81700.0,258953.0,롯데에너지머티리얼즈,020150
2022-04-28,86700.0,보합0,87700.0,88400.0,85400.0,256570.0,롯데에너지머티리얼즈,020150
2022-04-29,88000.0,"상승  1,300",87200.0,88700.0,86700.0,199232.0,롯데에너지머티리얼즈,020150
2022-05-02,88700.0,상승  700,86800.0,88900.0,86800.0,128826.0,롯데에너지머티리얼즈,020150
2022-05-03,88000.0,하락  700,89000.0,89200.0,87600.0,160571.0,롯데에너지머티리얼즈,020150
2022-05-04,86700.0,"하락  1,300",88300.0,89600.0,86300.0,209915.0,롯데에너지머티리얼즈,020150
2022-05-06,87200.0,상승  500,84800.0,89200.0,84800.0,260424.0,롯데에너지머티리얼즈,020150
2022-05-09,83400.0,"하락  3,800",88100.0,88100.0,83100.0,258490.0,롯데에너지머티리얼즈,020150
2022-05-10,82800.0,하락  600,81600.0,83600.0,79900.0,340921.0,롯데에너지머티리얼즈,020150
2022-05-11,81400.0,"하락  1,400",82000.0,83500.0,80800.0,273494.0,롯데에너지머티리얼즈,020150
2022-05-12,77000.0,"하락  4,400",79900.0,80700.0,77000.0,492171.0,롯데에너지머티리얼즈,020150
2022-05-13,80200.0,"상승  3,200",77000.0,80700.0,77000.0,317978.0,롯데에너지머티리얼즈,020150
2022-05-16,81500.0,"상승  1,300",81500.0,83900.0,80800.0,235809.0,롯데에너지머티리얼즈,020150
2022-05-17,86900.0,"상승  5,400",81700.0,88100.0,81700.0,478869.0,롯데에너지머티리얼즈,020150
2022-05-18,88200.0,"상승  1,300",87900.0,89800.0,87500.0,378421.0,롯데에너지머티리얼즈,020150
2022-05-19,93500.0,"상승  5,300",86000.0,94200.0,85500.0,737447.0,롯데에너지머티리얼즈,020150
2022-05-20,94700.0,"상승  1,200",94300.0,96000.0,92500.0,419243.0,롯데에너지머티리얼즈,020150
2022-05-23,94800.0,상승  100,95300.0,96700.0,93200.0,267016.0,롯데에너지머티리얼즈,020150
2022-05-24,93900.0,하락  900,94800.0,95700.0,91800.0,526575.0,롯데에너지머티리얼즈,020150
2022-05-25,83600.0,"하락  10,300",93900.0,93900.0,79500.0,2564195.0,롯데에너지머티리얼즈,020150
2022-05-26,81600.0,"하락  2,000",83600.0,84500.0,81300.0,677138.0,롯데에너지머티리얼즈,020150
2022-05-27,78900.0,"하락  2,700",82800.0,84300.0,77600.0,972803.0,롯데에너지머티리얼즈,020150
2022-05-30,83700.0,"상승  4,800",79700.0,85300.0,78800.0,1048327.0,롯데에너지머티리얼즈,020150
2022-05-31,89900.0,"상승  6,200",83700.0,91800.0,82600.0,1440442.0,롯데에너지머티리얼즈,020150
2022-06-02,87900.0,"하락  2,000",88600.0,90600.0,87800.0,465889.0,롯데에너지머티리얼즈,020150
2022-06-03,87100.0,하락  800,88800.0,89500.0,85500.0,408500.0,롯데에너지머티리얼즈,020150
2022-06-07,84400.0,"하락  2,700",86200.0,87700.0,84200.0,354073.0,롯데에너지머티리얼즈,020150
2022-06-08,83200.0,"하락  1,200",84400.0,85000.0,82600.0,289178.0,롯데에너지머티리얼즈,020150
2022-06-09,82900.0,하락  300,83500.0,85400.0,82800.0,378604.0,롯데에너지머티리얼즈,020150
2022-06-10,82700.0,하락  200,82000.0,84400.0,81900.0,242375.0,롯데에너지머티리얼즈,020150
2022-06-13,79300.0,"하락  3,400",81400.0,81900.0,79000.0,340750.0,롯데에너지머티리얼즈,020150
2022-06-14,78400.0,하락  900,77000.0,81300.0,77000.0,511724.0,롯데에너지머티리얼즈,020150
2022-06-15,73500.0,"하락  4,900",78800.0,79500.0,73400.0,634186.0,롯데에너지머티리얼즈,020150
2022-06-16,80700.0,"상승  7,200",76500.0,83200.0,76300.0,1225736.0,롯데에너지머티리얼즈,020150
2022-06-17,78700.0,"하락  2,000",78300.0,81100.0,77300.0,519081.0,롯데에너지머티리얼즈,020150
2022-06-20,77500.0,"하락  1,200",79900.0,80200.0,76000.0,361594.0,롯데에너지머티리얼즈,020150
2022-06-21,77000.0,하락  500,78000.0,78700.0,74800.0,345121.0,롯데에너지머티리얼즈,020150
2022-06-22,73800.0,"하락  3,200",78300.0,79300.0,73400.0,437051.0,롯데에너지머티리얼즈,020150
2022-06-23,70000.0,"하락  3,800",73400.0,74600.0,69400.0,614494.0,롯데에너지머티리얼즈,020150
2022-06-24,78400.0,"상승  8,400",69700.0,80700.0,69500.0,2363487.0,롯데에너지머티리얼즈,020150
2022-06-27,77800.0,하락  600,79200.0,80000.0,77400.0,663369.0,롯데에너지머티리얼즈,020150
2022-06-28,78700.0,상승  900,77900.0,78900.0,77100.0,327970.0,롯데에너지머티리얼즈,020150
2022-06-29,74600.0,"하락  4,100",77100.0,77800.0,73300.0,473517.0,롯데에너지머티리얼즈,020150
2022-06-30,69800.0,"하락  4,800",73800.0,74900.0,68400.0,970425.0,롯데에너지머티리얼즈,020150
2022-07-01,68500.0,"하락  1,300",69800.0,71300.0,67200.0,606527.0,롯데에너지머티리얼즈,020150
2022-07-04,66300.0,"하락  2,200",68700.0,69500.0,64800.0,678258.0,롯데에너지머티리얼즈,020150
2022-07-05,70000.0,"상승  3,700",66500.0,70000.0,65400.0,587572.0,롯데에너지머티리얼즈,020150
2022-07-06,69500.0,하락  500,69600.0,72800.0,69000.0,553194.0,롯데에너지머티리얼즈,020150
2022-07-07,70000.0,상승  500,71300.0,72300.0,68900.0,342778.0,롯데에너지머티리얼즈,020150
2022-07-08,69300.0,하락  700,70800.0,71500.0,69100.0,287667.0,롯데에너지머티리얼즈,020150
2022-07-11,69100.0,하락  200,69500.0,70100.0,68100.0,187010.0,롯데에너지머티리얼즈,020150
2022-07-12,66400.0,"하락  2,700",68300.0,68400.0,65800.0,314340.0,롯데에너지머티리얼즈,020150
2022-07-13,67300.0,상승  900,66200.0,67500.0,65600.0,249575.0,롯데에너지머티리얼즈,020150
2022-07-14,68600.0,"상승  1,300",68500.0,69300.0,67000.0,460603.0,롯데에너지머티리얼즈,020150
2022-07-15,68400.0,하락  200,68500.0,69100.0,66800.0,211770.0,롯데에너지머티리얼즈,020150
2022-07-18,69300.0,상승  900,69200.0,69800.0,67400.0,236341.0,롯데에너지머티리얼즈,020150
2022-07-19,70200.0,상승  900,69100.0,71000.0,68700.0,230911.0,롯데에너지머티리얼즈,020150
2022-07-20,70100.0,하락  100,71500.0,71700.0,69700.0,221941.0,롯데에너지머티리얼즈,020150
2022-07-21,71900.0,"상승  1,800",70400.0,72400.0,70100.0,299732.0,롯데에너지머티리얼즈,020150
2022-07-22,71800.0,하락  100,72500.0,74300.0,71700.0,377234.0,롯데에너지머티리얼즈,020150
2022-07-25,72400.0,상승  600,71300.0,73000.0,71100.0,179307.0,롯데에너지머티리얼즈,020150
2022-07-26,72500.0,상승  100,72400.0,73000.0,71300.0,185593.0,롯데에너지머티리얼즈,020150
2022-07-27,71300.0,"하락  1,200",72400.0,72700.0,70900.0,202072.0,롯데에너지머티리얼즈,020150
2022-07-28,73100.0,"상승  1,800",72100.0,73800.0,71700.0,285346.0,롯데에너지머티리얼즈,020150
2022-07-29,73500.0,상승  400,73600.0,74700.0,73000.0,199805.0,롯데에너지머티리얼즈,020150
2022-08-01,74900.0,"상승  1,400",74000.0,75200.0,73000.0,244523.0,롯데에너지머티리얼즈,020150
2022-08-02,74000.0,하락  900,75000.0,75500.0,73700.0,219715.0,롯데에너지머티리얼즈,020150
2022-08-03,75100.0,"상승  1,100",73700.0,75400.0,73500.0,191522.0,롯데에너지머티리얼즈,020150
2022-08-04,76200.0,"상승  1,100",75600.0,76500.0,75300.0,195473.0,롯데에너지머티리얼즈,020150
2022-08-05,76100.0,하락  100,76900.0,78000.0,75600.0,325827.0,롯데에너지머티리얼즈,020150
2022-08-08,75800.0,하락  300,75700.0,76300.0,75000.0,179907.0,롯데에너지머티리얼즈,020150
2022-08-09,74900.0,하락  900,75900.0,76400.0,71900.0,447635.0,롯데에너지머티리얼즈,020150
2022-08-10,74800.0,하락  100,74400.0,75900.0,74200.0,222030.0,롯데에너지머티리얼즈,020150
2022-08-11,75100.0,상승  300,75800.0,76400.0,74700.0,302202.0,롯데에너지머티리얼즈,020150
2022-08-12,76800.0,"상승  1,700",75300.0,77000.0,74800.0,276726.0,롯데에너지머티리얼즈,020150
2022-08-16,77500.0,상승  700,78100.0,79500.0,76600.0,312666.0,롯데에너지머티리얼즈,020150
2022-08-17,74600.0,"하락  2,900",77500.0,77500.0,74000.0,410414.0,롯데에너지머티리얼즈,020150
2022-08-18,72500.0,"하락  2,100",72900.0,73500.0,71100.0,434874.0,롯데에너지머티리얼즈,020150
2022-08-19,74000.0,"상승  1,500",73000.0,76600.0,71300.0,897416.0,롯데에너지머티리얼즈,020150
2022-08-22,70000.0,"하락  4,000",72600.0,72900.0,70000.0,449433.0,롯데에너지머티리얼즈,020150
2022-08-23,69800.0,하락  200,68800.0,70800.0,68400.0,286297.0,롯데에너지머티리얼즈,020150
2022-08-24,70700.0,상승  900,69800.0,72800.0,69300.0,319632.0,롯데에너지머티리얼즈,020150
2022-08-25,73500.0,"상승  2,800",70600.0,77300.0,70600.0,891273.0,롯데에너지머티리얼즈,020150
2022-08-26,73000.0,하락  500,73500.0,74300.0,72600.0,237675.0,롯데에너지머티리얼즈,020150
2022-08-29,70700.0,"하락  2,300",69600.0,72000.0,69600.0,291746.0,롯데에너지머티리얼즈,020150
2022-08-30,73300.0,"상승  2,600",70800.0,74200.0,70200.0,465405.0,롯데에너지머티리얼즈,020150
2022-08-31,74200.0,상승  900,72500.0,74300.0,72100.0,288657.0,롯데에너지머티리얼즈,020150
2022-09-01,70000.0,"하락  4,200",73700.0,74000.0,70000.0,445723.0,롯데에너지머티리얼즈,020150
2022-09-02,68800.0,"하락  1,200",70800.0,70900.0,68600.0,284510.0,롯데에너지머티리얼즈,020150
2022-09-05,66900.0,"하락  1,900",67900.0,68700.0,66500.0,298907.0,롯데에너지머티리얼즈,020150
2022-09-06,67300.0,상승  400,66500.0,67800.0,66200.0,180001.0,롯데에너지머티리얼즈,020150
2022-09-07,65400.0,"하락  1,900",66600.0,67000.0,64700.0,293666.0,롯데에너지머티리얼즈,020150
2022-09-08,66600.0,"상승  1,200",65900.0,67600.0,65900.0,285312.0,롯데에너지머티리얼즈,020150
2022-09-13,68500.0,"상승  1,900",68000.0,69400.0,68000.0,270404.0,롯데에너지머티리얼즈,020150
2022-09-14,66600.0,"하락  1,900",65700.0,67600.0,65700.0,280360.0,롯데에너지머티리얼즈,020150
2022-09-15,67300.0,상승  700,66900.0,68300.0,66000.0,240776.0,롯데에너지머티리얼즈,020150
2022-09-16,64800.0,"하락  2,500",67700.0,68700.0,64700.0,346001.0,롯데에너지머티리얼즈,020150
2022-09-19,63200.0,"하락  1,600",64900.0,65500.0,63100.0,246271.0,롯데에너지머티리얼즈,020150
2022-09-20,62900.0,하락  300,63400.0,64200.0,62000.0,304044.0,롯데에너지머티리얼즈,020150
2022-09-21,62400.0,하락  500,62500.0,62800.0,61600.0,223470.0,롯데에너지머티리얼즈,020150
2022-09-22,62200.0,하락  200,60700.0,62600.0,60200.0,285250.0,롯데에너지머티리얼즈,020150
2022-09-23,59200.0,"하락  3,000",62000.0,62000.0,58900.0,335465.0,롯데에너지머티리얼즈,020150
2022-09-26,56100.0,"하락  3,100",57800.0,58200.0,55700.0,479915.0,롯데에너지머티리얼즈,020150
2022-09-27,57000.0,상승  900,55700.0,57000.0,53800.0,559854.0,롯데에너지머티리얼즈,020150
2022-09-28,52100.0,"하락  4,900",62100.0,62300.0,52100.0,1804372.0,롯데에너지머티리얼즈,020150
2022-09-29,52400.0,상승  300,53300.0,56200.0,52300.0,812759.0,롯데에너지머티리얼즈,020150
2022-09-30,50800.0,"하락  1,600",51600.0,52300.0,50300.0,512082.0,롯데에너지머티리얼즈,020150
2022-10-04,53200.0,"상승  2,400",51600.0,53300.0,50800.0,382608.0,롯데에너지머티리얼즈,020150
2022-10-05,51000.0,"하락  2,200",54200.0,54500.0,51000.0,342244.0,롯데에너지머티리얼즈,020150
2022-10-06,54500.0,"상승  3,500",51500.0,54600.0,51500.0,368498.0,롯데에너지머티리얼즈,020150
2022-10-07,54000.0,하락  500,53400.0,55100.0,53100.0,298042.0,롯데에너지머티리얼즈,020150
2022-10-11,56800.0,"상승  2,800",54500.0,58000.0,52700.0,1172999.0,롯데에너지머티리얼즈,020150
2022-10-12,54500.0,"하락  2,300",55600.0,56000.0,53800.0,633539.0,롯데에너지머티리얼즈,020150
2022-10-13,54200.0,하락  300,53900.0,55700.0,53900.0,591980.0,롯데에너지머티리얼즈,020150
2022-10-14,56200.0,"상승  2,000",55300.0,57500.0,55100.0,624626.0,롯데에너지머티리얼즈,020150
2022-10-17,59900.0,"상승  3,700",55200.0,61700.0,54700.0,821565.0,롯데에너지머티리얼즈,020150
2022-10-18,59900.0,보합0,61700.0,61900.0,58400.0,650517.0,롯데에너지머티리얼즈,020150
2022-10-19,59800.0,하락  100,60100.0,61800.0,59400.0,508250.0,롯데에너지머티리얼즈,020150
2022-10-20,58800.0,"하락  1,000",59700.0,59700.0,57800.0,367357.0,롯데에너지머티리얼즈,020150
2022-10-21,58800.0,보합0,58800.0,60600.0,58500.0,335831.0,롯데에너지머티리얼즈,020150
2022-10-24,59000.0,상승  200,60000.0,60600.0,58600.0,295702.0,롯데에너지머티리얼즈,020150
2022-10-25,56800.0,"하락  2,200",58500.0,59300.0,54100.0,846299.0,롯데에너지머티리얼즈,020150
2022-10-26,56200.0,하락  600,57200.0,57900.0,56200.0,289861.0,롯데에너지머티리얼즈,020150
2022-10-27,58300.0,"상승  2,100",56900.0,58900.0,56800.0,423479.0,롯데에너지머티리얼즈,020150
2022-10-28,59400.0,"상승  1,100",57900.0,61800.0,57700.0,594947.0,롯데에너지머티리얼즈,020150
2022-10-31,60600.0,"상승  1,200",60700.0,60900.0,59100.0,641910.0,롯데에너지머티리얼즈,020150
2022-11-01,61900.0,"상승  1,300",60600.0,62300.0,59800.0,318834.0,롯데에너지머티리얼즈,020150
2022-11-02,62500.0,상승  600,62000.0,65500.0,61200.0,581954.0,롯데에너지머티리얼즈,020150
2022-11-03,63300.0,상승  800,60800.0,64000.0,60600.0,295063.0,롯데에너지머티리얼즈,020150
2022-11-04,62400.0,하락  900,63300.0,63500.0,62100.0,239412.0,롯데에너지머티리얼즈,020150
2022-11-07,62700.0,상승  300,62000.0,63100.0,61800.0,202347.0,롯데에너지머티리얼즈,020150
2022-11-08,63200.0,상승  500,62800.0,63300.0,60300.0,274870.0,롯데에너지머티리얼즈,020150
2022-11-09,63300.0,상승  100,63400.0,63900.0,62300.0,282469.0,롯데에너지머티리얼즈,020150
2022-11-10,61400.0,"하락  1,900",62900.0,63700.0,61300.0,393784.0,롯데에너지머티리얼즈,020150
2022-11-11,65000.0,"상승  3,600",63600.0,66000.0,63200.0,542901.0,롯데에너지머티리얼즈,020150
2022-11-14,67300.0,"상승  2,300",65600.0,68000.0,65000.0,468818.0,롯데에너지머티리얼즈,020150
2022-11-15,66400.0,하락  900,66600.0,66900.0,64800.0,334963.0,롯데에너지머티리얼즈,020150
2022-11-16,65900.0,하락  500,67000.0,67100.0,64200.0,225129.0,롯데에너지머티리얼즈,020150
2022-11-17,64400.0,"하락  1,500",65800.0,65800.0,63900.0,211120.0,롯데에너지머티리얼즈,020150
2022-11-18,65100.0,상승  700,64100.0,66000.0,63900.0,223427.0,롯데에너지머티리얼즈,020150
2022-11-21,61300.0,"하락  3,800",65000.0,65500.0,61000.0,322865.0,롯데에너지머티리얼즈,020150
2022-11-22,59100.0,"하락  2,200",61000.0,61700.0,58700.0,344964.0,롯데에너지머티리얼즈,020150
2022-11-23,60700.0,"상승  1,600",59400.0,61100.0,59400.0,274265.0,롯데에너지머티리얼즈,020150
2022-11-24,61400.0,상승  700,61200.0,62100.0,60900.0,192607.0,롯데에너지머티리얼즈,020150
2022-11-25,60900.0,하락  500,61200.0,62000.0,60700.0,167947.0,롯데에너지머티리얼즈,020150
2022-11-28,60000.0,하락  900,60800.0,61500.0,59900.0,166967.0,롯데에너지머티리얼즈,020150
2022-11-29,61100.0,"상승  1,100",59400.0,61100.0,59400.0,161057.0,롯데에너지머티리얼즈,020150
2022-11-30,61900.0,상승  800,60400.0,61900.0,59700.0,242975.0,롯데에너지머티리얼즈,020150
2022-12-01,63300.0,"상승  1,400",62900.0,63500.0,62100.0,263909.0,롯데에너지머티리얼즈,020150
2022-12-02,61300.0,"하락  2,000",63100.0,63500.0,61300.0,128718.0,롯데에너지머티리얼즈,020150
2022-12-05,59700.0,"하락  1,600",61400.0,61500.0,59100.0,226646.0,롯데에너지머티리얼즈,020150
2022-12-06,58600.0,"하락  1,100",58700.0,59600.0,58200.0,154682.0,롯데에너지머티리얼즈,020150
2022-12-07,59900.0,"상승  1,300",58500.0,60300.0,57600.0,166204.0,롯데에너지머티리얼즈,020150
2022-12-08,59300.0,하락  600,59900.0,60600.0,58900.0,188141.0,롯데에너지머티리얼즈,020150
2022-12-09,58300.0,"하락  1,000",59800.0,60100.0,57200.0,230652.0,롯데에너지머티리얼즈,020150
2022-12-12,58400.0,상승  100,58000.0,58800.0,57200.0,160221.0,롯데에너지머티리얼즈,020150
2022-12-13,55900.0,"하락  2,500",58500.0,59300.0,55100.0,366682.0,롯데에너지머티리얼즈,020150
2022-12-14,59100.0,"상승  3,200",55900.0,59200.0,55900.0,281951.0,롯데에너지머티리얼즈,020150
2022-12-15,57900.0,"하락  1,200",58400.0,59400.0,57900.0,133025.0,롯데에너지머티리얼즈,020150
2022-12-16,58400.0,상승  500,56700.0,58400.0,56400.0,178588.0,롯데에너지머티리얼즈,020150
2022-12-19,56300.0,"하락  2,100",57600.0,57800.0,56100.0,165706.0,롯데에너지머티리얼즈,020150
2022-12-20,55300.0,"하락  1,000",56000.0,56700.0,54700.0,169773.0,롯데에너지머티리얼즈,020150
2022-12-21,53800.0,"하락  1,500",55500.0,55900.0,53500.0,214664.0,롯데에너지머티리얼즈,020150
2022-12-22,54700.0,상승  900,54300.0,54900.0,53800.0,163485.0,롯데에너지머티리얼즈,020150
2022-12-23,52800.0,"하락  1,900",53600.0,54400.0,52600.0,230181.0,롯데에너지머티리얼즈,020150
2022-12-26,52600.0,하락  200,52600.0,53200.0,52100.0,174879.0,롯데에너지머티리얼즈,020150
2022-12-27,54800.0,"상승  2,200",52700.0,54800.0,52700.0,260500.0,롯데에너지머티리얼즈,020150
2022-12-28,51800.0,"하락  3,000",54000.0,54200.0,51300.0,312792.0,롯데에너지머티리얼즈,020150
2022-12-29,51900.0,상승  100,51400.0,52800.0,51000.0,201974.0,롯데에너지머티리얼즈,020150
2023-01-02,51900.0,보합0,52000.0,53500.0,51900.0,165374.0,롯데에너지머티리얼즈,020150
2023-01-03,51800.0,하락  100,51600.0,52400.0,49850.0,284554.0,롯데에너지머티리얼즈,020150
2023-01-04,53300.0,"상승  1,500",50600.0,53300.0,49600.0,242153.0,롯데에너지머티리얼즈,020150
2023-01-05,52700.0,하락  600,53400.0,54200.0,52200.0,190716.0,롯데에너지머티리얼즈,020150
2023-01-06,54600.0,"상승  1,900",52300.0,54800.0,52200.0,236560.0,롯데에너지머티리얼즈,020150
2023-01-09,55300.0,상승  700,55200.0,55600.0,54700.0,188366.0,롯데에너지머티리얼즈,020150
2023-01-10,56200.0,상승  900,55900.0,57300.0,55400.0,256357.0,롯데에너지머티리얼즈,020150
2023-01-11,59500.0,"상승  3,300",57000.0,59500.0,56400.0,380286.0,롯데에너지머티리얼즈,020150
2023-01-12,58500.0,"하락  1,000",59900.0,60000.0,58500.0,381078.0,롯데에너지머티리얼즈,020150
2023-01-13,57800.0,하락  700,58600.0,59300.0,57500.0,195188.0,롯데에너지머티리얼즈,020150
2023-01-16,59300.0,"상승  1,500",58300.0,59500.0,58100.0,155097.0,롯데에너지머티리얼즈,020150
2023-01-17,59000.0,하락  300,59300.0,59700.0,58200.0,172349.0,롯데에너지머티리얼즈,020150
2023-01-18,59500.0,상승  500,59700.0,60300.0,58100.0,191946.0,롯데에너지머티리얼즈,020150
2023-01-19,58400.0,"하락  1,100",58600.0,59300.0,57700.0,131397.0,롯데에너지머티리얼즈,020150
2023-01-20,59500.0,"상승  1,100",58000.0,60400.0,57900.0,178995.0,롯데에너지머티리얼즈,020150
2023-01-25,61000.0,"상승  1,500",60300.0,61300.0,60000.0,174935.0,롯데에너지머티리얼즈,020150
2023-01-26,63500.0,"상승  2,500",61200.0,63800.0,60800.0,343068.0,롯데에너지머티리얼즈,020150
2023-01-27,64400.0,상승  900,64300.0,64700.0,63200.0,282397.0,롯데에너지머티리얼즈,020150
2023-01-30,63400.0,"하락  1,000",64500.0,65500.0,62600.0,247963.0,롯데에너지머티리얼즈,020150
2023-01-31,62800.0,하락  600,63000.0,64500.0,62200.0,219586.0,롯데에너지머티리얼즈,020150
2023-02-01,63900.0,"상승  1,100",62800.0,64200.0,62700.0,166909.0,롯데에너지머티리얼즈,020150
2023-02-02,65600.0,"상승  1,700",64900.0,65900.0,64400.0,262379.0,롯데에너지머티리얼즈,020150
2023-02-03,64600.0,"하락  1,000",65400.0,66100.0,63700.0,217507.0,롯데에너지머티리얼즈,020150
2023-02-06,65000.0,상승  400,64400.0,66100.0,63900.0,228466.0,롯데에너지머티리얼즈,020150
2023-02-07,65800.0,상승  800,64800.0,67000.0,64400.0,253166.0,롯데에너지머티리얼즈,020150
2023-02-08,64100.0,"하락  1,700",66000.0,66100.0,63600.0,298641.0,롯데에너지머티리얼즈,020150
2023-02-09,65500.0,"상승  1,400",63700.0,65500.0,63500.0,263162.0,롯데에너지머티리얼즈,020150
2023-02-10,64300.0,"하락  1,200",66100.0,66900.0,64100.0,360691.0,롯데에너지머티리얼즈,020150
2023-02-13,63400.0,하락  900,64000.0,64500.0,62700.0,218677.0,롯데에너지머티리얼즈,020150
2023-02-14,64100.0,상승  700,63600.0,65200.0,63400.0,189231.0,롯데에너지머티리얼즈,020150
2023-02-15,62200.0,"하락  1,900",64500.0,65200.0,62000.0,301463.0,롯데에너지머티리얼즈,020150
2023-02-16,65100.0,"상승  2,900",62900.0,65400.0,62500.0,329349.0,롯데에너지머티리얼즈,020150
2023-02-17,61700.0,"하락  3,400",63800.0,64300.0,61500.0,433694.0,롯데에너지머티리얼즈,020150
2023-02-20,63000.0,"상승  1,300",62400.0,63800.0,61200.0,322927.0,롯데에너지머티리얼즈,020150
2023-02-21,64900.0,"상승  1,900",63800.0,66300.0,62800.0,470319.0,롯데에너지머티리얼즈,020150
2023-02-22,61200.0,"하락  3,700",63800.0,63900.0,60600.0,626266.0,롯데에너지머티리얼즈,020150
2023-02-23,62300.0,"상승  1,100",61700.0,62600.0,60100.0,261137.0,롯데에너지머티리얼즈,020150
2023-02-24,61700.0,하락  600,62700.0,63000.0,61300.0,187009.0,롯데에너지머티리얼즈,020150
2023-02-27,61600.0,하락  100,60800.0,62100.0,60000.0,240226.0,롯데에너지머티리얼즈,020150
2023-02-28,63600.0,"상승  2,000",62400.0,64200.0,62300.0,354008.0,롯데에너지머티리얼즈,020150
2023-03-02,64000.0,상승  400,63600.0,64900.0,63500.0,342155.0,롯데에너지머티리얼즈,020150
2023-03-03,71300.0,"상승  7,300",64600.0,71300.0,63800.0,1361321.0,롯데에너지머티리얼즈,020150
2023-03-06,70600.0,하락  700,73400.0,75000.0,70200.0,1172308.0,롯데에너지머티리얼즈,020150
2023-03-07,70000.0,하락  600,70600.0,71300.0,68300.0,685132.0,롯데에너지머티리얼즈,020150
2023-03-08,67300.0,"하락  2,700",68300.0,69000.0,66000.0,669466.0,롯데에너지머티리얼즈,020150
2023-03-09,64300.0,"하락  3,000",67400.0,67400.0,64300.0,635813.0,롯데에너지머티리얼즈,020150
2023-03-10,62600.0,"하락  1,700",62500.0,63900.0,62100.0,407237.0,롯데에너지머티리얼즈,020150
2023-03-13,64800.0,"상승  2,200",62100.0,64800.0,61900.0,334077.0,롯데에너지머티리얼즈,020150
2023-03-14,62100.0,"하락  2,700",64100.0,64100.0,61500.0,348490.0,롯데에너지머티리얼즈,020150
2023-03-15,63900.0,"상승  1,800",63800.0,65200.0,63000.0,314278.0,롯데에너지머티리얼즈,020150
2023-03-16,63700.0,하락  200,63900.0,64300.0,62200.0,302105.0,롯데에너지머티리얼즈,020150
2023-03-17,63000.0,하락  700,65400.0,65400.0,62000.0,441584.0,롯데에너지머티리얼즈,020150
2023-03-20,62900.0,하락  100,62500.0,63300.0,61600.0,275939.0,롯데에너지머티리얼즈,020150
2023-03-21,63000.0,상승  100,63000.0,64300.0,62600.0,273610.0,롯데에너지머티리얼즈,020150
2023-03-22,66800.0,"상승  3,800",64100.0,67000.0,63200.0,600173.0,롯데에너지머티리얼즈,020150
2023-03-23,66200.0,하락  600,65800.0,68000.0,65100.0,660946.0,롯데에너지머티리얼즈,020150
2023-03-24,64000.0,"하락  2,200",66700.0,66700.0,62500.0,657517.0,롯데에너지머티리얼즈,020150
2023-03-27,65800.0,"상승  1,800",64400.0,66500.0,64200.0,608833.0,롯데에너지머티리얼즈,020150
2023-03-28,64700.0,"하락  1,100",65800.0,65800.0,63200.0,452392.0,롯데에너지머티리얼즈,020150
2023-03-29,66500.0,"상승  1,800",64100.0,67100.0,64100.0,602578.0,롯데에너지머티리얼즈,020150
2023-03-30,66500.0,보합0,67600.0,67700.0,65400.0,577111.0,롯데에너지머티리얼즈,020150
2023-03-31,68800.0,"상승  2,300",67100.0,70300.0,65500.0,897486.0,롯데에너지머티리얼즈,020150
2023-04-03,68800.0,보합0,70300.0,70400.0,67100.0,577640.0,롯데에너지머티리얼즈,020150
2023-04-04,69700.0,상승  900,68300.0,74000.0,68000.0,1289186.0,롯데에너지머티리얼즈,020150
2023-04-05,71400.0,"상승  1,700",71000.0,72300.0,69700.0,663308.0,롯데에너지머티리얼즈,020150
2023-04-06,71200.0,하락  200,72200.0,72500.0,70000.0,660022.0,롯데에너지머티리얼즈,020150
2023-04-07,72400.0,"상승  1,200",71800.0,73300.0,70700.0,527906.0,롯데에너지머티리얼즈,020150
2023-04-10,71200.0,"하락  1,200",73600.0,74500.0,70300.0,842603.0,롯데에너지머티리얼즈,020150
2023-04-11,70500.0,하락  700,71100.0,71900.0,68300.0,698277.0,롯데에너지머티리얼즈,020150
2023-04-12,68000.0,"하락  2,500",70900.0,70900.0,67800.0,539374.0,롯데에너지머티리얼즈,020150
2023-04-13,69200.0,"상승  1,200",67200.0,69700.0,66100.0,539861.0,롯데에너지머티리얼즈,020150
2023-04-14,69300.0,상승  100,70000.0,70100.0,68000.0,328485.0,롯데에너지머티리얼즈,020150
2023-04-17,68200.0,"하락  1,100",69400.0,69400.0,67600.0,346737.0,롯데에너지머티리얼즈,020150
2023-04-18,66900.0,"하락  1,300",68500.0,68500.0,66200.0,434324.0,롯데에너지머티리얼즈,020150
2023-04-19,67500.0,상승  600,66900.0,68700.0,66000.0,380799.0,롯데에너지머티리얼즈,020150
2023-04-20,65200.0,"하락  2,300",67000.0,67300.0,64900.0,426303.0,롯데에너지머티리얼즈,020150
2023-04-21,64100.0,"하락  1,100",64700.0,66200.0,63900.0,306263.0,롯데에너지머티리얼즈,020150
2023-04-24,63500.0,하락  600,63500.0,64700.0,63100.0,224250.0,롯데에너지머티리얼즈,020150
2023-04-25,61500.0,"하락  2,000",63400.0,64100.0,60700.0,395318.0,롯데에너지머티리얼즈,020150
2023-04-26,61200.0,하락  300,61300.0,62500.0,61100.0,218681.0,롯데에너지머티리얼즈,020150
2023-04-27,61600.0,상승  400,61000.0,62000.0,60100.0,234163.0,롯데에너지머티리얼즈,020150
2023-04-28,60200.0,"하락  1,400",62200.0,62600.0,59800.0,307294.0,롯데에너지머티리얼즈,020150
2023-05-02,61000.0,상승  800,60300.0,61300.0,60000.0,178640.0,롯데에너지머티리얼즈,020150
2023-05-03,60000.0,"하락  1,000",60700.0,61500.0,59900.0,167193.0,롯데에너지머티리얼즈,020150
2023-05-04,60400.0,상승  400,60100.0,60400.0,59100.0,161363.0,롯데에너지머티리얼즈,020150
2023-05-08,62400.0,"상승  2,000",62100.0,64800.0,62000.0,436715.0,롯데에너지머티리얼즈,020150
2023-05-09,61100.0,"하락  1,300",62600.0,63800.0,60600.0,228057.0,롯데에너지머티리얼즈,020150
2023-05-10,60500.0,하락  600,60900.0,61700.0,60100.0,162757.0,롯데에너지머티리얼즈,020150
2023-05-11,59900.0,하락  600,60600.0,61400.0,59900.0,195629.0,롯데에너지머티리얼즈,020150
2023-05-12,59500.0,하락  400,59800.0,60300.0,59200.0,153382.0,롯데에너지머티리얼즈,020150
2023-05-15,59300.0,하락  200,58900.0,59300.0,57300.0,215102.0,롯데에너지머티리얼즈,020150
2023-05-16,58300.0,"하락  1,000",58800.0,59100.0,57600.0,172517.0,롯데에너지머티리얼즈,020150
2023-05-17,59900.0,"상승  1,600",58300.0,59900.0,58000.0,130596.0,롯데에너지머티리얼즈,020150
2023-05-18,56000.0,"하락  3,900",60300.0,60300.0,55900.0,611254.0,롯데에너지머티리얼즈,020150
2023-05-19,55600.0,하락  400,56000.0,56200.0,54400.0,318062.0,롯데에너지머티리얼즈,020150
2023-05-22,56300.0,상승  700,55400.0,56800.0,54800.0,214636.0,롯데에너지머티리얼즈,020150
2023-05-23,57000.0,상승  700,56600.0,57800.0,56400.0,215207.0,롯데에너지머티리얼즈,020150
2023-05-24,56900.0,하락  100,56800.0,57400.0,56200.0,149779.0,롯데에너지머티리얼즈,020150
2023-05-25,57000.0,상승  100,56800.0,57600.0,56600.0,153685.0,롯데에너지머티리얼즈,020150
2023-05-26,56100.0,하락  900,57100.0,57200.0,55800.0,173204.0,롯데에너지머티리얼즈,020150
2023-05-30,57600.0,"상승  1,500",56400.0,58000.0,56400.0,236028.0,롯데에너지머티리얼즈,020150
2023-05-31,57300.0,하락  300,57300.0,58400.0,57300.0,331744.0,롯데에너지머티리얼즈,020150
2023-06-01,57000.0,하락  300,58000.0,58300.0,57000.0,124736.0,롯데에너지머티리얼즈,020150
2023-06-02,58600.0,"상승  1,600",57300.0,59200.0,57100.0,201628.0,롯데에너지머티리얼즈,020150
2023-06-05,59300.0,상승  700,59100.0,59500.0,58200.0,133080.0,롯데에너지머티리얼즈,020150
2023-06-07,59600.0,상승  300,59500.0,60300.0,59300.0,159944.0,롯데에너지머티리얼즈,020150
2023-06-08,59200.0,하락  400,59200.0,60100.0,58800.0,171146.0,롯데에너지머티리얼즈,020150
2023-06-09,61000.0,"상승  1,800",60000.0,61300.0,59300.0,210543.0,롯데에너지머티리얼즈,020150
2023-06-12,61300.0,상승  300,60900.0,61500.0,60200.0,175286.0,롯데에너지머티리얼즈,020150
2023-06-13,61100.0,하락  200,61300.0,61900.0,60900.0,151319.0,롯데에너지머티리얼즈,020150
2023-06-14,59500.0,"하락  1,600",61500.0,61600.0,59100.0,239167.0,롯데에너지머티리얼즈,020150
2023-06-15,59300.0,하락  200,59500.0,60400.0,58200.0,189715.0,롯데에너지머티리얼즈,020150
2023-06-16,59200.0,하락  100,59500.0,59800.0,58200.0,211547.0,롯데에너지머티리얼즈,020150
2023-06-19,59200.0,보합0,59200.0,59700.0,58300.0,118894.0,롯데에너지머티리얼즈,020150
2023-06-20,58700.0,하락  500,58500.0,59400.0,58400.0,135136.0,롯데에너지머티리얼즈,020150
2023-06-21,57500.0,"하락  1,200",58800.0,59800.0,57200.0,180822.0,롯데에너지머티리얼즈,020150
2023-06-22,57200.0,하락  300,56600.0,57800.0,56600.0,178107.0,롯데에너지머티리얼즈,020150
2023-06-23,56500.0,하락  700,57300.0,57600.0,55400.0,199957.0,롯데에너지머티리얼즈,020150
2023-06-26,55500.0,"하락  1,000",56600.0,56800.0,55300.0,183998.0,롯데에너지머티리얼즈,020150
2023-06-27,54500.0,"하락  1,000",55000.0,55400.0,53700.0,252800.0,롯데에너지머티리얼즈,020150
2023-06-28,50800.0,"하락  3,700",54700.0,54800.0,50800.0,516632.0,롯데에너지머티리얼즈,020150
2023-06-29,47850.0,"하락  2,950",50100.0,51000.0,47700.0,700633.0,롯데에너지머티리얼즈,020150
2023-06-30,48200.0,상승  350,47850.0,48250.0,47050.0,447520.0,롯데에너지머티리얼즈,020150
2023-07-03,49500.0,"상승  1,300",48200.0,50800.0,48200.0,376408.0,롯데에너지머티리얼즈,020150
2023-07-04,48600.0,하락  900,49950.0,50400.0,48250.0,365692.0,롯데에너지머티리얼즈,020150
2023-07-05,58000.0,"상승  9,400",48900.0,58900.0,48900.0,2599076.0,롯데에너지머티리얼즈,020150
2023-07-06,54400.0,"하락  3,600",57000.0,57200.0,54200.0,748680.0,롯데에너지머티리얼즈,020150
2023-07-07,54700.0,상승  300,53900.0,57600.0,53800.0,820731.0,롯데에너지머티리얼즈,020150
2023-07-10,52000.0,"하락  2,700",54400.0,54600.0,51800.0,447963.0,롯데에너지머티리얼즈,020150
2023-07-11,52900.0,상승  900,52600.0,54200.0,52200.0,362697.0,롯데에너지머티리얼즈,020150
2023-07-12,52900.0,보합0,53000.0,53800.0,51500.0,325054.0,롯데에너지머티리얼즈,020150
2023-07-13,53300.0,상승  400,53500.0,55400.0,53300.0,519338.0,롯데에너지머티리얼즈,020150
2023-07-14,54300.0,"상승  1,000",53900.0,54800.0,53400.0,300347.0,롯데에너지머티리얼즈,020150
2023-07-17,54800.0,상승  500,54900.0,55800.0,53500.0,328361.0,롯데에너지머티리얼즈,020150
2023-07-18,55900.0,"상승  1,100",55000.0,56100.0,53600.0,588391.0,롯데에너지머티리얼즈,020150
2023-07-19,53800.0,"하락  2,100",56300.0,56300.0,52700.0,562950.0,롯데에너지머티리얼즈,020150
2023-07-20,54600.0,상승  800,53700.0,55300.0,53200.0,372912.0,롯데에너지머티리얼즈,020150
2023-07-21,53500.0,"하락  1,100",53800.0,54300.0,53300.0,230807.0,롯데에너지머티리얼즈,020150
2023-07-24,53100.0,하락  400,52900.0,53700.0,51500.0,472753.0,롯데에너지머티리얼즈,020150
2023-07-25,53300.0,상승  200,53800.0,54800.0,52400.0,429584.0,롯데에너지머티리얼즈,020150
2023-07-26,56700.0,"상승  3,400",53300.0,59700.0,53200.0,2230914.0,롯데에너지머티리얼즈,020150
2023-07-27,54400.0,"하락  2,300",58000.0,58400.0,53800.0,803673.0,롯데에너지머티리얼즈,020150
2023-07-28,54400.0,보합0,53900.0,54800.0,53100.0,337938.0,롯데에너지머티리얼즈,020150
2023-07-31,54800.0,상승  400,54300.0,55800.0,54300.0,346929.0,롯데에너지머티리얼즈,020150
2023-08-01,56400.0,"상승  1,600",55700.0,57100.0,55500.0,440636.0,롯데에너지머티리얼즈,020150
2023-08-02,55200.0,"하락  1,200",56000.0,56400.0,54700.0,343856.0,롯데에너지머티리얼즈,020150
2023-08-03,53400.0,"하락  1,800",54900.0,55400.0,52500.0,442708.0,롯데에너지머티리얼즈,020150
2023-08-04,51300.0,"하락  2,100",53300.0,53400.0,51200.0,351120.0,롯데에너지머티리얼즈,020150
2023-08-07,51900.0,상승  600,50500.0,52500.0,50500.0,229255.0,롯데에너지머티리얼즈,020150
2023-08-08,50900.0,"하락  1,000",50700.0,52100.0,49750.0,322118.0,롯데에너지머티리얼즈,020150
2023-08-09,54100.0,"상승  3,200",51300.0,54400.0,51100.0,385493.0,롯데에너지머티리얼즈,020150
2023-08-10,54100.0,보합0,53700.0,54400.0,53400.0,194132.0,롯데에너지머티리얼즈,020150
2023-08-11,57500.0,"상승  3,400",56200.0,58200.0,55800.0,852068.0,롯데에너지머티리얼즈,020150
2023-08-14,56200.0,"하락  1,300",58000.0,59100.0,54800.0,420585.0,롯데에너지머티리얼즈,020150
2023-08-16,52600.0,"하락  3,600",54900.0,55700.0,52600.0,305215.0,롯데에너지머티리얼즈,020150
2023-08-17,51700.0,하락  900,51900.0,52600.0,51000.0,268735.0,롯데에너지머티리얼즈,020150
2023-08-18,49900.0,"하락  1,800",51300.0,51300.0,49850.0,304902.0,롯데에너지머티리얼즈,020150
2023-08-21,50400.0,상승  500,50100.0,51800.0,50100.0,184102.0,롯데에너지머티리얼즈,020150
2023-08-22,50100.0,하락  300,50700.0,52000.0,49900.0,196183.0,롯데에너지머티리얼즈,020150
2023-08-23,47650.0,"하락  2,450",50200.0,50300.0,47500.0,509101.0,롯데에너지머티리얼즈,020150
2023-08-24,48150.0,상승  500,48000.0,49200.0,48000.0,247514.0,롯데에너지머티리얼즈,020150
2023-08-25,48250.0,상승  100,47650.0,48550.0,47100.0,167210.0,롯데에너지머티리얼즈,020150
2023-08-28,48600.0,상승  350,48650.0,48800.0,47950.0,186405.0,롯데에너지머티리얼즈,020150
2023-08-29,49150.0,상승  550,49000.0,49400.0,48500.0,167006.0,롯데에너지머티리얼즈,020150
2023-08-30,49050.0,하락  100,49800.0,50100.0,49050.0,174004.0,롯데에너지머티리얼즈,020150
2023-08-31,48700.0,하락  350,49700.0,50300.0,48500.0,290974.0,롯데에너지머티리얼즈,020150
2023-09-01,48500.0,하락  200,48700.0,49000.0,48150.0,177579.0,롯데에너지머티리얼즈,020150
2023-09-04,48900.0,상승  400,48050.0,48900.0,47850.0,229634.0,롯데에너지머티리얼즈,020150
2023-09-05,48300.0,하락  600,48450.0,49250.0,48050.0,232911.0,롯데에너지머티리얼즈,020150
2023-09-06,47300.0,"하락  1,000",48350.0,48700.0,47250.0,309554.0,롯데에너지머티리얼즈,020150
2023-09-07,44600.0,"하락  2,700",46950.0,47000.0,44350.0,549903.0,롯데에너지머티리얼즈,020150
2023-09-08,44550.0,하락  50,44700.0,45600.0,44050.0,331771.0,롯데에너지머티리얼즈,020150
2023-09-11,44000.0,하락  550,44100.0,44850.0,43350.0,272257.0,롯데에너지머티리얼즈,020150
2023-09-12,43450.0,하락  550,44600.0,45550.0,43000.0,343330.0,롯데에너지머티리얼즈,020150
2023-09-13,42350.0,"하락  1,100",42550.0,43550.0,42100.0,330925.0,롯데에너지머티리얼즈,020150
2023-09-14,43600.0,"상승  1,250",42350.0,43650.0,42350.0,345939.0,롯데에너지머티리얼즈,020150
2023-09-15,45150.0,"상승  1,550",43600.0,45150.0,43000.0,302859.0,롯데에너지머티리얼즈,020150
2023-09-18,45150.0,보합0,45100.0,45550.0,44450.0,258100.0,롯데에너지머티리얼즈,020150
2023-09-19,43400.0,"하락  1,750",45200.0,45250.0,43200.0,294962.0,롯데에너지머티리얼즈,020150
2023-09-20,44000.0,상승  600,43400.0,44250.0,43150.0,190539.0,롯데에너지머티리얼즈,020150
2023-09-21,41100.0,"하락  2,900",43700.0,43800.0,40850.0,419169.0,롯데에너지머티리얼즈,020150
2023-09-22,40550.0,하락  550,40500.0,41050.0,40050.0,304672.0,롯데에너지머티리얼즈,020150
2023-09-25,40400.0,하락  150,40050.0,41300.0,40050.0,197941.0,롯데에너지머티리얼즈,020150
2023-09-26,39650.0,하락  750,40300.0,40850.0,39450.0,249617.0,롯데에너지머티리얼즈,020150
2023-09-27,39800.0,상승  150,38850.0,40050.0,38850.0,300306.0,롯데에너지머티리얼즈,020150
2023-10-04,37400.0,"하락  2,400",39350.0,39350.0,37050.0,431192.0,롯데에너지머티리얼즈,020150
2023-10-05,38250.0,상승  850,37550.0,39250.0,37100.0,359585.0,롯데에너지머티리얼즈,020150
2023-10-06,38500.0,상승  250,38150.0,38950.0,38000.0,177724.0,롯데에너지머티리얼즈,020150
2023-10-10,38700.0,상승  200,39050.0,39850.0,38400.0,217650.0,롯데에너지머티리얼즈,020150
2023-10-11,40200.0,"상승  1,500",39100.0,40400.0,39100.0,212043.0,롯데에너지머티리얼즈,020150
2023-10-12,41050.0,상승  850,40300.0,41250.0,40100.0,234109.0,롯데에너지머티리얼즈,020150
2023-10-13,40250.0,하락  800,40650.0,40950.0,39900.0,183788.0,롯데에너지머티리얼즈,020150
2023-10-16,41150.0,상승  900,39850.0,41550.0,39350.0,260581.0,롯데에너지머티리얼즈,020150
2023-10-17,41300.0,상승  150,41150.0,41700.0,40850.0,137769.0,롯데에너지머티리얼즈,020150
2023-10-18,40800.0,하락  500,41200.0,41200.0,40000.0,116733.0,롯데에너지머티리얼즈,020150
2023-10-19,39600.0,"하락  1,200",40000.0,40400.0,39350.0,186131.0,롯데에너지머티리얼즈,020150
2023-10-20,37700.0,"하락  1,900",39400.0,39400.0,37350.0,260010.0,롯데에너지머티리얼즈,020150
2023-10-23,37600.0,하락  100,36800.0,38200.0,36800.0,189210.0,롯데에너지머티리얼즈,020150
2023-10-24,40250.0,"상승  2,650",37950.0,40250.0,36750.0,291553.0,롯데에너지머티리얼즈,020150
2023-10-25,39000.0,"하락  1,250",40350.0,40600.0,38900.0,220460.0,롯데에너지머티리얼즈,020150
2023-10-26,36650.0,"하락  2,350",38600.0,38600.0,36650.0,348273.0,롯데에너지머티리얼즈,020150
2023-10-27,38000.0,"상승  1,350",36750.0,38450.0,36750.0,219623.0,롯데에너지머티리얼즈,020150
2023-10-30,39750.0,"상승  1,750",37500.0,40100.0,37500.0,264046.0,롯데에너지머티리얼즈,020150
2023-10-31,38500.0,"하락  1,250",39900.0,39900.0,37750.0,230925.0,롯데에너지머티리얼즈,020150
2023-11-01,38000.0,하락  500,39000.0,39150.0,37500.0,218889.0,롯데에너지머티리얼즈,020150
2023-11-02,40100.0,"상승  2,100",38500.0,40400.0,38450.0,301771.0,롯데에너지머티리얼즈,020150
2023-11-03,40500.0,상승  400,40750.0,41050.0,39850.0,188351.0,롯데에너지머티리얼즈,020150
2023-11-06,44900.0,"상승  4,400",42650.0,44900.0,42150.0,643580.0,롯데에너지머티리얼즈,020150
2023-11-07,43350.0,"하락  1,550",44800.0,45100.0,42350.0,250291.0,롯데에너지머티리얼즈,020150
2023-11-08,42150.0,"하락  1,200",43800.0,44650.0,42000.0,193088.0,롯데에너지머티리얼즈,020150
2023-11-09,41500.0,하락  650,42050.0,42750.0,40850.0,210322.0,롯데에너지머티리얼즈,020150
2023-11-10,40200.0,"하락  1,300",40550.0,40800.0,39750.0,154374.0,롯데에너지머티리얼즈,020150
2023-11-13,40200.0,보합0,40450.0,41100.0,39900.0,92630.0,롯데에너지머티리얼즈,020150
2023-11-14,41600.0,"상승  1,400",40450.0,42300.0,40300.0,141054.0,롯데에너지머티리얼즈,020150
2023-11-15,41950.0,상승  350,42950.0,43250.0,41400.0,244158.0,롯데에너지머티리얼즈,020150
2023-11-16,41950.0,보합0,42000.0,42100.0,40900.0,132767.0,롯데에너지머티리얼즈,020150
2023-11-17,41350.0,하락  600,42100.0,42100.0,40900.0,129501.0,롯데에너지머티리얼즈,020150
2023-11-20,43050.0,"상승  1,700",41400.0,43800.0,41200.0,180603.0,롯데에너지머티리얼즈,020150
2023-11-21,45000.0,"상승  1,950",43500.0,45450.0,42950.0,298175.0,롯데에너지머티리얼즈,020150
2023-11-22,45100.0,상승  100,44500.0,45200.0,43800.0,137730.0,롯데에너지머티리얼즈,020150
2023-11-23,44100.0,"하락  1,000",44750.0,45000.0,44050.0,109039.0,롯데에너지머티리얼즈,020150
2023-11-24,43800.0,하락  300,43900.0,44500.0,43500.0,77490.0,롯데에너지머티리얼즈,020150
2023-11-27,43250.0,하락  550,43900.0,43900.0,43050.0,125372.0,롯데에너지머티리얼즈,020150
2023-11-28,44000.0,상승  750,43250.0,44550.0,43100.0,169903.0,롯데에너지머티리얼즈,020150
2023-11-29,44950.0,상승  950,44300.0,45400.0,43650.0,237977.0,롯데에너지머티리얼즈,020150
2023-11-30,45000.0,상승  50,44550.0,46750.0,44450.0,2171459.0,롯데에너지머티리얼즈,020150
2023-12-01,44900.0,하락  100,45200.0,46050.0,44500.0,196683.0,롯데에너지머티리얼즈,020150
2023-12-04,45300.0,상승  400,45500.0,45900.0,44350.0,211636.0,롯데에너지머티리얼즈,020150
2023-12-05,43500.0,"하락  1,800",44850.0,44900.0,43500.0,181718.0,롯데에너지머티리얼즈,020150
2023-12-06,43950.0,상승  450,43600.0,44400.0,43550.0,96473.0,롯데에너지머티리얼즈,020150
2023-12-07,42700.0,"하락  1,250",44000.0,44200.0,42650.0,154823.0,롯데에너지머티리얼즈,020150
2023-12-08,42850.0,상승  150,43000.0,43650.0,42200.0,97563.0,롯데에너지머티리얼즈,020150
2023-12-11,42600.0,하락  250,42900.0,43350.0,42200.0,96117.0,롯데에너지머티리얼즈,020150
2023-12-12,42350.0,하락  250,42400.0,43150.0,41900.0,131817.0,롯데에너지머티리얼즈,020150
2023-12-13,41550.0,하락  800,42300.0,42350.0,41450.0,113996.0,롯데에너지머티리얼즈,020150
2023-12-14,42400.0,상승  850,42100.0,42850.0,41650.0,202548.0,롯데에너지머티리얼즈,020150
2023-12-15,42100.0,하락  300,42650.0,43500.0,41900.0,316115.0,롯데에너지머티리얼즈,020150
2023-12-18,41300.0,하락  800,42250.0,42400.0,41100.0,189381.0,롯데에너지머티리얼즈,020150
2023-12-19,40400.0,하락  900,41200.0,41600.0,40400.0,175766.0,롯데에너지머티리얼즈,020150
2023-12-20,41500.0,"상승  1,100",41000.0,41500.0,40600.0,134483.0,롯데에너지머티리얼즈,020150
2023-12-21,40850.0,하락  650,41200.0,41200.0,40450.0,94811.0,롯데에너지머티리얼즈,020150
2023-12-22,40950.0,상승  100,41200.0,41600.0,40650.0,97337.0,롯데에너지머티리얼즈,020150
2023-12-26,40500.0,하락  450,41100.0,41100.0,40300.0,103121.0,롯데에너지머티리얼즈,020150
2023-12-27,41450.0,상승  950,40500.0,41650.0,40400.0,92719.0,롯데에너지머티리얼즈,020150
2023-12-28,42050.0,상승  600,41650.0,42200.0,41150.0,98118.0,롯데에너지머티리얼즈,020150
2024-01-02,41500.0,하락  550,41700.0,42200.0,41250.0,107099.0,롯데에너지머티리얼즈,020150
2024-01-03,40950.0,하락  550,41000.0,41400.0,40400.0,125776.0,롯데에너지머티리얼즈,020150
2024-01-04,39900.0,"하락  1,050",40650.0,40750.0,39850.0,182789.0,롯데에너지머티리얼즈,020150
2024-01-05,40400.0,상승  500,40000.0,41000.0,39850.0,101054.0,롯데에너지머티리얼즈,020150
2024-01-08,40050.0,하락  350,40400.0,40900.0,39850.0,98648.0,롯데에너지머티리얼즈,020150
2024-01-09,39750.0,하락  300,40850.0,40850.0,39750.0,94567.0,롯데에너지머티리얼즈,020150
2024-01-10,38350.0,"하락  1,400",39750.0,39950.0,38250.0,196295.0,롯데에너지머티리얼즈,020150
2024-01-11,37450.0,하락  900,38350.0,38600.0,37450.0,292667.0,롯데에너지머티리얼즈,020150
2024-01-12,37550.0,상승  100,37600.0,38100.0,37000.0,141891.0,롯데에너지머티리얼즈,020150
2024-01-15,37250.0,하락  300,37500.0,37900.0,37000.0,150063.0,롯데에너지머티리얼즈,020150
2024-01-16,36700.0,하락  550,36850.0,37500.0,36700.0,112734.0,롯데에너지머티리얼즈,020150
2024-01-17,34800.0,"하락  1,900",36800.0,36900.0,34800.0,233638.0,롯데에너지머티리얼즈,020150
2024-01-18,33650.0,"하락  1,150",34500.0,35200.0,33300.0,265724.0,롯데에너지머티리얼즈,020150
2024-01-19,33900.0,상승  250,33800.0,34500.0,33600.0,155278.0,롯데에너지머티리얼즈,020150
2024-01-22,32700.0,"하락  1,200",33900.0,34100.0,32450.0,215490.0,롯데에너지머티리얼즈,020150
2024-01-23,32500.0,하락  200,32700.0,32950.0,32350.0,172354.0,롯데에너지머티리얼즈,020150
2024-01-24,32100.0,하락  400,32400.0,32750.0,31650.0,149421.0,롯데에너지머티리얼즈,020150
2024-01-25,31850.0,하락  250,32100.0,32200.0,31400.0,144718.0,롯데에너지머티리얼즈,020150
2024-01-26,32450.0,상승  600,31500.0,33000.0,31400.0,118065.0,롯데에너지머티리얼즈,020150
2024-01-29,33050.0,상승  600,32550.0,33450.0,32550.0,142162.0,롯데에너지머티리얼즈,020150
2024-01-30,32300.0,하락  750,33450.0,33950.0,32300.0,144799.0,롯데에너지머티리얼즈,020150
2024-01-31,31550.0,하락  750,32050.0,32650.0,31500.0,112458.0,롯데에너지머티리얼즈,020150
2024-02-01,32700.0,"상승  1,150",31250.0,32850.0,31000.0,121831.0,롯데에너지머티리얼즈,020150
2024-02-02,33150.0,상승  450,32850.0,33900.0,32650.0,131101.0,롯데에너지머티리얼즈,020150
2024-02-05,32950.0,하락  200,33100.0,33200.0,32500.0,108736.0,롯데에너지머티리얼즈,020150
2024-02-06,32650.0,하락  300,32600.0,33100.0,31950.0,152059.0,롯데에너지머티리얼즈,020150
2024-02-07,34650.0,"상승  2,000",33050.0,36000.0,33000.0,353187.0,롯데에너지머티리얼즈,020150
2024-02-08,34600.0,하락  50,34900.0,35050.0,34500.0,172950.0,롯데에너지머티리얼즈,020150
2024-02-13,35350.0,상승  750,34800.0,35450.0,34550.0,140655.0,롯데에너지머티리얼즈,020150
2024-02-14,35050.0,하락  300,34650.0,35350.0,34450.0,130835.0,롯데에너지머티리얼즈,020150
2024-02-15,35350.0,상승  300,35400.0,36700.0,35100.0,156915.0,롯데에너지머티리얼즈,020150
2024-02-16,35600.0,상승  250,35800.0,36050.0,35350.0,99180.0,롯데에너지머티리얼즈,020150
2024-02-19,35850.0,상승  250,35500.0,36550.0,35300.0,113772.0,롯데에너지머티리얼즈,020150
2024-02-20,37650.0,"상승  1,800",35800.0,37950.0,34200.0,297555.0,롯데에너지머티리얼즈,020150
2024-02-21,37800.0,상승  150,37500.0,38550.0,36900.0,202793.0,롯데에너지머티리얼즈,020150
2024-02-22,37500.0,하락  300,38000.0,39700.0,37500.0,317534.0,롯데에너지머티리얼즈,020150
2024-02-23,36900.0,하락  600,37500.0,37850.0,36600.0,141418.0,롯데에너지머티리얼즈,020150
2024-02-26,36200.0,하락  700,37100.0,37300.0,36200.0,105767.0,롯데에너지머티리얼즈,020150
2024-02-27,35550.0,하락  650,36200.0,37000.0,35400.0,93243.0,롯데에너지머티리얼즈,020150
2024-02-28,35200.0,하락  350,35950.0,36100.0,35100.0,91768.0,롯데에너지머티리얼즈,020150
2024-02-29,34800.0,하락  400,35100.0,35500.0,34800.0,107470.0,롯데에너지머티리얼즈,020150
2024-03-04,36000.0,"상승  1,200",35000.0,36950.0,35000.0,179661.0,롯데에너지머티리얼즈,020150
2024-03-05,36750.0,상승  750,36000.0,38900.0,35550.0,491684.0,롯데에너지머티리얼즈,020150
2024-03-06,36050.0,하락  700,36450.0,37450.0,35950.0,160500.0,롯데에너지머티리얼즈,020150
2024-03-07,36800.0,상승  750,36100.0,37400.0,35450.0,156606.0,롯데에너지머티리얼즈,020150
2024-03-08,38000.0,"상승  1,200",37500.0,39200.0,37300.0,336645.0,롯데에너지머티리얼즈,020150
2024-03-11,37900.0,하락  100,38200.0,38750.0,37250.0,166192.0,롯데에너지머티리얼즈,020150
2024-03-12,39550.0,"상승  1,650",38000.0,39600.0,38000.0,325534.0,롯데에너지머티리얼즈,020150
2024-03-13,39900.0,상승  350,39950.0,40950.0,39400.0,384336.0,롯데에너지머티리얼즈,020150
2024-03-14,40400.0,상승  500,40350.0,40550.0,39600.0,214118.0,롯데에너지머티리얼즈,020150
2024-03-15,39300.0,"하락  1,100",40000.0,40200.0,39300.0,222668.0,롯데에너지머티리얼즈,020150
2024-03-18,40200.0,상승  900,39300.0,40550.0,39300.0,212121.0,롯데에너지머티리얼즈,020150
2024-03-19,39950.0,하락  250,40200.0,40450.0,39450.0,191287.0,롯데에너지머티리얼즈,020150
2024-03-20,42350.0,"상승  2,400",40350.0,43200.0,39950.0,563283.0,롯데에너지머티리얼즈,020150
2024-03-21,47050.0,"상승  4,700",43000.0,49200.0,42850.0,2039716.0,롯데에너지머티리얼즈,020150
2024-03-22,47800.0,상승  750,46900.0,48500.0,46450.0,566822.0,롯데에너지머티리얼즈,020150
2024-03-25,50700.0,"상승  2,900",48900.0,51500.0,48450.0,828490.0,롯데에너지머티리얼즈,020150
2024-03-26,49850.0,하락  850,51600.0,51600.0,49050.0,519504.0,롯데에너지머티리얼즈,020150
2024-03-27,51000.0,"상승  1,150",49550.0,52400.0,49150.0,528464.0,롯데에너지머티리얼즈,020150
2024-03-28,49950.0,"하락  1,050",51000.0,51500.0,49150.0,396831.0,롯데에너지머티리얼즈,020150
2024-03-29,49000.0,하락  950,49600.0,51100.0,48350.0,404799.0,롯데에너지머티리얼즈,020150
2024-04-01,48050.0,하락  950,49000.0,49600.0,47600.0,300391.0,롯데에너지머티리얼즈,020150
2024-04-02,46950.0,"하락  1,100",47700.0,48500.0,46200.0,392512.0,롯데에너지머티리얼즈,020150
2024-04-03,47050.0,상승  100,46250.0,48650.0,46250.0,414100.0,롯데에너지머티리얼즈,020150
2024-04-04,47950.0,상승  900,46950.0,49850.0,46650.0,614279.0,롯데에너지머티리얼즈,020150
2024-04-05,47400.0,하락  550,47050.0,49100.0,47050.0,331684.0,롯데에너지머티리얼즈,020150
2024-04-08,47850.0,상승  450,48550.0,49350.0,47000.0,450803.0,롯데에너지머티리얼즈,020150
2024-04-09,45000.0,"하락  2,850",47600.0,47800.0,44500.0,440596.0,롯데에너지머티리얼즈,020150
2024-04-11,46600.0,"상승  1,600",44100.0,46800.0,44100.0,299142.0,롯데에너지머티리얼즈,020150
2024-04-12,44650.0,"하락  1,950",47000.0,47350.0,44650.0,230829.0,롯데에너지머티리얼즈,020150
2024-04-15,43350.0,"하락  1,300",43200.0,43850.0,42650.0,226212.0,롯데에너지머티리얼즈,020150
2024-04-16,41400.0,"하락  1,950",42800.0,43200.0,41250.0,263470.0,롯데에너지머티리얼즈,020150
2024-04-17,40650.0,하락  750,41500.0,41950.0,40650.0,145862.0,롯데에너지머티리얼즈,020150
2024-04-18,42000.0,"상승  1,350",40650.0,42600.0,40400.0,193288.0,롯데에너지머티리얼즈,020150
2024-04-19,42200.0,상승  200,41600.0,43200.0,40850.0,242795.0,롯데에너지머티리얼즈,020150
2024-04-22,44500.0,"상승  2,300",45200.0,45800.0,43850.0,441363.0,롯데에너지머티리얼즈,020150
2024-04-23,46750.0,"상승  2,250",45250.0,48400.0,45000.0,526045.0,롯데에너지머티리얼즈,020150
2024-04-24,47800.0,"상승  1,050",47900.0,48050.0,46700.0,250942.0,롯데에너지머티리얼즈,020150
2024-04-25,47600.0,하락  200,47750.0,49400.0,46950.0,287583.0,롯데에너지머티리얼즈,020150
2024-04-26,45500.0,"하락  2,100",47450.0,47950.0,45400.0,222763.0,롯데에너지머티리얼즈,020150
2024-04-29,46150.0,상승  650,45200.0,46500.0,44750.0,152528.0,롯데에너지머티리얼즈,020150
2024-04-30,45500.0,하락  650,46650.0,47000.0,45400.0,145448.0,롯데에너지머티리얼즈,020150
2024-05-02,45200.0,하락  300,45550.0,46500.0,44200.0,241448.0,롯데에너지머티리얼즈,020150
2024-05-03,44800.0,하락  400,45500.0,46100.0,44700.0,167642.0,롯데에너지머티리얼즈,020150
2024-05-07,46400.0,"상승  1,600",45450.0,46500.0,44800.0,161071.0,롯데에너지머티리얼즈,020150
2024-05-08,47750.0,"상승  1,350",46700.0,47750.0,45700.0,238391.0,롯데에너지머티리얼즈,020150
2024-05-09,47650.0,하락  100,47700.0,48900.0,46450.0,320706.0,롯데에너지머티리얼즈,020150
2024-05-10,45900.0,"하락  1,750",48300.0,48750.0,45750.0,207682.0,롯데에너지머티리얼즈,020150
2024-05-13,45950.0,상승  50,46000.0,46400.0,44850.0,127392.0,롯데에너지머티리얼즈,020150
2024-05-14,45650.0,하락  300,46350.0,46600.0,45600.0,117387.0,롯데에너지머티리얼즈,020150
2024-05-16,49550.0,"상승  3,900",47000.0,51000.0,46950.0,797933.0,롯데에너지머티리얼즈,020150
2024-05-17,49200.0,하락  350,50500.0,50600.0,48300.0,299562.0,롯데에너지머티리얼즈,020150
2024-05-20,48850.0,하락  350,49650.0,50700.0,48050.0,340475.0,롯데에너지머티리얼즈,020150
2024-05-21,48050.0,하락  800,50000.0,50100.0,48000.0,258639.0,롯데에너지머티리얼즈,020150
2024-05-22,48300.0,상승  250,48550.0,49000.0,47600.0,213490.0,롯데에너지머티리얼즈,020150
2024-05-23,48900.0,상승  600,48450.0,49350.0,47100.0,206335.0,롯데에너지머티리얼즈,020150
2024-05-24,45700.0,"하락  3,200",48300.0,48700.0,45600.0,391592.0,롯데에너지머티리얼즈,020150
2024-05-27,46000.0,상승  300,46000.0,46500.0,44500.0,352396.0,롯데에너지머티리얼즈,020150
2024-05-28,44750.0,"하락  1,250",46000.0,46000.0,44200.0,284650.0,롯데에너지머티리얼즈,020150
2024-05-29,48900.0,"상승  4,150",46800.0,50400.0,45800.0,1295838.0,롯데에너지머티리얼즈,020150
2024-05-30,46800.0,"하락  2,100",48000.0,48750.0,46700.0,314252.0,롯데에너지머티리얼즈,020150
2024-05-31,47600.0,상승  800,46800.0,49200.0,46600.0,319773.0,롯데에너지머티리얼즈,020150
2024-06-03,47250.0,하락  350,48200.0,49450.0,47000.0,294939.0,롯데에너지머티리얼즈,020150
2024-06-04,49200.0,"상승  1,950",47800.0,49350.0,47300.0,388511.0,롯데에너지머티리얼즈,020150
2024-06-05,49950.0,상승  750,49650.0,51100.0,48700.0,471104.0,롯데에너지머티리얼즈,020150
2024-06-07,49200.0,하락  750,51200.0,51300.0,48850.0,486109.0,롯데에너지머티리얼즈,020150
2024-06-10,51800.0,"상승  2,600",49350.0,53000.0,49350.0,878686.0,롯데에너지머티리얼즈,020150
2024-06-11,56200.0,"상승  4,400",52800.0,57000.0,51500.0,1366559.0,롯데에너지머티리얼즈,020150
2024-06-12,56300.0,상승  100,57000.0,58900.0,54200.0,975597.0,롯데에너지머티리얼즈,020150
2024-06-13,55000.0,"하락  1,300",57400.0,57900.0,54400.0,1283302.0,롯데에너지머티리얼즈,020150
2024-06-14,55900.0,상승  900,55800.0,57200.0,53000.0,805496.0,롯데에너지머티리얼즈,020150
2024-06-17,57300.0,"상승  1,400",56300.0,58900.0,55300.0,699740.0,롯데에너지머티리얼즈,020150
2024-06-18,57300.0,보합0,58000.0,59200.0,56700.0,565460.0,롯데에너지머티리얼즈,020150
2024-06-19,55700.0,"하락  1,600",56500.0,57800.0,55700.0,468845.0,롯데에너지머티리얼즈,020150
2024-06-20,55500.0,하락  200,56300.0,58000.0,55200.0,399595.0,롯데에너지머티리얼즈,020150
2024-06-21,55800.0,상승  300,55300.0,56400.0,53800.0,341467.0,롯데에너지머티리얼즈,020150
2024-06-24,53000.0,"하락  2,800",56400.0,57700.0,52600.0,638313.0,롯데에너지머티리얼즈,020150
2024-06-25,52600.0,하락  400,53000.0,54100.0,52000.0,292048.0,롯데에너지머티리얼즈,020150
2024-06-26,53300.0,상승  700,53100.0,55100.0,53100.0,315190.0,롯데에너지머티리얼즈,020150
2024-06-27,52000.0,"하락  1,300",53100.0,54100.0,51700.0,267020.0,롯데에너지머티리얼즈,020150
2024-06-28,52800.0,상승  800,52400.0,53500.0,51300.0,228665.0,롯데에너지머티리얼즈,020150
2024-07-01,54100.0,"상승  1,300",52500.0,54900.0,51200.0,315025.0,롯데에너지머티리얼즈,020150
2024-07-02,53500.0,하락  600,55000.0,55300.0,53100.0,351743.0,롯데에너지머티리얼즈,020150
2024-07-03,52900.0,하락  600,54900.0,56100.0,52100.0,344462.0,롯데에너지머티리얼즈,020150
2024-07-04,52700.0,하락  200,53400.0,53700.0,51500.0,274711.0,롯데에너지머티리얼즈,020150
2024-07-05,51700.0,"하락  1,000",52400.0,52800.0,50600.0,307413.0,롯데에너지머티리얼즈,020150
2024-07-08,50800.0,하락  900,52000.0,52100.0,50700.0,260119.0,롯데에너지머티리얼즈,020150
2024-07-09,51300.0,상승  500,51100.0,51600.0,50600.0,172081.0,롯데에너지머티리얼즈,020150
2024-07-10,50000.0,"하락  1,300",50900.0,50900.0,49950.0,225909.0,롯데에너지머티리얼즈,020150
2024-07-11,47650.0,"하락  2,350",50700.0,50700.0,47650.0,524671.0,롯데에너지머티리얼즈,020150
2024-07-12,48000.0,상승  350,47900.0,48900.0,47600.0,282707.0,롯데에너지머티리얼즈,020150
2024-07-15,46250.0,"하락  1,750",48000.0,48600.0,46250.0,355303.0,롯데에너지머티리얼즈,020150
2024-07-16,45050.0,"하락  1,200",46050.0,46200.0,44900.0,277643.0,롯데에너지머티리얼즈,020150
2024-07-17,45100.0,상승  50,45150.0,46100.0,44700.0,230571.0,롯데에너지머티리얼즈,020150
2024-07-18,44100.0,"하락  1,000",44200.0,44700.0,43450.0,188764.0,롯데에너지머티리얼즈,020150
2024-07-19,44050.0,하락  50,43900.0,44200.0,42950.0,209460.0,롯데에너지머티리얼즈,020150
2024-07-22,40500.0,"하락  3,550",44050.0,44150.0,40500.0,413143.0,롯데에너지머티리얼즈,020150
2024-07-23,39200.0,"하락  1,300",40750.0,41200.0,38950.0,358002.0,롯데에너지머티리얼즈,020150
2024-07-24,38350.0,하락  850,38500.0,39650.0,38150.0,264413.0,롯데에너지머티리얼즈,020150
2024-07-25,37500.0,하락  850,37050.0,38300.0,36700.0,311744.0,롯데에너지머티리얼즈,020150
2024-07-26,36800.0,하락  700,37450.0,37750.0,36300.0,237532.0,롯데에너지머티리얼즈,020150
2024-07-29,37450.0,상승  650,36800.0,37800.0,36400.0,187418.0,롯데에너지머티리얼즈,020150
2024-07-30,37700.0,상승  250,37000.0,38950.0,36950.0,202157.0,롯데에너지머티리얼즈,020150
2024-07-31,38400.0,상승  700,37800.0,38750.0,37200.0,150400.0,롯데에너지머티리얼즈,020150
2024-08-01,39400.0,"상승  1,000",38650.0,39600.0,38200.0,147200.0,롯데에너지머티리얼즈,020150
2024-08-02,37550.0,"하락  1,850",38550.0,38900.0,37450.0,170225.0,롯데에너지머티리얼즈,020150
2024-08-05,32200.0,"하락  5,350",36100.0,36750.0,30500.0,468908.0,롯데에너지머티리얼즈,020150
2024-08-06,34550.0,"상승  2,350",32200.0,34700.0,32200.0,311633.0,롯데에너지머티리얼즈,020150
2024-08-07,33700.0,하락  850,34300.0,34900.0,33650.0,185949.0,롯데에너지머티리얼즈,020150
2024-08-08,30850.0,"하락  2,850",32750.0,33000.0,30850.0,507372.0,롯데에너지머티리얼즈,020150
2024-08-09,33550.0,"상승  2,700",31800.0,33900.0,31700.0,298457.0,롯데에너지머티리얼즈,020150
2024-08-12,34400.0,상승  850,33800.0,35150.0,33800.0,130366.0,롯데에너지머티리얼즈,020150
2024-08-13,34950.0,상승  550,34400.0,35600.0,33750.0,187599.0,롯데에너지머티리얼즈,020150
2024-08-14,36500.0,"상승  1,550",36000.0,36500.0,35450.0,193061.0,롯데에너지머티리얼즈,020150
2024-08-16,36500.0,보합0,37100.0,37750.0,36500.0,202144.0,롯데에너지머티리얼즈,020150
2024-08-19,35350.0,"하락  1,150",36500.0,37150.0,35100.0,133385.0,롯데에너지머티리얼즈,020150
2024-08-20,37250.0,"상승  1,900",35650.0,37850.0,35500.0,173035.0,롯데에너지머티리얼즈,020150
2024-08-21,37350.0,상승  100,38000.0,38050.0,36950.0,168511.0,롯데에너지머티리얼즈,020150
2024-08-22,37050.0,하락  300,37500.0,37800.0,36600.0,137046.0,롯데에너지머티리얼즈,020150
2024-08-23,37000.0,하락  50,36500.0,38800.0,35750.0,411857.0,롯데에너지머티리얼즈,020150
2024-08-26,36100.0,하락  900,37250.0,37600.0,36100.0,150026.0,롯데에너지머티리얼즈,020150
2024-08-27,37650.0,"상승  1,550",37800.0,38700.0,36450.0,370545.0,롯데에너지머티리얼즈,020150
2024-08-28,37800.0,상승  150,38500.0,38650.0,37250.0,217375.0,롯데에너지머티리얼즈,020150
2024-08-29,38950.0,"상승  1,150",37150.0,39300.0,36800.0,234575.0,롯데에너지머티리얼즈,020150
2024-08-30,39150.0,상승  200,38950.0,39350.0,38200.0,130517.0,롯데에너지머티리얼즈,020150
2024-09-02,40550.0,"상승  1,400",39000.0,40950.0,38700.0,354370.0,롯데에너지머티리얼즈,020150
2024-09-03,41350.0,상승  800,40550.0,43500.0,39300.0,617019.0,롯데에너지머티리얼즈,020150
2024-09-04,39700.0,"하락  1,650",38900.0,40700.0,38800.0,263896.0,롯데에너지머티리얼즈,020150
2024-09-05,43000.0,"상승  3,300",40050.0,45650.0,40050.0,1121196.0,롯데에너지머티리얼즈,020150
2024-09-06,39750.0,"하락  3,250",43000.0,43950.0,39750.0,455364.0,롯데에너지머티리얼즈,020150
2024-09-09,39000.0,하락  750,38700.0,39950.0,38000.0,230422.0,롯데에너지머티리얼즈,020150
2024-09-10,38550.0,하락  450,39100.0,40600.0,38250.0,205386.0,롯데에너지머티리얼즈,020150
2024-09-11,40500.0,"상승  1,950",38400.0,40950.0,38100.0,272954.0,롯데에너지머티리얼즈,020150
2024-09-12,40450.0,하락  50,41000.0,41450.0,39750.0,218358.0,롯데에너지머티리얼즈,020150
2024-09-13,39500.0,하락  950,40550.0,40600.0,39350.0,183999.0,롯데에너지머티리얼즈,020150
2024-09-19,38850.0,하락  650,39700.0,40300.0,38850.0,193956.0,롯데에너지머티리얼즈,020150
2024-09-20,38350.0,하락  500,39700.0,40200.0,38350.0,304540.0,롯데에너지머티리얼즈,020150
2024-09-23,40350.0,"상승  2,000",38350.0,40800.0,38150.0,327967.0,롯데에너지머티리얼즈,020150
2024-09-24,41500.0,"상승  1,150",40450.0,42700.0,40450.0,309674.0,롯데에너지머티리얼즈,020150
2024-09-25,41100.0,하락  400,42300.0,42500.0,41100.0,231266.0,롯데에너지머티리얼즈,020150
2024-09-26,42300.0,"상승  1,200",41100.0,42350.0,40600.0,197258.0,롯데에너지머티리얼즈,020150
2024-09-27,43200.0,상승  900,42500.0,43700.0,41850.0,297891.0,롯데에너지머티리얼즈,020150
2024-09-30,41200.0,"하락  2,000",43250.0,43400.0,40950.0,306867.0,롯데에너지머티리얼즈,020150
2024-10-02,40600.0,하락  600,40650.0,41450.0,39800.0,206758.0,롯데에너지머티리얼즈,020150
2024-10-04,39000.0,"하락  1,600",40600.0,40900.0,39000.0,213395.0,롯데에너지머티리얼즈,020150
2024-10-07,41450.0,"상승  2,450",39400.0,41850.0,39400.0,235319.0,롯데에너지머티리얼즈,020150
2024-10-08,42350.0,상승  900,40950.0,42800.0,40500.0,207305.0,롯데에너지머티리얼즈,020150
2024-10-10,42050.0,하락  300,43000.0,43000.0,41650.0,251757.0,롯데에너지머티리얼즈,020150
2024-10-11,42550.0,상승  500,42050.0,43200.0,41950.0,197911.0,롯데에너지머티리얼즈,020150
2024-10-14,40750.0,"하락  1,800",42200.0,42200.0,40700.0,194316.0,롯데에너지머티리얼즈,020150
2024-10-15,39600.0,"하락  1,150",40750.0,41050.0,39200.0,226496.0,롯데에너지머티리얼즈,020150
2024-10-16,39200.0,하락  400,39950.0,39950.0,39050.0,110235.0,롯데에너지머티리얼즈,020150
2024-10-17,39100.0,하락  100,39450.0,39650.0,39050.0,73112.0,롯데에너지머티리얼즈,020150
2024-10-18,37400.0,"하락  1,700",38600.0,39400.0,37050.0,154619.0,롯데에너지머티리얼즈,020150
2024-10-21,37450.0,상승  50,37150.0,38150.0,36950.0,169254.0,롯데에너지머티리얼즈,020150
2024-10-22,35750.0,"하락  1,700",37300.0,37650.0,35400.0,187624.0,롯데에너지머티리얼즈,020150
2024-10-23,36800.0,"상승  1,050",35750.0,37000.0,34500.0,173417.0,롯데에너지머티리얼즈,020150
2024-10-24,36200.0,하락  600,36900.0,37400.0,36150.0,91832.0,롯데에너지머티리얼즈,020150
2024-10-25,37150.0,상승  950,36700.0,37800.0,36300.0,141868.0,롯데에너지머티리얼즈,020150
2024-10-28,38600.0,"상승  1,450",36750.0,38750.0,36750.0,114032.0,롯데에너지머티리얼즈,020150
2024-10-29,38150.0,하락  450,38500.0,38500.0,37400.0,84677.0,롯데에너지머티리얼즈,020150
2024-10-30,37300.0,하락  850,38250.0,39100.0,37250.0,72248.0,롯데에너지머티리얼즈,020150
2024-10-31,38100.0,상승  800,36500.0,38100.0,36350.0,90572.0,롯데에너지머티리얼즈,020150
2024-11-01,36300.0,"하락  1,800",37300.0,37550.0,35600.0,141288.0,롯데에너지머티리얼즈,020150
2024-11-04,36550.0,상승  250,36200.0,36950.0,35300.0,147523.0,롯데에너지머티리얼즈,020150
2024-11-05,35750.0,하락  800,36450.0,36700.0,35400.0,138770.0,롯데에너지머티리얼즈,020150
2024-11-06,33550.0,"하락  2,200",36150.0,36250.0,33500.0,236986.0,롯데에너지머티리얼즈,020150
2024-11-07,33050.0,하락  500,33550.0,33750.0,32450.0,152687.0,롯데에너지머티리얼즈,020150
2024-11-08,33200.0,상승  150,33300.0,34300.0,33200.0,132475.0,롯데에너지머티리얼즈,020150
2024-11-11,31900.0,"하락  1,300",33500.0,33750.0,31450.0,175019.0,롯데에너지머티리얼즈,020150
2024-11-12,32150.0,상승  250,31600.0,33100.0,30750.0,193845.0,롯데에너지머티리얼즈,020150
2024-11-13,30250.0,"하락  1,900",31950.0,32300.0,30250.0,192743.0,롯데에너지머티리얼즈,020150
2024-11-14,28100.0,"하락  2,150",30300.0,30650.0,28100.0,332305.0,롯데에너지머티리얼즈,020150
2024-11-15,27500.0,하락  600,27100.0,27850.0,25850.0,348830.0,롯데에너지머티리얼즈,020150
2024-11-18,27400.0,하락  100,27200.0,28550.0,27000.0,199788.0,롯데에너지머티리얼즈,020150
2024-11-19,26900.0,하락  500,27400.0,27600.0,26300.0,159685.0,롯데에너지머티리얼즈,020150
2024-11-20,26650.0,하락  250,26750.0,27400.0,26600.0,116833.0,롯데에너지머티리얼즈,020150
2024-11-21,26900.0,상승  250,26400.0,27250.0,26100.0,130584.0,롯데에너지머티리얼즈,020150
2024-11-22,26600.0,하락  300,27150.0,27700.0,26500.0,147889.0,롯데에너지머티리얼즈,020150
2024-11-25,27000.0,상승  400,26600.0,27650.0,26300.0,180230.0,롯데에너지머티리얼즈,020150
2024-11-26,25950.0,"하락  1,050",27000.0,27550.0,25850.0,218184.0,롯데에너지머티리얼즈,020150
2024-11-27,25050.0,하락  900,26350.0,26400.0,24950.0,217485.0,롯데에너지머티리얼즈,020150
2024-11-28,25800.0,상승  750,25100.0,26200.0,25100.0,165463.0,롯데에너지머티리얼즈,020150
2024-11-29,24000.0,"하락  1,800",25550.0,26050.0,23850.0,265831.0,롯데에너지머티리얼즈,020150
2024-12-02,24500.0,상승  500,24200.0,25000.0,24200.0,117268.0,롯데에너지머티리얼즈,020150
2024-12-03,24500.0,보합0,24300.0,24950.0,24250.0,110153.0,롯데에너지머티리얼즈,020150
2024-12-04,23950.0,하락  550,23600.0,24250.0,23200.0,208937.0,롯데에너지머티리얼즈,020150
2024-12-05,23050.0,하락  900,23900.0,24100.0,22800.0,153780.0,롯데에너지머티리얼즈,020150
2024-12-06,22700.0,하락  350,22900.0,23500.0,22000.0,178120.0,롯데에너지머티리얼즈,020150
2024-12-09,21000.0,"하락  1,700",22100.0,22400.0,20900.0,212907.0,롯데에너지머티리얼즈,020150
2024-12-10,22300.0,"상승  1,300",21000.0,22500.0,21000.0,161306.0,롯데에너지머티리얼즈,020150
2024-12-11,23200.0,상승  900,22350.0,23350.0,22300.0,90719.0,롯데에너지머티리얼즈,020150
2024-12-12,23450.0,상승  250,23400.0,23600.0,22800.0,83043.0,롯데에너지머티리얼즈,020150
2024-12-13,23800.0,상승  350,23050.0,23850.0,23050.0,74028.0,롯데에너지머티리얼즈,020150
2024-12-16,27400.0,"상승  3,600",24300.0,27650.0,24300.0,536011.0,롯데에너지머티리얼즈,020150
2024-12-17,25900.0,"하락  1,500",27550.0,29900.0,25450.0,597436.0,롯데에너지머티리얼즈,020150
2024-12-18,25900.0,보합0,26500.0,28450.0,25800.0,486178.0,롯데에너지머티리얼즈,020150
2024-12-19,25650.0,하락  250,24850.0,26000.0,24800.0,127141.0,롯데에너지머티리얼즈,020150
2024-12-20,24750.0,하락  900,25700.0,25900.0,24600.0,116878.0,롯데에너지머티리얼즈,020150
2024-12-23,25100.0,상승  350,24650.0,25550.0,24350.0,102840.0,롯데에너지머티리얼즈,020150
2024-12-24,24700.0,하락  400,25100.0,25600.0,24300.0,74920.0,롯데에너지머티리얼즈,020150
2024-12-26,23900.0,하락  800,24700.0,24900.0,23850.0,82420.0,롯데에너지머티리얼즈,020150
2024-12-27,23600.0,하락  300,23650.0,24200.0,23200.0,81366.0,롯데에너지머티리얼즈,020150
2024-12-30,23600.0,보합0,23200.0,24150.0,23200.0,58728.0,롯데에너지머티리얼즈,020150
2025-01-02,22750.0,하락  850,23350.0,23700.0,22550.0,94474.0,롯데에너지머티리얼즈,020150
2025-01-03,24100.0,"상승  1,350",22700.0,24300.0,22700.0,107322.0,롯데에너지머티리얼즈,020150
2025-01-06,24450.0,상승  350,24350.0,24800.0,24000.0,110347.0,롯데에너지머티리얼즈,020150
2025-01-07,24450.0,보합0,24450.0,24950.0,24250.0,94713.0,롯데에너지머티리얼즈,020150
2025-01-08,25100.0,상승  650,24300.0,25350.0,24150.0,105441.0,롯데에너지머티리얼즈,020150
2025-01-09,24550.0,하락  550,25250.0,25500.0,24400.0,133285.0,롯데에너지머티리얼즈,020150
2025-01-10,24250.0,하락  300,24550.0,24900.0,24000.0,68474.0,롯데에너지머티리얼즈,020150
2025-01-13,23550.0,하락  700,24100.0,24350.0,23550.0,68143.0,롯데에너지머티리얼즈,020150
2025-01-14,24250.0,상승  700,23700.0,24450.0,23400.0,81564.0,롯데에너지머티리얼즈,020150
2025-01-15,23800.0,하락  450,24300.0,24750.0,23600.0,51967.0,롯데에너지머티리얼즈,020150
2025-01-16,24050.0,상승  250,24300.0,24500.0,24000.0,66857.0,롯데에너지머티리얼즈,020150
2025-01-17,23800.0,하락  250,23850.0,24200.0,23800.0,61691.0,롯데에너지머티리얼즈,020150
2025-01-20,25250.0,"상승  1,450",24050.0,25850.0,24000.0,306219.0,롯데에너지머티리얼즈,020150
2025-01-21,24200.0,"하락  1,050",25200.0,25250.0,23650.0,160649.0,롯데에너지머티리얼즈,020150
2025-01-22,24250.0,상승  50,24200.0,24650.0,23800.0,89024.0,롯데에너지머티리얼즈,020150
2025-01-23,23150.0,"하락  1,100",24200.0,24200.0,23150.0,115951.0,롯데에너지머티리얼즈,020150
2025-01-24,23050.0,하락  100,23150.0,23300.0,22550.0,83993.0,롯데에너지머티리얼즈,020150
2025-01-31,22100.0,하락  950,22900.0,23000.0,22100.0,113593.0,롯데에너지머티리얼즈,020150
2025-02-03,20300.0,"하락  1,800",21900.0,21900.0,20250.0,238532.0,롯데에너지머티리얼즈,020150
2025-02-04,21000.0,상승  700,20600.0,22050.0,20600.0,175364.0,롯데에너지머티리얼즈,020150
2025-02-05,21250.0,상승  250,20850.0,21750.0,20850.0,75950.0,롯데에너지머티리얼즈,020150
2025-02-06,22600.0,"상승  1,350",21500.0,25100.0,21250.0,698061.0,롯데에너지머티리얼즈,020150
2025-02-07,24100.0,"상승  1,500",22400.0,25950.0,21950.0,636053.0,롯데에너지머티리얼즈,020150
2025-02-10,25000.0,상승  900,24000.0,25500.0,23350.0,275795.0,롯데에너지머티리얼즈,020150
2025-02-11,24700.0,하락  300,25000.0,25100.0,24150.0,157355.0,롯데에너지머티리얼즈,020150
2025-02-12,24450.0,하락  250,24550.0,26100.0,24450.0,248719.0,롯데에너지머티리얼즈,020150
2025-02-13,25300.0,상승  850,24750.0,25400.0,24500.0,136662.0,롯데에너지머티리얼즈,020150
2025-02-14,25600.0,상승  300,25500.0,26450.0,24750.0,191620.0,롯데에너지머티리얼즈,020150
2025-02-17,27950.0,"상승  2,350",25800.0,28350.0,25650.0,357516.0,롯데에너지머티리얼즈,020150
2025-02-18,29700.0,"상승  1,750",27950.0,30450.0,27550.0,451596.0,롯데에너지머티리얼즈,020150
2025-02-19,30500.0,상승  800,29450.0,30950.0,28950.0,348023.0,롯데에너지머티리얼즈,020150
2025-02-20,30100.0,하락  400,30550.0,31550.0,29950.0,277326.0,롯데에너지머티리얼즈,020150
2025-02-21,29800.0,하락  300,30100.0,30300.0,29050.0,162922.0,롯데에너지머티리얼즈,020150
2025-02-24,30000.0,상승  200,29200.0,30250.0,28800.0,154481.0,롯데에너지머티리얼즈,020150
2025-02-25,27950.0,"하락  2,050",29850.0,29900.0,27850.0,260838.0,롯데에너지머티리얼즈,020150
2025-02-26,28950.0,"상승  1,000",27700.0,29100.0,27600.0,199803.0,롯데에너지머티리얼즈,020150
2025-02-27,28150.0,하락  800,29000.0,29000.0,27850.0,130560.0,롯데에너지머티리얼즈,020150
2025-02-28,27250.0,하락  900,27650.0,27800.0,26950.0,139459.0,롯데에너지머티리얼즈,020150
2025-03-04,25700.0,"하락  1,550",26500.0,26950.0,25600.0,149710.0,롯데에너지머티리얼즈,020150
2025-03-05,26800.0,"상승  1,100",25500.0,27500.0,25500.0,149722.0,롯데에너지머티리얼즈,020150
2025-03-06,27050.0,상승  250,27250.0,28900.0,27050.0,199239.0,롯데에너지머티리얼즈,020150
2025-03-07,27900.0,상승  850,26450.0,28450.0,26350.0,136104.0,롯데에너지머티리얼즈,020150
2025-03-10,27950.0,상승  50,27900.0,28350.0,27400.0,85957.0,롯데에너지머티리얼즈,020150
2025-03-11,27050.0,하락  900,27100.0,27250.0,26350.0,113778.0,롯데에너지머티리얼즈,020150
2025-03-12,26700.0,하락  350,27200.0,27450.0,26500.0,85746.0,롯데에너지머티리얼즈,020150
2025-03-13,26150.0,하락  550,27100.0,27150.0,26150.0,75523.0,롯데에너지머티리얼즈,020150
2025-03-14,26100.0,하락  50,26500.0,27000.0,25500.0,148917.0,롯데에너지머티리얼즈,020150
2025-03-17,26100.0,보합0,26200.0,26450.0,25800.0,67131.0,롯데에너지머티리얼즈,020150
2025-03-18,26550.0,상승  450,26100.0,26600.0,25900.0,97196.0,롯데에너지머티리얼즈,020150
2025-03-19,26500.0,하락  50,26550.0,27525.0,26400.0,110785.0,롯데에너지머티리얼즈,020150
2025-03-20,26450.0,하락  50,27300.0,27350.0,26450.0,88156.0,롯데에너지머티리얼즈,020150
2025-03-21,25950.0,하락  500,26500.0,27100.0,25800.0,342189.0,롯데에너지머티리얼즈,020150
2025-03-24,25750.0,하락  200,26000.0,26250.0,25650.0,77492.0,롯데에너지머티리얼즈,020150
2025-03-25,25000.0,하락  750,25900.0,26400.0,24950.0,114076.0,롯데에너지머티리얼즈,020150
2025-03-26,26300.0,"상승  1,300",25100.0,26550.0,24950.0,91314.0,롯데에너지머티리얼즈,020150
2025-03-27,25300.0,"하락  1,000",25900.0,26300.0,25200.0,76833.0,롯데에너지머티리얼즈,020150
2025-03-28,24050.0,"하락  1,250",25150.0,25300.0,24050.0,115224.0,롯데에너지머티리얼즈,020150
2025-03-31,22450.0,"하락  1,600",23600.0,23600.0,22450.0,134339.0,롯데에너지머티리얼즈,020150
2025-04-01,22300.0,하락  150,23800.0,23800.0,22100.0,123941.0,롯데에너지머티리얼즈,020150
2025-04-02,21600.0,하락  700,22400.0,22650.0,21250.0,138610.0,롯데에너지머티리얼즈,020150
2025-04-03,21250.0,하락  350,20650.0,21550.0,20600.0,105934.0,롯데에너지머티리얼즈,020150
2025-04-04,22400.0,"상승  1,150",21050.0,22400.0,20700.0,123954.0,롯데에너지머티리얼즈,020150
2025-04-07,21050.0,"하락  1,350",21900.0,22350.0,21050.0,106295.0,롯데에너지머티리얼즈,020150
2025-04-08,20950.0,하락  100,21500.0,21750.0,20900.0,74999.0,롯데에너지머티리얼즈,020150
2025-04-09,20250.0,하락  700,20600.0,21350.0,20100.0,89209.0,롯데에너지머티리얼즈,020150
2025-04-10,22100.0,"상승  1,850",21950.0,22100.0,21000.0,154798.0,롯데에너지머티리얼즈,020150
2025-04-11,22300.0,상승  200,21500.0,22300.0,21100.0,130285.0,롯데에너지머티리얼즈,020150
2025-04-14,22350.0,상승  50,22300.0,22700.0,22100.0,65048.0,롯데에너지머티리얼즈,020150
2025-04-15,22550.0,상승  200,22300.0,22800.0,21900.0,55846.0,롯데에너지머티리얼즈,020150
2025-04-16,21850.0,하락  700,22550.0,22800.0,21750.0,54127.0,롯데에너지머티리얼즈,020150
2025-04-17,22150.0,상승  300,21600.0,22300.0,21550.0,45778.0,롯데에너지머티리얼즈,020150
2025-04-18,22150.0,보합0,22250.0,22400.0,21800.0,33129.0,롯데에너지머티리얼즈,020150
2025-04-21,22100.0,하락  50,22150.0,22550.0,21850.0,45557.0,롯데에너지머티리얼즈,020150
2025-04-22,21750.0,하락  350,21800.0,22250.0,21600.0,62763.0,롯데에너지머티리얼즈,020150
2025-04-23,22800.0,"상승  1,050",22100.0,22950.0,22000.0,98894.0,롯데에너지머티리얼즈,020150
2025-04-24,22750.0,하락  50,23050.0,23100.0,22450.0,54410.0,롯데에너지머티리얼즈,020150
2025-04-25,23050.0,상승  300,23000.0,23450.0,22750.0,55271.0,롯데에너지머티리얼즈,020150
2025-04-28,23250.0,상승  200,23750.0,24000.0,23250.0,64748.0,롯데에너지머티리얼즈,020150
2025-04-29,23450.0,상승  200,23650.0,23750.0,23050.0,52625.0,롯데에너지머티리얼즈,020150
2025-04-30,22650.0,하락  800,23800.0,23800.0,22500.0,61805.0,롯데에너지머티리얼즈,020150
2025-05-02,22650.0,보합0,22650.0,23000.0,22300.0,45457.0,롯데에너지머티리얼즈,020150
2025-05-07,22200.0,하락  450,22800.0,22950.0,22050.0,98676.0,롯데에너지머티리얼즈,020150
2025-05-08,22650.0,상승  450,22300.0,22800.0,22300.0,36625.0,롯데에너지머티리얼즈,020150
2025-05-09,22000.0,하락  650,22800.0,22800.0,22000.0,71322.0,롯데에너지머티리얼즈,020150
2025-05-12,22300.0,상승  300,22050.0,22500.0,21500.0,97273.0,롯데에너지머티리얼즈,020150
2025-05-13,22350.0,상승  50,22650.0,22950.0,22150.0,77612.0,롯데에너지머티리얼즈,020150
2025-05-14,22300.0,하락  50,22200.0,22550.0,21900.0,95683.0,롯데에너지머티리얼즈,020150
2025-05-15,21950.0,하락  350,22300.0,22450.0,21750.0,55783.0,롯데에너지머티리얼즈,020150
2025-05-16,21000.0,하락  950,21950.0,22000.0,20850.0,120871.0,롯데에너지머티리얼즈,020150
2025-05-19,21100.0,상승  100,20800.0,21600.0,20800.0,97102.0,롯데에너지머티리얼즈,020150
2025-05-20,20200.0,하락  900,21350.0,21500.0,20200.0,111639.0,롯데에너지머티리얼즈,020150
2025-05-21,20100.0,하락  100,20200.0,20750.0,20050.0,101451.0,롯데에너지머티리얼즈,020150
2025-05-22,19960.0,하락  140,20000.0,20200.0,19460.0,129106.0,롯데에너지머티리얼즈,020150
2025-05-23,19730.0,하락  230,19980.0,20250.0,19610.0,62797.0,롯데에너지머티리얼즈,020150
2025-05-26,20250.0,상승  520,19580.0,20600.0,19580.0,84962.0,롯데에너지머티리얼즈,020150
2025-05-27,19900.0,하락  350,20000.0,20150.0,19700.0,57981.0,롯데에너지머티리얼즈,020150
2025-05-28,22100.0,"상승  2,200",20150.0,22300.0,20000.0,221650.0,롯데에너지머티리얼즈,020150
2025-05-29,22350.0,상승  250,22450.0,22450.0,21500.0,71096.0,롯데에너지머티리얼즈,020150
