날짜,종가,전일비,시가,고가,저가,거래량,회사명,종목코드
2020-03-16,95100.0,하락  400,96000.0,98500.0,92800.0,14794.0,롯데칠성음료,005300
2020-03-17,91700.0,"하락  3,400",90300.0,93400.0,88500.0,17750.0,롯데칠성음료,005300
2020-03-18,90000.0,"하락  1,700",90100.0,91700.0,87900.0,16351.0,롯데칠성음료,005300
2020-03-19,81000.0,"하락  9,000",90800.0,93500.0,78900.0,37778.0,롯데칠성음료,005300
2020-03-20,94500.0,"상승  13,500",82000.0,94500.0,80000.0,19007.0,롯데칠성음료,005300
2020-03-23,87200.0,"하락  7,300",85200.0,90000.0,82100.0,18872.0,롯데칠성음료,005300
2020-03-24,88500.0,"상승  1,300",87000.0,89900.0,86000.0,22800.0,롯데칠성음료,005300
2020-03-25,89000.0,상승  500,89000.0,90500.0,87800.0,41762.0,롯데칠성음료,005300
2020-03-26,88000.0,"하락  1,000",89000.0,89400.0,87600.0,40030.0,롯데칠성음료,005300
2020-03-27,86800.0,"하락  1,200",89400.0,90700.0,85700.0,57163.0,롯데칠성음료,005300
2020-03-30,84200.0,"하락  2,600",85100.0,86400.0,83100.0,39495.0,롯데칠성음료,005300
2020-03-31,85000.0,상승  800,86000.0,86200.0,83300.0,46897.0,롯데칠성음료,005300
2020-04-01,87600.0,"상승  2,600",84100.0,89500.0,84100.0,55546.0,롯데칠성음료,005300
2020-04-02,87600.0,보합0,87600.0,88800.0,85400.0,35828.0,롯데칠성음료,005300
2020-04-03,88600.0,"상승  1,000",87600.0,89300.0,86400.0,43546.0,롯데칠성음료,005300
2020-04-06,91200.0,"상승  2,600",89300.0,92500.0,88900.0,68620.0,롯데칠성음료,005300
2020-04-07,99500.0,"상승  8,300",93200.0,101000.0,92200.0,80836.0,롯데칠성음료,005300
2020-04-08,98600.0,하락  900,99600.0,101000.0,96900.0,53588.0,롯데칠성음료,005300
2020-04-09,99000.0,상승  400,99100.0,100500.0,97800.0,41569.0,롯데칠성음료,005300
2020-04-10,102500.0,"상승  3,500",99000.0,102500.0,97800.0,35041.0,롯데칠성음료,005300
2020-04-13,98600.0,"하락  3,900",102000.0,102000.0,98600.0,37726.0,롯데칠성음료,005300
2020-04-14,99000.0,상승  400,99000.0,99700.0,98500.0,41057.0,롯데칠성음료,005300
2020-04-16,98900.0,하락  100,98200.0,98900.0,96200.0,39155.0,롯데칠성음료,005300
2020-04-17,99700.0,상승  800,99000.0,101000.0,98600.0,58280.0,롯데칠성음료,005300
2020-04-20,98800.0,하락  900,99900.0,100500.0,98200.0,37234.0,롯데칠성음료,005300
2020-04-21,98300.0,하락  500,98800.0,99400.0,95000.0,37777.0,롯데칠성음료,005300
2020-04-22,98400.0,상승  100,97400.0,99000.0,95600.0,32686.0,롯데칠성음료,005300
2020-04-23,100500.0,"상승  2,100",98400.0,101000.0,98400.0,44482.0,롯데칠성음료,005300
2020-04-24,100500.0,보합0,99700.0,102500.0,98700.0,30239.0,롯데칠성음료,005300
2020-04-27,105500.0,"상승  5,000",101500.0,105500.0,101000.0,45073.0,롯데칠성음료,005300
2020-04-28,108000.0,"상승  2,500",107000.0,109500.0,104000.0,78991.0,롯데칠성음료,005300
2020-04-29,109000.0,"상승  1,000",109000.0,110000.0,106500.0,55566.0,롯데칠성음료,005300
2020-05-04,112000.0,"상승  3,000",108000.0,115000.0,105000.0,65509.0,롯데칠성음료,005300
2020-05-06,112000.0,보합0,115000.0,115000.0,112000.0,40174.0,롯데칠성음료,005300
2020-05-07,111500.0,하락  500,112000.0,112500.0,111000.0,23453.0,롯데칠성음료,005300
2020-05-08,111500.0,보합0,113000.0,113500.0,110500.0,23484.0,롯데칠성음료,005300
2020-05-11,111500.0,보합0,111500.0,112500.0,108000.0,43340.0,롯데칠성음료,005300
2020-05-12,108500.0,"하락  3,000",110500.0,111500.0,107000.0,40429.0,롯데칠성음료,005300
2020-05-13,108500.0,보합0,107000.0,108500.0,105500.0,22219.0,롯데칠성음료,005300
2020-05-14,106500.0,"하락  2,000",107000.0,108000.0,105500.0,23369.0,롯데칠성음료,005300
2020-05-15,106000.0,하락  500,106500.0,108000.0,105500.0,34480.0,롯데칠성음료,005300
2020-05-18,105500.0,하락  500,107000.0,107500.0,105000.0,27955.0,롯데칠성음료,005300
2020-05-19,107500.0,"상승  2,000",107000.0,108500.0,106500.0,34626.0,롯데칠성음료,005300
2020-05-20,110000.0,"상승  2,500",109000.0,111500.0,108500.0,35231.0,롯데칠성음료,005300
2020-05-21,109000.0,"하락  1,000",110000.0,110500.0,108500.0,26854.0,롯데칠성음료,005300
2020-05-22,108000.0,"하락  1,000",110000.0,110000.0,106000.0,24019.0,롯데칠성음료,005300
2020-05-25,106000.0,"하락  2,000",109500.0,109500.0,105000.0,28412.0,롯데칠성음료,005300
2020-05-26,106500.0,상승  500,105500.0,107000.0,105500.0,21475.0,롯데칠성음료,005300
2020-05-27,107000.0,상승  500,106500.0,108500.0,105500.0,20591.0,롯데칠성음료,005300
2020-05-28,104500.0,"하락  2,500",107000.0,107500.0,104000.0,36820.0,롯데칠성음료,005300
2020-05-29,103500.0,"하락  1,000",105000.0,105500.0,103500.0,18579.0,롯데칠성음료,005300
2020-06-01,105500.0,"상승  2,000",103500.0,106000.0,103500.0,17453.0,롯데칠성음료,005300
2020-06-02,107500.0,"상승  2,000",104500.0,108000.0,103500.0,28304.0,롯데칠성음료,005300
2020-06-03,108000.0,상승  500,108000.0,109500.0,107500.0,46416.0,롯데칠성음료,005300
2020-06-04,109000.0,"상승  1,000",109000.0,110500.0,108000.0,48068.0,롯데칠성음료,005300
2020-06-05,110000.0,"상승  1,000",109500.0,110500.0,108000.0,36448.0,롯데칠성음료,005300
2020-06-08,109500.0,하락  500,110500.0,111000.0,109000.0,37680.0,롯데칠성음료,005300
2020-06-09,109500.0,보합0,110500.0,111500.0,109000.0,38499.0,롯데칠성음료,005300
2020-06-10,110000.0,상승  500,108500.0,110000.0,108000.0,28420.0,롯데칠성음료,005300
2020-06-11,106000.0,"하락  4,000",108500.0,109500.0,106000.0,47393.0,롯데칠성음료,005300
2020-06-12,102000.0,"하락  4,000",101500.0,103500.0,100500.0,39864.0,롯데칠성음료,005300
2020-06-15,109500.0,"상승  7,500",107500.0,118000.0,105500.0,183169.0,롯데칠성음료,005300
2020-06-16,117000.0,"상승  7,500",114000.0,118000.0,113000.0,101780.0,롯데칠성음료,005300
2020-06-17,113000.0,"하락  4,000",115000.0,118000.0,112000.0,46263.0,롯데칠성음료,005300
2020-06-18,109000.0,"하락  4,000",112000.0,112500.0,109000.0,32156.0,롯데칠성음료,005300
2020-06-19,106500.0,"하락  2,500",110000.0,110500.0,105500.0,26762.0,롯데칠성음료,005300
2020-06-22,106500.0,보합0,107500.0,108000.0,105500.0,18187.0,롯데칠성음료,005300
2020-06-23,105000.0,"하락  1,500",106500.0,107000.0,104000.0,22636.0,롯데칠성음료,005300
2020-06-24,107000.0,"상승  2,000",105000.0,108000.0,103500.0,29450.0,롯데칠성음료,005300
2020-06-25,104000.0,"하락  3,000",106000.0,107000.0,104000.0,18584.0,롯데칠성음료,005300
2020-06-26,104500.0,상승  500,105000.0,106000.0,103000.0,19619.0,롯데칠성음료,005300
2020-06-29,101000.0,"하락  3,500",102000.0,102500.0,101000.0,19190.0,롯데칠성음료,005300
2020-06-30,102000.0,"상승  1,000",103500.0,103500.0,101000.0,16250.0,롯데칠성음료,005300
2020-07-01,103500.0,"상승  1,500",102500.0,105000.0,101500.0,24948.0,롯데칠성음료,005300
2020-07-02,102500.0,"하락  1,000",103500.0,105000.0,102500.0,16640.0,롯데칠성음료,005300
2020-07-03,103000.0,상승  500,103000.0,103500.0,102000.0,16317.0,롯데칠성음료,005300
2020-07-06,103000.0,보합0,103000.0,103000.0,101500.0,18349.0,롯데칠성음료,005300
2020-07-07,101500.0,"하락  1,500",103000.0,103500.0,100500.0,35976.0,롯데칠성음료,005300
2020-07-08,100000.0,"하락  1,500",101500.0,101500.0,99900.0,27917.0,롯데칠성음료,005300
2020-07-09,98900.0,"하락  1,100",100000.0,101000.0,98800.0,37502.0,롯데칠성음료,005300
2020-07-10,98900.0,보합0,99800.0,100500.0,98800.0,20931.0,롯데칠성음료,005300
2020-07-13,99100.0,상승  200,99100.0,99200.0,98400.0,17460.0,롯데칠성음료,005300
2020-07-14,98900.0,하락  200,99100.0,99100.0,98400.0,17019.0,롯데칠성음료,005300
2020-07-15,100000.0,"상승  1,100",99000.0,101000.0,99000.0,18067.0,롯데칠성음료,005300
2020-07-16,101000.0,"상승  1,000",99700.0,101000.0,99400.0,24890.0,롯데칠성음료,005300
2020-07-17,100500.0,하락  500,101500.0,101500.0,100000.0,9830.0,롯데칠성음료,005300
2020-07-20,105000.0,"상승  4,500",101500.0,106000.0,100500.0,52448.0,롯데칠성음료,005300
2020-07-21,105000.0,보합0,107500.0,108000.0,105000.0,49937.0,롯데칠성음료,005300
2020-07-22,104000.0,"하락  1,000",106000.0,106500.0,103000.0,28754.0,롯데칠성음료,005300
2020-07-23,103000.0,"하락  1,000",106500.0,107000.0,101500.0,33164.0,롯데칠성음료,005300
2020-07-24,101000.0,"하락  2,000",102000.0,102500.0,100500.0,12798.0,롯데칠성음료,005300
2020-07-27,101500.0,상승  500,100500.0,102000.0,100000.0,21904.0,롯데칠성음료,005300
2020-07-28,100000.0,"하락  1,500",100500.0,101500.0,100000.0,21086.0,롯데칠성음료,005300
2020-07-29,101000.0,"상승  1,000",99900.0,101000.0,99700.0,12742.0,롯데칠성음료,005300
2020-07-30,100500.0,하락  500,100500.0,101000.0,100000.0,13259.0,롯데칠성음료,005300
2020-07-31,101000.0,상승  500,100500.0,101500.0,100000.0,10226.0,롯데칠성음료,005300
2020-08-03,99900.0,"하락  1,100",100500.0,101000.0,99600.0,19921.0,롯데칠성음료,005300
2020-08-04,102000.0,"상승  2,100",101000.0,104000.0,100500.0,34367.0,롯데칠성음료,005300
2020-08-05,101000.0,"하락  1,000",103500.0,104000.0,100500.0,26442.0,롯데칠성음료,005300
2020-08-06,101500.0,상승  500,101000.0,102500.0,100500.0,24641.0,롯데칠성음료,005300
2020-08-07,102000.0,상승  500,102000.0,103500.0,101000.0,29042.0,롯데칠성음료,005300
2020-08-10,101000.0,"하락  1,000",101500.0,101500.0,100000.0,41090.0,롯데칠성음료,005300
2020-08-11,100500.0,하락  500,100500.0,101000.0,99900.0,64989.0,롯데칠성음료,005300
2020-08-12,101500.0,"상승  1,000",100000.0,101500.0,99800.0,60402.0,롯데칠성음료,005300
2020-08-13,101500.0,보합0,102000.0,103000.0,101000.0,36793.0,롯데칠성음료,005300
2020-08-14,102000.0,상승  500,102000.0,103500.0,101000.0,36164.0,롯데칠성음료,005300
2020-08-18,99800.0,"하락  2,200",102000.0,102000.0,99800.0,41719.0,롯데칠성음료,005300
2020-08-19,99700.0,하락  100,99600.0,100500.0,99500.0,28802.0,롯데칠성음료,005300
2020-08-20,95100.0,"하락  4,600",98900.0,99500.0,95000.0,51820.0,롯데칠성음료,005300
2020-08-21,96500.0,"상승  1,400",95200.0,97600.0,95200.0,17039.0,롯데칠성음료,005300
2020-08-24,95000.0,"하락  1,500",96500.0,97800.0,94300.0,25125.0,롯데칠성음료,005300
2020-08-25,95300.0,상승  300,95000.0,96000.0,94800.0,22170.0,롯데칠성음료,005300
2020-08-26,93900.0,"하락  1,400",95300.0,95500.0,93600.0,32982.0,롯데칠성음료,005300
2020-08-27,91800.0,"하락  2,100",93500.0,94000.0,91500.0,43629.0,롯데칠성음료,005300
2020-08-28,94000.0,"상승  2,200",92100.0,94000.0,92000.0,22991.0,롯데칠성음료,005300
2020-08-31,94100.0,상승  100,94100.0,95500.0,93700.0,26167.0,롯데칠성음료,005300
2020-09-01,93700.0,하락  400,93500.0,94300.0,93000.0,17510.0,롯데칠성음료,005300
2020-09-02,94200.0,상승  500,94000.0,94700.0,93400.0,12390.0,롯데칠성음료,005300
2020-09-03,95400.0,"상승  1,200",94900.0,95500.0,92800.0,24919.0,롯데칠성음료,005300
2020-09-04,94300.0,"하락  1,100",94100.0,95100.0,93100.0,16427.0,롯데칠성음료,005300
2020-09-07,93500.0,하락  800,93700.0,94400.0,93200.0,19154.0,롯데칠성음료,005300
2020-09-08,94800.0,"상승  1,300",93700.0,95700.0,93600.0,25103.0,롯데칠성음료,005300
2020-09-09,93400.0,"하락  1,400",94500.0,94500.0,93300.0,17281.0,롯데칠성음료,005300
2020-09-10,92900.0,하락  500,93500.0,94000.0,92800.0,30841.0,롯데칠성음료,005300
2020-09-11,93700.0,상승  800,94500.0,95000.0,93700.0,24923.0,롯데칠성음료,005300
2020-09-14,94700.0,"상승  1,000",93700.0,94800.0,93600.0,15441.0,롯데칠성음료,005300
2020-09-15,94300.0,하락  400,94700.0,94700.0,93600.0,17794.0,롯데칠성음료,005300
2020-09-16,94200.0,하락  100,94300.0,95000.0,93800.0,19728.0,롯데칠성음료,005300
2020-09-17,93500.0,하락  700,94300.0,94800.0,93500.0,15925.0,롯데칠성음료,005300
2020-09-18,93300.0,하락  200,94000.0,94000.0,93100.0,15295.0,롯데칠성음료,005300
2020-09-21,93100.0,하락  200,93400.0,94400.0,93000.0,22421.0,롯데칠성음료,005300
2020-09-22,91700.0,"하락  1,400",93000.0,93500.0,91600.0,26091.0,롯데칠성음료,005300
2020-09-23,91500.0,하락  200,91700.0,92500.0,90500.0,23900.0,롯데칠성음료,005300
2020-09-24,89000.0,"하락  2,500",91200.0,91200.0,88500.0,27116.0,롯데칠성음료,005300
2020-09-25,88900.0,하락  100,89000.0,89800.0,88700.0,24603.0,롯데칠성음료,005300
2020-09-28,89000.0,상승  100,88900.0,89400.0,88700.0,13753.0,롯데칠성음료,005300
2020-09-29,90000.0,"상승  1,000",89500.0,90400.0,89000.0,23233.0,롯데칠성음료,005300
2020-10-05,89700.0,하락  300,91000.0,91300.0,89500.0,39181.0,롯데칠성음료,005300
2020-10-06,88800.0,하락  900,90000.0,90400.0,88500.0,49433.0,롯데칠성음료,005300
2020-10-07,88600.0,하락  200,89700.0,89700.0,88000.0,38210.0,롯데칠성음료,005300
2020-10-08,88700.0,상승  100,89000.0,89300.0,88500.0,26737.0,롯데칠성음료,005300
2020-10-12,88600.0,하락  100,89200.0,89300.0,88200.0,67544.0,롯데칠성음료,005300
2020-10-13,88700.0,상승  100,88800.0,89000.0,88100.0,24782.0,롯데칠성음료,005300
2020-10-14,88200.0,하락  500,88500.0,89200.0,88200.0,24862.0,롯데칠성음료,005300
2020-10-15,86900.0,"하락  1,300",88000.0,88500.0,86200.0,51464.0,롯데칠성음료,005300
2020-10-16,86900.0,보합0,86600.0,87300.0,86400.0,23156.0,롯데칠성음료,005300
2020-10-19,88500.0,"상승  1,600",87200.0,89300.0,87000.0,50324.0,롯데칠성음료,005300
2020-10-20,88000.0,하락  500,88100.0,88500.0,87200.0,23459.0,롯데칠성음료,005300
2020-10-21,88900.0,상승  900,88000.0,89200.0,87800.0,35756.0,롯데칠성음료,005300
2020-10-22,88400.0,하락  500,88400.0,88900.0,88000.0,19915.0,롯데칠성음료,005300
2020-10-23,88800.0,상승  400,89000.0,89200.0,88100.0,28017.0,롯데칠성음료,005300
2020-10-26,88000.0,하락  800,88600.0,88700.0,87900.0,23071.0,롯데칠성음료,005300
2020-10-27,88100.0,상승  100,88000.0,88100.0,87300.0,16247.0,롯데칠성음료,005300
2020-10-28,87900.0,하락  200,87500.0,88300.0,86800.0,15963.0,롯데칠성음료,005300
2020-10-29,87000.0,하락  900,87400.0,87500.0,86400.0,23523.0,롯데칠성음료,005300
2020-10-30,85900.0,"하락  1,100",86600.0,87000.0,85600.0,25477.0,롯데칠성음료,005300
2020-11-02,86500.0,상승  600,86000.0,86600.0,85600.0,13554.0,롯데칠성음료,005300
2020-11-03,87100.0,상승  600,86300.0,87400.0,86300.0,18108.0,롯데칠성음료,005300
2020-11-04,87900.0,상승  800,87200.0,88800.0,87200.0,33875.0,롯데칠성음료,005300
2020-11-05,88300.0,상승  400,88100.0,88500.0,87500.0,21078.0,롯데칠성음료,005300
2020-11-06,88400.0,상승  100,88000.0,88700.0,87600.0,16080.0,롯데칠성음료,005300
2020-11-09,88500.0,상승  100,88900.0,88900.0,88000.0,39985.0,롯데칠성음료,005300
2020-11-10,89000.0,상승  500,89000.0,89800.0,88600.0,36680.0,롯데칠성음료,005300
2020-11-11,90500.0,"상승  1,500",89100.0,91400.0,88700.0,68901.0,롯데칠성음료,005300
2020-11-12,91300.0,상승  800,90500.0,92100.0,89900.0,45469.0,롯데칠성음료,005300
2020-11-13,90000.0,"하락  1,300",91400.0,91500.0,88700.0,54999.0,롯데칠성음료,005300
2020-11-16,90000.0,보합0,90100.0,90900.0,89400.0,42394.0,롯데칠성음료,005300
2020-11-17,96700.0,"상승  6,700",91400.0,97800.0,91200.0,197154.0,롯데칠성음료,005300
2020-11-18,97100.0,상승  400,97600.0,98500.0,95400.0,75333.0,롯데칠성음료,005300
2020-11-19,96900.0,하락  200,96800.0,97300.0,95900.0,56507.0,롯데칠성음료,005300
2020-11-20,99800.0,"상승  2,900",97300.0,101000.0,97100.0,95106.0,롯데칠성음료,005300
2020-11-23,98700.0,"하락  1,100",99800.0,99800.0,98000.0,63655.0,롯데칠성음료,005300
2020-11-24,100000.0,"상승  1,300",98800.0,101500.0,98300.0,64896.0,롯데칠성음료,005300
2020-11-25,97900.0,"하락  2,100",100500.0,101000.0,96600.0,64789.0,롯데칠성음료,005300
2020-11-26,98600.0,상승  700,97100.0,98800.0,96500.0,41622.0,롯데칠성음료,005300
2020-11-27,98400.0,하락  200,99600.0,99800.0,97800.0,443258.0,롯데칠성음료,005300
2020-11-30,99400.0,"상승  1,000",98500.0,99400.0,97500.0,43644.0,롯데칠성음료,005300
2020-12-01,98800.0,하락  600,99400.0,100000.0,98600.0,44479.0,롯데칠성음료,005300
2020-12-02,98700.0,하락  100,98800.0,98900.0,98100.0,22433.0,롯데칠성음료,005300
2020-12-03,99300.0,상승  600,98200.0,100500.0,97900.0,48835.0,롯데칠성음료,005300
2020-12-04,101500.0,"상승  2,200",99000.0,101500.0,98800.0,79737.0,롯데칠성음료,005300
2020-12-07,103500.0,"상승  2,000",102000.0,106000.0,100000.0,94152.0,롯데칠성음료,005300
2020-12-08,104000.0,상승  500,103500.0,106000.0,103000.0,71020.0,롯데칠성음료,005300
2020-12-09,108000.0,"상승  4,000",104000.0,108000.0,104000.0,70322.0,롯데칠성음료,005300
2020-12-10,112000.0,"상승  4,000",108000.0,112500.0,106000.0,104393.0,롯데칠성음료,005300
2020-12-11,113500.0,"상승  1,500",113500.0,113500.0,111000.0,51263.0,롯데칠성음료,005300
2020-12-14,114000.0,상승  500,113000.0,114000.0,110000.0,55375.0,롯데칠성음료,005300
2020-12-15,111000.0,"하락  3,000",114000.0,114500.0,110500.0,37856.0,롯데칠성음료,005300
2020-12-16,109500.0,"하락  1,500",110000.0,113000.0,109500.0,38802.0,롯데칠성음료,005300
2020-12-17,107500.0,"하락  2,000",110000.0,111000.0,107000.0,59012.0,롯데칠성음료,005300
2020-12-18,110000.0,"상승  2,500",108500.0,110000.0,107500.0,40199.0,롯데칠성음료,005300
2020-12-21,108000.0,"하락  2,000",109000.0,109500.0,107000.0,23206.0,롯데칠성음료,005300
2020-12-22,107000.0,"하락  1,000",107000.0,110500.0,106500.0,52531.0,롯데칠성음료,005300
2020-12-23,111500.0,"상승  4,500",110000.0,113500.0,109000.0,61964.0,롯데칠성음료,005300
2020-12-24,111500.0,보합0,111500.0,113000.0,110500.0,28607.0,롯데칠성음료,005300
2020-12-28,110000.0,"하락  1,500",111500.0,111500.0,108500.0,57850.0,롯데칠성음료,005300
2020-12-29,109500.0,하락  500,109000.0,109500.0,107500.0,20869.0,롯데칠성음료,005300
2020-12-30,108500.0,"하락  1,000",109500.0,109500.0,107500.0,29568.0,롯데칠성음료,005300
2021-01-04,107000.0,"하락  1,500",108500.0,109000.0,105000.0,63780.0,롯데칠성음료,005300
2021-01-05,106000.0,"하락  1,000",107000.0,107000.0,104000.0,55110.0,롯데칠성음료,005300
2021-01-06,108000.0,"상승  2,000",106000.0,112500.0,105000.0,102583.0,롯데칠성음료,005300
2021-01-07,108500.0,상승  500,109500.0,110000.0,107500.0,69470.0,롯데칠성음료,005300
2021-01-08,109000.0,상승  500,109000.0,110000.0,107500.0,64680.0,롯데칠성음료,005300
2021-01-11,112500.0,"상승  3,500",110500.0,114000.0,108000.0,123962.0,롯데칠성음료,005300
2021-01-12,117500.0,"상승  5,000",113000.0,119500.0,112000.0,145227.0,롯데칠성음료,005300
2021-01-13,121000.0,"상승  3,500",119500.0,123500.0,118500.0,109497.0,롯데칠성음료,005300
2021-01-14,128000.0,"상승  7,000",122500.0,128000.0,121500.0,99492.0,롯데칠성음료,005300
2021-01-15,123500.0,"하락  4,500",129500.0,130000.0,123000.0,64424.0,롯데칠성음료,005300
2021-01-18,121000.0,"하락  2,500",122500.0,124500.0,119000.0,61440.0,롯데칠성음료,005300
2021-01-19,123500.0,"상승  2,500",121500.0,124500.0,119500.0,32118.0,롯데칠성음료,005300
2021-01-20,122000.0,"하락  1,500",123500.0,123500.0,120500.0,34412.0,롯데칠성음료,005300
2021-01-21,125000.0,"상승  3,000",121000.0,126500.0,121000.0,41815.0,롯데칠성음료,005300
2021-01-22,125000.0,보합0,125000.0,126000.0,122500.0,35599.0,롯데칠성음료,005300
2021-01-25,125000.0,보합0,127000.0,127000.0,123000.0,29925.0,롯데칠성음료,005300
2021-01-26,124500.0,하락  500,125000.0,125500.0,122500.0,33855.0,롯데칠성음료,005300
2021-01-27,125000.0,상승  500,124500.0,125500.0,123000.0,32998.0,롯데칠성음료,005300
2021-01-28,122500.0,"하락  2,500",124000.0,124000.0,119000.0,43335.0,롯데칠성음료,005300
2021-01-29,116000.0,"하락  6,500",123000.0,123500.0,116000.0,50054.0,롯데칠성음료,005300
2021-02-01,118500.0,"상승  2,500",116000.0,121000.0,114500.0,27969.0,롯데칠성음료,005300
2021-02-02,126000.0,"상승  7,500",122000.0,127000.0,119500.0,55843.0,롯데칠성음료,005300
2021-02-03,128500.0,"상승  2,500",127500.0,131000.0,126500.0,60226.0,롯데칠성음료,005300
2021-02-04,127500.0,"하락  1,000",128500.0,129500.0,125000.0,30782.0,롯데칠성음료,005300
2021-02-05,126000.0,"하락  1,500",127500.0,127500.0,124000.0,34583.0,롯데칠성음료,005300
2021-02-08,131500.0,"상승  5,500",128000.0,132000.0,126000.0,67109.0,롯데칠성음료,005300
2021-02-09,129000.0,"하락  2,500",132500.0,132500.0,128500.0,47776.0,롯데칠성음료,005300
2021-02-10,128000.0,"하락  1,000",129500.0,129500.0,126000.0,29124.0,롯데칠성음료,005300
2021-02-15,128000.0,보합0,128500.0,130000.0,126000.0,28062.0,롯데칠성음료,005300
2021-02-16,125000.0,"하락  3,000",128500.0,129000.0,124500.0,52329.0,롯데칠성음료,005300
2021-02-17,125500.0,상승  500,125000.0,126000.0,123000.0,21021.0,롯데칠성음료,005300
2021-02-18,124000.0,"하락  1,500",125500.0,125500.0,123500.0,17588.0,롯데칠성음료,005300
2021-02-19,123000.0,"하락  1,000",122500.0,123500.0,119000.0,30525.0,롯데칠성음료,005300
2021-02-22,122500.0,하락  500,123000.0,124000.0,121000.0,17269.0,롯데칠성음료,005300
2021-02-23,122500.0,보합0,120000.0,123500.0,120000.0,22815.0,롯데칠성음료,005300
2021-02-24,119500.0,"하락  3,000",124000.0,124000.0,118000.0,27669.0,롯데칠성음료,005300
2021-02-25,118500.0,"하락  1,000",119500.0,120500.0,118000.0,38134.0,롯데칠성음료,005300
2021-02-26,114500.0,"하락  4,000",116000.0,118000.0,113000.0,41936.0,롯데칠성음료,005300
2021-03-02,114000.0,하락  500,116000.0,118000.0,112500.0,28091.0,롯데칠성음료,005300
2021-03-03,122000.0,"상승  8,000",116000.0,123500.0,116000.0,58145.0,롯데칠성음료,005300
2021-03-04,126500.0,"상승  4,500",120500.0,127500.0,119500.0,60091.0,롯데칠성음료,005300
2021-03-05,125500.0,"하락  1,000",126500.0,129000.0,123500.0,34931.0,롯데칠성음료,005300
2021-03-08,124000.0,"하락  1,500",127000.0,129000.0,123500.0,35234.0,롯데칠성음료,005300
2021-03-09,124500.0,상승  500,125000.0,126500.0,121500.0,23971.0,롯데칠성음료,005300
2021-03-10,121000.0,"하락  3,500",124500.0,125500.0,121000.0,17167.0,롯데칠성음료,005300
2021-03-11,121000.0,보합0,120000.0,123000.0,119000.0,24350.0,롯데칠성음료,005300
2021-03-12,121500.0,상승  500,121500.0,122500.0,120000.0,16660.0,롯데칠성음료,005300
2021-03-15,121500.0,보합0,122000.0,122500.0,119500.0,19913.0,롯데칠성음료,005300
2021-03-16,123500.0,"상승  2,000",122000.0,125500.0,121500.0,17996.0,롯데칠성음료,005300
2021-03-17,125000.0,"상승  1,500",124000.0,125000.0,123000.0,17074.0,롯데칠성음료,005300
2021-03-18,123500.0,"하락  1,500",125500.0,125500.0,123000.0,16081.0,롯데칠성음료,005300
2021-03-19,121000.0,"하락  2,500",121500.0,123000.0,120000.0,19687.0,롯데칠성음료,005300
2021-03-22,121500.0,상승  500,121000.0,122500.0,121000.0,13064.0,롯데칠성음료,005300
2021-03-23,122500.0,"상승  1,000",122500.0,123500.0,120500.0,24126.0,롯데칠성음료,005300
2021-03-24,123000.0,상승  500,122500.0,125000.0,120500.0,30865.0,롯데칠성음료,005300
2021-03-25,127000.0,"상승  4,000",124000.0,128000.0,123000.0,70420.0,롯데칠성음료,005300
2021-03-26,127000.0,보합0,127000.0,129000.0,126500.0,32272.0,롯데칠성음료,005300
2021-03-29,139000.0,"상승  12,000",131500.0,141000.0,129000.0,175285.0,롯데칠성음료,005300
2021-03-30,136000.0,"하락  3,000",139000.0,140000.0,135000.0,39196.0,롯데칠성음료,005300
2021-03-31,136500.0,상승  500,135000.0,137500.0,134000.0,35285.0,롯데칠성음료,005300
2021-04-01,134000.0,"하락  2,500",135000.0,136500.0,132500.0,30220.0,롯데칠성음료,005300
2021-04-02,132000.0,"하락  2,000",133500.0,134500.0,131500.0,22764.0,롯데칠성음료,005300
2021-04-05,137000.0,"상승  5,000",132500.0,137500.0,129500.0,41074.0,롯데칠성음료,005300
2021-04-06,138500.0,"상승  1,500",136500.0,141500.0,136000.0,30701.0,롯데칠성음료,005300
2021-04-07,135000.0,"하락  3,500",137000.0,138500.0,134000.0,21655.0,롯데칠성음료,005300
2021-04-08,133000.0,"하락  2,000",136000.0,136000.0,132000.0,27547.0,롯데칠성음료,005300
2021-04-09,132500.0,하락  500,133000.0,135000.0,132000.0,19255.0,롯데칠성음료,005300
2021-04-12,133000.0,상승  500,132500.0,135500.0,132000.0,15772.0,롯데칠성음료,005300
2021-04-13,135500.0,"상승  2,500",133000.0,136500.0,132500.0,27348.0,롯데칠성음료,005300
2021-04-14,136500.0,"상승  1,000",135500.0,137000.0,134000.0,17125.0,롯데칠성음료,005300
2021-04-15,133000.0,"하락  3,500",136000.0,136500.0,132000.0,29501.0,롯데칠성음료,005300
2021-04-16,131500.0,"하락  1,500",133000.0,133000.0,130500.0,23201.0,롯데칠성음료,005300
2021-04-19,132000.0,상승  500,131500.0,133500.0,130000.0,17172.0,롯데칠성음료,005300
2021-04-20,133500.0,"상승  1,500",132000.0,135000.0,132000.0,19020.0,롯데칠성음료,005300
2021-04-21,141000.0,"상승  7,500",132500.0,141500.0,132500.0,94114.0,롯데칠성음료,005300
2021-04-22,138000.0,"하락  3,000",141000.0,141000.0,138000.0,24477.0,롯데칠성음료,005300
2021-04-23,137000.0,"하락  1,000",138000.0,139000.0,136000.0,17081.0,롯데칠성음료,005300
2021-04-26,138500.0,"상승  1,500",137500.0,140000.0,135500.0,16164.0,롯데칠성음료,005300
2021-04-27,139000.0,상승  500,142000.0,142500.0,137500.0,22387.0,롯데칠성음료,005300
2021-04-28,135500.0,"하락  3,500",139000.0,140500.0,135000.0,27795.0,롯데칠성음료,005300
2021-04-29,144000.0,"상승  8,500",136000.0,149000.0,134000.0,137422.0,롯데칠성음료,005300
2021-04-30,140000.0,"하락  4,000",148000.0,148000.0,140000.0,68772.0,롯데칠성음료,005300
2021-05-03,148500.0,"상승  8,500",142000.0,151500.0,141500.0,90071.0,롯데칠성음료,005300
2021-05-04,148000.0,하락  500,148500.0,153000.0,146000.0,65899.0,롯데칠성음료,005300
2021-05-06,150500.0,"상승  2,500",147500.0,151500.0,145500.0,41443.0,롯데칠성음료,005300
2021-05-07,147000.0,"하락  3,500",150500.0,151000.0,147000.0,39973.0,롯데칠성음료,005300
2021-05-10,148000.0,"상승  1,000",146500.0,150000.0,144500.0,55913.0,롯데칠성음료,005300
2021-05-11,161000.0,"상승  13,000",148000.0,163500.0,147000.0,132904.0,롯데칠성음료,005300
2021-05-12,167500.0,"상승  6,500",161000.0,175000.0,159000.0,175648.0,롯데칠성음료,005300
2021-05-13,165000.0,"하락  2,500",164500.0,175500.0,161500.0,89473.0,롯데칠성음료,005300
2021-05-14,166500.0,"상승  1,500",170000.0,170500.0,161500.0,65999.0,롯데칠성음료,005300
2021-05-17,158000.0,"하락  8,500",166500.0,168000.0,154500.0,106530.0,롯데칠성음료,005300
2021-05-18,161500.0,"상승  3,500",156000.0,163500.0,156000.0,47720.0,롯데칠성음료,005300
2021-05-20,158000.0,"하락  3,500",158000.0,159500.0,155000.0,44927.0,롯데칠성음료,005300
2021-05-21,154000.0,"하락  4,000",158500.0,158500.0,151500.0,55108.0,롯데칠성음료,005300
2021-05-24,158000.0,"상승  4,000",154500.0,160000.0,151500.0,43759.0,롯데칠성음료,005300
2021-05-25,158500.0,상승  500,158000.0,162000.0,155000.0,65704.0,롯데칠성음료,005300
2021-05-26,158500.0,보합0,159500.0,165500.0,158000.0,54101.0,롯데칠성음료,005300
2021-05-27,165000.0,"상승  6,500",158500.0,165500.0,158000.0,65358.0,롯데칠성음료,005300
2021-05-28,163000.0,"하락  2,000",165000.0,166000.0,161000.0,31926.0,롯데칠성음료,005300
2021-05-31,164500.0,"상승  1,500",163000.0,165500.0,161500.0,36639.0,롯데칠성음료,005300
2021-06-01,164500.0,보합0,166500.0,168000.0,164000.0,31486.0,롯데칠성음료,005300
2021-06-02,162500.0,"하락  2,000",164500.0,165500.0,161000.0,32804.0,롯데칠성음료,005300
2021-06-03,159000.0,"하락  3,500",163000.0,163000.0,157000.0,80210.0,롯데칠성음료,005300
2021-06-04,158000.0,"하락  1,000",159000.0,159000.0,156000.0,38242.0,롯데칠성음료,005300
2021-06-07,159500.0,"상승  1,500",159000.0,160500.0,156500.0,34507.0,롯데칠성음료,005300
2021-06-08,159500.0,보합0,159500.0,161000.0,157500.0,36692.0,롯데칠성음료,005300
2021-06-09,164000.0,"상승  4,500",162000.0,168000.0,161500.0,109114.0,롯데칠성음료,005300
2021-06-10,160500.0,"하락  3,500",163000.0,165500.0,160500.0,51932.0,롯데칠성음료,005300
2021-06-11,158500.0,"하락  2,000",161000.0,162500.0,157000.0,44433.0,롯데칠성음료,005300
2021-06-14,157500.0,"하락  1,000",159000.0,159000.0,155000.0,42165.0,롯데칠성음료,005300
2021-06-15,156000.0,"하락  1,500",156000.0,157500.0,155500.0,36037.0,롯데칠성음료,005300
2021-06-16,156000.0,보합0,157000.0,159500.0,155000.0,45789.0,롯데칠성음료,005300
2021-06-17,152000.0,"하락  4,000",155500.0,155500.0,150500.0,128031.0,롯데칠성음료,005300
2021-06-18,149000.0,"하락  3,000",152000.0,153000.0,146000.0,136469.0,롯데칠성음료,005300
2021-06-21,146000.0,"하락  3,000",148500.0,149000.0,144000.0,86029.0,롯데칠성음료,005300
2021-06-22,148000.0,"상승  2,000",147500.0,149000.0,146000.0,49465.0,롯데칠성음료,005300
2021-06-23,142500.0,"하락  5,500",146500.0,147000.0,141500.0,115696.0,롯데칠성음료,005300
2021-06-24,142500.0,보합0,142500.0,143000.0,140000.0,64853.0,롯데칠성음료,005300
2021-06-25,145000.0,"상승  2,500",143000.0,147000.0,143000.0,59798.0,롯데칠성음료,005300
2021-06-28,146000.0,"상승  1,000",146000.0,146500.0,144500.0,26214.0,롯데칠성음료,005300
2021-06-29,144000.0,"하락  2,000",146000.0,146500.0,143500.0,38001.0,롯데칠성음료,005300
2021-06-30,145000.0,"상승  1,000",145000.0,146500.0,143000.0,35072.0,롯데칠성음료,005300
2021-07-01,142500.0,"하락  2,500",145000.0,145500.0,142500.0,33959.0,롯데칠성음료,005300
2021-07-02,143000.0,상승  500,142500.0,144000.0,141500.0,18935.0,롯데칠성음료,005300
2021-07-05,143000.0,보합0,143000.0,144000.0,141500.0,32653.0,롯데칠성음료,005300
2021-07-06,144000.0,"상승  1,000",143000.0,146500.0,142000.0,66836.0,롯데칠성음료,005300
2021-07-07,141500.0,"하락  2,500",144000.0,145000.0,141500.0,31240.0,롯데칠성음료,005300
2021-07-08,140000.0,"하락  1,500",141500.0,143000.0,139000.0,31519.0,롯데칠성음료,005300
2021-07-09,137000.0,"하락  3,000",138500.0,139000.0,133500.0,53894.0,롯데칠성음료,005300
2021-07-12,137000.0,보합0,137000.0,140000.0,135500.0,30384.0,롯데칠성음료,005300
2021-07-13,139500.0,"상승  2,500",138500.0,141500.0,137500.0,23839.0,롯데칠성음료,005300
2021-07-14,142500.0,"상승  3,000",140000.0,142500.0,138000.0,24183.0,롯데칠성음료,005300
2021-07-15,142000.0,하락  500,143000.0,143500.0,141000.0,21812.0,롯데칠성음료,005300
2021-07-16,141000.0,"하락  1,000",143000.0,144000.0,139000.0,53842.0,롯데칠성음료,005300
2021-07-19,143500.0,"상승  2,500",142000.0,144000.0,141500.0,36995.0,롯데칠성음료,005300
2021-07-20,139500.0,"하락  4,000",142500.0,142500.0,139000.0,47846.0,롯데칠성음료,005300
2021-07-21,138000.0,"하락  1,500",140000.0,140500.0,136500.0,42565.0,롯데칠성음료,005300
2021-07-22,137500.0,하락  500,139000.0,140000.0,137000.0,37110.0,롯데칠성음료,005300
2021-07-23,139500.0,"상승  2,000",137500.0,140500.0,137000.0,36174.0,롯데칠성음료,005300
2021-07-26,137000.0,"하락  2,500",139500.0,140000.0,137000.0,26193.0,롯데칠성음료,005300
2021-07-27,135000.0,"하락  2,000",137000.0,138000.0,135000.0,33071.0,롯데칠성음료,005300
2021-07-28,136000.0,"상승  1,000",134500.0,136000.0,133500.0,44503.0,롯데칠성음료,005300
2021-07-29,144500.0,"상승  8,500",138000.0,145000.0,137500.0,157860.0,롯데칠성음료,005300
2021-07-30,145000.0,상승  500,145000.0,145500.0,142000.0,72720.0,롯데칠성음료,005300
2021-08-02,143000.0,"하락  2,000",144500.0,145000.0,142000.0,35925.0,롯데칠성음료,005300
2021-08-03,142000.0,"하락  1,000",142000.0,143000.0,139000.0,41715.0,롯데칠성음료,005300
2021-08-04,142500.0,상승  500,141500.0,144000.0,139500.0,29030.0,롯데칠성음료,005300
2021-08-05,144000.0,"상승  1,500",141000.0,144000.0,141000.0,29108.0,롯데칠성음료,005300
2021-08-06,142000.0,"하락  2,000",142500.0,143500.0,141500.0,21903.0,롯데칠성음료,005300
2021-08-09,138500.0,"하락  3,500",141500.0,141500.0,138000.0,37147.0,롯데칠성음료,005300
2021-08-10,137500.0,"하락  1,000",138500.0,140000.0,136500.0,24146.0,롯데칠성음료,005300
2021-08-11,135500.0,"하락  2,000",137500.0,137500.0,135000.0,25823.0,롯데칠성음료,005300
2021-08-12,135500.0,보합0,136500.0,137500.0,134000.0,26317.0,롯데칠성음료,005300
2021-08-13,132000.0,"하락  3,500",135500.0,136500.0,131500.0,36611.0,롯데칠성음료,005300
2021-08-17,129000.0,"하락  3,000",131500.0,132000.0,129000.0,28375.0,롯데칠성음료,005300
2021-08-18,133000.0,"상승  4,000",129000.0,134500.0,127500.0,19572.0,롯데칠성음료,005300
2021-08-19,130000.0,"하락  3,000",131000.0,134000.0,128000.0,34543.0,롯데칠성음료,005300
2021-08-20,127500.0,"하락  2,500",128500.0,133500.0,127000.0,25731.0,롯데칠성음료,005300
2021-08-23,133000.0,"상승  5,500",128500.0,134000.0,127500.0,31553.0,롯데칠성음료,005300
2021-08-24,138000.0,"상승  5,000",133000.0,139500.0,132000.0,52634.0,롯데칠성음료,005300
2021-08-25,141000.0,"상승  3,000",138000.0,142500.0,135000.0,49954.0,롯데칠성음료,005300
2021-08-26,140000.0,"하락  1,000",139500.0,141500.0,137000.0,26870.0,롯데칠성음료,005300
2021-08-27,141000.0,"상승  1,000",138500.0,142000.0,138500.0,20085.0,롯데칠성음료,005300
2021-08-30,145000.0,"상승  4,000",141500.0,146000.0,140000.0,61499.0,롯데칠성음료,005300
2021-08-31,145000.0,보합0,143000.0,146000.0,142000.0,27682.0,롯데칠성음료,005300
2021-09-01,145000.0,보합0,143000.0,146000.0,143000.0,21667.0,롯데칠성음료,005300
2021-09-02,144000.0,"하락  1,000",143000.0,145000.0,143000.0,19224.0,롯데칠성음료,005300
2021-09-03,148000.0,"상승  4,000",144000.0,150000.0,143500.0,94979.0,롯데칠성음료,005300
2021-09-06,148500.0,상승  500,146500.0,149500.0,145500.0,32336.0,롯데칠성음료,005300
2021-09-07,148000.0,하락  500,147000.0,148000.0,144000.0,23807.0,롯데칠성음료,005300
2021-09-08,145500.0,"하락  2,500",146000.0,148000.0,144500.0,49150.0,롯데칠성음료,005300
2021-09-09,144000.0,"하락  1,500",144500.0,147000.0,142500.0,29619.0,롯데칠성음료,005300
2021-09-10,149000.0,"상승  5,000",144500.0,150000.0,144500.0,37016.0,롯데칠성음료,005300
2021-09-13,148000.0,"하락  1,000",147500.0,149000.0,145000.0,20323.0,롯데칠성음료,005300
2021-09-14,153000.0,"상승  5,000",147000.0,153500.0,147000.0,61935.0,롯데칠성음료,005300
2021-09-15,151500.0,"하락  1,500",152000.0,155000.0,151000.0,28192.0,롯데칠성음료,005300
2021-09-16,151500.0,보합0,151500.0,153500.0,148500.0,32380.0,롯데칠성음료,005300
2021-09-17,149000.0,"하락  2,500",149500.0,154000.0,148500.0,37186.0,롯데칠성음료,005300
2021-09-23,149000.0,보합0,146000.0,151000.0,145000.0,18322.0,롯데칠성음료,005300
2021-09-24,149000.0,보합0,148500.0,152500.0,148000.0,24332.0,롯데칠성음료,005300
2021-09-27,147500.0,"하락  1,500",147000.0,150000.0,147000.0,11771.0,롯데칠성음료,005300
2021-09-28,146500.0,"하락  1,000",146500.0,148000.0,143500.0,18494.0,롯데칠성음료,005300
2021-09-29,144500.0,"하락  2,000",145500.0,148000.0,143000.0,24813.0,롯데칠성음료,005300
2021-09-30,147500.0,"상승  3,000",145500.0,148500.0,142500.0,20852.0,롯데칠성음료,005300
2021-10-01,145000.0,"하락  2,500",145500.0,149500.0,145000.0,21360.0,롯데칠성음료,005300
2021-10-05,149000.0,"상승  4,000",144500.0,149000.0,144000.0,27178.0,롯데칠성음료,005300
2021-10-06,146000.0,"하락  3,000",150000.0,150500.0,145500.0,24804.0,롯데칠성음료,005300
2021-10-07,150500.0,"상승  4,500",148500.0,150500.0,146500.0,21971.0,롯데칠성음료,005300
2021-10-08,150000.0,하락  500,149500.0,151000.0,147000.0,16926.0,롯데칠성음료,005300
2021-10-12,148000.0,"하락  2,000",150500.0,150500.0,147500.0,17861.0,롯데칠성음료,005300
2021-10-13,153000.0,"상승  5,000",150000.0,153500.0,148500.0,35364.0,롯데칠성음료,005300
2021-10-14,155000.0,"상승  2,000",153000.0,155000.0,152000.0,25018.0,롯데칠성음료,005300
2021-10-15,157000.0,"상승  2,000",155000.0,159000.0,154000.0,33478.0,롯데칠성음료,005300
2021-10-18,159500.0,"상승  2,500",158500.0,161500.0,155500.0,37916.0,롯데칠성음료,005300
2021-10-19,161000.0,"상승  1,500",159500.0,163000.0,159500.0,37557.0,롯데칠성음료,005300
2021-10-20,162000.0,"상승  1,000",160500.0,162500.0,158500.0,18693.0,롯데칠성음료,005300
2021-10-21,160000.0,"하락  2,000",160000.0,163000.0,158000.0,25607.0,롯데칠성음료,005300
2021-10-22,160000.0,보합0,158000.0,160500.0,156500.0,16161.0,롯데칠성음료,005300
2021-10-25,159500.0,하락  500,160000.0,162000.0,157500.0,15023.0,롯데칠성음료,005300
2021-10-26,158000.0,"하락  1,500",161000.0,161000.0,157000.0,15473.0,롯데칠성음료,005300
2021-10-27,159500.0,"상승  1,500",157000.0,160000.0,155000.0,20599.0,롯데칠성음료,005300
2021-10-28,158000.0,"하락  1,500",159000.0,166000.0,155500.0,66882.0,롯데칠성음료,005300
2021-10-29,145500.0,"하락  12,500",158000.0,158500.0,144500.0,149451.0,롯데칠성음료,005300
2021-11-01,144500.0,"하락  1,000",146000.0,148000.0,142000.0,45705.0,롯데칠성음료,005300
2021-11-02,145000.0,상승  500,145000.0,146000.0,142500.0,39681.0,롯데칠성음료,005300
2021-11-03,142000.0,"하락  3,000",144000.0,145000.0,141500.0,24260.0,롯데칠성음료,005300
2021-11-04,138500.0,"하락  3,500",142000.0,144500.0,137000.0,44530.0,롯데칠성음료,005300
2021-11-05,139500.0,"상승  1,000",138500.0,140500.0,136000.0,28756.0,롯데칠성음료,005300
2021-11-08,138000.0,"하락  1,500",139000.0,139500.0,136500.0,22817.0,롯데칠성음료,005300
2021-11-09,138000.0,보합0,138000.0,140500.0,135500.0,21469.0,롯데칠성음료,005300
2021-11-10,135500.0,"하락  2,500",136000.0,137000.0,133500.0,18813.0,롯데칠성음료,005300
2021-11-11,134000.0,"하락  1,500",134000.0,135500.0,132000.0,38296.0,롯데칠성음료,005300
2021-11-12,134000.0,보합0,133500.0,136000.0,132000.0,20711.0,롯데칠성음료,005300
2021-11-15,138500.0,"상승  4,500",134000.0,139000.0,132500.0,29084.0,롯데칠성음료,005300
2021-11-16,140000.0,"상승  1,500",137000.0,141000.0,136000.0,25046.0,롯데칠성음료,005300
2021-11-17,139000.0,"하락  1,000",138000.0,141000.0,136000.0,32257.0,롯데칠성음료,005300
2021-11-18,140500.0,"상승  1,500",137500.0,141000.0,137000.0,20475.0,롯데칠성음료,005300
2021-11-19,137000.0,"하락  3,500",138000.0,140500.0,136500.0,38122.0,롯데칠성음료,005300
2021-11-22,138000.0,"상승  1,000",137000.0,138500.0,135000.0,35764.0,롯데칠성음료,005300
2021-11-23,136000.0,"하락  2,000",136500.0,139500.0,135500.0,37664.0,롯데칠성음료,005300
2021-11-24,140500.0,"상승  4,500",136500.0,143000.0,135000.0,78177.0,롯데칠성음료,005300
2021-11-25,141000.0,상승  500,139000.0,142000.0,138500.0,17160.0,롯데칠성음료,005300
2021-11-26,138500.0,"하락  2,500",141000.0,146500.0,137500.0,35339.0,롯데칠성음료,005300
2021-11-29,136000.0,"하락  2,500",137000.0,137500.0,133000.0,24539.0,롯데칠성음료,005300
2021-11-30,131000.0,"하락  5,000",134000.0,138000.0,129000.0,32284.0,롯데칠성음료,005300
2021-12-01,131500.0,상승  500,129500.0,133500.0,129500.0,75746.0,롯데칠성음료,005300
2021-12-02,130500.0,"하락  1,000",129500.0,131500.0,127500.0,20628.0,롯데칠성음료,005300
2021-12-03,133000.0,"상승  2,500",129500.0,133500.0,129000.0,20143.0,롯데칠성음료,005300
2021-12-06,131000.0,"하락  2,000",133000.0,134000.0,130000.0,29932.0,롯데칠성음료,005300
2021-12-07,134000.0,"상승  3,000",131500.0,134500.0,130500.0,24904.0,롯데칠성음료,005300
2021-12-08,130000.0,"하락  4,000",134000.0,136000.0,128500.0,40507.0,롯데칠성음료,005300
2021-12-09,130000.0,보합0,130000.0,131000.0,128500.0,53701.0,롯데칠성음료,005300
2021-12-10,130000.0,보합0,130000.0,130000.0,128500.0,21765.0,롯데칠성음료,005300
2021-12-13,130000.0,보합0,130000.0,131500.0,128500.0,30497.0,롯데칠성음료,005300
2021-12-14,129500.0,하락  500,129000.0,130000.0,128000.0,26471.0,롯데칠성음료,005300
2021-12-15,128000.0,"하락  1,500",129500.0,129500.0,126500.0,22027.0,롯데칠성음료,005300
2021-12-16,129000.0,"상승  1,000",128000.0,130000.0,127500.0,23216.0,롯데칠성음료,005300
2021-12-17,130000.0,"상승  1,000",128500.0,131000.0,128000.0,33671.0,롯데칠성음료,005300
2021-12-20,129500.0,하락  500,129000.0,130000.0,128000.0,16422.0,롯데칠성음료,005300
2021-12-21,134500.0,"상승  5,000",130000.0,135000.0,129500.0,34351.0,롯데칠성음료,005300
2021-12-22,133500.0,"하락  1,000",134000.0,135000.0,132000.0,21118.0,롯데칠성음료,005300
2021-12-23,137000.0,"상승  3,500",136000.0,139000.0,134500.0,33244.0,롯데칠성음료,005300
2021-12-24,137000.0,보합0,136500.0,139500.0,135500.0,21121.0,롯데칠성음료,005300
2021-12-27,136000.0,"하락  1,000",137000.0,137500.0,134000.0,7539.0,롯데칠성음료,005300
2021-12-28,136500.0,상승  500,137000.0,138500.0,135000.0,17265.0,롯데칠성음료,005300
2021-12-29,135000.0,"하락  1,500",135000.0,136000.0,134000.0,7509.0,롯데칠성음료,005300
2021-12-30,133500.0,"하락  1,500",133500.0,135000.0,132500.0,13257.0,롯데칠성음료,005300
2022-01-03,131000.0,"하락  2,500",132500.0,133500.0,130000.0,15859.0,롯데칠성음료,005300
2022-01-04,132500.0,"상승  1,500",130000.0,132500.0,128500.0,15738.0,롯데칠성음료,005300
2022-01-05,131000.0,"하락  1,500",132500.0,132500.0,129500.0,19280.0,롯데칠성음료,005300
2022-01-06,131000.0,보합0,131000.0,132500.0,129500.0,17102.0,롯데칠성음료,005300
2022-01-07,136000.0,"상승  5,000",131000.0,137000.0,130000.0,31637.0,롯데칠성음료,005300
2022-01-10,137000.0,"상승  1,000",136000.0,137500.0,134000.0,20368.0,롯데칠성음료,005300
2022-01-11,137500.0,상승  500,136000.0,138000.0,135000.0,16930.0,롯데칠성음료,005300
2022-01-12,141000.0,"상승  3,500",137500.0,143000.0,137500.0,33962.0,롯데칠성음료,005300
2022-01-13,139000.0,"하락  2,000",141000.0,142500.0,139000.0,15385.0,롯데칠성음료,005300
2022-01-14,139000.0,보합0,138000.0,141000.0,137000.0,12314.0,롯데칠성음료,005300
2022-01-17,138000.0,"하락  1,000",137500.0,139000.0,136000.0,9285.0,롯데칠성음료,005300
2022-01-18,139000.0,"상승  1,000",138000.0,143000.0,138000.0,22134.0,롯데칠성음료,005300
2022-01-19,139500.0,상승  500,137000.0,140000.0,137000.0,13915.0,롯데칠성음료,005300
2022-01-20,138500.0,"하락  1,000",140000.0,140500.0,136000.0,17161.0,롯데칠성음료,005300
2022-01-21,137000.0,"하락  1,500",136500.0,139000.0,135500.0,17443.0,롯데칠성음료,005300
2022-01-24,142500.0,"상승  5,500",136500.0,142500.0,136500.0,39977.0,롯데칠성음료,005300
2022-01-25,140500.0,"하락  2,000",143000.0,144000.0,139000.0,26412.0,롯데칠성음료,005300
2022-01-26,139500.0,"하락  1,000",140000.0,142000.0,138500.0,7724.0,롯데칠성음료,005300
2022-01-27,133500.0,"하락  6,000",142000.0,142000.0,132000.0,27159.0,롯데칠성음료,005300
2022-01-28,147000.0,"상승  13,500",135500.0,147000.0,134500.0,66387.0,롯데칠성음료,005300
2022-02-03,144000.0,"하락  3,000",147000.0,148000.0,142500.0,36179.0,롯데칠성음료,005300
2022-02-04,155000.0,"상승  11,000",144000.0,158000.0,143500.0,119847.0,롯데칠성음료,005300
2022-02-07,160000.0,"상승  5,000",155000.0,164000.0,152500.0,130843.0,롯데칠성음료,005300
2022-02-08,157000.0,"하락  3,000",162000.0,169500.0,155500.0,95607.0,롯데칠성음료,005300
2022-02-09,166000.0,"상승  9,000",158500.0,167000.0,157000.0,55622.0,롯데칠성음료,005300
2022-02-10,167000.0,"상승  1,000",164000.0,170000.0,164000.0,75517.0,롯데칠성음료,005300
2022-02-11,167500.0,상승  500,166000.0,171000.0,162500.0,56047.0,롯데칠성음료,005300
2022-02-14,166500.0,"하락  1,000",166000.0,169000.0,164000.0,42403.0,롯데칠성음료,005300
2022-02-15,160000.0,"하락  6,500",166500.0,169500.0,157500.0,79367.0,롯데칠성음료,005300
2022-02-16,161500.0,"상승  1,500",160500.0,162500.0,157000.0,43931.0,롯데칠성음료,005300
2022-02-17,164000.0,"상승  2,500",162000.0,168500.0,160000.0,62291.0,롯데칠성음료,005300
2022-02-18,165500.0,"상승  1,500",163000.0,171000.0,162000.0,59761.0,롯데칠성음료,005300
2022-02-21,168000.0,"상승  2,500",164000.0,169500.0,160500.0,40468.0,롯데칠성음료,005300
2022-02-22,164500.0,"하락  3,500",167000.0,170000.0,163500.0,36242.0,롯데칠성음료,005300
2022-02-23,162500.0,"하락  2,000",165000.0,165500.0,157500.0,45915.0,롯데칠성음료,005300
2022-02-24,164000.0,"상승  1,500",160000.0,166000.0,160000.0,36791.0,롯데칠성음료,005300
2022-02-25,162000.0,"하락  2,000",164000.0,166000.0,160000.0,41781.0,롯데칠성음료,005300
2022-02-28,164500.0,"상승  2,500",162000.0,166500.0,159500.0,21873.0,롯데칠성음료,005300
2022-03-02,158500.0,"하락  6,000",166000.0,166000.0,158500.0,36101.0,롯데칠성음료,005300
2022-03-03,157000.0,"하락  1,500",158500.0,160000.0,155000.0,36878.0,롯데칠성음료,005300
2022-03-04,158500.0,"상승  1,500",157000.0,160000.0,155500.0,31379.0,롯데칠성음료,005300
2022-03-07,151500.0,"하락  7,000",156500.0,158500.0,151000.0,47555.0,롯데칠성음료,005300
2022-03-08,149000.0,"하락  2,500",150500.0,152500.0,145000.0,53029.0,롯데칠성음료,005300
2022-03-10,157000.0,"상승  8,000",152000.0,162500.0,149500.0,67822.0,롯데칠성음료,005300
2022-03-11,160000.0,"상승  3,000",156000.0,161000.0,155500.0,38673.0,롯데칠성음료,005300
2022-03-14,158500.0,"하락  1,500",160000.0,160500.0,153500.0,32628.0,롯데칠성음료,005300
2022-03-15,155000.0,"하락  3,500",156000.0,159000.0,153000.0,24871.0,롯데칠성음료,005300
2022-03-16,157000.0,"상승  2,000",156000.0,158000.0,154000.0,20522.0,롯데칠성음료,005300
2022-03-17,160500.0,"상승  3,500",161000.0,165000.0,160000.0,47315.0,롯데칠성음료,005300
2022-03-18,160000.0,하락  500,160000.0,163500.0,158500.0,29396.0,롯데칠성음료,005300
2022-03-21,161500.0,"상승  1,500",160000.0,163000.0,159500.0,24289.0,롯데칠성음료,005300
2022-03-22,162000.0,상승  500,162500.0,162500.0,160000.0,11513.0,롯데칠성음료,005300
2022-03-23,160500.0,"하락  1,500",163000.0,163500.0,159000.0,18775.0,롯데칠성음료,005300
2022-03-24,169000.0,"상승  8,500",161000.0,171000.0,160000.0,57385.0,롯데칠성음료,005300
2022-03-25,165500.0,"하락  3,500",170500.0,171500.0,164000.0,33500.0,롯데칠성음료,005300
2022-03-28,171000.0,"상승  5,500",166500.0,174000.0,165500.0,51479.0,롯데칠성음료,005300
2022-03-29,168000.0,"하락  3,000",172500.0,172500.0,166500.0,29840.0,롯데칠성음료,005300
2022-03-30,172000.0,"상승  4,000",168500.0,174000.0,167500.0,40418.0,롯데칠성음료,005300
2022-03-31,182000.0,"상승  10,000",172000.0,184500.0,170500.0,80411.0,롯데칠성음료,005300
2022-04-01,181500.0,하락  500,184500.0,187500.0,179000.0,43988.0,롯데칠성음료,005300
2022-04-04,181500.0,보합0,179500.0,189000.0,178000.0,41705.0,롯데칠성음료,005300
2022-04-05,180500.0,"하락  1,000",181500.0,182000.0,176500.0,26457.0,롯데칠성음료,005300
2022-04-06,181000.0,상승  500,178500.0,183000.0,176500.0,40338.0,롯데칠성음료,005300
2022-04-07,180000.0,"하락  1,000",178500.0,185000.0,178500.0,25371.0,롯데칠성음료,005300
2022-04-08,178500.0,"하락  1,500",180000.0,180500.0,175500.0,31298.0,롯데칠성음료,005300
2022-04-11,183000.0,"상승  4,500",180000.0,184500.0,176500.0,24484.0,롯데칠성음료,005300
2022-04-12,181500.0,"하락  1,500",180500.0,183500.0,180000.0,22640.0,롯데칠성음료,005300
2022-04-13,185000.0,"상승  3,500",182500.0,188500.0,180500.0,34571.0,롯데칠성음료,005300
2022-04-14,187000.0,"상승  2,000",184000.0,188000.0,182000.0,18110.0,롯데칠성음료,005300
2022-04-15,187500.0,상승  500,187000.0,189000.0,183500.0,32738.0,롯데칠성음료,005300
2022-04-18,183000.0,"하락  4,500",186000.0,190000.0,181500.0,27871.0,롯데칠성음료,005300
2022-04-19,188000.0,"상승  5,000",183500.0,190000.0,181000.0,40044.0,롯데칠성음료,005300
2022-04-20,187500.0,하락  500,185500.0,194500.0,185500.0,49523.0,롯데칠성음료,005300
2022-04-21,189000.0,"상승  1,500",188500.0,194000.0,188000.0,28132.0,롯데칠성음료,005300
2022-04-22,194000.0,"상승  5,000",189000.0,195500.0,187000.0,38795.0,롯데칠성음료,005300
2022-04-25,187000.0,"하락  7,000",191000.0,195000.0,187000.0,23913.0,롯데칠성음료,005300
2022-04-26,188500.0,"상승  1,500",188000.0,191500.0,186500.0,27790.0,롯데칠성음료,005300
2022-04-27,184500.0,"하락  4,000",184000.0,188500.0,179500.0,34904.0,롯데칠성음료,005300
2022-04-28,187500.0,"상승  3,000",184500.0,187500.0,183000.0,18019.0,롯데칠성음료,005300
2022-04-29,182000.0,"하락  5,500",185000.0,188000.0,182000.0,27856.0,롯데칠성음료,005300
2022-05-02,200000.0,"상승  18,000",180000.0,200000.0,177500.0,150550.0,롯데칠성음료,005300
2022-05-03,199500.0,하락  500,200000.0,209000.0,197500.0,119000.0,롯데칠성음료,005300
2022-05-04,194500.0,"하락  5,000",200000.0,200000.0,189000.0,83297.0,롯데칠성음료,005300
2022-05-06,193500.0,"하락  1,000",191500.0,196000.0,191500.0,36776.0,롯데칠성음료,005300
2022-05-09,192000.0,"하락  1,500",192000.0,195000.0,187000.0,45954.0,롯데칠성음료,005300
2022-05-10,185000.0,"하락  7,000",192000.0,192000.0,183500.0,46552.0,롯데칠성음료,005300
2022-05-11,184000.0,"하락  1,000",185000.0,186000.0,181500.0,24070.0,롯데칠성음료,005300
2022-05-12,187500.0,"상승  3,500",181000.0,192000.0,179000.0,47066.0,롯데칠성음료,005300
2022-05-13,186500.0,"하락  1,000",190000.0,192000.0,185000.0,30722.0,롯데칠성음료,005300
2022-05-16,186500.0,보합0,187500.0,189000.0,184000.0,12720.0,롯데칠성음료,005300
2022-05-17,189500.0,"상승  3,000",186500.0,191500.0,184500.0,29255.0,롯데칠성음료,005300
2022-05-18,182500.0,"하락  7,000",188000.0,190500.0,182000.0,44000.0,롯데칠성음료,005300
2022-05-19,182500.0,보합0,179500.0,184500.0,177000.0,33621.0,롯데칠성음료,005300
2022-05-20,182500.0,보합0,182500.0,185000.0,181000.0,24977.0,롯데칠성음료,005300
2022-05-23,183500.0,"상승  1,000",184500.0,187000.0,181500.0,21680.0,롯데칠성음료,005300
2022-05-24,182000.0,"하락  1,500",184500.0,185500.0,181500.0,10072.0,롯데칠성음료,005300
2022-05-25,192000.0,"상승  10,000",181500.0,195500.0,181000.0,61424.0,롯데칠성음료,005300
2022-05-26,187500.0,"하락  4,500",192500.0,192500.0,184000.0,48782.0,롯데칠성음료,005300
2022-05-27,192500.0,"상승  5,000",188000.0,195500.0,185000.0,36986.0,롯데칠성음료,005300
2022-05-30,195500.0,"상승  3,000",194000.0,200000.0,192500.0,38578.0,롯데칠성음료,005300
2022-05-31,195500.0,보합0,195500.0,198500.0,193000.0,20971.0,롯데칠성음료,005300
2022-06-02,195000.0,하락  500,193000.0,195500.0,191000.0,21539.0,롯데칠성음료,005300
2022-06-03,190500.0,"하락  4,500",197500.0,198000.0,189500.0,32628.0,롯데칠성음료,005300
2022-06-07,196500.0,"상승  6,000",190000.0,199500.0,185000.0,54485.0,롯데칠성음료,005300
2022-06-08,195000.0,"하락  1,500",196500.0,199000.0,194000.0,26805.0,롯데칠성음료,005300
2022-06-09,187000.0,"하락  8,000",188000.0,189000.0,184500.0,325197.0,롯데칠성음료,005300
2022-06-10,186000.0,"하락  1,000",186000.0,190000.0,185000.0,34049.0,롯데칠성음료,005300
2022-06-13,179500.0,"하락  6,500",183000.0,186000.0,177500.0,66794.0,롯데칠성음료,005300
2022-06-14,175500.0,"하락  4,000",180000.0,180000.0,173000.0,45755.0,롯데칠성음료,005300
2022-06-15,176000.0,상승  500,176000.0,179500.0,173000.0,40265.0,롯데칠성음료,005300
2022-06-16,177000.0,"상승  1,000",176500.0,180000.0,176500.0,20567.0,롯데칠성음료,005300
2022-06-17,183000.0,"상승  6,000",177000.0,184500.0,174500.0,45443.0,롯데칠성음료,005300
2022-06-20,178500.0,"하락  4,500",183500.0,185000.0,178000.0,22314.0,롯데칠성음료,005300
2022-06-21,183500.0,"상승  5,000",182000.0,185000.0,177000.0,32654.0,롯데칠성음료,005300
2022-06-22,179500.0,"하락  4,000",183500.0,184500.0,177000.0,30972.0,롯데칠성음료,005300
2022-06-23,174000.0,"하락  5,500",178000.0,182500.0,173500.0,25552.0,롯데칠성음료,005300
2022-06-24,177000.0,"상승  3,000",176500.0,180000.0,175000.0,26200.0,롯데칠성음료,005300
2022-06-27,180000.0,"상승  3,000",178500.0,181000.0,176500.0,29037.0,롯데칠성음료,005300
2022-06-28,180500.0,상승  500,181500.0,182500.0,178500.0,12929.0,롯데칠성음료,005300
2022-06-29,180000.0,하락  500,180500.0,182000.0,178500.0,17936.0,롯데칠성음료,005300
2022-06-30,175000.0,"하락  5,000",180500.0,180500.0,175000.0,29154.0,롯데칠성음료,005300
2022-07-01,172500.0,"하락  2,500",177500.0,179000.0,169500.0,45098.0,롯데칠성음료,005300
2022-07-04,170000.0,"하락  2,500",173500.0,175000.0,164500.0,40412.0,롯데칠성음료,005300
2022-07-05,167000.0,"하락  3,000",171000.0,171500.0,161500.0,87045.0,롯데칠성음료,005300
2022-07-06,172000.0,"상승  5,000",166000.0,173500.0,163000.0,47907.0,롯데칠성음료,005300
2022-07-07,173000.0,"상승  1,000",173500.0,175500.0,170000.0,34511.0,롯데칠성음료,005300
2022-07-08,174000.0,"상승  1,000",173500.0,176000.0,171500.0,26164.0,롯데칠성음료,005300
2022-07-11,175000.0,"상승  1,000",174000.0,175500.0,172000.0,21273.0,롯데칠성음료,005300
2022-07-12,170000.0,"하락  5,000",175500.0,175500.0,166500.0,40961.0,롯데칠성음료,005300
2022-07-13,177000.0,"상승  7,000",171000.0,177000.0,169000.0,25202.0,롯데칠성음료,005300
2022-07-14,172000.0,"하락  5,000",174000.0,176000.0,171000.0,21958.0,롯데칠성음료,005300
2022-07-15,171000.0,"하락  1,000",173500.0,173500.0,165000.0,24548.0,롯데칠성음료,005300
2022-07-18,168500.0,"하락  2,500",170500.0,172000.0,167500.0,29958.0,롯데칠성음료,005300
2022-07-19,173500.0,"상승  5,000",168500.0,173500.0,168000.0,29041.0,롯데칠성음료,005300
2022-07-20,174000.0,상승  500,174000.0,176500.0,172500.0,13612.0,롯데칠성음료,005300
2022-07-21,168500.0,"하락  5,500",173500.0,174000.0,167500.0,47958.0,롯데칠성음료,005300
2022-07-22,168000.0,하락  500,168000.0,169000.0,166000.0,29409.0,롯데칠성음료,005300
2022-07-25,167500.0,하락  500,168500.0,170000.0,166500.0,26984.0,롯데칠성음료,005300
2022-07-26,174000.0,"상승  6,500",168000.0,174500.0,167500.0,42729.0,롯데칠성음료,005300
2022-07-27,172500.0,"하락  1,500",174500.0,177500.0,171500.0,17714.0,롯데칠성음료,005300
2022-07-28,173000.0,상승  500,174000.0,175500.0,171500.0,15095.0,롯데칠성음료,005300
2022-07-29,177500.0,"상승  4,500",175500.0,180000.0,173000.0,26679.0,롯데칠성음료,005300
2022-08-01,168000.0,"하락  9,500",178000.0,184500.0,166000.0,170694.0,롯데칠성음료,005300
2022-08-02,170000.0,"상승  2,000",168500.0,171000.0,167000.0,75716.0,롯데칠성음료,005300
2022-08-03,167500.0,"하락  2,500",170500.0,171000.0,166000.0,64038.0,롯데칠성음료,005300
2022-08-04,165000.0,"하락  2,500",167500.0,168500.0,164000.0,49150.0,롯데칠성음료,005300
2022-08-05,167500.0,"상승  2,500",165500.0,169000.0,165000.0,34668.0,롯데칠성음료,005300
2022-08-08,167500.0,보합0,167500.0,168500.0,165500.0,30404.0,롯데칠성음료,005300
2022-08-09,167500.0,보합0,168000.0,168500.0,166500.0,27640.0,롯데칠성음료,005300
2022-08-10,165500.0,"하락  2,000",169000.0,169500.0,165000.0,24935.0,롯데칠성음료,005300
2022-08-11,166500.0,"상승  1,000",165500.0,167000.0,165000.0,29737.0,롯데칠성음료,005300
2022-08-12,166000.0,하락  500,167000.0,167000.0,165000.0,21932.0,롯데칠성음료,005300
2022-08-16,162500.0,"하락  3,500",166500.0,167000.0,161500.0,51184.0,롯데칠성음료,005300
2022-08-17,160000.0,"하락  2,500",163000.0,163000.0,156500.0,77386.0,롯데칠성음료,005300
2022-08-18,162000.0,"상승  2,000",158000.0,163000.0,158000.0,23787.0,롯데칠성음료,005300
2022-08-19,159000.0,"하락  3,000",161000.0,161500.0,158500.0,24373.0,롯데칠성음료,005300
2022-08-22,159000.0,보합0,158000.0,159000.0,156000.0,20052.0,롯데칠성음료,005300
2022-08-23,154000.0,"하락  5,000",158500.0,159000.0,154000.0,31014.0,롯데칠성음료,005300
2022-08-24,155500.0,"상승  1,500",155000.0,156500.0,153000.0,22701.0,롯데칠성음료,005300
2022-08-25,156500.0,"상승  1,000",155500.0,156500.0,154500.0,14042.0,롯데칠성음료,005300
2022-08-26,156000.0,하락  500,156500.0,156500.0,153500.0,37830.0,롯데칠성음료,005300
2022-08-29,152000.0,"하락  4,000",152000.0,155000.0,151000.0,22218.0,롯데칠성음료,005300
2022-08-30,151500.0,하락  500,153500.0,153500.0,151000.0,21277.0,롯데칠성음료,005300
2022-08-31,154500.0,"상승  3,000",150000.0,154500.0,150000.0,24999.0,롯데칠성음료,005300
2022-09-01,154000.0,하락  500,152500.0,155500.0,151500.0,25958.0,롯데칠성음료,005300
2022-09-02,156500.0,"상승  2,500",154500.0,157500.0,153000.0,29996.0,롯데칠성음료,005300
2022-09-05,157000.0,상승  500,157000.0,158000.0,156000.0,17467.0,롯데칠성음료,005300
2022-09-06,158500.0,"상승  1,500",157000.0,159000.0,157000.0,12888.0,롯데칠성음료,005300
2022-09-07,157000.0,"하락  1,500",157000.0,157500.0,155000.0,17691.0,롯데칠성음료,005300
2022-09-08,160500.0,"상승  3,500",158500.0,162000.0,158000.0,41018.0,롯데칠성음료,005300
2022-09-13,164000.0,"상승  3,500",162500.0,164500.0,160500.0,36087.0,롯데칠성음료,005300
2022-09-14,161500.0,"하락  2,500",160000.0,164000.0,159000.0,29331.0,롯데칠성음료,005300
2022-09-15,160000.0,"하락  1,500",162000.0,162500.0,158000.0,19146.0,롯데칠성음료,005300
2022-09-16,160000.0,보합0,158500.0,160500.0,158000.0,20258.0,롯데칠성음료,005300
2022-09-19,162000.0,"상승  2,000",160500.0,164000.0,160000.0,31860.0,롯데칠성음료,005300
2022-09-20,165500.0,"상승  3,500",163500.0,166500.0,162500.0,31042.0,롯데칠성음료,005300
2022-09-21,165500.0,보합0,165500.0,167000.0,164000.0,20346.0,롯데칠성음료,005300
2022-09-22,169000.0,"상승  3,500",163500.0,169500.0,161500.0,36938.0,롯데칠성음료,005300
2022-09-23,170000.0,"상승  1,000",168500.0,172000.0,165500.0,52791.0,롯데칠성음료,005300
2022-09-26,163000.0,"하락  7,000",170000.0,172500.0,162000.0,45760.0,롯데칠성음료,005300
2022-09-27,165500.0,"상승  2,500",164000.0,166500.0,162500.0,36507.0,롯데칠성음료,005300
2022-09-28,165500.0,보합0,165000.0,168000.0,162500.0,25845.0,롯데칠성음료,005300
2022-09-29,165500.0,보합0,166500.0,167000.0,163000.0,19805.0,롯데칠성음료,005300
2022-09-30,159500.0,"하락  6,000",165500.0,167000.0,159000.0,29508.0,롯데칠성음료,005300
2022-10-04,156000.0,"하락  3,500",159000.0,160500.0,154500.0,30574.0,롯데칠성음료,005300
2022-10-05,153500.0,"하락  2,500",156000.0,156500.0,152000.0,24375.0,롯데칠성음료,005300
2022-10-06,152000.0,"하락  1,500",154000.0,155000.0,151500.0,20262.0,롯데칠성음료,005300
2022-10-07,153000.0,"상승  1,000",151000.0,153500.0,151000.0,38198.0,롯데칠성음료,005300
2022-10-11,146500.0,"하락  6,500",151000.0,152000.0,145000.0,26556.0,롯데칠성음료,005300
2022-10-12,144000.0,"하락  2,500",144500.0,146500.0,142500.0,20930.0,롯데칠성음료,005300
2022-10-13,140000.0,"하락  4,000",143500.0,144500.0,139500.0,18965.0,롯데칠성음료,005300
2022-10-14,138000.0,"하락  2,000",140500.0,141500.0,136000.0,69406.0,롯데칠성음료,005300
2022-10-17,139000.0,"상승  1,000",136500.0,139500.0,133000.0,25647.0,롯데칠성음료,005300
2022-10-18,140000.0,"상승  1,000",140500.0,140500.0,137500.0,18610.0,롯데칠성음료,005300
2022-10-19,137500.0,"하락  2,500",140500.0,140500.0,136500.0,25306.0,롯데칠성음료,005300
2022-10-20,133500.0,"하락  4,000",136500.0,137000.0,133000.0,21837.0,롯데칠성음료,005300
2022-10-21,131000.0,"하락  2,500",133000.0,133500.0,128500.0,40466.0,롯데칠성음료,005300
2022-10-24,136000.0,"상승  5,000",133000.0,137000.0,132500.0,24217.0,롯데칠성음료,005300
2022-10-25,135500.0,하락  500,136500.0,137500.0,134500.0,15695.0,롯데칠성음료,005300
2022-10-26,132500.0,"하락  3,000",135000.0,135500.0,131500.0,21801.0,롯데칠성음료,005300
2022-10-27,135000.0,"상승  2,500",133500.0,136500.0,133000.0,18165.0,롯데칠성음료,005300
2022-10-28,137000.0,"상승  2,000",135000.0,138000.0,133500.0,14075.0,롯데칠성음료,005300
2022-10-31,140500.0,"상승  3,500",137000.0,141000.0,136000.0,19081.0,롯데칠성음료,005300
2022-11-01,136000.0,"하락  4,500",140500.0,140500.0,136000.0,15553.0,롯데칠성음료,005300
2022-11-02,136000.0,보합0,135500.0,137500.0,134000.0,28911.0,롯데칠성음료,005300
2022-11-03,132500.0,"하락  3,500",135000.0,135500.0,131500.0,29188.0,롯데칠성음료,005300
2022-11-04,142000.0,"상승  9,500",132500.0,142000.0,131500.0,59433.0,롯데칠성음료,005300
2022-11-07,141000.0,"하락  1,000",141500.0,144000.0,139000.0,25937.0,롯데칠성음료,005300
2022-11-08,142000.0,"상승  1,000",141000.0,143000.0,139000.0,32162.0,롯데칠성음료,005300
2022-11-09,140000.0,"하락  2,000",143000.0,143000.0,139000.0,28581.0,롯데칠성음료,005300
2022-11-10,143500.0,"상승  3,500",140000.0,145500.0,138500.0,34454.0,롯데칠성음료,005300
2022-11-11,147000.0,"상승  3,500",146000.0,149000.0,144000.0,44968.0,롯데칠성음료,005300
2022-11-14,144500.0,"하락  2,500",147000.0,148000.0,144500.0,18311.0,롯데칠성음료,005300
2022-11-15,141500.0,"하락  3,000",145000.0,146500.0,141000.0,44979.0,롯데칠성음료,005300
2022-11-16,143500.0,"상승  2,000",143000.0,146500.0,139500.0,326783.0,롯데칠성음료,005300
2022-11-17,138000.0,"하락  5,500",143500.0,144000.0,137500.0,45055.0,롯데칠성음료,005300
2022-11-18,138500.0,상승  500,139000.0,140500.0,136500.0,32077.0,롯데칠성음료,005300
2022-11-21,140000.0,"상승  1,500",138500.0,142000.0,138000.0,53735.0,롯데칠성음료,005300
2022-11-22,137500.0,"하락  2,500",139500.0,140500.0,137500.0,42995.0,롯데칠성음료,005300
2022-11-23,138000.0,상승  500,138500.0,139000.0,136500.0,25954.0,롯데칠성음료,005300
2022-11-24,145000.0,"상승  7,000",139500.0,147500.0,138500.0,153342.0,롯데칠성음료,005300
2022-11-25,151000.0,"상승  6,000",145000.0,152500.0,144000.0,84097.0,롯데칠성음료,005300
2022-11-28,156000.0,"상승  5,000",154000.0,159500.0,152000.0,107361.0,롯데칠성음료,005300
2022-11-29,155000.0,"하락  1,000",156500.0,157000.0,152000.0,53579.0,롯데칠성음료,005300
2022-11-30,157000.0,"상승  2,000",155000.0,162500.0,154000.0,65389.0,롯데칠성음료,005300
2022-12-01,157500.0,상승  500,157500.0,159000.0,155500.0,29545.0,롯데칠성음료,005300
2022-12-02,154000.0,"하락  3,500",158000.0,158000.0,153500.0,29096.0,롯데칠성음료,005300
2022-12-05,156000.0,"상승  2,000",155000.0,156500.0,153000.0,18308.0,롯데칠성음료,005300
2022-12-06,154500.0,"하락  1,500",155500.0,160000.0,153000.0,38948.0,롯데칠성음료,005300
2022-12-07,159500.0,"상승  5,000",155000.0,162000.0,153500.0,31055.0,롯데칠성음료,005300
2022-12-08,162500.0,"상승  3,000",161000.0,164500.0,159000.0,50569.0,롯데칠성음료,005300
2022-12-09,167000.0,"상승  4,500",162500.0,168000.0,161500.0,39095.0,롯데칠성음료,005300
2022-12-12,163500.0,"하락  3,500",166000.0,166500.0,161500.0,39930.0,롯데칠성음료,005300
2022-12-13,164000.0,상승  500,163500.0,165500.0,159000.0,23393.0,롯데칠성음료,005300
2022-12-14,164500.0,상승  500,167000.0,167000.0,162500.0,14692.0,롯데칠성음료,005300
2022-12-15,167000.0,"상승  2,500",165500.0,168500.0,163500.0,28412.0,롯데칠성음료,005300
2022-12-16,167000.0,보합0,164000.0,168500.0,163500.0,29505.0,롯데칠성음료,005300
2022-12-19,166500.0,하락  500,166500.0,168500.0,165500.0,17540.0,롯데칠성음료,005300
2022-12-20,171000.0,"상승  4,500",166500.0,174500.0,165000.0,56551.0,롯데칠성음료,005300
2022-12-21,179500.0,"상승  8,500",170500.0,184000.0,170000.0,69418.0,롯데칠성음료,005300
2022-12-22,180000.0,상승  500,180000.0,181000.0,177500.0,28336.0,롯데칠성음료,005300
2022-12-23,178000.0,"하락  2,000",177000.0,180000.0,175000.0,26951.0,롯데칠성음료,005300
2022-12-26,180500.0,"상승  2,500",176000.0,182500.0,176000.0,28290.0,롯데칠성음료,005300
2022-12-27,184500.0,"상승  4,000",181000.0,186000.0,180000.0,40583.0,롯데칠성음료,005300
2022-12-28,178500.0,"하락  6,000",181500.0,183500.0,176000.0,46357.0,롯데칠성음료,005300
2022-12-29,176000.0,"하락  2,500",177500.0,179000.0,173500.0,25205.0,롯데칠성음료,005300
2023-01-02,169500.0,"하락  6,500",175000.0,176500.0,167000.0,58322.0,롯데칠성음료,005300
2023-01-03,168500.0,"하락  1,000",170500.0,171500.0,164500.0,45624.0,롯데칠성음료,005300
2023-01-04,163000.0,"하락  5,500",168500.0,169000.0,159500.0,83920.0,롯데칠성음료,005300
2023-01-05,167500.0,"상승  4,500",163000.0,171500.0,163000.0,30619.0,롯데칠성음료,005300
2023-01-06,166000.0,"하락  1,500",167500.0,170000.0,165000.0,22414.0,롯데칠성음료,005300
2023-01-09,166500.0,상승  500,168500.0,168500.0,163000.0,36199.0,롯데칠성음료,005300
2023-01-10,161500.0,"하락  5,000",166500.0,167500.0,160500.0,52805.0,롯데칠성음료,005300
2023-01-11,160500.0,"하락  1,000",161500.0,162500.0,157000.0,52994.0,롯데칠성음료,005300
2023-01-12,159500.0,"하락  1,000",160500.0,161000.0,158000.0,43386.0,롯데칠성음료,005300
2023-01-13,159500.0,보합0,160000.0,162500.0,158500.0,40309.0,롯데칠성음료,005300
2023-01-16,162500.0,"상승  3,000",160500.0,163000.0,160000.0,26076.0,롯데칠성음료,005300
2023-01-17,160000.0,"하락  2,500",163500.0,163500.0,159000.0,19294.0,롯데칠성음료,005300
2023-01-18,164000.0,"상승  4,000",160000.0,165000.0,158500.0,31563.0,롯데칠성음료,005300
2023-01-19,166500.0,"상승  2,500",163000.0,168000.0,161000.0,53238.0,롯데칠성음료,005300
2023-01-20,164500.0,"하락  2,000",165500.0,166500.0,162500.0,31616.0,롯데칠성음료,005300
2023-01-25,161600.0,"하락  2,900",164500.0,164900.0,161200.0,36418.0,롯데칠성음료,005300
2023-01-26,160500.0,"하락  1,100",161700.0,161800.0,158700.0,54311.0,롯데칠성음료,005300
2023-01-27,160700.0,상승  200,160500.0,162300.0,159800.0,24738.0,롯데칠성음료,005300
2023-01-30,159200.0,"하락  1,500",160800.0,161700.0,159100.0,13512.0,롯데칠성음료,005300
2023-01-31,159900.0,상승  700,160400.0,161400.0,158700.0,17366.0,롯데칠성음료,005300
2023-02-01,155700.0,"하락  4,200",159000.0,159800.0,155000.0,51500.0,롯데칠성음료,005300
2023-02-02,152500.0,"하락  3,200",155900.0,157500.0,152400.0,65801.0,롯데칠성음료,005300
2023-02-03,155500.0,"상승  3,000",153000.0,156300.0,151900.0,33061.0,롯데칠성음료,005300
2023-02-06,165400.0,"상승  9,900",155700.0,165900.0,155700.0,76324.0,롯데칠성음료,005300
2023-02-07,169700.0,"상승  4,300",167800.0,172400.0,166200.0,127071.0,롯데칠성음료,005300
2023-02-08,167800.0,"하락  1,900",169700.0,170000.0,165100.0,45868.0,롯데칠성음료,005300
2023-02-09,167700.0,하락  100,167500.0,168900.0,165100.0,46639.0,롯데칠성음료,005300
2023-02-10,170500.0,"상승  2,800",166600.0,171500.0,165500.0,38131.0,롯데칠성음료,005300
2023-02-13,173200.0,"상승  2,700",170500.0,175800.0,169000.0,45177.0,롯데칠성음료,005300
2023-02-14,172900.0,하락  300,174800.0,174900.0,171300.0,37169.0,롯데칠성음료,005300
2023-02-15,170100.0,"하락  2,800",172000.0,173400.0,169500.0,26387.0,롯데칠성음료,005300
2023-02-16,173500.0,"상승  3,400",171700.0,174000.0,170100.0,25311.0,롯데칠성음료,005300
2023-02-17,171700.0,"하락  1,800",171300.0,174400.0,171000.0,17434.0,롯데칠성음료,005300
2023-02-20,171800.0,상승  100,171700.0,174900.0,170400.0,8752.0,롯데칠성음료,005300
2023-02-21,170000.0,"하락  1,800",170500.0,173000.0,169700.0,14798.0,롯데칠성음료,005300
2023-02-22,168800.0,"하락  1,200",170700.0,170900.0,167600.0,17453.0,롯데칠성음료,005300
2023-02-23,171100.0,"상승  2,300",168800.0,171900.0,168500.0,19571.0,롯데칠성음료,005300
2023-02-24,170100.0,"하락  1,000",170100.0,171200.0,168500.0,20659.0,롯데칠성음료,005300
2023-02-27,168600.0,"하락  1,500",168700.0,169600.0,167500.0,11810.0,롯데칠성음료,005300
2023-02-28,167400.0,"하락  1,200",168700.0,169600.0,166700.0,23485.0,롯데칠성음료,005300
2023-03-02,166400.0,"하락  1,000",167000.0,169500.0,165500.0,34240.0,롯데칠성음료,005300
2023-03-03,167800.0,"상승  1,400",166400.0,168600.0,164300.0,22703.0,롯데칠성음료,005300
2023-03-06,163000.0,"하락  4,800",169500.0,169600.0,163000.0,41032.0,롯데칠성음료,005300
2023-03-07,165700.0,"상승  2,700",163100.0,166400.0,163000.0,27754.0,롯데칠성음료,005300
2023-03-08,164400.0,"하락  1,300",164000.0,165200.0,163000.0,23610.0,롯데칠성음료,005300
2023-03-09,165100.0,상승  700,165700.0,167800.0,163800.0,26468.0,롯데칠성음료,005300
2023-03-10,162700.0,"하락  2,400",164700.0,164700.0,161100.0,24295.0,롯데칠성음료,005300
2023-03-13,162800.0,상승  100,163900.0,164000.0,158600.0,27617.0,롯데칠성음료,005300
2023-03-14,156100.0,"하락  6,700",160300.0,161500.0,155600.0,30836.0,롯데칠성음료,005300
2023-03-15,159600.0,"상승  3,500",157100.0,159800.0,157100.0,15023.0,롯데칠성음료,005300
2023-03-16,158000.0,"하락  1,600",157300.0,159800.0,156200.0,17747.0,롯데칠성음료,005300
2023-03-17,158900.0,상승  900,158600.0,160300.0,156600.0,15167.0,롯데칠성음료,005300
2023-03-20,157300.0,"하락  1,600",160000.0,160000.0,156900.0,14347.0,롯데칠성음료,005300
2023-03-21,155700.0,"하락  1,600",157300.0,158100.0,155500.0,11566.0,롯데칠성음료,005300
2023-03-22,156200.0,상승  500,156100.0,156800.0,154800.0,19464.0,롯데칠성음료,005300
2023-03-23,154700.0,"하락  1,500",156100.0,156100.0,153000.0,20042.0,롯데칠성음료,005300
2023-03-24,154600.0,하락  100,153100.0,156200.0,152300.0,27024.0,롯데칠성음료,005300
2023-03-27,155000.0,상승  400,155100.0,155700.0,152700.0,15780.0,롯데칠성음료,005300
2023-03-28,161400.0,"상승  6,400",156300.0,161500.0,154400.0,33309.0,롯데칠성음료,005300
2023-03-29,162700.0,"상승  1,300",161900.0,164700.0,161600.0,24426.0,롯데칠성음료,005300
2023-03-30,163700.0,"상승  1,000",162300.0,164700.0,160100.0,18118.0,롯데칠성음료,005300
2023-03-31,164900.0,"상승  1,200",164700.0,167300.0,163700.0,28321.0,롯데칠성음료,005300
2023-04-03,167600.0,"상승  2,700",164300.0,168900.0,163900.0,21963.0,롯데칠성음료,005300
2023-04-04,166600.0,"하락  1,000",167200.0,168200.0,165000.0,19149.0,롯데칠성음료,005300
2023-04-05,165800.0,하락  800,167500.0,167700.0,164900.0,13247.0,롯데칠성음료,005300
2023-04-06,165100.0,하락  700,166000.0,166500.0,164500.0,18339.0,롯데칠성음료,005300
2023-04-07,161200.0,"하락  3,900",164700.0,164900.0,160100.0,30699.0,롯데칠성음료,005300
2023-04-10,159700.0,"하락  1,500",160200.0,161500.0,159000.0,15041.0,롯데칠성음료,005300
2023-04-11,160300.0,상승  600,159500.0,161300.0,158900.0,13229.0,롯데칠성음료,005300
2023-04-12,160500.0,상승  200,159500.0,162000.0,159500.0,9273.0,롯데칠성음료,005300
2023-04-13,160500.0,보합0,159500.0,160500.0,159000.0,8722.0,롯데칠성음료,005300
2023-04-14,159900.0,하락  600,160600.0,161500.0,159800.0,15177.0,롯데칠성음료,005300
2023-04-17,159600.0,하락  300,159900.0,161200.0,158800.0,22886.0,롯데칠성음료,005300
2023-04-18,159400.0,하락  200,159200.0,160500.0,157000.0,30303.0,롯데칠성음료,005300
2023-04-19,161200.0,"상승  1,800",159500.0,162800.0,159400.0,19991.0,롯데칠성음료,005300
2023-04-20,165000.0,"상승  3,800",161400.0,165400.0,160200.0,35349.0,롯데칠성음료,005300
2023-04-21,159000.0,"하락  6,000",165300.0,166900.0,158100.0,38120.0,롯데칠성음료,005300
2023-04-24,159600.0,상승  600,159800.0,160600.0,158500.0,20513.0,롯데칠성음료,005300
2023-04-25,157300.0,"하락  2,300",159800.0,159800.0,155800.0,38189.0,롯데칠성음료,005300
2023-04-26,156100.0,"하락  1,200",157400.0,157400.0,155900.0,24729.0,롯데칠성음료,005300
2023-04-27,153300.0,"하락  2,800",156100.0,157000.0,153100.0,28180.0,롯데칠성음료,005300
2023-04-28,155600.0,"상승  2,300",153500.0,157200.0,152700.0,29052.0,롯데칠성음료,005300
2023-05-02,152500.0,"하락  3,100",157100.0,157100.0,152200.0,45733.0,롯데칠성음료,005300
2023-05-03,150800.0,"하락  1,700",153500.0,154600.0,150100.0,43943.0,롯데칠성음료,005300
2023-05-04,149200.0,"하락  1,600",150700.0,150900.0,148800.0,34034.0,롯데칠성음료,005300
2023-05-08,151500.0,"상승  2,300",149300.0,153000.0,148100.0,34855.0,롯데칠성음료,005300
2023-05-09,152300.0,상승  800,151500.0,153800.0,150500.0,25131.0,롯데칠성음료,005300
2023-05-10,149000.0,"하락  3,300",151600.0,153300.0,148300.0,28153.0,롯데칠성음료,005300
2023-05-11,148500.0,하락  500,149100.0,150000.0,148100.0,16289.0,롯데칠성음료,005300
2023-05-12,146000.0,"하락  2,500",148200.0,148200.0,144500.0,65360.0,롯데칠성음료,005300
2023-05-15,146900.0,상승  900,146000.0,147100.0,144200.0,21582.0,롯데칠성음료,005300
2023-05-16,145400.0,"하락  1,500",145500.0,148000.0,144800.0,18657.0,롯데칠성음료,005300
2023-05-17,143500.0,"하락  1,900",145100.0,145100.0,142300.0,59205.0,롯데칠성음료,005300
2023-05-18,141700.0,"하락  1,800",143500.0,144400.0,141500.0,36312.0,롯데칠성음료,005300
2023-05-19,142000.0,상승  300,142000.0,142800.0,141200.0,23373.0,롯데칠성음료,005300
2023-05-22,142600.0,상승  600,142900.0,144700.0,142200.0,24105.0,롯데칠성음료,005300
2023-05-23,142400.0,하락  200,143700.0,143700.0,141700.0,28122.0,롯데칠성음료,005300
2023-05-24,142900.0,상승  500,142400.0,143200.0,141500.0,27118.0,롯데칠성음료,005300
2023-05-25,142200.0,하락  700,142600.0,143100.0,141700.0,24246.0,롯데칠성음료,005300
2023-05-26,143000.0,상승  800,142000.0,144500.0,140600.0,30455.0,롯데칠성음료,005300
2023-05-30,142300.0,하락  700,143600.0,143700.0,142000.0,23506.0,롯데칠성음료,005300
2023-05-31,140000.0,"하락  2,300",142100.0,142700.0,140000.0,37393.0,롯데칠성음료,005300
2023-06-01,138500.0,"하락  1,500",140000.0,141100.0,138500.0,31229.0,롯데칠성음료,005300
2023-06-02,142000.0,"상승  3,500",138500.0,142500.0,138400.0,41118.0,롯데칠성음료,005300
2023-06-05,143100.0,"상승  1,100",142300.0,144000.0,142100.0,29455.0,롯데칠성음료,005300
2023-06-07,143000.0,하락  100,143900.0,144000.0,142600.0,25725.0,롯데칠성음료,005300
2023-06-08,140900.0,"하락  2,100",143100.0,143700.0,140400.0,32798.0,롯데칠성음료,005300
2023-06-09,139500.0,"하락  1,400",141600.0,141700.0,139300.0,32060.0,롯데칠성음료,005300
2023-06-12,139700.0,상승  200,139700.0,140500.0,139100.0,21161.0,롯데칠성음료,005300
2023-06-13,140100.0,상승  400,139900.0,140700.0,139200.0,15371.0,롯데칠성음료,005300
2023-06-14,137700.0,"하락  2,400",139600.0,140000.0,136000.0,54025.0,롯데칠성음료,005300
2023-06-15,137700.0,보합0,137700.0,138600.0,136900.0,28309.0,롯데칠성음료,005300
2023-06-16,137000.0,하락  700,137800.0,138500.0,137000.0,32833.0,롯데칠성음료,005300
2023-06-19,135800.0,"하락  1,200",137500.0,139300.0,134900.0,28555.0,롯데칠성음료,005300
2023-06-20,134700.0,"하락  1,100",135800.0,137400.0,133900.0,17963.0,롯데칠성음료,005300
2023-06-21,132000.0,"하락  2,700",134700.0,134700.0,131600.0,41543.0,롯데칠성음료,005300
2023-06-22,131900.0,하락  100,133500.0,133600.0,131500.0,28154.0,롯데칠성음료,005300
2023-06-23,129800.0,"하락  2,100",132300.0,132300.0,129100.0,39683.0,롯데칠성음료,005300
2023-06-26,131800.0,"상승  2,000",129800.0,132500.0,127600.0,20404.0,롯데칠성음료,005300
2023-06-27,130300.0,"하락  1,500",131800.0,132400.0,130000.0,20052.0,롯데칠성음료,005300
2023-06-28,128300.0,"하락  2,000",130300.0,131300.0,128000.0,17397.0,롯데칠성음료,005300
2023-06-29,126700.0,"하락  1,600",128300.0,128300.0,126600.0,23729.0,롯데칠성음료,005300
2023-06-30,126800.0,상승  100,126300.0,127500.0,122600.0,69857.0,롯데칠성음료,005300
2023-07-03,126600.0,하락  200,126800.0,129000.0,125500.0,23446.0,롯데칠성음료,005300
2023-07-04,125000.0,"하락  1,600",126400.0,127900.0,123600.0,25624.0,롯데칠성음료,005300
2023-07-05,123200.0,"하락  1,800",125400.0,125400.0,122700.0,29835.0,롯데칠성음료,005300
2023-07-06,122700.0,하락  500,123100.0,123200.0,121600.0,29446.0,롯데칠성음료,005300
2023-07-07,121700.0,"하락  1,000",123100.0,123100.0,120500.0,32997.0,롯데칠성음료,005300
2023-07-10,121400.0,하락  300,121400.0,122200.0,119600.0,30294.0,롯데칠성음료,005300
2023-07-11,126000.0,"상승  4,600",121000.0,127200.0,120900.0,41558.0,롯데칠성음료,005300
2023-07-12,123000.0,"하락  3,000",126300.0,126800.0,121300.0,87499.0,롯데칠성음료,005300
2023-07-13,124400.0,"상승  1,400",124000.0,125700.0,123000.0,29820.0,롯데칠성음료,005300
2023-07-14,127800.0,"상승  3,400",124400.0,128200.0,124400.0,44112.0,롯데칠성음료,005300
2023-07-17,125100.0,"하락  2,700",128000.0,128300.0,124900.0,22778.0,롯데칠성음료,005300
2023-07-18,126400.0,"상승  1,300",125200.0,127800.0,125200.0,20826.0,롯데칠성음료,005300
2023-07-19,124400.0,"하락  2,000",126600.0,127000.0,122000.0,22316.0,롯데칠성음료,005300
2023-07-20,124700.0,상승  300,124200.0,125700.0,123000.0,18719.0,롯데칠성음료,005300
2023-07-21,123900.0,하락  800,125500.0,125500.0,123500.0,10570.0,롯데칠성음료,005300
2023-07-24,123700.0,하락  200,123900.0,124400.0,122100.0,21133.0,롯데칠성음료,005300
2023-07-25,121400.0,"하락  2,300",123700.0,123700.0,119600.0,42383.0,롯데칠성음료,005300
2023-07-26,118800.0,"하락  2,600",120000.0,121700.0,117300.0,44110.0,롯데칠성음료,005300
2023-07-27,122500.0,"상승  3,700",118900.0,122800.0,118900.0,27208.0,롯데칠성음료,005300
2023-07-28,121000.0,"하락  1,500",122000.0,122500.0,120500.0,24704.0,롯데칠성음료,005300
2023-07-31,122400.0,"상승  1,400",121000.0,122500.0,120200.0,17987.0,롯데칠성음료,005300
2023-08-01,123800.0,"상승  1,400",122400.0,124100.0,120600.0,31843.0,롯데칠성음료,005300
2023-08-02,122800.0,"하락  1,000",124500.0,124700.0,122100.0,32804.0,롯데칠성음료,005300
2023-08-03,132000.0,"상승  9,200",122900.0,134000.0,122900.0,151901.0,롯데칠성음료,005300
2023-08-04,132000.0,보합0,133200.0,133500.0,129000.0,46402.0,롯데칠성음료,005300
2023-08-07,132700.0,상승  700,131000.0,134000.0,129100.0,48657.0,롯데칠성음료,005300
2023-08-08,133500.0,상승  800,132200.0,135000.0,132200.0,39024.0,롯데칠성음료,005300
2023-08-09,132000.0,"하락  1,500",133300.0,133500.0,131300.0,28943.0,롯데칠성음료,005300
2023-08-10,136000.0,"상승  4,000",132100.0,136500.0,132100.0,35467.0,롯데칠성음료,005300
2023-08-11,136000.0,보합0,134600.0,136400.0,134200.0,13794.0,롯데칠성음료,005300
2023-08-14,136800.0,상승  800,136000.0,137900.0,134700.0,29364.0,롯데칠성음료,005300
2023-08-16,135000.0,"하락  1,800",136800.0,136800.0,132000.0,36251.0,롯데칠성음료,005300
2023-08-17,133500.0,"하락  1,500",134600.0,134700.0,131100.0,30050.0,롯데칠성음료,005300
2023-08-18,134300.0,상승  800,132200.0,134300.0,131800.0,25591.0,롯데칠성음료,005300
2023-08-21,135000.0,상승  700,135300.0,136800.0,133500.0,25837.0,롯데칠성음료,005300
2023-08-22,135800.0,상승  800,133100.0,136000.0,132500.0,24615.0,롯데칠성음료,005300
2023-08-23,133700.0,"하락  2,100",134600.0,135500.0,131100.0,45227.0,롯데칠성음료,005300
2023-08-24,134700.0,"상승  1,000",133600.0,135300.0,132500.0,29171.0,롯데칠성음료,005300
2023-08-25,134900.0,상승  200,133400.0,135500.0,133000.0,14827.0,롯데칠성음료,005300
2023-08-28,133400.0,"하락  1,500",133700.0,136300.0,132700.0,27367.0,롯데칠성음료,005300
2023-08-29,132000.0,"하락  1,400",134000.0,134000.0,132000.0,26111.0,롯데칠성음료,005300
2023-08-30,130600.0,"하락  1,400",132100.0,133300.0,129700.0,35638.0,롯데칠성음료,005300
2023-08-31,129900.0,하락  700,131100.0,131300.0,129200.0,19775.0,롯데칠성음료,005300
2023-09-01,128900.0,"하락  1,000",129200.0,130100.0,128000.0,24683.0,롯데칠성음료,005300
2023-09-04,129200.0,상승  300,128900.0,129500.0,127100.0,16091.0,롯데칠성음료,005300
2023-09-05,129100.0,하락  100,127800.0,131300.0,127400.0,39742.0,롯데칠성음료,005300
2023-09-06,128300.0,하락  800,128200.0,129300.0,127200.0,16911.0,롯데칠성음료,005300
2023-09-07,127400.0,하락  900,127700.0,127900.0,124900.0,36174.0,롯데칠성음료,005300
2023-09-08,131100.0,"상승  3,700",126600.0,131200.0,126600.0,24111.0,롯데칠성음료,005300
2023-09-11,129100.0,"하락  2,000",130800.0,130800.0,129100.0,7816.0,롯데칠성음료,005300
2023-09-12,128400.0,하락  700,129100.0,130500.0,127900.0,11982.0,롯데칠성음료,005300
2023-09-13,129800.0,"상승  1,400",127800.0,129800.0,127100.0,30554.0,롯데칠성음료,005300
2023-09-14,129800.0,보합0,129500.0,130900.0,128400.0,15437.0,롯데칠성음료,005300
2023-09-15,129500.0,하락  300,130500.0,130500.0,128800.0,24452.0,롯데칠성음료,005300
2023-09-18,129600.0,상승  100,129500.0,131100.0,129000.0,11993.0,롯데칠성음료,005300
2023-09-19,130500.0,상승  900,130000.0,131100.0,129600.0,9189.0,롯데칠성음료,005300
2023-09-20,130900.0,상승  400,130700.0,131300.0,129500.0,16636.0,롯데칠성음료,005300
2023-09-21,129500.0,"하락  1,400",130200.0,130800.0,129400.0,11343.0,롯데칠성음료,005300
2023-09-22,128600.0,하락  900,128100.0,129300.0,127000.0,17833.0,롯데칠성음료,005300
2023-09-25,128600.0,보합0,129600.0,129600.0,128000.0,7857.0,롯데칠성음료,005300
2023-09-26,127600.0,"하락  1,000",128700.0,129200.0,126800.0,9947.0,롯데칠성음료,005300
2023-09-27,125300.0,"하락  2,300",127000.0,127000.0,125200.0,14762.0,롯데칠성음료,005300
2023-10-04,123600.0,"하락  1,700",125200.0,125900.0,122100.0,27797.0,롯데칠성음료,005300
2023-10-05,131600.0,"상승  8,000",123800.0,132400.0,123600.0,38584.0,롯데칠성음료,005300
2023-10-06,131800.0,상승  200,131700.0,132300.0,130000.0,14046.0,롯데칠성음료,005300
2023-10-10,136000.0,"상승  4,200",132800.0,138000.0,132700.0,43500.0,롯데칠성음료,005300
2023-10-11,134600.0,"하락  1,400",137900.0,137900.0,134100.0,18194.0,롯데칠성음료,005300
2023-10-12,132800.0,"하락  1,800",135900.0,135900.0,132400.0,15184.0,롯데칠성음료,005300
2023-10-13,134100.0,"상승  1,300",131500.0,135700.0,131100.0,14548.0,롯데칠성음료,005300
2023-10-16,134900.0,상승  800,133700.0,135400.0,132800.0,10995.0,롯데칠성음료,005300
2023-10-17,138400.0,"상승  3,500",135800.0,139000.0,134300.0,30926.0,롯데칠성음료,005300
2023-10-18,137500.0,하락  900,138400.0,138400.0,136700.0,23149.0,롯데칠성음료,005300
2023-10-19,136200.0,"하락  1,300",136200.0,137400.0,135300.0,13017.0,롯데칠성음료,005300
2023-10-20,133200.0,"하락  3,000",136100.0,136100.0,132200.0,13268.0,롯데칠성음료,005300
2023-10-23,138100.0,"상승  4,900",133200.0,138500.0,133000.0,30098.0,롯데칠성음료,005300
2023-10-24,136700.0,"하락  1,400",138900.0,139000.0,135700.0,8669.0,롯데칠성음료,005300
2023-10-25,144000.0,"상승  7,300",136700.0,145300.0,136700.0,74278.0,롯데칠성음료,005300
2023-10-26,144000.0,보합0,142500.0,144500.0,140400.0,42359.0,롯데칠성음료,005300
2023-10-27,141600.0,"하락  2,400",144700.0,145000.0,140500.0,23700.0,롯데칠성음료,005300
2023-10-30,142500.0,상승  900,141600.0,143400.0,140800.0,12399.0,롯데칠성음료,005300
2023-10-31,145500.0,"상승  3,000",143800.0,146300.0,143800.0,37822.0,롯데칠성음료,005300
2023-11-01,151500.0,"상승  6,000",146500.0,152000.0,145200.0,69160.0,롯데칠성음료,005300
2023-11-02,149300.0,"하락  2,200",151500.0,152400.0,148500.0,59147.0,롯데칠성음료,005300
2023-11-03,153800.0,"상승  4,500",152000.0,154400.0,148100.0,43228.0,롯데칠성음료,005300
2023-11-06,152500.0,"하락  1,300",154000.0,154900.0,149300.0,37455.0,롯데칠성음료,005300
2023-11-07,155000.0,"상승  2,500",152300.0,155300.0,151300.0,28203.0,롯데칠성음료,005300
2023-11-08,159800.0,"상승  4,800",155600.0,160000.0,154400.0,36546.0,롯데칠성음료,005300
2023-11-09,160400.0,상승  600,159800.0,163100.0,157100.0,36090.0,롯데칠성음료,005300
2023-11-10,157900.0,"하락  2,500",159100.0,160200.0,156500.0,14825.0,롯데칠성음료,005300
2023-11-13,153900.0,"하락  4,000",158700.0,158900.0,152800.0,31682.0,롯데칠성음료,005300
2023-11-14,155200.0,"상승  1,300",155200.0,156400.0,153600.0,16603.0,롯데칠성음료,005300
2023-11-15,157200.0,"상승  2,000",156800.0,157700.0,153200.0,20906.0,롯데칠성음료,005300
2023-11-16,156400.0,하락  800,156500.0,157600.0,155400.0,13883.0,롯데칠성음료,005300
2023-11-17,154700.0,"하락  1,700",156400.0,157500.0,153600.0,10093.0,롯데칠성음료,005300
2023-11-20,151100.0,"하락  3,600",154700.0,154700.0,149800.0,28585.0,롯데칠성음료,005300
2023-11-21,153100.0,"상승  2,000",151100.0,153800.0,149100.0,21060.0,롯데칠성음료,005300
2023-11-22,155200.0,"상승  2,100",153100.0,156000.0,150600.0,15712.0,롯데칠성음료,005300
2023-11-23,152600.0,"하락  2,600",154500.0,154900.0,150500.0,20871.0,롯데칠성음료,005300
2023-11-24,157100.0,"상승  4,500",152000.0,157800.0,151000.0,21660.0,롯데칠성음료,005300
2023-11-27,152200.0,"하락  4,900",156800.0,156800.0,151500.0,18936.0,롯데칠성음료,005300
2023-11-28,151600.0,하락  600,152500.0,153300.0,151000.0,10230.0,롯데칠성음료,005300
2023-11-29,149500.0,"하락  2,100",151000.0,151100.0,148700.0,20506.0,롯데칠성음료,005300
2023-11-30,147800.0,"하락  1,700",149500.0,149800.0,146300.0,22112.0,롯데칠성음료,005300
2023-12-01,148100.0,상승  300,147000.0,148300.0,146500.0,12939.0,롯데칠성음료,005300
2023-12-04,147700.0,하락  400,148100.0,148100.0,146800.0,10112.0,롯데칠성음료,005300
2023-12-05,149800.0,"상승  2,100",147000.0,150900.0,147000.0,18433.0,롯데칠성음료,005300
2023-12-06,150700.0,상승  900,151000.0,152400.0,149700.0,15699.0,롯데칠성음료,005300
2023-12-07,149600.0,"하락  1,100",150200.0,150800.0,148600.0,12391.0,롯데칠성음료,005300
2023-12-08,150500.0,상승  900,148500.0,151900.0,147500.0,12478.0,롯데칠성음료,005300
2023-12-11,147900.0,"하락  2,600",151300.0,151300.0,147500.0,14367.0,롯데칠성음료,005300
2023-12-12,149600.0,"상승  1,700",148000.0,149900.0,148000.0,12392.0,롯데칠성음료,005300
2023-12-13,153100.0,"상승  3,500",150400.0,156000.0,149600.0,38286.0,롯데칠성음료,005300
2023-12-14,151400.0,"하락  1,700",154400.0,154400.0,151000.0,21918.0,롯데칠성음료,005300
2023-12-15,150500.0,하락  900,151400.0,152700.0,149200.0,15913.0,롯데칠성음료,005300
2023-12-18,151400.0,상승  900,150900.0,152000.0,149200.0,6527.0,롯데칠성음료,005300
2023-12-19,151800.0,상승  400,151000.0,152000.0,149200.0,16589.0,롯데칠성음료,005300
2023-12-20,148400.0,"하락  3,400",151800.0,152400.0,147900.0,25476.0,롯데칠성음료,005300
2023-12-21,148900.0,상승  500,148100.0,148900.0,147400.0,11823.0,롯데칠성음료,005300
2023-12-22,149400.0,상승  500,149500.0,149500.0,148000.0,8190.0,롯데칠성음료,005300
2023-12-26,151300.0,"상승  1,900",150300.0,152400.0,148600.0,16309.0,롯데칠성음료,005300
2023-12-27,149700.0,"하락  1,600",150900.0,150900.0,146800.0,13741.0,롯데칠성음료,005300
2023-12-28,146600.0,"하락  3,100",149600.0,149600.0,146200.0,18038.0,롯데칠성음료,005300
2024-01-02,147200.0,상승  600,146600.0,147500.0,143800.0,15998.0,롯데칠성음료,005300
2024-01-03,147900.0,상승  700,146500.0,148400.0,145000.0,17264.0,롯데칠성음료,005300
2024-01-04,147800.0,하락  100,147100.0,148100.0,146100.0,9349.0,롯데칠성음료,005300
2024-01-05,143900.0,"하락  3,900",147400.0,147900.0,143700.0,10188.0,롯데칠성음료,005300
2024-01-08,142900.0,"하락  1,000",143400.0,144400.0,141000.0,19366.0,롯데칠성음료,005300
2024-01-09,143000.0,상승  100,144500.0,144600.0,140200.0,15392.0,롯데칠성음료,005300
2024-01-10,141800.0,"하락  1,200",142000.0,142500.0,139400.0,22759.0,롯데칠성음료,005300
2024-01-11,138100.0,"하락  3,700",142100.0,142300.0,137000.0,31901.0,롯데칠성음료,005300
2024-01-12,136800.0,"하락  1,300",138100.0,139200.0,135400.0,19794.0,롯데칠성음료,005300
2024-01-15,135900.0,하락  900,135800.0,137500.0,135200.0,10165.0,롯데칠성음료,005300
2024-01-16,136800.0,상승  900,135400.0,137700.0,134100.0,18849.0,롯데칠성음료,005300
2024-01-17,136200.0,하락  600,136800.0,137600.0,134600.0,25404.0,롯데칠성음료,005300
2024-01-18,131900.0,"하락  4,300",135200.0,135900.0,131600.0,35689.0,롯데칠성음료,005300
2024-01-19,131700.0,하락  200,130000.0,132800.0,129000.0,64061.0,롯데칠성음료,005300
2024-01-22,131700.0,보합0,131000.0,132300.0,129700.0,19281.0,롯데칠성음료,005300
2024-01-23,132600.0,상승  900,133000.0,133400.0,131600.0,8133.0,롯데칠성음료,005300
2024-01-24,130000.0,"하락  2,600",131500.0,132500.0,129700.0,33193.0,롯데칠성음료,005300
2024-01-25,134000.0,"상승  4,000",130800.0,135700.0,130000.0,21231.0,롯데칠성음료,005300
2024-01-26,133800.0,하락  200,134000.0,135000.0,132400.0,9872.0,롯데칠성음료,005300
2024-01-29,134100.0,상승  300,133800.0,137100.0,133500.0,21247.0,롯데칠성음료,005300
2024-01-30,136300.0,"상승  2,200",134000.0,139100.0,134000.0,25059.0,롯데칠성음료,005300
2024-01-31,137200.0,상승  900,135600.0,137700.0,135500.0,12398.0,롯데칠성음료,005300
2024-02-01,137800.0,상승  600,136600.0,138900.0,135400.0,20935.0,롯데칠성음료,005300
2024-02-02,140100.0,"상승  2,300",137800.0,141400.0,136900.0,17653.0,롯데칠성음료,005300
2024-02-05,138800.0,"하락  1,300",140000.0,140000.0,136900.0,13968.0,롯데칠성음료,005300
2024-02-06,126500.0,"하락  12,300",137700.0,137700.0,125600.0,169544.0,롯데칠성음료,005300
2024-02-07,127900.0,"상승  1,400",126600.0,128500.0,126600.0,55687.0,롯데칠성음료,005300
2024-02-08,127200.0,하락  700,128100.0,129600.0,127000.0,37502.0,롯데칠성음료,005300
2024-02-13,127200.0,보합0,127500.0,129000.0,126700.0,31804.0,롯데칠성음료,005300
2024-02-14,127600.0,상승  400,126800.0,127800.0,126000.0,33081.0,롯데칠성음료,005300
2024-02-15,127000.0,하락  600,128400.0,128400.0,126600.0,29452.0,롯데칠성음료,005300
2024-02-16,127600.0,상승  600,127500.0,128000.0,126300.0,25397.0,롯데칠성음료,005300
2024-02-19,127700.0,상승  100,128200.0,129100.0,127100.0,38625.0,롯데칠성음료,005300
2024-02-20,127000.0,하락  700,127700.0,128200.0,126900.0,23210.0,롯데칠성음료,005300
2024-02-21,127400.0,상승  400,127500.0,127500.0,126600.0,10941.0,롯데칠성음료,005300
2024-02-22,127300.0,하락  100,128000.0,128000.0,126800.0,12986.0,롯데칠성음료,005300
2024-02-23,127500.0,상승  200,127200.0,128000.0,127000.0,14766.0,롯데칠성음료,005300
2024-02-26,127200.0,하락  300,128000.0,128100.0,126800.0,12927.0,롯데칠성음료,005300
2024-02-27,126200.0,"하락  1,000",127700.0,127700.0,125600.0,22822.0,롯데칠성음료,005300
2024-02-28,126100.0,하락  100,126800.0,126800.0,125600.0,16568.0,롯데칠성음료,005300
2024-02-29,125500.0,하락  600,126100.0,126100.0,125400.0,17091.0,롯데칠성음료,005300
2024-03-04,124900.0,하락  600,126300.0,126300.0,124600.0,16674.0,롯데칠성음료,005300
2024-03-05,124200.0,하락  700,124500.0,126400.0,124000.0,14763.0,롯데칠성음료,005300
2024-03-06,123600.0,하락  600,123900.0,124600.0,123000.0,13539.0,롯데칠성음료,005300
2024-03-07,122800.0,하락  800,122900.0,123500.0,122200.0,13200.0,롯데칠성음료,005300
2024-03-08,123600.0,상승  800,124000.0,124400.0,122600.0,13195.0,롯데칠성음료,005300
2024-03-11,124200.0,상승  600,123600.0,124200.0,123000.0,6053.0,롯데칠성음료,005300
2024-03-12,124500.0,상승  300,124800.0,124800.0,123200.0,8462.0,롯데칠성음료,005300
2024-03-13,125600.0,"상승  1,100",124600.0,126400.0,123500.0,16511.0,롯데칠성음료,005300
2024-03-14,126100.0,상승  500,126200.0,127000.0,125600.0,16058.0,롯데칠성음료,005300
2024-03-15,126200.0,상승  100,126600.0,126900.0,125400.0,13526.0,롯데칠성음료,005300
2024-03-18,126200.0,보합0,127000.0,127100.0,125700.0,11413.0,롯데칠성음료,005300
2024-03-19,127600.0,"상승  1,400",125100.0,128300.0,124700.0,13766.0,롯데칠성음료,005300
2024-03-20,128000.0,상승  400,128200.0,128600.0,127700.0,14415.0,롯데칠성음료,005300
2024-03-21,128000.0,보합0,128600.0,128600.0,126400.0,21379.0,롯데칠성음료,005300
2024-03-22,128100.0,상승  100,127300.0,128700.0,127300.0,9868.0,롯데칠성음료,005300
2024-03-25,127300.0,하락  800,128400.0,128400.0,126900.0,6573.0,롯데칠성음료,005300
2024-03-26,127900.0,상승  600,127500.0,128200.0,127100.0,11318.0,롯데칠성음료,005300
2024-03-27,127400.0,하락  500,127500.0,127800.0,126800.0,21697.0,롯데칠성음료,005300
2024-03-28,127900.0,상승  500,127100.0,128100.0,126800.0,10236.0,롯데칠성음료,005300
2024-03-29,127100.0,하락  800,128400.0,128400.0,127100.0,9113.0,롯데칠성음료,005300
2024-04-01,130700.0,"상승  3,600",127900.0,130700.0,127300.0,34254.0,롯데칠성음료,005300
2024-04-02,129000.0,"하락  1,700",130600.0,131200.0,129000.0,17189.0,롯데칠성음료,005300
2024-04-03,133100.0,"상승  4,100",129300.0,134100.0,128000.0,39372.0,롯데칠성음료,005300
2024-04-04,130800.0,"하락  2,300",133900.0,133900.0,130500.0,18543.0,롯데칠성음료,005300
2024-04-05,130600.0,하락  200,129700.0,131300.0,129500.0,13204.0,롯데칠성음료,005300
2024-04-08,129600.0,"하락  1,000",130700.0,130800.0,129500.0,11593.0,롯데칠성음료,005300
2024-04-09,129600.0,보합0,130200.0,131300.0,128700.0,14851.0,롯데칠성음료,005300
2024-04-11,127200.0,"하락  2,400",128500.0,129700.0,126400.0,14358.0,롯데칠성음료,005300
2024-04-12,124500.0,"하락  2,700",127100.0,127700.0,124200.0,26289.0,롯데칠성음료,005300
2024-04-15,125300.0,상승  800,123800.0,126300.0,123000.0,10916.0,롯데칠성음료,005300
2024-04-16,124900.0,하락  400,124700.0,125900.0,122900.0,14793.0,롯데칠성음료,005300
2024-04-17,124800.0,하락  100,125000.0,125000.0,123600.0,12717.0,롯데칠성음료,005300
2024-04-18,126000.0,"상승  1,200",125400.0,126600.0,124500.0,9573.0,롯데칠성음료,005300
2024-04-19,124500.0,"하락  1,500",125300.0,126400.0,124100.0,15049.0,롯데칠성음료,005300
2024-04-22,127500.0,"상승  3,000",125700.0,127500.0,124700.0,18483.0,롯데칠성음료,005300
2024-04-23,127200.0,하락  300,127500.0,127500.0,126000.0,6579.0,롯데칠성음료,005300
2024-04-24,127000.0,하락  200,127500.0,127600.0,126000.0,9604.0,롯데칠성음료,005300
2024-04-25,127100.0,상승  100,127000.0,128700.0,125600.0,17805.0,롯데칠성음료,005300
2024-04-26,125600.0,"하락  1,500",127100.0,127100.0,125500.0,12949.0,롯데칠성음료,005300
2024-04-29,127900.0,"상승  2,300",126200.0,127900.0,125700.0,10842.0,롯데칠성음료,005300
2024-04-30,126900.0,"하락  1,000",127500.0,128100.0,126500.0,12850.0,롯데칠성음료,005300
2024-05-02,127800.0,상승  900,127800.0,128500.0,126400.0,13370.0,롯데칠성음료,005300
2024-05-03,128000.0,상승  200,127800.0,128200.0,126000.0,23383.0,롯데칠성음료,005300
2024-05-07,128000.0,보합0,128500.0,128700.0,127100.0,16967.0,롯데칠성음료,005300
2024-05-08,128400.0,상승  400,128100.0,129200.0,127600.0,15483.0,롯데칠성음료,005300
2024-05-09,130100.0,"상승  1,700",129000.0,130700.0,128600.0,36333.0,롯데칠성음료,005300
2024-05-10,130200.0,상승  100,130900.0,130900.0,128600.0,22006.0,롯데칠성음료,005300
2024-05-13,130000.0,하락  200,129300.0,130500.0,128700.0,13551.0,롯데칠성음료,005300
2024-05-14,129300.0,하락  700,130000.0,130400.0,128900.0,12327.0,롯데칠성음료,005300
2024-05-16,129100.0,하락  200,130300.0,130300.0,129100.0,12267.0,롯데칠성음료,005300
2024-05-17,130900.0,"상승  1,800",129000.0,131300.0,128500.0,26856.0,롯데칠성음료,005300
2024-05-20,129700.0,"하락  1,200",131300.0,132500.0,129300.0,21777.0,롯데칠성음료,005300
2024-05-21,126700.0,"하락  3,000",129800.0,129900.0,126200.0,30360.0,롯데칠성음료,005300
2024-05-22,127400.0,상승  700,126700.0,128000.0,126200.0,10487.0,롯데칠성음료,005300
2024-05-23,126400.0,"하락  1,000",127100.0,127900.0,125700.0,18776.0,롯데칠성음료,005300
2024-05-24,126300.0,하락  100,125800.0,128000.0,125200.0,17319.0,롯데칠성음료,005300
2024-05-27,127400.0,"상승  1,100",126300.0,128500.0,126100.0,17302.0,롯데칠성음료,005300
2024-05-28,128100.0,상승  700,130000.0,131400.0,127300.0,40770.0,롯데칠성음료,005300
2024-05-29,126900.0,"하락  1,200",127300.0,128100.0,126200.0,16668.0,롯데칠성음료,005300
2024-05-30,126500.0,하락  400,126500.0,126900.0,125600.0,16451.0,롯데칠성음료,005300
2024-05-31,129100.0,"상승  2,600",127600.0,129100.0,126300.0,20829.0,롯데칠성음료,005300
2024-06-03,129300.0,상승  200,129100.0,129600.0,128100.0,12538.0,롯데칠성음료,005300
2024-06-04,129300.0,보합0,128600.0,129500.0,128300.0,9704.0,롯데칠성음료,005300
2024-06-05,128900.0,하락  400,129300.0,129300.0,128100.0,7283.0,롯데칠성음료,005300
2024-06-07,128500.0,하락  400,128500.0,129300.0,127500.0,7269.0,롯데칠성음료,005300
2024-06-10,134700.0,"상승  6,200",127500.0,136400.0,127100.0,83597.0,롯데칠성음료,005300
2024-06-11,132600.0,"하락  2,100",134900.0,136800.0,132500.0,21616.0,롯데칠성음료,005300
2024-06-12,136000.0,"상승  3,400",134600.0,137000.0,134000.0,40030.0,롯데칠성음료,005300
2024-06-13,140800.0,"상승  4,800",137000.0,143000.0,136100.0,96427.0,롯데칠성음료,005300
2024-06-14,143000.0,"상승  2,200",141000.0,144700.0,139100.0,50603.0,롯데칠성음료,005300
2024-06-17,144800.0,"상승  1,800",142700.0,146100.0,141100.0,42203.0,롯데칠성음료,005300
2024-06-18,140300.0,"하락  4,500",144800.0,144800.0,139000.0,41795.0,롯데칠성음료,005300
2024-06-19,138700.0,"하락  1,600",140000.0,140800.0,137300.0,46389.0,롯데칠성음료,005300
2024-06-20,137600.0,"하락  1,100",138100.0,139000.0,136300.0,25138.0,롯데칠성음료,005300
2024-06-21,136700.0,하락  900,137600.0,137600.0,135000.0,25911.0,롯데칠성음료,005300
2024-06-24,135100.0,"하락  1,600",136700.0,138900.0,134200.0,16675.0,롯데칠성음료,005300
2024-06-25,134000.0,"하락  1,100",136400.0,136800.0,133600.0,15445.0,롯데칠성음료,005300
2024-06-26,129800.0,"하락  4,200",133700.0,133700.0,129500.0,47504.0,롯데칠성음료,005300
2024-06-27,129500.0,하락  300,130100.0,130800.0,128500.0,20063.0,롯데칠성음료,005300
2024-06-28,132800.0,"상승  3,300",130100.0,134200.0,129600.0,23409.0,롯데칠성음료,005300
2024-07-01,132200.0,하락  600,131500.0,133500.0,131100.0,10779.0,롯데칠성음료,005300
2024-07-02,129300.0,"하락  2,900",131200.0,132200.0,128400.0,30011.0,롯데칠성음료,005300
2024-07-03,126800.0,"하락  2,500",129900.0,130300.0,126300.0,20937.0,롯데칠성음료,005300
2024-07-04,128200.0,"상승  1,400",127200.0,128200.0,126300.0,19081.0,롯데칠성음료,005300
2024-07-05,128700.0,상승  500,128200.0,129900.0,127500.0,15631.0,롯데칠성음료,005300
2024-07-08,127900.0,하락  800,127900.0,130000.0,127600.0,18387.0,롯데칠성음료,005300
2024-07-09,128200.0,상승  300,128700.0,128700.0,127500.0,11357.0,롯데칠성음료,005300
2024-07-10,127600.0,하락  600,127700.0,127900.0,127100.0,8064.0,롯데칠성음료,005300
2024-07-11,127400.0,하락  200,128300.0,128300.0,125800.0,40686.0,롯데칠성음료,005300
2024-07-12,127000.0,하락  400,127200.0,127800.0,126300.0,17595.0,롯데칠성음료,005300
2024-07-15,126600.0,하락  400,128000.0,128000.0,126100.0,9648.0,롯데칠성음료,005300
2024-07-16,127200.0,상승  600,126900.0,127500.0,126000.0,14075.0,롯데칠성음료,005300
2024-07-17,128800.0,"상승  1,600",127800.0,129500.0,127200.0,14290.0,롯데칠성음료,005300
2024-07-18,135200.0,"상승  6,400",129300.0,135400.0,127700.0,54197.0,롯데칠성음료,005300
2024-07-19,133200.0,"하락  2,000",134500.0,134500.0,131000.0,16543.0,롯데칠성음료,005300
2024-07-22,132900.0,하락  300,133200.0,133900.0,130700.0,14397.0,롯데칠성음료,005300
2024-07-23,135300.0,"상승  2,400",133600.0,136300.0,133300.0,20235.0,롯데칠성음료,005300
2024-07-24,135600.0,상승  300,134500.0,136000.0,133500.0,13608.0,롯데칠성음료,005300
2024-07-25,137000.0,"상승  1,400",135600.0,139600.0,133800.0,39473.0,롯데칠성음료,005300
2024-07-26,134300.0,"하락  2,700",137000.0,138000.0,133900.0,19695.0,롯데칠성음료,005300
2024-07-29,133500.0,하락  800,134200.0,134500.0,132200.0,13806.0,롯데칠성음료,005300
2024-07-30,135200.0,"상승  1,700",132600.0,137000.0,132500.0,14642.0,롯데칠성음료,005300
2024-07-31,142300.0,"상승  7,100",138500.0,145500.0,138100.0,82590.0,롯데칠성음료,005300
2024-08-01,142200.0,하락  100,141000.0,144400.0,140600.0,38661.0,롯데칠성음료,005300
2024-08-02,142100.0,하락  100,144500.0,144500.0,140200.0,63359.0,롯데칠성음료,005300
2024-08-05,133800.0,"하락  8,300",140500.0,141800.0,132000.0,48287.0,롯데칠성음료,005300
2024-08-06,135200.0,"상승  1,400",135500.0,137800.0,133000.0,23777.0,롯데칠성음료,005300
2024-08-07,139500.0,"상승  4,300",135300.0,141700.0,135300.0,35194.0,롯데칠성음료,005300
2024-08-08,137100.0,"하락  2,400",139000.0,140900.0,137000.0,39569.0,롯데칠성음료,005300
2024-08-09,138900.0,"상승  1,800",137400.0,140600.0,137200.0,14139.0,롯데칠성음료,005300
2024-08-12,138500.0,하락  400,140900.0,140900.0,137100.0,7270.0,롯데칠성음료,005300
2024-08-13,139400.0,상승  900,138500.0,140400.0,138200.0,11623.0,롯데칠성음료,005300
2024-08-14,142500.0,"상승  3,100",139400.0,143000.0,138400.0,25615.0,롯데칠성음료,005300
2024-08-16,139900.0,"하락  2,600",142800.0,143400.0,138700.0,17337.0,롯데칠성음료,005300
2024-08-19,140000.0,상승  100,140900.0,140900.0,139500.0,8353.0,롯데칠성음료,005300
2024-08-20,137100.0,"하락  2,900",139500.0,141300.0,136600.0,12781.0,롯데칠성음료,005300
2024-08-21,138100.0,"상승  1,000",137800.0,139000.0,136800.0,7905.0,롯데칠성음료,005300
2024-08-22,137100.0,"하락  1,000",139100.0,139100.0,136200.0,9208.0,롯데칠성음료,005300
2024-08-23,138600.0,"상승  1,500",137100.0,140200.0,136000.0,13330.0,롯데칠성음료,005300
2024-08-26,135100.0,"하락  3,500",138300.0,138300.0,132500.0,13772.0,롯데칠성음료,005300
2024-08-27,136600.0,"상승  1,500",135100.0,136900.0,134500.0,9304.0,롯데칠성음료,005300
2024-08-28,133000.0,"하락  3,600",137000.0,137000.0,132900.0,13852.0,롯데칠성음료,005300
2024-08-29,132200.0,하락  800,133400.0,133400.0,131100.0,13761.0,롯데칠성음료,005300
2024-08-30,131600.0,하락  600,133900.0,133900.0,131600.0,14350.0,롯데칠성음료,005300
2024-09-02,129700.0,"하락  1,900",131800.0,132500.0,129300.0,18433.0,롯데칠성음료,005300
2024-09-03,131400.0,"상승  1,700",130600.0,131600.0,129500.0,8565.0,롯데칠성음료,005300
2024-09-04,128900.0,"하락  2,500",131300.0,131300.0,127200.0,14760.0,롯데칠성음료,005300
2024-09-05,129500.0,상승  600,131000.0,131300.0,128000.0,9805.0,롯데칠성음료,005300
2024-09-06,128400.0,"하락  1,100",130200.0,130200.0,127200.0,8650.0,롯데칠성음료,005300
2024-09-09,129300.0,상승  900,127100.0,129700.0,126300.0,11811.0,롯데칠성음료,005300
2024-09-10,127400.0,"하락  1,900",129000.0,130400.0,126300.0,12345.0,롯데칠성음료,005300
2024-09-11,128100.0,상승  700,128100.0,128400.0,126500.0,12882.0,롯데칠성음료,005300
2024-09-12,128500.0,상승  400,128300.0,128500.0,126800.0,19253.0,롯데칠성음료,005300
2024-09-13,130100.0,"상승  1,600",128000.0,130300.0,128000.0,8692.0,롯데칠성음료,005300
2024-09-19,132800.0,"상승  2,700",131000.0,132800.0,129600.0,11968.0,롯데칠성음료,005300
2024-09-20,129800.0,"하락  3,000",132800.0,133700.0,129700.0,15019.0,롯데칠성음료,005300
2024-09-23,130200.0,상승  400,130800.0,130800.0,129200.0,5647.0,롯데칠성음료,005300
2024-09-24,131400.0,"상승  1,200",131100.0,131400.0,130000.0,6953.0,롯데칠성음료,005300
2024-09-25,133200.0,"상승  1,800",132700.0,136100.0,131500.0,18427.0,롯데칠성음료,005300
2024-09-26,134400.0,"상승  1,200",134000.0,135000.0,132600.0,11705.0,롯데칠성음료,005300
2024-09-27,131900.0,"하락  2,500",134900.0,134900.0,131900.0,18166.0,롯데칠성음료,005300
2024-09-30,130000.0,"하락  1,900",132200.0,132900.0,130000.0,11360.0,롯데칠성음료,005300
2024-10-02,128400.0,"하락  1,600",130000.0,131500.0,127900.0,13648.0,롯데칠성음료,005300
2024-10-04,128500.0,상승  100,128300.0,128900.0,127000.0,14770.0,롯데칠성음료,005300
2024-10-07,128400.0,하락  100,128600.0,129000.0,127700.0,9140.0,롯데칠성음료,005300
2024-10-08,126900.0,"하락  1,500",128300.0,128400.0,126900.0,11181.0,롯데칠성음료,005300
2024-10-10,126200.0,하락  700,128000.0,128000.0,125700.0,15802.0,롯데칠성음료,005300
2024-10-11,126200.0,보합0,127200.0,127300.0,125500.0,9024.0,롯데칠성음료,005300
2024-10-14,127200.0,"상승  1,000",126200.0,127200.0,125100.0,10379.0,롯데칠성음료,005300
2024-10-15,126600.0,하락  600,127200.0,127600.0,125200.0,19878.0,롯데칠성음료,005300
2024-10-16,124600.0,"하락  2,000",125500.0,126200.0,124600.0,15947.0,롯데칠성음료,005300
2024-10-17,122100.0,"하락  2,500",125600.0,125800.0,121300.0,33040.0,롯데칠성음료,005300
2024-10-18,121000.0,"하락  1,100",122300.0,122600.0,120400.0,18052.0,롯데칠성음료,005300
2024-10-21,120700.0,하락  300,121300.0,121900.0,120000.0,7811.0,롯데칠성음료,005300
2024-10-22,118000.0,"하락  2,700",120300.0,120600.0,117700.0,24850.0,롯데칠성음료,005300
2024-10-23,118600.0,상승  600,119000.0,119000.0,117300.0,11636.0,롯데칠성음료,005300
2024-10-24,118900.0,상승  300,118600.0,119200.0,117900.0,12536.0,롯데칠성음료,005300
2024-10-25,117700.0,"하락  1,200",118900.0,118900.0,116000.0,16600.0,롯데칠성음료,005300
2024-10-28,118300.0,상승  600,118100.0,118600.0,117100.0,7084.0,롯데칠성음료,005300
2024-10-29,118300.0,보합0,118300.0,118400.0,117100.0,4623.0,롯데칠성음료,005300
2024-10-30,117200.0,"하락  1,100",118300.0,118300.0,116600.0,9022.0,롯데칠성음료,005300
2024-10-31,122000.0,"상승  4,800",117300.0,122000.0,116200.0,21355.0,롯데칠성음료,005300
2024-11-01,120400.0,"하락  1,600",122000.0,122000.0,119400.0,6301.0,롯데칠성음료,005300
2024-11-04,119000.0,"하락  1,400",121300.0,121300.0,118300.0,8699.0,롯데칠성음료,005300
2024-11-05,119200.0,상승  200,118300.0,119200.0,118200.0,6090.0,롯데칠성음료,005300
2024-11-06,116700.0,"하락  2,500",119300.0,119300.0,115500.0,21252.0,롯데칠성음료,005300
2024-11-07,116600.0,하락  100,115700.0,117300.0,114700.0,10470.0,롯데칠성음료,005300
2024-11-08,116200.0,하락  400,117700.0,117700.0,116200.0,5192.0,롯데칠성음료,005300
2024-11-11,112600.0,"하락  3,600",116200.0,116200.0,112500.0,19554.0,롯데칠성음료,005300
2024-11-12,109200.0,"하락  3,400",112300.0,114000.0,108400.0,13550.0,롯데칠성음료,005300
2024-11-13,109400.0,상승  200,108800.0,110700.0,107300.0,14303.0,롯데칠성음료,005300
2024-11-14,111000.0,"상승  1,600",108300.0,111100.0,108300.0,10715.0,롯데칠성음료,005300
2024-11-15,111000.0,보합0,112000.0,112000.0,109100.0,6584.0,롯데칠성음료,005300
2024-11-18,115900.0,"상승  4,900",110600.0,116000.0,110500.0,17936.0,롯데칠성음료,005300
2024-11-19,118000.0,"상승  2,100",115900.0,119100.0,115000.0,17496.0,롯데칠성음료,005300
2024-11-20,119800.0,"상승  1,800",118800.0,120500.0,117100.0,19500.0,롯데칠성음료,005300
2024-11-21,120000.0,상승  200,120400.0,121400.0,118800.0,8631.0,롯데칠성음료,005300
2024-11-22,119900.0,하락  100,119900.0,120700.0,118100.0,6596.0,롯데칠성음료,005300
2024-11-25,118200.0,"하락  1,700",120000.0,120400.0,116500.0,16103.0,롯데칠성음료,005300
2024-11-26,119000.0,상승  800,117100.0,119200.0,116100.0,11905.0,롯데칠성음료,005300
2024-11-27,122100.0,"상승  3,100",118800.0,122700.0,118100.0,21965.0,롯데칠성음료,005300
2024-11-28,122700.0,상승  600,122100.0,122900.0,120200.0,7977.0,롯데칠성음료,005300
2024-11-29,120800.0,"하락  1,900",122600.0,122600.0,119000.0,10926.0,롯데칠성음료,005300
2024-12-02,119600.0,"하락  1,200",121600.0,121600.0,118500.0,9086.0,롯데칠성음료,005300
2024-12-03,120400.0,상승  800,120600.0,121900.0,119100.0,11555.0,롯데칠성음료,005300
2024-12-04,121200.0,상승  800,119800.0,122400.0,118500.0,17336.0,롯데칠성음료,005300
2024-12-05,118500.0,"하락  2,700",120100.0,122400.0,118500.0,7550.0,롯데칠성음료,005300
2024-12-06,118000.0,하락  500,118500.0,119400.0,116400.0,7234.0,롯데칠성음료,005300
2024-12-09,113400.0,"하락  4,600",115900.0,117000.0,113400.0,10863.0,롯데칠성음료,005300
2024-12-10,116300.0,"상승  2,900",112900.0,116700.0,112900.0,7447.0,롯데칠성음료,005300
2024-12-11,119800.0,"상승  3,500",115900.0,120500.0,115900.0,10989.0,롯데칠성음료,005300
2024-12-12,120300.0,상승  500,121900.0,121900.0,119300.0,14977.0,롯데칠성음료,005300
2024-12-13,120800.0,상승  500,120600.0,121200.0,118900.0,7035.0,롯데칠성음료,005300
2024-12-16,118200.0,"하락  2,600",119800.0,121100.0,118200.0,7635.0,롯데칠성음료,005300
2024-12-17,119900.0,"상승  1,700",119000.0,120000.0,117900.0,8747.0,롯데칠성음료,005300
2024-12-18,120400.0,상승  500,120100.0,121000.0,118900.0,7179.0,롯데칠성음료,005300
2024-12-19,118900.0,"하락  1,500",118500.0,120600.0,117000.0,11668.0,롯데칠성음료,005300
2024-12-20,116300.0,"하락  2,600",118900.0,118900.0,115300.0,17446.0,롯데칠성음료,005300
2024-12-23,117100.0,상승  800,117300.0,117300.0,115500.0,5686.0,롯데칠성음료,005300
2024-12-24,115500.0,"하락  1,600",116400.0,117300.0,115100.0,8821.0,롯데칠성음료,005300
2024-12-26,114900.0,하락  600,115600.0,115900.0,114100.0,6302.0,롯데칠성음료,005300
2024-12-27,112800.0,"하락  2,100",114900.0,114900.0,112600.0,14802.0,롯데칠성음료,005300
2024-12-30,112000.0,하락  800,112100.0,113400.0,111700.0,3814.0,롯데칠성음료,005300
2025-01-02,108400.0,"하락  3,600",111400.0,111400.0,107300.0,20579.0,롯데칠성음료,005300
2025-01-03,112500.0,"상승  4,100",107600.0,113600.0,107600.0,16583.0,롯데칠성음료,005300
2025-01-06,111100.0,"하락  1,400",112500.0,112500.0,110500.0,8436.0,롯데칠성음료,005300
2025-01-07,110500.0,하락  600,111200.0,112300.0,110500.0,7572.0,롯데칠성음료,005300
2025-01-08,110500.0,보합0,110100.0,111500.0,109900.0,6334.0,롯데칠성음료,005300
2025-01-09,111200.0,상승  700,110500.0,111500.0,109800.0,12717.0,롯데칠성음료,005300
2025-01-10,110100.0,"하락  1,100",110200.0,111200.0,108300.0,18179.0,롯데칠성음료,005300
2025-01-13,107700.0,"하락  2,400",109400.0,110000.0,107700.0,17203.0,롯데칠성음료,005300
2025-01-14,107100.0,하락  600,108100.0,108800.0,106700.0,15797.0,롯데칠성음료,005300
2025-01-15,104700.0,"하락  2,400",107100.0,108300.0,104500.0,23475.0,롯데칠성음료,005300
2025-01-16,105400.0,상승  700,105000.0,106500.0,104600.0,11898.0,롯데칠성음료,005300
2025-01-17,104800.0,하락  600,105700.0,105900.0,104600.0,9733.0,롯데칠성음료,005300
2025-01-20,104100.0,하락  700,104800.0,105300.0,103400.0,17013.0,롯데칠성음료,005300
2025-01-21,104700.0,상승  600,104500.0,105000.0,103400.0,9518.0,롯데칠성음료,005300
2025-01-22,104400.0,하락  300,104800.0,104900.0,103600.0,9347.0,롯데칠성음료,005300
2025-01-23,102500.0,"하락  1,900",104800.0,104800.0,102500.0,9501.0,롯데칠성음료,005300
2025-01-24,101600.0,하락  900,101700.0,103100.0,101300.0,15409.0,롯데칠성음료,005300
2025-01-31,103500.0,"상승  1,900",103000.0,103500.0,101500.0,12219.0,롯데칠성음료,005300
2025-02-03,100900.0,"하락  2,600",102300.0,103500.0,100600.0,12853.0,롯데칠성음료,005300
2025-02-04,100800.0,하락  100,101900.0,102000.0,100600.0,9246.0,롯데칠성음료,005300
2025-02-05,101900.0,"상승  1,100",100800.0,103100.0,100800.0,13957.0,롯데칠성음료,005300
2025-02-06,103200.0,"상승  1,300",101900.0,104500.0,101900.0,16410.0,롯데칠성음료,005300
2025-02-07,101000.0,"하락  2,200",102300.0,103500.0,101000.0,18222.0,롯데칠성음료,005300
2025-02-10,102700.0,"상승  1,700",101000.0,103200.0,100600.0,18528.0,롯데칠성음료,005300
2025-02-11,104400.0,"상승  1,700",102700.0,105000.0,99500.0,30895.0,롯데칠성음료,005300
2025-02-12,103400.0,"하락  1,000",105200.0,106900.0,103300.0,21018.0,롯데칠성음료,005300
2025-02-13,103600.0,상승  200,104700.0,104700.0,103400.0,26728.0,롯데칠성음료,005300
2025-02-14,106000.0,"상승  2,400",104500.0,106600.0,103900.0,20497.0,롯데칠성음료,005300
2025-02-17,105700.0,하락  300,105700.0,106500.0,104700.0,22513.0,롯데칠성음료,005300
2025-02-18,105000.0,하락  700,105900.0,106100.0,103600.0,22919.0,롯데칠성음료,005300
2025-02-19,105200.0,상승  200,104200.0,106400.0,104200.0,25958.0,롯데칠성음료,005300
2025-02-20,106900.0,"상승  1,700",105300.0,107000.0,105000.0,20715.0,롯데칠성음료,005300
2025-02-21,105900.0,"하락  1,000",106900.0,106900.0,105500.0,21430.0,롯데칠성음료,005300
2025-02-24,107300.0,"상승  1,400",105600.0,107900.0,105000.0,19028.0,롯데칠성음료,005300
2025-02-25,106300.0,"하락  1,000",107000.0,107300.0,105800.0,12366.0,롯데칠성음료,005300
2025-02-26,106100.0,하락  200,107000.0,107000.0,105400.0,20311.0,롯데칠성음료,005300
2025-02-27,106500.0,상승  400,106200.0,106500.0,105400.0,13995.0,롯데칠성음료,005300
2025-02-28,104900.0,"하락  1,600",106000.0,106300.0,103900.0,25288.0,롯데칠성음료,005300
2025-03-04,103800.0,"하락  1,100",104900.0,105800.0,103500.0,13262.0,롯데칠성음료,005300
2025-03-05,104600.0,상승  800,103900.0,105500.0,103800.0,14786.0,롯데칠성음료,005300
2025-03-06,107200.0,"상승  2,600",106000.0,107800.0,105000.0,19586.0,롯데칠성음료,005300
2025-03-07,108500.0,"상승  1,300",107300.0,109900.0,105900.0,28952.0,롯데칠성음료,005300
2025-03-10,108000.0,하락  500,108300.0,108900.0,107400.0,11932.0,롯데칠성음료,005300
2025-03-11,107400.0,하락  600,107000.0,109200.0,105900.0,17762.0,롯데칠성음료,005300
2025-03-12,108100.0,상승  700,107100.0,109200.0,107100.0,8010.0,롯데칠성음료,005300
2025-03-13,107200.0,하락  900,108100.0,109000.0,106100.0,21819.0,롯데칠성음료,005300
2025-03-14,107100.0,하락  100,107800.0,108800.0,106500.0,8312.0,롯데칠성음료,005300
2025-03-17,108500.0,"상승  1,400",107100.0,108800.0,107100.0,7351.0,롯데칠성음료,005300
2025-03-18,107400.0,"하락  1,100",109300.0,109300.0,107000.0,11037.0,롯데칠성음료,005300
2025-03-19,109200.0,"상승  1,800",108000.0,109700.0,107800.0,13052.0,롯데칠성음료,005300
2025-03-20,111200.0,"상승  2,000",109700.0,111800.0,108900.0,26091.0,롯데칠성음료,005300
2025-03-21,111900.0,상승  700,111200.0,113100.0,110300.0,61933.0,롯데칠성음료,005300
2025-03-24,112200.0,상승  300,112100.0,114000.0,111900.0,13879.0,롯데칠성음료,005300
2025-03-25,111000.0,"하락  1,200",111600.0,113500.0,110300.0,14415.0,롯데칠성음료,005300
2025-03-26,110300.0,하락  700,112100.0,112100.0,110300.0,12636.0,롯데칠성음료,005300
2025-03-27,109600.0,하락  700,109100.0,111600.0,109100.0,13421.0,롯데칠성음료,005300
2025-03-28,108700.0,하락  900,108500.0,109000.0,106700.0,12730.0,롯데칠성음료,005300
2025-03-31,106900.0,"하락  1,800",108300.0,109000.0,105300.0,20836.0,롯데칠성음료,005300
2025-04-01,106100.0,하락  800,108300.0,108300.0,105400.0,14073.0,롯데칠성음료,005300
2025-04-02,106000.0,하락  100,105600.0,107000.0,104900.0,14518.0,롯데칠성음료,005300
2025-04-03,106300.0,상승  300,104100.0,106300.0,102700.0,20223.0,롯데칠성음료,005300
2025-04-04,107500.0,"상승  1,200",106100.0,107600.0,104400.0,14953.0,롯데칠성음료,005300
2025-04-07,104500.0,"하락  3,000",103600.0,105700.0,102500.0,14481.0,롯데칠성음료,005300
2025-04-08,103400.0,"하락  1,100",105500.0,105500.0,103200.0,11653.0,롯데칠성음료,005300
2025-04-09,101900.0,"하락  1,500",103300.0,104100.0,101000.0,10916.0,롯데칠성음료,005300
2025-04-10,105200.0,"상승  3,300",103800.0,105200.0,103300.0,12834.0,롯데칠성음료,005300
2025-04-11,104200.0,"하락  1,000",103900.0,104700.0,102500.0,4488.0,롯데칠성음료,005300
2025-04-14,105000.0,상승  800,104300.0,105500.0,103900.0,4791.0,롯데칠성음료,005300
2025-04-15,106300.0,"상승  1,300",105900.0,106500.0,104800.0,6170.0,롯데칠성음료,005300
2025-04-16,106900.0,상승  600,106100.0,107500.0,106000.0,6134.0,롯데칠성음료,005300
2025-04-17,107200.0,상승  300,108300.0,108300.0,106200.0,6420.0,롯데칠성음료,005300
2025-04-18,107300.0,상승  100,106500.0,107300.0,106200.0,7428.0,롯데칠성음료,005300
2025-04-21,107000.0,하락  300,107100.0,107600.0,106000.0,5155.0,롯데칠성음료,005300
2025-04-22,106500.0,하락  500,106800.0,107300.0,106000.0,8060.0,롯데칠성음료,005300
2025-04-23,107500.0,"상승  1,000",108200.0,108200.0,106400.0,7570.0,롯데칠성음료,005300
2025-04-24,108600.0,"상승  1,100",108000.0,109500.0,107700.0,7747.0,롯데칠성음료,005300
2025-04-25,109700.0,"상승  1,100",108600.0,110600.0,108600.0,10679.0,롯데칠성음료,005300
2025-04-28,108300.0,"하락  1,400",109000.0,110000.0,107800.0,16845.0,롯데칠성음료,005300
2025-04-29,109700.0,"상승  1,400",108300.0,111500.0,108100.0,26118.0,롯데칠성음료,005300
2025-04-30,109700.0,보합0,108300.0,110300.0,108300.0,14754.0,롯데칠성음료,005300
2025-05-02,109300.0,하락  400,108800.0,110500.0,108100.0,10781.0,롯데칠성음료,005300
2025-05-07,106900.0,"하락  2,400",110300.0,110900.0,105200.0,30765.0,롯데칠성음료,005300
2025-05-08,103500.0,"하락  3,400",106000.0,106600.0,103200.0,59658.0,롯데칠성음료,005300
2025-05-09,103600.0,상승  100,104000.0,105000.0,103200.0,16659.0,롯데칠성음료,005300
2025-05-12,105300.0,"상승  1,700",104300.0,105400.0,103900.0,14851.0,롯데칠성음료,005300
2025-05-13,103700.0,"하락  1,600",104800.0,105400.0,103200.0,26752.0,롯데칠성음료,005300
2025-05-14,103700.0,보합0,103800.0,104100.0,102900.0,15869.0,롯데칠성음료,005300
2025-05-15,103200.0,하락  500,103200.0,103700.0,103100.0,10362.0,롯데칠성음료,005300
2025-05-16,102600.0,하락  600,103500.0,103800.0,102000.0,19963.0,롯데칠성음료,005300
2025-05-19,102300.0,하락  300,102700.0,103600.0,102100.0,12528.0,롯데칠성음료,005300
2025-05-20,102100.0,하락  200,103200.0,103200.0,101800.0,13746.0,롯데칠성음료,005300
2025-05-21,100600.0,"하락  1,500",102000.0,102100.0,100300.0,28842.0,롯데칠성음료,005300
2025-05-22,102000.0,"상승  1,400",100600.0,102400.0,100400.0,15348.0,롯데칠성음료,005300
2025-05-23,101200.0,하락  800,101300.0,101900.0,100700.0,11162.0,롯데칠성음료,005300
2025-05-26,102200.0,"상승  1,000",101200.0,102200.0,100200.0,16050.0,롯데칠성음료,005300
2025-05-27,101800.0,하락  400,101200.0,102700.0,100900.0,18672.0,롯데칠성음료,005300
2025-05-28,103700.0,"상승  1,900",101500.0,103700.0,101200.0,23007.0,롯데칠성음료,005300
2025-05-29,106500.0,"상승  2,800",104000.0,106500.0,103400.0,24189.0,롯데칠성음료,005300
2025-05-30,107000.0,상승  500,105900.0,108200.0,105900.0,17607.0,롯데칠성음료,005300
