날짜,종가,전일비,시가,고가,저가,거래량,회사명,종목코드
2020-03-16,430000.0,"하락  26,500",463000.0,474500.0,429500.0,218369.0,삼성바이오로직스,207940
2020-03-17,417500.0,"하락  12,500",410000.0,433000.0,409500.0,423614.0,삼성바이오로직스,207940
2020-03-18,400500.0,"하락  17,000",425500.0,427500.0,400500.0,276886.0,삼성바이오로직스,207940
2020-03-19,366000.0,"하락  34,500",410000.0,416000.0,352000.0,470624.0,삼성바이오로직스,207940
2020-03-20,430000.0,"상승  64,000",383500.0,451000.0,371500.0,586738.0,삼성바이오로직스,207940
2020-03-23,436000.0,"상승  6,000",406000.0,454500.0,405500.0,589740.0,삼성바이오로직스,207940
2020-03-24,476000.0,"상승  40,000",452500.0,492000.0,448000.0,509039.0,삼성바이오로직스,207940
2020-03-25,475000.0,"하락  1,000",492500.0,494000.0,462000.0,431318.0,삼성바이오로직스,207940
2020-03-26,456500.0,"하락  18,500",469500.0,475000.0,456000.0,324101.0,삼성바이오로직스,207940
2020-03-27,443000.0,"하락  13,500",467000.0,469000.0,436000.0,399994.0,삼성바이오로직스,207940
2020-03-30,450000.0,"상승  7,000",437000.0,452000.0,433500.0,216938.0,삼성바이오로직스,207940
2020-03-31,482000.0,"상승  32,000",455000.0,493000.0,448000.0,665621.0,삼성바이오로직스,207940
2020-04-01,452500.0,"하락  29,500",481000.0,486000.0,450500.0,313016.0,삼성바이오로직스,207940
2020-04-02,464500.0,"상승  12,000",451000.0,468000.0,449000.0,187474.0,삼성바이오로직스,207940
2020-04-03,467500.0,"상승  3,000",463500.0,478000.0,461000.0,220451.0,삼성바이오로직스,207940
2020-04-06,477000.0,"상승  9,500",474500.0,488000.0,473000.0,219399.0,삼성바이오로직스,207940
2020-04-07,482500.0,"상승  5,500",486000.0,486000.0,474000.0,177208.0,삼성바이오로직스,207940
2020-04-08,477500.0,"하락  5,000",482500.0,484500.0,477500.0,124190.0,삼성바이오로직스,207940
2020-04-09,478500.0,"상승  1,000",481500.0,483000.0,474000.0,125253.0,삼성바이오로직스,207940
2020-04-10,559000.0,"상승  80,500",500000.0,603000.0,494500.0,3037570.0,삼성바이오로직스,207940
2020-04-13,539000.0,"하락  20,000",570000.0,589000.0,539000.0,1184911.0,삼성바이오로직스,207940
2020-04-14,542000.0,"상승  3,000",542000.0,560000.0,529000.0,539127.0,삼성바이오로직스,207940
2020-04-16,540000.0,"하락  2,000",536000.0,553000.0,535000.0,297720.0,삼성바이오로직스,207940
2020-04-17,566000.0,"상승  26,000",553000.0,568000.0,531000.0,776987.0,삼성바이오로직스,207940
2020-04-20,566000.0,보합0,560000.0,576000.0,555000.0,472857.0,삼성바이오로직스,207940
2020-04-21,579000.0,"상승  13,000",568000.0,583000.0,557000.0,997287.0,삼성바이오로직스,207940
2020-04-22,580000.0,"상승  1,000",573000.0,594000.0,572000.0,625247.0,삼성바이오로직스,207940
2020-04-23,601000.0,"상승  21,000",581000.0,608000.0,576000.0,1028524.0,삼성바이오로직스,207940
2020-04-24,591000.0,"하락  10,000",598000.0,603000.0,588000.0,400836.0,삼성바이오로직스,207940
2020-04-27,588000.0,"하락  3,000",593000.0,596000.0,582000.0,176447.0,삼성바이오로직스,207940
2020-04-28,588000.0,보합0,589000.0,598000.0,583000.0,189318.0,삼성바이오로직스,207940
2020-04-29,581000.0,"하락  7,000",587000.0,589000.0,581000.0,157790.0,삼성바이오로직스,207940
2020-05-04,556000.0,"하락  25,000",566000.0,572000.0,555000.0,302753.0,삼성바이오로직스,207940
2020-05-06,575000.0,"상승  19,000",561000.0,578000.0,559000.0,204420.0,삼성바이오로직스,207940
2020-05-07,567000.0,"하락  8,000",571000.0,578000.0,566000.0,138941.0,삼성바이오로직스,207940
2020-05-08,588000.0,"상승  21,000",571000.0,599000.0,570000.0,438329.0,삼성바이오로직스,207940
2020-05-11,586000.0,"하락  2,000",592000.0,596000.0,581000.0,164802.0,삼성바이오로직스,207940
2020-05-12,592000.0,"상승  6,000",586000.0,593000.0,583000.0,188243.0,삼성바이오로직스,207940
2020-05-13,616000.0,"상승  24,000",589000.0,619000.0,588000.0,510468.0,삼성바이오로직스,207940
2020-05-14,612000.0,"하락  4,000",613000.0,614000.0,600000.0,190133.0,삼성바이오로직스,207940
2020-05-15,605000.0,"하락  7,000",616000.0,617000.0,601000.0,147881.0,삼성바이오로직스,207940
2020-05-18,597000.0,"하락  8,000",614000.0,626000.0,590000.0,218856.0,삼성바이오로직스,207940
2020-05-19,600000.0,"상승  3,000",608000.0,609000.0,592000.0,186947.0,삼성바이오로직스,207940
2020-05-20,600000.0,보합0,599000.0,603000.0,595000.0,101649.0,삼성바이오로직스,207940
2020-05-21,609000.0,"상승  9,000",601000.0,610000.0,594000.0,164932.0,삼성바이오로직스,207940
2020-05-22,618000.0,"상승  9,000",630000.0,640000.0,611000.0,397591.0,삼성바이오로직스,207940
2020-05-25,632000.0,"상승  14,000",619000.0,634000.0,616000.0,226644.0,삼성바이오로직스,207940
2020-05-26,645000.0,"상승  13,000",635000.0,645000.0,627000.0,233836.0,삼성바이오로직스,207940
2020-05-27,624000.0,"하락  21,000",645000.0,645000.0,623000.0,207579.0,삼성바이오로직스,207940
2020-05-28,611000.0,"하락  13,000",619000.0,627000.0,603000.0,223388.0,삼성바이오로직스,207940
2020-05-29,622000.0,"상승  11,000",616000.0,628000.0,613000.0,149536.0,삼성바이오로직스,207940
2020-06-01,629000.0,"상승  7,000",629000.0,632000.0,620000.0,118807.0,삼성바이오로직스,207940
2020-06-02,629000.0,보합0,626000.0,631000.0,621000.0,83476.0,삼성바이오로직스,207940
2020-06-03,626000.0,"하락  3,000",635000.0,638000.0,617000.0,185023.0,삼성바이오로직스,207940
2020-06-04,650000.0,"상승  24,000",626000.0,660000.0,617000.0,578811.0,삼성바이오로직스,207940
2020-06-05,665000.0,"상승  15,000",645000.0,678000.0,640000.0,326076.0,삼성바이오로직스,207940
2020-06-08,664000.0,"하락  1,000",667000.0,671000.0,646000.0,298766.0,삼성바이오로직스,207940
2020-06-09,676000.0,"상승  12,000",679000.0,690000.0,667000.0,296132.0,삼성바이오로직스,207940
2020-06-10,704000.0,"상승  28,000",679000.0,705000.0,676000.0,282781.0,삼성바이오로직스,207940
2020-06-11,747000.0,"상승  43,000",716000.0,770000.0,711000.0,593199.0,삼성바이오로직스,207940
2020-06-12,805000.0,"상승  58,000",719000.0,817000.0,718000.0,789465.0,삼성바이오로직스,207940
2020-06-15,808000.0,"상승  3,000",827000.0,863000.0,770000.0,846654.0,삼성바이오로직스,207940
2020-06-16,826000.0,"상승  18,000",846000.0,847000.0,808000.0,404083.0,삼성바이오로직스,207940
2020-06-17,824000.0,"하락  2,000",823000.0,834000.0,807000.0,278676.0,삼성바이오로직스,207940
2020-06-18,810000.0,"하락  14,000",824000.0,831000.0,807000.0,189462.0,삼성바이오로직스,207940
2020-06-19,801000.0,"하락  9,000",816000.0,816000.0,778000.0,349718.0,삼성바이오로직스,207940
2020-06-22,793000.0,"하락  8,000",795000.0,808000.0,785000.0,175790.0,삼성바이오로직스,207940
2020-06-23,802000.0,"상승  9,000",800000.0,816000.0,787000.0,292065.0,삼성바이오로직스,207940
2020-06-24,819000.0,"상승  17,000",834000.0,835000.0,813000.0,284743.0,삼성바이오로직스,207940
2020-06-25,815000.0,"하락  4,000",811000.0,833000.0,811000.0,163339.0,삼성바이오로직스,207940
2020-06-26,810000.0,"하락  5,000",821000.0,823000.0,793000.0,175138.0,삼성바이오로직스,207940
2020-06-29,784000.0,"하락  26,000",808000.0,809000.0,784000.0,174433.0,삼성바이오로직스,207940
2020-06-30,775000.0,"하락  9,000",784000.0,791000.0,765000.0,230619.0,삼성바이오로직스,207940
2020-07-01,752000.0,"하락  23,000",775000.0,784000.0,752000.0,225298.0,삼성바이오로직스,207940
2020-07-02,786000.0,"상승  34,000",764000.0,795000.0,763000.0,266716.0,삼성바이오로직스,207940
2020-07-03,771000.0,"하락  15,000",795000.0,796000.0,764000.0,225308.0,삼성바이오로직스,207940
2020-07-06,754000.0,"하락  17,000",765000.0,767000.0,745000.0,250485.0,삼성바이오로직스,207940
2020-07-07,751000.0,"하락  3,000",763000.0,767000.0,746000.0,253614.0,삼성바이오로직스,207940
2020-07-08,736000.0,"하락  15,000",747000.0,754000.0,726000.0,287658.0,삼성바이오로직스,207940
2020-07-09,741000.0,"상승  5,000",736000.0,752000.0,729000.0,204703.0,삼성바이오로직스,207940
2020-07-10,731000.0,"하락  10,000",748000.0,748000.0,725000.0,163506.0,삼성바이오로직스,207940
2020-07-13,730000.0,"하락  1,000",738000.0,738000.0,716000.0,179922.0,삼성바이오로직스,207940
2020-07-14,735000.0,"상승  5,000",733000.0,749000.0,724000.0,169708.0,삼성바이오로직스,207940
2020-07-15,749000.0,"상승  14,000",749000.0,750000.0,738000.0,167363.0,삼성바이오로직스,207940
2020-07-16,732000.0,"하락  17,000",750000.0,750000.0,732000.0,118279.0,삼성바이오로직스,207940
2020-07-17,743000.0,"상승  11,000",726000.0,744000.0,716000.0,148719.0,삼성바이오로직스,207940
2020-07-20,739000.0,"하락  4,000",744000.0,752000.0,735000.0,190729.0,삼성바이오로직스,207940
2020-07-21,750000.0,"상승  11,000",743000.0,752000.0,742000.0,167336.0,삼성바이오로직스,207940
2020-07-22,790000.0,"상승  40,000",757000.0,790000.0,744000.0,371837.0,삼성바이오로직스,207940
2020-07-23,775000.0,"하락  15,000",794000.0,797000.0,772000.0,200661.0,삼성바이오로직스,207940
2020-07-24,755000.0,"하락  20,000",768000.0,773000.0,755000.0,145328.0,삼성바이오로직스,207940
2020-07-27,754000.0,"하락  1,000",753000.0,765000.0,752000.0,93656.0,삼성바이오로직스,207940
2020-07-28,761000.0,"상승  7,000",764000.0,771000.0,760000.0,167728.0,삼성바이오로직스,207940
2020-07-29,741000.0,"하락  20,000",763000.0,763000.0,737000.0,191530.0,삼성바이오로직스,207940
2020-07-30,736000.0,"하락  5,000",735000.0,744000.0,724000.0,143504.0,삼성바이오로직스,207940
2020-07-31,733000.0,"하락  3,000",736000.0,745000.0,733000.0,95025.0,삼성바이오로직스,207940
2020-08-03,736000.0,"상승  3,000",728000.0,740000.0,717000.0,163725.0,삼성바이오로직스,207940
2020-08-04,735000.0,"하락  1,000",735000.0,746000.0,730000.0,108754.0,삼성바이오로직스,207940
2020-08-05,787000.0,"상승  52,000",746000.0,793000.0,740000.0,521095.0,삼성바이오로직스,207940
2020-08-06,778000.0,"하락  9,000",806000.0,811000.0,773000.0,286882.0,삼성바이오로직스,207940
2020-08-07,768000.0,"하락  10,000",783000.0,785000.0,762000.0,167220.0,삼성바이오로직스,207940
2020-08-10,771000.0,"상승  3,000",768000.0,781000.0,756000.0,177707.0,삼성바이오로직스,207940
2020-08-11,804000.0,"상승  33,000",793000.0,832000.0,783000.0,761446.0,삼성바이오로직스,207940
2020-08-12,843000.0,"상승  39,000",815000.0,854000.0,814000.0,760424.0,삼성바이오로직스,207940
2020-08-13,820000.0,"하락  23,000",837000.0,844000.0,809000.0,366305.0,삼성바이오로직스,207940
2020-08-14,800000.0,"하락  20,000",815000.0,830000.0,791000.0,216375.0,삼성바이오로직스,207940
2020-08-18,802000.0,"상승  2,000",800000.0,837000.0,795000.0,271955.0,삼성바이오로직스,207940
2020-08-19,809000.0,"상승  7,000",815000.0,828000.0,805000.0,150028.0,삼성바이오로직스,207940
2020-08-20,794000.0,"하락  15,000",800000.0,823000.0,792000.0,201445.0,삼성바이오로직스,207940
2020-08-21,799000.0,"상승  5,000",808000.0,809000.0,788000.0,143094.0,삼성바이오로직스,207940
2020-08-24,820000.0,"상승  21,000",800000.0,822000.0,799000.0,131478.0,삼성바이오로직스,207940
2020-08-25,815000.0,"하락  5,000",824000.0,826000.0,808000.0,104240.0,삼성바이오로직스,207940
2020-08-26,812000.0,"하락  3,000",812000.0,822000.0,807000.0,101158.0,삼성바이오로직스,207940
2020-08-27,801000.0,"하락  11,000",810000.0,812000.0,799000.0,132306.0,삼성바이오로직스,207940
2020-08-28,799000.0,"하락  2,000",808000.0,809000.0,795000.0,100079.0,삼성바이오로직스,207940
2020-08-31,778000.0,"하락  21,000",797000.0,799000.0,775000.0,233612.0,삼성바이오로직스,207940
2020-09-01,781000.0,"상승  3,000",775000.0,802000.0,775000.0,162447.0,삼성바이오로직스,207940
2020-09-02,770000.0,"하락  11,000",783000.0,786000.0,758000.0,188679.0,삼성바이오로직스,207940
2020-09-03,779000.0,"상승  9,000",768000.0,788000.0,765000.0,132075.0,삼성바이오로직스,207940
2020-09-04,773000.0,"하락  6,000",757000.0,774000.0,757000.0,124897.0,삼성바이오로직스,207940
2020-09-07,776000.0,"상승  3,000",773000.0,788000.0,767000.0,85511.0,삼성바이오로직스,207940
2020-09-08,774000.0,"하락  2,000",777000.0,781000.0,770000.0,71815.0,삼성바이오로직스,207940
2020-09-09,759000.0,"하락  15,000",764000.0,772000.0,756000.0,129170.0,삼성바이오로직스,207940
2020-09-10,764000.0,"상승  5,000",766000.0,767000.0,759000.0,84507.0,삼성바이오로직스,207940
2020-09-11,761000.0,"하락  3,000",758000.0,762000.0,755000.0,72604.0,삼성바이오로직스,207940
2020-09-14,763000.0,"상승  2,000",773000.0,773000.0,760000.0,77199.0,삼성바이오로직스,207940
2020-09-15,773000.0,"상승  10,000",766000.0,782000.0,761000.0,93709.0,삼성바이오로직스,207940
2020-09-16,776000.0,"상승  3,000",778000.0,780000.0,771000.0,79971.0,삼성바이오로직스,207940
2020-09-17,757000.0,"하락  19,000",773000.0,775000.0,757000.0,121310.0,삼성바이오로직스,207940
2020-09-18,758000.0,"상승  1,000",758000.0,762000.0,748000.0,64797.0,삼성바이오로직스,207940
2020-09-21,740000.0,"하락  18,000",755000.0,762000.0,735000.0,96630.0,삼성바이오로직스,207940
2020-09-22,731000.0,"하락  9,000",765000.0,772000.0,730000.0,174966.0,삼성바이오로직스,207940
2020-09-23,705000.0,"하락  26,000",732000.0,736000.0,698000.0,199488.0,삼성바이오로직스,207940
2020-09-24,673000.0,"하락  32,000",690000.0,698000.0,673000.0,186230.0,삼성바이오로직스,207940
2020-09-25,675000.0,"상승  2,000",674000.0,690000.0,665000.0,109274.0,삼성바이오로직스,207940
2020-09-28,685000.0,"상승  10,000",680000.0,690000.0,676000.0,59316.0,삼성바이오로직스,207940
2020-09-29,690000.0,"상승  5,000",690000.0,696000.0,685000.0,69147.0,삼성바이오로직스,207940
2020-10-05,685000.0,"하락  5,000",697000.0,701000.0,682000.0,69478.0,삼성바이오로직스,207940
2020-10-06,712000.0,"상승  27,000",688000.0,714000.0,687000.0,101544.0,삼성바이오로직스,207940
2020-10-07,721000.0,"상승  9,000",712000.0,726000.0,710000.0,87946.0,삼성바이오로직스,207940
2020-10-08,715000.0,"하락  6,000",725000.0,728000.0,712000.0,75344.0,삼성바이오로직스,207940
2020-10-12,719000.0,"상승  4,000",724000.0,724000.0,715000.0,54650.0,삼성바이오로직스,207940
2020-10-13,723000.0,"상승  4,000",719000.0,724000.0,718000.0,57458.0,삼성바이오로직스,207940
2020-10-14,707000.0,"하락  16,000",720000.0,720000.0,707000.0,64578.0,삼성바이오로직스,207940
2020-10-15,704000.0,"하락  3,000",713000.0,719000.0,704000.0,67044.0,삼성바이오로직스,207940
2020-10-16,687000.0,"하락  17,000",690000.0,699000.0,684000.0,113875.0,삼성바이오로직스,207940
2020-10-19,686000.0,"하락  1,000",692000.0,699000.0,686000.0,58832.0,삼성바이오로직스,207940
2020-10-20,682000.0,"하락  4,000",682000.0,689000.0,670000.0,81702.0,삼성바이오로직스,207940
2020-10-21,688000.0,"상승  6,000",683000.0,688000.0,677000.0,46859.0,삼성바이오로직스,207940
2020-10-22,658000.0,"하락  30,000",679000.0,684000.0,652000.0,186612.0,삼성바이오로직스,207940
2020-10-23,636000.0,"하락  22,000",659000.0,660000.0,631000.0,196988.0,삼성바이오로직스,207940
2020-10-26,630000.0,"하락  6,000",648000.0,661000.0,626000.0,189595.0,삼성바이오로직스,207940
2020-10-27,635000.0,"상승  5,000",630000.0,656000.0,624000.0,127882.0,삼성바이오로직스,207940
2020-10-28,637000.0,"상승  2,000",635000.0,643000.0,633000.0,55140.0,삼성바이오로직스,207940
2020-10-29,697000.0,"상승  60,000",630000.0,701000.0,630000.0,301106.0,삼성바이오로직스,207940
2020-10-30,682000.0,"하락  15,000",695000.0,712000.0,676000.0,251134.0,삼성바이오로직스,207940
2020-11-02,698000.0,"상승  16,000",691000.0,699000.0,682000.0,84738.0,삼성바이오로직스,207940
2020-11-03,699000.0,"상승  1,000",699000.0,707000.0,690000.0,97868.0,삼성바이오로직스,207940
2020-11-04,733000.0,"상승  34,000",709000.0,740000.0,707000.0,252251.0,삼성바이오로직스,207940
2020-11-05,781000.0,"상승  48,000",767000.0,787000.0,757000.0,447218.0,삼성바이오로직스,207940
2020-11-06,777000.0,"하락  4,000",781000.0,783000.0,767000.0,157305.0,삼성바이오로직스,207940
2020-11-09,761000.0,"하락  16,000",765000.0,774000.0,753000.0,263933.0,삼성바이오로직스,207940
2020-11-10,752000.0,"하락  9,000",777000.0,779000.0,750000.0,210011.0,삼성바이오로직스,207940
2020-11-11,761000.0,"상승  9,000",752000.0,767000.0,746000.0,117807.0,삼성바이오로직스,207940
2020-11-12,753000.0,"하락  8,000",761000.0,765000.0,753000.0,72329.0,삼성바이오로직스,207940
2020-11-13,757000.0,"상승  4,000",749000.0,766000.0,741000.0,82968.0,삼성바이오로직스,207940
2020-11-16,758000.0,"상승  1,000",763000.0,765000.0,753000.0,74377.0,삼성바이오로직스,207940
2020-11-17,774000.0,"상승  16,000",761000.0,777000.0,757000.0,202657.0,삼성바이오로직스,207940
2020-11-18,812000.0,"상승  38,000",787000.0,817000.0,785000.0,403958.0,삼성바이오로직스,207940
2020-11-19,808000.0,"하락  4,000",816000.0,826000.0,805000.0,183412.0,삼성바이오로직스,207940
2020-11-20,799000.0,"하락  9,000",807000.0,807000.0,792000.0,120173.0,삼성바이오로직스,207940
2020-11-23,804000.0,"상승  5,000",805000.0,814000.0,802000.0,102645.0,삼성바이오로직스,207940
2020-11-24,802000.0,"하락  2,000",806000.0,806000.0,792000.0,125177.0,삼성바이오로직스,207940
2020-11-25,803000.0,"상승  1,000",798000.0,833000.0,796000.0,233314.0,삼성바이오로직스,207940
2020-11-26,799000.0,"하락  4,000",807000.0,808000.0,797000.0,79921.0,삼성바이오로직스,207940
2020-11-27,799000.0,보합0,799000.0,807000.0,796000.0,88639.0,삼성바이오로직스,207940
2020-11-30,786000.0,"하락  13,000",805000.0,812000.0,786000.0,158509.0,삼성바이오로직스,207940
2020-12-01,793000.0,"상승  7,000",794000.0,799000.0,786000.0,76336.0,삼성바이오로직스,207940
2020-12-02,790000.0,"하락  3,000",796000.0,796000.0,777000.0,146554.0,삼성바이오로직스,207940
2020-12-03,805000.0,"상승  15,000",786000.0,805000.0,782000.0,143791.0,삼성바이오로직스,207940
2020-12-04,825000.0,"상승  20,000",802000.0,828000.0,798000.0,301856.0,삼성바이오로직스,207940
2020-12-07,880000.0,"상승  55,000",833000.0,880000.0,827000.0,507215.0,삼성바이오로직스,207940
2020-12-08,828000.0,"하락  52,000",872000.0,873000.0,828000.0,400980.0,삼성바이오로직스,207940
2020-12-09,822000.0,"하락  6,000",831000.0,838000.0,811000.0,193188.0,삼성바이오로직스,207940
2020-12-10,819000.0,"하락  3,000",809000.0,830000.0,804000.0,164234.0,삼성바이오로직스,207940
2020-12-11,820000.0,"상승  1,000",826000.0,828000.0,815000.0,86772.0,삼성바이오로직스,207940
2020-12-14,812000.0,"하락  8,000",818000.0,819000.0,810000.0,83466.0,삼성바이오로직스,207940
2020-12-15,800000.0,"하락  12,000",815000.0,815000.0,796000.0,115628.0,삼성바이오로직스,207940
2020-12-16,807000.0,"상승  7,000",801000.0,816000.0,794000.0,108007.0,삼성바이오로직스,207940
2020-12-17,804000.0,"하락  3,000",804000.0,805000.0,798000.0,69288.0,삼성바이오로직스,207940
2020-12-18,802000.0,"하락  2,000",804000.0,808000.0,800000.0,66994.0,삼성바이오로직스,207940
2020-12-21,823000.0,"상승  21,000",802000.0,828000.0,797000.0,187024.0,삼성바이오로직스,207940
2020-12-22,803000.0,"하락  20,000",824000.0,826000.0,800000.0,107220.0,삼성바이오로직스,207940
2020-12-23,796000.0,"하락  7,000",808000.0,810000.0,795000.0,119092.0,삼성바이오로직스,207940
2020-12-24,794000.0,"하락  2,000",798000.0,802000.0,788000.0,113354.0,삼성바이오로직스,207940
2020-12-28,789000.0,"하락  5,000",797000.0,805000.0,788000.0,190178.0,삼성바이오로직스,207940
2020-12-29,822000.0,"상승  33,000",808000.0,827000.0,798000.0,222705.0,삼성바이오로직스,207940
2020-12-30,826000.0,"상승  4,000",828000.0,833000.0,816000.0,150024.0,삼성바이오로직스,207940
2021-01-04,829000.0,"상승  3,000",819000.0,838000.0,804000.0,182864.0,삼성바이오로직스,207940
2021-01-05,832000.0,"상승  3,000",825000.0,834000.0,818000.0,119911.0,삼성바이오로직스,207940
2021-01-06,817000.0,"하락  15,000",828000.0,837000.0,816000.0,145873.0,삼성바이오로직스,207940
2021-01-07,819000.0,"상승  2,000",824000.0,824000.0,816000.0,116480.0,삼성바이오로직스,207940
2021-01-08,837000.0,"상승  18,000",821000.0,840000.0,815000.0,263860.0,삼성바이오로직스,207940
2021-01-11,846000.0,"상승  9,000",841000.0,883000.0,824000.0,560123.0,삼성바이오로직스,207940
2021-01-12,818000.0,"하락  28,000",847000.0,862000.0,806000.0,289113.0,삼성바이오로직스,207940
2021-01-13,830000.0,"상승  12,000",814000.0,832000.0,802000.0,207744.0,삼성바이오로직스,207940
2021-01-14,816000.0,"하락  14,000",828000.0,828000.0,810000.0,163631.0,삼성바이오로직스,207940
2021-01-15,804000.0,"하락  12,000",820000.0,824000.0,804000.0,142061.0,삼성바이오로직스,207940
2021-01-18,788000.0,"하락  16,000",793000.0,811000.0,786000.0,163860.0,삼성바이오로직스,207940
2021-01-19,796000.0,"상승  8,000",786000.0,807000.0,775000.0,137717.0,삼성바이오로직스,207940
2021-01-20,795000.0,"하락  1,000",800000.0,804000.0,786000.0,98277.0,삼성바이오로직스,207940
2021-01-21,796000.0,"상승  1,000",795000.0,802000.0,793000.0,85041.0,삼성바이오로직스,207940
2021-01-22,794000.0,"하락  2,000",799000.0,804000.0,789000.0,117646.0,삼성바이오로직스,207940
2021-01-25,790000.0,"하락  4,000",791000.0,798000.0,786000.0,117640.0,삼성바이오로직스,207940
2021-01-26,802000.0,"상승  12,000",795000.0,827000.0,793000.0,277731.0,삼성바이오로직스,207940
2021-01-27,849000.0,"상승  47,000",829000.0,852000.0,808000.0,652417.0,삼성바이오로직스,207940
2021-01-28,838000.0,"하락  11,000",830000.0,846000.0,816000.0,233243.0,삼성바이오로직스,207940
2021-01-29,793000.0,"하락  45,000",844000.0,844000.0,792000.0,276664.0,삼성바이오로직스,207940
2021-02-01,813000.0,"상승  20,000",801000.0,816000.0,795000.0,138666.0,삼성바이오로직스,207940
2021-02-02,826000.0,"상승  13,000",817000.0,829000.0,806000.0,136914.0,삼성바이오로직스,207940
2021-02-03,825000.0,"하락  1,000",832000.0,834000.0,813000.0,114009.0,삼성바이오로직스,207940
2021-02-04,813000.0,"하락  12,000",821000.0,822000.0,806000.0,97807.0,삼성바이오로직스,207940
2021-02-05,812000.0,"하락  1,000",813000.0,817000.0,806000.0,67117.0,삼성바이오로직스,207940
2021-02-08,804000.0,"하락  8,000",811000.0,819000.0,803000.0,67546.0,삼성바이오로직스,207940
2021-02-09,802000.0,"하락  2,000",805000.0,810000.0,802000.0,59434.0,삼성바이오로직스,207940
2021-02-10,799000.0,"하락  3,000",806000.0,807000.0,795000.0,82470.0,삼성바이오로직스,207940
2021-02-15,800000.0,"상승  1,000",804000.0,805000.0,799000.0,70396.0,삼성바이오로직스,207940
2021-02-16,796000.0,"하락  4,000",801000.0,803000.0,794000.0,88743.0,삼성바이오로직스,207940
2021-02-17,786000.0,"하락  10,000",793000.0,793000.0,778000.0,131486.0,삼성바이오로직스,207940
2021-02-18,783000.0,"하락  3,000",784000.0,794000.0,783000.0,62888.0,삼성바이오로직스,207940
2021-02-19,793000.0,"상승  10,000",785000.0,793000.0,779000.0,81612.0,삼성바이오로직스,207940
2021-02-22,780000.0,"하락  13,000",793000.0,794000.0,779000.0,77046.0,삼성바이오로직스,207940
2021-02-23,760000.0,"하락  20,000",773000.0,774000.0,755000.0,138304.0,삼성바이오로직스,207940
2021-02-24,747000.0,"하락  13,000",757000.0,770000.0,745000.0,125104.0,삼성바이오로직스,207940
2021-02-25,775000.0,"상승  28,000",754000.0,779000.0,748000.0,81593.0,삼성바이오로직스,207940
2021-02-26,750000.0,"하락  25,000",763000.0,764000.0,750000.0,124989.0,삼성바이오로직스,207940
2021-03-02,753000.0,"상승  3,000",757000.0,772000.0,748000.0,83482.0,삼성바이오로직스,207940
2021-03-03,761000.0,"상승  8,000",751000.0,761000.0,748000.0,56621.0,삼성바이오로직스,207940
2021-03-04,748000.0,"하락  13,000",750000.0,756000.0,747000.0,87883.0,삼성바이오로직스,207940
2021-03-05,719000.0,"하락  29,000",735000.0,739000.0,713000.0,140641.0,삼성바이오로직스,207940
2021-03-08,696000.0,"하락  23,000",723000.0,723000.0,695000.0,114589.0,삼성바이오로직스,207940
2021-03-09,687000.0,"하락  9,000",686000.0,702000.0,679000.0,170456.0,삼성바이오로직스,207940
2021-03-10,685000.0,"하락  2,000",699000.0,703000.0,685000.0,65475.0,삼성바이오로직스,207940
2021-03-11,715000.0,"상승  30,000",685000.0,721000.0,685000.0,110454.0,삼성바이오로직스,207940
2021-03-12,743000.0,"상승  28,000",725000.0,756000.0,724000.0,129033.0,삼성바이오로직스,207940
2021-03-15,735000.0,"하락  8,000",740000.0,742000.0,724000.0,59610.0,삼성바이오로직스,207940
2021-03-16,733000.0,"하락  2,000",750000.0,750000.0,733000.0,61599.0,삼성바이오로직스,207940
2021-03-17,719000.0,"하락  14,000",734000.0,735000.0,714000.0,78695.0,삼성바이오로직스,207940
2021-03-18,722000.0,"상승  3,000",729000.0,733000.0,722000.0,63699.0,삼성바이오로직스,207940
2021-03-19,708000.0,"하락  14,000",707000.0,717000.0,705000.0,71381.0,삼성바이오로직스,207940
2021-03-22,715000.0,"상승  7,000",715000.0,718000.0,706000.0,39471.0,삼성바이오로직스,207940
2021-03-23,713000.0,"하락  2,000",719000.0,732000.0,712000.0,62167.0,삼성바이오로직스,207940
2021-03-24,716000.0,"상승  3,000",705000.0,717000.0,705000.0,38877.0,삼성바이오로직스,207940
2021-03-25,718000.0,"상승  2,000",713000.0,725000.0,710000.0,40360.0,삼성바이오로직스,207940
2021-03-26,725000.0,"상승  7,000",720000.0,735000.0,718000.0,52111.0,삼성바이오로직스,207940
2021-03-29,748000.0,"상승  23,000",726000.0,748000.0,721000.0,82903.0,삼성바이오로직스,207940
2021-03-30,747000.0,"하락  1,000",751000.0,752000.0,741000.0,34703.0,삼성바이오로직스,207940
2021-03-31,748000.0,"상승  1,000",749000.0,760000.0,744000.0,52596.0,삼성바이오로직스,207940
2021-04-01,747000.0,"하락  1,000",744000.0,753000.0,742000.0,57031.0,삼성바이오로직스,207940
2021-04-02,744000.0,"하락  3,000",748000.0,752000.0,740000.0,46372.0,삼성바이오로직스,207940
2021-04-05,750000.0,"상승  6,000",741000.0,751000.0,726000.0,72103.0,삼성바이오로직스,207940
2021-04-06,754000.0,"상승  4,000",746000.0,755000.0,743000.0,55193.0,삼성바이오로직스,207940
2021-04-07,765000.0,"상승  11,000",754000.0,779000.0,745000.0,103587.0,삼성바이오로직스,207940
2021-04-08,763000.0,"하락  2,000",760000.0,770000.0,757000.0,43788.0,삼성바이오로직스,207940
2021-04-09,770000.0,"상승  7,000",763000.0,772000.0,758000.0,50421.0,삼성바이오로직스,207940
2021-04-12,782000.0,"상승  12,000",771000.0,785000.0,766000.0,76799.0,삼성바이오로직스,207940
2021-04-13,784000.0,"상승  2,000",784000.0,787000.0,776000.0,62975.0,삼성바이오로직스,207940
2021-04-14,790000.0,"상승  6,000",784000.0,798000.0,784000.0,81368.0,삼성바이오로직스,207940
2021-04-15,806000.0,"상승  16,000",790000.0,815000.0,782000.0,149649.0,삼성바이오로직스,207940
2021-04-16,831000.0,"상승  25,000",815000.0,834000.0,796000.0,208728.0,삼성바이오로직스,207940
2021-04-19,830000.0,"하락  1,000",837000.0,867000.0,822000.0,448937.0,삼성바이오로직스,207940
2021-04-20,837000.0,"상승  7,000",835000.0,849000.0,830000.0,108759.0,삼성바이오로직스,207940
2021-04-21,833000.0,"하락  4,000",830000.0,845000.0,820000.0,124866.0,삼성바이오로직스,207940
2021-04-22,805000.0,"하락  28,000",821000.0,827000.0,804000.0,142543.0,삼성바이오로직스,207940
2021-04-23,812000.0,"상승  7,000",805000.0,816000.0,795000.0,73481.0,삼성바이오로직스,207940
2021-04-26,819000.0,"상승  7,000",810000.0,821000.0,805000.0,64069.0,삼성바이오로직스,207940
2021-04-27,807000.0,"하락  12,000",819000.0,823000.0,807000.0,53297.0,삼성바이오로직스,207940
2021-04-28,791000.0,"하락  16,000",804000.0,811000.0,791000.0,73974.0,삼성바이오로직스,207940
2021-04-29,800000.0,"상승  9,000",795000.0,809000.0,795000.0,67566.0,삼성바이오로직스,207940
2021-04-30,804000.0,"상승  4,000",795000.0,815000.0,794000.0,65795.0,삼성바이오로직스,207940
2021-05-03,773000.0,"하락  31,000",804000.0,804000.0,767000.0,107110.0,삼성바이오로직스,207940
2021-05-04,764000.0,"하락  9,000",767000.0,772000.0,745000.0,97400.0,삼성바이오로직스,207940
2021-05-06,783000.0,"상승  19,000",760000.0,789000.0,752000.0,92941.0,삼성바이오로직스,207940
2021-05-07,804000.0,"상승  21,000",785000.0,828000.0,785000.0,192884.0,삼성바이오로직스,207940
2021-05-10,816000.0,"상승  12,000",806000.0,824000.0,804000.0,87358.0,삼성바이오로직스,207940
2021-05-11,817000.0,"상승  1,000",815000.0,818000.0,801000.0,90692.0,삼성바이오로직스,207940
2021-05-12,856000.0,"상승  39,000",838000.0,864000.0,827000.0,785496.0,삼성바이오로직스,207940
2021-05-13,866000.0,"상승  10,000",844000.0,905000.0,843000.0,603585.0,삼성바이오로직스,207940
2021-05-14,948000.0,"상승  82,000",901000.0,948000.0,866000.0,1010588.0,삼성바이오로직스,207940
2021-05-17,874000.0,"하락  74,000",930000.0,932000.0,874000.0,546343.0,삼성바이오로직스,207940
2021-05-18,894000.0,"상승  20,000",888000.0,917000.0,875000.0,399446.0,삼성바이오로직스,207940
2021-05-20,891000.0,"하락  3,000",896000.0,900000.0,868000.0,220304.0,삼성바이오로직스,207940
2021-05-21,861000.0,"하락  30,000",887000.0,888000.0,853000.0,224370.0,삼성바이오로직스,207940
2021-05-24,858000.0,"하락  3,000",880000.0,906000.0,858000.0,507253.0,삼성바이오로직스,207940
2021-05-25,850000.0,"하락  8,000",858000.0,864000.0,836000.0,205987.0,삼성바이오로직스,207940
2021-05-26,835000.0,"하락  15,000",850000.0,855000.0,832000.0,143340.0,삼성바이오로직스,207940
2021-05-27,817000.0,"하락  18,000",824000.0,832000.0,806000.0,215484.0,삼성바이오로직스,207940
2021-05-28,827000.0,"상승  10,000",817000.0,834000.0,817000.0,118554.0,삼성바이오로직스,207940
2021-05-31,845000.0,"상승  18,000",828000.0,846000.0,827000.0,119113.0,삼성바이오로직스,207940
2021-06-01,832000.0,"하락  13,000",865000.0,873000.0,829000.0,207823.0,삼성바이오로직스,207940
2021-06-02,818000.0,"하락  14,000",833000.0,836000.0,816000.0,127408.0,삼성바이오로직스,207940
2021-06-03,824000.0,"상승  6,000",822000.0,828000.0,811000.0,88042.0,삼성바이오로직스,207940
2021-06-04,840000.0,"상승  16,000",819000.0,842000.0,818000.0,104312.0,삼성바이오로직스,207940
2021-06-07,842000.0,"상승  2,000",852000.0,856000.0,840000.0,92575.0,삼성바이오로직스,207940
2021-06-08,855000.0,"상승  13,000",880000.0,881000.0,852000.0,267532.0,삼성바이오로직스,207940
2021-06-09,834000.0,"하락  21,000",857000.0,861000.0,834000.0,117646.0,삼성바이오로직스,207940
2021-06-10,855000.0,"상승  21,000",835000.0,862000.0,831000.0,134990.0,삼성바이오로직스,207940
2021-06-11,845000.0,"하락  10,000",860000.0,860000.0,845000.0,76050.0,삼성바이오로직스,207940
2021-06-14,853000.0,"상승  8,000",846000.0,855000.0,845000.0,60306.0,삼성바이오로직스,207940
2021-06-15,842000.0,"하락  11,000",850000.0,850000.0,841000.0,51168.0,삼성바이오로직스,207940
2021-06-16,833000.0,"하락  9,000",839000.0,839000.0,832000.0,70626.0,삼성바이오로직스,207940
2021-06-17,833000.0,보합0,828000.0,840000.0,827000.0,54444.0,삼성바이오로직스,207940
2021-06-18,836000.0,"상승  3,000",831000.0,840000.0,830000.0,59330.0,삼성바이오로직스,207940
2021-06-21,854000.0,"상승  18,000",828000.0,856000.0,827000.0,79659.0,삼성바이오로직스,207940
2021-06-22,846000.0,"하락  8,000",850000.0,851000.0,840000.0,66216.0,삼성바이오로직스,207940
2021-06-23,857000.0,"상승  11,000",849000.0,865000.0,847000.0,124793.0,삼성바이오로직스,207940
2021-06-24,855000.0,"하락  2,000",858000.0,864000.0,849000.0,70683.0,삼성바이오로직스,207940
2021-06-25,849000.0,"하락  6,000",855000.0,861000.0,844000.0,60580.0,삼성바이오로직스,207940
2021-06-28,843000.0,"하락  6,000",850000.0,854000.0,843000.0,48640.0,삼성바이오로직스,207940
2021-06-29,846000.0,"상승  3,000",842000.0,855000.0,839000.0,50518.0,삼성바이오로직스,207940
2021-06-30,841000.0,"하락  5,000",846000.0,850000.0,841000.0,51281.0,삼성바이오로직스,207940
2021-07-01,855000.0,"상승  14,000",845000.0,860000.0,838000.0,106751.0,삼성바이오로직스,207940
2021-07-02,855000.0,보합0,854000.0,860000.0,849000.0,43494.0,삼성바이오로직스,207940
2021-07-05,867000.0,"상승  12,000",857000.0,876000.0,850000.0,146462.0,삼성바이오로직스,207940
2021-07-06,850000.0,"하락  17,000",864000.0,865000.0,850000.0,70185.0,삼성바이오로직스,207940
2021-07-07,845000.0,"하락  5,000",850000.0,859000.0,845000.0,63222.0,삼성바이오로직스,207940
2021-07-08,863000.0,"상승  18,000",851000.0,869000.0,850000.0,149679.0,삼성바이오로직스,207940
2021-07-09,857000.0,"하락  6,000",863000.0,877000.0,848000.0,110673.0,삼성바이오로직스,207940
2021-07-12,870000.0,"상승  13,000",864000.0,870000.0,857000.0,58273.0,삼성바이오로직스,207940
2021-07-13,865000.0,"하락  5,000",870000.0,871000.0,858000.0,50327.0,삼성바이오로직스,207940
2021-07-14,864000.0,"하락  1,000",866000.0,868000.0,859000.0,44645.0,삼성바이오로직스,207940
2021-07-15,874000.0,"상승  10,000",866000.0,878000.0,865000.0,83299.0,삼성바이오로직스,207940
2021-07-16,899000.0,"상승  25,000",877000.0,904000.0,874000.0,233974.0,삼성바이오로직스,207940
2021-07-19,916000.0,"상승  17,000",901000.0,924000.0,891000.0,183976.0,삼성바이오로직스,207940
2021-07-20,913000.0,"하락  3,000",914000.0,932000.0,900000.0,126069.0,삼성바이오로직스,207940
2021-07-21,901000.0,"하락  12,000",915000.0,915000.0,886000.0,124618.0,삼성바이오로직스,207940
2021-07-22,884000.0,"하락  17,000",898000.0,909000.0,883000.0,107502.0,삼성바이오로직스,207940
2021-07-23,893000.0,"상승  9,000",880000.0,900000.0,875000.0,73603.0,삼성바이오로직스,207940
2021-07-26,894000.0,"상승  1,000",898000.0,920000.0,890000.0,119465.0,삼성바이오로직스,207940
2021-07-27,908000.0,"상승  14,000",902000.0,915000.0,897000.0,119227.0,삼성바이오로직스,207940
2021-07-28,906000.0,"하락  2,000",897000.0,917000.0,897000.0,157281.0,삼성바이오로직스,207940
2021-07-29,911000.0,"상승  5,000",912000.0,920000.0,903000.0,82368.0,삼성바이오로직스,207940
2021-07-30,890000.0,"하락  21,000",913000.0,913000.0,889000.0,94672.0,삼성바이오로직스,207940
2021-08-02,913000.0,"상승  23,000",898000.0,915000.0,895000.0,76937.0,삼성바이오로직스,207940
2021-08-03,909000.0,"하락  4,000",913000.0,917000.0,903000.0,61569.0,삼성바이오로직스,207940
2021-08-04,903000.0,"하락  6,000",910000.0,913000.0,892000.0,81836.0,삼성바이오로직스,207940
2021-08-05,912000.0,"상승  9,000",908000.0,938000.0,907000.0,186525.0,삼성바이오로직스,207940
2021-08-06,919000.0,"상승  7,000",927000.0,929000.0,916000.0,90944.0,삼성바이오로직스,207940
2021-08-09,909000.0,"하락  10,000",916000.0,919000.0,906000.0,63998.0,삼성바이오로직스,207940
2021-08-10,947000.0,"상승  38,000",920000.0,984000.0,915000.0,523623.0,삼성바이오로직스,207940
2021-08-11,975000.0,"상승  28,000",957000.0,980000.0,943000.0,277414.0,삼성바이오로직스,207940
2021-08-12,972000.0,"하락  3,000",966000.0,987000.0,955000.0,152001.0,삼성바이오로직스,207940
2021-08-13,983000.0,"상승  11,000",978000.0,990000.0,966000.0,147387.0,삼성바이오로직스,207940
2021-08-17,1012000.0,"상승  29,000",994000.0,1020000.0,990000.0,322585.0,삼성바이오로직스,207940
2021-08-18,993000.0,"하락  19,000",1017000.0,1047000.0,984000.0,237435.0,삼성바이오로직스,207940
2021-08-19,975000.0,"하락  18,000",984000.0,1004000.0,972000.0,145935.0,삼성바이오로직스,207940
2021-08-20,986000.0,"상승  11,000",981000.0,1004000.0,976000.0,145247.0,삼성바이오로직스,207940
2021-08-23,1009000.0,"상승  23,000",995000.0,1014000.0,991000.0,132244.0,삼성바이오로직스,207940
2021-08-24,956000.0,"하락  53,000",1013000.0,1014000.0,945000.0,319689.0,삼성바이오로직스,207940
2021-08-25,963000.0,"상승  7,000",963000.0,971000.0,935000.0,198943.0,삼성바이오로직스,207940
2021-08-26,954000.0,"하락  9,000",964000.0,965000.0,946000.0,100079.0,삼성바이오로직스,207940
2021-08-27,947000.0,"하락  7,000",947000.0,954000.0,943000.0,75275.0,삼성바이오로직스,207940
2021-08-30,947000.0,보합0,952000.0,954000.0,931000.0,85372.0,삼성바이오로직스,207940
2021-08-31,965000.0,"상승  18,000",941000.0,965000.0,939000.0,128840.0,삼성바이오로직스,207940
2021-09-01,962000.0,"하락  3,000",966000.0,969000.0,956000.0,67635.0,삼성바이오로직스,207940
2021-09-02,948000.0,"하락  14,000",962000.0,962000.0,948000.0,57000.0,삼성바이오로직스,207940
2021-09-03,951000.0,"상승  3,000",949000.0,961000.0,948000.0,53506.0,삼성바이오로직스,207940
2021-09-06,954000.0,"상승  3,000",952000.0,959000.0,947000.0,38495.0,삼성바이오로직스,207940
2021-09-07,950000.0,"하락  4,000",950000.0,953000.0,946000.0,38510.0,삼성바이오로직스,207940
2021-09-08,931000.0,"하락  19,000",945000.0,950000.0,930000.0,68979.0,삼성바이오로직스,207940
2021-09-09,913000.0,"하락  18,000",925000.0,930000.0,909000.0,103517.0,삼성바이오로직스,207940
2021-09-10,925000.0,"상승  12,000",919000.0,935000.0,919000.0,59758.0,삼성바이오로직스,207940
2021-09-13,913000.0,"하락  12,000",920000.0,929000.0,908000.0,45749.0,삼성바이오로직스,207940
2021-09-14,913000.0,보합0,916000.0,919000.0,910000.0,55234.0,삼성바이오로직스,207940
2021-09-15,936000.0,"상승  23,000",919000.0,940000.0,915000.0,76766.0,삼성바이오로직스,207940
2021-09-16,916000.0,"하락  20,000",936000.0,942000.0,916000.0,55857.0,삼성바이오로직스,207940
2021-09-17,933000.0,"상승  17,000",917000.0,933000.0,914000.0,71228.0,삼성바이오로직스,207940
2021-09-23,920000.0,"하락  13,000",919000.0,939000.0,919000.0,50033.0,삼성바이오로직스,207940
2021-09-24,922000.0,"상승  2,000",921000.0,926000.0,915000.0,46886.0,삼성바이오로직스,207940
2021-09-27,920000.0,"하락  2,000",925000.0,935000.0,917000.0,51127.0,삼성바이오로직스,207940
2021-09-28,871000.0,"하락  49,000",913000.0,913000.0,869000.0,179106.0,삼성바이오로직스,207940
2021-09-29,874000.0,"상승  3,000",854000.0,878000.0,849000.0,102177.0,삼성바이오로직스,207940
2021-09-30,874000.0,보합0,867000.0,882000.0,866000.0,59201.0,삼성바이오로직스,207940
2021-10-01,875000.0,"상승  1,000",872000.0,883000.0,870000.0,53368.0,삼성바이오로직스,207940
2021-10-05,812000.0,"하락  63,000",849000.0,859000.0,807000.0,170809.0,삼성바이오로직스,207940
2021-10-06,791000.0,"하락  21,000",818000.0,823000.0,783000.0,139569.0,삼성바이오로직스,207940
2021-10-07,815000.0,"상승  24,000",798000.0,824000.0,798000.0,79810.0,삼성바이오로직스,207940
2021-10-08,830000.0,"상승  15,000",828000.0,830000.0,812000.0,60505.0,삼성바이오로직스,207940
2021-10-12,834000.0,"상승  4,000",840000.0,844000.0,821000.0,83369.0,삼성바이오로직스,207940
2021-10-13,829000.0,"하락  5,000",834000.0,841000.0,829000.0,44924.0,삼성바이오로직스,207940
2021-10-14,859000.0,"상승  30,000",841000.0,859000.0,835000.0,60936.0,삼성바이오로직스,207940
2021-10-15,869000.0,"상승  10,000",864000.0,871000.0,855000.0,63084.0,삼성바이오로직스,207940
2021-10-18,858000.0,"하락  11,000",876000.0,877000.0,858000.0,45258.0,삼성바이오로직스,207940
2021-10-19,868000.0,"상승  10,000",870000.0,871000.0,859000.0,30213.0,삼성바이오로직스,207940
2021-10-20,875000.0,"상승  7,000",870000.0,887000.0,868000.0,43048.0,삼성바이오로직스,207940
2021-10-21,868000.0,"하락  7,000",875000.0,877000.0,861000.0,38914.0,삼성바이오로직스,207940
2021-10-22,880000.0,"상승  12,000",868000.0,883000.0,867000.0,43131.0,삼성바이오로직스,207940
2021-10-25,877000.0,"하락  3,000",877000.0,879000.0,861000.0,39704.0,삼성바이오로직스,207940
2021-10-26,879000.0,"상승  2,000",878000.0,889000.0,870000.0,51109.0,삼성바이오로직스,207940
2021-10-27,898000.0,"상승  19,000",895000.0,908000.0,893000.0,87845.0,삼성바이오로직스,207940
2021-10-28,886000.0,"하락  12,000",908000.0,908000.0,886000.0,76267.0,삼성바이오로직스,207940
2021-10-29,871000.0,"하락  15,000",896000.0,899000.0,866000.0,55423.0,삼성바이오로직스,207940
2021-11-01,874000.0,"상승  3,000",877000.0,883000.0,870000.0,39448.0,삼성바이오로직스,207940
2021-11-02,874000.0,보합0,868000.0,883000.0,868000.0,36404.0,삼성바이오로직스,207940
2021-11-03,874000.0,보합0,876000.0,880000.0,862000.0,37933.0,삼성바이오로직스,207940
2021-11-04,865000.0,"하락  9,000",882000.0,889000.0,864000.0,45906.0,삼성바이오로직스,207940
2021-11-05,864000.0,"하락  1,000",865000.0,873000.0,850000.0,48988.0,삼성바이오로직스,207940
2021-11-08,823000.0,"하락  41,000",850000.0,854000.0,808000.0,96993.0,삼성바이오로직스,207940
2021-11-09,826000.0,"상승  3,000",821000.0,836000.0,820000.0,39166.0,삼성바이오로직스,207940
2021-11-10,820000.0,"하락  6,000",821000.0,836000.0,814000.0,57089.0,삼성바이오로직스,207940
2021-11-11,819000.0,"하락  1,000",813000.0,820000.0,811000.0,39365.0,삼성바이오로직스,207940
2021-11-12,833000.0,"상승  14,000",820000.0,844000.0,820000.0,46428.0,삼성바이오로직스,207940
2021-11-15,864000.0,"상승  31,000",845000.0,873000.0,840000.0,76609.0,삼성바이오로직스,207940
2021-11-16,872000.0,"상승  8,000",866000.0,875000.0,851000.0,45731.0,삼성바이오로직스,207940
2021-11-17,850000.0,"하락  22,000",868000.0,871000.0,845000.0,49961.0,삼성바이오로직스,207940
2021-11-18,841000.0,"하락  9,000",845000.0,851000.0,834000.0,39378.0,삼성바이오로직스,207940
2021-11-19,892000.0,"상승  51,000",854000.0,892000.0,850000.0,111679.0,삼성바이오로직스,207940
2021-11-22,876000.0,"하락  16,000",884000.0,896000.0,873000.0,69421.0,삼성바이오로직스,207940
2021-11-23,855000.0,"하락  21,000",869000.0,877000.0,852000.0,59915.0,삼성바이오로직스,207940
2021-11-24,849000.0,"하락  6,000",851000.0,865000.0,847000.0,41799.0,삼성바이오로직스,207940
2021-11-25,847000.0,"하락  2,000",845000.0,855000.0,845000.0,24821.0,삼성바이오로직스,207940
2021-11-26,870000.0,"상승  23,000",844000.0,884000.0,842000.0,71357.0,삼성바이오로직스,207940
2021-11-29,884000.0,"상승  14,000",888000.0,920000.0,876000.0,113628.0,삼성바이오로직스,207940
2021-11-30,889000.0,"상승  5,000",887000.0,905000.0,884000.0,119393.0,삼성바이오로직스,207940
2021-12-01,891000.0,"상승  2,000",890000.0,915000.0,886000.0,95400.0,삼성바이오로직스,207940
2021-12-02,892000.0,"상승  1,000",886000.0,896000.0,865000.0,59739.0,삼성바이오로직스,207940
2021-12-03,900000.0,"상승  8,000",876000.0,904000.0,872000.0,58605.0,삼성바이오로직스,207940
2021-12-06,901000.0,"상승  1,000",901000.0,909000.0,885000.0,46974.0,삼성바이오로직스,207940
2021-12-07,877000.0,"하락  24,000",886000.0,892000.0,849000.0,93704.0,삼성바이오로직스,207940
2021-12-08,914000.0,"상승  37,000",883000.0,920000.0,882000.0,139324.0,삼성바이오로직스,207940
2021-12-09,916000.0,"상승  2,000",914000.0,919000.0,900000.0,96606.0,삼성바이오로직스,207940
2021-12-10,901000.0,"하락  15,000",907000.0,916000.0,901000.0,39525.0,삼성바이오로직스,207940
2021-12-13,872000.0,"하락  29,000",907000.0,910000.0,871000.0,78202.0,삼성바이오로직스,207940
2021-12-14,890000.0,"상승  18,000",886000.0,895000.0,872000.0,74909.0,삼성바이오로직스,207940
2021-12-15,904000.0,"상승  14,000",899000.0,912000.0,895000.0,79450.0,삼성바이오로직스,207940
2021-12-16,958000.0,"상승  54,000",917000.0,959000.0,917000.0,285399.0,삼성바이오로직스,207940
2021-12-17,955000.0,"하락  3,000",953000.0,967000.0,943000.0,140167.0,삼성바이오로직스,207940
2021-12-20,935000.0,"하락  20,000",961000.0,962000.0,930000.0,64857.0,삼성바이오로직스,207940
2021-12-21,929000.0,"하락  6,000",936000.0,945000.0,924000.0,48341.0,삼성바이오로직스,207940
2021-12-22,901000.0,"하락  28,000",915000.0,925000.0,898000.0,80433.0,삼성바이오로직스,207940
2021-12-23,896000.0,"하락  5,000",901000.0,905000.0,882000.0,68267.0,삼성바이오로직스,207940
2021-12-24,885000.0,"하락  11,000",896000.0,903000.0,885000.0,49424.0,삼성바이오로직스,207940
2021-12-27,886000.0,"상승  1,000",885000.0,897000.0,885000.0,57185.0,삼성바이오로직스,207940
2021-12-28,891000.0,"상승  5,000",891000.0,893000.0,883000.0,90833.0,삼성바이오로직스,207940
2021-12-29,890000.0,"하락  1,000",899000.0,905000.0,884000.0,71560.0,삼성바이오로직스,207940
2021-12-30,903000.0,"상승  13,000",959000.0,959000.0,896000.0,173007.0,삼성바이오로직스,207940
2022-01-03,911000.0,"상승  8,000",903000.0,920000.0,902000.0,46043.0,삼성바이오로직스,207940
2022-01-04,888000.0,"하락  23,000",902000.0,911000.0,885000.0,71100.0,삼성바이오로직스,207940
2022-01-05,861000.0,"하락  27,000",881000.0,882000.0,853000.0,96818.0,삼성바이오로직스,207940
2022-01-06,838000.0,"하락  23,000",861000.0,866000.0,835000.0,82022.0,삼성바이오로직스,207940
2022-01-07,844000.0,"상승  6,000",838000.0,850000.0,838000.0,72184.0,삼성바이오로직스,207940
2022-01-10,836000.0,"하락  8,000",853000.0,853000.0,834000.0,48848.0,삼성바이오로직스,207940
2022-01-11,833000.0,"하락  3,000",833000.0,844000.0,833000.0,41179.0,삼성바이오로직스,207940
2022-01-12,857000.0,"상승  24,000",842000.0,862000.0,838000.0,65309.0,삼성바이오로직스,207940
2022-01-13,865000.0,"상승  8,000",855000.0,865000.0,845000.0,61773.0,삼성바이오로직스,207940
2022-01-14,850000.0,"하락  15,000",859000.0,862000.0,843000.0,49224.0,삼성바이오로직스,207940
2022-01-17,826000.0,"하락  24,000",838000.0,850000.0,822000.0,71098.0,삼성바이오로직스,207940
2022-01-18,806000.0,"하락  20,000",826000.0,831000.0,805000.0,95674.0,삼성바이오로직스,207940
2022-01-19,816000.0,"상승  10,000",801000.0,826000.0,800000.0,48003.0,삼성바이오로직스,207940
2022-01-20,816000.0,보합0,820000.0,822000.0,810000.0,37566.0,삼성바이오로직스,207940
2022-01-21,818000.0,"상승  2,000",811000.0,830000.0,810000.0,38291.0,삼성바이오로직스,207940
2022-01-24,811000.0,"하락  7,000",813000.0,820000.0,806000.0,40440.0,삼성바이오로직스,207940
2022-01-25,780000.0,"하락  31,000",813000.0,815000.0,780000.0,103821.0,삼성바이오로직스,207940
2022-01-26,757000.0,"하락  23,000",782000.0,784000.0,757000.0,97445.0,삼성바이오로직스,207940
2022-01-27,712000.0,"하락  45,000",757000.0,758000.0,712000.0,165806.0,삼성바이오로직스,207940
2022-01-28,739000.0,"상승  27,000",699000.0,750000.0,693000.0,170082.0,삼성바이오로직스,207940
2022-02-03,772000.0,"상승  33,000",750000.0,785000.0,745000.0,96017.0,삼성바이오로직스,207940
2022-02-04,769000.0,"하락  3,000",761000.0,780000.0,760000.0,41715.0,삼성바이오로직스,207940
2022-02-07,763000.0,"하락  6,000",766000.0,768000.0,747000.0,46758.0,삼성바이오로직스,207940
2022-02-08,800000.0,"상승  37,000",780000.0,840000.0,772000.0,171625.0,삼성바이오로직스,207940
2022-02-09,773000.0,"하락  27,000",792000.0,800000.0,771000.0,74136.0,삼성바이오로직스,207940
2022-02-10,776000.0,"상승  3,000",774000.0,781000.0,771000.0,51347.0,삼성바이오로직스,207940
2022-02-11,754000.0,"하락  22,000",762000.0,762000.0,745000.0,61692.0,삼성바이오로직스,207940
2022-02-14,763000.0,"상승  9,000",742000.0,774000.0,739000.0,59900.0,삼성바이오로직스,207940
2022-02-15,740000.0,"하락  23,000",765000.0,771000.0,735000.0,57002.0,삼성바이오로직스,207940
2022-02-16,757000.0,"상승  17,000",751000.0,766000.0,746000.0,44371.0,삼성바이오로직스,207940
2022-02-17,760000.0,"상승  3,000",764000.0,775000.0,745000.0,51498.0,삼성바이오로직스,207940
2022-02-18,757000.0,"하락  3,000",746000.0,759000.0,745000.0,38173.0,삼성바이오로직스,207940
2022-02-21,767000.0,"상승  10,000",745000.0,770000.0,743000.0,33131.0,삼성바이오로직스,207940
2022-02-22,775000.0,"상승  8,000",756000.0,778000.0,755000.0,52892.0,삼성바이오로직스,207940
2022-02-23,769000.0,"하락  6,000",780000.0,785000.0,769000.0,36370.0,삼성바이오로직스,207940
2022-02-24,760000.0,"하락  9,000",765000.0,766000.0,750000.0,41112.0,삼성바이오로직스,207940
2022-02-25,769000.0,"상승  9,000",760000.0,772000.0,758000.0,56486.0,삼성바이오로직스,207940
2022-02-28,779000.0,"상승  19,000",757000.0,779000.0,747000.0,63114.0,삼성바이오로직스,207940
2022-03-02,768000.0,"하락  11,000",789000.0,794000.0,762000.0,63797.0,삼성바이오로직스,207940
2022-03-03,787000.0,"상승  19,000",768000.0,788000.0,763000.0,45302.0,삼성바이오로직스,207940
2022-03-04,775000.0,"하락  12,000",788000.0,794000.0,770000.0,42743.0,삼성바이오로직스,207940
2022-03-07,764000.0,"하락  11,000",764000.0,770000.0,755000.0,39433.0,삼성바이오로직스,207940
2022-03-08,769000.0,"상승  5,000",760000.0,777000.0,753000.0,38676.0,삼성바이오로직스,207940
2022-03-10,793000.0,"상승  24,000",784000.0,795000.0,775000.0,84286.0,삼성바이오로직스,207940
2022-03-11,787000.0,"하락  6,000",785000.0,799000.0,780000.0,39856.0,삼성바이오로직스,207940
2022-03-14,799000.0,"상승  12,000",783000.0,799000.0,778000.0,51580.0,삼성바이오로직스,207940
2022-03-15,811000.0,"상승  12,000",800000.0,815000.0,793000.0,58260.0,삼성바이오로직스,207940
2022-03-16,826000.0,"상승  15,000",822000.0,827000.0,812000.0,54051.0,삼성바이오로직스,207940
2022-03-17,815000.0,"하락  11,000",834000.0,840000.0,813000.0,63072.0,삼성바이오로직스,207940
2022-03-18,828000.0,"상승  13,000",816000.0,830000.0,816000.0,51227.0,삼성바이오로직스,207940
2022-03-21,829000.0,"상승  1,000",829000.0,837000.0,827000.0,49535.0,삼성바이오로직스,207940
2022-03-22,836000.0,"상승  7,000",830000.0,837000.0,815000.0,33607.0,삼성바이오로직스,207940
2022-03-23,835000.0,"하락  1,000",836000.0,844000.0,831000.0,39884.0,삼성바이오로직스,207940
2022-03-24,824000.0,"하락  11,000",830000.0,835000.0,814000.0,45561.0,삼성바이오로직스,207940
2022-03-25,819000.0,"하락  5,000",821000.0,824000.0,811000.0,43776.0,삼성바이오로직스,207940
2022-03-28,823000.0,"상승  4,000",810000.0,824000.0,810000.0,31750.0,삼성바이오로직스,207940
2022-03-29,828000.0,"상승  5,000",827000.0,828000.0,820000.0,32949.0,삼성바이오로직스,207940
2022-03-30,844000.0,"상승  16,000",832000.0,848000.0,829000.0,50145.0,삼성바이오로직스,207940
2022-03-31,827000.0,"하락  17,000",836000.0,840000.0,826000.0,59199.0,삼성바이오로직스,207940
2022-04-01,820000.0,"하락  7,000",825000.0,825000.0,815000.0,45194.0,삼성바이오로직스,207940
2022-04-04,816000.0,"하락  4,000",810000.0,819000.0,803000.0,46595.0,삼성바이오로직스,207940
2022-04-05,813000.0,"하락  3,000",815000.0,821000.0,811000.0,38306.0,삼성바이오로직스,207940
2022-04-06,813000.0,보합0,809000.0,823000.0,807000.0,51140.0,삼성바이오로직스,207940
2022-04-07,810000.0,"하락  3,000",808000.0,821000.0,808000.0,48246.0,삼성바이오로직스,207940
2022-04-08,809000.0,"하락  1,000",812000.0,817000.0,800000.0,36035.0,삼성바이오로직스,207940
2022-04-11,801000.0,"하락  8,000",801000.0,813000.0,797000.0,31885.0,삼성바이오로직스,207940
2022-04-12,790000.0,"하락  11,000",795000.0,804000.0,782000.0,42326.0,삼성바이오로직스,207940
2022-04-13,808000.0,"상승  18,000",794000.0,810000.0,787000.0,44448.0,삼성바이오로직스,207940
2022-04-14,839000.0,"상승  31,000",809000.0,842000.0,806000.0,111394.0,삼성바이오로직스,207940
2022-04-15,835000.0,"하락  4,000",830000.0,851000.0,822000.0,57478.0,삼성바이오로직스,207940
2022-04-18,832000.0,"하락  3,000",827000.0,835000.0,822000.0,29124.0,삼성바이오로직스,207940
2022-04-19,825000.0,"하락  7,000",833000.0,835000.0,824000.0,34139.0,삼성바이오로직스,207940
2022-04-20,805000.0,"하락  20,000",826000.0,826000.0,805000.0,44188.0,삼성바이오로직스,207940
2022-04-21,806000.0,"상승  1,000",813000.0,814000.0,806000.0,23476.0,삼성바이오로직스,207940
2022-04-22,801000.0,"하락  5,000",804000.0,805000.0,796000.0,38163.0,삼성바이오로직스,207940
2022-04-25,793000.0,"하락  8,000",791000.0,800000.0,791000.0,27420.0,삼성바이오로직스,207940
2022-04-26,804000.0,"상승  11,000",796000.0,818000.0,796000.0,56631.0,삼성바이오로직스,207940
2022-04-27,810000.0,"상승  6,000",793000.0,814000.0,791000.0,35379.0,삼성바이오로직스,207940
2022-04-28,835000.0,"상승  25,000",820000.0,835000.0,812000.0,98611.0,삼성바이오로직스,207940
2022-04-29,838000.0,"상승  3,000",827000.0,839000.0,827000.0,64323.0,삼성바이오로직스,207940
2022-05-02,838000.0,보합0,829000.0,839000.0,829000.0,27315.0,삼성바이오로직스,207940
2022-05-03,832000.0,"하락  6,000",839000.0,844000.0,831000.0,34633.0,삼성바이오로직스,207940
2022-05-04,815000.0,"하락  17,000",833000.0,837000.0,806000.0,43678.0,삼성바이오로직스,207940
2022-05-06,794000.0,"하락  21,000",804000.0,809000.0,794000.0,52249.0,삼성바이오로직스,207940
2022-05-09,798000.0,"상승  4,000",795000.0,800000.0,791000.0,36444.0,삼성바이오로직스,207940
2022-05-10,798000.0,보합0,801000.0,808000.0,792000.0,52666.0,삼성바이오로직스,207940
2022-05-11,793000.0,"하락  5,000",793000.0,798000.0,790000.0,29860.0,삼성바이오로직스,207940
2022-05-12,788000.0,"하락  5,000",790000.0,800000.0,781000.0,50875.0,삼성바이오로직스,207940
2022-05-13,785000.0,"하락  3,000",794000.0,795000.0,775000.0,63186.0,삼성바이오로직스,207940
2022-05-16,770000.0,"하락  15,000",789000.0,790000.0,770000.0,43738.0,삼성바이오로직스,207940
2022-05-17,766000.0,"하락  4,000",770000.0,777000.0,765000.0,42209.0,삼성바이오로직스,207940
2022-05-18,793000.0,"상승  27,000",769000.0,793000.0,768000.0,46566.0,삼성바이오로직스,207940
2022-05-19,796000.0,"상승  3,000",781000.0,798000.0,778000.0,42562.0,삼성바이오로직스,207940
2022-05-20,808000.0,"상승  12,000",799000.0,811000.0,795000.0,38873.0,삼성바이오로직스,207940
2022-05-23,819000.0,"상승  11,000",808000.0,820000.0,803000.0,34569.0,삼성바이오로직스,207940
2022-05-24,808000.0,"하락  11,000",810000.0,820000.0,804000.0,37925.0,삼성바이오로직스,207940
2022-05-25,831000.0,"상승  23,000",813000.0,840000.0,811000.0,94179.0,삼성바이오로직스,207940
2022-05-26,840000.0,"상승  9,000",826000.0,843000.0,826000.0,58955.0,삼성바이오로직스,207940
2022-05-27,834000.0,"하락  6,000",837000.0,843000.0,829000.0,32396.0,삼성바이오로직스,207940
2022-05-30,843000.0,"상승  9,000",835000.0,844000.0,830000.0,34264.0,삼성바이오로직스,207940
2022-05-31,847000.0,"상승  4,000",839000.0,847000.0,831000.0,76864.0,삼성바이오로직스,207940
2022-06-02,843000.0,"하락  4,000",837000.0,848000.0,834000.0,49405.0,삼성바이오로직스,207940
2022-06-03,852000.0,"상승  9,000",844000.0,854000.0,842000.0,43400.0,삼성바이오로직스,207940
2022-06-07,822000.0,"하락  30,000",845000.0,846000.0,818000.0,71342.0,삼성바이오로직스,207940
2022-06-08,828000.0,"상승  6,000",828000.0,832000.0,822000.0,41013.0,삼성바이오로직스,207940
2022-06-09,811000.0,"하락  17,000",816000.0,820000.0,804000.0,90268.0,삼성바이오로직스,207940
2022-06-10,811000.0,보합0,801000.0,815000.0,795000.0,56259.0,삼성바이오로직스,207940
2022-06-13,786000.0,"하락  25,000",790000.0,794000.0,781000.0,70989.0,삼성바이오로직스,207940
2022-06-14,784000.0,"하락  2,000",780000.0,796000.0,779000.0,61682.0,삼성바이오로직스,207940
2022-06-15,790000.0,"상승  6,000",791000.0,805000.0,783000.0,61101.0,삼성바이오로직스,207940
2022-06-16,807000.0,"상승  17,000",805000.0,814000.0,801000.0,58692.0,삼성바이오로직스,207940
2022-06-17,832000.0,"상승  25,000",795000.0,832000.0,795000.0,250445.0,삼성바이오로직스,207940
2022-06-20,822000.0,"하락  10,000",825000.0,826000.0,807000.0,53603.0,삼성바이오로직스,207940
2022-06-21,821000.0,"하락  1,000",830000.0,830000.0,815000.0,38656.0,삼성바이오로직스,207940
2022-06-22,817000.0,"하락  4,000",818000.0,825000.0,810000.0,67848.0,삼성바이오로직스,207940
2022-06-23,820000.0,"상승  3,000",815000.0,829000.0,812000.0,98694.0,삼성바이오로직스,207940
2022-06-24,831000.0,"상승  11,000",829000.0,834000.0,821000.0,98390.0,삼성바이오로직스,207940
2022-06-27,806000.0,"하락  25,000",833000.0,833000.0,805000.0,73157.0,삼성바이오로직스,207940
2022-06-28,815000.0,"상승  9,000",809000.0,815000.0,801000.0,44514.0,삼성바이오로직스,207940
2022-06-29,801000.0,"하락  14,000",812000.0,815000.0,799000.0,46937.0,삼성바이오로직스,207940
2022-06-30,790000.0,"하락  11,000",803000.0,806000.0,790000.0,57985.0,삼성바이오로직스,207940
2022-07-01,781000.0,"하락  9,000",799000.0,803000.0,773000.0,103125.0,삼성바이오로직스,207940
2022-07-04,791000.0,"상승  10,000",782000.0,794000.0,775000.0,79057.0,삼성바이오로직스,207940
2022-07-05,805000.0,"상승  14,000",793000.0,805000.0,790000.0,50698.0,삼성바이오로직스,207940
2022-07-06,800000.0,"하락  5,000",795000.0,810000.0,794000.0,62898.0,삼성바이오로직스,207940
2022-07-07,817000.0,"상승  17,000",808000.0,817000.0,802000.0,55331.0,삼성바이오로직스,207940
2022-07-08,819000.0,"상승  2,000",816000.0,820000.0,810000.0,48501.0,삼성바이오로직스,207940
2022-07-11,829000.0,"상승  10,000",818000.0,831000.0,815000.0,62385.0,삼성바이오로직스,207940
2022-07-12,834000.0,"상승  5,000",829000.0,834000.0,815000.0,64634.0,삼성바이오로직스,207940
2022-07-13,832000.0,"하락  2,000",834000.0,835000.0,828000.0,42820.0,삼성바이오로직스,207940
2022-07-14,825000.0,"하락  7,000",823000.0,829000.0,813000.0,57296.0,삼성바이오로직스,207940
2022-07-15,817000.0,"하락  8,000",826000.0,828000.0,813000.0,38951.0,삼성바이오로직스,207940
2022-07-18,810000.0,"하락  7,000",813000.0,817000.0,803000.0,46011.0,삼성바이오로직스,207940
2022-07-19,819000.0,"상승  9,000",824000.0,828000.0,812000.0,46882.0,삼성바이오로직스,207940
2022-07-20,823000.0,"상승  4,000",823000.0,827000.0,817000.0,35555.0,삼성바이오로직스,207940
2022-07-21,817000.0,"하락  6,000",820000.0,826000.0,812000.0,35928.0,삼성바이오로직스,207940
2022-07-22,829000.0,"상승  12,000",816000.0,830000.0,815000.0,56066.0,삼성바이오로직스,207940
2022-07-25,829000.0,보합0,826000.0,833000.0,824000.0,38835.0,삼성바이오로직스,207940
2022-07-26,828000.0,"하락  1,000",826000.0,829000.0,820000.0,28450.0,삼성바이오로직스,207940
2022-07-27,841000.0,"상승  13,000",829000.0,847000.0,828000.0,84428.0,삼성바이오로직스,207940
2022-07-28,863000.0,"상승  22,000",844000.0,867000.0,844000.0,108584.0,삼성바이오로직스,207940
2022-07-29,865000.0,"상승  2,000",868000.0,875000.0,862000.0,62152.0,삼성바이오로직스,207940
2022-08-01,878000.0,"상승  13,000",857000.0,879000.0,856000.0,63497.0,삼성바이오로직스,207940
2022-08-02,866000.0,"하락  12,000",882000.0,883000.0,860000.0,57857.0,삼성바이오로직스,207940
2022-08-03,871000.0,"상승  5,000",870000.0,875000.0,866000.0,40455.0,삼성바이오로직스,207940
2022-08-04,875000.0,"상승  4,000",873000.0,876000.0,866000.0,43618.0,삼성바이오로직스,207940
2022-08-05,895000.0,"상승  20,000",876000.0,899000.0,876000.0,78645.0,삼성바이오로직스,207940
2022-08-08,900000.0,"상승  5,000",894000.0,900000.0,886000.0,49453.0,삼성바이오로직스,207940
2022-08-09,902000.0,"상승  2,000",900000.0,904000.0,896000.0,38539.0,삼성바이오로직스,207940
2022-08-10,892000.0,"하락  10,000",904000.0,910000.0,880000.0,43858.0,삼성바이오로직스,207940
2022-08-11,904000.0,"상승  12,000",897000.0,905000.0,897000.0,71857.0,삼성바이오로직스,207940
2022-08-12,910000.0,"상승  6,000",905000.0,910000.0,890000.0,39544.0,삼성바이오로직스,207940
2022-08-16,905000.0,"하락  5,000",918000.0,922000.0,898000.0,37178.0,삼성바이오로직스,207940
2022-08-17,871000.0,"하락  34,000",907000.0,909000.0,870000.0,85143.0,삼성바이오로직스,207940
2022-08-18,875000.0,"상승  4,000",873000.0,881000.0,864000.0,42475.0,삼성바이오로직스,207940
2022-08-19,868000.0,"하락  7,000",877000.0,879000.0,867000.0,29782.0,삼성바이오로직스,207940
2022-08-22,851000.0,"하락  17,000",861000.0,866000.0,846000.0,52452.0,삼성바이오로직스,207940
2022-08-23,829000.0,"하락  22,000",848000.0,849000.0,828000.0,69480.0,삼성바이오로직스,207940
2022-08-24,828000.0,"하락  1,000",830000.0,835000.0,822000.0,49198.0,삼성바이오로직스,207940
2022-08-25,845000.0,"상승  17,000",836000.0,845000.0,829000.0,37626.0,삼성바이오로직스,207940
2022-08-26,847000.0,"상승  2,000",850000.0,855000.0,840000.0,37322.0,삼성바이오로직스,207940
2022-08-29,829000.0,"하락  18,000",821000.0,834000.0,821000.0,44007.0,삼성바이오로직스,207940
2022-08-30,836000.0,"상승  7,000",836000.0,840000.0,821000.0,45792.0,삼성바이오로직스,207940
2022-08-31,835000.0,"하락  1,000",828000.0,840000.0,825000.0,54257.0,삼성바이오로직스,207940
2022-09-01,826000.0,"하락  9,000",829000.0,833000.0,815000.0,51619.0,삼성바이오로직스,207940
2022-09-02,838000.0,"상승  12,000",826000.0,847000.0,823000.0,60567.0,삼성바이오로직스,207940
2022-09-05,815000.0,"하락  23,000",838000.0,840000.0,810000.0,64477.0,삼성바이오로직스,207940
2022-09-06,816000.0,"상승  1,000",815000.0,822000.0,813000.0,24846.0,삼성바이오로직스,207940
2022-09-07,811000.0,"하락  5,000",811000.0,817000.0,799000.0,66263.0,삼성바이오로직스,207940
2022-09-08,810000.0,"하락  1,000",820000.0,825000.0,809000.0,68024.0,삼성바이오로직스,207940
2022-09-13,841000.0,"상승  31,000",818000.0,843000.0,815000.0,80515.0,삼성바이오로직스,207940
2022-09-14,828000.0,"하락  13,000",816000.0,836000.0,810000.0,69733.0,삼성바이오로직스,207940
2022-09-15,807000.0,"하락  21,000",829000.0,833000.0,805000.0,66323.0,삼성바이오로직스,207940
2022-09-16,802000.0,"하락  5,000",801000.0,806000.0,800000.0,39952.0,삼성바이오로직스,207940
2022-09-19,809000.0,"상승  7,000",800000.0,812000.0,796000.0,38672.0,삼성바이오로직스,207940
2022-09-20,800000.0,"하락  9,000",816000.0,816000.0,800000.0,44660.0,삼성바이오로직스,207940
2022-09-21,786000.0,"하락  14,000",801000.0,801000.0,782000.0,56617.0,삼성바이오로직스,207940
2022-09-22,785000.0,"하락  1,000",780000.0,791000.0,772000.0,42133.0,삼성바이오로직스,207940
2022-09-23,770000.0,"하락  15,000",792000.0,792000.0,770000.0,44823.0,삼성바이오로직스,207940
2022-09-26,758000.0,"하락  12,000",762000.0,770000.0,756000.0,51357.0,삼성바이오로직스,207940
2022-09-27,754000.0,"하락  4,000",758000.0,760000.0,740000.0,52424.0,삼성바이오로직스,207940
2022-09-28,767000.0,"상승  13,000",747000.0,770000.0,745000.0,92653.0,삼성바이오로직스,207940
2022-09-29,813000.0,"상승  46,000",790000.0,825000.0,789000.0,179902.0,삼성바이오로직스,207940
2022-09-30,807000.0,"하락  6,000",814000.0,826000.0,804000.0,75555.0,삼성바이오로직스,207940
2022-10-04,811000.0,"상승  4,000",817000.0,819000.0,800000.0,43322.0,삼성바이오로직스,207940
2022-10-05,807000.0,"하락  4,000",820000.0,820000.0,806000.0,38578.0,삼성바이오로직스,207940
2022-10-06,812000.0,"상승  5,000",814000.0,817000.0,806000.0,30976.0,삼성바이오로직스,207940
2022-10-07,811000.0,"하락  1,000",808000.0,819000.0,805000.0,52659.0,삼성바이오로직스,207940
2022-10-11,802000.0,"하락  9,000",810000.0,815000.0,795000.0,52375.0,삼성바이오로직스,207940
2022-10-12,820000.0,"상승  18,000",803000.0,824000.0,796000.0,57310.0,삼성바이오로직스,207940
2022-10-13,807000.0,"하락  13,000",817000.0,821000.0,806000.0,46872.0,삼성바이오로직스,207940
2022-10-14,806000.0,"하락  1,000",819000.0,819000.0,802000.0,58212.0,삼성바이오로직스,207940
2022-10-17,830000.0,"상승  24,000",806000.0,834000.0,803000.0,65499.0,삼성바이오로직스,207940
2022-10-18,845000.0,"상승  15,000",840000.0,848000.0,832000.0,64982.0,삼성바이오로직스,207940
2022-10-19,847000.0,"상승  2,000",845000.0,860000.0,841000.0,59591.0,삼성바이오로직스,207940
2022-10-20,835000.0,"하락  12,000",840000.0,840000.0,824000.0,53252.0,삼성바이오로직스,207940
2022-10-21,847000.0,"상승  12,000",842000.0,849000.0,841000.0,47811.0,삼성바이오로직스,207940
2022-10-24,873000.0,"상승  26,000",856000.0,873000.0,853000.0,93696.0,삼성바이오로직스,207940
2022-10-25,884000.0,"상승  11,000",878000.0,895000.0,868000.0,118113.0,삼성바이오로직스,207940
2022-10-26,896000.0,"상승  12,000",885000.0,899000.0,876000.0,86307.0,삼성바이오로직스,207940
2022-10-27,873000.0,"하락  23,000",901000.0,905000.0,865000.0,155954.0,삼성바이오로직스,207940
2022-10-28,876000.0,"상승  3,000",875000.0,886000.0,872000.0,69625.0,삼성바이오로직스,207940
2022-10-31,877000.0,"상승  1,000",884000.0,892000.0,871000.0,39979.0,삼성바이오로직스,207940
2022-11-01,882000.0,"상승  5,000",886000.0,887000.0,874000.0,50346.0,삼성바이오로직스,207940
2022-11-02,873000.0,"하락  9,000",876000.0,879000.0,867000.0,69085.0,삼성바이오로직스,207940
2022-11-03,870000.0,"하락  3,000",857000.0,879000.0,852000.0,49188.0,삼성바이오로직스,207940
2022-11-04,871000.0,"상승  1,000",872000.0,876000.0,865000.0,24691.0,삼성바이오로직스,207940
2022-11-07,883000.0,"상승  12,000",879000.0,886000.0,870000.0,45877.0,삼성바이오로직스,207940
2022-11-08,900000.0,"상승  17,000",889000.0,906000.0,885000.0,73570.0,삼성바이오로직스,207940
2022-11-09,895000.0,"하락  5,000",900000.0,904000.0,890000.0,64670.0,삼성바이오로직스,207940
2022-11-10,907000.0,"상승  12,000",898000.0,909000.0,898000.0,71787.0,삼성바이오로직스,207940
2022-11-11,900000.0,"하락  7,000",917000.0,920000.0,898000.0,70747.0,삼성바이오로직스,207940
2022-11-14,901000.0,"상승  1,000",899000.0,914000.0,899000.0,56469.0,삼성바이오로직스,207940
2022-11-15,906000.0,"상승  5,000",909000.0,910000.0,901000.0,39296.0,삼성바이오로직스,207940
2022-11-16,880000.0,"하락  26,000",906000.0,907000.0,874000.0,58935.0,삼성바이오로직스,207940
2022-11-17,875000.0,"하락  5,000",881000.0,890000.0,875000.0,33197.0,삼성바이오로직스,207940
2022-11-18,882000.0,"상승  7,000",876000.0,889000.0,874000.0,43806.0,삼성바이오로직스,207940
2022-11-21,888000.0,"상승  6,000",896000.0,896000.0,882000.0,30142.0,삼성바이오로직스,207940
2022-11-22,888000.0,보합0,887000.0,897000.0,884000.0,46618.0,삼성바이오로직스,207940
2022-11-23,888000.0,보합0,890000.0,890000.0,878000.0,31880.0,삼성바이오로직스,207940
2022-11-24,896000.0,"상승  8,000",892000.0,899000.0,888000.0,28432.0,삼성바이오로직스,207940
2022-11-25,903000.0,"상승  7,000",900000.0,904000.0,895000.0,31687.0,삼성바이오로직스,207940
2022-11-28,885000.0,"하락  18,000",901000.0,903000.0,882000.0,23456.0,삼성바이오로직스,207940
2022-11-29,885000.0,보합0,892000.0,893000.0,877000.0,27954.0,삼성바이오로직스,207940
2022-11-30,887000.0,"상승  2,000",881000.0,895000.0,877000.0,69391.0,삼성바이오로직스,207940
2022-12-01,884000.0,"하락  3,000",893000.0,898000.0,877000.0,48256.0,삼성바이오로직스,207940
2022-12-02,870000.0,"하락  14,000",884000.0,885000.0,870000.0,37710.0,삼성바이오로직스,207940
2022-12-05,833000.0,"하락  37,000",870000.0,871000.0,832000.0,92016.0,삼성바이오로직스,207940
2022-12-06,838000.0,"상승  5,000",825000.0,850000.0,825000.0,50341.0,삼성바이오로직스,207940
2022-12-07,831000.0,"하락  7,000",836000.0,841000.0,820000.0,42158.0,삼성바이오로직스,207940
2022-12-08,827000.0,"하락  4,000",828000.0,835000.0,816000.0,83887.0,삼성바이오로직스,207940
2022-12-09,827000.0,보합0,834000.0,835000.0,815000.0,47743.0,삼성바이오로직스,207940
2022-12-12,815000.0,"하락  12,000",827000.0,829000.0,810000.0,37172.0,삼성바이오로직스,207940
2022-12-13,820000.0,"상승  5,000",817000.0,825000.0,816000.0,26943.0,삼성바이오로직스,207940
2022-12-14,837000.0,"상승  17,000",825000.0,845000.0,823000.0,45474.0,삼성바이오로직스,207940
2022-12-15,823000.0,"하락  14,000",839000.0,839000.0,823000.0,26482.0,삼성바이오로직스,207940
2022-12-16,835000.0,"상승  12,000",813000.0,837000.0,811000.0,41298.0,삼성바이오로직스,207940
2022-12-19,821000.0,"하락  14,000",825000.0,831000.0,821000.0,21686.0,삼성바이오로직스,207940
2022-12-20,820000.0,"하락  1,000",820000.0,823000.0,806000.0,35909.0,삼성바이오로직스,207940
2022-12-21,818000.0,"하락  2,000",824000.0,826000.0,811000.0,20757.0,삼성바이오로직스,207940
2022-12-22,824000.0,"상승  6,000",819000.0,826000.0,818000.0,26585.0,삼성바이오로직스,207940
2022-12-23,806000.0,"하락  18,000",815000.0,822000.0,801000.0,44304.0,삼성바이오로직스,207940
2022-12-26,822000.0,"상승  16,000",808000.0,825000.0,808000.0,45707.0,삼성바이오로직스,207940
2022-12-27,828000.0,"상승  6,000",826000.0,832000.0,821000.0,52824.0,삼성바이오로직스,207940
2022-12-28,830000.0,"상승  2,000",821000.0,837000.0,821000.0,50377.0,삼성바이오로직스,207940
2022-12-29,821000.0,"하락  9,000",822000.0,831000.0,820000.0,35179.0,삼성바이오로직스,207940
2023-01-02,827000.0,"상승  6,000",831000.0,833000.0,822000.0,33010.0,삼성바이오로직스,207940
2023-01-03,803000.0,"하락  24,000",825000.0,827000.0,799000.0,71420.0,삼성바이오로직스,207940
2023-01-04,794000.0,"하락  9,000",800000.0,802000.0,783000.0,72399.0,삼성바이오로직스,207940
2023-01-05,808000.0,"상승  14,000",798000.0,813000.0,798000.0,50188.0,삼성바이오로직스,207940
2023-01-06,808000.0,보합0,799000.0,818000.0,798000.0,41149.0,삼성바이오로직스,207940
2023-01-09,812000.0,"상승  4,000",820000.0,824000.0,809000.0,47205.0,삼성바이오로직스,207940
2023-01-10,799000.0,"하락  13,000",816000.0,819000.0,799000.0,65628.0,삼성바이오로직스,207940
2023-01-11,803000.0,"상승  4,000",805000.0,808000.0,799000.0,66767.0,삼성바이오로직스,207940
2023-01-12,811000.0,"상승  8,000",808000.0,817000.0,806000.0,60282.0,삼성바이오로직스,207940
2023-01-13,811000.0,보합0,815000.0,822000.0,811000.0,62114.0,삼성바이오로직스,207940
2023-01-16,807000.0,"하락  4,000",811000.0,815000.0,806000.0,42856.0,삼성바이오로직스,207940
2023-01-17,793000.0,"하락  14,000",810000.0,811000.0,793000.0,79244.0,삼성바이오로직스,207940
2023-01-18,793000.0,보합0,793000.0,795000.0,786000.0,48310.0,삼성바이오로직스,207940
2023-01-19,801000.0,"상승  8,000",793000.0,802000.0,789000.0,38067.0,삼성바이오로직스,207940
2023-01-20,800000.0,"하락  1,000",797000.0,800000.0,794000.0,34432.0,삼성바이오로직스,207940
2023-01-25,798000.0,"하락  2,000",800000.0,804000.0,797000.0,45974.0,삼성바이오로직스,207940
2023-01-26,795000.0,"하락  3,000",798000.0,800000.0,789000.0,85916.0,삼성바이오로직스,207940
2023-01-27,809000.0,"상승  14,000",794000.0,811000.0,791000.0,83364.0,삼성바이오로직스,207940
2023-01-30,803000.0,"하락  6,000",820000.0,830000.0,800000.0,122659.0,삼성바이오로직스,207940
2023-01-31,793000.0,"하락  10,000",804000.0,805000.0,792000.0,94622.0,삼성바이오로직스,207940
2023-02-01,804000.0,"상승  11,000",793000.0,805000.0,788000.0,75059.0,삼성바이오로직스,207940
2023-02-02,812000.0,"상승  8,000",806000.0,817000.0,806000.0,64570.0,삼성바이오로직스,207940
2023-02-03,811000.0,"하락  1,000",807000.0,816000.0,802000.0,47233.0,삼성바이오로직스,207940
2023-02-06,807000.0,"하락  4,000",809000.0,818000.0,803000.0,45588.0,삼성바이오로직스,207940
2023-02-07,813000.0,"상승  6,000",807000.0,816000.0,807000.0,44885.0,삼성바이오로직스,207940
2023-02-08,816000.0,"상승  3,000",813000.0,823000.0,811000.0,41855.0,삼성바이오로직스,207940
2023-02-09,814000.0,"하락  2,000",816000.0,820000.0,809000.0,41262.0,삼성바이오로직스,207940
2023-02-10,808000.0,"하락  6,000",809000.0,811000.0,802000.0,34509.0,삼성바이오로직스,207940
2023-02-13,807000.0,"하락  1,000",808000.0,810000.0,801000.0,31299.0,삼성바이오로직스,207940
2023-02-14,805000.0,"하락  2,000",808000.0,811000.0,802000.0,41122.0,삼성바이오로직스,207940
2023-02-15,794000.0,"하락  11,000",805000.0,806000.0,793000.0,71943.0,삼성바이오로직스,207940
2023-02-16,809000.0,"상승  15,000",797000.0,810000.0,795000.0,46907.0,삼성바이오로직스,207940
2023-02-17,799000.0,"하락  10,000",803000.0,805000.0,797000.0,34197.0,삼성바이오로직스,207940
2023-02-20,805000.0,"상승  6,000",800000.0,809000.0,793000.0,32625.0,삼성바이오로직스,207940
2023-02-21,800000.0,"하락  5,000",801000.0,805000.0,797000.0,37291.0,삼성바이오로직스,207940
2023-02-22,788000.0,"하락  12,000",793000.0,794000.0,787000.0,51047.0,삼성바이오로직스,207940
2023-02-23,789000.0,"상승  1,000",790000.0,794000.0,785000.0,37922.0,삼성바이오로직스,207940
2023-02-24,783000.0,"하락  6,000",789000.0,790000.0,781000.0,39167.0,삼성바이오로직스,207940
2023-02-27,770000.0,"하락  13,000",783000.0,784000.0,767000.0,53333.0,삼성바이오로직스,207940
2023-02-28,773000.0,"상승  3,000",771000.0,784000.0,771000.0,51666.0,삼성바이오로직스,207940
2023-03-02,772000.0,"하락  1,000",775000.0,783000.0,771000.0,55928.0,삼성바이오로직스,207940
2023-03-03,788000.0,"상승  16,000",777000.0,791000.0,776000.0,56555.0,삼성바이오로직스,207940
2023-03-06,801000.0,"상승  13,000",791000.0,804000.0,791000.0,73227.0,삼성바이오로직스,207940
2023-03-07,794000.0,"하락  7,000",801000.0,804000.0,792000.0,50335.0,삼성바이오로직스,207940
2023-03-08,777000.0,"하락  17,000",786000.0,787000.0,775000.0,70153.0,삼성바이오로직스,207940
2023-03-09,771000.0,"하락  6,000",782000.0,782000.0,771000.0,61911.0,삼성바이오로직스,207940
2023-03-10,776000.0,"상승  5,000",769000.0,778000.0,760000.0,63825.0,삼성바이오로직스,207940
2023-03-13,778000.0,"상승  2,000",777000.0,779000.0,767000.0,46901.0,삼성바이오로직스,207940
2023-03-14,772000.0,"하락  6,000",770000.0,785000.0,770000.0,69586.0,삼성바이오로직스,207940
2023-03-15,778000.0,"상승  6,000",776000.0,781000.0,772000.0,36391.0,삼성바이오로직스,207940
2023-03-16,790000.0,"상승  12,000",772000.0,796000.0,771000.0,60191.0,삼성바이오로직스,207940
2023-03-17,808000.0,"상승  18,000",798000.0,809000.0,797000.0,90344.0,삼성바이오로직스,207940
2023-03-20,812000.0,"상승  4,000",813000.0,822000.0,810000.0,54173.0,삼성바이오로직스,207940
2023-03-21,809000.0,"하락  3,000",814000.0,817000.0,805000.0,25661.0,삼성바이오로직스,207940
2023-03-22,810000.0,"상승  1,000",810000.0,815000.0,805000.0,29968.0,삼성바이오로직스,207940
2023-03-23,798000.0,"하락  12,000",810000.0,810000.0,794000.0,41716.0,삼성바이오로직스,207940
2023-03-24,797000.0,"하락  1,000",795000.0,805000.0,792000.0,28390.0,삼성바이오로직스,207940
2023-03-27,797000.0,보합0,797000.0,800000.0,788000.0,47586.0,삼성바이오로직스,207940
2023-03-28,797000.0,보합0,800000.0,803000.0,792000.0,86680.0,삼성바이오로직스,207940
2023-03-29,791000.0,"하락  6,000",797000.0,801000.0,790000.0,60734.0,삼성바이오로직스,207940
2023-03-30,782000.0,"하락  9,000",789000.0,789000.0,781000.0,64701.0,삼성바이오로직스,207940
2023-03-31,788000.0,"상승  6,000",782000.0,790000.0,778000.0,58987.0,삼성바이오로직스,207940
2023-04-03,778000.0,"하락  10,000",789000.0,793000.0,777000.0,59605.0,삼성바이오로직스,207940
2023-04-04,788000.0,"상승  10,000",780000.0,788000.0,777000.0,44466.0,삼성바이오로직스,207940
2023-04-05,788000.0,보합0,788000.0,795000.0,781000.0,38411.0,삼성바이오로직스,207940
2023-04-06,805000.0,"상승  17,000",790000.0,824000.0,790000.0,169315.0,삼성바이오로직스,207940
2023-04-07,796000.0,"하락  9,000",804000.0,805000.0,792000.0,61342.0,삼성바이오로직스,207940
2023-04-10,803000.0,"상승  7,000",796000.0,809000.0,789000.0,61713.0,삼성바이오로직스,207940
2023-04-11,812000.0,"상승  9,000",806000.0,819000.0,804000.0,63793.0,삼성바이오로직스,207940
2023-04-12,800000.0,"하락  12,000",807000.0,812000.0,799000.0,110378.0,삼성바이오로직스,207940
2023-04-13,815000.0,"상승  15,000",800000.0,815000.0,799000.0,85752.0,삼성바이오로직스,207940
2023-04-14,817000.0,"상승  2,000",820000.0,825000.0,815000.0,80632.0,삼성바이오로직스,207940
2023-04-17,812000.0,"하락  5,000",817000.0,818000.0,806000.0,41853.0,삼성바이오로직스,207940
2023-04-18,793000.0,"하락  19,000",807000.0,807000.0,790000.0,83360.0,삼성바이오로직스,207940
2023-04-19,788000.0,"하락  5,000",796000.0,796000.0,783000.0,61842.0,삼성바이오로직스,207940
2023-04-20,785000.0,"하락  3,000",788000.0,790000.0,781000.0,60280.0,삼성바이오로직스,207940
2023-04-21,785000.0,보합0,785000.0,789000.0,781000.0,34511.0,삼성바이오로직스,207940
2023-04-24,797000.0,"상승  12,000",791000.0,800000.0,785000.0,65147.0,삼성바이오로직스,207940
2023-04-25,786000.0,"하락  11,000",804000.0,804000.0,783000.0,65429.0,삼성바이오로직스,207940
2023-04-26,783000.0,"하락  3,000",787000.0,790000.0,781000.0,48842.0,삼성바이오로직스,207940
2023-04-27,778000.0,"하락  5,000",780000.0,782000.0,767000.0,68729.0,삼성바이오로직스,207940
2023-04-28,781000.0,"상승  3,000",775000.0,787000.0,775000.0,51554.0,삼성바이오로직스,207940
2023-05-02,767000.0,"하락  14,000",760000.0,779000.0,756000.0,101034.0,삼성바이오로직스,207940
2023-05-03,775000.0,"상승  8,000",767000.0,775000.0,763000.0,52578.0,삼성바이오로직스,207940
2023-05-04,797000.0,"상승  22,000",771000.0,799000.0,771000.0,144462.0,삼성바이오로직스,207940
2023-05-08,788000.0,"하락  9,000",799000.0,804000.0,787000.0,61820.0,삼성바이오로직스,207940
2023-05-09,788000.0,보합0,789000.0,797000.0,786000.0,43606.0,삼성바이오로직스,207940
2023-05-10,780000.0,"하락  8,000",790000.0,791000.0,777000.0,39107.0,삼성바이오로직스,207940
2023-05-11,783000.0,"상승  3,000",783000.0,789000.0,780000.0,41095.0,삼성바이오로직스,207940
2023-05-12,781000.0,"하락  2,000",783000.0,785000.0,775000.0,28940.0,삼성바이오로직스,207940
2023-05-15,789000.0,"상승  8,000",776000.0,790000.0,776000.0,39732.0,삼성바이오로직스,207940
2023-05-16,790000.0,"상승  1,000",783000.0,794000.0,783000.0,24523.0,삼성바이오로직스,207940
2023-05-17,787000.0,"하락  3,000",783000.0,790000.0,783000.0,14877.0,삼성바이오로직스,207940
2023-05-18,780000.0,"하락  7,000",788000.0,790000.0,779000.0,37125.0,삼성바이오로직스,207940
2023-05-19,779000.0,"하락  1,000",777000.0,782000.0,776000.0,34230.0,삼성바이오로직스,207940
2023-05-22,787000.0,"상승  8,000",780000.0,790000.0,780000.0,38315.0,삼성바이오로직스,207940
2023-05-23,792000.0,"상승  5,000",790000.0,792000.0,788000.0,42938.0,삼성바이오로직스,207940
2023-05-24,792000.0,보합0,789000.0,793000.0,785000.0,33086.0,삼성바이오로직스,207940
2023-05-25,779000.0,"하락  13,000",788000.0,792000.0,779000.0,35935.0,삼성바이오로직스,207940
2023-05-26,777000.0,"하락  2,000",778000.0,782000.0,773000.0,26777.0,삼성바이오로직스,207940
2023-05-30,778000.0,"상승  1,000",779000.0,782000.0,775000.0,36523.0,삼성바이오로직스,207940
2023-05-31,784000.0,"상승  6,000",777000.0,787000.0,776000.0,73829.0,삼성바이오로직스,207940
2023-06-01,788000.0,"상승  4,000",788000.0,793000.0,778000.0,53996.0,삼성바이오로직스,207940
2023-06-02,785000.0,"하락  3,000",796000.0,796000.0,783000.0,40298.0,삼성바이오로직스,207940
2023-06-05,785000.0,보합0,786000.0,788000.0,780000.0,32742.0,삼성바이오로직스,207940
2023-06-07,786000.0,"상승  1,000",793000.0,794000.0,783000.0,55002.0,삼성바이오로직스,207940
2023-06-08,785000.0,"하락  1,000",791000.0,792000.0,782000.0,56800.0,삼성바이오로직스,207940
2023-06-09,801000.0,"상승  16,000",790000.0,810000.0,789000.0,157332.0,삼성바이오로직스,207940
2023-06-12,795000.0,"하락  6,000",803000.0,804000.0,793000.0,60677.0,삼성바이오로직스,207940
2023-06-13,786000.0,"하락  9,000",800000.0,804000.0,786000.0,63256.0,삼성바이오로직스,207940
2023-06-14,784000.0,"하락  2,000",788000.0,789000.0,783000.0,47379.0,삼성바이오로직스,207940
2023-06-15,778000.0,"하락  6,000",785000.0,789000.0,777000.0,49992.0,삼성바이오로직스,207940
2023-06-16,775000.0,"하락  3,000",780000.0,783000.0,772000.0,96808.0,삼성바이오로직스,207940
2023-06-19,774000.0,"하락  1,000",775000.0,779000.0,772000.0,39314.0,삼성바이오로직스,207940
2023-06-20,769000.0,"하락  5,000",772000.0,773000.0,768000.0,54778.0,삼성바이오로직스,207940
2023-06-21,757000.0,"하락  12,000",767000.0,768000.0,756000.0,70123.0,삼성바이오로직스,207940
2023-06-22,756000.0,"하락  1,000",756000.0,762000.0,753000.0,49383.0,삼성바이오로직스,207940
2023-06-23,747000.0,"하락  9,000",760000.0,762000.0,746000.0,75843.0,삼성바이오로직스,207940
2023-06-26,760000.0,"상승  13,000",747000.0,761000.0,740000.0,44010.0,삼성바이오로직스,207940
2023-06-27,748000.0,"하락  12,000",755000.0,759000.0,747000.0,45018.0,삼성바이오로직스,207940
2023-06-28,742000.0,"하락  6,000",752000.0,753000.0,742000.0,40969.0,삼성바이오로직스,207940
2023-06-29,748000.0,"상승  6,000",741000.0,755000.0,741000.0,42928.0,삼성바이오로직스,207940
2023-06-30,744000.0,"하락  4,000",748000.0,753000.0,741000.0,45085.0,삼성바이오로직스,207940
2023-07-03,743000.0,"하락  1,000",745000.0,748000.0,741000.0,62838.0,삼성바이오로직스,207940
2023-07-04,746000.0,"상승  3,000",750000.0,754000.0,745000.0,68572.0,삼성바이오로직스,207940
2023-07-05,755000.0,"상승  9,000",755000.0,768000.0,754000.0,80465.0,삼성바이오로직스,207940
2023-07-06,749000.0,"하락  6,000",755000.0,756000.0,743000.0,49307.0,삼성바이오로직스,207940
2023-07-07,719000.0,"하락  30,000",745000.0,749000.0,715000.0,125123.0,삼성바이오로직스,207940
2023-07-10,708000.0,"하락  11,000",719000.0,722000.0,703000.0,82780.0,삼성바이오로직스,207940
2023-07-11,723000.0,"상승  15,000",714000.0,734000.0,713000.0,64263.0,삼성바이오로직스,207940
2023-07-12,730000.0,"상승  7,000",722000.0,731000.0,712000.0,73778.0,삼성바이오로직스,207940
2023-07-13,748000.0,"상승  18,000",738000.0,750000.0,736000.0,89588.0,삼성바이오로직스,207940
2023-07-14,744000.0,"하락  4,000",751000.0,751000.0,739000.0,64488.0,삼성바이오로직스,207940
2023-07-17,736000.0,"하락  8,000",744000.0,744000.0,734000.0,44349.0,삼성바이오로직스,207940
2023-07-18,732000.0,"하락  4,000",734000.0,739000.0,726000.0,41064.0,삼성바이오로직스,207940
2023-07-19,741000.0,"상승  9,000",732000.0,745000.0,732000.0,47557.0,삼성바이오로직스,207940
2023-07-20,737000.0,"하락  4,000",739000.0,743000.0,730000.0,40265.0,삼성바이오로직스,207940
2023-07-21,748000.0,"상승  11,000",731000.0,760000.0,731000.0,101973.0,삼성바이오로직스,207940
2023-07-24,742000.0,"하락  6,000",748000.0,749000.0,737000.0,57892.0,삼성바이오로직스,207940
2023-07-25,735000.0,"하락  7,000",738000.0,747000.0,734000.0,49396.0,삼성바이오로직스,207940
2023-07-26,727000.0,"하락  8,000",732000.0,738000.0,715000.0,101778.0,삼성바이오로직스,207940
2023-07-27,791000.0,"상승  64,000",744000.0,793000.0,739000.0,308840.0,삼성바이오로직스,207940
2023-07-28,784000.0,"하락  7,000",791000.0,791000.0,774000.0,94452.0,삼성바이오로직스,207940
2023-07-31,766000.0,"하락  18,000",785000.0,786000.0,761000.0,95473.0,삼성바이오로직스,207940
2023-08-01,802000.0,"상승  36,000",775000.0,805000.0,773000.0,171152.0,삼성바이오로직스,207940
2023-08-02,789000.0,"하락  13,000",802000.0,804000.0,785000.0,76507.0,삼성바이오로직스,207940
2023-08-03,807000.0,"상승  18,000",795000.0,810000.0,789000.0,130273.0,삼성바이오로직스,207940
2023-08-04,796000.0,"하락  11,000",808000.0,812000.0,792000.0,58069.0,삼성바이오로직스,207940
2023-08-07,793000.0,"하락  3,000",794000.0,806000.0,790000.0,54518.0,삼성바이오로직스,207940
2023-08-08,790000.0,"하락  3,000",796000.0,800000.0,785000.0,41007.0,삼성바이오로직스,207940
2023-08-09,798000.0,"상승  8,000",788000.0,805000.0,787000.0,49514.0,삼성바이오로직스,207940
2023-08-10,802000.0,"상승  4,000",791000.0,802000.0,790000.0,40482.0,삼성바이오로직스,207940
2023-08-11,801000.0,"하락  1,000",803000.0,805000.0,796000.0,43333.0,삼성바이오로직스,207940
2023-08-14,794000.0,"하락  7,000",795000.0,801000.0,791000.0,34850.0,삼성바이오로직스,207940
2023-08-16,781000.0,"하락  13,000",789000.0,790000.0,776000.0,45247.0,삼성바이오로직스,207940
2023-08-17,772000.0,"하락  9,000",777000.0,781000.0,768000.0,38112.0,삼성바이오로직스,207940
2023-08-18,771000.0,"하락  1,000",764000.0,780000.0,764000.0,36777.0,삼성바이오로직스,207940
2023-08-21,778000.0,"상승  7,000",771000.0,789000.0,770000.0,31231.0,삼성바이오로직스,207940
2023-08-22,773000.0,"하락  5,000",780000.0,782000.0,770000.0,30911.0,삼성바이오로직스,207940
2023-08-23,763000.0,"하락  10,000",766000.0,777000.0,761000.0,32502.0,삼성바이오로직스,207940
2023-08-24,763000.0,보합0,763000.0,772000.0,763000.0,27052.0,삼성바이오로직스,207940
2023-08-25,757000.0,"하락  6,000",755000.0,764000.0,754000.0,23435.0,삼성바이오로직스,207940
2023-08-28,750000.0,"하락  7,000",763000.0,764000.0,746000.0,51960.0,삼성바이오로직스,207940
2023-08-29,753000.0,"상승  3,000",753000.0,756000.0,749000.0,23361.0,삼성바이오로직스,207940
2023-08-30,755000.0,"상승  2,000",763000.0,763000.0,753000.0,23473.0,삼성바이오로직스,207940
2023-08-31,737000.0,"하락  18,000",756000.0,758000.0,736000.0,83280.0,삼성바이오로직스,207940
2023-09-01,733000.0,"하락  4,000",738000.0,749000.0,733000.0,44088.0,삼성바이오로직스,207940
2023-09-04,736000.0,"상승  3,000",731000.0,736000.0,726000.0,32140.0,삼성바이오로직스,207940
2023-09-05,736000.0,보합0,733000.0,738000.0,731000.0,28716.0,삼성바이오로직스,207940
2023-09-06,728000.0,"하락  8,000",735000.0,736000.0,726000.0,51436.0,삼성바이오로직스,207940
2023-09-07,724000.0,"하락  4,000",726000.0,732000.0,720000.0,47519.0,삼성바이오로직스,207940
2023-09-08,724000.0,보합0,725000.0,727000.0,717000.0,48197.0,삼성바이오로직스,207940
2023-09-11,734000.0,"상승  10,000",728000.0,735000.0,719000.0,34053.0,삼성바이오로직스,207940
2023-09-12,723000.0,"하락  11,000",738000.0,738000.0,721000.0,35310.0,삼성바이오로직스,207940
2023-09-13,723000.0,보합0,720000.0,729000.0,717000.0,31461.0,삼성바이오로직스,207940
2023-09-14,731000.0,"상승  8,000",726000.0,731000.0,719000.0,52397.0,삼성바이오로직스,207940
2023-09-15,731000.0,보합0,732000.0,734000.0,727000.0,63153.0,삼성바이오로직스,207940
2023-09-18,732000.0,"상승  1,000",733000.0,740000.0,731000.0,42033.0,삼성바이오로직스,207940
2023-09-19,729000.0,"하락  3,000",735000.0,736000.0,728000.0,27063.0,삼성바이오로직스,207940
2023-09-20,719000.0,"하락  10,000",729000.0,729000.0,718000.0,46229.0,삼성바이오로직스,207940
2023-09-21,710000.0,"하락  9,000",717000.0,718000.0,709000.0,60445.0,삼성바이오로직스,207940
2023-09-22,703000.0,"하락  7,000",705000.0,710000.0,701000.0,43888.0,삼성바이오로직스,207940
2023-09-25,694000.0,"하락  9,000",704000.0,706000.0,694000.0,53684.0,삼성바이오로직스,207940
2023-09-26,680000.0,"하락  14,000",693000.0,694000.0,677000.0,79029.0,삼성바이오로직스,207940
2023-09-27,681000.0,"상승  1,000",673000.0,686000.0,673000.0,57048.0,삼성바이오로직스,207940
2023-10-04,691000.0,"상승  10,000",668000.0,701000.0,668000.0,132636.0,삼성바이오로직스,207940
2023-10-05,723000.0,"상승  32,000",697000.0,735000.0,691000.0,149314.0,삼성바이오로직스,207940
2023-10-06,731000.0,"상승  8,000",729000.0,735000.0,718000.0,56082.0,삼성바이오로직스,207940
2023-10-10,726000.0,"하락  5,000",731000.0,739000.0,723000.0,54438.0,삼성바이오로직스,207940
2023-10-11,725000.0,"하락  1,000",730000.0,735000.0,723000.0,37365.0,삼성바이오로직스,207940
2023-10-12,728000.0,"상승  3,000",733000.0,733000.0,721000.0,37458.0,삼성바이오로직스,207940
2023-10-13,721000.0,"하락  7,000",720000.0,727000.0,718000.0,31573.0,삼성바이오로직스,207940
2023-10-16,716000.0,"하락  5,000",723000.0,727000.0,714000.0,34169.0,삼성바이오로직스,207940
2023-10-17,721000.0,"상승  5,000",723000.0,728000.0,721000.0,30640.0,삼성바이오로직스,207940
2023-10-18,704000.0,"하락  17,000",718000.0,724000.0,704000.0,40184.0,삼성바이오로직스,207940
2023-10-19,711000.0,"상승  7,000",694000.0,713000.0,694000.0,72043.0,삼성바이오로직스,207940
2023-10-20,706000.0,"하락  5,000",706000.0,711000.0,700000.0,52535.0,삼성바이오로직스,207940
2023-10-23,700000.0,"하락  6,000",706000.0,710000.0,699000.0,65874.0,삼성바이오로직스,207940
2023-10-24,738000.0,"상승  38,000",708000.0,738000.0,707000.0,124416.0,삼성바이오로직스,207940
2023-10-25,723000.0,"하락  15,000",738000.0,739000.0,719000.0,79970.0,삼성바이오로직스,207940
2023-10-26,729000.0,"상승  6,000",718000.0,743000.0,710000.0,142791.0,삼성바이오로직스,207940
2023-10-27,723000.0,"하락  6,000",721000.0,731000.0,713000.0,55341.0,삼성바이오로직스,207940
2023-10-30,721000.0,"하락  2,000",720000.0,727000.0,718000.0,40548.0,삼성바이오로직스,207940
2023-10-31,709000.0,"하락  12,000",719000.0,719000.0,705000.0,70709.0,삼성바이오로직스,207940
2023-11-01,703000.0,"하락  6,000",709000.0,715000.0,702000.0,37889.0,삼성바이오로직스,207940
2023-11-02,712000.0,"상승  9,000",714000.0,717000.0,707000.0,45967.0,삼성바이오로직스,207940
2023-11-03,705000.0,"하락  7,000",715000.0,716000.0,701000.0,36328.0,삼성바이오로직스,207940
2023-11-06,732000.0,"상승  27,000",713000.0,732000.0,710000.0,80061.0,삼성바이오로직스,207940
2023-11-07,732000.0,보합0,730000.0,734000.0,724000.0,43799.0,삼성바이오로직스,207940
2023-11-08,734000.0,"상승  2,000",740000.0,745000.0,728000.0,40089.0,삼성바이오로직스,207940
2023-11-09,723000.0,"하락  11,000",734000.0,736000.0,723000.0,35234.0,삼성바이오로직스,207940
2023-11-10,726000.0,"상승  3,000",718000.0,727000.0,716000.0,24386.0,삼성바이오로직스,207940
2023-11-13,720000.0,"하락  6,000",730000.0,730000.0,719000.0,25062.0,삼성바이오로직스,207940
2023-11-14,720000.0,보합0,728000.0,728000.0,718000.0,41556.0,삼성바이오로직스,207940
2023-11-15,732000.0,"상승  12,000",728000.0,732000.0,722000.0,63594.0,삼성바이오로직스,207940
2023-11-16,732000.0,보합0,732000.0,737000.0,728000.0,27205.0,삼성바이오로직스,207940
2023-11-17,723000.0,"하락  9,000",735000.0,735000.0,723000.0,27497.0,삼성바이오로직스,207940
2023-11-20,720000.0,"하락  3,000",716000.0,726000.0,715000.0,34355.0,삼성바이오로직스,207940
2023-11-21,722000.0,"상승  2,000",724000.0,726000.0,719000.0,32807.0,삼성바이오로직스,207940
2023-11-22,721000.0,"하락  1,000",717000.0,723000.0,714000.0,29844.0,삼성바이오로직스,207940
2023-11-23,721000.0,보합0,719000.0,724000.0,717000.0,23751.0,삼성바이오로직스,207940
2023-11-24,709000.0,"하락  12,000",721000.0,724000.0,708000.0,46574.0,삼성바이오로직스,207940
2023-11-27,703000.0,"하락  6,000",709000.0,712000.0,700000.0,52956.0,삼성바이오로직스,207940
2023-11-28,727000.0,"상승  24,000",712000.0,729000.0,705000.0,77689.0,삼성바이오로직스,207940
2023-11-29,729000.0,"상승  2,000",727000.0,732000.0,723000.0,66261.0,삼성바이오로직스,207940
2023-11-30,725000.0,"하락  4,000",725000.0,728000.0,718000.0,67312.0,삼성바이오로직스,207940
2023-12-01,711000.0,"하락  14,000",725000.0,727000.0,711000.0,48585.0,삼성바이오로직스,207940
2023-12-04,712000.0,"상승  1,000",716000.0,719000.0,712000.0,33719.0,삼성바이오로직스,207940
2023-12-05,715000.0,"상승  3,000",708000.0,720000.0,707000.0,47546.0,삼성바이오로직스,207940
2023-12-06,705000.0,"하락  10,000",717000.0,719000.0,705000.0,54580.0,삼성바이오로직스,207940
2023-12-07,709000.0,"상승  4,000",705000.0,711000.0,700000.0,46923.0,삼성바이오로직스,207940
2023-12-08,709000.0,보합0,713000.0,716000.0,705000.0,53728.0,삼성바이오로직스,207940
2023-12-11,703000.0,"하락  6,000",709000.0,710000.0,702000.0,48422.0,삼성바이오로직스,207940
2023-12-12,704000.0,"상승  1,000",708000.0,709000.0,701000.0,47792.0,삼성바이오로직스,207940
2023-12-13,701000.0,"하락  3,000",704000.0,705000.0,700000.0,41081.0,삼성바이오로직스,207940
2023-12-14,698000.0,"하락  3,000",707000.0,709000.0,698000.0,103213.0,삼성바이오로직스,207940
2023-12-15,703000.0,"상승  5,000",702000.0,705000.0,700000.0,59749.0,삼성바이오로직스,207940
2023-12-18,701000.0,"하락  2,000",705000.0,706000.0,700000.0,52926.0,삼성바이오로직스,207940
2023-12-19,704000.0,"상승  3,000",701000.0,705000.0,701000.0,39179.0,삼성바이오로직스,207940
2023-12-20,719000.0,"상승  15,000",706000.0,721000.0,704000.0,104842.0,삼성바이오로직스,207940
2023-12-21,712000.0,"하락  7,000",715000.0,720000.0,707000.0,41859.0,삼성바이오로직스,207940
2023-12-22,720000.0,"상승  8,000",716000.0,720000.0,712000.0,45762.0,삼성바이오로직스,207940
2023-12-26,722000.0,"상승  2,000",725000.0,725000.0,718000.0,53109.0,삼성바이오로직스,207940
2023-12-27,729000.0,"상승  7,000",722000.0,729000.0,720000.0,58878.0,삼성바이오로직스,207940
2023-12-28,760000.0,"상승  31,000",729000.0,760000.0,727000.0,132038.0,삼성바이오로직스,207940
2024-01-02,789000.0,"상승  29,000",760000.0,800000.0,756000.0,199238.0,삼성바이오로직스,207940
2024-01-03,787000.0,"하락  2,000",782000.0,793000.0,776000.0,87350.0,삼성바이오로직스,207940
2024-01-04,770000.0,"하락  17,000",782000.0,784000.0,759000.0,77785.0,삼성바이오로직스,207940
2024-01-05,756000.0,"하락  14,000",765000.0,769000.0,753000.0,60943.0,삼성바이오로직스,207940
2024-01-08,749000.0,"하락  7,000",763000.0,763000.0,746000.0,60440.0,삼성바이오로직스,207940
2024-01-09,752000.0,"상승  3,000",757000.0,758000.0,751000.0,32301.0,삼성바이오로직스,207940
2024-01-10,746000.0,"하락  6,000",758000.0,758000.0,745000.0,25263.0,삼성바이오로직스,207940
2024-01-11,751000.0,"상승  5,000",750000.0,765000.0,746000.0,51085.0,삼성바이오로직스,207940
2024-01-12,744000.0,"하락  7,000",752000.0,758000.0,740000.0,36332.0,삼성바이오로직스,207940
2024-01-15,764000.0,"상승  20,000",742000.0,768000.0,739000.0,56061.0,삼성바이오로직스,207940
2024-01-16,766000.0,"상승  2,000",765000.0,777000.0,755000.0,71224.0,삼성바이오로직스,207940
2024-01-17,756000.0,"하락  10,000",770000.0,770000.0,755000.0,66807.0,삼성바이오로직스,207940
2024-01-18,750000.0,"하락  6,000",756000.0,760000.0,748000.0,45252.0,삼성바이오로직스,207940
2024-01-19,770000.0,"상승  20,000",751000.0,771000.0,747000.0,92506.0,삼성바이오로직스,207940
2024-01-22,793000.0,"상승  23,000",775000.0,793000.0,771000.0,136637.0,삼성바이오로직스,207940
2024-01-23,799000.0,"상승  6,000",793000.0,799000.0,789000.0,77547.0,삼성바이오로직스,207940
2024-01-24,788000.0,"하락  11,000",797000.0,808000.0,783000.0,86457.0,삼성바이오로직스,207940
2024-01-25,785000.0,"하락  3,000",795000.0,800000.0,779000.0,96679.0,삼성바이오로직스,207940
2024-01-26,773000.0,"하락  12,000",778000.0,781000.0,767000.0,58880.0,삼성바이오로직스,207940
2024-01-29,800000.0,"상승  27,000",800000.0,815000.0,793000.0,194799.0,삼성바이오로직스,207940
2024-01-30,823000.0,"상승  23,000",800000.0,829000.0,800000.0,147117.0,삼성바이오로직스,207940
2024-01-31,840000.0,"상승  17,000",823000.0,845000.0,822000.0,149788.0,삼성바이오로직스,207940
2024-02-01,829000.0,"하락  11,000",829000.0,835000.0,816000.0,86022.0,삼성바이오로직스,207940
2024-02-02,859000.0,"상승  30,000",823000.0,862000.0,822000.0,134042.0,삼성바이오로직스,207940
2024-02-05,847000.0,"하락  12,000",851000.0,867000.0,840000.0,79000.0,삼성바이오로직스,207940
2024-02-06,846000.0,"하락  1,000",857000.0,878000.0,841000.0,78915.0,삼성바이오로직스,207940
2024-02-07,826000.0,"하락  20,000",849000.0,852000.0,825000.0,97535.0,삼성바이오로직스,207940
2024-02-08,815000.0,"하락  11,000",831000.0,833000.0,802000.0,99897.0,삼성바이오로직스,207940
2024-02-13,838000.0,"상승  23,000",817000.0,842000.0,817000.0,87548.0,삼성바이오로직스,207940
2024-02-14,828000.0,"하락  10,000",832000.0,833000.0,815000.0,53356.0,삼성바이오로직스,207940
2024-02-15,821000.0,"하락  7,000",835000.0,835000.0,818000.0,48715.0,삼성바이오로직스,207940
2024-02-16,828000.0,"상승  7,000",829000.0,829000.0,815000.0,61091.0,삼성바이오로직스,207940
2024-02-19,821000.0,"하락  7,000",820000.0,827000.0,818000.0,56712.0,삼성바이오로직스,207940
2024-02-20,818000.0,"하락  3,000",819000.0,824000.0,815000.0,50674.0,삼성바이오로직스,207940
2024-02-21,823000.0,"상승  5,000",822000.0,824000.0,817000.0,90685.0,삼성바이오로직스,207940
2024-02-22,820000.0,"하락  3,000",825000.0,832000.0,818000.0,39730.0,삼성바이오로직스,207940
2024-02-23,814000.0,"하락  6,000",819000.0,828000.0,806000.0,71915.0,삼성바이오로직스,207940
2024-02-26,810000.0,"하락  4,000",817000.0,822000.0,809000.0,64612.0,삼성바이오로직스,207940
2024-02-27,807000.0,"하락  3,000",816000.0,816000.0,803000.0,57386.0,삼성바이오로직스,207940
2024-02-28,801000.0,"하락  6,000",807000.0,812000.0,796000.0,57242.0,삼성바이오로직스,207940
2024-02-29,774000.0,"하락  27,000",796000.0,801000.0,772000.0,137601.0,삼성바이오로직스,207940
2024-03-04,774000.0,보합0,777000.0,784000.0,772000.0,82555.0,삼성바이오로직스,207940
2024-03-05,780000.0,"상승  6,000",770000.0,794000.0,768000.0,53508.0,삼성바이오로직스,207940
2024-03-06,785000.0,"상승  5,000",778000.0,793000.0,777000.0,37169.0,삼성바이오로직스,207940
2024-03-07,796000.0,"상승  11,000",794000.0,812000.0,786000.0,86253.0,삼성바이오로직스,207940
2024-03-08,838000.0,"상승  42,000",813000.0,845000.0,812000.0,186051.0,삼성바이오로직스,207940
2024-03-11,830000.0,"하락  8,000",842000.0,843000.0,825000.0,63779.0,삼성바이오로직스,207940
2024-03-12,840000.0,"상승  10,000",836000.0,841000.0,826000.0,46577.0,삼성바이오로직스,207940
2024-03-13,828000.0,"하락  12,000",842000.0,848000.0,819000.0,59985.0,삼성바이오로직스,207940
2024-03-14,840000.0,"상승  12,000",830000.0,840000.0,825000.0,75301.0,삼성바이오로직스,207940
2024-03-15,826000.0,"하락  14,000",837000.0,855000.0,826000.0,90093.0,삼성바이오로직스,207940
2024-03-18,859000.0,"상승  33,000",834000.0,880000.0,826000.0,173754.0,삼성바이오로직스,207940
2024-03-19,848000.0,"하락  11,000",860000.0,861000.0,845000.0,58733.0,삼성바이오로직스,207940
2024-03-20,850000.0,"상승  2,000",854000.0,865000.0,846000.0,67582.0,삼성바이오로직스,207940
2024-03-21,857000.0,"상승  7,000",853000.0,858000.0,830000.0,76873.0,삼성바이오로직스,207940
2024-03-22,840000.0,"하락  17,000",851000.0,856000.0,840000.0,52133.0,삼성바이오로직스,207940
2024-03-25,840000.0,보합0,847000.0,852000.0,835000.0,47393.0,삼성바이오로직스,207940
2024-03-26,828000.0,"하락  12,000",846000.0,849000.0,826000.0,69691.0,삼성바이오로직스,207940
2024-03-27,836000.0,"상승  8,000",828000.0,837000.0,827000.0,34924.0,삼성바이오로직스,207940
2024-03-28,833000.0,"하락  3,000",832000.0,836000.0,826000.0,35639.0,삼성바이오로직스,207940
2024-03-29,831000.0,"하락  2,000",833000.0,848000.0,828000.0,48645.0,삼성바이오로직스,207940
2024-04-01,816000.0,"하락  15,000",838000.0,838000.0,816000.0,56352.0,삼성바이오로직스,207940
2024-04-02,816000.0,보합0,813000.0,822000.0,810000.0,42986.0,삼성바이오로직스,207940
2024-04-03,812000.0,"하락  4,000",811000.0,824000.0,811000.0,50722.0,삼성바이오로직스,207940
2024-04-04,817000.0,"상승  5,000",816000.0,823000.0,812000.0,34651.0,삼성바이오로직스,207940
2024-04-05,813000.0,"하락  4,000",812000.0,816000.0,804000.0,39178.0,삼성바이오로직스,207940
2024-04-08,815000.0,"상승  2,000",808000.0,821000.0,798000.0,38397.0,삼성바이오로직스,207940
2024-04-09,805000.0,"하락  10,000",819000.0,821000.0,805000.0,39596.0,삼성바이오로직스,207940
2024-04-11,795000.0,"하락  10,000",796000.0,803000.0,785000.0,61233.0,삼성바이오로직스,207940
2024-04-12,790000.0,"하락  5,000",795000.0,801000.0,787000.0,41353.0,삼성바이오로직스,207940
2024-04-15,793000.0,"상승  3,000",784000.0,794000.0,777000.0,31597.0,삼성바이오로직스,207940
2024-04-16,785000.0,"하락  8,000",787000.0,794000.0,781000.0,43773.0,삼성바이오로직스,207940
2024-04-17,776000.0,"하락  9,000",785000.0,787000.0,776000.0,29827.0,삼성바이오로직스,207940
2024-04-18,790000.0,"상승  14,000",780000.0,797000.0,777000.0,33200.0,삼성바이오로직스,207940
2024-04-19,781000.0,"하락  9,000",784000.0,789000.0,770000.0,55678.0,삼성바이오로직스,207940
2024-04-22,802000.0,"상승  21,000",790000.0,805000.0,788000.0,59922.0,삼성바이오로직스,207940
2024-04-23,791000.0,"하락  11,000",795000.0,800000.0,789000.0,44112.0,삼성바이오로직스,207940
2024-04-24,790000.0,"하락  1,000",799000.0,804000.0,788000.0,48667.0,삼성바이오로직스,207940
2024-04-25,780000.0,"하락  10,000",783000.0,789000.0,775000.0,68732.0,삼성바이오로직스,207940
2024-04-26,770000.0,"하락  10,000",779000.0,780000.0,769000.0,82298.0,삼성바이오로직스,207940
2024-04-29,775000.0,"상승  5,000",775000.0,778000.0,768000.0,90707.0,삼성바이오로직스,207940
2024-04-30,781000.0,"상승  6,000",776000.0,787000.0,775000.0,60733.0,삼성바이오로직스,207940
2024-05-02,775000.0,"하락  6,000",777000.0,783000.0,774000.0,49111.0,삼성바이오로직스,207940
2024-05-03,771000.0,"하락  4,000",779000.0,781000.0,771000.0,56064.0,삼성바이오로직스,207940
2024-05-07,785000.0,"상승  14,000",777000.0,790000.0,777000.0,87824.0,삼성바이오로직스,207940
2024-05-08,791000.0,"상승  6,000",795000.0,803000.0,790000.0,82414.0,삼성바이오로직스,207940
2024-05-09,781000.0,"하락  10,000",796000.0,796000.0,779000.0,82989.0,삼성바이오로직스,207940
2024-05-10,787000.0,"상승  6,000",789000.0,794000.0,783000.0,65984.0,삼성바이오로직스,207940
2024-05-13,781000.0,"하락  6,000",791000.0,794000.0,780000.0,35239.0,삼성바이오로직스,207940
2024-05-14,781000.0,보합0,783000.0,789000.0,779000.0,28625.0,삼성바이오로직스,207940
2024-05-16,784000.0,"상승  3,000",786000.0,791000.0,781000.0,65778.0,삼성바이오로직스,207940
2024-05-17,788000.0,"상승  4,000",783000.0,791000.0,782000.0,45694.0,삼성바이오로직스,207940
2024-05-20,790000.0,"상승  2,000",792000.0,793000.0,785000.0,40399.0,삼성바이오로직스,207940
2024-05-21,779000.0,"하락  11,000",785000.0,787000.0,779000.0,58316.0,삼성바이오로직스,207940
2024-05-22,777000.0,"하락  2,000",781000.0,787000.0,776000.0,41152.0,삼성바이오로직스,207940
2024-05-23,770000.0,"하락  7,000",773000.0,779000.0,770000.0,73622.0,삼성바이오로직스,207940
2024-05-24,751000.0,"하락  19,000",763000.0,766000.0,751000.0,81016.0,삼성바이오로직스,207940
2024-05-27,755000.0,"상승  4,000",754000.0,759000.0,746000.0,44353.0,삼성바이오로직스,207940
2024-05-28,745000.0,"하락  10,000",754000.0,755000.0,745000.0,52416.0,삼성바이오로직스,207940
2024-05-29,727000.0,"하락  18,000",739000.0,747000.0,726000.0,89242.0,삼성바이오로직스,207940
2024-05-30,732000.0,"상승  5,000",726000.0,744000.0,721000.0,38342.0,삼성바이오로직스,207940
2024-05-31,730000.0,"하락  2,000",739000.0,740000.0,728000.0,51389.0,삼성바이오로직스,207940
2024-06-03,752000.0,"상승  22,000",736000.0,756000.0,736000.0,49828.0,삼성바이오로직스,207940
2024-06-04,753000.0,"상승  1,000",746000.0,757000.0,746000.0,33080.0,삼성바이오로직스,207940
2024-06-05,760000.0,"상승  7,000",757000.0,774000.0,751000.0,64528.0,삼성바이오로직스,207940
2024-06-07,750000.0,"하락  10,000",762000.0,769000.0,747000.0,57654.0,삼성바이오로직스,207940
2024-06-10,736000.0,"하락  14,000",742000.0,742000.0,733000.0,68070.0,삼성바이오로직스,207940
2024-06-11,740000.0,"상승  4,000",740000.0,755000.0,739000.0,48332.0,삼성바이오로직스,207940
2024-06-12,742000.0,"상승  2,000",741000.0,750000.0,736000.0,59766.0,삼성바이오로직스,207940
2024-06-13,736000.0,"하락  6,000",743000.0,755000.0,736000.0,95600.0,삼성바이오로직스,207940
2024-06-14,737000.0,"상승  1,000",736000.0,739000.0,733000.0,51252.0,삼성바이오로직스,207940
2024-06-17,736000.0,"하락  1,000",735000.0,737000.0,730000.0,37449.0,삼성바이오로직스,207940
2024-06-18,740000.0,"상승  4,000",739000.0,744000.0,733000.0,46315.0,삼성바이오로직스,207940
2024-06-19,755000.0,"상승  15,000",746000.0,756000.0,742000.0,55640.0,삼성바이오로직스,207940
2024-06-20,747000.0,"하락  8,000",753000.0,756000.0,747000.0,33185.0,삼성바이오로직스,207940
2024-06-21,750000.0,"상승  3,000",747000.0,751000.0,738000.0,61956.0,삼성바이오로직스,207940
2024-06-24,734000.0,"하락  16,000",747000.0,748000.0,734000.0,45936.0,삼성바이오로직스,207940
2024-06-25,738000.0,"상승  4,000",740000.0,740000.0,732000.0,42342.0,삼성바이오로직스,207940
2024-06-26,729000.0,"하락  9,000",738000.0,739000.0,728000.0,64022.0,삼성바이오로직스,207940
2024-06-27,732000.0,"상승  3,000",725000.0,733000.0,722000.0,49191.0,삼성바이오로직스,207940
2024-06-28,727000.0,"하락  5,000",732000.0,734000.0,724000.0,76001.0,삼성바이오로직스,207940
2024-07-01,759000.0,"상승  32,000",727000.0,769000.0,725000.0,146791.0,삼성바이오로직스,207940
2024-07-02,810000.0,"상승  51,000",756000.0,815000.0,753000.0,310729.0,삼성바이오로직스,207940
2024-07-03,810000.0,보합0,805000.0,818000.0,792000.0,156413.0,삼성바이오로직스,207940
2024-07-04,803000.0,"하락  7,000",810000.0,810000.0,795000.0,72898.0,삼성바이오로직스,207940
2024-07-05,803000.0,보합0,808000.0,808000.0,798000.0,63043.0,삼성바이오로직스,207940
2024-07-08,792000.0,"하락  11,000",806000.0,808000.0,784000.0,80840.0,삼성바이오로직스,207940
2024-07-09,796000.0,"상승  4,000",796000.0,808000.0,791000.0,54942.0,삼성바이오로직스,207940
2024-07-10,807000.0,"상승  11,000",796000.0,815000.0,792000.0,81410.0,삼성바이오로직스,207940
2024-07-11,815000.0,"상승  8,000",814000.0,823000.0,805000.0,82472.0,삼성바이오로직스,207940
2024-07-12,823000.0,"상승  8,000",815000.0,825000.0,813000.0,86531.0,삼성바이오로직스,207940
2024-07-15,819000.0,"하락  4,000",830000.0,832000.0,816000.0,62533.0,삼성바이오로직스,207940
2024-07-16,824000.0,"상승  5,000",825000.0,827000.0,816000.0,51060.0,삼성바이오로직스,207940
2024-07-17,851000.0,"상승  27,000",818000.0,859000.0,818000.0,175009.0,삼성바이오로직스,207940
2024-07-18,850000.0,"하락  1,000",850000.0,856000.0,842000.0,94995.0,삼성바이오로직스,207940
2024-07-19,835000.0,"하락  15,000",842000.0,844000.0,821000.0,69248.0,삼성바이오로직스,207940
2024-07-22,848000.0,"상승  13,000",833000.0,857000.0,826000.0,123049.0,삼성바이오로직스,207940
2024-07-23,848000.0,보합0,852000.0,865000.0,845000.0,73358.0,삼성바이오로직스,207940
2024-07-24,883000.0,"상승  35,000",845000.0,890000.0,836000.0,271622.0,삼성바이오로직스,207940
2024-07-25,871000.0,"하락  12,000",880000.0,890000.0,858000.0,190763.0,삼성바이오로직스,207940
2024-07-26,915000.0,"상승  44,000",873000.0,929000.0,872000.0,249017.0,삼성바이오로직스,207940
2024-07-29,940000.0,"상승  25,000",919000.0,950000.0,915000.0,145349.0,삼성바이오로직스,207940
2024-07-30,937000.0,"하락  3,000",940000.0,960000.0,928000.0,144798.0,삼성바이오로직스,207940
2024-07-31,938000.0,"상승  1,000",945000.0,955000.0,925000.0,108408.0,삼성바이오로직스,207940
2024-08-01,925000.0,"하락  13,000",928000.0,928000.0,901000.0,144939.0,삼성바이오로직스,207940
2024-08-02,911000.0,"하락  14,000",912000.0,927000.0,903000.0,101110.0,삼성바이오로직스,207940
2024-08-05,890000.0,"하락  21,000",898000.0,924000.0,853000.0,251507.0,삼성바이오로직스,207940
2024-08-06,928000.0,"상승  38,000",923000.0,939000.0,901000.0,191447.0,삼성바이오로직스,207940
2024-08-07,960000.0,"상승  32,000",927000.0,979000.0,925000.0,280891.0,삼성바이오로직스,207940
2024-08-08,974000.0,"상승  14,000",960000.0,977000.0,945000.0,134857.0,삼성바이오로직스,207940
2024-08-09,960000.0,"하락  14,000",981000.0,986000.0,955000.0,101827.0,삼성바이오로직스,207940
2024-08-12,950000.0,"하락  10,000",962000.0,974000.0,944000.0,82141.0,삼성바이오로직스,207940
2024-08-13,939000.0,"하락  11,000",944000.0,949000.0,925000.0,87052.0,삼성바이오로직스,207940
2024-08-14,932000.0,"하락  7,000",941000.0,941000.0,912000.0,117666.0,삼성바이오로직스,207940
2024-08-16,931000.0,"하락  1,000",940000.0,943000.0,925000.0,96605.0,삼성바이오로직스,207940
2024-08-19,930000.0,"하락  1,000",933000.0,954000.0,922000.0,106682.0,삼성바이오로직스,207940
2024-08-20,907000.0,"하락  23,000",931000.0,934000.0,902000.0,122594.0,삼성바이오로직스,207940
2024-08-21,948000.0,"상승  41,000",913000.0,948000.0,913000.0,150458.0,삼성바이오로직스,207940
2024-08-22,955000.0,"상승  7,000",946000.0,965000.0,936000.0,121834.0,삼성바이오로직스,207940
2024-08-23,957000.0,"상승  2,000",955000.0,964000.0,948000.0,51741.0,삼성바이오로직스,207940
2024-08-26,962000.0,"상승  5,000",964000.0,964000.0,948000.0,43653.0,삼성바이오로직스,207940
2024-08-27,973000.0,"상승  11,000",967000.0,1005000.0,967000.0,238431.0,삼성바이오로직스,207940
2024-08-28,991000.0,"상승  18,000",979000.0,1004000.0,974000.0,171180.0,삼성바이오로직스,207940
2024-08-29,956000.0,"하락  35,000",991000.0,995000.0,954000.0,106423.0,삼성바이오로직스,207940
2024-08-30,980000.0,"상승  24,000",956000.0,988000.0,956000.0,87602.0,삼성바이오로직스,207940
2024-09-02,965000.0,"하락  15,000",990000.0,991000.0,955000.0,54568.0,삼성바이오로직스,207940
2024-09-03,961000.0,"하락  4,000",966000.0,979000.0,959000.0,48087.0,삼성바이오로직스,207940
2024-09-04,946000.0,"하락  15,000",940000.0,952000.0,934000.0,81547.0,삼성바이오로직스,207940
2024-09-05,935000.0,"하락  11,000",948000.0,954000.0,922000.0,92973.0,삼성바이오로직스,207940
2024-09-06,965000.0,"상승  30,000",935000.0,973000.0,929000.0,123527.0,삼성바이오로직스,207940
2024-09-09,965000.0,보합0,952000.0,973000.0,950000.0,54630.0,삼성바이오로직스,207940
2024-09-10,996000.0,"상승  31,000",973000.0,1010000.0,969000.0,173992.0,삼성바이오로직스,207940
2024-09-11,981000.0,"하락  15,000",1002000.0,1014000.0,970000.0,112791.0,삼성바이오로직스,207940
2024-09-12,971000.0,"하락  10,000",987000.0,987000.0,967000.0,94425.0,삼성바이오로직스,207940
2024-09-13,990000.0,"상승  19,000",980000.0,996000.0,970000.0,71202.0,삼성바이오로직스,207940
2024-09-19,1049000.0,"상승  59,000",1013000.0,1050000.0,1006000.0,222731.0,삼성바이오로직스,207940
2024-09-20,1060000.0,"상승  11,000",1047000.0,1063000.0,1037000.0,152366.0,삼성바이오로직스,207940
2024-09-23,1087000.0,"상승  27,000",1058000.0,1096000.0,1051000.0,158056.0,삼성바이오로직스,207940
2024-09-24,1082000.0,"하락  5,000",1085000.0,1091000.0,1061000.0,105027.0,삼성바이오로직스,207940
2024-09-25,1047000.0,"하락  35,000",1098000.0,1109000.0,1036000.0,144011.0,삼성바이오로직스,207940
2024-09-26,1052000.0,"상승  5,000",1047000.0,1055000.0,1030000.0,90567.0,삼성바이오로직스,207940
2024-09-27,986000.0,"하락  66,000",1047000.0,1048000.0,986000.0,215610.0,삼성바이오로직스,207940
2024-09-30,977000.0,"하락  9,000",984000.0,1003000.0,973000.0,128574.0,삼성바이오로직스,207940
2024-10-02,977000.0,보합0,973000.0,985000.0,958000.0,94400.0,삼성바이오로직스,207940
2024-10-04,999000.0,"상승  22,000",988000.0,1016000.0,979000.0,138681.0,삼성바이오로직스,207940
2024-10-07,1001000.0,"상승  2,000",1006000.0,1007000.0,990000.0,68579.0,삼성바이오로직스,207940
2024-10-08,1004000.0,"상승  3,000",994000.0,1009000.0,992000.0,53272.0,삼성바이오로직스,207940
2024-10-10,995000.0,"하락  9,000",1009000.0,1033000.0,995000.0,88971.0,삼성바이오로직스,207940
2024-10-11,1024000.0,"상승  29,000",1011000.0,1033000.0,992000.0,97065.0,삼성바이오로직스,207940
2024-10-14,1036000.0,"상승  12,000",1024000.0,1037000.0,1017000.0,71648.0,삼성바이오로직스,207940
2024-10-15,1082000.0,"상승  46,000",1035000.0,1096000.0,1030000.0,133451.0,삼성바이오로직스,207940
2024-10-16,1057000.0,"하락  25,000",1071000.0,1082000.0,1056000.0,73438.0,삼성바이오로직스,207940
2024-10-17,1026000.0,"하락  31,000",1058000.0,1063000.0,1018000.0,85632.0,삼성바이오로직스,207940
2024-10-18,1060000.0,"상승  34,000",1033000.0,1072000.0,1025000.0,81537.0,삼성바이오로직스,207940
2024-10-21,1091000.0,"상승  31,000",1070000.0,1104000.0,1065000.0,135864.0,삼성바이오로직스,207940
2024-10-22,1059000.0,"하락  32,000",1085000.0,1113000.0,1055000.0,143151.0,삼성바이오로직스,207940
2024-10-23,1059000.0,보합0,1070000.0,1095000.0,1054000.0,101156.0,삼성바이오로직스,207940
2024-10-24,1041000.0,"하락  18,000",1063000.0,1066000.0,1021000.0,105621.0,삼성바이오로직스,207940
2024-10-25,1061000.0,"상승  20,000",1038000.0,1082000.0,1021000.0,85114.0,삼성바이오로직스,207940
2024-10-28,1058000.0,"하락  3,000",1067000.0,1078000.0,1047000.0,60587.0,삼성바이오로직스,207940
2024-10-29,1047000.0,"하락  11,000",1057000.0,1079000.0,1041000.0,53287.0,삼성바이오로직스,207940
2024-10-30,1031000.0,"하락  16,000",1036000.0,1046000.0,1019000.0,64899.0,삼성바이오로직스,207940
2024-10-31,1002000.0,"하락  29,000",1030000.0,1030000.0,1000000.0,90508.0,삼성바이오로직스,207940
2024-11-01,998000.0,"하락  4,000",995000.0,1011000.0,995000.0,42741.0,삼성바이오로직스,207940
2024-11-04,1017000.0,"상승  19,000",1000000.0,1017000.0,987000.0,81421.0,삼성바이오로직스,207940
2024-11-05,1008000.0,"하락  9,000",1015000.0,1033000.0,1005000.0,63047.0,삼성바이오로직스,207940
2024-11-06,1026000.0,"상승  18,000",1013000.0,1040000.0,998000.0,103863.0,삼성바이오로직스,207940
2024-11-07,995000.0,"하락  31,000",1016000.0,1030000.0,969000.0,126818.0,삼성바이오로직스,207940
2024-11-08,1004000.0,"상승  9,000",1003000.0,1014000.0,998000.0,65322.0,삼성바이오로직스,207940
2024-11-11,1007000.0,"상승  3,000",999000.0,1018000.0,986000.0,85138.0,삼성바이오로직스,207940
2024-11-12,987000.0,"하락  20,000",1001000.0,1011000.0,981000.0,82207.0,삼성바이오로직스,207940
2024-11-13,950000.0,"하락  37,000",978000.0,987000.0,947000.0,90569.0,삼성바이오로직스,207940
2024-11-14,957000.0,"상승  7,000",951000.0,972000.0,943000.0,77243.0,삼성바이오로직스,207940
2024-11-15,937000.0,"하락  20,000",956000.0,964000.0,929000.0,281564.0,삼성바이오로직스,207940
2024-11-18,916000.0,"하락  21,000",915000.0,932000.0,907000.0,88698.0,삼성바이오로직스,207940
2024-11-19,919000.0,"상승  3,000",917000.0,937000.0,917000.0,74830.0,삼성바이오로직스,207940
2024-11-20,938000.0,"상승  19,000",942000.0,953000.0,915000.0,94198.0,삼성바이오로직스,207940
2024-11-21,932000.0,"하락  6,000",944000.0,963000.0,932000.0,130862.0,삼성바이오로직스,207940
2024-11-22,934000.0,"상승  2,000",939000.0,939000.0,926000.0,79868.0,삼성바이오로직스,207940
2024-11-25,958000.0,"상승  24,000",941000.0,960000.0,933000.0,111598.0,삼성바이오로직스,207940
2024-11-26,929000.0,"하락  29,000",949000.0,955000.0,921000.0,89808.0,삼성바이오로직스,207940
2024-11-27,953000.0,"상승  24,000",931000.0,956000.0,929000.0,83471.0,삼성바이오로직스,207940
2024-11-28,1000000.0,"상승  47,000",958000.0,1000000.0,947000.0,121183.0,삼성바이오로직스,207940
2024-11-29,975000.0,"하락  25,000",1002000.0,1007000.0,973000.0,83244.0,삼성바이오로직스,207940
2024-12-02,971000.0,"하락  4,000",988000.0,995000.0,965000.0,50880.0,삼성바이오로직스,207940
2024-12-03,967000.0,"하락  4,000",983000.0,991000.0,964000.0,85347.0,삼성바이오로직스,207940
2024-12-04,961000.0,"하락  6,000",953000.0,971000.0,941000.0,90430.0,삼성바이오로직스,207940
2024-12-05,964000.0,"상승  3,000",964000.0,981000.0,963000.0,47093.0,삼성바이오로직스,207940
2024-12-06,962000.0,"하락  2,000",970000.0,984000.0,956000.0,79185.0,삼성바이오로직스,207940
2024-12-09,953000.0,"하락  9,000",942000.0,975000.0,941000.0,118678.0,삼성바이오로직스,207940
2024-12-10,959000.0,"상승  6,000",962000.0,966000.0,946000.0,86078.0,삼성바이오로직스,207940
2024-12-11,949000.0,"하락  10,000",955000.0,965000.0,946000.0,68819.0,삼성바이오로직스,207940
2024-12-12,958000.0,"상승  9,000",955000.0,980000.0,944000.0,120889.0,삼성바이오로직스,207940
2024-12-13,986000.0,"상승  28,000",959000.0,995000.0,950000.0,76812.0,삼성바이오로직스,207940
2024-12-16,999000.0,"상승  13,000",997000.0,1000000.0,979000.0,65335.0,삼성바이오로직스,207940
2024-12-17,974000.0,"하락  25,000",997000.0,999000.0,973000.0,60499.0,삼성바이오로직스,207940
2024-12-18,980000.0,"상승  6,000",978000.0,986000.0,966000.0,40807.0,삼성바이오로직스,207940
2024-12-19,958000.0,"하락  22,000",965000.0,980000.0,955000.0,71356.0,삼성바이오로직스,207940
2024-12-20,939000.0,"하락  19,000",947000.0,948000.0,908000.0,100460.0,삼성바이오로직스,207940
2024-12-23,949000.0,"상승  10,000",946000.0,956000.0,940000.0,33263.0,삼성바이오로직스,207940
2024-12-24,938000.0,"하락  11,000",953000.0,958000.0,930000.0,40596.0,삼성바이오로직스,207940
2024-12-26,937000.0,"하락  1,000",938000.0,952000.0,933000.0,37570.0,삼성바이오로직스,207940
2024-12-27,934000.0,"하락  3,000",933000.0,940000.0,920000.0,35257.0,삼성바이오로직스,207940
2024-12-30,949000.0,"상승  15,000",935000.0,969000.0,932000.0,52104.0,삼성바이오로직스,207940
2025-01-02,934000.0,"하락  15,000",950000.0,952000.0,924000.0,54913.0,삼성바이오로직스,207940
2025-01-03,940000.0,"상승  6,000",934000.0,951000.0,932000.0,44072.0,삼성바이오로직스,207940
2025-01-06,946000.0,"상승  6,000",940000.0,948000.0,932000.0,44832.0,삼성바이오로직스,207940
2025-01-07,983000.0,"상승  37,000",951000.0,1005000.0,950000.0,151667.0,삼성바이오로직스,207940
2025-01-08,1008000.0,"상승  25,000",991000.0,1011000.0,989000.0,107152.0,삼성바이오로직스,207940
2025-01-09,1006000.0,"하락  2,000",1000000.0,1014000.0,992000.0,49799.0,삼성바이오로직스,207940
2025-01-10,1000000.0,"하락  6,000",1001000.0,1020000.0,999000.0,42326.0,삼성바이오로직스,207940
2025-01-13,1012000.0,"상승  12,000",1006000.0,1044000.0,1005000.0,72362.0,삼성바이오로직스,207940
2025-01-14,1024000.0,"상승  12,000",1049000.0,1062000.0,1018000.0,97967.0,삼성바이오로직스,207940
2025-01-15,1020000.0,"하락  4,000",1036000.0,1046000.0,1020000.0,71505.0,삼성바이오로직스,207940
2025-01-16,1042000.0,"상승  22,000",1027000.0,1053000.0,1027000.0,86168.0,삼성바이오로직스,207940
2025-01-17,1015000.0,"하락  27,000",1036000.0,1038000.0,1015000.0,47724.0,삼성바이오로직스,207940
2025-01-20,1015000.0,보합0,1022000.0,1030000.0,1013000.0,38844.0,삼성바이오로직스,207940
2025-01-21,1001000.0,"하락  14,000",1023000.0,1027000.0,1000000.0,45761.0,삼성바이오로직스,207940
2025-01-22,1014000.0,"상승  13,000",1011000.0,1037000.0,1005000.0,66774.0,삼성바이오로직스,207940
2025-01-23,1053000.0,"상승  39,000",1023000.0,1078000.0,1022000.0,160605.0,삼성바이오로직스,207940
2025-01-24,1087000.0,"상승  34,000",1072000.0,1092000.0,1063000.0,106824.0,삼성바이오로직스,207940
2025-01-31,1081000.0,"하락  6,000",1095000.0,1100000.0,1066000.0,82686.0,삼성바이오로직스,207940
2025-02-03,1095000.0,"상승  14,000",1067000.0,1095000.0,1036000.0,101152.0,삼성바이오로직스,207940
2025-02-04,1072000.0,"하락  23,000",1099000.0,1100000.0,1068000.0,100539.0,삼성바이오로직스,207940
2025-02-05,1085000.0,"상승  13,000",1073000.0,1091000.0,1062000.0,58414.0,삼성바이오로직스,207940
2025-02-06,1089000.0,"상승  4,000",1095000.0,1095000.0,1080000.0,47372.0,삼성바이오로직스,207940
2025-02-07,1160000.0,"상승  71,000",1090000.0,1165000.0,1087000.0,190222.0,삼성바이오로직스,207940
2025-02-10,1130000.0,"하락  30,000",1160000.0,1163000.0,1127000.0,97885.0,삼성바이오로직스,207940
2025-02-11,1174000.0,"상승  44,000",1130000.0,1187000.0,1130000.0,91316.0,삼성바이오로직스,207940
2025-02-12,1157000.0,"하락  17,000",1162000.0,1169000.0,1137000.0,85973.0,삼성바이오로직스,207940
2025-02-13,1179000.0,"상승  22,000",1164000.0,1186000.0,1151000.0,79989.0,삼성바이오로직스,207940
2025-02-14,1180000.0,"상승  1,000",1187000.0,1209000.0,1174000.0,94732.0,삼성바이오로직스,207940
2025-02-17,1185000.0,"상승  5,000",1186000.0,1186000.0,1165000.0,46312.0,삼성바이오로직스,207940
2025-02-18,1175000.0,"하락  10,000",1177000.0,1188000.0,1163000.0,54249.0,삼성바이오로직스,207940
2025-02-19,1156000.0,"하락  19,000",1163000.0,1181000.0,1150000.0,77814.0,삼성바이오로직스,207940
2025-02-20,1149000.0,"하락  7,000",1150000.0,1156000.0,1126000.0,78502.0,삼성바이오로직스,207940
2025-02-21,1157000.0,"상승  8,000",1137000.0,1160000.0,1134000.0,46552.0,삼성바이오로직스,207940
2025-02-24,1151000.0,"하락  6,000",1147000.0,1156000.0,1138000.0,35581.0,삼성바이오로직스,207940
2025-02-25,1178000.0,"상승  27,000",1142000.0,1202000.0,1140000.0,108833.0,삼성바이오로직스,207940
2025-02-26,1168000.0,"하락  10,000",1181000.0,1187000.0,1148000.0,57940.0,삼성바이오로직스,207940
2025-02-27,1159000.0,"하락  9,000",1166000.0,1172000.0,1151000.0,36118.0,삼성바이오로직스,207940
2025-02-28,1116000.0,"하락  43,000",1148000.0,1155000.0,1114000.0,101116.0,삼성바이오로직스,207940
2025-03-04,1120000.0,"상승  4,000",1114000.0,1145000.0,1110000.0,44784.0,삼성바이오로직스,207940
2025-03-05,1143000.0,"상승  23,000",1125000.0,1149000.0,1120000.0,52266.0,삼성바이오로직스,207940
2025-03-06,1130000.0,"하락  13,000",1147000.0,1147000.0,1126000.0,42896.0,삼성바이오로직스,207940
2025-03-07,1100000.0,"하락  30,000",1121000.0,1124000.0,1100000.0,49936.0,삼성바이오로직스,207940
2025-03-10,1083000.0,"하락  17,000",1087000.0,1094000.0,1062000.0,63953.0,삼성바이오로직스,207940
2025-03-11,1068000.0,"하락  15,000",1060000.0,1080000.0,1055000.0,46479.0,삼성바이오로직스,207940
2025-03-12,1079000.0,"상승  11,000",1065000.0,1086000.0,1060000.0,55883.0,삼성바이오로직스,207940
2025-03-13,1053000.0,"하락  26,000",1079000.0,1087000.0,1050000.0,110386.0,삼성바이오로직스,207940
2025-03-14,1051000.0,"하락  2,000",1053000.0,1054000.0,1032000.0,80429.0,삼성바이오로직스,207940
2025-03-17,1069000.0,"상승  18,000",1062000.0,1069000.0,1050000.0,53864.0,삼성바이오로직스,207940
2025-03-18,1084000.0,"상승  15,000",1077000.0,1088000.0,1067000.0,44633.0,삼성바이오로직스,207940
2025-03-19,1079000.0,"하락  5,000",1091000.0,1102000.0,1075000.0,39165.0,삼성바이오로직스,207940
2025-03-20,1072000.0,"하락  7,000",1087000.0,1090000.0,1064000.0,43758.0,삼성바이오로직스,207940
2025-03-21,1095000.0,"상승  23,000",1060000.0,1095000.0,1060000.0,89383.0,삼성바이오로직스,207940
2025-03-24,1078000.0,"하락  17,000",1085000.0,1089000.0,1074000.0,23637.0,삼성바이오로직스,207940
2025-03-25,1074000.0,"하락  4,000",1077000.0,1083000.0,1061000.0,43106.0,삼성바이오로직스,207940
2025-03-26,1072000.0,"하락  2,000",1077000.0,1080000.0,1057000.0,35292.0,삼성바이오로직스,207940
2025-03-27,1059000.0,"하락  13,000",1060000.0,1069000.0,1057000.0,22512.0,삼성바이오로직스,207940
2025-03-28,1049000.0,"하락  10,000",1063000.0,1064000.0,1041000.0,25377.0,삼성바이오로직스,207940
2025-03-31,1014000.0,"하락  35,000",1027000.0,1038000.0,1014000.0,55506.0,삼성바이오로직스,207940
2025-04-01,1058000.0,"상승  44,000",1025000.0,1068000.0,1021000.0,63226.0,삼성바이오로직스,207940
2025-04-02,1050000.0,"하락  8,000",1050000.0,1057000.0,1034000.0,51899.0,삼성바이오로직스,207940
2025-04-03,1113000.0,"상승  63,000",1035000.0,1127000.0,1035000.0,141538.0,삼성바이오로직스,207940
2025-04-04,1069000.0,"하락  44,000",1098000.0,1110000.0,1060000.0,101519.0,삼성바이오로직스,207940
2025-04-07,1008000.0,"하락  61,000",1015000.0,1025000.0,1003000.0,112082.0,삼성바이오로직스,207940
2025-04-08,1004000.0,"하락  4,000",1020000.0,1033000.0,1001000.0,140449.0,삼성바이오로직스,207940
2025-04-09,992000.0,"하락  12,000",998000.0,1008000.0,987000.0,102144.0,삼성바이오로직스,207940
2025-04-10,1019000.0,"상승  27,000",1000000.0,1030000.0,998000.0,174735.0,삼성바이오로직스,207940
2025-04-11,1045000.0,"상승  26,000",1006000.0,1048000.0,1003000.0,75607.0,삼성바이오로직스,207940
2025-04-14,1038000.0,"하락  7,000",1048000.0,1048000.0,1030000.0,47797.0,삼성바이오로직스,207940
2025-04-15,1034000.0,"하락  4,000",1035000.0,1043000.0,1020000.0,66647.0,삼성바이오로직스,207940
2025-04-16,1023000.0,"하락  11,000",1037000.0,1044000.0,1019000.0,42949.0,삼성바이오로직스,207940
2025-04-17,1059000.0,"상승  36,000",1028000.0,1064000.0,1026000.0,83079.0,삼성바이오로직스,207940
2025-04-18,1049000.0,"하락  10,000",1061000.0,1062000.0,1046000.0,28589.0,삼성바이오로직스,207940
2025-04-21,1072000.0,"상승  23,000",1053000.0,1079000.0,1047000.0,40028.0,삼성바이오로직스,207940
2025-04-22,1075000.0,"상승  3,000",1070000.0,1084000.0,1064000.0,64605.0,삼성바이오로직스,207940
2025-04-23,1066000.0,"하락  9,000",1083000.0,1084000.0,1046000.0,85683.0,삼성바이오로직스,207940
2025-04-24,1046000.0,"하락  20,000",1071000.0,1075000.0,1029000.0,121640.0,삼성바이오로직스,207940
2025-04-25,1035000.0,"하락  11,000",1047000.0,1050000.0,1029000.0,93581.0,삼성바이오로직스,207940
2025-04-28,1037000.0,"상승  2,000",1043000.0,1045000.0,1030000.0,57317.0,삼성바이오로직스,207940
2025-04-29,1053000.0,"상승  16,000",1041000.0,1055000.0,1035000.0,62610.0,삼성바이오로직스,207940
2025-04-30,1052000.0,"하락  1,000",1047000.0,1054000.0,1041000.0,55227.0,삼성바이오로직스,207940
2025-05-02,1085000.0,"상승  33,000",1043000.0,1086000.0,1042000.0,73970.0,삼성바이오로직스,207940
2025-05-07,1041000.0,"하락  44,000",1070000.0,1070000.0,1034000.0,119871.0,삼성바이오로직스,207940
2025-05-08,1036000.0,"하락  5,000",1047000.0,1055000.0,1036000.0,67903.0,삼성바이오로직스,207940
2025-05-09,1040000.0,"상승  4,000",1042000.0,1043000.0,1032000.0,37554.0,삼성바이오로직스,207940
2025-05-12,991000.0,"하락  49,000",1041000.0,1042000.0,989000.0,144757.0,삼성바이오로직스,207940
2025-05-13,1000000.0,"상승  9,000",999000.0,1013000.0,995000.0,92269.0,삼성바이오로직스,207940
2025-05-14,1005000.0,"상승  5,000",996000.0,1014000.0,989000.0,67922.0,삼성바이오로직스,207940
2025-05-15,998000.0,"하락  7,000",996000.0,1006000.0,995000.0,38117.0,삼성바이오로직스,207940
2025-05-16,1002000.0,"상승  4,000",1000000.0,1007000.0,997000.0,31403.0,삼성바이오로직스,207940
2025-05-19,1028000.0,"상승  26,000",1002000.0,1042000.0,1002000.0,78071.0,삼성바이오로직스,207940
2025-05-20,1027000.0,"하락  1,000",1033000.0,1037000.0,1021000.0,55686.0,삼성바이오로직스,207940
2025-05-21,1100000.0,"상승  73,000",1033000.0,1119000.0,1032000.0,214102.0,삼성바이오로직스,207940
2025-05-22,1080000.0,"하락  20,000",1161000.0,1190000.0,1073000.0,238303.0,삼성바이오로직스,207940
2025-05-23,1016000.0,"하락  64,000",1080000.0,1084000.0,1016000.0,108587.0,삼성바이오로직스,207940
2025-05-26,1043000.0,"상승  27,000",1030000.0,1043000.0,1013000.0,95760.0,삼성바이오로직스,207940
2025-05-27,1026000.0,"하락  17,000",1033000.0,1042000.0,1023000.0,63210.0,삼성바이오로직스,207940
2025-05-28,1028000.0,"상승  2,000",1028000.0,1038000.0,1023000.0,39721.0,삼성바이오로직스,207940
2025-05-29,1026000.0,"하락  2,000",1034000.0,1037000.0,1015000.0,89905.0,삼성바이오로직스,207940
2025-05-30,1031000.0,"상승  5,000",1022000.0,1049000.0,1019000.0,48128.0,삼성바이오로직스,207940
