날짜,종가,전일비,시가,고가,저가,거래량,회사명,종목코드
2020-03-16,89700.0,"하락  4,000",95000.0,96300.0,89700.0,472425.0,삼성물산,028260
2020-03-17,88200.0,"하락  1,500",84900.0,90300.0,84600.0,577410.0,삼성물산,028260
2020-03-18,83100.0,"하락  5,100",88200.0,89300.0,83100.0,517037.0,삼성물산,028260
2020-03-19,76400.0,"하락  6,700",84100.0,85100.0,74500.0,896134.0,삼성물산,028260
2020-03-20,80500.0,"상승  4,100",77700.0,80500.0,75300.0,690277.0,삼성물산,028260
2020-03-23,74500.0,"하락  6,000",74400.0,76800.0,73500.0,501217.0,삼성물산,028260
2020-03-24,83700.0,"상승  9,200",76200.0,83700.0,75000.0,684986.0,삼성물산,028260
2020-03-25,90000.0,"상승  6,300",86400.0,90000.0,85000.0,765916.0,삼성물산,028260
2020-03-26,87300.0,"하락  2,700",88800.0,90800.0,87300.0,617602.0,삼성물산,028260
2020-03-27,89800.0,"상승  2,500",90700.0,91000.0,87300.0,590727.0,삼성물산,028260
2020-03-30,88300.0,"하락  1,500",87200.0,89200.0,85900.0,444420.0,삼성물산,028260
2020-03-31,89600.0,"상승  1,300",88800.0,89700.0,87300.0,454321.0,삼성물산,028260
2020-04-01,84900.0,"하락  4,700",87900.0,89600.0,84400.0,483939.0,삼성물산,028260
2020-04-02,85600.0,상승  700,85000.0,86100.0,83000.0,433092.0,삼성물산,028260
2020-04-03,84800.0,하락  800,85000.0,86100.0,83700.0,428005.0,삼성물산,028260
2020-04-06,87600.0,"상승  2,800",84900.0,87900.0,84900.0,352050.0,삼성물산,028260
2020-04-07,89000.0,"상승  1,400",89100.0,90200.0,87200.0,517486.0,삼성물산,028260
2020-04-08,87700.0,"하락  1,300",88300.0,89500.0,87400.0,437768.0,삼성물산,028260
2020-04-09,88900.0,"상승  1,200",89000.0,89400.0,88100.0,539747.0,삼성물산,028260
2020-04-10,94200.0,"상승  5,300",88900.0,96000.0,88500.0,1392526.0,삼성물산,028260
2020-04-13,92200.0,"하락  2,000",95000.0,96300.0,92200.0,556976.0,삼성물산,028260
2020-04-14,94000.0,"상승  1,800",93400.0,95000.0,92400.0,386674.0,삼성물산,028260
2020-04-16,94000.0,보합0,93000.0,94900.0,91500.0,538849.0,삼성물산,028260
2020-04-17,95900.0,"상승  1,900",95400.0,98100.0,95000.0,565973.0,삼성물산,028260
2020-04-20,95200.0,하락  700,95500.0,97700.0,95000.0,389522.0,삼성물산,028260
2020-04-21,93900.0,"하락  1,300",94900.0,95900.0,92500.0,571828.0,삼성물산,028260
2020-04-22,97000.0,"상승  3,100",93500.0,97700.0,92400.0,474690.0,삼성물산,028260
2020-04-23,98700.0,"상승  1,700",96300.0,99500.0,95800.0,561986.0,삼성물산,028260
2020-04-24,98700.0,보합0,101000.0,102500.0,98100.0,695631.0,삼성물산,028260
2020-04-27,99700.0,"상승  1,000",99400.0,101000.0,98000.0,351061.0,삼성물산,028260
2020-04-28,102500.0,"상승  2,800",100000.0,102500.0,99300.0,465534.0,삼성물산,028260
2020-04-29,106000.0,"상승  3,500",102500.0,107000.0,101500.0,589970.0,삼성물산,028260
2020-05-04,99900.0,"하락  6,100",103000.0,103500.0,99900.0,625651.0,삼성물산,028260
2020-05-06,106500.0,"상승  6,600",102000.0,110500.0,100000.0,792744.0,삼성물산,028260
2020-05-07,103500.0,"하락  3,000",105000.0,105500.0,102500.0,513122.0,삼성물산,028260
2020-05-08,105500.0,"상승  2,000",104500.0,108000.0,104500.0,510007.0,삼성물산,028260
2020-05-11,102500.0,"하락  3,000",105500.0,106500.0,102000.0,461994.0,삼성물산,028260
2020-05-12,100000.0,"하락  2,500",102000.0,102000.0,99500.0,645194.0,삼성물산,028260
2020-05-13,100000.0,보합0,98000.0,100500.0,97800.0,418968.0,삼성물산,028260
2020-05-14,98500.0,"하락  1,500",98700.0,99400.0,98000.0,517115.0,삼성물산,028260
2020-05-15,98900.0,상승  400,98900.0,99400.0,97700.0,390663.0,삼성물산,028260
2020-05-18,98200.0,하락  700,99300.0,99400.0,97800.0,312224.0,삼성물산,028260
2020-05-19,102000.0,"상승  3,800",99900.0,102500.0,99900.0,593063.0,삼성물산,028260
2020-05-20,101500.0,하락  500,101000.0,102000.0,100500.0,252704.0,삼성물산,028260
2020-05-21,100500.0,"하락  1,000",102500.0,102500.0,100000.0,332713.0,삼성물산,028260
2020-05-22,98800.0,"하락  1,700",101000.0,102000.0,98200.0,440759.0,삼성물산,028260
2020-05-25,99500.0,상승  700,99900.0,100000.0,98000.0,259770.0,삼성물산,028260
2020-05-26,102500.0,"상승  3,000",99700.0,103000.0,99100.0,433229.0,삼성물산,028260
2020-05-27,101000.0,"하락  1,500",101500.0,102500.0,100500.0,446462.0,삼성물산,028260
2020-05-28,99200.0,"하락  1,800",101000.0,102000.0,98900.0,565818.0,삼성물산,028260
2020-05-29,99100.0,하락  100,99200.0,100000.0,98100.0,537453.0,삼성물산,028260
2020-06-01,102000.0,"상승  2,900",101500.0,104000.0,101000.0,562918.0,삼성물산,028260
2020-06-02,103000.0,"상승  1,000",101500.0,103000.0,101000.0,329090.0,삼성물산,028260
2020-06-03,107000.0,"상승  4,000",103500.0,108000.0,103000.0,1128887.0,삼성물산,028260
2020-06-04,107000.0,보합0,108500.0,110500.0,106000.0,1047644.0,삼성물산,028260
2020-06-05,112000.0,"상승  5,000",107500.0,113000.0,106000.0,901377.0,삼성물산,028260
2020-06-08,113500.0,"상승  1,500",114500.0,115000.0,112000.0,622460.0,삼성물산,028260
2020-06-09,112500.0,"하락  1,000",116000.0,117000.0,109500.0,833872.0,삼성물산,028260
2020-06-10,111000.0,"하락  1,500",112500.0,112500.0,108500.0,572891.0,삼성물산,028260
2020-06-11,109500.0,"하락  1,500",109500.0,114000.0,108500.0,877197.0,삼성물산,028260
2020-06-12,108500.0,"하락  1,000",105000.0,109000.0,104000.0,708907.0,삼성물산,028260
2020-06-15,112000.0,"상승  3,500",109000.0,121000.0,108500.0,3554902.0,삼성물산,028260
2020-06-16,124000.0,"상승  12,000",119500.0,124000.0,116500.0,2696960.0,삼성물산,028260
2020-06-17,122000.0,"하락  2,000",123000.0,126000.0,120000.0,1369698.0,삼성물산,028260
2020-06-18,121500.0,하락  500,121000.0,123000.0,119000.0,657356.0,삼성물산,028260
2020-06-19,120000.0,"하락  1,500",122500.0,123000.0,118000.0,772021.0,삼성물산,028260
2020-06-22,116500.0,"하락  3,500",118500.0,119000.0,116500.0,675852.0,삼성물산,028260
2020-06-23,116500.0,보합0,117000.0,118500.0,113000.0,747155.0,삼성물산,028260
2020-06-24,118000.0,"상승  1,500",117500.0,121000.0,117000.0,736235.0,삼성물산,028260
2020-06-25,116000.0,"하락  2,000",115000.0,117500.0,114000.0,639728.0,삼성물산,028260
2020-06-26,116500.0,상승  500,117000.0,118000.0,114000.0,575645.0,삼성물산,028260
2020-06-29,116500.0,보합0,115000.0,119000.0,114500.0,687611.0,삼성물산,028260
2020-06-30,116000.0,하락  500,119000.0,119000.0,115500.0,439721.0,삼성물산,028260
2020-07-01,113000.0,"하락  3,000",116500.0,116500.0,112500.0,443568.0,삼성물산,028260
2020-07-02,115000.0,"상승  2,000",113000.0,115000.0,113000.0,306224.0,삼성물산,028260
2020-07-03,112000.0,"하락  3,000",114500.0,116000.0,110000.0,711497.0,삼성물산,028260
2020-07-06,113000.0,"상승  1,000",112000.0,113000.0,110500.0,394955.0,삼성물산,028260
2020-07-07,110500.0,"하락  2,500",114000.0,114000.0,109500.0,469616.0,삼성물산,028260
2020-07-08,108500.0,"하락  2,000",110500.0,111000.0,108000.0,447414.0,삼성물산,028260
2020-07-09,107000.0,"하락  1,500",109000.0,109500.0,106500.0,529951.0,삼성물산,028260
2020-07-10,104500.0,"하락  2,500",107000.0,107500.0,104500.0,370802.0,삼성물산,028260
2020-07-13,108000.0,"상승  3,500",105500.0,108000.0,105000.0,368363.0,삼성물산,028260
2020-07-14,109000.0,"상승  1,000",107000.0,109000.0,106500.0,293687.0,삼성물산,028260
2020-07-15,111000.0,"상승  2,000",110000.0,112000.0,109000.0,426006.0,삼성물산,028260
2020-07-16,109500.0,"하락  1,500",110500.0,110500.0,108500.0,281137.0,삼성물산,028260
2020-07-17,110000.0,상승  500,109000.0,110500.0,108500.0,233421.0,삼성물산,028260
2020-07-20,107500.0,"하락  2,500",110000.0,110000.0,107000.0,386459.0,삼성물산,028260
2020-07-21,110000.0,"상승  2,500",108000.0,111000.0,108000.0,374236.0,삼성물산,028260
2020-07-22,111000.0,"상승  1,000",111000.0,111500.0,109000.0,291068.0,삼성물산,028260
2020-07-23,108000.0,"하락  3,000",110500.0,110500.0,107500.0,324123.0,삼성물산,028260
2020-07-24,106000.0,"하락  2,000",107000.0,108000.0,105500.0,316751.0,삼성물산,028260
2020-07-27,106500.0,상승  500,105500.0,108500.0,105500.0,244253.0,삼성물산,028260
2020-07-28,108500.0,"상승  2,000",107500.0,110000.0,107000.0,554410.0,삼성물산,028260
2020-07-29,110500.0,"상승  2,000",107500.0,111000.0,107000.0,493854.0,삼성물산,028260
2020-07-30,108000.0,"하락  2,500",110500.0,111500.0,108000.0,325177.0,삼성물산,028260
2020-07-31,106000.0,"하락  2,000",108500.0,109000.0,106000.0,427425.0,삼성물산,028260
2020-08-03,104000.0,"하락  2,000",105500.0,106000.0,103500.0,496866.0,삼성물산,028260
2020-08-04,105000.0,"상승  1,000",104000.0,106500.0,104000.0,316832.0,삼성물산,028260
2020-08-05,106000.0,"상승  1,000",105500.0,107000.0,104500.0,399085.0,삼성물산,028260
2020-08-06,108500.0,"상승  2,500",109500.0,111000.0,108000.0,569838.0,삼성물산,028260
2020-08-07,106500.0,"하락  2,000",109000.0,109500.0,106000.0,427843.0,삼성물산,028260
2020-08-10,109500.0,"상승  3,000",106000.0,111000.0,105500.0,713622.0,삼성물산,028260
2020-08-11,110500.0,"상승  1,000",109500.0,112500.0,109000.0,741766.0,삼성물산,028260
2020-08-12,119500.0,"상승  9,000",111500.0,120000.0,111000.0,1779300.0,삼성물산,028260
2020-08-13,126500.0,"상승  7,000",125000.0,130000.0,121500.0,3201899.0,삼성물산,028260
2020-08-14,124000.0,"하락  2,500",127500.0,129000.0,120500.0,1478454.0,삼성물산,028260
2020-08-18,116500.0,"하락  7,500",124000.0,124000.0,115000.0,1289969.0,삼성물산,028260
2020-08-19,120500.0,"상승  4,000",118500.0,121500.0,117500.0,823147.0,삼성물산,028260
2020-08-20,114500.0,"하락  6,000",118500.0,119500.0,114500.0,978030.0,삼성물산,028260
2020-08-21,115500.0,"상승  1,000",115500.0,118500.0,114000.0,711139.0,삼성물산,028260
2020-08-24,117000.0,"상승  1,500",116000.0,117500.0,114000.0,493821.0,삼성물산,028260
2020-08-25,118000.0,"상승  1,000",117500.0,119000.0,116000.0,589944.0,삼성물산,028260
2020-08-26,115000.0,"하락  3,000",117500.0,118000.0,114500.0,583585.0,삼성물산,028260
2020-08-27,111000.0,"하락  4,000",115500.0,115500.0,111000.0,741838.0,삼성물산,028260
2020-08-28,112500.0,"상승  1,500",111500.0,114500.0,111500.0,432454.0,삼성물산,028260
2020-08-31,108000.0,"하락  4,500",112000.0,114000.0,108000.0,1059470.0,삼성물산,028260
2020-09-01,110500.0,"상승  2,500",107500.0,113500.0,107500.0,782824.0,삼성물산,028260
2020-09-02,108500.0,"하락  2,000",110500.0,111000.0,107000.0,605126.0,삼성물산,028260
2020-09-03,109500.0,"상승  1,000",109000.0,110500.0,108000.0,453620.0,삼성물산,028260
2020-09-04,107500.0,"하락  2,000",106500.0,108500.0,106000.0,534339.0,삼성물산,028260
2020-09-07,109000.0,"상승  1,500",108000.0,109500.0,107500.0,373531.0,삼성물산,028260
2020-09-08,111000.0,"상승  2,000",109500.0,112000.0,109000.0,441253.0,삼성물산,028260
2020-09-09,108000.0,"하락  3,000",109000.0,110000.0,107500.0,480233.0,삼성물산,028260
2020-09-10,108500.0,상승  500,110000.0,110500.0,108000.0,619678.0,삼성물산,028260
2020-09-11,113000.0,"상승  4,500",108000.0,116500.0,108000.0,1495263.0,삼성물산,028260
2020-09-14,114000.0,"상승  1,000",114500.0,115500.0,113000.0,433719.0,삼성물산,028260
2020-09-15,113500.0,하락  500,114500.0,114500.0,111500.0,492371.0,삼성물산,028260
2020-09-16,111000.0,"하락  2,500",113000.0,113500.0,111000.0,413185.0,삼성물산,028260
2020-09-17,109000.0,"하락  2,000",110500.0,111000.0,108500.0,396882.0,삼성물산,028260
2020-09-18,109500.0,상승  500,110000.0,110500.0,109000.0,312258.0,삼성물산,028260
2020-09-21,108500.0,"하락  1,000",109500.0,110500.0,108000.0,364751.0,삼성물산,028260
2020-09-22,105500.0,"하락  3,000",109000.0,109500.0,105500.0,592653.0,삼성물산,028260
2020-09-23,105500.0,보합0,106000.0,107000.0,105000.0,335294.0,삼성물산,028260
2020-09-24,102000.0,"하락  3,500",104000.0,104500.0,102000.0,452821.0,삼성물산,028260
2020-09-25,102500.0,상승  500,102500.0,104000.0,102500.0,287351.0,삼성물산,028260
2020-09-28,104500.0,"상승  2,000",103500.0,106000.0,103000.0,201432.0,삼성물산,028260
2020-09-29,105000.0,상승  500,106000.0,106000.0,104000.0,315583.0,삼성물산,028260
2020-10-05,105000.0,보합0,105000.0,106000.0,104000.0,291328.0,삼성물산,028260
2020-10-06,104000.0,"하락  1,000",105500.0,106000.0,104000.0,272047.0,삼성물산,028260
2020-10-07,105000.0,"상승  1,000",103500.0,105000.0,103000.0,319146.0,삼성물산,028260
2020-10-08,104500.0,하락  500,106000.0,106500.0,104000.0,435015.0,삼성물산,028260
2020-10-12,105000.0,상승  500,105500.0,105500.0,104500.0,259281.0,삼성물산,028260
2020-10-13,105500.0,상승  500,105500.0,106000.0,104500.0,263342.0,삼성물산,028260
2020-10-14,104000.0,"하락  1,500",105500.0,106000.0,104000.0,268768.0,삼성물산,028260
2020-10-15,102500.0,"하락  1,500",104000.0,104500.0,102500.0,272073.0,삼성물산,028260
2020-10-16,102000.0,하락  500,103000.0,104000.0,102000.0,344823.0,삼성물산,028260
2020-10-19,103000.0,"상승  1,000",102500.0,105000.0,102500.0,401448.0,삼성물산,028260
2020-10-20,102500.0,하락  500,102500.0,103500.0,101500.0,281942.0,삼성물산,028260
2020-10-21,104000.0,"상승  1,500",102500.0,104000.0,102000.0,208146.0,삼성물산,028260
2020-10-22,104500.0,상승  500,103500.0,104500.0,102500.0,216486.0,삼성물산,028260
2020-10-23,104000.0,하락  500,105000.0,105000.0,103500.0,285334.0,삼성물산,028260
2020-10-26,118000.0,"상승  14,000",120500.0,126000.0,116500.0,9493136.0,삼성물산,028260
2020-10-27,115500.0,"하락  2,500",120000.0,121500.0,114000.0,2862367.0,삼성물산,028260
2020-10-28,113000.0,"하락  2,500",114500.0,115000.0,110000.0,1529935.0,삼성물산,028260
2020-10-29,111000.0,"하락  2,000",110000.0,112000.0,108000.0,1151122.0,삼성물산,028260
2020-10-30,110500.0,하락  500,112000.0,115500.0,110000.0,1172993.0,삼성물산,028260
2020-11-02,112000.0,"상승  1,500",111500.0,112500.0,109500.0,500486.0,삼성물산,028260
2020-11-03,112500.0,상승  500,112000.0,113500.0,111000.0,487902.0,삼성물산,028260
2020-11-04,114000.0,"상승  1,500",113500.0,115500.0,112000.0,826560.0,삼성물산,028260
2020-11-05,116500.0,"상승  2,500",114500.0,116500.0,114500.0,536669.0,삼성물산,028260
2020-11-06,115000.0,"하락  1,500",117000.0,117000.0,114500.0,456819.0,삼성물산,028260
2020-11-09,115000.0,보합0,115500.0,116500.0,114500.0,470472.0,삼성물산,028260
2020-11-10,116500.0,"상승  1,500",116000.0,116500.0,114000.0,548716.0,삼성물산,028260
2020-11-11,123000.0,"상승  6,500",116500.0,123500.0,116500.0,1551092.0,삼성물산,028260
2020-11-12,120500.0,"하락  2,500",122000.0,122500.0,120000.0,676074.0,삼성물산,028260
2020-11-13,120500.0,보합0,120000.0,123000.0,119500.0,666873.0,삼성물산,028260
2020-11-16,124000.0,"상승  3,500",121500.0,124500.0,121000.0,861902.0,삼성물산,028260
2020-11-17,124000.0,보합0,124000.0,126000.0,123000.0,738461.0,삼성물산,028260
2020-11-18,123000.0,"하락  1,000",124500.0,125000.0,122500.0,494270.0,삼성물산,028260
2020-11-19,122500.0,하락  500,122500.0,123000.0,121000.0,588885.0,삼성물산,028260
2020-11-20,121000.0,"하락  1,500",122000.0,122500.0,121000.0,371126.0,삼성물산,028260
2020-11-23,122500.0,"상승  1,500",120500.0,123000.0,120000.0,493014.0,삼성물산,028260
2020-11-24,125500.0,"상승  3,000",123000.0,126000.0,122500.0,863139.0,삼성물산,028260
2020-11-25,123500.0,"하락  2,000",126000.0,126500.0,121500.0,735695.0,삼성물산,028260
2020-11-26,122500.0,"하락  1,000",122500.0,123000.0,121500.0,426509.0,삼성물산,028260
2020-11-27,122500.0,보합0,122000.0,124500.0,121500.0,418900.0,삼성물산,028260
2020-11-30,120500.0,"하락  2,000",123000.0,123500.0,120500.0,869532.0,삼성물산,028260
2020-12-01,121500.0,"상승  1,000",121500.0,122000.0,120500.0,343009.0,삼성물산,028260
2020-12-02,122000.0,상승  500,121500.0,123500.0,120500.0,571046.0,삼성물산,028260
2020-12-03,122000.0,보합0,122500.0,122500.0,120500.0,501979.0,삼성물산,028260
2020-12-04,123500.0,"상승  1,500",121500.0,125000.0,121000.0,998010.0,삼성물산,028260
2020-12-07,123000.0,하락  500,124000.0,124500.0,121000.0,517064.0,삼성물산,028260
2020-12-08,124000.0,"상승  1,000",123000.0,124500.0,121000.0,695423.0,삼성물산,028260
2020-12-09,124500.0,상승  500,124000.0,124500.0,122500.0,502608.0,삼성물산,028260
2020-12-10,125000.0,상승  500,123000.0,127500.0,122000.0,1272860.0,삼성물산,028260
2020-12-11,131500.0,"상승  6,500",126000.0,132500.0,125000.0,1591465.0,삼성물산,028260
2020-12-14,130000.0,"하락  1,500",132500.0,135500.0,129500.0,1148409.0,삼성물산,028260
2020-12-15,128500.0,"하락  1,500",130500.0,130500.0,127000.0,712404.0,삼성물산,028260
2020-12-16,128500.0,보합0,129500.0,130500.0,128000.0,441141.0,삼성물산,028260
2020-12-17,127500.0,"하락  1,000",128500.0,129000.0,127000.0,436203.0,삼성물산,028260
2020-12-18,129000.0,"상승  1,500",127500.0,130500.0,127500.0,602018.0,삼성물산,028260
2020-12-21,127500.0,"하락  1,500",129500.0,129500.0,126500.0,621529.0,삼성물산,028260
2020-12-22,132500.0,"상승  5,000",128000.0,136000.0,127500.0,2365555.0,삼성물산,028260
2020-12-23,137000.0,"상승  4,500",134500.0,138500.0,133000.0,1753562.0,삼성물산,028260
2020-12-24,139000.0,"상승  2,000",138000.0,141000.0,136000.0,1181832.0,삼성물산,028260
2020-12-28,140000.0,"상승  1,000",140000.0,140500.0,138000.0,1442042.0,삼성물산,028260
2020-12-29,136500.0,"하락  3,500",140500.0,141000.0,135000.0,1194211.0,삼성물산,028260
2020-12-30,138000.0,"상승  1,500",136000.0,139000.0,135000.0,749280.0,삼성물산,028260
2021-01-04,144000.0,"상승  6,000",138500.0,145000.0,137000.0,1369767.0,삼성물산,028260
2021-01-05,144500.0,상승  500,143000.0,146500.0,140500.0,1043814.0,삼성물산,028260
2021-01-06,139500.0,"하락  5,000",143500.0,146000.0,138500.0,1150091.0,삼성물산,028260
2021-01-07,145000.0,"상승  5,500",141000.0,146000.0,141000.0,1308751.0,삼성물산,028260
2021-01-08,151000.0,"상승  6,000",146000.0,153500.0,145000.0,2268977.0,삼성물산,028260
2021-01-11,150500.0,하락  500,153500.0,160000.0,146500.0,2779620.0,삼성물산,028260
2021-01-12,145500.0,"하락  5,000",149000.0,149500.0,141500.0,1194252.0,삼성물산,028260
2021-01-13,146000.0,상승  500,146000.0,149000.0,145500.0,836672.0,삼성물산,028260
2021-01-14,152500.0,"상승  6,500",147500.0,157500.0,146500.0,1851446.0,삼성물산,028260
2021-01-15,153500.0,"상승  1,000",155000.0,157500.0,151500.0,1212134.0,삼성물산,028260
2021-01-18,143000.0,"하락  10,500",153500.0,156000.0,141500.0,2364849.0,삼성물산,028260
2021-01-19,144000.0,"상승  1,000",142500.0,144500.0,137000.0,1905239.0,삼성물산,028260
2021-01-20,142000.0,"하락  2,000",146500.0,147000.0,140000.0,1191147.0,삼성물산,028260
2021-01-21,151000.0,"상승  9,000",145500.0,152500.0,144000.0,1594368.0,삼성물산,028260
2021-01-22,146000.0,"하락  5,000",150000.0,151000.0,146000.0,940452.0,삼성물산,028260
2021-01-25,146000.0,보합0,145500.0,149000.0,144500.0,776458.0,삼성물산,028260
2021-01-26,141500.0,"하락  4,500",146500.0,147000.0,140500.0,997821.0,삼성물산,028260
2021-01-27,142000.0,상승  500,142500.0,144500.0,140500.0,691400.0,삼성물산,028260
2021-01-28,134000.0,"하락  8,000",138000.0,138500.0,132500.0,1951990.0,삼성물산,028260
2021-01-29,130000.0,"하락  4,000",135500.0,136000.0,128000.0,1323820.0,삼성물산,028260
2021-02-01,130500.0,상승  500,129000.0,131500.0,127500.0,993800.0,삼성물산,028260
2021-02-02,132000.0,"상승  1,500",132500.0,135000.0,130000.0,990980.0,삼성물산,028260
2021-02-03,136500.0,"상승  4,500",134000.0,137500.0,132500.0,1025457.0,삼성물산,028260
2021-02-04,133500.0,"하락  3,000",137000.0,137500.0,132000.0,687770.0,삼성물산,028260
2021-02-05,134500.0,"상승  1,000",134500.0,135000.0,132000.0,440289.0,삼성물산,028260
2021-02-08,132000.0,"하락  2,500",134500.0,135000.0,131500.0,576269.0,삼성물산,028260
2021-02-09,131000.0,"하락  1,000",132500.0,133500.0,131000.0,450134.0,삼성물산,028260
2021-02-10,131000.0,보합0,132000.0,132000.0,129000.0,558676.0,삼성물산,028260
2021-02-15,132000.0,"상승  1,000",132500.0,133000.0,131000.0,442759.0,삼성물산,028260
2021-02-16,133000.0,"상승  1,000",132000.0,135500.0,131000.0,555202.0,삼성물산,028260
2021-02-17,131000.0,"하락  2,000",131500.0,132000.0,129500.0,503704.0,삼성물산,028260
2021-02-18,127000.0,"하락  4,000",130000.0,131500.0,127000.0,739598.0,삼성물산,028260
2021-02-19,126000.0,"하락  1,000",126500.0,127500.0,122000.0,1091569.0,삼성물산,028260
2021-02-22,124000.0,"하락  2,000",126000.0,128500.0,123500.0,765235.0,삼성물산,028260
2021-02-23,124500.0,상승  500,124000.0,125500.0,122000.0,509232.0,삼성물산,028260
2021-02-24,122000.0,"하락  2,500",124500.0,125500.0,121500.0,621468.0,삼성물산,028260
2021-02-25,125500.0,"상승  3,500",123500.0,125500.0,122000.0,534747.0,삼성물산,028260
2021-02-26,121500.0,"하락  4,000",122500.0,122500.0,120000.0,848950.0,삼성물산,028260
2021-03-02,122500.0,"상승  1,000",123500.0,124500.0,122000.0,465415.0,삼성물산,028260
2021-03-03,124000.0,"상승  1,500",123500.0,124000.0,122500.0,383130.0,삼성물산,028260
2021-03-04,122000.0,"하락  2,000",122000.0,123000.0,121000.0,514070.0,삼성물산,028260
2021-03-05,120000.0,"하락  2,000",120000.0,121000.0,118500.0,610854.0,삼성물산,028260
2021-03-08,119500.0,하락  500,121500.0,121500.0,119000.0,346781.0,삼성물산,028260
2021-03-09,119500.0,보합0,120000.0,120500.0,117000.0,589778.0,삼성물산,028260
2021-03-10,118000.0,"하락  1,500",121000.0,121500.0,117500.0,456026.0,삼성물산,028260
2021-03-11,120000.0,"상승  2,000",118000.0,121500.0,118000.0,619127.0,삼성물산,028260
2021-03-12,123500.0,"상승  3,500",121000.0,123500.0,121000.0,530000.0,삼성물산,028260
2021-03-15,122500.0,"하락  1,000",123500.0,123500.0,121500.0,309972.0,삼성물산,028260
2021-03-16,124000.0,"상승  1,500",123000.0,126000.0,122500.0,449368.0,삼성물산,028260
2021-03-17,122000.0,"하락  2,000",124500.0,124500.0,121000.0,462424.0,삼성물산,028260
2021-03-18,121500.0,하락  500,122500.0,123500.0,121000.0,422784.0,삼성물산,028260
2021-03-19,121500.0,보합0,120000.0,122000.0,119500.0,353998.0,삼성물산,028260
2021-03-22,120000.0,"하락  1,500",121500.0,121500.0,120000.0,324403.0,삼성물산,028260
2021-03-23,120000.0,보합0,120500.0,121500.0,119000.0,340430.0,삼성물산,028260
2021-03-24,118500.0,"하락  1,500",119000.0,120000.0,118500.0,303033.0,삼성물산,028260
2021-03-25,123500.0,"상승  5,000",118500.0,124000.0,118500.0,666583.0,삼성물산,028260
2021-03-26,123000.0,하락  500,124000.0,124000.0,121500.0,457545.0,삼성물산,028260
2021-03-29,122500.0,하락  500,124000.0,124000.0,121500.0,406018.0,삼성물산,028260
2021-03-30,126000.0,"상승  3,500",122500.0,126500.0,122500.0,614507.0,삼성물산,028260
2021-03-31,124500.0,"하락  1,500",127000.0,127000.0,124500.0,365576.0,삼성물산,028260
2021-04-01,124500.0,보합0,125000.0,126000.0,124500.0,248054.0,삼성물산,028260
2021-04-02,124500.0,보합0,126000.0,126000.0,124500.0,278439.0,삼성물산,028260
2021-04-05,125000.0,상승  500,125500.0,126000.0,123000.0,287775.0,삼성물산,028260
2021-04-06,125500.0,상승  500,125500.0,126000.0,124000.0,308686.0,삼성물산,028260
2021-04-07,129000.0,"상승  3,500",125500.0,129500.0,125000.0,656528.0,삼성물산,028260
2021-04-08,128500.0,하락  500,129000.0,131000.0,128000.0,690171.0,삼성물산,028260
2021-04-09,129000.0,상승  500,129000.0,130000.0,128000.0,364734.0,삼성물산,028260
2021-04-12,129500.0,상승  500,129000.0,129500.0,127000.0,340293.0,삼성물산,028260
2021-04-13,135500.0,"상승  6,000",132000.0,138000.0,131000.0,1964722.0,삼성물산,028260
2021-04-14,139000.0,"상승  3,500",136000.0,140000.0,135000.0,899849.0,삼성물산,028260
2021-04-15,136500.0,"하락  2,500",138000.0,138500.0,135500.0,617796.0,삼성물산,028260
2021-04-16,139000.0,"상승  2,500",137000.0,139500.0,135500.0,486539.0,삼성물산,028260
2021-04-19,138500.0,하락  500,139000.0,141000.0,137500.0,544711.0,삼성물산,028260
2021-04-20,139500.0,"상승  1,000",138000.0,141000.0,138000.0,707354.0,삼성물산,028260
2021-04-21,135000.0,"하락  4,500",138500.0,138500.0,134500.0,825421.0,삼성물산,028260
2021-04-22,134500.0,하락  500,136500.0,137000.0,132500.0,520938.0,삼성물산,028260
2021-04-23,135500.0,"상승  1,000",134000.0,136500.0,132000.0,436026.0,삼성물산,028260
2021-04-26,138500.0,"상승  3,000",139500.0,141000.0,138500.0,803929.0,삼성물산,028260
2021-04-27,137000.0,"하락  1,500",139500.0,139500.0,136000.0,474317.0,삼성물산,028260
2021-04-28,133000.0,"하락  4,000",137500.0,140500.0,129500.0,1192731.0,삼성물산,028260
2021-04-29,140000.0,"상승  7,000",136500.0,142500.0,135500.0,2039950.0,삼성물산,028260
2021-04-30,136000.0,"하락  4,000",140500.0,140500.0,135000.0,707549.0,삼성물산,028260
2021-05-03,132000.0,"하락  4,000",138000.0,138000.0,131000.0,843027.0,삼성물산,028260
2021-05-04,132500.0,상승  500,132000.0,134500.0,131000.0,394566.0,삼성물산,028260
2021-05-06,133000.0,상승  500,131500.0,134000.0,130500.0,473247.0,삼성물산,028260
2021-05-07,134500.0,"상승  1,500",133500.0,135000.0,132500.0,392953.0,삼성물산,028260
2021-05-10,136500.0,"상승  2,000",135500.0,136500.0,133500.0,466417.0,삼성물산,028260
2021-05-11,135000.0,"하락  1,500",136000.0,136500.0,134000.0,385968.0,삼성물산,028260
2021-05-12,136500.0,"상승  1,500",136000.0,139500.0,134000.0,978019.0,삼성물산,028260
2021-05-13,132500.0,"하락  4,000",134000.0,135500.0,132500.0,673365.0,삼성물산,028260
2021-05-14,140000.0,"상승  7,500",134000.0,141000.0,133000.0,1000628.0,삼성물산,028260
2021-05-17,140000.0,보합0,140500.0,141500.0,138500.0,662504.0,삼성물산,028260
2021-05-18,139500.0,하락  500,141000.0,141500.0,139000.0,392753.0,삼성물산,028260
2021-05-20,139000.0,하락  500,138500.0,139000.0,136000.0,449423.0,삼성물산,028260
2021-05-21,137500.0,"하락  1,500",139500.0,140500.0,137000.0,362965.0,삼성물산,028260
2021-05-24,136500.0,"하락  1,000",138500.0,139000.0,135000.0,337478.0,삼성물산,028260
2021-05-25,138000.0,"상승  1,500",136500.0,139000.0,136000.0,307953.0,삼성물산,028260
2021-05-26,138500.0,상승  500,138000.0,139500.0,137500.0,233299.0,삼성물산,028260
2021-05-27,137500.0,"하락  1,000",138500.0,139000.0,137000.0,431973.0,삼성물산,028260
2021-05-28,138000.0,상승  500,138500.0,138500.0,136500.0,263125.0,삼성물산,028260
2021-05-31,138500.0,상승  500,138000.0,138500.0,136500.0,351467.0,삼성물산,028260
2021-06-01,143000.0,"상승  4,500",139000.0,144000.0,138500.0,1151547.0,삼성물산,028260
2021-06-02,141500.0,"하락  1,500",142500.0,143000.0,140500.0,483225.0,삼성물산,028260
2021-06-03,142000.0,상승  500,142000.0,145000.0,141500.0,691299.0,삼성물산,028260
2021-06-04,140000.0,"하락  2,000",141000.0,142000.0,139500.0,378782.0,삼성물산,028260
2021-06-07,141500.0,"상승  1,500",141500.0,142000.0,139500.0,302565.0,삼성물산,028260
2021-06-08,143000.0,"상승  1,500",142500.0,143500.0,141000.0,439768.0,삼성물산,028260
2021-06-09,140000.0,"하락  3,000",142500.0,143000.0,140000.0,357213.0,삼성물산,028260
2021-06-10,140500.0,상승  500,139500.0,142500.0,138500.0,574635.0,삼성물산,028260
2021-06-11,140500.0,보합0,140500.0,142500.0,139500.0,257479.0,삼성물산,028260
2021-06-14,139000.0,"하락  1,500",140500.0,140500.0,138000.0,378676.0,삼성물산,028260
2021-06-15,138000.0,"하락  1,000",138500.0,139000.0,137500.0,245022.0,삼성물산,028260
2021-06-16,138000.0,보합0,137500.0,138500.0,137000.0,326970.0,삼성물산,028260
2021-06-17,136500.0,"하락  1,500",137000.0,137500.0,136000.0,324623.0,삼성물산,028260
2021-06-18,136000.0,하락  500,137000.0,137500.0,135500.0,385644.0,삼성물산,028260
2021-06-21,133000.0,"하락  3,000",134500.0,134500.0,131500.0,569876.0,삼성물산,028260
2021-06-22,133500.0,상승  500,134000.0,134500.0,132500.0,357029.0,삼성물산,028260
2021-06-23,134000.0,상승  500,134000.0,135000.0,133500.0,276594.0,삼성물산,028260
2021-06-24,135000.0,"상승  1,000",134000.0,135000.0,133500.0,260488.0,삼성물산,028260
2021-06-25,136500.0,"상승  1,500",135000.0,136500.0,134500.0,280954.0,삼성물산,028260
2021-06-28,137000.0,상승  500,136500.0,137500.0,135500.0,264573.0,삼성물산,028260
2021-06-29,137000.0,보합0,136500.0,137000.0,135500.0,271264.0,삼성물산,028260
2021-06-30,136500.0,하락  500,136500.0,137500.0,136000.0,321377.0,삼성물산,028260
2021-07-01,134000.0,"하락  2,500",136000.0,136500.0,133500.0,310200.0,삼성물산,028260
2021-07-02,134000.0,보합0,134000.0,135000.0,133500.0,248377.0,삼성물산,028260
2021-07-05,134000.0,보합0,134500.0,135000.0,134000.0,166266.0,삼성물산,028260
2021-07-06,135000.0,"상승  1,000",134500.0,136000.0,134000.0,226084.0,삼성물산,028260
2021-07-07,133500.0,"하락  1,500",134500.0,135000.0,133000.0,223800.0,삼성물산,028260
2021-07-08,130500.0,"하락  3,000",133500.0,134000.0,130500.0,602889.0,삼성물산,028260
2021-07-09,128000.0,"하락  2,500",129000.0,129500.0,126500.0,703099.0,삼성물산,028260
2021-07-12,131000.0,"상승  3,000",129000.0,132000.0,128500.0,256256.0,삼성물산,028260
2021-07-13,132500.0,"상승  1,500",131500.0,133500.0,131500.0,210862.0,삼성물산,028260
2021-07-14,134500.0,"상승  2,000",132000.0,134500.0,131000.0,308969.0,삼성물산,028260
2021-07-15,134500.0,보합0,135000.0,135500.0,133500.0,216304.0,삼성물산,028260
2021-07-16,134500.0,보합0,133000.0,134500.0,132000.0,206260.0,삼성물산,028260
2021-07-19,132500.0,"하락  2,000",133000.0,133000.0,131000.0,254345.0,삼성물산,028260
2021-07-20,131500.0,"하락  1,000",130000.0,131500.0,130000.0,288857.0,삼성물산,028260
2021-07-21,136500.0,"상승  5,000",133500.0,137500.0,132000.0,916127.0,삼성물산,028260
2021-07-22,137500.0,"상승  1,000",136500.0,138000.0,135500.0,388645.0,삼성물산,028260
2021-07-23,137500.0,보합0,137500.0,138500.0,137000.0,237329.0,삼성물산,028260
2021-07-26,136000.0,"하락  1,500",138000.0,138000.0,136000.0,184505.0,삼성물산,028260
2021-07-27,138500.0,"상승  2,500",138000.0,141500.0,137500.0,814776.0,삼성물산,028260
2021-07-28,142500.0,"상승  4,000",138500.0,143000.0,138500.0,903793.0,삼성물산,028260
2021-07-29,144000.0,"상승  1,500",143500.0,144500.0,142500.0,616059.0,삼성물산,028260
2021-07-30,141500.0,"하락  2,500",144000.0,144000.0,139500.0,488925.0,삼성물산,028260
2021-08-02,143500.0,"상승  2,000",142000.0,144500.0,141500.0,450176.0,삼성물산,028260
2021-08-03,143500.0,보합0,143000.0,144000.0,140500.0,421163.0,삼성물산,028260
2021-08-04,144500.0,"상승  1,000",143500.0,144500.0,142000.0,389169.0,삼성물산,028260
2021-08-05,145000.0,상승  500,144500.0,146000.0,144000.0,360380.0,삼성물산,028260
2021-08-06,144500.0,하락  500,146000.0,146000.0,143500.0,251352.0,삼성물산,028260
2021-08-09,142500.0,"하락  2,000",144500.0,145000.0,141500.0,511137.0,삼성물산,028260
2021-08-10,139500.0,"하락  3,000",144000.0,144000.0,138500.0,691321.0,삼성물산,028260
2021-08-11,138500.0,"하락  1,000",140000.0,140000.0,136000.0,447548.0,삼성물산,028260
2021-08-12,135000.0,"하락  3,500",139000.0,139500.0,135000.0,681689.0,삼성물산,028260
2021-08-13,134000.0,"하락  1,000",136000.0,136500.0,132500.0,474613.0,삼성물산,028260
2021-08-17,133500.0,하락  500,135000.0,136000.0,132000.0,519009.0,삼성물산,028260
2021-08-18,134000.0,상승  500,133500.0,135000.0,132500.0,405136.0,삼성물산,028260
2021-08-19,129500.0,"하락  4,500",133500.0,134500.0,129000.0,514761.0,삼성물산,028260
2021-08-20,127000.0,"하락  2,500",130500.0,131000.0,126500.0,400224.0,삼성물산,028260
2021-08-23,129000.0,"상승  2,000",128500.0,130500.0,127500.0,228713.0,삼성물산,028260
2021-08-24,131500.0,"상승  2,500",129500.0,132000.0,129500.0,253293.0,삼성물산,028260
2021-08-25,133500.0,"상승  2,000",132500.0,135500.0,132000.0,290567.0,삼성물산,028260
2021-08-26,132000.0,"하락  1,500",133500.0,134500.0,131500.0,218948.0,삼성물산,028260
2021-08-27,132500.0,상승  500,132500.0,133500.0,131000.0,247480.0,삼성물산,028260
2021-08-30,131500.0,"하락  1,000",134000.0,134000.0,131500.0,204717.0,삼성물산,028260
2021-08-31,133000.0,"상승  1,500",131500.0,133500.0,129000.0,475478.0,삼성물산,028260
2021-09-01,133000.0,보합0,132500.0,134000.0,131000.0,223657.0,삼성물산,028260
2021-09-02,131500.0,"하락  1,500",132500.0,133000.0,130500.0,278068.0,삼성물산,028260
2021-09-03,132000.0,상승  500,131500.0,133000.0,131000.0,180457.0,삼성물산,028260
2021-09-06,132000.0,보합0,132000.0,132500.0,130500.0,157284.0,삼성물산,028260
2021-09-07,130500.0,"하락  1,500",131500.0,131500.0,130000.0,183952.0,삼성물산,028260
2021-09-08,130500.0,보합0,130000.0,131000.0,130000.0,241564.0,삼성물산,028260
2021-09-09,127500.0,"하락  3,000",129500.0,130500.0,127500.0,573756.0,삼성물산,028260
2021-09-10,129000.0,"상승  1,500",128000.0,129000.0,127000.0,262266.0,삼성물산,028260
2021-09-13,129500.0,상승  500,128500.0,130000.0,127500.0,271504.0,삼성물산,028260
2021-09-14,130000.0,상승  500,130000.0,131000.0,129500.0,274897.0,삼성물산,028260
2021-09-15,130000.0,보합0,129500.0,131000.0,129000.0,187186.0,삼성물산,028260
2021-09-16,128500.0,"하락  1,500",131000.0,131000.0,128500.0,250397.0,삼성물산,028260
2021-09-17,129500.0,"상승  1,000",128500.0,129500.0,128500.0,301317.0,삼성물산,028260
2021-09-23,130500.0,"상승  1,000",128000.0,130500.0,127000.0,284223.0,삼성물산,028260
2021-09-24,128000.0,"하락  2,500",130000.0,130000.0,127500.0,292199.0,삼성물산,028260
2021-09-27,127500.0,하락  500,127500.0,129000.0,127000.0,215833.0,삼성물산,028260
2021-09-28,125000.0,"하락  2,500",127000.0,127500.0,124500.0,423124.0,삼성물산,028260
2021-09-29,122500.0,"하락  2,500",122500.0,123500.0,121000.0,404898.0,삼성물산,028260
2021-09-30,123500.0,"상승  1,000",122500.0,125000.0,122000.0,270710.0,삼성물산,028260
2021-10-01,121500.0,"하락  2,000",122500.0,123500.0,120500.0,239900.0,삼성물산,028260
2021-10-05,122000.0,상승  500,120000.0,124000.0,119500.0,395562.0,삼성물산,028260
2021-10-06,121000.0,"하락  1,000",122500.0,124500.0,120500.0,400898.0,삼성물산,028260
2021-10-07,122500.0,"상승  1,500",121500.0,123500.0,121500.0,227151.0,삼성물산,028260
2021-10-08,122000.0,하락  500,122500.0,123000.0,120000.0,300486.0,삼성물산,028260
2021-10-12,118500.0,"하락  3,500",121500.0,122500.0,117500.0,492034.0,삼성물산,028260
2021-10-13,120000.0,"상승  1,500",118000.0,120500.0,117500.0,230653.0,삼성물산,028260
2021-10-14,119500.0,하락  500,120000.0,121000.0,119000.0,415754.0,삼성물산,028260
2021-10-15,122500.0,"상승  3,000",120500.0,123000.0,120500.0,324243.0,삼성물산,028260
2021-10-18,120500.0,"하락  2,000",123000.0,123000.0,120000.0,280537.0,삼성물산,028260
2021-10-19,121000.0,상승  500,121500.0,122000.0,120000.0,225388.0,삼성물산,028260
2021-10-20,120500.0,하락  500,121500.0,122000.0,120500.0,177599.0,삼성물산,028260
2021-10-21,121500.0,"상승  1,000",120500.0,122000.0,120500.0,223843.0,삼성물산,028260
2021-10-22,120500.0,"하락  1,000",121000.0,121500.0,120000.0,185362.0,삼성물산,028260
2021-10-25,120000.0,하락  500,120000.0,121000.0,118500.0,162789.0,삼성물산,028260
2021-10-26,121500.0,"상승  1,500",121000.0,121500.0,120000.0,166656.0,삼성물산,028260
2021-10-27,120500.0,"하락  1,000",121500.0,122000.0,119500.0,165375.0,삼성물산,028260
2021-10-28,117000.0,"하락  3,500",119000.0,120000.0,117000.0,628269.0,삼성물산,028260
2021-10-29,114000.0,"하락  3,000",117500.0,118000.0,113500.0,559148.0,삼성물산,028260
2021-11-01,115000.0,"상승  1,000",114500.0,116000.0,114000.0,225409.0,삼성물산,028260
2021-11-02,117000.0,"상승  2,000",115500.0,119000.0,115500.0,330634.0,삼성물산,028260
2021-11-03,116500.0,하락  500,117500.0,118000.0,115000.0,222963.0,삼성물산,028260
2021-11-04,116500.0,보합0,117000.0,119000.0,116500.0,244346.0,삼성물산,028260
2021-11-05,116000.0,하락  500,117500.0,118000.0,115000.0,235548.0,삼성물산,028260
2021-11-08,116000.0,보합0,116500.0,117500.0,114500.0,202174.0,삼성물산,028260
2021-11-09,116000.0,보합0,116500.0,118000.0,115500.0,214104.0,삼성물산,028260
2021-11-10,114000.0,"하락  2,000",115500.0,116500.0,114000.0,217186.0,삼성물산,028260
2021-11-11,111000.0,"하락  3,000",113000.0,113500.0,110500.0,770940.0,삼성물산,028260
2021-11-12,112500.0,"상승  1,500",111000.0,113000.0,110000.0,394536.0,삼성물산,028260
2021-11-15,114500.0,"상승  2,000",113500.0,114500.0,112000.0,371531.0,삼성물산,028260
2021-11-16,114500.0,보합0,113500.0,116000.0,113500.0,157512.0,삼성물산,028260
2021-11-17,112000.0,"하락  2,500",114500.0,115000.0,112000.0,256040.0,삼성물산,028260
2021-11-18,111000.0,"하락  1,000",112000.0,113000.0,111000.0,248688.0,삼성물산,028260
2021-11-19,112500.0,"상승  1,500",111000.0,113500.0,110000.0,310539.0,삼성물산,028260
2021-11-22,116000.0,"상승  3,500",113000.0,116500.0,113000.0,388717.0,삼성물산,028260
2021-11-23,115500.0,하락  500,115500.0,116500.0,114000.0,210956.0,삼성물산,028260
2021-11-24,115000.0,하락  500,115000.0,116000.0,114000.0,186742.0,삼성물산,028260
2021-11-25,113000.0,"하락  2,000",114500.0,115000.0,112500.0,209389.0,삼성물산,028260
2021-11-26,111000.0,"하락  2,000",113000.0,113500.0,111000.0,237459.0,삼성물산,028260
2021-11-29,107500.0,"하락  3,500",108500.0,110000.0,107000.0,475951.0,삼성물산,028260
2021-11-30,105500.0,"하락  2,000",108000.0,109000.0,104000.0,684669.0,삼성물산,028260
2021-12-01,110000.0,"상승  4,500",105500.0,110000.0,105500.0,384878.0,삼성물산,028260
2021-12-02,114500.0,"상승  4,500",108500.0,115000.0,108000.0,505800.0,삼성물산,028260
2021-12-03,114000.0,하락  500,113000.0,115500.0,112000.0,240235.0,삼성물산,028260
2021-12-06,114000.0,보합0,114000.0,115000.0,112000.0,280758.0,삼성물산,028260
2021-12-07,115500.0,"상승  1,500",114500.0,116000.0,114000.0,305608.0,삼성물산,028260
2021-12-08,116500.0,"상승  1,000",116500.0,118000.0,115500.0,356102.0,삼성물산,028260
2021-12-09,117500.0,"상승  1,000",117000.0,117500.0,115000.0,671444.0,삼성물산,028260
2021-12-10,119500.0,"상승  2,000",117000.0,119500.0,116000.0,350141.0,삼성물산,028260
2021-12-13,117500.0,"하락  2,000",119500.0,120500.0,117000.0,320122.0,삼성물산,028260
2021-12-14,117500.0,보합0,116500.0,118500.0,116000.0,234346.0,삼성물산,028260
2021-12-15,117500.0,보합0,117000.0,118000.0,116000.0,157722.0,삼성물산,028260
2021-12-16,117000.0,하락  500,119000.0,119000.0,116000.0,203666.0,삼성물산,028260
2021-12-17,118000.0,"상승  1,000",116000.0,118500.0,115500.0,293143.0,삼성물산,028260
2021-12-20,114500.0,"하락  3,500",117000.0,117000.0,114500.0,190531.0,삼성물산,028260
2021-12-21,115500.0,"상승  1,000",115000.0,115500.0,114000.0,216268.0,삼성물산,028260
2021-12-22,116000.0,상승  500,116000.0,117500.0,115500.0,171590.0,삼성물산,028260
2021-12-23,116500.0,상승  500,117000.0,117000.0,115500.0,208413.0,삼성물산,028260
2021-12-24,117000.0,상승  500,117000.0,118000.0,116500.0,218157.0,삼성물산,028260
2021-12-27,117000.0,보합0,117000.0,117500.0,116500.0,187206.0,삼성물산,028260
2021-12-28,118000.0,"상승  1,000",117000.0,118000.0,116000.0,565734.0,삼성물산,028260
2021-12-29,116000.0,"하락  2,000",116500.0,117500.0,115500.0,418466.0,삼성물산,028260
2021-12-30,119000.0,"상승  3,000",117000.0,122000.0,117000.0,773155.0,삼성물산,028260
2022-01-03,117500.0,"하락  1,500",120500.0,120500.0,117000.0,293034.0,삼성물산,028260
2022-01-04,117500.0,보합0,117500.0,118000.0,115000.0,327267.0,삼성물산,028260
2022-01-05,117500.0,보합0,116500.0,117500.0,115000.0,446445.0,삼성물산,028260
2022-01-06,115000.0,"하락  2,500",116500.0,117000.0,115000.0,272417.0,삼성물산,028260
2022-01-07,116500.0,"상승  1,500",115500.0,116500.0,115000.0,266309.0,삼성물산,028260
2022-01-10,115000.0,"하락  1,500",116500.0,117000.0,114500.0,194492.0,삼성물산,028260
2022-01-11,114500.0,하락  500,114500.0,116000.0,113000.0,276529.0,삼성물산,028260
2022-01-12,117500.0,"상승  3,000",115000.0,118000.0,114500.0,371542.0,삼성물산,028260
2022-01-13,116500.0,"하락  1,000",117000.0,118000.0,115500.0,397544.0,삼성물산,028260
2022-01-14,115000.0,"하락  1,500",116000.0,116500.0,114500.0,203469.0,삼성물산,028260
2022-01-17,113000.0,"하락  2,000",114500.0,115000.0,112000.0,215097.0,삼성물산,028260
2022-01-18,110000.0,"하락  3,000",113500.0,114000.0,109500.0,305786.0,삼성물산,028260
2022-01-19,111000.0,"상승  1,000",108500.0,111500.0,108000.0,284986.0,삼성물산,028260
2022-01-20,112000.0,"상승  1,000",112000.0,112500.0,110000.0,254248.0,삼성물산,028260
2022-01-21,111500.0,하락  500,110500.0,112500.0,110000.0,186459.0,삼성물산,028260
2022-01-24,109500.0,"하락  2,000",111500.0,112500.0,109000.0,220666.0,삼성물산,028260
2022-01-25,107500.0,"하락  2,000",109000.0,109500.0,105500.0,303077.0,삼성물산,028260
2022-01-26,106500.0,"하락  1,000",107000.0,108500.0,105500.0,264548.0,삼성물산,028260
2022-01-27,101500.0,"하락  5,000",107500.0,107500.0,101500.0,658311.0,삼성물산,028260
2022-01-28,107000.0,"상승  5,500",102500.0,107500.0,102000.0,395612.0,삼성물산,028260
2022-02-03,107000.0,보합0,108500.0,109500.0,106500.0,236355.0,삼성물산,028260
2022-02-04,108500.0,"상승  1,500",107000.0,108500.0,106000.0,278562.0,삼성물산,028260
2022-02-07,106000.0,"하락  2,500",107500.0,107500.0,105000.0,293950.0,삼성물산,028260
2022-02-08,108000.0,"상승  2,000",107000.0,109500.0,106500.0,246227.0,삼성물산,028260
2022-02-09,108000.0,보합0,108500.0,109000.0,107000.0,205734.0,삼성물산,028260
2022-02-10,109000.0,"상승  1,000",109000.0,110500.0,108000.0,487328.0,삼성물산,028260
2022-02-11,108500.0,하락  500,107500.0,109500.0,107000.0,279580.0,삼성물산,028260
2022-02-14,107500.0,"하락  1,000",107500.0,108000.0,105500.0,294558.0,삼성물산,028260
2022-02-15,108000.0,상승  500,108000.0,108500.0,106500.0,314538.0,삼성물산,028260
2022-02-16,109500.0,"상승  1,500",108500.0,110000.0,108000.0,213197.0,삼성물산,028260
2022-02-17,111500.0,"상승  2,000",110000.0,113500.0,109000.0,457653.0,삼성물산,028260
2022-02-18,112500.0,"상승  1,000",109500.0,113500.0,109500.0,226006.0,삼성물산,028260
2022-02-21,111500.0,"하락  1,000",111000.0,112000.0,109500.0,187582.0,삼성물산,028260
2022-02-22,109500.0,"하락  2,000",109500.0,111000.0,108000.0,297438.0,삼성물산,028260
2022-02-23,110000.0,상승  500,109500.0,110500.0,109000.0,181737.0,삼성물산,028260
2022-02-24,108500.0,"하락  1,500",109000.0,110000.0,107500.0,276377.0,삼성물산,028260
2022-02-25,108500.0,보합0,109000.0,110000.0,108000.0,249344.0,삼성물산,028260
2022-02-28,110000.0,"상승  1,500",108000.0,110000.0,107500.0,287549.0,삼성물산,028260
2022-03-02,111000.0,"상승  1,000",109500.0,112500.0,109500.0,240747.0,삼성물산,028260
2022-03-03,113000.0,"상승  2,000",111500.0,113000.0,111000.0,228938.0,삼성물산,028260
2022-03-04,110500.0,"하락  2,500",113000.0,113000.0,110000.0,166006.0,삼성물산,028260
2022-03-07,107500.0,"하락  3,000",109000.0,109500.0,107000.0,235225.0,삼성물산,028260
2022-03-08,108000.0,상승  500,107000.0,109500.0,106500.0,224812.0,삼성물산,028260
2022-03-10,115000.0,"상승  7,000",111500.0,116000.0,111000.0,704606.0,삼성물산,028260
2022-03-11,115000.0,보합0,115000.0,116000.0,114000.0,306898.0,삼성물산,028260
2022-03-14,114500.0,하락  500,115500.0,119000.0,114000.0,455076.0,삼성물산,028260
2022-03-15,113500.0,"하락  1,000",114000.0,115000.0,113000.0,208229.0,삼성물산,028260
2022-03-16,115000.0,"상승  1,500",115000.0,115500.0,112500.0,296869.0,삼성물산,028260
2022-03-17,115500.0,상승  500,117000.0,117500.0,115500.0,268814.0,삼성물산,028260
2022-03-18,115500.0,보합0,115500.0,117000.0,114500.0,346479.0,삼성물산,028260
2022-03-21,112500.0,"하락  3,000",116000.0,117000.0,112000.0,235559.0,삼성물산,028260
2022-03-22,114000.0,"상승  1,500",112500.0,115000.0,112000.0,173714.0,삼성물산,028260
2022-03-23,114000.0,보합0,115000.0,115500.0,113000.0,182542.0,삼성물산,028260
2022-03-24,112500.0,"하락  1,500",113000.0,113500.0,112000.0,147917.0,삼성물산,028260
2022-03-25,112000.0,하락  500,112500.0,113000.0,111000.0,167927.0,삼성물산,028260
2022-03-28,111000.0,"하락  1,000",111500.0,112500.0,111000.0,212452.0,삼성물산,028260
2022-03-29,112500.0,"상승  1,500",112000.0,113000.0,111000.0,173274.0,삼성물산,028260
2022-03-30,113000.0,상승  500,113500.0,113500.0,112500.0,160538.0,삼성물산,028260
2022-03-31,114000.0,"상승  1,000",112500.0,114500.0,112500.0,233563.0,삼성물산,028260
2022-04-01,112500.0,"하락  1,500",112500.0,113500.0,111000.0,222897.0,삼성물산,028260
2022-04-04,113000.0,상승  500,112000.0,113500.0,111000.0,195291.0,삼성물산,028260
2022-04-05,112500.0,하락  500,112500.0,113000.0,112000.0,104977.0,삼성물산,028260
2022-04-06,111000.0,"하락  1,500",112000.0,112500.0,110500.0,222849.0,삼성물산,028260
2022-04-07,109000.0,"하락  2,000",110500.0,110500.0,109000.0,294394.0,삼성물산,028260
2022-04-08,109500.0,상승  500,109000.0,110000.0,108000.0,162026.0,삼성물산,028260
2022-04-11,109500.0,보합0,109500.0,110500.0,108500.0,184617.0,삼성물산,028260
2022-04-12,108500.0,"하락  1,000",109000.0,109500.0,108000.0,189293.0,삼성물산,028260
2022-04-13,110500.0,"상승  2,000",109000.0,110500.0,108000.0,205313.0,삼성물산,028260
2022-04-14,110500.0,보합0,110000.0,111000.0,109000.0,348209.0,삼성물산,028260
2022-04-15,109000.0,"하락  1,500",109500.0,109500.0,108500.0,179330.0,삼성물산,028260
2022-04-18,110000.0,"상승  1,000",108500.0,110500.0,108000.0,107368.0,삼성물산,028260
2022-04-19,110500.0,상승  500,110500.0,111500.0,109500.0,174432.0,삼성물산,028260
2022-04-20,110000.0,하락  500,110000.0,111000.0,109000.0,199138.0,삼성물산,028260
2022-04-21,112000.0,"상승  2,000",111000.0,112000.0,110500.0,192652.0,삼성물산,028260
2022-04-22,110000.0,"하락  2,000",110500.0,111000.0,109500.0,168464.0,삼성물산,028260
2022-04-25,108000.0,"하락  2,000",108500.0,110500.0,108000.0,206736.0,삼성물산,028260
2022-04-26,108500.0,상승  500,108500.0,109500.0,108500.0,143871.0,삼성물산,028260
2022-04-27,108000.0,하락  500,107000.0,108500.0,106500.0,180932.0,삼성물산,028260
2022-04-28,115500.0,"상승  7,500",109000.0,115500.0,109000.0,624819.0,삼성물산,028260
2022-04-29,115500.0,보합0,114500.0,116000.0,114000.0,300868.0,삼성물산,028260
2022-05-02,118000.0,"상승  2,500",114000.0,118500.0,114000.0,337351.0,삼성물산,028260
2022-05-03,115500.0,"하락  2,500",116000.0,117000.0,115000.0,241018.0,삼성물산,028260
2022-05-04,116000.0,상승  500,115500.0,117000.0,115000.0,165895.0,삼성물산,028260
2022-05-06,114500.0,"하락  1,500",114500.0,116000.0,113500.0,193729.0,삼성물산,028260
2022-05-09,113000.0,"하락  1,500",114500.0,115500.0,112500.0,174394.0,삼성물산,028260
2022-05-10,112000.0,"하락  1,000",112000.0,113000.0,110500.0,234326.0,삼성물산,028260
2022-05-11,111500.0,하락  500,112000.0,112000.0,110500.0,198381.0,삼성물산,028260
2022-05-12,112000.0,상승  500,110500.0,114000.0,110500.0,299984.0,삼성물산,028260
2022-05-13,115500.0,"상승  3,500",113500.0,116000.0,112500.0,326870.0,삼성물산,028260
2022-05-16,116000.0,상승  500,116500.0,117000.0,114500.0,272500.0,삼성물산,028260
2022-05-17,117500.0,"상승  1,500",116000.0,117500.0,115500.0,209873.0,삼성물산,028260
2022-05-18,116000.0,"하락  1,500",117500.0,118000.0,115500.0,190400.0,삼성물산,028260
2022-05-19,116000.0,보합0,114000.0,117000.0,114000.0,297492.0,삼성물산,028260
2022-05-20,116500.0,상승  500,117000.0,117500.0,116000.0,220923.0,삼성물산,028260
2022-05-23,117500.0,"상승  1,000",117000.0,117500.0,115500.0,159578.0,삼성물산,028260
2022-05-24,115000.0,"하락  2,500",116500.0,116500.0,114500.0,213387.0,삼성물산,028260
2022-05-25,116500.0,"상승  1,500",116000.0,117000.0,115000.0,186645.0,삼성물산,028260
2022-05-26,115500.0,"하락  1,000",116000.0,117000.0,115000.0,183845.0,삼성물산,028260
2022-05-27,117000.0,"상승  1,500",116500.0,117000.0,115500.0,176124.0,삼성물산,028260
2022-05-30,120500.0,"상승  3,500",117500.0,120500.0,117000.0,446577.0,삼성물산,028260
2022-05-31,121000.0,상승  500,120500.0,121500.0,119500.0,521660.0,삼성물산,028260
2022-06-02,119000.0,"하락  2,000",119500.0,120000.0,117500.0,282907.0,삼성물산,028260
2022-06-03,119000.0,보합0,120000.0,120500.0,117500.0,200644.0,삼성물산,028260
2022-06-07,116500.0,"하락  2,500",118500.0,119000.0,115500.0,285360.0,삼성물산,028260
2022-06-08,118000.0,"상승  1,500",116500.0,118500.0,116500.0,246501.0,삼성물산,028260
2022-06-09,117500.0,하락  500,117500.0,119000.0,116000.0,377556.0,삼성물산,028260
2022-06-10,116500.0,"하락  1,000",116500.0,117500.0,115500.0,176822.0,삼성물산,028260
2022-06-13,113500.0,"하락  3,000",114500.0,115500.0,112500.0,302810.0,삼성물산,028260
2022-06-14,113500.0,보합0,112500.0,114000.0,112000.0,257392.0,삼성물산,028260
2022-06-15,111000.0,"하락  2,500",113500.0,114500.0,109500.0,410878.0,삼성물산,028260
2022-06-16,111500.0,상승  500,113000.0,114000.0,111500.0,226804.0,삼성물산,028260
2022-06-17,112500.0,"상승  1,000",110500.0,112500.0,109500.0,394789.0,삼성물산,028260
2022-06-20,109500.0,"하락  3,000",113000.0,113500.0,108500.0,240498.0,삼성물산,028260
2022-06-21,112000.0,"상승  2,500",111000.0,113500.0,109500.0,252976.0,삼성물산,028260
2022-06-22,110000.0,"하락  2,000",113000.0,113000.0,110000.0,264029.0,삼성물산,028260
2022-06-23,108500.0,"하락  1,500",111000.0,111500.0,108000.0,465806.0,삼성물산,028260
2022-06-24,111500.0,"상승  3,000",109000.0,112500.0,108500.0,301293.0,삼성물산,028260
2022-06-27,113500.0,"상승  2,000",112500.0,113500.0,111000.0,249898.0,삼성물산,028260
2022-06-28,117000.0,"상승  3,500",113500.0,117000.0,112500.0,387083.0,삼성물산,028260
2022-06-29,122000.0,"상승  5,000",116000.0,123000.0,115500.0,919582.0,삼성물산,028260
2022-06-30,123000.0,"상승  1,000",122000.0,125000.0,121000.0,871201.0,삼성물산,028260
2022-07-01,122500.0,하락  500,124000.0,124500.0,121500.0,412338.0,삼성물산,028260
2022-07-04,121500.0,"하락  1,000",123000.0,123500.0,119000.0,425979.0,삼성물산,028260
2022-07-05,122000.0,상승  500,122500.0,123000.0,119000.0,423752.0,삼성물산,028260
2022-07-06,112000.0,"하락  10,000",120000.0,120500.0,111500.0,833525.0,삼성물산,028260
2022-07-07,114500.0,"상승  2,500",113500.0,115500.0,112500.0,291715.0,삼성물산,028260
2022-07-08,114000.0,하락  500,114500.0,116500.0,113000.0,316439.0,삼성물산,028260
2022-07-11,113000.0,"하락  1,000",114000.0,115500.0,112000.0,187576.0,삼성물산,028260
2022-07-12,114500.0,"상승  1,500",113000.0,115500.0,112000.0,274276.0,삼성물산,028260
2022-07-13,113500.0,"하락  1,000",115000.0,116500.0,113500.0,245568.0,삼성물산,028260
2022-07-14,113000.0,하락  500,113500.0,115000.0,112500.0,340225.0,삼성물산,028260
2022-07-15,113000.0,보합0,113500.0,114500.0,110500.0,253720.0,삼성물산,028260
2022-07-18,114500.0,"상승  1,500",114000.0,116000.0,113000.0,216391.0,삼성물산,028260
2022-07-19,115500.0,"상승  1,000",114000.0,116500.0,113000.0,219281.0,삼성물산,028260
2022-07-20,115500.0,보합0,117000.0,117500.0,115000.0,201409.0,삼성물산,028260
2022-07-21,118000.0,"상승  2,500",115000.0,119000.0,114500.0,382360.0,삼성물산,028260
2022-07-22,117000.0,"하락  1,000",117000.0,118500.0,116500.0,170303.0,삼성물산,028260
2022-07-25,117500.0,상승  500,116500.0,118500.0,116000.0,109533.0,삼성물산,028260
2022-07-26,118000.0,상승  500,117000.0,118500.0,116500.0,134110.0,삼성물산,028260
2022-07-27,117500.0,하락  500,118500.0,119000.0,116000.0,169403.0,삼성물산,028260
2022-07-28,120000.0,"상승  2,500",119500.0,121000.0,119000.0,328338.0,삼성물산,028260
2022-07-29,120500.0,상승  500,120500.0,122000.0,119500.0,285904.0,삼성물산,028260
2022-08-01,119000.0,"하락  1,500",120500.0,120500.0,118000.0,198618.0,삼성물산,028260
2022-08-02,119000.0,보합0,118500.0,119500.0,117000.0,213026.0,삼성물산,028260
2022-08-03,118500.0,하락  500,118000.0,120000.0,118000.0,168599.0,삼성물산,028260
2022-08-04,118500.0,보합0,119500.0,120000.0,116500.0,194256.0,삼성물산,028260
2022-08-05,118500.0,보합0,118500.0,119500.0,117500.0,186313.0,삼성물산,028260
2022-08-08,121500.0,"상승  3,000",118500.0,122000.0,117500.0,283378.0,삼성물산,028260
2022-08-09,122500.0,"상승  1,000",121500.0,123000.0,120500.0,206767.0,삼성물산,028260
2022-08-10,123500.0,"상승  1,000",122500.0,124000.0,122000.0,329596.0,삼성물산,028260
2022-08-11,124000.0,상승  500,124500.0,124500.0,122500.0,342262.0,삼성물산,028260
2022-08-12,124000.0,보합0,124000.0,125500.0,123000.0,571716.0,삼성물산,028260
2022-08-16,123000.0,"하락  1,000",124500.0,125000.0,122000.0,209264.0,삼성물산,028260
2022-08-17,121500.0,"하락  1,500",123000.0,123500.0,120500.0,239820.0,삼성물산,028260
2022-08-18,120500.0,"하락  1,000",120500.0,122000.0,120000.0,177564.0,삼성물산,028260
2022-08-19,120000.0,하락  500,121000.0,121500.0,119000.0,148226.0,삼성물산,028260
2022-08-22,121000.0,"상승  1,000",119000.0,121000.0,118500.0,201504.0,삼성물산,028260
2022-08-23,119000.0,"하락  2,000",120500.0,121000.0,119000.0,172797.0,삼성물산,028260
2022-08-24,123000.0,"상승  4,000",120000.0,124000.0,120000.0,404119.0,삼성물산,028260
2022-08-25,123500.0,상승  500,123500.0,124000.0,122500.0,235529.0,삼성물산,028260
2022-08-26,122500.0,"하락  1,000",123500.0,124000.0,122500.0,188494.0,삼성물산,028260
2022-08-29,119000.0,"하락  3,500",119500.0,120000.0,118000.0,236281.0,삼성물산,028260
2022-08-30,119500.0,상승  500,119000.0,120000.0,118000.0,215055.0,삼성물산,028260
2022-08-31,120500.0,"상승  1,000",118500.0,121000.0,117500.0,322118.0,삼성물산,028260
2022-09-01,117000.0,"하락  3,500",119000.0,119500.0,116500.0,325740.0,삼성물산,028260
2022-09-02,116000.0,"하락  1,000",117500.0,117500.0,115500.0,193834.0,삼성물산,028260
2022-09-05,115000.0,"하락  1,000",116000.0,116500.0,114500.0,140360.0,삼성물산,028260
2022-09-06,115500.0,상승  500,115000.0,116500.0,114000.0,211211.0,삼성물산,028260
2022-09-07,114000.0,"하락  1,500",115000.0,115000.0,112500.0,238601.0,삼성물산,028260
2022-09-08,116000.0,"상승  2,000",115000.0,116000.0,114000.0,248765.0,삼성물산,028260
2022-09-13,117500.0,"상승  1,500",118000.0,118500.0,117000.0,244548.0,삼성물산,028260
2022-09-14,115000.0,"하락  2,500",114500.0,116000.0,113000.0,239144.0,삼성물산,028260
2022-09-15,114500.0,하락  500,115500.0,116000.0,114000.0,174748.0,삼성물산,028260
2022-09-16,113000.0,"하락  1,500",113500.0,114500.0,112000.0,399277.0,삼성물산,028260
2022-09-19,112000.0,"하락  1,000",112500.0,113000.0,110500.0,207569.0,삼성물산,028260
2022-09-20,113500.0,"상승  1,500",113000.0,113500.0,111500.0,359261.0,삼성물산,028260
2022-09-21,112500.0,"하락  1,000",112000.0,113000.0,111500.0,164810.0,삼성물산,028260
2022-09-22,111500.0,"하락  1,000",111000.0,111500.0,108500.0,319561.0,삼성물산,028260
2022-09-23,108500.0,"하락  3,000",111000.0,111500.0,108500.0,254771.0,삼성물산,028260
2022-09-26,105500.0,"하락  3,000",107000.0,107500.0,105000.0,278902.0,삼성물산,028260
2022-09-27,107000.0,"상승  1,500",106000.0,107500.0,104500.0,316036.0,삼성물산,028260
2022-09-28,104000.0,"하락  3,000",106000.0,106500.0,102000.0,393825.0,삼성물산,028260
2022-09-29,105500.0,"상승  1,500",105000.0,107000.0,103500.0,369733.0,삼성물산,028260
2022-09-30,103500.0,"하락  2,000",105000.0,106000.0,103000.0,325489.0,삼성물산,028260
2022-10-04,107000.0,"상승  3,500",104000.0,107500.0,104000.0,254556.0,삼성물산,028260
2022-10-05,106500.0,하락  500,108500.0,109000.0,105000.0,253436.0,삼성물산,028260
2022-10-06,109000.0,"상승  2,500",106500.0,109000.0,106000.0,180802.0,삼성물산,028260
2022-10-07,110500.0,"상승  1,500",108000.0,110500.0,106500.0,372654.0,삼성물산,028260
2022-10-11,109500.0,"하락  1,000",108500.0,110000.0,107000.0,334931.0,삼성물산,028260
2022-10-12,108000.0,"하락  1,500",109000.0,109500.0,106500.0,236718.0,삼성물산,028260
2022-10-13,107000.0,"하락  1,000",107500.0,109000.0,107000.0,261360.0,삼성물산,028260
2022-10-14,110500.0,"상승  3,500",108000.0,111000.0,108000.0,202453.0,삼성물산,028260
2022-10-17,111000.0,상승  500,109000.0,111000.0,107500.0,236821.0,삼성물산,028260
2022-10-18,111000.0,보합0,112000.0,112500.0,109000.0,220497.0,삼성물산,028260
2022-10-19,108500.0,"하락  2,500",110500.0,111000.0,108000.0,219135.0,삼성물산,028260
2022-10-20,110500.0,"상승  2,000",107500.0,111000.0,107000.0,358973.0,삼성물산,028260
2022-10-21,109500.0,"하락  1,000",109500.0,110500.0,108000.0,229436.0,삼성물산,028260
2022-10-24,111000.0,"상승  1,500",110500.0,112000.0,109000.0,191834.0,삼성물산,028260
2022-10-25,110000.0,"하락  1,000",111000.0,111000.0,109500.0,128268.0,삼성물산,028260
2022-10-26,112000.0,"상승  2,000",110000.0,113000.0,110000.0,222301.0,삼성물산,028260
2022-10-27,119000.0,"상승  7,000",114500.0,120000.0,114000.0,891104.0,삼성물산,028260
2022-10-28,118000.0,"하락  1,000",117500.0,119500.0,117500.0,263831.0,삼성물산,028260
2022-10-31,118500.0,상승  500,119500.0,120000.0,117000.0,253409.0,삼성물산,028260
2022-11-01,120000.0,"상승  1,500",119000.0,120000.0,118000.0,189508.0,삼성물산,028260
2022-11-02,119000.0,"하락  1,000",120000.0,121500.0,119000.0,299545.0,삼성물산,028260
2022-11-03,121000.0,"상승  2,000",117000.0,122000.0,116500.0,449651.0,삼성물산,028260
2022-11-04,120500.0,하락  500,121000.0,122000.0,119500.0,224685.0,삼성물산,028260
2022-11-07,120500.0,보합0,120500.0,121500.0,119500.0,198031.0,삼성물산,028260
2022-11-08,121500.0,"상승  1,000",121000.0,122000.0,120500.0,223118.0,삼성물산,028260
2022-11-09,122000.0,상승  500,122000.0,123500.0,121000.0,293362.0,삼성물산,028260
2022-11-10,121500.0,하락  500,121000.0,122500.0,120500.0,271404.0,삼성물산,028260
2022-11-11,123000.0,"상승  1,500",124500.0,124500.0,122000.0,335974.0,삼성물산,028260
2022-11-14,122500.0,하락  500,123500.0,124000.0,121500.0,310291.0,삼성물산,028260
2022-11-15,123000.0,상승  500,123000.0,123500.0,122000.0,208707.0,삼성물산,028260
2022-11-16,124500.0,"상승  1,500",123500.0,124500.0,121500.0,343928.0,삼성물산,028260
2022-11-17,120000.0,"하락  4,500",125500.0,127000.0,120000.0,547057.0,삼성물산,028260
2022-11-18,121500.0,"상승  1,500",121000.0,122000.0,120500.0,240619.0,삼성물산,028260
2022-11-21,122500.0,"상승  1,000",122500.0,123000.0,120500.0,234591.0,삼성물산,028260
2022-11-22,122500.0,보합0,122500.0,123500.0,121000.0,239561.0,삼성물산,028260
2022-11-23,119500.0,"하락  3,000",122000.0,123000.0,118500.0,331543.0,삼성물산,028260
2022-11-24,120000.0,상승  500,120000.0,121000.0,119000.0,152529.0,삼성물산,028260
2022-11-25,119500.0,하락  500,120500.0,120500.0,119000.0,127552.0,삼성물산,028260
2022-11-28,119500.0,보합0,119000.0,120500.0,117000.0,180326.0,삼성물산,028260
2022-11-29,121000.0,"상승  1,500",120000.0,122000.0,119000.0,183856.0,삼성물산,028260
2022-11-30,122000.0,"상승  1,000",121000.0,122500.0,120000.0,321846.0,삼성물산,028260
2022-12-01,121500.0,하락  500,122500.0,123000.0,121000.0,208513.0,삼성물산,028260
2022-12-02,117500.0,"하락  4,000",121000.0,121500.0,117000.0,369903.0,삼성물산,028260
2022-12-05,116500.0,"하락  1,000",118000.0,118500.0,116000.0,203343.0,삼성물산,028260
2022-12-06,116000.0,하락  500,115500.0,117000.0,115500.0,211022.0,삼성물산,028260
2022-12-07,116000.0,보합0,116000.0,117000.0,115500.0,196031.0,삼성물산,028260
2022-12-08,117500.0,"상승  1,500",116500.0,118000.0,116000.0,403041.0,삼성물산,028260
2022-12-09,118500.0,"상승  1,000",118000.0,118500.0,117000.0,177070.0,삼성물산,028260
2022-12-12,117500.0,"하락  1,000",118000.0,118500.0,116500.0,164032.0,삼성물산,028260
2022-12-13,118500.0,"상승  1,000",118500.0,119000.0,117500.0,194535.0,삼성물산,028260
2022-12-14,121000.0,"상승  2,500",119500.0,121000.0,118500.0,216520.0,삼성물산,028260
2022-12-15,120000.0,"하락  1,000",120500.0,121000.0,119500.0,144118.0,삼성물산,028260
2022-12-16,120000.0,보합0,119000.0,120000.0,118500.0,167014.0,삼성물산,028260
2022-12-19,120000.0,보합0,119000.0,120000.0,118500.0,109848.0,삼성물산,028260
2022-12-20,118000.0,"하락  2,000",119000.0,119000.0,117500.0,139967.0,삼성물산,028260
2022-12-21,118500.0,상승  500,118500.0,119000.0,117500.0,92880.0,삼성물산,028260
2022-12-22,120000.0,"상승  1,500",119500.0,120000.0,118500.0,155781.0,삼성물산,028260
2022-12-23,118000.0,"하락  2,000",118500.0,119000.0,117500.0,214158.0,삼성물산,028260
2022-12-26,119500.0,"상승  1,500",118500.0,119500.0,117500.0,187647.0,삼성물산,028260
2022-12-27,119500.0,보합0,119500.0,120000.0,119000.0,358334.0,삼성물산,028260
2022-12-28,118000.0,"하락  1,500",117000.0,118500.0,116500.0,289547.0,삼성물산,028260
2022-12-29,113500.0,"하락  4,500",117000.0,117500.0,113000.0,280073.0,삼성물산,028260
2023-01-02,111500.0,"하락  2,000",114500.0,115000.0,111000.0,154861.0,삼성물산,028260
2023-01-03,111000.0,하락  500,112000.0,113000.0,109500.0,186068.0,삼성물산,028260
2023-01-04,115500.0,"상승  4,500",110000.0,115500.0,109500.0,233067.0,삼성물산,028260
2023-01-05,113500.0,"하락  2,000",114500.0,115500.0,112500.0,214991.0,삼성물산,028260
2023-01-06,114500.0,"상승  1,000",112500.0,116000.0,112000.0,156936.0,삼성물산,028260
2023-01-09,118500.0,"상승  4,000",115500.0,119000.0,115000.0,261613.0,삼성물산,028260
2023-01-10,117500.0,"하락  1,000",118000.0,119500.0,117000.0,215615.0,삼성물산,028260
2023-01-11,117000.0,하락  500,117500.0,118500.0,116500.0,159332.0,삼성물산,028260
2023-01-12,117000.0,보합0,117500.0,119000.0,117000.0,324279.0,삼성물산,028260
2023-01-13,118000.0,"상승  1,000",117500.0,119000.0,117000.0,233362.0,삼성물산,028260
2023-01-16,117500.0,하락  500,118000.0,118500.0,117000.0,116897.0,삼성물산,028260
2023-01-17,119000.0,"상승  1,500",118000.0,119500.0,117000.0,288637.0,삼성물산,028260
2023-01-18,118500.0,하락  500,118500.0,119500.0,117000.0,184872.0,삼성물산,028260
2023-01-19,119000.0,상승  500,117500.0,119500.0,117500.0,179220.0,삼성물산,028260
2023-01-20,119500.0,상승  500,118500.0,120000.0,117500.0,236088.0,삼성물산,028260
2023-01-25,118800.0,하락  700,119600.0,120000.0,118600.0,121565.0,삼성물산,028260
2023-01-26,119700.0,상승  900,118600.0,119700.0,118300.0,178326.0,삼성물산,028260
2023-01-27,120700.0,"상승  1,000",119200.0,121500.0,119100.0,278848.0,삼성물산,028260
2023-01-30,118600.0,"하락  2,100",120400.0,121000.0,118500.0,215991.0,삼성물산,028260
2023-01-31,118500.0,하락  100,119200.0,120100.0,118300.0,293819.0,삼성물산,028260
2023-02-01,118800.0,상승  300,118600.0,120000.0,118100.0,220465.0,삼성물산,028260
2023-02-02,115300.0,"하락  3,500",119300.0,119300.0,115000.0,832188.0,삼성물산,028260
2023-02-03,114100.0,"하락  1,200",115300.0,115400.0,113200.0,501404.0,삼성물산,028260
2023-02-06,113700.0,하락  400,113600.0,114900.0,112700.0,323091.0,삼성물산,028260
2023-02-07,113900.0,상승  200,113800.0,114800.0,113500.0,226529.0,삼성물산,028260
2023-02-08,114400.0,상승  500,114000.0,114700.0,113400.0,213639.0,삼성물산,028260
2023-02-09,113500.0,하락  900,114000.0,114600.0,113500.0,202857.0,삼성물산,028260
2023-02-10,113500.0,보합0,113100.0,113800.0,112900.0,211091.0,삼성물산,028260
2023-02-13,113800.0,상승  300,112900.0,113800.0,112100.0,223385.0,삼성물산,028260
2023-02-14,113100.0,하락  700,114300.0,114600.0,113000.0,241114.0,삼성물산,028260
2023-02-15,111300.0,"하락  1,800",113100.0,113200.0,111100.0,250906.0,삼성물산,028260
2023-02-16,115500.0,"상승  4,200",118000.0,119000.0,114800.0,1284635.0,삼성물산,028260
2023-02-17,116100.0,상승  600,115900.0,118100.0,115800.0,465798.0,삼성물산,028260
2023-02-20,115300.0,하락  800,116500.0,116700.0,114800.0,267229.0,삼성물산,028260
2023-02-21,114900.0,하락  400,114900.0,116400.0,114600.0,284893.0,삼성물산,028260
2023-02-22,113200.0,"하락  1,700",114100.0,114200.0,112800.0,297641.0,삼성물산,028260
2023-02-23,113100.0,하락  100,114100.0,114100.0,112700.0,197712.0,삼성물산,028260
2023-02-24,112400.0,하락  700,112800.0,113700.0,112100.0,222903.0,삼성물산,028260
2023-02-27,111400.0,"하락  1,000",112000.0,112100.0,110600.0,198689.0,삼성물산,028260
2023-02-28,110100.0,"하락  1,300",111900.0,112000.0,110100.0,379196.0,삼성물산,028260
2023-03-02,110900.0,상승  800,110000.0,111800.0,110000.0,224897.0,삼성물산,028260
2023-03-03,110400.0,하락  500,111100.0,111400.0,110200.0,184419.0,삼성물산,028260
2023-03-06,112000.0,"상승  1,600",110800.0,112300.0,110600.0,262294.0,삼성물산,028260
2023-03-07,110700.0,"하락  1,300",112000.0,112600.0,110600.0,270066.0,삼성물산,028260
2023-03-08,111000.0,상승  300,110200.0,111400.0,110000.0,265018.0,삼성물산,028260
2023-03-09,110000.0,"하락  1,000",111200.0,112200.0,109900.0,335781.0,삼성물산,028260
2023-03-10,109300.0,하락  700,109100.0,109800.0,108200.0,192074.0,삼성물산,028260
2023-03-13,108900.0,하락  400,110000.0,110300.0,108400.0,247331.0,삼성물산,028260
2023-03-14,107000.0,"하락  1,900",108200.0,108700.0,106600.0,330333.0,삼성물산,028260
2023-03-15,107600.0,상승  600,107100.0,108600.0,107100.0,177608.0,삼성물산,028260
2023-03-16,107100.0,하락  500,106600.0,107600.0,106400.0,214410.0,삼성물산,028260
2023-03-17,109600.0,"상승  2,500",107800.0,110500.0,107500.0,285370.0,삼성물산,028260
2023-03-20,108200.0,"하락  1,400",109400.0,110300.0,107900.0,125242.0,삼성물산,028260
2023-03-21,108800.0,상승  600,108600.0,109800.0,108500.0,124868.0,삼성물산,028260
2023-03-22,108600.0,하락  200,109300.0,109400.0,108100.0,161417.0,삼성물산,028260
2023-03-23,108500.0,하락  100,108600.0,108800.0,107600.0,245943.0,삼성물산,028260
2023-03-24,108200.0,하락  300,108100.0,108600.0,107400.0,219934.0,삼성물산,028260
2023-03-27,107300.0,하락  900,108000.0,108300.0,106700.0,161500.0,삼성물산,028260
2023-03-28,108100.0,상승  800,107200.0,108100.0,107000.0,188211.0,삼성물산,028260
2023-03-29,108200.0,상승  100,108100.0,108700.0,107600.0,165546.0,삼성물산,028260
2023-03-30,108500.0,상승  300,108500.0,109300.0,107700.0,220621.0,삼성물산,028260
2023-03-31,108200.0,하락  300,109000.0,110200.0,108200.0,244363.0,삼성물산,028260
2023-04-03,108200.0,보합0,108200.0,109100.0,108100.0,175895.0,삼성물산,028260
2023-04-04,108400.0,상승  200,108800.0,109400.0,107700.0,203558.0,삼성물산,028260
2023-04-05,109200.0,상승  800,108700.0,109600.0,108400.0,147336.0,삼성물산,028260
2023-04-06,107100.0,"하락  2,100",109200.0,109200.0,107100.0,245745.0,삼성물산,028260
2023-04-07,106900.0,하락  200,107300.0,107900.0,106600.0,193663.0,삼성물산,028260
2023-04-10,106300.0,하락  600,106800.0,107400.0,106100.0,230582.0,삼성물산,028260
2023-04-11,108000.0,"상승  1,700",106400.0,108700.0,106300.0,281490.0,삼성물산,028260
2023-04-12,109500.0,"상승  1,500",108000.0,109600.0,107800.0,278593.0,삼성물산,028260
2023-04-13,108900.0,하락  600,108700.0,109700.0,108500.0,244924.0,삼성물산,028260
2023-04-14,110000.0,"상승  1,100",109200.0,111000.0,109200.0,307796.0,삼성물산,028260
2023-04-17,108500.0,"하락  1,500",109600.0,110300.0,107900.0,253946.0,삼성물산,028260
2023-04-18,107600.0,하락  900,108100.0,108900.0,107500.0,247520.0,삼성물산,028260
2023-04-19,108300.0,상승  700,107700.0,109200.0,107700.0,211125.0,삼성물산,028260
2023-04-20,107400.0,하락  900,108300.0,108300.0,107000.0,232802.0,삼성물산,028260
2023-04-21,107800.0,상승  400,107000.0,108100.0,106900.0,157471.0,삼성물산,028260
2023-04-24,107500.0,하락  300,107700.0,108100.0,107000.0,181011.0,삼성물산,028260
2023-04-25,105900.0,"하락  1,600",107500.0,107900.0,105800.0,222719.0,삼성물산,028260
2023-04-26,106200.0,상승  300,105500.0,106500.0,105500.0,183080.0,삼성물산,028260
2023-04-27,107100.0,상승  900,107100.0,107700.0,106300.0,231071.0,삼성물산,028260
2023-04-28,109600.0,"상승  2,500",107600.0,109600.0,107600.0,367406.0,삼성물산,028260
2023-05-02,109700.0,상승  100,109100.0,110400.0,108900.0,229543.0,삼성물산,028260
2023-05-03,109700.0,보합0,109700.0,110000.0,109300.0,148360.0,삼성물산,028260
2023-05-04,109900.0,상승  200,109100.0,110500.0,109000.0,172566.0,삼성물산,028260
2023-05-08,110800.0,상승  900,108900.0,111000.0,108900.0,252078.0,삼성물산,028260
2023-05-09,111000.0,상승  200,110800.0,111200.0,110100.0,199867.0,삼성물산,028260
2023-05-10,110200.0,하락  800,111100.0,111300.0,109600.0,162237.0,삼성물산,028260
2023-05-11,111400.0,"상승  1,200",110800.0,111700.0,110600.0,216687.0,삼성물산,028260
2023-05-12,111100.0,하락  300,111100.0,111600.0,109800.0,172816.0,삼성물산,028260
2023-05-15,110400.0,하락  700,110200.0,111200.0,110000.0,120312.0,삼성물산,028260
2023-05-16,109700.0,하락  700,110000.0,111100.0,109300.0,136205.0,삼성물산,028260
2023-05-17,109700.0,보합0,109200.0,109700.0,108700.0,132280.0,삼성물산,028260
2023-05-18,110300.0,상승  600,109600.0,110300.0,109400.0,124196.0,삼성물산,028260
2023-05-19,111800.0,"상승  1,500",110300.0,111800.0,110200.0,212586.0,삼성물산,028260
2023-05-22,111800.0,보합0,111800.0,112500.0,111500.0,180907.0,삼성물산,028260
2023-05-23,111200.0,하락  600,112200.0,112600.0,110800.0,140235.0,삼성물산,028260
2023-05-24,111300.0,상승  100,110900.0,111500.0,110500.0,107681.0,삼성물산,028260
2023-05-25,110100.0,"하락  1,200",110700.0,111300.0,110100.0,238100.0,삼성물산,028260
2023-05-26,109900.0,하락  200,109700.0,110500.0,109700.0,171799.0,삼성물산,028260
2023-05-30,111300.0,"상승  1,400",110500.0,111700.0,110000.0,262734.0,삼성물산,028260
2023-05-31,110600.0,하락  700,110700.0,111800.0,110400.0,417909.0,삼성물산,028260
2023-06-01,108900.0,"하락  1,700",110700.0,111200.0,108400.0,405162.0,삼성물산,028260
2023-06-02,109600.0,상승  700,109400.0,109700.0,109000.0,174333.0,삼성물산,028260
2023-06-05,110200.0,상승  600,109600.0,110400.0,109600.0,147423.0,삼성물산,028260
2023-06-07,111600.0,"상승  1,400",110500.0,112400.0,110500.0,354945.0,삼성물산,028260
2023-06-08,110700.0,하락  900,111300.0,111500.0,110600.0,294144.0,삼성물산,028260
2023-06-09,110200.0,하락  500,111500.0,111600.0,109800.0,1185130.0,삼성물산,028260
2023-06-12,109600.0,하락  600,110700.0,110700.0,108800.0,215290.0,삼성물산,028260
2023-06-13,108700.0,하락  900,109900.0,110000.0,108600.0,187999.0,삼성물산,028260
2023-06-14,108200.0,하락  500,108700.0,108700.0,107500.0,209377.0,삼성물산,028260
2023-06-15,107500.0,하락  700,108300.0,108300.0,107200.0,243056.0,삼성물산,028260
2023-06-16,107600.0,상승  100,107700.0,108200.0,107100.0,241440.0,삼성물산,028260
2023-06-19,107800.0,상승  200,107800.0,108000.0,107100.0,179467.0,삼성물산,028260
2023-06-20,107100.0,하락  700,108100.0,108200.0,106700.0,211064.0,삼성물산,028260
2023-06-21,106200.0,하락  900,107100.0,107400.0,105800.0,199808.0,삼성물산,028260
2023-06-22,106600.0,상승  400,106200.0,106600.0,105400.0,136897.0,삼성물산,028260
2023-06-23,104000.0,"하락  2,600",106100.0,106400.0,104000.0,252798.0,삼성물산,028260
2023-06-26,106400.0,"상승  2,400",104300.0,106900.0,104200.0,225791.0,삼성물산,028260
2023-06-27,105400.0,"하락  1,000",105900.0,106300.0,104400.0,159891.0,삼성물산,028260
2023-06-28,105200.0,하락  200,105500.0,106400.0,104900.0,162774.0,삼성물산,028260
2023-06-29,104500.0,하락  700,105200.0,106200.0,104500.0,156376.0,삼성물산,028260
2023-06-30,105700.0,"상승  1,200",105300.0,106100.0,104500.0,153653.0,삼성물산,028260
2023-07-03,105700.0,보합0,105900.0,106400.0,105400.0,196210.0,삼성물산,028260
2023-07-04,104900.0,하락  800,105600.0,105800.0,104800.0,144002.0,삼성물산,028260
2023-07-05,103400.0,"하락  1,500",104600.0,105000.0,102900.0,374729.0,삼성물산,028260
2023-07-06,102300.0,"하락  1,100",103500.0,103600.0,101700.0,392409.0,삼성물산,028260
2023-07-07,100100.0,"하락  2,200",101800.0,102200.0,100100.0,342021.0,삼성물산,028260
2023-07-10,101200.0,"상승  1,100",101000.0,101600.0,100200.0,180274.0,삼성물산,028260
2023-07-11,101400.0,상승  200,101800.0,101900.0,100900.0,205650.0,삼성물산,028260
2023-07-12,101600.0,상승  200,101700.0,102000.0,101100.0,161706.0,삼성물산,028260
2023-07-13,103100.0,"상승  1,500",102200.0,104000.0,102200.0,373090.0,삼성물산,028260
2023-07-14,104200.0,"상승  1,100",103800.0,104300.0,103000.0,188200.0,삼성물산,028260
2023-07-17,104400.0,상승  200,104000.0,105200.0,103400.0,198274.0,삼성물산,028260
2023-07-18,102800.0,"하락  1,600",104700.0,104700.0,102700.0,198184.0,삼성물산,028260
2023-07-19,103300.0,상승  500,103100.0,104000.0,102900.0,144777.0,삼성물산,028260
2023-07-20,102800.0,하락  500,102700.0,103400.0,102600.0,127413.0,삼성물산,028260
2023-07-21,103700.0,상승  900,102600.0,104000.0,102400.0,178586.0,삼성물산,028260
2023-07-24,102700.0,"하락  1,000",103500.0,103600.0,102000.0,278379.0,삼성물산,028260
2023-07-25,102300.0,하락  400,102800.0,103700.0,101200.0,236076.0,삼성물산,028260
2023-07-26,100200.0,"하락  2,100",102100.0,102200.0,99300.0,456769.0,삼성물산,028260
2023-07-27,103000.0,"상승  2,800",100400.0,103100.0,100400.0,316373.0,삼성물산,028260
2023-07-28,102900.0,하락  100,102100.0,103300.0,101700.0,182055.0,삼성물산,028260
2023-07-31,103300.0,상승  400,103500.0,104200.0,102500.0,289141.0,삼성물산,028260
2023-08-01,106000.0,"상승  2,700",102900.0,106400.0,102800.0,411359.0,삼성물산,028260
2023-08-02,104600.0,"하락  1,400",106300.0,106400.0,104300.0,277075.0,삼성물산,028260
2023-08-03,105400.0,상승  800,105400.0,106800.0,104600.0,309177.0,삼성물산,028260
2023-08-04,104200.0,"하락  1,200",105700.0,105700.0,103600.0,160075.0,삼성물산,028260
2023-08-07,103600.0,하락  600,103600.0,104700.0,103600.0,160333.0,삼성물산,028260
2023-08-08,103700.0,상승  100,104900.0,105500.0,103400.0,195345.0,삼성물산,028260
2023-08-09,104000.0,상승  300,104000.0,104300.0,103000.0,124099.0,삼성물산,028260
2023-08-10,104100.0,상승  100,104000.0,104900.0,103600.0,177679.0,삼성물산,028260
2023-08-11,104900.0,상승  800,104100.0,105700.0,104000.0,186144.0,삼성물산,028260
2023-08-14,104500.0,하락  400,105200.0,105200.0,104100.0,151065.0,삼성물산,028260
2023-08-16,103800.0,하락  700,103500.0,104500.0,103200.0,229655.0,삼성물산,028260
2023-08-17,103500.0,하락  300,103700.0,104300.0,102200.0,275131.0,삼성물산,028260
2023-08-18,102400.0,"하락  1,100",102500.0,103100.0,101800.0,234087.0,삼성물산,028260
2023-08-21,102500.0,상승  100,102200.0,103300.0,102200.0,159441.0,삼성물산,028260
2023-08-22,103600.0,"상승  1,100",102500.0,103900.0,102300.0,177149.0,삼성물산,028260
2023-08-23,103900.0,상승  300,103000.0,104900.0,102800.0,186429.0,삼성물산,028260
2023-08-24,104600.0,상승  700,104200.0,105000.0,104000.0,179601.0,삼성물산,028260
2023-08-25,104900.0,상승  300,103600.0,105200.0,103200.0,163837.0,삼성물산,028260
2023-08-28,106500.0,"상승  1,600",106200.0,106900.0,105200.0,206161.0,삼성물산,028260
2023-08-29,106800.0,상승  300,106900.0,107700.0,106200.0,196217.0,삼성물산,028260
2023-08-30,106200.0,하락  600,107300.0,107300.0,106000.0,141337.0,삼성물산,028260
2023-08-31,104700.0,"하락  1,500",106300.0,106700.0,104500.0,380581.0,삼성물산,028260
2023-09-01,107100.0,"상승  2,400",104800.0,108000.0,104700.0,234161.0,삼성물산,028260
2023-09-04,107500.0,상승  400,106000.0,107700.0,106000.0,182135.0,삼성물산,028260
2023-09-05,106700.0,하락  800,106500.0,107500.0,106400.0,170148.0,삼성물산,028260
2023-09-06,106900.0,상승  200,106300.0,107100.0,106000.0,177369.0,삼성물산,028260
2023-09-07,107000.0,상승  100,106100.0,107100.0,105800.0,206082.0,삼성물산,028260
2023-09-08,107900.0,상승  900,107700.0,107900.0,106800.0,172903.0,삼성물산,028260
2023-09-11,108400.0,상승  500,108000.0,108400.0,107500.0,128467.0,삼성물산,028260
2023-09-12,108700.0,상승  300,108600.0,109000.0,107500.0,216623.0,삼성물산,028260
2023-09-13,108900.0,상승  200,108100.0,108900.0,107600.0,167734.0,삼성물산,028260
2023-09-14,109000.0,상승  100,109100.0,109100.0,108000.0,281686.0,삼성물산,028260
2023-09-15,110000.0,"상승  1,000",109100.0,110000.0,108700.0,273539.0,삼성물산,028260
2023-09-18,108300.0,"하락  1,700",110000.0,110200.0,108300.0,140119.0,삼성물산,028260
2023-09-19,108900.0,상승  600,108300.0,109400.0,108300.0,109970.0,삼성물산,028260
2023-09-20,108700.0,하락  200,108800.0,109100.0,108200.0,113486.0,삼성물산,028260
2023-09-21,108200.0,하락  500,108300.0,109500.0,108100.0,144361.0,삼성물산,028260
2023-09-22,107800.0,하락  400,107700.0,108000.0,106900.0,120201.0,삼성물산,028260
2023-09-25,108900.0,"상승  1,100",108400.0,109200.0,107800.0,194472.0,삼성물산,028260
2023-09-26,107800.0,"하락  1,100",108200.0,109400.0,107300.0,169512.0,삼성물산,028260
2023-09-27,107600.0,하락  200,107600.0,108000.0,106900.0,128325.0,삼성물산,028260
2023-10-04,106200.0,"하락  1,400",106500.0,106700.0,104700.0,278281.0,삼성물산,028260
2023-10-05,104700.0,"하락  1,500",106300.0,106400.0,104600.0,177201.0,삼성물산,028260
2023-10-06,104700.0,보합0,104700.0,105600.0,104600.0,146822.0,삼성물산,028260
2023-10-10,106400.0,"상승  1,700",106900.0,108300.0,105900.0,241550.0,삼성물산,028260
2023-10-11,106800.0,상승  400,107100.0,107600.0,106000.0,158710.0,삼성물산,028260
2023-10-12,107900.0,"상승  1,100",107800.0,107900.0,106900.0,179370.0,삼성물산,028260
2023-10-13,107800.0,하락  100,106900.0,108200.0,106800.0,122309.0,삼성물산,028260
2023-10-16,106900.0,하락  900,107400.0,107800.0,106500.0,113059.0,삼성물산,028260
2023-10-17,107100.0,상승  200,108000.0,108000.0,106700.0,127854.0,삼성물산,028260
2023-10-18,107900.0,상승  800,106600.0,108500.0,106600.0,190700.0,삼성물산,028260
2023-10-19,107200.0,하락  700,107000.0,107800.0,106800.0,199897.0,삼성물산,028260
2023-10-20,107700.0,상승  500,106900.0,107700.0,105700.0,310772.0,삼성물산,028260
2023-10-23,105500.0,"하락  2,200",107900.0,108200.0,105100.0,238390.0,삼성물산,028260
2023-10-24,104600.0,하락  900,106500.0,106500.0,103900.0,269449.0,삼성물산,028260
2023-10-25,105600.0,"상승  1,000",104700.0,105900.0,104500.0,211199.0,삼성물산,028260
2023-10-26,103700.0,"하락  1,900",105900.0,105900.0,103400.0,214672.0,삼성물산,028260
2023-10-27,103600.0,하락  100,104700.0,104800.0,103200.0,175172.0,삼성물산,028260
2023-10-30,106100.0,"상승  2,500",103600.0,106700.0,103600.0,258680.0,삼성물산,028260
2023-10-31,106700.0,상승  600,106500.0,109500.0,106200.0,292266.0,삼성물산,028260
2023-11-01,106300.0,하락  400,107400.0,107900.0,105100.0,227227.0,삼성물산,028260
2023-11-02,107100.0,상승  800,107500.0,108300.0,105700.0,203475.0,삼성물산,028260
2023-11-03,107300.0,상승  200,107900.0,107900.0,106500.0,128529.0,삼성물산,028260
2023-11-06,109900.0,"상승  2,600",107500.0,109900.0,106900.0,300052.0,삼성물산,028260
2023-11-07,110100.0,상승  200,108900.0,110100.0,108500.0,250727.0,삼성물산,028260
2023-11-08,111700.0,"상승  1,600",110800.0,111700.0,110100.0,290970.0,삼성물산,028260
2023-11-09,116200.0,"상승  4,500",111600.0,116500.0,111600.0,598122.0,삼성물산,028260
2023-11-10,114900.0,"하락  1,300",115100.0,116000.0,113800.0,205391.0,삼성물산,028260
2023-11-13,116700.0,"상승  1,800",116000.0,116900.0,114800.0,186949.0,삼성물산,028260
2023-11-14,115800.0,하락  900,117200.0,117200.0,115800.0,226137.0,삼성물산,028260
2023-11-15,118300.0,"상승  2,500",117400.0,118300.0,116700.0,315982.0,삼성물산,028260
2023-11-16,117800.0,하락  500,118300.0,118300.0,116700.0,123581.0,삼성물산,028260
2023-11-17,117900.0,상승  100,118000.0,118200.0,116700.0,115136.0,삼성물산,028260
2023-11-20,116900.0,"하락  1,000",118100.0,118200.0,116200.0,127562.0,삼성물산,028260
2023-11-21,118700.0,"상승  1,800",117800.0,118700.0,117000.0,173859.0,삼성물산,028260
2023-11-22,118200.0,하락  500,117800.0,118600.0,117400.0,94566.0,삼성물산,028260
2023-11-23,118400.0,상승  200,117700.0,118700.0,117500.0,103239.0,삼성물산,028260
2023-11-24,116100.0,"하락  2,300",117900.0,118300.0,115600.0,181830.0,삼성물산,028260
2023-11-27,117000.0,상승  900,115700.0,117000.0,115700.0,100024.0,삼성물산,028260
2023-11-28,119000.0,"상승  2,000",118000.0,119000.0,117100.0,204863.0,삼성물산,028260
2023-11-29,117800.0,"하락  1,200",118300.0,119100.0,117800.0,155727.0,삼성물산,028260
2023-11-30,119300.0,"상승  1,500",117800.0,119300.0,117100.0,526992.0,삼성물산,028260
2023-12-01,118600.0,하락  700,118900.0,119600.0,118400.0,313880.0,삼성물산,028260
2023-12-04,120500.0,"상승  1,900",119500.0,120700.0,118900.0,680857.0,삼성물산,028260
2023-12-05,120300.0,하락  200,120100.0,120800.0,119000.0,149524.0,삼성물산,028260
2023-12-06,120100.0,하락  200,120500.0,121300.0,119800.0,168693.0,삼성물산,028260
2023-12-07,120900.0,상승  800,119200.0,120900.0,119100.0,114971.0,삼성물산,028260
2023-12-08,124800.0,"상승  3,900",121400.0,124900.0,121300.0,366792.0,삼성물산,028260
2023-12-11,125300.0,상승  500,125300.0,125800.0,123600.0,192442.0,삼성물산,028260
2023-12-12,129200.0,"상승  3,900",126000.0,129500.0,125500.0,457954.0,삼성물산,028260
2023-12-13,128700.0,하락  500,129300.0,129800.0,128300.0,294307.0,삼성물산,028260
2023-12-14,134000.0,"상승  5,300",130000.0,135000.0,129100.0,900798.0,삼성물산,028260
2023-12-15,129300.0,"하락  4,700",132700.0,132800.0,127700.0,558622.0,삼성물산,028260
2023-12-18,129500.0,상승  200,128500.0,130400.0,127200.0,259280.0,삼성물산,028260
2023-12-19,128300.0,"하락  1,200",129400.0,129800.0,128100.0,176517.0,삼성물산,028260
2023-12-20,128100.0,하락  200,129700.0,129700.0,127500.0,323042.0,삼성물산,028260
2023-12-21,128300.0,상승  200,127800.0,128700.0,127400.0,150738.0,삼성물산,028260
2023-12-22,127600.0,하락  700,128400.0,128600.0,127300.0,177992.0,삼성물산,028260
2023-12-26,128500.0,상승  900,127600.0,129000.0,126800.0,384633.0,삼성물산,028260
2023-12-27,126100.0,"하락  2,400",127900.0,128000.0,124500.0,284822.0,삼성물산,028260
2023-12-28,129500.0,"상승  3,400",127200.0,130300.0,126900.0,366403.0,삼성물산,028260
2024-01-02,129300.0,하락  200,128100.0,130300.0,127500.0,177547.0,삼성물산,028260
2024-01-03,128400.0,하락  900,128100.0,129100.0,127700.0,191084.0,삼성물산,028260
2024-01-04,127100.0,"하락  1,300",127300.0,128500.0,126600.0,189583.0,삼성물산,028260
2024-01-05,125100.0,"하락  2,000",127000.0,127100.0,123800.0,192828.0,삼성물산,028260
2024-01-08,124400.0,하락  700,124000.0,125700.0,123900.0,119328.0,삼성물산,028260
2024-01-09,124500.0,상승  100,126000.0,126100.0,124000.0,121308.0,삼성물산,028260
2024-01-10,123800.0,하락  700,124200.0,124800.0,122900.0,105297.0,삼성물산,028260
2024-01-11,121600.0,"하락  2,200",123100.0,123800.0,121000.0,1726098.0,삼성물산,028260
2024-01-12,122300.0,상승  700,122800.0,122800.0,121500.0,150016.0,삼성물산,028260
2024-01-15,120500.0,"하락  1,800",121500.0,122100.0,119900.0,221582.0,삼성물산,028260
2024-01-16,119300.0,"하락  1,200",119400.0,120200.0,119200.0,213009.0,삼성물산,028260
2024-01-17,117000.0,"하락  2,300",119700.0,119700.0,116800.0,212304.0,삼성물산,028260
2024-01-18,115400.0,"하락  1,600",116000.0,116800.0,115400.0,234660.0,삼성물산,028260
2024-01-19,117700.0,"상승  2,300",116300.0,117800.0,116100.0,256583.0,삼성물산,028260
2024-01-22,116600.0,"하락  1,100",118600.0,118900.0,116600.0,150549.0,삼성물산,028260
2024-01-23,117600.0,"상승  1,000",116600.0,118000.0,115600.0,146924.0,삼성물산,028260
2024-01-24,117400.0,하락  200,117700.0,118000.0,116500.0,132363.0,삼성물산,028260
2024-01-25,119700.0,"상승  2,300",117500.0,119800.0,116600.0,188680.0,삼성물산,028260
2024-01-26,120300.0,상승  600,118800.0,121000.0,118800.0,167631.0,삼성물산,028260
2024-01-29,127900.0,"상승  7,600",120600.0,129200.0,120400.0,620350.0,삼성물산,028260
2024-01-30,129700.0,"상승  1,800",128900.0,132000.0,127800.0,646629.0,삼성물산,028260
2024-01-31,138000.0,"상승  8,300",130000.0,138300.0,129800.0,1656860.0,삼성물산,028260
2024-02-01,148700.0,"상승  10,700",140100.0,148800.0,137100.0,2463952.0,삼성물산,028260
2024-02-02,148700.0,보합0,152900.0,154300.0,141800.0,1760584.0,삼성물산,028260
2024-02-05,149400.0,상승  700,148700.0,155900.0,144300.0,1596574.0,삼성물산,028260
2024-02-06,147500.0,"하락  1,900",148000.0,149200.0,142700.0,678691.0,삼성물산,028260
2024-02-07,153800.0,"상승  6,300",147800.0,153800.0,146400.0,881732.0,삼성물산,028260
2024-02-08,156500.0,"상승  2,700",153700.0,156500.0,152600.0,781613.0,삼성물산,028260
2024-02-13,156200.0,하락  300,154000.0,158000.0,152700.0,809721.0,삼성물산,028260
2024-02-14,152400.0,"하락  3,800",153800.0,155000.0,151300.0,642064.0,삼성물산,028260
2024-02-15,156300.0,"상승  3,900",155700.0,161000.0,152900.0,1098381.0,삼성물산,028260
2024-02-16,163800.0,"상승  7,500",157300.0,163800.0,156000.0,948521.0,삼성물산,028260
2024-02-19,170400.0,"상승  6,600",166500.0,171700.0,165500.0,982685.0,삼성물산,028260
2024-02-20,162300.0,"하락  8,100",170300.0,171000.0,158900.0,1003070.0,삼성물산,028260
2024-02-21,161300.0,"하락  1,000",161700.0,166500.0,159600.0,631480.0,삼성물산,028260
2024-02-22,164100.0,"상승  2,800",162200.0,165700.0,158200.0,503948.0,삼성물산,028260
2024-02-23,160000.0,"하락  4,100",165000.0,171500.0,159400.0,797621.0,삼성물산,028260
2024-02-26,152300.0,"하락  7,700",157500.0,157600.0,147500.0,1019655.0,삼성물산,028260
2024-02-27,147400.0,"하락  4,900",151000.0,151700.0,147100.0,609664.0,삼성물산,028260
2024-02-28,155700.0,"상승  8,300",147700.0,157500.0,147000.0,638228.0,삼성물산,028260
2024-02-29,156700.0,"상승  1,000",158600.0,161500.0,154600.0,885773.0,삼성물산,028260
2024-03-04,163000.0,"상승  6,300",162000.0,164400.0,160000.0,798691.0,삼성물산,028260
2024-03-05,165000.0,"상승  2,000",161400.0,169400.0,160700.0,589448.0,삼성물산,028260
2024-03-06,163700.0,"하락  1,300",163000.0,164300.0,160200.0,446973.0,삼성물산,028260
2024-03-07,164500.0,상승  800,165000.0,168000.0,161100.0,404411.0,삼성물산,028260
2024-03-08,168200.0,"상승  3,700",167400.0,168500.0,164000.0,404394.0,삼성물산,028260
2024-03-11,168100.0,하락  100,169000.0,169600.0,166000.0,300923.0,삼성물산,028260
2024-03-12,163000.0,"하락  5,100",169000.0,169300.0,162000.0,360176.0,삼성물산,028260
2024-03-13,165700.0,"상승  2,700",163100.0,167000.0,161000.0,353576.0,삼성물산,028260
2024-03-14,170800.0,"상승  5,100",167100.0,170800.0,164200.0,884935.0,삼성물산,028260
2024-03-15,154100.0,"하락  16,700",168000.0,169900.0,153500.0,1870658.0,삼성물산,028260
2024-03-18,152200.0,"하락  1,900",152600.0,154100.0,150300.0,749542.0,삼성물산,028260
2024-03-19,150000.0,"하락  2,200",152200.0,152800.0,149800.0,458423.0,삼성물산,028260
2024-03-20,156200.0,"상승  6,200",151600.0,156300.0,151600.0,652765.0,삼성물산,028260
2024-03-21,165000.0,"상승  8,800",159300.0,165000.0,158100.0,694595.0,삼성물산,028260
2024-03-22,160000.0,"하락  5,000",163700.0,166400.0,159500.0,578344.0,삼성물산,028260
2024-03-25,158500.0,"하락  1,500",159700.0,159800.0,157700.0,412842.0,삼성물산,028260
2024-03-26,160100.0,"상승  1,600",159800.0,161300.0,158600.0,445824.0,삼성물산,028260
2024-03-27,157700.0,"하락  2,400",158500.0,159800.0,156700.0,450645.0,삼성물산,028260
2024-03-28,160100.0,"상승  2,400",157600.0,160500.0,156700.0,375767.0,삼성물산,028260
2024-03-29,158500.0,"하락  1,600",160100.0,161100.0,158200.0,243679.0,삼성물산,028260
2024-04-01,157600.0,하락  900,160300.0,160400.0,155800.0,272552.0,삼성물산,028260
2024-04-02,155000.0,"하락  2,600",157700.0,158400.0,154500.0,358960.0,삼성물산,028260
2024-04-03,150300.0,"하락  4,700",154100.0,154900.0,149800.0,444000.0,삼성물산,028260
2024-04-04,151700.0,"상승  1,400",152000.0,154200.0,151000.0,252882.0,삼성물산,028260
2024-04-05,150800.0,하락  900,149300.0,152400.0,149000.0,232572.0,삼성물산,028260
2024-04-08,151200.0,상승  400,149300.0,153700.0,149300.0,282687.0,삼성물산,028260
2024-04-09,149300.0,"하락  1,900",153000.0,153100.0,149300.0,284627.0,삼성물산,028260
2024-04-11,147000.0,"하락  2,300",140100.0,147000.0,138200.0,735130.0,삼성물산,028260
2024-04-12,140100.0,"하락  6,900",145100.0,145500.0,139500.0,616557.0,삼성물산,028260
2024-04-15,144500.0,"상승  4,400",139500.0,145900.0,139000.0,431582.0,삼성물산,028260
2024-04-16,144500.0,보합0,143000.0,144900.0,141100.0,332224.0,삼성물산,028260
2024-04-17,138800.0,"하락  5,700",144900.0,144900.0,137300.0,361125.0,삼성물산,028260
2024-04-18,140300.0,"상승  1,500",138600.0,141700.0,138000.0,255891.0,삼성물산,028260
2024-04-19,138200.0,"하락  2,100",137300.0,139500.0,136600.0,289202.0,삼성물산,028260
2024-04-22,147400.0,"상승  9,200",141600.0,148000.0,141200.0,330503.0,삼성물산,028260
2024-04-23,150400.0,"상승  3,000",146100.0,151300.0,146000.0,430541.0,삼성물산,028260
2024-04-24,150400.0,보합0,151600.0,152500.0,150000.0,249442.0,삼성물산,028260
2024-04-25,150100.0,하락  300,150400.0,151500.0,149200.0,238866.0,삼성물산,028260
2024-04-26,151100.0,"상승  1,000",151400.0,153900.0,150000.0,157213.0,삼성물산,028260
2024-04-29,150000.0,"하락  1,100",152600.0,153300.0,149800.0,253592.0,삼성물산,028260
2024-04-30,150100.0,상승  100,149200.0,151500.0,149200.0,269026.0,삼성물산,028260
2024-05-02,146100.0,"하락  4,000",149400.0,151000.0,144700.0,217014.0,삼성물산,028260
2024-05-03,146000.0,하락  100,146700.0,147400.0,144000.0,170231.0,삼성물산,028260
2024-05-07,150300.0,"상승  4,300",147500.0,151000.0,146000.0,251625.0,삼성물산,028260
2024-05-08,152200.0,"상승  1,900",150900.0,153500.0,149300.0,202061.0,삼성물산,028260
2024-05-09,148400.0,"하락  3,800",152900.0,153000.0,147600.0,331775.0,삼성물산,028260
2024-05-10,150000.0,"상승  1,600",149500.0,152500.0,149100.0,140426.0,삼성물산,028260
2024-05-13,149300.0,하락  700,150900.0,152700.0,148300.0,199167.0,삼성물산,028260
2024-05-14,150000.0,상승  700,149400.0,150000.0,146600.0,167852.0,삼성물산,028260
2024-05-16,153100.0,"상승  3,100",152800.0,154800.0,150900.0,385798.0,삼성물산,028260
2024-05-17,151800.0,"하락  1,300",152100.0,153900.0,150300.0,175100.0,삼성물산,028260
2024-05-20,151500.0,하락  300,152100.0,152500.0,150500.0,136946.0,삼성물산,028260
2024-05-21,148400.0,"하락  3,100",149900.0,150100.0,147500.0,237996.0,삼성물산,028260
2024-05-22,147000.0,"하락  1,400",147200.0,147900.0,145600.0,231359.0,삼성물산,028260
2024-05-23,142100.0,"하락  4,900",145600.0,145700.0,142100.0,338713.0,삼성물산,028260
2024-05-24,139400.0,"하락  2,700",140000.0,140500.0,138400.0,342283.0,삼성물산,028260
2024-05-27,141100.0,"상승  1,700",140500.0,142500.0,138400.0,262546.0,삼성물산,028260
2024-05-28,138500.0,"하락  2,600",139100.0,141000.0,138100.0,244031.0,삼성물산,028260
2024-05-29,134800.0,"하락  3,700",138600.0,139400.0,134500.0,374715.0,삼성물산,028260
2024-05-30,136300.0,"상승  1,500",133200.0,138500.0,133200.0,284183.0,삼성물산,028260
2024-05-31,135100.0,"하락  1,200",137600.0,138500.0,135100.0,864651.0,삼성물산,028260
2024-06-03,138700.0,"상승  3,600",136200.0,139800.0,135800.0,203466.0,삼성물산,028260
2024-06-04,135400.0,"하락  3,300",137000.0,139300.0,135200.0,176420.0,삼성물산,028260
2024-06-05,135100.0,하락  300,136500.0,137200.0,135100.0,202350.0,삼성물산,028260
2024-06-07,137600.0,"상승  2,500",134900.0,138200.0,134900.0,289054.0,삼성물산,028260
2024-06-10,133600.0,"하락  4,000",134100.0,135400.0,133200.0,345378.0,삼성물산,028260
2024-06-11,134400.0,상승  800,134000.0,134800.0,132700.0,242670.0,삼성물산,028260
2024-06-12,135500.0,"상승  1,100",134000.0,135900.0,132500.0,250342.0,삼성물산,028260
2024-06-13,134400.0,"하락  1,100",135700.0,138300.0,134400.0,701286.0,삼성물산,028260
2024-06-14,133000.0,"하락  1,400",133900.0,136400.0,132300.0,417255.0,삼성물산,028260
2024-06-17,130700.0,"하락  2,300",132900.0,133900.0,129500.0,429827.0,삼성물산,028260
2024-06-18,131400.0,상승  700,131300.0,131600.0,130100.0,252542.0,삼성물산,028260
2024-06-19,135400.0,"상승  4,000",132100.0,135600.0,131800.0,396268.0,삼성물산,028260
2024-06-20,135100.0,하락  300,135100.0,135900.0,134300.0,217250.0,삼성물산,028260
2024-06-21,135300.0,상승  200,135100.0,135800.0,133800.0,258625.0,삼성물산,028260
2024-06-24,135900.0,상승  600,135300.0,136800.0,134200.0,216573.0,삼성물산,028260
2024-06-25,135800.0,하락  100,136800.0,136900.0,134100.0,230022.0,삼성물산,028260
2024-06-26,136100.0,상승  300,134300.0,136100.0,132200.0,277213.0,삼성물산,028260
2024-06-27,138700.0,"상승  2,600",134700.0,139300.0,133500.0,326968.0,삼성물산,028260
2024-06-28,142000.0,"상승  3,300",138800.0,142300.0,138300.0,389820.0,삼성물산,028260
2024-07-01,140800.0,"하락  1,200",141000.0,141900.0,140100.0,148042.0,삼성물산,028260
2024-07-02,141200.0,상승  400,140700.0,142800.0,140100.0,240833.0,삼성물산,028260
2024-07-03,142300.0,"상승  1,100",142000.0,147100.0,140400.0,274385.0,삼성물산,028260
2024-07-04,145800.0,"상승  3,500",142700.0,145900.0,141000.0,274849.0,삼성물산,028260
2024-07-05,154300.0,"상승  8,500",146400.0,154700.0,145900.0,797095.0,삼성물산,028260
2024-07-08,148000.0,"하락  6,300",152800.0,153400.0,147800.0,321463.0,삼성물산,028260
2024-07-09,147700.0,하락  300,149400.0,149500.0,145300.0,194276.0,삼성물산,028260
2024-07-10,147000.0,하락  700,146200.0,148900.0,146000.0,148104.0,삼성물산,028260
2024-07-11,151100.0,"상승  4,100",148800.0,151100.0,147200.0,306215.0,삼성물산,028260
2024-07-12,148100.0,"하락  3,000",150600.0,151700.0,146600.0,214635.0,삼성물산,028260
2024-07-15,147900.0,하락  200,148900.0,149500.0,146400.0,154014.0,삼성물산,028260
2024-07-16,152200.0,"상승  4,300",148900.0,155000.0,147200.0,416317.0,삼성물산,028260
2024-07-17,152100.0,하락  100,154000.0,156500.0,151700.0,273923.0,삼성물산,028260
2024-07-18,149300.0,"하락  2,800",153400.0,153500.0,146900.0,218803.0,삼성물산,028260
2024-07-19,147500.0,"하락  1,800",147600.0,148400.0,146200.0,174670.0,삼성물산,028260
2024-07-22,149400.0,"상승  1,900",147500.0,150000.0,146000.0,175552.0,삼성물산,028260
2024-07-23,147800.0,"하락  1,600",149500.0,153200.0,147800.0,215279.0,삼성물산,028260
2024-07-24,147900.0,상승  100,146400.0,149000.0,146400.0,119304.0,삼성물산,028260
2024-07-25,146500.0,"하락  1,400",147800.0,148700.0,145900.0,173178.0,삼성물산,028260
2024-07-26,147800.0,"상승  1,300",147600.0,152500.0,146400.0,283033.0,삼성물산,028260
2024-07-29,152000.0,"상승  4,200",148600.0,155200.0,148600.0,317921.0,삼성물산,028260
2024-07-30,150300.0,"하락  1,700",150000.0,151800.0,149000.0,275951.0,삼성물산,028260
2024-07-31,155300.0,"상승  5,000",151100.0,157600.0,149500.0,881437.0,삼성물산,028260
2024-08-01,151300.0,"하락  4,000",153800.0,153800.0,149600.0,290894.0,삼성물산,028260
2024-08-02,146900.0,"하락  4,400",148800.0,150200.0,145600.0,268886.0,삼성물산,028260
2024-08-05,135300.0,"하락  11,600",144200.0,144200.0,132800.0,372457.0,삼성물산,028260
2024-08-06,136500.0,"상승  1,200",141300.0,142400.0,134000.0,497046.0,삼성물산,028260
2024-08-07,137800.0,"상승  1,300",135100.0,142000.0,134200.0,313517.0,삼성물산,028260
2024-08-08,138100.0,상승  300,136000.0,140900.0,135500.0,361701.0,삼성물산,028260
2024-08-09,141100.0,"상승  3,000",139700.0,143400.0,138500.0,212773.0,삼성물산,028260
2024-08-12,142600.0,"상승  1,500",142400.0,143000.0,140200.0,110283.0,삼성물산,028260
2024-08-13,141000.0,"하락  1,600",141600.0,143800.0,141000.0,123988.0,삼성물산,028260
2024-08-14,139500.0,"하락  1,500",142300.0,143100.0,138600.0,190893.0,삼성물산,028260
2024-08-16,144400.0,"상승  4,900",141600.0,147200.0,141600.0,229208.0,삼성물산,028260
2024-08-19,144200.0,하락  200,145100.0,146000.0,143500.0,121131.0,삼성물산,028260
2024-08-20,145100.0,상승  900,145700.0,147100.0,144400.0,96132.0,삼성물산,028260
2024-08-21,146100.0,"상승  1,000",146200.0,148000.0,145300.0,127235.0,삼성물산,028260
2024-08-22,146700.0,상승  600,146500.0,147200.0,145200.0,133058.0,삼성물산,028260
2024-08-23,149700.0,"상승  3,000",146600.0,151700.0,146300.0,344535.0,삼성물산,028260
2024-08-26,152300.0,"상승  2,600",150800.0,153200.0,150100.0,231680.0,삼성물산,028260
2024-08-27,151200.0,"하락  1,100",152800.0,153000.0,147500.0,154050.0,삼성물산,028260
2024-08-28,150500.0,하락  700,151000.0,152600.0,148800.0,167125.0,삼성물산,028260
2024-08-29,149300.0,"하락  1,200",150500.0,150500.0,147600.0,192966.0,삼성물산,028260
2024-08-30,147700.0,"하락  1,600",150400.0,151000.0,147700.0,526482.0,삼성물산,028260
2024-09-02,146000.0,"하락  1,700",148100.0,150000.0,145200.0,189640.0,삼성물산,028260
2024-09-03,154800.0,"상승  8,800",146900.0,155400.0,146800.0,614369.0,삼성물산,028260
2024-09-04,150800.0,"하락  4,000",152000.0,153000.0,146500.0,442523.0,삼성물산,028260
2024-09-05,149900.0,하락  900,150400.0,151000.0,148900.0,224534.0,삼성물산,028260
2024-09-06,146700.0,"하락  3,200",151000.0,151000.0,144000.0,204080.0,삼성물산,028260
2024-09-09,145300.0,"하락  1,400",143200.0,146000.0,143000.0,125181.0,삼성물산,028260
2024-09-10,148500.0,"상승  3,200",144600.0,150000.0,144600.0,222965.0,삼성물산,028260
2024-09-11,147400.0,"하락  1,100",148500.0,149700.0,145400.0,324595.0,삼성물산,028260
2024-09-12,149100.0,"상승  1,700",147300.0,149100.0,146300.0,243548.0,삼성물산,028260
2024-09-13,149200.0,상승  100,149900.0,151000.0,147700.0,177145.0,삼성물산,028260
2024-09-19,150500.0,"상승  1,300",154200.0,154200.0,148300.0,232231.0,삼성물산,028260
2024-09-20,150200.0,하락  300,150400.0,152300.0,150200.0,333523.0,삼성물산,028260
2024-09-23,145400.0,"하락  4,800",151200.0,151200.0,145200.0,250029.0,삼성물산,028260
2024-09-24,146600.0,"상승  1,200",146500.0,147500.0,145200.0,204941.0,삼성물산,028260
2024-09-25,138500.0,"하락  8,100",147100.0,147200.0,138500.0,633739.0,삼성물산,028260
2024-09-26,142300.0,"상승  3,800",139800.0,143300.0,139200.0,351155.0,삼성물산,028260
2024-09-27,140200.0,"하락  2,100",142500.0,142500.0,140000.0,199763.0,삼성물산,028260
2024-09-30,137800.0,"하락  2,400",141300.0,141500.0,137800.0,249934.0,삼성물산,028260
2024-10-02,135000.0,"하락  2,800",136300.0,136400.0,135000.0,259650.0,삼성물산,028260
2024-10-04,136100.0,"상승  1,100",135500.0,137800.0,134000.0,192102.0,삼성물산,028260
2024-10-07,135300.0,하락  800,136000.0,136800.0,134300.0,165629.0,삼성물산,028260
2024-10-08,134600.0,하락  700,134000.0,134700.0,131300.0,308971.0,삼성물산,028260
2024-10-10,132300.0,"하락  2,300",135400.0,135400.0,132300.0,338763.0,삼성물산,028260
2024-10-11,134300.0,"상승  2,000",133600.0,137100.0,133600.0,216257.0,삼성물산,028260
2024-10-14,134000.0,하락  300,133700.0,134900.0,132800.0,171614.0,삼성물산,028260
2024-10-15,135700.0,"상승  1,700",134600.0,137200.0,133900.0,227841.0,삼성물산,028260
2024-10-16,134500.0,"하락  1,200",134300.0,135000.0,133400.0,158246.0,삼성물산,028260
2024-10-17,137600.0,"상승  3,100",135500.0,140100.0,135200.0,288568.0,삼성물산,028260
2024-10-18,136700.0,하락  900,139800.0,139900.0,136300.0,156041.0,삼성물산,028260
2024-10-21,136500.0,하락  200,138000.0,138700.0,136000.0,105255.0,삼성물산,028260
2024-10-22,136100.0,하락  400,136500.0,138500.0,135200.0,172492.0,삼성물산,028260
2024-10-23,133300.0,"하락  2,800",136000.0,136500.0,132400.0,202963.0,삼성물산,028260
2024-10-24,133600.0,상승  300,133700.0,135400.0,132000.0,156155.0,삼성물산,028260
2024-10-25,132200.0,"하락  1,400",133200.0,135200.0,131500.0,214186.0,삼성물산,028260
2024-10-28,134000.0,"상승  1,800",131600.0,134000.0,130000.0,244239.0,삼성물산,028260
2024-10-29,136200.0,"상승  2,200",134500.0,136700.0,134100.0,216749.0,삼성물산,028260
2024-10-30,129900.0,"하락  6,300",134900.0,136200.0,129700.0,465408.0,삼성물산,028260
2024-10-31,117000.0,"하락  12,900",129000.0,129200.0,117000.0,1332809.0,삼성물산,028260
2024-11-01,119400.0,"상승  2,400",117800.0,120400.0,117700.0,638958.0,삼성물산,028260
2024-11-04,121300.0,"상승  1,900",119500.0,121300.0,118300.0,237619.0,삼성물산,028260
2024-11-05,122400.0,"상승  1,100",119500.0,122400.0,119500.0,177623.0,삼성물산,028260
2024-11-06,121400.0,"하락  1,000",122000.0,122400.0,119900.0,178569.0,삼성물산,028260
2024-11-07,122400.0,"상승  1,000",121100.0,123000.0,121100.0,191478.0,삼성물산,028260
2024-11-08,123100.0,상승  700,123500.0,124800.0,122000.0,179265.0,삼성물산,028260
2024-11-11,121300.0,"하락  1,800",122200.0,122700.0,120400.0,184418.0,삼성물산,028260
2024-11-12,120000.0,"하락  1,300",120000.0,121100.0,119000.0,242914.0,삼성물산,028260
2024-11-13,117000.0,"하락  3,000",119200.0,119600.0,116400.0,289601.0,삼성물산,028260
2024-11-14,115800.0,"하락  1,200",118000.0,118400.0,115800.0,398956.0,삼성물산,028260
2024-11-15,117300.0,"상승  1,500",116900.0,120000.0,115800.0,413179.0,삼성물산,028260
2024-11-18,124000.0,"상승  6,700",120100.0,125000.0,120100.0,741305.0,삼성물산,028260
2024-11-19,121400.0,"하락  2,600",122000.0,124800.0,121300.0,300282.0,삼성물산,028260
2024-11-20,121800.0,상승  400,120700.0,123000.0,120700.0,161711.0,삼성물산,028260
2024-11-21,121600.0,하락  200,121800.0,123100.0,121100.0,231254.0,삼성물산,028260
2024-11-22,123000.0,"상승  1,400",122900.0,123900.0,121600.0,218608.0,삼성물산,028260
2024-11-25,123700.0,상승  700,124100.0,125900.0,122500.0,547753.0,삼성물산,028260
2024-11-26,124400.0,상승  700,122700.0,125400.0,122200.0,287085.0,삼성물산,028260
2024-11-27,124700.0,상승  300,125700.0,126200.0,123800.0,223956.0,삼성물산,028260
2024-11-28,124600.0,하락  100,124700.0,126000.0,123800.0,128903.0,삼성물산,028260
2024-11-29,119000.0,"하락  5,600",124000.0,124400.0,119000.0,380200.0,삼성물산,028260
2024-12-02,121500.0,"상승  2,500",121100.0,122900.0,120000.0,215902.0,삼성물산,028260
2024-12-03,124200.0,"상승  2,700",123700.0,125000.0,122700.0,317019.0,삼성물산,028260
2024-12-04,122700.0,"하락  1,500",123000.0,123700.0,120800.0,263710.0,삼성물산,028260
2024-12-05,121500.0,"하락  1,200",121500.0,122700.0,120000.0,209008.0,삼성물산,028260
2024-12-06,120700.0,하락  800,122200.0,122500.0,120000.0,266184.0,삼성물산,028260
2024-12-09,116100.0,"하락  4,600",119700.0,119700.0,116100.0,244188.0,삼성물산,028260
2024-12-10,116200.0,상승  100,116300.0,117700.0,116100.0,295559.0,삼성물산,028260
2024-12-11,116500.0,상승  300,115800.0,116600.0,114700.0,256239.0,삼성물산,028260
2024-12-12,118700.0,"상승  2,200",117000.0,120600.0,116300.0,735868.0,삼성물산,028260
2024-12-13,118800.0,상승  100,119100.0,120600.0,118100.0,243198.0,삼성물산,028260
2024-12-16,117400.0,"하락  1,400",118900.0,119200.0,117000.0,193601.0,삼성물산,028260
2024-12-17,116400.0,"하락  1,000",117400.0,118000.0,116200.0,202903.0,삼성물산,028260
2024-12-18,118900.0,"상승  2,500",116800.0,119200.0,116600.0,188534.0,삼성물산,028260
2024-12-19,115700.0,"하락  3,200",116200.0,116500.0,114900.0,248389.0,삼성물산,028260
2024-12-20,116900.0,"상승  1,200",115300.0,117000.0,114500.0,326013.0,삼성물산,028260
2024-12-23,118700.0,"상승  1,800",117300.0,118700.0,115800.0,116069.0,삼성물산,028260
2024-12-24,117600.0,"하락  1,100",118500.0,118500.0,117100.0,88205.0,삼성물산,028260
2024-12-26,117600.0,보합0,118000.0,118500.0,117100.0,97008.0,삼성물산,028260
2024-12-27,115800.0,"하락  1,800",116100.0,116900.0,115000.0,142614.0,삼성물산,028260
2024-12-30,114800.0,"하락  1,000",115800.0,117900.0,114800.0,191662.0,삼성물산,028260
2025-01-02,113300.0,"하락  1,500",114500.0,114800.0,112400.0,162987.0,삼성물산,028260
2025-01-03,115600.0,"상승  2,300",112900.0,116200.0,112900.0,156137.0,삼성물산,028260
2025-01-06,119000.0,"상승  3,400",115400.0,119600.0,114400.0,235577.0,삼성물산,028260
2025-01-07,118300.0,하락  700,118400.0,121600.0,118300.0,212774.0,삼성물산,028260
2025-01-08,120900.0,"상승  2,600",117900.0,121900.0,117800.0,293820.0,삼성물산,028260
2025-01-09,120600.0,하락  300,121500.0,123100.0,120500.0,337173.0,삼성물산,028260
2025-01-10,121400.0,상승  800,120600.0,122900.0,120500.0,197465.0,삼성물산,028260
2025-01-13,119800.0,"하락  1,600",120600.0,121700.0,118700.0,226431.0,삼성물산,028260
2025-01-14,119400.0,하락  400,119200.0,120900.0,118500.0,179747.0,삼성물산,028260
2025-01-15,118200.0,"하락  1,200",120700.0,121500.0,118100.0,184619.0,삼성물산,028260
2025-01-16,120300.0,"상승  2,100",119400.0,120600.0,119000.0,171755.0,삼성물산,028260
2025-01-17,118800.0,"하락  1,500",120200.0,121500.0,118700.0,151583.0,삼성물산,028260
2025-01-20,120700.0,"상승  1,900",121200.0,123000.0,120000.0,141994.0,삼성물산,028260
2025-01-21,119400.0,"하락  1,300",121200.0,121400.0,118700.0,133769.0,삼성물산,028260
2025-01-22,122600.0,"상승  3,200",120300.0,123600.0,119200.0,210404.0,삼성물산,028260
2025-01-23,115600.0,"하락  7,000",123600.0,123900.0,115600.0,678881.0,삼성물산,028260
2025-01-24,115000.0,하락  600,116400.0,116600.0,114200.0,392757.0,삼성물산,028260
2025-01-31,119900.0,"상승  4,900",116100.0,119900.0,114200.0,630392.0,삼성물산,028260
2025-02-03,118700.0,"하락  1,200",118600.0,119600.0,116000.0,420051.0,삼성물산,028260
2025-02-04,118600.0,하락  100,119000.0,121400.0,117600.0,296534.0,삼성물산,028260
2025-02-05,118500.0,하락  100,119600.0,119900.0,117700.0,177434.0,삼성물산,028260
2025-02-06,119600.0,"상승  1,100",119100.0,119600.0,118000.0,185334.0,삼성물산,028260
2025-02-07,120000.0,상승  400,118500.0,120300.0,118200.0,217647.0,삼성물산,028260
2025-02-10,118600.0,"하락  1,400",119200.0,119700.0,116600.0,289759.0,삼성물산,028260
2025-02-11,118800.0,상승  200,118600.0,120000.0,117800.0,215247.0,삼성물산,028260
2025-02-12,121000.0,"상승  2,200",119900.0,121600.0,119000.0,226397.0,삼성물산,028260
2025-02-13,121600.0,상승  600,121400.0,122100.0,120300.0,269261.0,삼성물산,028260
2025-02-14,127600.0,"상승  6,000",121800.0,129000.0,121800.0,678715.0,삼성물산,028260
2025-02-17,130400.0,"상승  2,800",129700.0,131900.0,128500.0,467897.0,삼성물산,028260
2025-02-18,132900.0,"상승  2,500",129800.0,133500.0,129100.0,394727.0,삼성물산,028260
2025-02-19,134400.0,"상승  1,500",132100.0,136800.0,131100.0,392444.0,삼성물산,028260
2025-02-20,132700.0,"하락  1,700",133100.0,135000.0,131800.0,323264.0,삼성물산,028260
2025-02-21,128900.0,"하락  3,800",132700.0,132700.0,127800.0,397648.0,삼성물산,028260
2025-02-24,130100.0,"상승  1,200",128900.0,130100.0,127700.0,237007.0,삼성물산,028260
2025-02-25,129100.0,"하락  1,000",128800.0,130600.0,127100.0,249280.0,삼성물산,028260
2025-02-26,125200.0,"하락  3,900",128000.0,128600.0,124300.0,465642.0,삼성물산,028260
2025-02-27,126000.0,상승  800,125700.0,126900.0,125200.0,212770.0,삼성물산,028260
2025-02-28,121500.0,"하락  4,500",124700.0,124800.0,121500.0,499389.0,삼성물산,028260
2025-03-04,122200.0,상승  700,121300.0,124400.0,121200.0,199433.0,삼성물산,028260
2025-03-05,121500.0,하락  700,122100.0,123000.0,121000.0,239312.0,삼성물산,028260
2025-03-06,122300.0,상승  800,122100.0,123700.0,121700.0,210702.0,삼성물산,028260
2025-03-07,122200.0,하락  100,121200.0,123000.0,119300.0,231386.0,삼성물산,028260
2025-03-10,122200.0,보합0,121000.0,122900.0,120900.0,135883.0,삼성물산,028260
2025-03-11,119200.0,"하락  3,000",119500.0,120200.0,118200.0,203070.0,삼성물산,028260
2025-03-12,119600.0,상승  400,119100.0,120200.0,118200.0,281555.0,삼성물산,028260
2025-03-13,118900.0,하락  700,119600.0,121600.0,118600.0,285549.0,삼성물산,028260
2025-03-14,119600.0,상승  700,119100.0,119800.0,118300.0,275806.0,삼성물산,028260
2025-03-17,123500.0,"상승  3,900",120500.0,124500.0,120500.0,373791.0,삼성물산,028260
2025-03-18,122300.0,"하락  1,200",124000.0,124100.0,121900.0,177144.0,삼성물산,028260
2025-03-19,123200.0,상승  900,122300.0,124200.0,122300.0,162004.0,삼성물산,028260
2025-03-20,124100.0,상승  900,123500.0,124400.0,123200.0,160103.0,삼성물산,028260
2025-03-21,124900.0,상승  800,123300.0,126200.0,123000.0,382337.0,삼성물산,028260
2025-03-24,124000.0,하락  900,124400.0,125400.0,123800.0,137489.0,삼성물산,028260
2025-03-25,124100.0,상승  100,124000.0,124800.0,122800.0,139862.0,삼성물산,028260
2025-03-26,124300.0,상승  200,124900.0,124900.0,122900.0,131779.0,삼성물산,028260
2025-03-27,124000.0,하락  300,123000.0,124700.0,122600.0,150294.0,삼성물산,028260
2025-03-28,119900.0,"하락  4,100",123500.0,123600.0,119000.0,229119.0,삼성물산,028260
2025-03-31,116900.0,"하락  3,000",118100.0,118700.0,116300.0,353978.0,삼성물산,028260
2025-04-01,119200.0,"상승  2,300",117100.0,121000.0,117100.0,215787.0,삼성물산,028260
2025-04-02,119300.0,상승  100,119300.0,120500.0,117000.0,307897.0,삼성물산,028260
2025-04-03,118100.0,"하락  1,200",116100.0,118100.0,115500.0,239733.0,삼성물산,028260
2025-04-04,117400.0,하락  700,116700.0,119000.0,115300.0,269509.0,삼성물산,028260
2025-04-07,112200.0,"하락  5,200",112800.0,113600.0,110700.0,348099.0,삼성물산,028260
2025-04-08,111400.0,하락  800,113400.0,114300.0,111200.0,236919.0,삼성물산,028260
2025-04-09,108300.0,"하락  3,100",110600.0,111300.0,108100.0,282877.0,삼성물산,028260
2025-04-10,113800.0,"상승  5,500",111600.0,113900.0,110600.0,272014.0,삼성물산,028260
2025-04-11,114500.0,상승  700,112000.0,114500.0,111500.0,192141.0,삼성물산,028260
2025-04-14,113700.0,하락  800,114500.0,115000.0,113300.0,136454.0,삼성물산,028260
2025-04-15,115400.0,"상승  1,700",114200.0,115900.0,114000.0,143161.0,삼성물산,028260
2025-04-16,114000.0,"하락  1,400",114800.0,115400.0,114000.0,99707.0,삼성물산,028260
2025-04-17,113800.0,하락  200,114100.0,114400.0,113100.0,135610.0,삼성물산,028260
2025-04-18,114400.0,상승  600,114200.0,114700.0,113300.0,69710.0,삼성물산,028260
2025-04-21,114500.0,상승  100,114700.0,115300.0,113600.0,79598.0,삼성물산,028260
2025-04-22,115800.0,"상승  1,300",114200.0,116800.0,113600.0,123933.0,삼성물산,028260
2025-04-23,117600.0,"상승  1,800",117500.0,118000.0,115700.0,148918.0,삼성물산,028260
2025-04-24,118100.0,상승  500,116900.0,118600.0,116100.0,136552.0,삼성물산,028260
2025-04-25,117000.0,"하락  1,100",118600.0,119300.0,116500.0,159021.0,삼성물산,028260
2025-04-28,117600.0,상승  600,117600.0,119300.0,117400.0,115074.0,삼성물산,028260
2025-04-29,118900.0,"상승  1,300",117900.0,118900.0,117600.0,128705.0,삼성물산,028260
2025-04-30,122400.0,"상승  3,500",118000.0,122400.0,118000.0,290974.0,삼성물산,028260
2025-05-02,122200.0,하락  200,121000.0,122800.0,120100.0,212726.0,삼성물산,028260
2025-05-07,122800.0,상승  600,123700.0,123800.0,121200.0,222256.0,삼성물산,028260
2025-05-08,121800.0,"하락  1,000",122000.0,122900.0,121600.0,195550.0,삼성물산,028260
2025-05-09,123000.0,"상승  1,200",121900.0,123200.0,121500.0,161453.0,삼성물산,028260
2025-05-12,125300.0,"상승  2,300",123600.0,125300.0,123300.0,175449.0,삼성물산,028260
2025-05-13,124300.0,"하락  1,000",124100.0,125200.0,123400.0,147343.0,삼성물산,028260
2025-05-14,125200.0,상승  900,124100.0,125900.0,123400.0,209039.0,삼성물산,028260
2025-05-15,123200.0,"하락  2,000",124100.0,124800.0,122900.0,138878.0,삼성물산,028260
2025-05-16,123900.0,상승  700,122800.0,123900.0,122300.0,106983.0,삼성물산,028260
2025-05-19,122400.0,"하락  1,500",122400.0,123300.0,119700.0,188011.0,삼성물산,028260
2025-05-20,124400.0,"상승  2,000",123000.0,124700.0,122000.0,170947.0,삼성물산,028260
2025-05-21,139000.0,"상승  14,600",124500.0,140400.0,124400.0,1746887.0,삼성물산,028260
2025-05-22,138500.0,하락  500,148700.0,151000.0,136500.0,1874116.0,삼성물산,028260
2025-05-23,142000.0,"상승  3,500",140700.0,144200.0,139600.0,782665.0,삼성물산,028260
2025-05-26,152100.0,"상승  10,100",147200.0,153000.0,144000.0,1012359.0,삼성물산,028260
2025-05-27,150500.0,"하락  1,600",154000.0,159000.0,149000.0,991515.0,삼성물산,028260
2025-05-28,151200.0,상승  700,153000.0,157500.0,149700.0,810347.0,삼성물산,028260
2025-05-29,154500.0,"상승  3,300",153000.0,156300.0,151300.0,657516.0,삼성물산,028260
2025-05-30,148900.0,"하락  5,600",156000.0,158500.0,148600.0,541513.0,삼성물산,028260
