날짜,종가,전일비,시가,고가,저가,거래량,회사명,종목코드
2020-03-13,152000.0,"하락  6,000",144000.0,155000.0,143500.0,390416.0,삼성에스디에스,018260
2020-03-16,148500.0,"하락  3,500",153000.0,156000.0,148500.0,144413.0,삼성에스디에스,018260
2020-03-17,143000.0,"하락  5,500",142000.0,149500.0,141500.0,200410.0,삼성에스디에스,018260
2020-03-18,141000.0,"하락  2,000",146000.0,151500.0,141000.0,221415.0,삼성에스디에스,018260
2020-03-19,139000.0,"하락  2,000",144500.0,147500.0,132500.0,312816.0,삼성에스디에스,018260
2020-03-20,145000.0,"상승  6,000",141500.0,145000.0,137500.0,243413.0,삼성에스디에스,018260
2020-03-23,137000.0,"하락  8,000",135500.0,140000.0,133500.0,196608.0,삼성에스디에스,018260
2020-03-24,146000.0,"상승  9,000",141000.0,146000.0,137000.0,201754.0,삼성에스디에스,018260
2020-03-25,148500.0,"상승  2,500",150000.0,152500.0,144500.0,280289.0,삼성에스디에스,018260
2020-03-26,143500.0,"하락  5,000",147000.0,149000.0,143000.0,287659.0,삼성에스디에스,018260
2020-03-27,146000.0,"상승  2,500",149000.0,149500.0,141500.0,231557.0,삼성에스디에스,018260
2020-03-30,151500.0,"상승  5,500",144500.0,151500.0,141000.0,180056.0,삼성에스디에스,018260
2020-03-31,149500.0,"하락  2,000",151500.0,154000.0,146500.0,219481.0,삼성에스디에스,018260
2020-04-01,141000.0,"하락  8,500",147000.0,149000.0,141000.0,181130.0,삼성에스디에스,018260
2020-04-02,144000.0,"상승  3,000",142500.0,146500.0,141000.0,174997.0,삼성에스디에스,018260
2020-04-03,144500.0,상승  500,144000.0,147000.0,143000.0,145263.0,삼성에스디에스,018260
2020-04-06,154500.0,"상승  10,000",147500.0,157000.0,147000.0,261338.0,삼성에스디에스,018260
2020-04-07,156500.0,"상승  2,000",158000.0,161500.0,153000.0,236291.0,삼성에스디에스,018260
2020-04-08,156500.0,보합0,156500.0,160500.0,156000.0,245426.0,삼성에스디에스,018260
2020-04-09,156500.0,보합0,159500.0,161500.0,156000.0,193007.0,삼성에스디에스,018260
2020-04-10,157500.0,"상승  1,000",155500.0,159000.0,154500.0,207611.0,삼성에스디에스,018260
2020-04-13,152000.0,"하락  5,500",158000.0,158000.0,152000.0,133761.0,삼성에스디에스,018260
2020-04-14,157000.0,"상승  5,000",154000.0,157000.0,153000.0,126808.0,삼성에스디에스,018260
2020-04-16,158000.0,"상승  1,000",155000.0,160500.0,154500.0,235171.0,삼성에스디에스,018260
2020-04-17,164000.0,"상승  6,000",161000.0,168000.0,160500.0,282748.0,삼성에스디에스,018260
2020-04-20,166000.0,"상승  2,000",165500.0,172000.0,165000.0,241786.0,삼성에스디에스,018260
2020-04-21,165500.0,하락  500,165500.0,170500.0,161000.0,301031.0,삼성에스디에스,018260
2020-04-22,166000.0,상승  500,162500.0,166000.0,161000.0,169970.0,삼성에스디에스,018260
2020-04-23,163000.0,"하락  3,000",166000.0,167000.0,162500.0,251703.0,삼성에스디에스,018260
2020-04-24,157000.0,"하락  6,000",160500.0,161500.0,156000.0,311307.0,삼성에스디에스,018260
2020-04-27,159000.0,"상승  2,000",158000.0,160500.0,157000.0,142818.0,삼성에스디에스,018260
2020-04-28,158500.0,하락  500,159500.0,162500.0,158000.0,162185.0,삼성에스디에스,018260
2020-04-29,162500.0,"상승  4,000",160000.0,163000.0,158500.0,171119.0,삼성에스디에스,018260
2020-05-04,156500.0,"하락  6,000",158500.0,159000.0,156500.0,189459.0,삼성에스디에스,018260
2020-05-06,162000.0,"상승  5,500",158500.0,165000.0,157500.0,212012.0,삼성에스디에스,018260
2020-05-07,177000.0,"상승  15,000",163500.0,179000.0,163000.0,742642.0,삼성에스디에스,018260
2020-05-08,176000.0,"하락  1,000",178000.0,182500.0,175500.0,402480.0,삼성에스디에스,018260
2020-05-11,180500.0,"상승  4,500",179500.0,184500.0,178500.0,415735.0,삼성에스디에스,018260
2020-05-12,176000.0,"하락  4,500",181000.0,183000.0,172500.0,356029.0,삼성에스디에스,018260
2020-05-13,179000.0,"상승  3,000",172000.0,181000.0,171000.0,307821.0,삼성에스디에스,018260
2020-05-14,174500.0,"하락  4,500",177000.0,179500.0,173500.0,242885.0,삼성에스디에스,018260
2020-05-15,175000.0,상승  500,176500.0,176500.0,172000.0,161437.0,삼성에스디에스,018260
2020-05-18,172000.0,"하락  3,000",175500.0,176000.0,170500.0,176116.0,삼성에스디에스,018260
2020-05-19,175000.0,"상승  3,000",176000.0,177000.0,172500.0,192010.0,삼성에스디에스,018260
2020-05-20,178000.0,"상승  3,000",174500.0,179500.0,174000.0,163022.0,삼성에스디에스,018260
2020-05-21,177500.0,하락  500,180000.0,180000.0,175500.0,191223.0,삼성에스디에스,018260
2020-05-22,174500.0,"하락  3,000",177500.0,177500.0,172000.0,156223.0,삼성에스디에스,018260
2020-05-25,186000.0,"상승  11,500",176000.0,186500.0,172000.0,396017.0,삼성에스디에스,018260
2020-05-26,188000.0,"상승  2,000",186500.0,189000.0,184500.0,287313.0,삼성에스디에스,018260
2020-05-27,185500.0,"하락  2,500",186500.0,189000.0,184000.0,174337.0,삼성에스디에스,018260
2020-05-28,187000.0,"상승  1,500",185000.0,195000.0,184500.0,399335.0,삼성에스디에스,018260
2020-05-29,190500.0,"상승  3,500",188000.0,191500.0,184500.0,279814.0,삼성에스디에스,018260
2020-06-01,191000.0,상승  500,189500.0,191500.0,188500.0,143373.0,삼성에스디에스,018260
2020-06-02,190000.0,"하락  1,000",190000.0,193000.0,189000.0,152425.0,삼성에스디에스,018260
2020-06-03,186500.0,"하락  3,500",192000.0,192500.0,186000.0,253698.0,삼성에스디에스,018260
2020-06-04,182500.0,"하락  4,000",186500.0,188000.0,181000.0,368896.0,삼성에스디에스,018260
2020-06-05,184500.0,"상승  2,000",182500.0,184500.0,179000.0,246845.0,삼성에스디에스,018260
2020-06-08,183000.0,"하락  1,500",186000.0,186500.0,181500.0,166187.0,삼성에스디에스,018260
2020-06-09,183500.0,상승  500,186000.0,186000.0,181500.0,166217.0,삼성에스디에스,018260
2020-06-10,187500.0,"상승  4,000",183000.0,188000.0,182500.0,233945.0,삼성에스디에스,018260
2020-06-11,185500.0,"하락  2,000",186000.0,187000.0,182000.0,236230.0,삼성에스디에스,018260
2020-06-12,179000.0,"하락  6,500",178500.0,180000.0,177000.0,214351.0,삼성에스디에스,018260
2020-06-15,169500.0,"하락  9,500",177500.0,182000.0,169500.0,258685.0,삼성에스디에스,018260
2020-06-16,180500.0,"상승  11,000",174000.0,180500.0,173000.0,194884.0,삼성에스디에스,018260
2020-06-17,180500.0,보합0,179000.0,181500.0,177000.0,150778.0,삼성에스디에스,018260
2020-06-18,177000.0,"하락  3,500",178000.0,179500.0,176500.0,115936.0,삼성에스디에스,018260
2020-06-19,177000.0,보합0,179500.0,179500.0,175000.0,129746.0,삼성에스디에스,018260
2020-06-22,176000.0,"하락  1,000",175000.0,179500.0,174500.0,113788.0,삼성에스디에스,018260
2020-06-23,177500.0,"상승  1,500",177500.0,181500.0,175000.0,180341.0,삼성에스디에스,018260
2020-06-24,179000.0,"상승  1,500",178500.0,180500.0,177000.0,122032.0,삼성에스디에스,018260
2020-06-25,174000.0,"하락  5,000",175000.0,177500.0,174000.0,138774.0,삼성에스디에스,018260
2020-06-26,174000.0,보합0,176000.0,176000.0,172000.0,110691.0,삼성에스디에스,018260
2020-06-29,169000.0,"하락  5,000",171000.0,174000.0,168500.0,117760.0,삼성에스디에스,018260
2020-06-30,168500.0,하락  500,171000.0,171000.0,168500.0,135221.0,삼성에스디에스,018260
2020-07-01,171000.0,"상승  2,500",170500.0,173000.0,169000.0,98329.0,삼성에스디에스,018260
2020-07-02,176500.0,"상승  5,500",172500.0,177500.0,171500.0,119195.0,삼성에스디에스,018260
2020-07-03,177500.0,"상승  1,000",176500.0,178500.0,175000.0,91334.0,삼성에스디에스,018260
2020-07-06,178000.0,상승  500,179000.0,179000.0,175500.0,97063.0,삼성에스디에스,018260
2020-07-07,177000.0,"하락  1,000",179500.0,180000.0,176500.0,105224.0,삼성에스디에스,018260
2020-07-08,178000.0,"상승  1,000",177500.0,180500.0,177000.0,122050.0,삼성에스디에스,018260
2020-07-09,177500.0,하락  500,180000.0,180000.0,175500.0,138180.0,삼성에스디에스,018260
2020-07-10,179000.0,"상승  1,500",178000.0,179500.0,175500.0,126125.0,삼성에스디에스,018260
2020-07-13,183500.0,"상승  4,500",180000.0,184000.0,177500.0,183988.0,삼성에스디에스,018260
2020-07-14,184500.0,"상승  1,000",182500.0,185000.0,181500.0,109193.0,삼성에스디에스,018260
2020-07-15,183000.0,"하락  1,500",186000.0,187500.0,182500.0,127883.0,삼성에스디에스,018260
2020-07-16,179000.0,"하락  4,000",183000.0,183500.0,177000.0,120077.0,삼성에스디에스,018260
2020-07-17,180500.0,"상승  1,500",179000.0,182500.0,178500.0,100801.0,삼성에스디에스,018260
2020-07-20,180500.0,보합0,181000.0,181000.0,176000.0,116724.0,삼성에스디에스,018260
2020-07-21,180000.0,하락  500,180000.0,181000.0,178500.0,90356.0,삼성에스디에스,018260
2020-07-22,177500.0,"하락  2,500",179000.0,180000.0,177000.0,99321.0,삼성에스디에스,018260
2020-07-23,173500.0,"하락  4,000",177000.0,177000.0,173500.0,145642.0,삼성에스디에스,018260
2020-07-24,170500.0,"하락  3,000",172000.0,173500.0,170500.0,120908.0,삼성에스디에스,018260
2020-07-27,173500.0,"상승  3,000",171000.0,176500.0,171000.0,99521.0,삼성에스디에스,018260
2020-07-28,174000.0,상승  500,175000.0,176000.0,173500.0,112175.0,삼성에스디에스,018260
2020-07-29,171500.0,"하락  2,500",172500.0,174000.0,171000.0,96495.0,삼성에스디에스,018260
2020-07-30,169500.0,"하락  2,000",171500.0,173000.0,169500.0,147496.0,삼성에스디에스,018260
2020-07-31,166500.0,"하락  3,000",170000.0,171000.0,166500.0,216569.0,삼성에스디에스,018260
2020-08-03,167000.0,상승  500,168000.0,168500.0,166500.0,115256.0,삼성에스디에스,018260
2020-08-04,167500.0,상승  500,167500.0,170000.0,167000.0,125955.0,삼성에스디에스,018260
2020-08-05,167500.0,보합0,168000.0,169500.0,167000.0,165661.0,삼성에스디에스,018260
2020-08-06,169500.0,"상승  2,000",169000.0,171500.0,168500.0,157527.0,삼성에스디에스,018260
2020-08-07,167000.0,"하락  2,500",170000.0,170500.0,166000.0,185711.0,삼성에스디에스,018260
2020-08-10,164500.0,"하락  2,500",166000.0,166500.0,164000.0,194407.0,삼성에스디에스,018260
2020-08-11,165500.0,"상승  1,000",165000.0,167000.0,164000.0,208479.0,삼성에스디에스,018260
2020-08-12,172500.0,"상승  7,000",165500.0,172500.0,165000.0,291858.0,삼성에스디에스,018260
2020-08-13,170000.0,"하락  2,500",172500.0,173500.0,168000.0,243932.0,삼성에스디에스,018260
2020-08-14,169000.0,"하락  1,000",170500.0,172000.0,167500.0,153695.0,삼성에스디에스,018260
2020-08-18,167000.0,"하락  2,000",169500.0,171500.0,166500.0,225888.0,삼성에스디에스,018260
2020-08-19,166000.0,"하락  1,000",168000.0,168000.0,166000.0,93726.0,삼성에스디에스,018260
2020-08-20,159000.0,"하락  7,000",165000.0,165500.0,159000.0,198717.0,삼성에스디에스,018260
2020-08-21,158000.0,"하락  1,000",159500.0,160500.0,155500.0,175466.0,삼성에스디에스,018260
2020-08-24,159500.0,"상승  1,500",158500.0,161500.0,157000.0,139510.0,삼성에스디에스,018260
2020-08-25,161500.0,"상승  2,000",160500.0,161500.0,158500.0,134536.0,삼성에스디에스,018260
2020-08-26,159500.0,"하락  2,000",161500.0,163000.0,158500.0,132530.0,삼성에스디에스,018260
2020-08-27,159000.0,하락  500,161500.0,163000.0,159000.0,157082.0,삼성에스디에스,018260
2020-08-28,158500.0,하락  500,159500.0,160500.0,158000.0,129999.0,삼성에스디에스,018260
2020-08-31,157500.0,"하락  1,000",160000.0,163000.0,157500.0,274563.0,삼성에스디에스,018260
2020-09-01,159000.0,"상승  1,500",157500.0,160000.0,157000.0,112178.0,삼성에스디에스,018260
2020-09-02,161500.0,"상승  2,500",159500.0,161500.0,159000.0,110943.0,삼성에스디에스,018260
2020-09-03,159500.0,"하락  2,000",161500.0,161500.0,159500.0,106519.0,삼성에스디에스,018260
2020-09-04,157000.0,"하락  2,500",155500.0,159000.0,155500.0,152981.0,삼성에스디에스,018260
2020-09-07,158500.0,"상승  1,500",157000.0,159500.0,156000.0,123307.0,삼성에스디에스,018260
2020-09-08,166000.0,"상승  7,500",159000.0,170500.0,159000.0,496328.0,삼성에스디에스,018260
2020-09-09,177000.0,"상승  11,000",164000.0,180000.0,163000.0,952329.0,삼성에스디에스,018260
2020-09-10,174500.0,"하락  2,500",179000.0,181000.0,174000.0,405860.0,삼성에스디에스,018260
2020-09-11,178000.0,"상승  3,500",174000.0,180000.0,173000.0,321298.0,삼성에스디에스,018260
2020-09-14,181000.0,"상승  3,000",182000.0,184500.0,179500.0,226979.0,삼성에스디에스,018260
2020-09-15,180000.0,"하락  1,000",183500.0,187000.0,179500.0,300773.0,삼성에스디에스,018260
2020-09-16,177500.0,"하락  2,500",180000.0,182000.0,176500.0,195595.0,삼성에스디에스,018260
2020-09-17,179000.0,"상승  1,500",179000.0,181500.0,174500.0,246698.0,삼성에스디에스,018260
2020-09-18,181500.0,"상승  2,500",177500.0,182000.0,177500.0,209618.0,삼성에스디에스,018260
2020-09-21,177500.0,"하락  4,000",181500.0,182000.0,176500.0,138749.0,삼성에스디에스,018260
2020-09-22,168000.0,"하락  9,500",175500.0,177000.0,168000.0,216101.0,삼성에스디에스,018260
2020-09-23,165500.0,"하락  2,500",169500.0,170000.0,162500.0,226243.0,삼성에스디에스,018260
2020-09-24,167500.0,"상승  2,000",162500.0,170500.0,161500.0,189991.0,삼성에스디에스,018260
2020-09-25,166500.0,"하락  1,000",170000.0,170000.0,166000.0,83040.0,삼성에스디에스,018260
2020-09-28,171500.0,"상승  5,000",168500.0,172000.0,167000.0,105764.0,삼성에스디에스,018260
2020-09-29,169500.0,"하락  2,000",172500.0,174500.0,169000.0,142180.0,삼성에스디에스,018260
2020-10-05,174500.0,"상승  5,000",171500.0,176000.0,169500.0,145082.0,삼성에스디에스,018260
2020-10-06,172000.0,"하락  2,500",174500.0,175000.0,172000.0,94347.0,삼성에스디에스,018260
2020-10-07,177500.0,"상승  5,500",173000.0,177500.0,171000.0,164042.0,삼성에스디에스,018260
2020-10-08,177000.0,하락  500,179000.0,179000.0,177000.0,167018.0,삼성에스디에스,018260
2020-10-12,176500.0,하락  500,178000.0,179000.0,176000.0,87881.0,삼성에스디에스,018260
2020-10-13,173000.0,"하락  3,500",177000.0,177500.0,173000.0,120254.0,삼성에스디에스,018260
2020-10-14,171000.0,"하락  2,000",172500.0,175000.0,171000.0,116089.0,삼성에스디에스,018260
2020-10-15,167500.0,"하락  3,500",170500.0,171000.0,167500.0,114400.0,삼성에스디에스,018260
2020-10-16,173500.0,"상승  6,000",169500.0,176500.0,169500.0,218194.0,삼성에스디에스,018260
2020-10-19,174000.0,상승  500,174500.0,179000.0,173500.0,163333.0,삼성에스디에스,018260
2020-10-20,176000.0,"상승  2,000",173500.0,176000.0,171500.0,155443.0,삼성에스디에스,018260
2020-10-21,175500.0,하락  500,176000.0,177500.0,174000.0,115693.0,삼성에스디에스,018260
2020-10-22,174000.0,"하락  1,500",174500.0,175500.0,171500.0,117001.0,삼성에스디에스,018260
2020-10-23,172500.0,"하락  1,500",176000.0,176000.0,172500.0,105009.0,삼성에스디에스,018260
2020-10-26,182000.0,"상승  9,500",184000.0,190000.0,179500.0,1128886.0,삼성에스디에스,018260
2020-10-27,181000.0,"하락  1,000",186500.0,186500.0,179000.0,328829.0,삼성에스디에스,018260
2020-10-28,176500.0,"하락  4,500",179500.0,181500.0,175500.0,202957.0,삼성에스디에스,018260
2020-10-29,171000.0,"하락  5,500",172500.0,174000.0,169500.0,236965.0,삼성에스디에스,018260
2020-10-30,168500.0,"하락  2,500",171000.0,175500.0,168500.0,192441.0,삼성에스디에스,018260
2020-11-02,170500.0,"상승  2,000",169000.0,171500.0,168500.0,106914.0,삼성에스디에스,018260
2020-11-03,174000.0,"상승  3,500",171000.0,174500.0,170500.0,102216.0,삼성에스디에스,018260
2020-11-04,174500.0,상승  500,174500.0,176500.0,173500.0,96948.0,삼성에스디에스,018260
2020-11-05,177000.0,"상승  2,500",175500.0,177000.0,174500.0,99353.0,삼성에스디에스,018260
2020-11-06,173000.0,"하락  4,000",177000.0,177500.0,171500.0,176413.0,삼성에스디에스,018260
2020-11-09,175000.0,"상승  2,000",173500.0,176500.0,173000.0,136036.0,삼성에스디에스,018260
2020-11-10,171000.0,"하락  4,000",173500.0,174000.0,170500.0,208757.0,삼성에스디에스,018260
2020-11-11,177000.0,"상승  6,000",171500.0,177000.0,171500.0,239189.0,삼성에스디에스,018260
2020-11-12,175500.0,"하락  1,500",175500.0,178000.0,175000.0,176119.0,삼성에스디에스,018260
2020-11-13,176500.0,"상승  1,000",176000.0,177000.0,174000.0,181471.0,삼성에스디에스,018260
2020-11-16,176500.0,보합0,178000.0,179000.0,176500.0,201983.0,삼성에스디에스,018260
2020-11-17,175500.0,"하락  1,000",176500.0,177500.0,174000.0,211553.0,삼성에스디에스,018260
2020-11-18,178500.0,"상승  3,000",176000.0,182000.0,175500.0,274935.0,삼성에스디에스,018260
2020-11-19,179000.0,상승  500,179000.0,179500.0,176000.0,131789.0,삼성에스디에스,018260
2020-11-20,179500.0,상승  500,178500.0,180000.0,177500.0,115278.0,삼성에스디에스,018260
2020-11-23,178500.0,"하락  1,000",179500.0,180000.0,178000.0,170412.0,삼성에스디에스,018260
2020-11-24,179000.0,상승  500,179000.0,179500.0,178000.0,158980.0,삼성에스디에스,018260
2020-11-25,176000.0,"하락  3,000",178500.0,179000.0,174000.0,304905.0,삼성에스디에스,018260
2020-11-26,175500.0,하락  500,175000.0,175500.0,173000.0,123357.0,삼성에스디에스,018260
2020-11-27,176000.0,상승  500,175500.0,177000.0,174000.0,145968.0,삼성에스디에스,018260
2020-11-30,173000.0,"하락  3,000",175500.0,176000.0,173000.0,306653.0,삼성에스디에스,018260
2020-12-01,174000.0,"상승  1,000",175000.0,175000.0,173000.0,115438.0,삼성에스디에스,018260
2020-12-02,175000.0,"상승  1,000",174500.0,175500.0,173000.0,144906.0,삼성에스디에스,018260
2020-12-03,175500.0,상승  500,175000.0,175500.0,173000.0,151815.0,삼성에스디에스,018260
2020-12-04,174500.0,"하락  1,000",175000.0,175000.0,174000.0,173669.0,삼성에스디에스,018260
2020-12-07,174000.0,하락  500,174500.0,175000.0,172500.0,143727.0,삼성에스디에스,018260
2020-12-08,175000.0,"상승  1,000",175000.0,180000.0,174500.0,351416.0,삼성에스디에스,018260
2020-12-09,175500.0,상승  500,177000.0,177500.0,174000.0,159618.0,삼성에스디에스,018260
2020-12-10,175000.0,하락  500,175000.0,176500.0,173000.0,219259.0,삼성에스디에스,018260
2020-12-11,178000.0,"상승  3,000",175000.0,179500.0,175000.0,270068.0,삼성에스디에스,018260
2020-12-14,180500.0,"상승  2,500",178000.0,183000.0,176500.0,383964.0,삼성에스디에스,018260
2020-12-15,179500.0,"하락  1,000",181500.0,181500.0,178000.0,163160.0,삼성에스디에스,018260
2020-12-16,178500.0,"하락  1,000",181000.0,181500.0,177500.0,187127.0,삼성에스디에스,018260
2020-12-17,177500.0,"하락  1,000",178500.0,179000.0,176000.0,168441.0,삼성에스디에스,018260
2020-12-18,177500.0,보합0,178000.0,179500.0,176500.0,197624.0,삼성에스디에스,018260
2020-12-21,179500.0,"상승  2,000",178500.0,181000.0,177500.0,186085.0,삼성에스디에스,018260
2020-12-22,177500.0,"하락  2,000",178500.0,182000.0,177500.0,220873.0,삼성에스디에스,018260
2020-12-23,178000.0,상승  500,179000.0,179500.0,177000.0,158709.0,삼성에스디에스,018260
2020-12-24,179500.0,"상승  1,500",178500.0,181000.0,178000.0,183945.0,삼성에스디에스,018260
2020-12-28,178000.0,"하락  1,500",179500.0,180000.0,177500.0,188655.0,삼성에스디에스,018260
2020-12-29,177500.0,하락  500,177000.0,178000.0,176000.0,180520.0,삼성에스디에스,018260
2020-12-30,178500.0,"상승  1,000",177500.0,179000.0,176000.0,201145.0,삼성에스디에스,018260
2021-01-04,186000.0,"상승  7,500",179000.0,188000.0,178500.0,542371.0,삼성에스디에스,018260
2021-01-05,212500.0,"상승  26,500",186000.0,219000.0,182000.0,1688082.0,삼성에스디에스,018260
2021-01-06,203000.0,"하락  9,500",216000.0,216500.0,202500.0,1101423.0,삼성에스디에스,018260
2021-01-07,205000.0,"상승  2,000",206000.0,212000.0,203000.0,644160.0,삼성에스디에스,018260
2021-01-08,219500.0,"상승  14,500",209000.0,229500.0,208000.0,1543681.0,삼성에스디에스,018260
2021-01-11,209000.0,"하락  10,500",223000.0,227000.0,205000.0,1085192.0,삼성에스디에스,018260
2021-01-12,206000.0,"하락  3,000",207500.0,208000.0,198000.0,565322.0,삼성에스디에스,018260
2021-01-13,206000.0,보합0,208000.0,208000.0,202500.0,332071.0,삼성에스디에스,018260
2021-01-14,209500.0,"상승  3,500",208500.0,215000.0,207000.0,430198.0,삼성에스디에스,018260
2021-01-15,203500.0,"하락  6,000",210000.0,211500.0,201500.0,320877.0,삼성에스디에스,018260
2021-01-18,197000.0,"하락  6,500",199500.0,206500.0,196000.0,388880.0,삼성에스디에스,018260
2021-01-19,200000.0,"상승  3,000",199500.0,201500.0,197000.0,280818.0,삼성에스디에스,018260
2021-01-20,200000.0,보합0,203000.0,203500.0,197000.0,303155.0,삼성에스디에스,018260
2021-01-21,206500.0,"상승  6,500",201500.0,208500.0,200000.0,349769.0,삼성에스디에스,018260
2021-01-22,202000.0,"하락  4,500",209000.0,209500.0,202000.0,352147.0,삼성에스디에스,018260
2021-01-25,207500.0,"상승  5,500",205000.0,209500.0,204000.0,266858.0,삼성에스디에스,018260
2021-01-26,202500.0,"하락  5,000",209500.0,210000.0,202500.0,275079.0,삼성에스디에스,018260
2021-01-27,212000.0,"상승  9,500",203500.0,214500.0,202000.0,520549.0,삼성에스디에스,018260
2021-01-28,208000.0,"하락  4,000",207000.0,210500.0,202500.0,367161.0,삼성에스디에스,018260
2021-01-29,195500.0,"하락  12,500",209000.0,210500.0,194000.0,501538.0,삼성에스디에스,018260
2021-02-01,194000.0,"하락  1,500",193500.0,198000.0,189000.0,332635.0,삼성에스디에스,018260
2021-02-02,194000.0,보합0,196000.0,200000.0,193000.0,350377.0,삼성에스디에스,018260
2021-02-03,195500.0,"상승  1,500",195500.0,198000.0,194000.0,240736.0,삼성에스디에스,018260
2021-02-04,192000.0,"하락  3,500",196500.0,197000.0,191500.0,230405.0,삼성에스디에스,018260
2021-02-05,194500.0,"상승  2,500",194000.0,196000.0,192000.0,147634.0,삼성에스디에스,018260
2021-02-08,195500.0,"상승  1,000",194500.0,197000.0,194000.0,134259.0,삼성에스디에스,018260
2021-02-09,196000.0,상승  500,196000.0,200000.0,195000.0,198159.0,삼성에스디에스,018260
2021-02-10,194500.0,"하락  1,500",197000.0,197500.0,193500.0,193554.0,삼성에스디에스,018260
2021-02-15,195500.0,"상승  1,000",196000.0,197000.0,194500.0,154862.0,삼성에스디에스,018260
2021-02-16,204000.0,"상승  8,500",197000.0,208500.0,196500.0,490477.0,삼성에스디에스,018260
2021-02-17,203000.0,"하락  1,000",204000.0,204500.0,200500.0,188148.0,삼성에스디에스,018260
2021-02-18,199500.0,"하락  3,500",202500.0,205000.0,199500.0,180975.0,삼성에스디에스,018260
2021-02-19,203000.0,"상승  3,500",199000.0,203000.0,196000.0,203082.0,삼성에스디에스,018260
2021-02-22,200000.0,"하락  3,000",204000.0,205500.0,199500.0,164883.0,삼성에스디에스,018260
2021-02-23,203500.0,"상승  3,500",199000.0,205000.0,197500.0,259426.0,삼성에스디에스,018260
2021-02-24,195500.0,"하락  8,000",205000.0,205500.0,195500.0,278524.0,삼성에스디에스,018260
2021-02-25,200000.0,"상승  4,500",199000.0,201500.0,196000.0,182014.0,삼성에스디에스,018260
2021-02-26,194500.0,"하락  5,500",194500.0,196000.0,192000.0,299391.0,삼성에스디에스,018260
2021-03-02,191500.0,"하락  3,000",198000.0,198000.0,190500.0,178065.0,삼성에스디에스,018260
2021-03-03,192500.0,"상승  1,000",192000.0,192500.0,189000.0,157949.0,삼성에스디에스,018260
2021-03-04,189000.0,"하락  3,500",189500.0,190500.0,187000.0,205475.0,삼성에스디에스,018260
2021-03-05,187500.0,"하락  1,500",187000.0,188500.0,184000.0,153308.0,삼성에스디에스,018260
2021-03-08,187000.0,하락  500,188500.0,189000.0,186500.0,99688.0,삼성에스디에스,018260
2021-03-09,183500.0,"하락  3,500",187500.0,188000.0,179500.0,182483.0,삼성에스디에스,018260
2021-03-10,180500.0,"하락  3,000",185500.0,186000.0,179500.0,128032.0,삼성에스디에스,018260
2021-03-11,184500.0,"상승  4,000",180000.0,185500.0,180000.0,197380.0,삼성에스디에스,018260
2021-03-12,186500.0,"상승  2,000",186000.0,187000.0,185000.0,95366.0,삼성에스디에스,018260
2021-03-15,188000.0,"상승  1,500",186500.0,188500.0,184500.0,105078.0,삼성에스디에스,018260
2021-03-16,190500.0,"상승  2,500",188500.0,193000.0,187500.0,148342.0,삼성에스디에스,018260
2021-03-17,189000.0,"하락  1,500",190500.0,191500.0,187500.0,106640.0,삼성에스디에스,018260
2021-03-18,188000.0,"하락  1,000",191000.0,192000.0,188000.0,90839.0,삼성에스디에스,018260
2021-03-19,186500.0,"하락  1,500",185500.0,188500.0,184500.0,116569.0,삼성에스디에스,018260
2021-03-22,186500.0,보합0,186000.0,188000.0,184500.0,98583.0,삼성에스디에스,018260
2021-03-23,185500.0,"하락  1,000",187500.0,188000.0,185000.0,89918.0,삼성에스디에스,018260
2021-03-24,184500.0,"하락  1,000",184000.0,186000.0,183500.0,91603.0,삼성에스디에스,018260
2021-03-25,184000.0,하락  500,183500.0,185500.0,182500.0,87119.0,삼성에스디에스,018260
2021-03-26,186500.0,"상승  2,500",184500.0,188000.0,183000.0,121544.0,삼성에스디에스,018260
2021-03-29,187500.0,"상승  1,000",187500.0,188000.0,184500.0,110473.0,삼성에스디에스,018260
2021-03-30,195000.0,"상승  7,500",190500.0,196000.0,189000.0,256528.0,삼성에스디에스,018260
2021-03-31,193500.0,"하락  1,500",195500.0,196000.0,192500.0,111256.0,삼성에스디에스,018260
2021-04-01,191000.0,"하락  2,500",193500.0,195000.0,190500.0,93605.0,삼성에스디에스,018260
2021-04-02,190500.0,하락  500,191500.0,193500.0,190000.0,74590.0,삼성에스디에스,018260
2021-04-05,194000.0,"상승  3,500",190500.0,194000.0,189000.0,85924.0,삼성에스디에스,018260
2021-04-06,191000.0,"하락  3,000",194500.0,195000.0,189500.0,102132.0,삼성에스디에스,018260
2021-04-07,190000.0,"하락  1,000",191000.0,192500.0,189000.0,87958.0,삼성에스디에스,018260
2021-04-08,189000.0,"하락  1,000",189000.0,189500.0,188000.0,101245.0,삼성에스디에스,018260
2021-04-09,187500.0,"하락  1,500",190000.0,191000.0,187000.0,107084.0,삼성에스디에스,018260
2021-04-12,186500.0,"하락  1,000",188000.0,188500.0,186000.0,93603.0,삼성에스디에스,018260
2021-04-13,189500.0,"상승  3,000",186500.0,191000.0,186500.0,139429.0,삼성에스디에스,018260
2021-04-14,190500.0,"상승  1,000",190500.0,192000.0,189500.0,125639.0,삼성에스디에스,018260
2021-04-15,189000.0,"하락  1,500",191500.0,191500.0,189000.0,141326.0,삼성에스디에스,018260
2021-04-16,192000.0,"상승  3,000",190000.0,192000.0,189000.0,144193.0,삼성에스디에스,018260
2021-04-19,189500.0,"하락  2,500",191500.0,191500.0,189500.0,142774.0,삼성에스디에스,018260
2021-04-20,189000.0,하락  500,190000.0,190500.0,189000.0,118822.0,삼성에스디에스,018260
2021-04-21,184500.0,"하락  4,500",188500.0,189000.0,184000.0,214189.0,삼성에스디에스,018260
2021-04-22,187500.0,"상승  3,000",186000.0,189000.0,185000.0,175136.0,삼성에스디에스,018260
2021-04-23,193000.0,"상승  5,500",188000.0,197000.0,186000.0,333943.0,삼성에스디에스,018260
2021-04-26,193500.0,상승  500,195000.0,197500.0,191500.0,202048.0,삼성에스디에스,018260
2021-04-27,188000.0,"하락  5,500",193500.0,193500.0,187500.0,235000.0,삼성에스디에스,018260
2021-04-28,186500.0,"하락  1,500",188500.0,190000.0,185500.0,167439.0,삼성에스디에스,018260
2021-04-29,184500.0,"하락  2,000",186000.0,188000.0,184500.0,142358.0,삼성에스디에스,018260
2021-04-30,183000.0,"하락  1,500",185000.0,185500.0,181500.0,191267.0,삼성에스디에스,018260
2021-05-03,181500.0,"하락  1,500",184000.0,185000.0,181500.0,117711.0,삼성에스디에스,018260
2021-05-04,181000.0,하락  500,181500.0,183500.0,178500.0,135279.0,삼성에스디에스,018260
2021-05-06,180000.0,"하락  1,000",181500.0,182500.0,179000.0,171803.0,삼성에스디에스,018260
2021-05-07,183000.0,"상승  3,000",181000.0,184000.0,180500.0,118522.0,삼성에스디에스,018260
2021-05-10,184500.0,"상승  1,500",184000.0,185500.0,182500.0,130462.0,삼성에스디에스,018260
2021-05-11,180000.0,"하락  4,500",183500.0,184000.0,179500.0,216445.0,삼성에스디에스,018260
2021-05-12,178000.0,"하락  2,000",180000.0,181000.0,177000.0,184553.0,삼성에스디에스,018260
2021-05-13,175500.0,"하락  2,500",175000.0,177000.0,174500.0,207220.0,삼성에스디에스,018260
2021-05-14,180500.0,"상승  5,000",176000.0,181000.0,176000.0,131597.0,삼성에스디에스,018260
2021-05-17,179500.0,"하락  1,000",181000.0,181500.0,177500.0,90119.0,삼성에스디에스,018260
2021-05-18,180500.0,"상승  1,000",180000.0,181000.0,179500.0,87296.0,삼성에스디에스,018260
2021-05-20,181000.0,상승  500,178000.0,181000.0,177500.0,108137.0,삼성에스디에스,018260
2021-05-21,180000.0,"하락  1,000",181500.0,182500.0,179000.0,92688.0,삼성에스디에스,018260
2021-05-24,179500.0,하락  500,180000.0,181500.0,178500.0,80998.0,삼성에스디에스,018260
2021-05-25,182000.0,"상승  2,500",179500.0,182000.0,179500.0,110396.0,삼성에스디에스,018260
2021-05-26,179500.0,"하락  2,500",181000.0,182000.0,179000.0,104391.0,삼성에스디에스,018260
2021-05-27,181500.0,"상승  2,000",179500.0,181500.0,178500.0,214465.0,삼성에스디에스,018260
2021-05-28,181500.0,보합0,181500.0,182000.0,180000.0,84168.0,삼성에스디에스,018260
2021-05-31,181500.0,보합0,182000.0,182500.0,180000.0,86823.0,삼성에스디에스,018260
2021-06-01,187500.0,"상승  6,000",182000.0,188000.0,181500.0,265430.0,삼성에스디에스,018260
2021-06-02,185500.0,"하락  2,000",187500.0,187500.0,184000.0,161222.0,삼성에스디에스,018260
2021-06-03,185500.0,보합0,185500.0,187500.0,184500.0,123324.0,삼성에스디에스,018260
2021-06-04,186000.0,상승  500,184500.0,186500.0,182500.0,119416.0,삼성에스디에스,018260
2021-06-07,188500.0,"상승  2,500",187500.0,190000.0,186000.0,209939.0,삼성에스디에스,018260
2021-06-08,187500.0,"하락  1,000",188500.0,190000.0,187000.0,109380.0,삼성에스디에스,018260
2021-06-09,186000.0,"하락  1,500",186500.0,187500.0,185000.0,110033.0,삼성에스디에스,018260
2021-06-10,188000.0,"상승  2,000",185500.0,188500.0,185000.0,160967.0,삼성에스디에스,018260
2021-06-11,187500.0,하락  500,188500.0,189500.0,186500.0,91723.0,삼성에스디에스,018260
2021-06-14,187500.0,보합0,187000.0,188000.0,185000.0,79950.0,삼성에스디에스,018260
2021-06-15,189500.0,"상승  2,000",188500.0,191000.0,187000.0,161759.0,삼성에스디에스,018260
2021-06-16,191000.0,"상승  1,500",189000.0,194000.0,188000.0,195201.0,삼성에스디에스,018260
2021-06-17,187500.0,"하락  3,500",189500.0,190000.0,187000.0,136446.0,삼성에스디에스,018260
2021-06-18,186000.0,"하락  1,500",187500.0,189000.0,186000.0,124938.0,삼성에스디에스,018260
2021-06-21,184500.0,"하락  1,500",185000.0,186500.0,184000.0,127959.0,삼성에스디에스,018260
2021-06-22,183500.0,"하락  1,000",185000.0,186000.0,183500.0,89400.0,삼성에스디에스,018260
2021-06-23,185000.0,"상승  1,500",184000.0,186500.0,183500.0,97365.0,삼성에스디에스,018260
2021-06-24,187000.0,"상승  2,000",185000.0,187500.0,183500.0,120582.0,삼성에스디에스,018260
2021-06-25,186000.0,"하락  1,000",187500.0,188000.0,186000.0,109896.0,삼성에스디에스,018260
2021-06-28,186000.0,보합0,186000.0,186500.0,185000.0,56800.0,삼성에스디에스,018260
2021-06-29,185500.0,하락  500,185500.0,187000.0,184000.0,89639.0,삼성에스디에스,018260
2021-06-30,185000.0,하락  500,185500.0,186500.0,184500.0,85965.0,삼성에스디에스,018260
2021-07-01,186000.0,"상승  1,000",184500.0,186000.0,183500.0,84269.0,삼성에스디에스,018260
2021-07-02,186000.0,보합0,186000.0,186500.0,185000.0,66114.0,삼성에스디에스,018260
2021-07-05,186500.0,상승  500,186000.0,186500.0,185500.0,63275.0,삼성에스디에스,018260
2021-07-06,189000.0,"상승  2,500",186500.0,191000.0,186500.0,162854.0,삼성에스디에스,018260
2021-07-07,187500.0,"하락  1,500",189500.0,191500.0,187500.0,108386.0,삼성에스디에스,018260
2021-07-08,184000.0,"하락  3,500",187000.0,189000.0,184000.0,142206.0,삼성에스디에스,018260
2021-07-09,182000.0,"하락  2,000",182000.0,183500.0,179500.0,181142.0,삼성에스디에스,018260
2021-07-12,184000.0,"상승  2,000",183000.0,185000.0,182000.0,83495.0,삼성에스디에스,018260
2021-07-13,187000.0,"상승  3,000",184000.0,188000.0,184000.0,95486.0,삼성에스디에스,018260
2021-07-14,186500.0,하락  500,187000.0,187500.0,185000.0,72774.0,삼성에스디에스,018260
2021-07-15,186500.0,보합0,187500.0,188000.0,185500.0,103258.0,삼성에스디에스,018260
2021-07-16,185500.0,"하락  1,000",185000.0,185500.0,183500.0,96269.0,삼성에스디에스,018260
2021-07-19,183500.0,"하락  2,000",184000.0,184500.0,182500.0,64343.0,삼성에스디에스,018260
2021-07-20,182500.0,"하락  1,000",181000.0,185000.0,181000.0,101892.0,삼성에스디에스,018260
2021-07-21,181500.0,"하락  1,000",183000.0,183500.0,181500.0,72965.0,삼성에스디에스,018260
2021-07-22,185000.0,"상승  3,500",182500.0,185000.0,182000.0,82136.0,삼성에스디에스,018260
2021-07-23,185000.0,보합0,185500.0,187000.0,185000.0,78851.0,삼성에스디에스,018260
2021-07-26,184500.0,하락  500,185500.0,186500.0,184500.0,91277.0,삼성에스디에스,018260
2021-07-27,185000.0,상승  500,186000.0,187000.0,184000.0,101199.0,삼성에스디에스,018260
2021-07-28,182500.0,"하락  2,500",184000.0,184500.0,181500.0,120862.0,삼성에스디에스,018260
2021-07-29,185000.0,"상승  2,500",183000.0,185500.0,183000.0,86650.0,삼성에스디에스,018260
2021-07-30,182500.0,"하락  2,500",184000.0,185000.0,182000.0,100052.0,삼성에스디에스,018260
2021-08-02,185500.0,"상승  3,000",183500.0,185500.0,181500.0,93973.0,삼성에스디에스,018260
2021-08-03,185000.0,하락  500,184500.0,185500.0,182000.0,100578.0,삼성에스디에스,018260
2021-08-04,188500.0,"상승  3,500",185000.0,188500.0,184000.0,172325.0,삼성에스디에스,018260
2021-08-05,187500.0,"하락  1,000",188500.0,189500.0,187000.0,132664.0,삼성에스디에스,018260
2021-08-06,187000.0,하락  500,188000.0,189000.0,186500.0,73736.0,삼성에스디에스,018260
2021-08-09,187000.0,보합0,187000.0,188000.0,185000.0,93336.0,삼성에스디에스,018260
2021-08-10,182500.0,"하락  4,500",188500.0,188500.0,182000.0,202040.0,삼성에스디에스,018260
2021-08-11,180000.0,"하락  2,500",182500.0,182500.0,179000.0,210129.0,삼성에스디에스,018260
2021-08-12,179000.0,"하락  1,000",180500.0,181000.0,177500.0,150125.0,삼성에스디에스,018260
2021-08-13,175500.0,"하락  3,500",179000.0,180500.0,175000.0,134484.0,삼성에스디에스,018260
2021-08-17,174500.0,"하락  1,000",176000.0,177000.0,173500.0,132457.0,삼성에스디에스,018260
2021-08-18,174500.0,보합0,173500.0,176500.0,173500.0,71556.0,삼성에스디에스,018260
2021-08-19,169500.0,"하락  5,000",174000.0,174500.0,169000.0,168059.0,삼성에스디에스,018260
2021-08-20,166000.0,"하락  3,500",170500.0,171000.0,166000.0,153844.0,삼성에스디에스,018260
2021-08-23,169000.0,"상승  3,000",168000.0,171500.0,167000.0,97813.0,삼성에스디에스,018260
2021-08-24,171500.0,"상승  2,500",170000.0,173000.0,170000.0,98235.0,삼성에스디에스,018260
2021-08-25,172000.0,상승  500,172000.0,173500.0,170500.0,81312.0,삼성에스디에스,018260
2021-08-26,169000.0,"하락  3,000",172000.0,173000.0,169000.0,87241.0,삼성에스디에스,018260
2021-08-27,170500.0,"상승  1,500",169000.0,172500.0,167500.0,82895.0,삼성에스디에스,018260
2021-08-30,169500.0,"하락  1,000",172000.0,173000.0,168000.0,107496.0,삼성에스디에스,018260
2021-08-31,172500.0,"상승  3,000",169500.0,172500.0,168000.0,136340.0,삼성에스디에스,018260
2021-09-01,172500.0,보합0,171000.0,173500.0,170500.0,85174.0,삼성에스디에스,018260
2021-09-02,170000.0,"하락  2,500",171500.0,172500.0,169500.0,105067.0,삼성에스디에스,018260
2021-09-03,171500.0,"상승  1,500",171000.0,173000.0,170000.0,76662.0,삼성에스디에스,018260
2021-09-06,172500.0,"상승  1,000",171500.0,172500.0,171000.0,51484.0,삼성에스디에스,018260
2021-09-07,171500.0,"하락  1,000",172500.0,173000.0,170500.0,51081.0,삼성에스디에스,018260
2021-09-08,170000.0,"하락  1,500",170500.0,171500.0,169500.0,74038.0,삼성에스디에스,018260
2021-09-09,167000.0,"하락  3,000",169000.0,169500.0,167000.0,141792.0,삼성에스디에스,018260
2021-09-10,168000.0,"상승  1,000",167500.0,169000.0,167000.0,90833.0,삼성에스디에스,018260
2021-09-13,167500.0,하락  500,167000.0,169000.0,166000.0,85398.0,삼성에스디에스,018260
2021-09-14,168000.0,상승  500,168000.0,169000.0,167500.0,108307.0,삼성에스디에스,018260
2021-09-15,169500.0,"상승  1,500",167000.0,169500.0,167000.0,73199.0,삼성에스디에스,018260
2021-09-16,167000.0,"하락  2,500",169000.0,169500.0,167000.0,95167.0,삼성에스디에스,018260
2021-09-17,168000.0,"상승  1,000",167000.0,168000.0,166000.0,110673.0,삼성에스디에스,018260
2021-09-23,165500.0,"하락  2,500",166500.0,166500.0,164000.0,138104.0,삼성에스디에스,018260
2021-09-24,164000.0,"하락  1,500",165000.0,165500.0,163500.0,120277.0,삼성에스디에스,018260
2021-09-27,164500.0,상승  500,163500.0,165500.0,163000.0,65177.0,삼성에스디에스,018260
2021-09-28,160500.0,"하락  4,000",164500.0,165000.0,160500.0,142679.0,삼성에스디에스,018260
2021-09-29,160500.0,보합0,158500.0,161000.0,158000.0,111429.0,삼성에스디에스,018260
2021-09-30,160500.0,보합0,159000.0,161500.0,158500.0,111310.0,삼성에스디에스,018260
2021-10-01,158000.0,"하락  2,500",159000.0,161000.0,157500.0,88005.0,삼성에스디에스,018260
2021-10-05,156500.0,"하락  1,500",156000.0,159000.0,154000.0,137075.0,삼성에스디에스,018260
2021-10-06,157500.0,"상승  1,000",157500.0,159000.0,155500.0,113422.0,삼성에스디에스,018260
2021-10-07,158500.0,"상승  1,000",159000.0,162000.0,158500.0,81305.0,삼성에스디에스,018260
2021-10-08,160500.0,"상승  2,000",158500.0,161000.0,157000.0,88372.0,삼성에스디에스,018260
2021-10-12,150000.0,"하락  10,500",156000.0,156500.0,148000.0,386317.0,삼성에스디에스,018260
2021-10-13,153000.0,"상승  3,000",149000.0,153500.0,148000.0,113521.0,삼성에스디에스,018260
2021-10-14,156000.0,"상승  3,000",154000.0,156000.0,152500.0,88220.0,삼성에스디에스,018260
2021-10-15,157500.0,"상승  1,500",156500.0,158500.0,156000.0,82161.0,삼성에스디에스,018260
2021-10-18,158500.0,"상승  1,000",157500.0,159500.0,156500.0,90404.0,삼성에스디에스,018260
2021-10-19,158500.0,보합0,159500.0,160000.0,158500.0,53414.0,삼성에스디에스,018260
2021-10-20,155500.0,"하락  3,000",158000.0,158500.0,155500.0,84675.0,삼성에스디에스,018260
2021-10-21,157000.0,"상승  1,500",154500.0,157000.0,154500.0,88567.0,삼성에스디에스,018260
2021-10-22,155500.0,"하락  1,500",155500.0,158000.0,155000.0,59244.0,삼성에스디에스,018260
2021-10-25,157000.0,"상승  1,500",154500.0,158000.0,154000.0,52317.0,삼성에스디에스,018260
2021-10-26,157000.0,보합0,158500.0,158500.0,156500.0,71952.0,삼성에스디에스,018260
2021-10-27,160000.0,"상승  3,000",157500.0,162000.0,157000.0,123278.0,삼성에스디에스,018260
2021-10-28,155000.0,"하락  5,000",159000.0,159000.0,155000.0,117490.0,삼성에스디에스,018260
2021-10-29,153000.0,"하락  2,000",155000.0,156000.0,152000.0,114831.0,삼성에스디에스,018260
2021-11-01,157000.0,"상승  4,000",153500.0,157500.0,152000.0,84166.0,삼성에스디에스,018260
2021-11-02,159000.0,"상승  2,000",157000.0,161000.0,157000.0,91648.0,삼성에스디에스,018260
2021-11-03,156000.0,"하락  3,000",159500.0,160000.0,155500.0,53914.0,삼성에스디에스,018260
2021-11-04,157000.0,"상승  1,000",157000.0,159500.0,156000.0,66407.0,삼성에스디에스,018260
2021-11-05,157000.0,보합0,158000.0,159000.0,155000.0,60711.0,삼성에스디에스,018260
2021-11-08,157500.0,상승  500,156500.0,158000.0,153500.0,54785.0,삼성에스디에스,018260
2021-11-09,157000.0,하락  500,157000.0,161000.0,156000.0,75662.0,삼성에스디에스,018260
2021-11-10,154000.0,"하락  3,000",155500.0,157500.0,154000.0,62837.0,삼성에스디에스,018260
2021-11-11,153000.0,"하락  1,000",153000.0,154000.0,151000.0,110226.0,삼성에스디에스,018260
2021-11-12,154500.0,"상승  1,500",153000.0,155000.0,153000.0,86364.0,삼성에스디에스,018260
2021-11-15,155000.0,상승  500,154500.0,156500.0,154000.0,62439.0,삼성에스디에스,018260
2021-11-16,159500.0,"상승  4,500",154500.0,160500.0,154000.0,108473.0,삼성에스디에스,018260
2021-11-17,155000.0,"하락  4,500",158500.0,160000.0,154500.0,102726.0,삼성에스디에스,018260
2021-11-18,152500.0,"하락  2,500",154000.0,155000.0,152500.0,90853.0,삼성에스디에스,018260
2021-11-19,154500.0,"상승  2,000",153500.0,156000.0,152500.0,85302.0,삼성에스디에스,018260
2021-11-22,157000.0,"상승  2,500",154500.0,158000.0,154000.0,172747.0,삼성에스디에스,018260
2021-11-23,154000.0,"하락  3,000",155000.0,156000.0,154000.0,78144.0,삼성에스디에스,018260
2021-11-24,155000.0,"상승  1,000",154000.0,156500.0,153000.0,71188.0,삼성에스디에스,018260
2021-11-25,154000.0,"하락  1,000",154000.0,155000.0,153500.0,53479.0,삼성에스디에스,018260
2021-11-26,150000.0,"하락  4,000",153000.0,154000.0,149000.0,123815.0,삼성에스디에스,018260
2021-11-29,147500.0,"하락  2,500",147000.0,150500.0,146500.0,94722.0,삼성에스디에스,018260
2021-11-30,143500.0,"하락  4,000",148000.0,150500.0,142500.0,249077.0,삼성에스디에스,018260
2021-12-01,147500.0,"상승  4,000",144000.0,149500.0,143500.0,109850.0,삼성에스디에스,018260
2021-12-02,152500.0,"상승  5,000",145500.0,153500.0,145000.0,128073.0,삼성에스디에스,018260
2021-12-03,152500.0,보합0,152000.0,154500.0,151000.0,85113.0,삼성에스디에스,018260
2021-12-06,153500.0,"상승  1,000",152000.0,154500.0,150000.0,77370.0,삼성에스디에스,018260
2021-12-07,156000.0,"상승  2,500",152500.0,158000.0,152000.0,134854.0,삼성에스디에스,018260
2021-12-08,157000.0,"상승  1,000",157500.0,160500.0,156000.0,118517.0,삼성에스디에스,018260
2021-12-09,154500.0,"하락  2,500",156000.0,158000.0,154500.0,157910.0,삼성에스디에스,018260
2021-12-10,161500.0,"상승  7,000",154500.0,164000.0,154500.0,270588.0,삼성에스디에스,018260
2021-12-13,158000.0,"하락  3,500",161500.0,163500.0,157500.0,166096.0,삼성에스디에스,018260
2021-12-14,157500.0,하락  500,157500.0,160500.0,157000.0,116763.0,삼성에스디에스,018260
2021-12-15,158000.0,상승  500,156500.0,159000.0,156000.0,63907.0,삼성에스디에스,018260
2021-12-16,158500.0,상승  500,159000.0,159500.0,156500.0,67883.0,삼성에스디에스,018260
2021-12-17,160000.0,"상승  1,500",157500.0,160500.0,157000.0,139782.0,삼성에스디에스,018260
2021-12-20,158000.0,"하락  2,000",159000.0,160000.0,157000.0,71221.0,삼성에스디에스,018260
2021-12-21,160500.0,"상승  2,500",159000.0,162000.0,158000.0,119715.0,삼성에스디에스,018260
2021-12-22,161000.0,상승  500,160500.0,162000.0,160000.0,65965.0,삼성에스디에스,018260
2021-12-23,161000.0,보합0,162000.0,162500.0,160000.0,64299.0,삼성에스디에스,018260
2021-12-24,161000.0,보합0,161000.0,163000.0,160500.0,63809.0,삼성에스디에스,018260
2021-12-27,160000.0,"하락  1,000",161000.0,162000.0,159500.0,73252.0,삼성에스디에스,018260
2021-12-28,161500.0,"상승  1,500",160000.0,162000.0,159000.0,109999.0,삼성에스디에스,018260
2021-12-29,159500.0,"하락  2,000",161000.0,161000.0,158000.0,86352.0,삼성에스디에스,018260
2021-12-30,156500.0,"하락  3,000",159000.0,160000.0,156000.0,105339.0,삼성에스디에스,018260
2022-01-03,156500.0,보합0,156000.0,158000.0,155000.0,79664.0,삼성에스디에스,018260
2022-01-04,156500.0,보합0,156000.0,156500.0,154000.0,88751.0,삼성에스디에스,018260
2022-01-05,153000.0,"하락  3,500",154500.0,156000.0,152000.0,104430.0,삼성에스디에스,018260
2022-01-06,149000.0,"하락  4,000",151500.0,153500.0,148000.0,179429.0,삼성에스디에스,018260
2022-01-07,153000.0,"상승  4,000",148500.0,154000.0,148500.0,116096.0,삼성에스디에스,018260
2022-01-10,152000.0,"하락  1,000",151000.0,153000.0,150000.0,51371.0,삼성에스디에스,018260
2022-01-11,151500.0,하락  500,150500.0,153500.0,150000.0,73513.0,삼성에스디에스,018260
2022-01-12,154000.0,"상승  2,500",151500.0,154500.0,151500.0,87265.0,삼성에스디에스,018260
2022-01-13,153000.0,"하락  1,000",153000.0,155000.0,151000.0,98847.0,삼성에스디에스,018260
2022-01-14,150500.0,"하락  2,500",150500.0,152000.0,149500.0,75586.0,삼성에스디에스,018260
2022-01-17,150000.0,하락  500,150000.0,150500.0,148000.0,74697.0,삼성에스디에스,018260
2022-01-18,147500.0,"하락  2,500",150000.0,151000.0,147000.0,92186.0,삼성에스디에스,018260
2022-01-19,148000.0,상승  500,146500.0,150500.0,146500.0,89231.0,삼성에스디에스,018260
2022-01-20,150500.0,"상승  2,500",150500.0,150500.0,147500.0,75748.0,삼성에스디에스,018260
2022-01-21,150500.0,보합0,148000.0,152000.0,148000.0,92755.0,삼성에스디에스,018260
2022-01-24,150000.0,하락  500,151000.0,151500.0,148500.0,78720.0,삼성에스디에스,018260
2022-01-25,145000.0,"하락  5,000",148000.0,149000.0,144500.0,107036.0,삼성에스디에스,018260
2022-01-26,145500.0,상승  500,144500.0,147000.0,144000.0,80295.0,삼성에스디에스,018260
2022-01-27,138000.0,"하락  7,500",145000.0,146500.0,138000.0,167264.0,삼성에스디에스,018260
2022-01-28,140500.0,"상승  2,500",138500.0,140500.0,135000.0,137669.0,삼성에스디에스,018260
2022-02-03,139500.0,"하락  1,000",141500.0,144500.0,139500.0,108094.0,삼성에스디에스,018260
2022-02-04,140500.0,"상승  1,000",139000.0,141000.0,138500.0,91097.0,삼성에스디에스,018260
2022-02-07,139500.0,"하락  1,000",140000.0,140500.0,137500.0,94681.0,삼성에스디에스,018260
2022-02-08,140000.0,상승  500,140500.0,143500.0,138500.0,179981.0,삼성에스디에스,018260
2022-02-09,141500.0,"상승  1,500",141000.0,142500.0,140500.0,70088.0,삼성에스디에스,018260
2022-02-10,142500.0,"상승  1,000",142000.0,144000.0,141000.0,116066.0,삼성에스디에스,018260
2022-02-11,141000.0,"하락  1,500",141500.0,142000.0,139500.0,83632.0,삼성에스디에스,018260
2022-02-14,137000.0,"하락  4,000",140500.0,141000.0,137000.0,86448.0,삼성에스디에스,018260
2022-02-15,136500.0,하락  500,137000.0,138500.0,135000.0,92396.0,삼성에스디에스,018260
2022-02-16,137000.0,상승  500,138500.0,138500.0,136500.0,104695.0,삼성에스디에스,018260
2022-02-17,138500.0,"상승  1,500",137500.0,140500.0,136500.0,141573.0,삼성에스디에스,018260
2022-02-18,140500.0,"상승  2,000",138000.0,140500.0,137000.0,62398.0,삼성에스디에스,018260
2022-02-21,140500.0,보합0,138000.0,140500.0,137000.0,63461.0,삼성에스디에스,018260
2022-02-22,138500.0,"하락  2,000",138000.0,140000.0,137000.0,94972.0,삼성에스디에스,018260
2022-02-23,140500.0,"상승  2,000",140000.0,141500.0,138500.0,62875.0,삼성에스디에스,018260
2022-02-24,139000.0,"하락  1,500",138500.0,139500.0,137000.0,78912.0,삼성에스디에스,018260
2022-02-25,139000.0,보합0,140000.0,140500.0,138000.0,83513.0,삼성에스디에스,018260
2022-02-28,140000.0,"상승  1,000",138500.0,140000.0,137500.0,86986.0,삼성에스디에스,018260
2022-03-02,139500.0,하락  500,141000.0,142000.0,139500.0,58796.0,삼성에스디에스,018260
2022-03-03,142000.0,"상승  2,500",140500.0,142500.0,140000.0,54178.0,삼성에스디에스,018260
2022-03-04,140000.0,"하락  2,000",142000.0,142000.0,139000.0,59235.0,삼성에스디에스,018260
2022-03-07,136500.0,"하락  3,500",138500.0,139000.0,136000.0,75504.0,삼성에스디에스,018260
2022-03-08,137000.0,상승  500,135000.0,137500.0,135000.0,63048.0,삼성에스디에스,018260
2022-03-10,145000.0,"상승  8,000",140000.0,145000.0,137000.0,196208.0,삼성에스디에스,018260
2022-03-11,139500.0,"하락  5,500",143000.0,143500.0,138500.0,107249.0,삼성에스디에스,018260
2022-03-14,139000.0,하락  500,139500.0,142000.0,137500.0,75751.0,삼성에스디에스,018260
2022-03-15,137500.0,"하락  1,500",138000.0,138500.0,136000.0,66521.0,삼성에스디에스,018260
2022-03-16,140000.0,"상승  2,500",139000.0,140000.0,137000.0,66096.0,삼성에스디에스,018260
2022-03-17,139500.0,하락  500,142000.0,143500.0,139500.0,122322.0,삼성에스디에스,018260
2022-03-18,141500.0,"상승  2,000",139500.0,141500.0,138000.0,134611.0,삼성에스디에스,018260
2022-03-21,140000.0,"하락  1,500",142500.0,142500.0,139000.0,81107.0,삼성에스디에스,018260
2022-03-22,130000.0,"하락  10,000",129000.0,130500.0,127500.0,4972056.0,삼성에스디에스,018260
2022-03-23,133500.0,"상승  3,500",132000.0,135000.0,131000.0,884291.0,삼성에스디에스,018260
2022-03-24,131000.0,"하락  2,500",133000.0,133500.0,130000.0,520352.0,삼성에스디에스,018260
2022-03-25,130500.0,하락  500,131500.0,132000.0,129500.0,356035.0,삼성에스디에스,018260
2022-03-28,132000.0,"상승  1,500",131500.0,132500.0,130000.0,264597.0,삼성에스디에스,018260
2022-03-29,135500.0,"상승  3,500",133000.0,136000.0,132500.0,422596.0,삼성에스디에스,018260
2022-03-30,134500.0,"하락  1,000",136500.0,137000.0,134000.0,219919.0,삼성에스디에스,018260
2022-03-31,138500.0,"상승  4,000",136000.0,140000.0,135000.0,467785.0,삼성에스디에스,018260
2022-04-01,139500.0,"상승  1,000",138500.0,140500.0,137000.0,253968.0,삼성에스디에스,018260
2022-04-04,139000.0,하락  500,139500.0,140500.0,138000.0,169220.0,삼성에스디에스,018260
2022-04-05,140000.0,"상승  1,000",140000.0,140500.0,138000.0,137786.0,삼성에스디에스,018260
2022-04-06,139000.0,"하락  1,000",138500.0,139500.0,136500.0,177530.0,삼성에스디에스,018260
2022-04-07,136500.0,"하락  2,500",137500.0,138500.0,135500.0,198342.0,삼성에스디에스,018260
2022-04-08,137000.0,상승  500,137000.0,138000.0,135000.0,105463.0,삼성에스디에스,018260
2022-04-11,136500.0,하락  500,136500.0,137500.0,135500.0,83281.0,삼성에스디에스,018260
2022-04-12,136000.0,하락  500,135000.0,136500.0,134500.0,123060.0,삼성에스디에스,018260
2022-04-13,138000.0,"상승  2,000",136000.0,139000.0,135500.0,114021.0,삼성에스디에스,018260
2022-04-14,137500.0,하락  500,138000.0,139000.0,136500.0,143897.0,삼성에스디에스,018260
2022-04-15,137500.0,보합0,137000.0,138500.0,136000.0,109064.0,삼성에스디에스,018260
2022-04-18,137000.0,하락  500,137500.0,138000.0,136500.0,78325.0,삼성에스디에스,018260
2022-04-19,139000.0,"상승  2,000",137500.0,139000.0,137000.0,94518.0,삼성에스디에스,018260
2022-04-20,139000.0,보합0,139000.0,140000.0,137500.0,123596.0,삼성에스디에스,018260
2022-04-21,139500.0,상승  500,140000.0,140500.0,138000.0,121539.0,삼성에스디에스,018260
2022-04-22,139500.0,보합0,138500.0,139500.0,137500.0,102966.0,삼성에스디에스,018260
2022-04-25,137000.0,"하락  2,500",137500.0,138500.0,136500.0,111962.0,삼성에스디에스,018260
2022-04-26,136000.0,"하락  1,000",137500.0,138000.0,136000.0,97403.0,삼성에스디에스,018260
2022-04-27,137000.0,"상승  1,000",133000.0,137500.0,133000.0,144041.0,삼성에스디에스,018260
2022-04-28,147000.0,"상승  10,000",137500.0,148000.0,135500.0,671418.0,삼성에스디에스,018260
2022-04-29,148500.0,"상승  1,500",146000.0,151500.0,145500.0,363545.0,삼성에스디에스,018260
2022-05-02,149000.0,상승  500,147000.0,151000.0,147000.0,147424.0,삼성에스디에스,018260
2022-05-03,147500.0,"하락  1,500",148500.0,149000.0,147000.0,106054.0,삼성에스디에스,018260
2022-05-04,148000.0,상승  500,148000.0,149000.0,146000.0,120640.0,삼성에스디에스,018260
2022-05-06,146500.0,"하락  1,500",146500.0,148500.0,145000.0,131410.0,삼성에스디에스,018260
2022-05-09,145000.0,"하락  1,500",145500.0,147000.0,143500.0,152944.0,삼성에스디에스,018260
2022-05-10,144500.0,하락  500,144500.0,146500.0,142500.0,163842.0,삼성에스디에스,018260
2022-05-11,143000.0,"하락  1,500",144000.0,144500.0,141000.0,113221.0,삼성에스디에스,018260
2022-05-12,140000.0,"하락  3,000",141000.0,143000.0,139500.0,201606.0,삼성에스디에스,018260
2022-05-13,144500.0,"상승  4,500",142000.0,145500.0,141500.0,123380.0,삼성에스디에스,018260
2022-05-16,144000.0,하락  500,145000.0,146500.0,142000.0,124030.0,삼성에스디에스,018260
2022-05-17,145000.0,"상승  1,000",144000.0,146000.0,143500.0,88817.0,삼성에스디에스,018260
2022-05-18,145000.0,보합0,145500.0,146000.0,144000.0,94628.0,삼성에스디에스,018260
2022-05-19,146000.0,"상승  1,000",142500.0,148000.0,141500.0,190296.0,삼성에스디에스,018260
2022-05-20,146500.0,상승  500,146500.0,147500.0,145000.0,108612.0,삼성에스디에스,018260
2022-05-23,147000.0,상승  500,147000.0,147500.0,145500.0,68360.0,삼성에스디에스,018260
2022-05-24,146000.0,"하락  1,000",146500.0,148000.0,145500.0,119831.0,삼성에스디에스,018260
2022-05-25,147000.0,"상승  1,000",146000.0,148500.0,145500.0,80404.0,삼성에스디에스,018260
2022-05-26,147500.0,상승  500,146500.0,148500.0,146000.0,100833.0,삼성에스디에스,018260
2022-05-27,147000.0,하락  500,148500.0,148500.0,145500.0,90180.0,삼성에스디에스,018260
2022-05-30,149000.0,"상승  2,000",147500.0,149500.0,146000.0,104990.0,삼성에스디에스,018260
2022-05-31,148500.0,하락  500,149500.0,150000.0,147000.0,189183.0,삼성에스디에스,018260
2022-06-02,146500.0,"하락  2,000",147000.0,148000.0,145000.0,99991.0,삼성에스디에스,018260
2022-06-03,146500.0,보합0,147500.0,148000.0,144500.0,138068.0,삼성에스디에스,018260
2022-06-07,144000.0,"하락  2,500",145500.0,146000.0,143000.0,109098.0,삼성에스디에스,018260
2022-06-08,144500.0,상승  500,144000.0,145500.0,142500.0,87096.0,삼성에스디에스,018260
2022-06-09,144500.0,보합0,143500.0,144500.0,142500.0,133451.0,삼성에스디에스,018260
2022-06-10,142500.0,"하락  2,000",142500.0,143500.0,141500.0,118797.0,삼성에스디에스,018260
2022-06-13,136500.0,"하락  6,000",139500.0,140500.0,136000.0,177711.0,삼성에스디에스,018260
2022-06-14,137000.0,상승  500,133000.0,138000.0,132500.0,178443.0,삼성에스디에스,018260
2022-06-15,135500.0,"하락  1,500",137000.0,137500.0,134000.0,119190.0,삼성에스디에스,018260
2022-06-16,135000.0,하락  500,136000.0,138500.0,134000.0,110667.0,삼성에스디에스,018260
2022-06-17,136500.0,"상승  1,500",132500.0,137500.0,132500.0,204130.0,삼성에스디에스,018260
2022-06-20,134000.0,"하락  2,500",137000.0,137000.0,132000.0,92948.0,삼성에스디에스,018260
2022-06-21,135500.0,"상승  1,500",135500.0,136500.0,133000.0,96877.0,삼성에스디에스,018260
2022-06-22,130500.0,"하락  5,000",135500.0,136500.0,130000.0,199029.0,삼성에스디에스,018260
2022-06-23,129000.0,"하락  1,500",130500.0,132500.0,128500.0,163567.0,삼성에스디에스,018260
2022-06-24,130500.0,"상승  1,500",129000.0,132000.0,129000.0,99655.0,삼성에스디에스,018260
2022-06-27,133500.0,"상승  3,000",131500.0,134000.0,129500.0,102823.0,삼성에스디에스,018260
2022-06-28,135500.0,"상승  2,000",133000.0,135500.0,131500.0,84606.0,삼성에스디에스,018260
2022-06-29,132000.0,"하락  3,500",133500.0,134500.0,132000.0,75678.0,삼성에스디에스,018260
2022-06-30,130000.0,"하락  2,000",132000.0,132500.0,129000.0,120978.0,삼성에스디에스,018260
2022-07-01,129000.0,"하락  1,000",131500.0,132000.0,127500.0,102501.0,삼성에스디에스,018260
2022-07-04,128500.0,하락  500,129500.0,130500.0,127500.0,93254.0,삼성에스디에스,018260
2022-07-05,130000.0,"상승  1,500",130000.0,132000.0,129000.0,100759.0,삼성에스디에스,018260
2022-07-06,129500.0,하락  500,129500.0,133000.0,128500.0,152204.0,삼성에스디에스,018260
2022-07-07,134000.0,"상승  4,500",132000.0,136000.0,130500.0,188058.0,삼성에스디에스,018260
2022-07-08,132500.0,"하락  1,500",135500.0,136000.0,132500.0,85622.0,삼성에스디에스,018260
2022-07-11,130500.0,"하락  2,000",133500.0,133500.0,130500.0,64521.0,삼성에스디에스,018260
2022-07-12,129000.0,"하락  1,500",130000.0,130500.0,128000.0,88352.0,삼성에스디에스,018260
2022-07-13,133000.0,"상승  4,000",130500.0,133500.0,129000.0,127764.0,삼성에스디에스,018260
2022-07-14,130500.0,"하락  2,500",131000.0,132500.0,130000.0,150666.0,삼성에스디에스,018260
2022-07-15,130500.0,보합0,131000.0,131500.0,127500.0,196314.0,삼성에스디에스,018260
2022-07-18,131500.0,"상승  1,000",131500.0,132000.0,130000.0,69915.0,삼성에스디에스,018260
2022-07-19,132000.0,상승  500,131500.0,133500.0,131000.0,115397.0,삼성에스디에스,018260
2022-07-20,132000.0,보합0,134500.0,135000.0,131500.0,108036.0,삼성에스디에스,018260
2022-07-21,134000.0,"상승  2,000",131500.0,134500.0,131000.0,85528.0,삼성에스디에스,018260
2022-07-22,133500.0,하락  500,133500.0,135500.0,133000.0,79109.0,삼성에스디에스,018260
2022-07-25,135000.0,"상승  1,500",133000.0,135500.0,133000.0,68069.0,삼성에스디에스,018260
2022-07-26,135000.0,보합0,135000.0,135500.0,133500.0,45219.0,삼성에스디에스,018260
2022-07-27,135500.0,상승  500,135000.0,136500.0,134000.0,61491.0,삼성에스디에스,018260
2022-07-28,136000.0,상승  500,136000.0,137000.0,134500.0,135444.0,삼성에스디에스,018260
2022-07-29,136000.0,보합0,136500.0,137500.0,134000.0,157479.0,삼성에스디에스,018260
2022-08-01,133500.0,"하락  2,500",135000.0,136000.0,133000.0,134101.0,삼성에스디에스,018260
2022-08-02,131500.0,"하락  2,000",133500.0,134000.0,131500.0,105076.0,삼성에스디에스,018260
2022-08-03,132500.0,"상승  1,000",132000.0,132500.0,131500.0,77265.0,삼성에스디에스,018260
2022-08-04,132500.0,보합0,133500.0,133500.0,131500.0,107195.0,삼성에스디에스,018260
2022-08-05,133000.0,상승  500,133000.0,134000.0,132500.0,129243.0,삼성에스디에스,018260
2022-08-08,131000.0,"하락  2,000",133000.0,133000.0,130000.0,119745.0,삼성에스디에스,018260
2022-08-09,132000.0,"상승  1,000",130500.0,132000.0,130000.0,89695.0,삼성에스디에스,018260
2022-08-10,129500.0,"하락  2,500",131500.0,132500.0,129500.0,128083.0,삼성에스디에스,018260
2022-08-11,134000.0,"상승  4,500",131500.0,134000.0,130500.0,173809.0,삼성에스디에스,018260
2022-08-12,134000.0,보합0,133500.0,135000.0,132500.0,78004.0,삼성에스디에스,018260
2022-08-16,133500.0,하락  500,134500.0,135500.0,133000.0,99803.0,삼성에스디에스,018260
2022-08-17,134500.0,"상승  1,000",134000.0,136000.0,134000.0,94369.0,삼성에스디에스,018260
2022-08-18,133000.0,"하락  1,500",134500.0,135000.0,132500.0,104410.0,삼성에스디에스,018260
2022-08-19,133500.0,상승  500,133000.0,135000.0,132000.0,86056.0,삼성에스디에스,018260
2022-08-22,130500.0,"하락  3,000",133000.0,133000.0,130500.0,92347.0,삼성에스디에스,018260
2022-08-23,129500.0,"하락  1,000",130000.0,131000.0,129000.0,94869.0,삼성에스디에스,018260
2022-08-24,129000.0,하락  500,130000.0,131000.0,129000.0,99959.0,삼성에스디에스,018260
2022-08-25,131000.0,"상승  2,000",129500.0,131500.0,129000.0,103149.0,삼성에스디에스,018260
2022-08-26,129500.0,"하락  1,500",130500.0,131000.0,129000.0,97464.0,삼성에스디에스,018260
2022-08-29,125500.0,"하락  4,000",127000.0,127000.0,125000.0,173387.0,삼성에스디에스,018260
2022-08-30,128500.0,"상승  3,000",126500.0,129000.0,126000.0,105444.0,삼성에스디에스,018260
2022-08-31,128500.0,보합0,127000.0,129500.0,126500.0,173997.0,삼성에스디에스,018260
2022-09-01,126000.0,"하락  2,500",127500.0,128500.0,126000.0,116017.0,삼성에스디에스,018260
2022-09-02,125500.0,하락  500,126500.0,127000.0,125500.0,77896.0,삼성에스디에스,018260
2022-09-05,124000.0,"하락  1,500",125500.0,126500.0,123500.0,99365.0,삼성에스디에스,018260
2022-09-06,125000.0,"상승  1,000",124000.0,126000.0,124000.0,75107.0,삼성에스디에스,018260
2022-09-07,122500.0,"하락  2,500",124000.0,125000.0,121000.0,177671.0,삼성에스디에스,018260
2022-09-08,122500.0,보합0,123500.0,124000.0,122000.0,115533.0,삼성에스디에스,018260
2022-09-13,126500.0,"상승  4,000",124000.0,127000.0,124000.0,106705.0,삼성에스디에스,018260
2022-09-14,123500.0,"하락  3,000",122500.0,124500.0,122000.0,89248.0,삼성에스디에스,018260
2022-09-15,122000.0,"하락  1,500",123500.0,124000.0,122000.0,85611.0,삼성에스디에스,018260
2022-09-16,123000.0,"상승  1,000",121500.0,123000.0,121000.0,159278.0,삼성에스디에스,018260
2022-09-19,121500.0,"하락  1,500",123000.0,124000.0,121000.0,74290.0,삼성에스디에스,018260
2022-09-20,121500.0,보합0,123000.0,123500.0,120500.0,100487.0,삼성에스디에스,018260
2022-09-21,121000.0,하락  500,120500.0,122500.0,120500.0,83478.0,삼성에스디에스,018260
2022-09-22,120000.0,"하락  1,000",120500.0,121000.0,119000.0,89740.0,삼성에스디에스,018260
2022-09-23,117500.0,"하락  2,500",120000.0,120000.0,117000.0,95247.0,삼성에스디에스,018260
2022-09-26,114500.0,"하락  3,000",116000.0,116500.0,114500.0,99587.0,삼성에스디에스,018260
2022-09-27,117000.0,"상승  2,500",114500.0,118000.0,114500.0,126647.0,삼성에스디에스,018260
2022-09-28,116000.0,"하락  1,000",115500.0,118000.0,114000.0,123534.0,삼성에스디에스,018260
2022-09-29,117000.0,"상승  1,000",117500.0,118500.0,115500.0,107989.0,삼성에스디에스,018260
2022-09-30,115000.0,"하락  2,000",116000.0,117500.0,114000.0,204309.0,삼성에스디에스,018260
2022-10-04,116500.0,"상승  1,500",116000.0,117000.0,114500.0,87569.0,삼성에스디에스,018260
2022-10-05,116500.0,보합0,117500.0,118000.0,116000.0,89015.0,삼성에스디에스,018260
2022-10-06,116000.0,하락  500,117500.0,118500.0,115500.0,150255.0,삼성에스디에스,018260
2022-10-07,117000.0,"상승  1,000",115000.0,118000.0,114000.0,117015.0,삼성에스디에스,018260
2022-10-11,114500.0,"하락  2,500",115500.0,116500.0,113000.0,107615.0,삼성에스디에스,018260
2022-10-12,117500.0,"상승  3,000",114000.0,117500.0,113500.0,87684.0,삼성에스디에스,018260
2022-10-13,113000.0,"하락  4,500",117000.0,117500.0,113000.0,123030.0,삼성에스디에스,018260
2022-10-14,115500.0,"상승  2,500",115000.0,116000.0,114000.0,84466.0,삼성에스디에스,018260
2022-10-17,117000.0,"상승  1,500",116000.0,121000.0,115000.0,200040.0,삼성에스디에스,018260
2022-10-18,118000.0,"상승  1,000",118000.0,118500.0,115500.0,118853.0,삼성에스디에스,018260
2022-10-19,118500.0,상승  500,118000.0,121000.0,117000.0,108621.0,삼성에스디에스,018260
2022-10-20,120500.0,"상승  2,000",118000.0,122000.0,117500.0,157474.0,삼성에스디에스,018260
2022-10-21,120000.0,하락  500,120500.0,121500.0,119000.0,81115.0,삼성에스디에스,018260
2022-10-24,120000.0,보합0,122000.0,123000.0,119000.0,84197.0,삼성에스디에스,018260
2022-10-25,120500.0,상승  500,120500.0,121000.0,119500.0,81781.0,삼성에스디에스,018260
2022-10-26,121500.0,"상승  1,000",120500.0,123000.0,119500.0,89133.0,삼성에스디에스,018260
2022-10-27,123000.0,"상승  1,500",122500.0,124000.0,121500.0,165941.0,삼성에스디에스,018260
2022-10-28,122000.0,"하락  1,000",122500.0,124000.0,121500.0,91641.0,삼성에스디에스,018260
2022-10-31,125000.0,"상승  3,000",123000.0,125500.0,122000.0,97723.0,삼성에스디에스,018260
2022-11-01,124500.0,하락  500,124000.0,126000.0,123500.0,72726.0,삼성에스디에스,018260
2022-11-02,125500.0,"상승  1,000",123500.0,126000.0,123000.0,96724.0,삼성에스디에스,018260
2022-11-03,125000.0,하락  500,123000.0,127000.0,122500.0,93461.0,삼성에스디에스,018260
2022-11-04,126000.0,"상승  1,000",124500.0,126000.0,123500.0,55906.0,삼성에스디에스,018260
2022-11-07,126500.0,상승  500,125000.0,127000.0,124500.0,53575.0,삼성에스디에스,018260
2022-11-08,127000.0,상승  500,126500.0,127000.0,125500.0,91338.0,삼성에스디에스,018260
2022-11-09,127000.0,보합0,127000.0,128000.0,126000.0,94617.0,삼성에스디에스,018260
2022-11-10,127000.0,보합0,126500.0,127500.0,125500.0,135686.0,삼성에스디에스,018260
2022-11-11,128500.0,"상승  1,500",129000.0,130000.0,128000.0,106784.0,삼성에스디에스,018260
2022-11-14,128000.0,하락  500,128500.0,130000.0,127500.0,84574.0,삼성에스디에스,018260
2022-11-15,129000.0,"상승  1,000",129000.0,129500.0,128000.0,69503.0,삼성에스디에스,018260
2022-11-16,130500.0,"상승  1,500",129000.0,130500.0,127500.0,90438.0,삼성에스디에스,018260
2022-11-17,127500.0,"하락  3,000",130000.0,130500.0,127500.0,68664.0,삼성에스디에스,018260
2022-11-18,127500.0,보합0,127000.0,129500.0,127000.0,60183.0,삼성에스디에스,018260
2022-11-21,127000.0,하락  500,128500.0,129000.0,126000.0,48042.0,삼성에스디에스,018260
2022-11-22,127000.0,보합0,126500.0,128000.0,126500.0,42737.0,삼성에스디에스,018260
2022-11-23,126500.0,하락  500,127000.0,128000.0,125500.0,60028.0,삼성에스디에스,018260
2022-11-24,125500.0,"하락  1,000",127000.0,127500.0,125000.0,60595.0,삼성에스디에스,018260
2022-11-25,125000.0,하락  500,126500.0,126500.0,123000.0,64683.0,삼성에스디에스,018260
2022-11-28,122500.0,"하락  2,500",124000.0,124500.0,122000.0,50317.0,삼성에스디에스,018260
2022-11-29,124000.0,"상승  1,500",123500.0,124500.0,122000.0,36326.0,삼성에스디에스,018260
2022-11-30,127500.0,"상승  3,500",124000.0,128500.0,123500.0,258976.0,삼성에스디에스,018260
2022-12-01,127000.0,하락  500,128000.0,128500.0,126500.0,55536.0,삼성에스디에스,018260
2022-12-02,125000.0,"하락  2,000",127500.0,127500.0,125000.0,51590.0,삼성에스디에스,018260
2022-12-05,124000.0,"하락  1,000",125000.0,126500.0,124000.0,39930.0,삼성에스디에스,018260
2022-12-06,123000.0,"하락  1,000",123500.0,124000.0,122500.0,50322.0,삼성에스디에스,018260
2022-12-07,122500.0,하락  500,124500.0,124500.0,122000.0,42238.0,삼성에스디에스,018260
2022-12-08,126000.0,"상승  3,500",123500.0,126500.0,121500.0,139814.0,삼성에스디에스,018260
2022-12-09,127500.0,"상승  1,500",126000.0,128000.0,125000.0,80444.0,삼성에스디에스,018260
2022-12-12,127000.0,하락  500,128000.0,128000.0,127000.0,34274.0,삼성에스디에스,018260
2022-12-13,127000.0,보합0,128500.0,128500.0,126000.0,41336.0,삼성에스디에스,018260
2022-12-14,130000.0,"상승  3,000",128500.0,130000.0,127000.0,89850.0,삼성에스디에스,018260
2022-12-15,127000.0,"하락  3,000",129500.0,129500.0,127000.0,52320.0,삼성에스디에스,018260
2022-12-16,125000.0,"하락  2,000",126000.0,126500.0,124000.0,125166.0,삼성에스디에스,018260
2022-12-19,126500.0,"상승  1,500",124000.0,126500.0,124000.0,30989.0,삼성에스디에스,018260
2022-12-20,123500.0,"하락  3,000",125500.0,126000.0,123000.0,47295.0,삼성에스디에스,018260
2022-12-21,126000.0,"상승  2,500",125000.0,127000.0,124500.0,57087.0,삼성에스디에스,018260
2022-12-22,129000.0,"상승  3,000",126000.0,129000.0,125500.0,66305.0,삼성에스디에스,018260
2022-12-23,127000.0,"하락  2,000",128000.0,128500.0,127000.0,44671.0,삼성에스디에스,018260
2022-12-26,129500.0,"상승  2,500",127000.0,129500.0,126000.0,62502.0,삼성에스디에스,018260
2022-12-27,130000.0,상승  500,129500.0,130000.0,128500.0,68043.0,삼성에스디에스,018260
2022-12-28,125500.0,"하락  4,500",127500.0,127500.0,125500.0,64719.0,삼성에스디에스,018260
2022-12-29,123000.0,"하락  2,500",124500.0,125500.0,123000.0,62223.0,삼성에스디에스,018260
2023-01-02,120500.0,"하락  2,500",124000.0,124500.0,120000.0,47294.0,삼성에스디에스,018260
2023-01-03,120000.0,하락  500,120500.0,122000.0,117500.0,77372.0,삼성에스디에스,018260
2023-01-04,120000.0,보합0,119500.0,121000.0,118500.0,55973.0,삼성에스디에스,018260
2023-01-05,120500.0,상승  500,120000.0,122500.0,120000.0,67589.0,삼성에스디에스,018260
2023-01-06,124000.0,"상승  3,500",120000.0,125500.0,120000.0,92889.0,삼성에스디에스,018260
2023-01-09,126500.0,"상승  2,500",125000.0,127000.0,124500.0,75250.0,삼성에스디에스,018260
2023-01-10,124500.0,"하락  2,000",126000.0,127500.0,124500.0,72363.0,삼성에스디에스,018260
2023-01-11,124000.0,하락  500,125000.0,126000.0,123500.0,73882.0,삼성에스디에스,018260
2023-01-12,121500.0,"하락  2,500",124500.0,125500.0,121500.0,132066.0,삼성에스디에스,018260
2023-01-13,124500.0,"상승  3,000",122500.0,126000.0,122500.0,105245.0,삼성에스디에스,018260
2023-01-16,124000.0,하락  500,125000.0,125500.0,123500.0,47434.0,삼성에스디에스,018260
2023-01-17,123500.0,하락  500,124000.0,124000.0,122500.0,54264.0,삼성에스디에스,018260
2023-01-18,123500.0,보합0,123000.0,125000.0,122500.0,65455.0,삼성에스디에스,018260
2023-01-19,123500.0,보합0,122500.0,124000.0,122000.0,56743.0,삼성에스디에스,018260
2023-01-20,122500.0,"하락  1,000",122500.0,124000.0,122000.0,63331.0,삼성에스디에스,018260
2023-01-25,127200.0,"상승  4,700",123200.0,127400.0,122600.0,119988.0,삼성에스디에스,018260
2023-01-26,127200.0,보합0,127700.0,127700.0,126300.0,90437.0,삼성에스디에스,018260
2023-01-27,128500.0,"상승  1,300",127400.0,129300.0,126300.0,130097.0,삼성에스디에스,018260
2023-01-30,126700.0,"하락  1,800",129100.0,129200.0,126400.0,91839.0,삼성에스디에스,018260
2023-01-31,125000.0,"하락  1,700",127000.0,127800.0,124800.0,145991.0,삼성에스디에스,018260
2023-02-01,125400.0,상승  400,125100.0,126000.0,124100.0,90773.0,삼성에스디에스,018260
2023-02-02,124600.0,하락  800,126300.0,127100.0,124500.0,111924.0,삼성에스디에스,018260
2023-02-03,125100.0,상승  500,124800.0,125700.0,123600.0,96926.0,삼성에스디에스,018260
2023-02-06,124900.0,하락  200,125400.0,126400.0,124400.0,102363.0,삼성에스디에스,018260
2023-02-07,124800.0,하락  100,124900.0,125600.0,124400.0,91719.0,삼성에스디에스,018260
2023-02-08,132100.0,"상승  7,300",125300.0,132500.0,125300.0,282875.0,삼성에스디에스,018260
2023-02-09,131400.0,하락  700,131400.0,133000.0,130200.0,162397.0,삼성에스디에스,018260
2023-02-10,127200.0,"하락  4,200",130500.0,131100.0,126600.0,164813.0,삼성에스디에스,018260
2023-02-13,124000.0,"하락  3,200",126100.0,126200.0,121100.0,224550.0,삼성에스디에스,018260
2023-02-14,128400.0,"상승  4,400",124800.0,128500.0,124500.0,143463.0,삼성에스디에스,018260
2023-02-15,126400.0,"하락  2,000",128300.0,128500.0,126000.0,118550.0,삼성에스디에스,018260
2023-02-16,131000.0,"상승  4,600",126400.0,131800.0,126400.0,192659.0,삼성에스디에스,018260
2023-02-17,128500.0,"하락  2,500",128400.0,131000.0,128200.0,81676.0,삼성에스디에스,018260
2023-02-20,130000.0,"상승  1,500",128600.0,130800.0,127800.0,84873.0,삼성에스디에스,018260
2023-02-21,129300.0,하락  700,130000.0,130000.0,128200.0,71217.0,삼성에스디에스,018260
2023-02-22,126600.0,"하락  2,700",128000.0,128300.0,125500.0,88903.0,삼성에스디에스,018260
2023-02-23,127500.0,상승  900,126700.0,127900.0,126300.0,73820.0,삼성에스디에스,018260
2023-02-24,126800.0,하락  700,126700.0,128200.0,126300.0,77467.0,삼성에스디에스,018260
2023-02-27,124900.0,"하락  1,900",125100.0,126000.0,124000.0,69017.0,삼성에스디에스,018260
2023-02-28,125300.0,상승  400,125500.0,127200.0,124900.0,163894.0,삼성에스디에스,018260
2023-03-02,124600.0,하락  700,125000.0,125800.0,123800.0,88291.0,삼성에스디에스,018260
2023-03-03,123600.0,"하락  1,000",124600.0,125400.0,122800.0,94567.0,삼성에스디에스,018260
2023-03-06,125400.0,"상승  1,800",124500.0,125400.0,123800.0,103302.0,삼성에스디에스,018260
2023-03-07,123400.0,"하락  2,000",125300.0,125300.0,123300.0,75703.0,삼성에스디에스,018260
2023-03-08,121700.0,"하락  1,700",122800.0,123000.0,121100.0,122909.0,삼성에스디에스,018260
2023-03-09,120900.0,하락  800,122000.0,122500.0,120600.0,151187.0,삼성에스디에스,018260
2023-03-10,119800.0,"하락  1,100",120100.0,120500.0,119000.0,74617.0,삼성에스디에스,018260
2023-03-13,120100.0,상승  300,119500.0,120500.0,118600.0,107410.0,삼성에스디에스,018260
2023-03-14,117000.0,"하락  3,100",119000.0,119400.0,116600.0,119934.0,삼성에스디에스,018260
2023-03-15,117700.0,상승  700,118000.0,119100.0,117200.0,80453.0,삼성에스디에스,018260
2023-03-16,117300.0,하락  400,117000.0,118200.0,116100.0,78697.0,삼성에스디에스,018260
2023-03-17,119200.0,"상승  1,900",118200.0,119800.0,117300.0,123197.0,삼성에스디에스,018260
2023-03-20,118900.0,하락  300,118900.0,120700.0,118900.0,49480.0,삼성에스디에스,018260
2023-03-21,119700.0,상승  800,119300.0,120200.0,118900.0,52110.0,삼성에스디에스,018260
2023-03-22,120000.0,상승  300,120200.0,120300.0,119100.0,55483.0,삼성에스디에스,018260
2023-03-23,119500.0,하락  500,120000.0,120000.0,118600.0,81315.0,삼성에스디에스,018260
2023-03-24,119900.0,상승  400,119400.0,120700.0,118600.0,76803.0,삼성에스디에스,018260
2023-03-27,118900.0,"하락  1,000",120000.0,120000.0,118000.0,78536.0,삼성에스디에스,018260
2023-03-28,119400.0,상승  500,119000.0,119800.0,118300.0,73507.0,삼성에스디에스,018260
2023-03-29,121300.0,"상승  1,900",119700.0,121900.0,119600.0,95161.0,삼성에스디에스,018260
2023-03-30,117900.0,"하락  3,400",121600.0,121700.0,117400.0,216002.0,삼성에스디에스,018260
2023-03-31,116000.0,"하락  1,900",115700.0,119600.0,115700.0,2311735.0,삼성에스디에스,018260
2023-04-03,117000.0,"상승  1,000",117100.0,118800.0,116500.0,275375.0,삼성에스디에스,018260
2023-04-04,117600.0,상승  600,117400.0,117900.0,116500.0,159557.0,삼성에스디에스,018260
2023-04-05,117700.0,상승  100,117200.0,118300.0,117000.0,148432.0,삼성에스디에스,018260
2023-04-06,115700.0,"하락  2,000",117700.0,117700.0,115700.0,178468.0,삼성에스디에스,018260
2023-04-07,116100.0,상승  400,116000.0,116600.0,115300.0,117978.0,삼성에스디에스,018260
2023-04-10,116000.0,하락  100,115700.0,116800.0,115500.0,131719.0,삼성에스디에스,018260
2023-04-11,117000.0,"상승  1,000",116100.0,117700.0,115800.0,188434.0,삼성에스디에스,018260
2023-04-12,117500.0,상승  500,117000.0,117800.0,116200.0,162557.0,삼성에스디에스,018260
2023-04-13,117900.0,상승  400,116500.0,118100.0,116500.0,239555.0,삼성에스디에스,018260
2023-04-14,119600.0,"상승  1,700",117800.0,120000.0,117500.0,186704.0,삼성에스디에스,018260
2023-04-17,117900.0,"하락  1,700",119300.0,119300.0,117200.0,116114.0,삼성에스디에스,018260
2023-04-18,117400.0,하락  500,117300.0,117900.0,117000.0,99849.0,삼성에스디에스,018260
2023-04-19,118000.0,상승  600,117700.0,119200.0,117700.0,102453.0,삼성에스디에스,018260
2023-04-20,117900.0,하락  100,118000.0,118700.0,117100.0,92435.0,삼성에스디에스,018260
2023-04-21,118400.0,상승  500,117200.0,118500.0,117100.0,108845.0,삼성에스디에스,018260
2023-04-24,117700.0,하락  700,118400.0,118900.0,117300.0,81158.0,삼성에스디에스,018260
2023-04-25,118300.0,상승  600,118100.0,119500.0,117500.0,144661.0,삼성에스디에스,018260
2023-04-26,116400.0,"하락  1,900",118000.0,118000.0,116000.0,164574.0,삼성에스디에스,018260
2023-04-27,116300.0,하락  100,116000.0,116800.0,114400.0,152312.0,삼성에스디에스,018260
2023-04-28,117300.0,"상승  1,000",115800.0,117300.0,115400.0,161051.0,삼성에스디에스,018260
2023-05-02,119300.0,"상승  2,000",116600.0,119300.0,116500.0,136810.0,삼성에스디에스,018260
2023-05-03,118100.0,"하락  1,200",118500.0,118600.0,117600.0,79847.0,삼성에스디에스,018260
2023-05-04,118500.0,상승  400,117600.0,118800.0,117500.0,101211.0,삼성에스디에스,018260
2023-05-08,118900.0,상승  400,118300.0,119200.0,118300.0,99744.0,삼성에스디에스,018260
2023-05-09,118600.0,하락  300,118400.0,119200.0,118200.0,90986.0,삼성에스디에스,018260
2023-05-10,117300.0,"하락  1,300",118400.0,118500.0,116800.0,100832.0,삼성에스디에스,018260
2023-05-11,117000.0,하락  300,117900.0,119000.0,116900.0,113819.0,삼성에스디에스,018260
2023-05-12,116700.0,하락  300,116800.0,117400.0,115900.0,131232.0,삼성에스디에스,018260
2023-05-15,117200.0,상승  500,116100.0,117500.0,116100.0,73180.0,삼성에스디에스,018260
2023-05-16,116800.0,하락  400,116600.0,117800.0,116500.0,67370.0,삼성에스디에스,018260
2023-05-17,118800.0,"상승  2,000",116300.0,119200.0,116300.0,148975.0,삼성에스디에스,018260
2023-05-18,119900.0,"상승  1,100",118800.0,120300.0,118500.0,113221.0,삼성에스디에스,018260
2023-05-19,121900.0,"상승  2,000",119000.0,121900.0,119000.0,145274.0,삼성에스디에스,018260
2023-05-22,123800.0,"상승  1,900",121900.0,123800.0,121100.0,176109.0,삼성에스디에스,018260
2023-05-23,122800.0,"하락  1,000",123900.0,123900.0,122300.0,98673.0,삼성에스디에스,018260
2023-05-24,123100.0,상승  300,122000.0,123400.0,121100.0,74452.0,삼성에스디에스,018260
2023-05-25,121900.0,"하락  1,200",122200.0,122900.0,121600.0,123512.0,삼성에스디에스,018260
2023-05-26,122100.0,상승  200,121500.0,122800.0,121500.0,93244.0,삼성에스디에스,018260
2023-05-30,124900.0,"상승  2,800",122500.0,126700.0,122500.0,189013.0,삼성에스디에스,018260
2023-05-31,124300.0,하락  600,125300.0,125400.0,123300.0,776577.0,삼성에스디에스,018260
2023-06-01,124800.0,상승  500,124700.0,125400.0,123700.0,117362.0,삼성에스디에스,018260
2023-06-02,125500.0,상승  700,125300.0,125600.0,123700.0,113672.0,삼성에스디에스,018260
2023-06-05,126100.0,상승  600,126500.0,126600.0,125400.0,74379.0,삼성에스디에스,018260
2023-06-07,126000.0,하락  100,126900.0,127800.0,125300.0,143851.0,삼성에스디에스,018260
2023-06-08,126200.0,상승  200,125600.0,127300.0,124800.0,312600.0,삼성에스디에스,018260
2023-06-09,126600.0,상승  400,127000.0,127300.0,125700.0,149927.0,삼성에스디에스,018260
2023-06-12,125900.0,하락  700,127000.0,127700.0,125100.0,81460.0,삼성에스디에스,018260
2023-06-13,126000.0,상승  100,125200.0,126800.0,125200.0,81030.0,삼성에스디에스,018260
2023-06-14,125000.0,"하락  1,000",125600.0,127000.0,123500.0,132285.0,삼성에스디에스,018260
2023-06-15,124400.0,하락  600,124600.0,125200.0,123100.0,89915.0,삼성에스디에스,018260
2023-06-16,124300.0,하락  100,124900.0,125400.0,123200.0,109754.0,삼성에스디에스,018260
2023-06-19,123900.0,하락  400,124300.0,124500.0,123100.0,57508.0,삼성에스디에스,018260
2023-06-20,124200.0,상승  300,124100.0,124400.0,123200.0,71576.0,삼성에스디에스,018260
2023-06-21,124600.0,상승  400,124200.0,124900.0,122600.0,96239.0,삼성에스디에스,018260
2023-06-22,123300.0,"하락  1,300",124700.0,124700.0,122900.0,69859.0,삼성에스디에스,018260
2023-06-23,121500.0,"하락  1,800",123500.0,123600.0,121500.0,95957.0,삼성에스디에스,018260
2023-06-26,123800.0,"상승  2,300",121500.0,124400.0,121100.0,93738.0,삼성에스디에스,018260
2023-06-27,123800.0,보합0,124000.0,124100.0,123100.0,59128.0,삼성에스디에스,018260
2023-06-28,122000.0,"하락  1,800",123900.0,123900.0,121300.0,67273.0,삼성에스디에스,018260
2023-06-29,121700.0,하락  300,121500.0,123900.0,121300.0,95460.0,삼성에스디에스,018260
2023-06-30,122900.0,"상승  1,200",122900.0,122900.0,120200.0,98919.0,삼성에스디에스,018260
2023-07-03,122400.0,하락  500,122400.0,123400.0,121800.0,80662.0,삼성에스디에스,018260
2023-07-04,120400.0,"하락  2,000",121900.0,122600.0,120200.0,89614.0,삼성에스디에스,018260
2023-07-05,118300.0,"하락  2,100",120000.0,120400.0,117700.0,115842.0,삼성에스디에스,018260
2023-07-06,117900.0,하락  400,118000.0,119000.0,117600.0,160240.0,삼성에스디에스,018260
2023-07-07,115200.0,"하락  2,700",117300.0,117500.0,114600.0,134595.0,삼성에스디에스,018260
2023-07-10,115300.0,상승  100,115200.0,116000.0,114800.0,90807.0,삼성에스디에스,018260
2023-07-11,118700.0,"상승  3,400",116000.0,118700.0,115400.0,169955.0,삼성에스디에스,018260
2023-07-12,118500.0,하락  200,118900.0,119000.0,117100.0,84342.0,삼성에스디에스,018260
2023-07-13,118400.0,하락  100,119200.0,119700.0,117800.0,123869.0,삼성에스디에스,018260
2023-07-14,122500.0,"상승  4,100",119300.0,122600.0,119300.0,147647.0,삼성에스디에스,018260
2023-07-17,133600.0,"상승  11,100",121800.0,134700.0,121700.0,607023.0,삼성에스디에스,018260
2023-07-18,132000.0,"하락  1,600",133700.0,134000.0,130200.0,212802.0,삼성에스디에스,018260
2023-07-19,129600.0,"하락  2,400",131900.0,134200.0,128500.0,157550.0,삼성에스디에스,018260
2023-07-20,129500.0,하락  100,128500.0,130500.0,128200.0,78042.0,삼성에스디에스,018260
2023-07-21,128600.0,하락  900,128800.0,129500.0,127000.0,96048.0,삼성에스디에스,018260
2023-07-24,127500.0,"하락  1,100",128100.0,129500.0,126700.0,113975.0,삼성에스디에스,018260
2023-07-25,125400.0,"하락  2,100",127500.0,127500.0,124200.0,102633.0,삼성에스디에스,018260
2023-07-26,122400.0,"하락  3,000",124700.0,124700.0,119900.0,185915.0,삼성에스디에스,018260
2023-07-27,124600.0,"상승  2,200",122400.0,125500.0,122200.0,134871.0,삼성에스디에스,018260
2023-07-28,122700.0,"하락  1,900",123600.0,124100.0,122000.0,78357.0,삼성에스디에스,018260
2023-07-31,128300.0,"상승  5,600",123100.0,129400.0,122900.0,204927.0,삼성에스디에스,018260
2023-08-01,138100.0,"상승  9,800",127100.0,139200.0,126600.0,462020.0,삼성에스디에스,018260
2023-08-02,133100.0,"하락  5,000",137500.0,138100.0,132400.0,265695.0,삼성에스디에스,018260
2023-08-03,127800.0,"하락  5,300",132900.0,132900.0,126900.0,292337.0,삼성에스디에스,018260
2023-08-04,134600.0,"상승  6,800",128700.0,136100.0,128500.0,242391.0,삼성에스디에스,018260
2023-08-07,140700.0,"상승  6,100",134600.0,143000.0,133300.0,579527.0,삼성에스디에스,018260
2023-08-08,136300.0,"하락  4,400",141400.0,142000.0,135800.0,194152.0,삼성에스디에스,018260
2023-08-09,135700.0,하락  600,136400.0,138100.0,134800.0,143947.0,삼성에스디에스,018260
2023-08-10,136700.0,"상승  1,000",135000.0,137100.0,133200.0,211280.0,삼성에스디에스,018260
2023-08-11,135200.0,"하락  1,500",136700.0,136700.0,133100.0,138694.0,삼성에스디에스,018260
2023-08-14,137300.0,"상승  2,100",134100.0,138200.0,133600.0,156733.0,삼성에스디에스,018260
2023-08-16,135600.0,"하락  1,700",136000.0,137300.0,134500.0,108944.0,삼성에스디에스,018260
2023-08-17,135700.0,상승  100,135000.0,135800.0,132300.0,166855.0,삼성에스디에스,018260
2023-08-18,136400.0,상승  700,133500.0,139000.0,133000.0,182748.0,삼성에스디에스,018260
2023-08-21,137900.0,"상승  1,500",136400.0,139400.0,136100.0,146958.0,삼성에스디에스,018260
2023-08-22,134700.0,"하락  3,200",137600.0,137800.0,134100.0,140025.0,삼성에스디에스,018260
2023-08-23,135800.0,"상승  1,100",133900.0,136500.0,133900.0,91564.0,삼성에스디에스,018260
2023-08-24,141400.0,"상승  5,600",137500.0,142500.0,136900.0,301786.0,삼성에스디에스,018260
2023-08-25,138700.0,"하락  2,700",139400.0,139700.0,138000.0,102108.0,삼성에스디에스,018260
2023-08-28,143400.0,"상승  4,700",140600.0,146400.0,140600.0,260178.0,삼성에스디에스,018260
2023-08-29,141400.0,"하락  2,000",144100.0,144400.0,139900.0,145305.0,삼성에스디에스,018260
2023-08-30,142200.0,상승  800,142800.0,143900.0,140500.0,147882.0,삼성에스디에스,018260
2023-08-31,142000.0,하락  200,141200.0,142400.0,139600.0,336459.0,삼성에스디에스,018260
2023-09-01,143100.0,"상승  1,100",140600.0,145200.0,140600.0,164542.0,삼성에스디에스,018260
2023-09-04,143400.0,상승  300,142000.0,144100.0,141100.0,119330.0,삼성에스디에스,018260
2023-09-05,144100.0,상승  700,142500.0,145100.0,142200.0,139384.0,삼성에스디에스,018260
2023-09-06,150400.0,"상승  6,300",143400.0,151400.0,143200.0,446232.0,삼성에스디에스,018260
2023-09-07,151500.0,"상승  1,100",149800.0,153600.0,149300.0,401230.0,삼성에스디에스,018260
2023-09-08,147200.0,"하락  4,300",150900.0,150900.0,145000.0,219753.0,삼성에스디에스,018260
2023-09-11,144900.0,"하락  2,300",147700.0,148600.0,143500.0,210106.0,삼성에스디에스,018260
2023-09-12,138000.0,"하락  6,900",145300.0,145600.0,137200.0,325774.0,삼성에스디에스,018260
2023-09-13,137400.0,하락  600,137600.0,140500.0,136800.0,226813.0,삼성에스디에스,018260
2023-09-14,138200.0,상승  800,138700.0,138800.0,136700.0,142391.0,삼성에스디에스,018260
2023-09-15,140400.0,"상승  2,200",137300.0,140700.0,137000.0,209919.0,삼성에스디에스,018260
2023-09-18,135700.0,"하락  4,700",138800.0,138900.0,135300.0,207027.0,삼성에스디에스,018260
2023-09-19,135000.0,하락  700,135600.0,136400.0,134300.0,111607.0,삼성에스디에스,018260
2023-09-20,136300.0,"상승  1,300",134900.0,136900.0,134000.0,90042.0,삼성에스디에스,018260
2023-09-21,134100.0,"하락  2,200",135100.0,136700.0,134000.0,105599.0,삼성에스디에스,018260
2023-09-22,136900.0,"상승  2,800",133300.0,137200.0,133000.0,106804.0,삼성에스디에스,018260
2023-09-25,136400.0,하락  500,137400.0,138400.0,135300.0,94994.0,삼성에스디에스,018260
2023-09-26,135500.0,하락  900,135100.0,136000.0,133500.0,96585.0,삼성에스디에스,018260
2023-09-27,135200.0,하락  300,133500.0,136300.0,133500.0,87029.0,삼성에스디에스,018260
2023-10-04,136800.0,"상승  1,600",133500.0,138400.0,133200.0,169740.0,삼성에스디에스,018260
2023-10-05,137100.0,상승  300,136800.0,138100.0,134300.0,137271.0,삼성에스디에스,018260
2023-10-06,138800.0,"상승  1,700",137800.0,139600.0,136000.0,85541.0,삼성에스디에스,018260
2023-10-10,137800.0,"하락  1,000",141200.0,142500.0,137000.0,114528.0,삼성에스디에스,018260
2023-10-11,138700.0,상승  900,139000.0,140300.0,137800.0,92027.0,삼성에스디에스,018260
2023-10-12,138600.0,하락  100,140000.0,140500.0,137400.0,115126.0,삼성에스디에스,018260
2023-10-13,135500.0,"하락  3,100",136500.0,137900.0,134800.0,98367.0,삼성에스디에스,018260
2023-10-16,135500.0,보합0,134200.0,136200.0,133900.0,95233.0,삼성에스디에스,018260
2023-10-17,136900.0,"상승  1,400",137700.0,139100.0,135700.0,120969.0,삼성에스디에스,018260
2023-10-18,137100.0,상승  200,135700.0,137700.0,135700.0,50209.0,삼성에스디에스,018260
2023-10-19,133500.0,"하락  3,600",136000.0,136000.0,133300.0,66259.0,삼성에스디에스,018260
2023-10-20,132800.0,하락  700,133100.0,134200.0,131300.0,108484.0,삼성에스디에스,018260
2023-10-23,130200.0,"하락  2,600",135000.0,135000.0,129800.0,84549.0,삼성에스디에스,018260
2023-10-24,131600.0,"상승  1,400",131500.0,132400.0,128200.0,86217.0,삼성에스디에스,018260
2023-10-25,132100.0,상승  500,131000.0,134100.0,131000.0,71273.0,삼성에스디에스,018260
2023-10-26,128800.0,"하락  3,300",129200.0,130100.0,128300.0,72803.0,삼성에스디에스,018260
2023-10-27,136000.0,"상승  7,200",130600.0,137100.0,130600.0,176680.0,삼성에스디에스,018260
2023-10-30,138900.0,"상승  2,900",135400.0,139700.0,134300.0,159022.0,삼성에스디에스,018260
2023-10-31,138200.0,하락  700,140200.0,141200.0,137000.0,109948.0,삼성에스디에스,018260
2023-11-01,138100.0,하락  100,138300.0,140000.0,136500.0,87738.0,삼성에스디에스,018260
2023-11-02,138200.0,상승  100,140900.0,140900.0,137500.0,86466.0,삼성에스디에스,018260
2023-11-03,137500.0,하락  700,139800.0,140000.0,136600.0,112548.0,삼성에스디에스,018260
2023-11-06,135700.0,"하락  1,800",135200.0,135900.0,131200.0,279487.0,삼성에스디에스,018260
2023-11-07,137200.0,"상승  1,500",134300.0,137500.0,134100.0,164390.0,삼성에스디에스,018260
2023-11-08,141800.0,"상승  4,600",139800.0,142900.0,139200.0,169851.0,삼성에스디에스,018260
2023-11-09,143700.0,"상승  1,900",142000.0,144500.0,140000.0,126107.0,삼성에스디에스,018260
2023-11-10,144100.0,상승  400,142300.0,144800.0,141800.0,68170.0,삼성에스디에스,018260
2023-11-13,144200.0,상승  100,145000.0,145000.0,141700.0,84348.0,삼성에스디에스,018260
2023-11-14,143600.0,하락  600,145500.0,145500.0,142600.0,82626.0,삼성에스디에스,018260
2023-11-15,149800.0,"상승  6,200",146200.0,149900.0,145600.0,197621.0,삼성에스디에스,018260
2023-11-16,147500.0,"하락  2,300",148700.0,149100.0,146400.0,86635.0,삼성에스디에스,018260
2023-11-17,147600.0,상승  100,148200.0,149400.0,146200.0,105821.0,삼성에스디에스,018260
2023-11-20,145500.0,"하락  2,100",147500.0,147500.0,144200.0,73442.0,삼성에스디에스,018260
2023-11-21,145800.0,상승  300,147500.0,147500.0,144700.0,61211.0,삼성에스디에스,018260
2023-11-22,146400.0,상승  600,143300.0,147700.0,143300.0,69622.0,삼성에스디에스,018260
2023-11-23,147300.0,상승  900,146100.0,148000.0,145400.0,60018.0,삼성에스디에스,018260
2023-11-24,155200.0,"상승  7,900",147800.0,155900.0,147800.0,355479.0,삼성에스디에스,018260
2023-11-27,158900.0,"상승  3,700",155200.0,159600.0,154500.0,242077.0,삼성에스디에스,018260
2023-11-28,158800.0,하락  100,159500.0,159500.0,156500.0,110475.0,삼성에스디에스,018260
2023-11-29,166200.0,"상승  7,400",159600.0,166800.0,159400.0,451119.0,삼성에스디에스,018260
2023-11-30,168400.0,"상승  2,200",166100.0,168600.0,165500.0,310207.0,삼성에스디에스,018260
2023-12-01,168500.0,상승  100,167900.0,169200.0,163900.0,216984.0,삼성에스디에스,018260
2023-12-04,163700.0,"하락  4,800",168500.0,169100.0,162400.0,196288.0,삼성에스디에스,018260
2023-12-05,165800.0,"상승  2,100",162800.0,166900.0,161200.0,145104.0,삼성에스디에스,018260
2023-12-06,163800.0,"하락  2,000",165800.0,166400.0,162600.0,121663.0,삼성에스디에스,018260
2023-12-07,163300.0,하락  500,162300.0,164500.0,160100.0,124737.0,삼성에스디에스,018260
2023-12-08,165600.0,"상승  2,300",163300.0,167600.0,161400.0,124822.0,삼성에스디에스,018260
2023-12-11,172000.0,"상승  6,400",167000.0,172200.0,166800.0,243921.0,삼성에스디에스,018260
2023-12-12,170600.0,"하락  1,400",172000.0,173300.0,170600.0,114638.0,삼성에스디에스,018260
2023-12-13,172000.0,"상승  1,400",172200.0,173000.0,170200.0,111313.0,삼성에스디에스,018260
2023-12-14,170500.0,"하락  1,500",173800.0,174000.0,167800.0,285313.0,삼성에스디에스,018260
2023-12-15,164800.0,"하락  5,700",170500.0,170800.0,164500.0,245012.0,삼성에스디에스,018260
2023-12-18,168000.0,"상승  3,200",164100.0,169400.0,163200.0,152372.0,삼성에스디에스,018260
2023-12-19,166700.0,"하락  1,300",167300.0,167900.0,165200.0,81004.0,삼성에스디에스,018260
2023-12-20,167700.0,"상승  1,000",167800.0,169000.0,166200.0,103463.0,삼성에스디에스,018260
2023-12-21,167700.0,보합0,166500.0,167700.0,165600.0,58984.0,삼성에스디에스,018260
2023-12-22,171700.0,"상승  4,000",168400.0,173000.0,166400.0,146459.0,삼성에스디에스,018260
2023-12-26,169900.0,"하락  1,800",172000.0,172800.0,168300.0,111676.0,삼성에스디에스,018260
2023-12-27,168700.0,"하락  1,200",168700.0,170200.0,165200.0,117843.0,삼성에스디에스,018260
2023-12-28,170000.0,"상승  1,300",168700.0,170100.0,164900.0,140618.0,삼성에스디에스,018260
2024-01-02,169600.0,하락  400,168400.0,171600.0,166900.0,93766.0,삼성에스디에스,018260
2024-01-03,163500.0,"하락  6,100",168200.0,169000.0,163100.0,157487.0,삼성에스디에스,018260
2024-01-04,164800.0,"상승  1,300",163000.0,166000.0,162000.0,97291.0,삼성에스디에스,018260
2024-01-05,162100.0,"하락  2,700",163800.0,164600.0,160700.0,64571.0,삼성에스디에스,018260
2024-01-08,169800.0,"상승  7,700",163500.0,172900.0,162500.0,234304.0,삼성에스디에스,018260
2024-01-09,168200.0,"하락  1,600",172600.0,172700.0,168200.0,129022.0,삼성에스디에스,018260
2024-01-10,171500.0,"상승  3,300",168400.0,172500.0,168400.0,150945.0,삼성에스디에스,018260
2024-01-11,166000.0,"하락  5,500",168500.0,170200.0,164100.0,1948167.0,삼성에스디에스,018260
2024-01-12,169900.0,"상승  3,900",166500.0,171500.0,165600.0,241438.0,삼성에스디에스,018260
2024-01-15,171500.0,"상승  1,600",169900.0,172900.0,168000.0,218717.0,삼성에스디에스,018260
2024-01-16,167700.0,"하락  3,800",170600.0,171400.0,166600.0,160296.0,삼성에스디에스,018260
2024-01-17,165100.0,"하락  2,600",169400.0,172000.0,164600.0,163291.0,삼성에스디에스,018260
2024-01-18,166700.0,"상승  1,600",165000.0,168400.0,164300.0,130704.0,삼성에스디에스,018260
2024-01-19,166600.0,하락  100,167900.0,170300.0,165100.0,139355.0,삼성에스디에스,018260
2024-01-22,164700.0,"하락  1,900",166700.0,168100.0,162900.0,181631.0,삼성에스디에스,018260
2024-01-23,163500.0,"하락  1,200",165800.0,166100.0,162100.0,98794.0,삼성에스디에스,018260
2024-01-24,158600.0,"하락  4,900",162200.0,162500.0,153600.0,261432.0,삼성에스디에스,018260
2024-01-25,157400.0,"하락  1,200",157700.0,160400.0,155000.0,147219.0,삼성에스디에스,018260
2024-01-26,157800.0,상승  400,158900.0,161400.0,157700.0,154445.0,삼성에스디에스,018260
2024-01-29,153100.0,"하락  4,700",157500.0,157500.0,150800.0,242381.0,삼성에스디에스,018260
2024-01-30,152400.0,하락  700,154100.0,154500.0,149700.0,132429.0,삼성에스디에스,018260
2024-01-31,152000.0,하락  400,151300.0,153400.0,150600.0,106186.0,삼성에스디에스,018260
2024-02-01,154800.0,"상승  2,800",150900.0,156100.0,150000.0,305166.0,삼성에스디에스,018260
2024-02-02,160200.0,"상승  5,400",153300.0,161400.0,153100.0,202024.0,삼성에스디에스,018260
2024-02-05,157200.0,"하락  3,000",159900.0,159900.0,155800.0,142857.0,삼성에스디에스,018260
2024-02-06,156600.0,하락  600,156200.0,158000.0,155300.0,80393.0,삼성에스디에스,018260
2024-02-07,155100.0,"하락  1,500",158500.0,159400.0,154200.0,109112.0,삼성에스디에스,018260
2024-02-08,153000.0,"하락  2,100",156000.0,156700.0,152700.0,150404.0,삼성에스디에스,018260
2024-02-13,153200.0,상승  200,154000.0,156700.0,152900.0,106734.0,삼성에스디에스,018260
2024-02-14,150500.0,"하락  2,700",152200.0,152400.0,148000.0,158802.0,삼성에스디에스,018260
2024-02-15,150300.0,하락  200,152100.0,152300.0,149700.0,82352.0,삼성에스디에스,018260
2024-02-16,157600.0,"상승  7,300",152000.0,161200.0,151800.0,286822.0,삼성에스디에스,018260
2024-02-19,163100.0,"상승  5,500",157600.0,165500.0,157500.0,222491.0,삼성에스디에스,018260
2024-02-20,158500.0,"하락  4,600",163100.0,164800.0,157500.0,140850.0,삼성에스디에스,018260
2024-02-21,159200.0,상승  700,160000.0,161800.0,158000.0,82206.0,삼성에스디에스,018260
2024-02-22,170100.0,"상승  10,900",159900.0,171100.0,157100.0,352979.0,삼성에스디에스,018260
2024-02-23,168900.0,"하락  1,200",171000.0,173000.0,167200.0,178957.0,삼성에스디에스,018260
2024-02-26,168000.0,하락  900,168200.0,171900.0,166500.0,141047.0,삼성에스디에스,018260
2024-02-27,161200.0,"하락  6,800",169000.0,169100.0,160600.0,147817.0,삼성에스디에스,018260
2024-02-28,159800.0,"하락  1,400",163200.0,163200.0,155200.0,169119.0,삼성에스디에스,018260
2024-02-29,160000.0,상승  200,158200.0,162400.0,156900.0,179135.0,삼성에스디에스,018260
2024-03-04,158500.0,"하락  1,500",161500.0,161900.0,158200.0,96422.0,삼성에스디에스,018260
2024-03-05,158000.0,하락  500,157500.0,160400.0,157500.0,76940.0,삼성에스디에스,018260
2024-03-06,155800.0,"하락  2,200",157700.0,157900.0,153200.0,100906.0,삼성에스디에스,018260
2024-03-07,156500.0,상승  700,156200.0,157800.0,154600.0,88114.0,삼성에스디에스,018260
2024-03-08,161700.0,"상승  5,200",158400.0,165700.0,157500.0,181398.0,삼성에스디에스,018260
2024-03-11,161600.0,하락  100,160700.0,163500.0,159900.0,72540.0,삼성에스디에스,018260
2024-03-12,160600.0,"하락  1,000",163500.0,164400.0,160000.0,109341.0,삼성에스디에스,018260
2024-03-13,161500.0,상승  900,162200.0,166000.0,161000.0,122477.0,삼성에스디에스,018260
2024-03-14,157300.0,"하락  4,200",160800.0,162500.0,157000.0,238653.0,삼성에스디에스,018260
2024-03-15,157700.0,상승  400,158500.0,159200.0,155500.0,173248.0,삼성에스디에스,018260
2024-03-18,157000.0,하락  700,158400.0,158400.0,155900.0,75291.0,삼성에스디에스,018260
2024-03-19,158000.0,"상승  1,000",156700.0,161500.0,156500.0,130764.0,삼성에스디에스,018260
2024-03-20,158500.0,상승  500,159600.0,163000.0,157000.0,128564.0,삼성에스디에스,018260
2024-03-21,158200.0,하락  300,160200.0,160700.0,155300.0,200943.0,삼성에스디에스,018260
2024-03-22,158100.0,하락  100,156800.0,160400.0,156800.0,95535.0,삼성에스디에스,018260
2024-03-25,155400.0,"하락  2,700",158200.0,158300.0,154700.0,116681.0,삼성에스디에스,018260
2024-03-26,159200.0,"상승  3,800",157200.0,160400.0,155600.0,151418.0,삼성에스디에스,018260
2024-03-27,159900.0,상승  700,157500.0,160200.0,157400.0,168465.0,삼성에스디에스,018260
2024-03-28,163600.0,"상승  3,700",159500.0,165500.0,158300.0,197355.0,삼성에스디에스,018260
2024-03-29,163500.0,하락  100,164400.0,167000.0,162500.0,126993.0,삼성에스디에스,018260
2024-04-01,165400.0,"상승  1,900",165300.0,171800.0,165000.0,176487.0,삼성에스디에스,018260
2024-04-02,160400.0,"하락  5,000",165200.0,165200.0,159500.0,133491.0,삼성에스디에스,018260
2024-04-03,155600.0,"하락  4,800",159500.0,159500.0,155600.0,161816.0,삼성에스디에스,018260
2024-04-04,157200.0,"상승  1,600",157500.0,158500.0,155800.0,63834.0,삼성에스디에스,018260
2024-04-05,155500.0,"하락  1,700",156000.0,157200.0,154100.0,99687.0,삼성에스디에스,018260
2024-04-08,155100.0,하락  400,155700.0,157200.0,154800.0,82915.0,삼성에스디에스,018260
2024-04-09,154700.0,하락  400,156600.0,157500.0,152900.0,84490.0,삼성에스디에스,018260
2024-04-11,151100.0,"하락  3,600",151200.0,151900.0,148500.0,194810.0,삼성에스디에스,018260
2024-04-12,151400.0,상승  300,149500.0,152000.0,148200.0,100197.0,삼성에스디에스,018260
2024-04-15,147900.0,"하락  3,500",151000.0,151000.0,147000.0,91551.0,삼성에스디에스,018260
2024-04-16,147300.0,하락  600,146500.0,148900.0,145000.0,94037.0,삼성에스디에스,018260
2024-04-17,145400.0,"하락  1,900",148200.0,148300.0,145400.0,94958.0,삼성에스디에스,018260
2024-04-18,149600.0,"상승  4,200",146800.0,150800.0,146300.0,141450.0,삼성에스디에스,018260
2024-04-19,147400.0,"하락  2,200",146100.0,148600.0,144500.0,150716.0,삼성에스디에스,018260
2024-04-22,150900.0,"상승  3,500",150200.0,151000.0,147600.0,107718.0,삼성에스디에스,018260
2024-04-23,152000.0,"상승  1,100",152800.0,155000.0,150300.0,115243.0,삼성에스디에스,018260
2024-04-24,151500.0,하락  500,153100.0,153600.0,150900.0,82130.0,삼성에스디에스,018260
2024-04-25,150200.0,"하락  1,300",149900.0,152700.0,148000.0,91884.0,삼성에스디에스,018260
2024-04-26,158600.0,"상승  8,400",152700.0,159200.0,152200.0,195688.0,삼성에스디에스,018260
2024-04-29,158900.0,상승  300,159400.0,160000.0,158300.0,93822.0,삼성에스디에스,018260
2024-04-30,160100.0,"상승  1,200",157400.0,164200.0,157300.0,183368.0,삼성에스디에스,018260
2024-05-02,158400.0,"하락  1,700",158300.0,159900.0,157400.0,90393.0,삼성에스디에스,018260
2024-05-03,158800.0,상승  400,161100.0,161100.0,158200.0,66886.0,삼성에스디에스,018260
2024-05-07,160100.0,"상승  1,300",160700.0,160700.0,158900.0,118555.0,삼성에스디에스,018260
2024-05-08,159100.0,"하락  1,000",160400.0,160800.0,157500.0,102138.0,삼성에스디에스,018260
2024-05-09,155300.0,"하락  3,800",159900.0,159900.0,153900.0,154463.0,삼성에스디에스,018260
2024-05-10,156700.0,"상승  1,400",157300.0,157800.0,155400.0,71445.0,삼성에스디에스,018260
2024-05-13,156000.0,하락  700,157000.0,157900.0,155600.0,58836.0,삼성에스디에스,018260
2024-05-14,161600.0,"상승  5,600",156200.0,163500.0,156200.0,237092.0,삼성에스디에스,018260
2024-05-16,161700.0,상승  100,163000.0,163200.0,161100.0,145994.0,삼성에스디에스,018260
2024-05-17,158500.0,"하락  3,200",160100.0,161500.0,158200.0,92172.0,삼성에스디에스,018260
2024-05-20,158200.0,하락  300,160100.0,160200.0,156800.0,85958.0,삼성에스디에스,018260
2024-05-21,166100.0,"상승  7,900",160300.0,166100.0,159000.0,304636.0,삼성에스디에스,018260
2024-05-22,165500.0,하락  600,164600.0,168000.0,164200.0,109998.0,삼성에스디에스,018260
2024-05-23,167700.0,"상승  2,200",164600.0,171800.0,163600.0,237142.0,삼성에스디에스,018260
2024-05-24,168000.0,상승  300,166900.0,170600.0,164600.0,170270.0,삼성에스디에스,018260
2024-05-27,166700.0,"하락  1,300",168000.0,169000.0,165100.0,98333.0,삼성에스디에스,018260
2024-05-28,160500.0,"하락  6,200",165800.0,166700.0,160000.0,156413.0,삼성에스디에스,018260
2024-05-29,159000.0,"하락  1,500",158900.0,161000.0,158500.0,98666.0,삼성에스디에스,018260
2024-05-30,154700.0,"하락  4,300",156700.0,156700.0,154000.0,155747.0,삼성에스디에스,018260
2024-05-31,153200.0,"하락  1,500",156000.0,161400.0,153200.0,594377.0,삼성에스디에스,018260
2024-06-03,158800.0,"상승  5,600",153800.0,160000.0,152900.0,223965.0,삼성에스디에스,018260
2024-06-04,158200.0,하락  600,158000.0,160500.0,157000.0,81373.0,삼성에스디에스,018260
2024-06-05,157900.0,하락  300,158600.0,160500.0,157900.0,89228.0,삼성에스디에스,018260
2024-06-07,162000.0,"상승  4,100",158900.0,162400.0,158500.0,123735.0,삼성에스디에스,018260
2024-06-10,154600.0,"하락  7,400",158200.0,159600.0,154300.0,135005.0,삼성에스디에스,018260
2024-06-11,155600.0,"상승  1,000",154600.0,155800.0,152500.0,93064.0,삼성에스디에스,018260
2024-06-12,154800.0,하락  800,154400.0,155800.0,154000.0,73553.0,삼성에스디에스,018260
2024-06-13,150300.0,"하락  4,500",155900.0,156900.0,150300.0,322097.0,삼성에스디에스,018260
2024-06-14,150800.0,상승  500,150000.0,152400.0,150000.0,119218.0,삼성에스디에스,018260
2024-06-17,150300.0,하락  500,150500.0,151300.0,148500.0,99226.0,삼성에스디에스,018260
2024-06-18,149300.0,"하락  1,000",151800.0,151800.0,148100.0,109018.0,삼성에스디에스,018260
2024-06-19,151300.0,"상승  2,000",150800.0,151500.0,149500.0,91155.0,삼성에스디에스,018260
2024-06-20,152000.0,상승  700,150600.0,153800.0,150500.0,100712.0,삼성에스디에스,018260
2024-06-21,151800.0,하락  200,152000.0,153000.0,149600.0,89773.0,삼성에스디에스,018260
2024-06-24,150800.0,"하락  1,000",151100.0,152100.0,150000.0,64128.0,삼성에스디에스,018260
2024-06-25,146200.0,"하락  4,600",152300.0,152300.0,144600.0,186473.0,삼성에스디에스,018260
2024-06-26,145300.0,하락  900,145700.0,147400.0,144900.0,90633.0,삼성에스디에스,018260
2024-06-27,143500.0,"하락  1,800",144000.0,145200.0,142100.0,138708.0,삼성에스디에스,018260
2024-06-28,148500.0,"상승  5,000",144600.0,148500.0,144200.0,174840.0,삼성에스디에스,018260
2024-07-01,152900.0,"상승  4,400",147800.0,153800.0,147500.0,201812.0,삼성에스디에스,018260
2024-07-02,153500.0,상승  600,151500.0,153500.0,151300.0,93199.0,삼성에스디에스,018260
2024-07-03,154000.0,상승  500,154000.0,154000.0,149500.0,115714.0,삼성에스디에스,018260
2024-07-04,157800.0,"상승  3,800",154100.0,158200.0,153900.0,204336.0,삼성에스디에스,018260
2024-07-05,162400.0,"상승  4,600",158200.0,162900.0,157100.0,249002.0,삼성에스디에스,018260
2024-07-08,158100.0,"하락  4,300",161000.0,162000.0,158100.0,84912.0,삼성에스디에스,018260
2024-07-09,157900.0,하락  200,159500.0,160400.0,157900.0,65606.0,삼성에스디에스,018260
2024-07-10,160300.0,"상승  2,400",156400.0,161900.0,156400.0,106431.0,삼성에스디에스,018260
2024-07-11,160200.0,하락  100,161400.0,161400.0,157600.0,139375.0,삼성에스디에스,018260
2024-07-12,157800.0,"하락  2,400",159500.0,159900.0,156500.0,103451.0,삼성에스디에스,018260
2024-07-15,156300.0,"하락  1,500",158900.0,158900.0,155500.0,56610.0,삼성에스디에스,018260
2024-07-16,157100.0,상승  800,156300.0,158700.0,155500.0,58220.0,삼성에스디에스,018260
2024-07-17,156100.0,"하락  1,000",157700.0,159600.0,156000.0,55199.0,삼성에스디에스,018260
2024-07-18,155100.0,"하락  1,000",156100.0,156100.0,153100.0,96078.0,삼성에스디에스,018260
2024-07-19,155700.0,상승  600,153800.0,156400.0,153300.0,77466.0,삼성에스디에스,018260
2024-07-22,153600.0,"하락  2,100",157000.0,158800.0,152800.0,112979.0,삼성에스디에스,018260
2024-07-23,151000.0,"하락  2,600",153800.0,155500.0,150600.0,117354.0,삼성에스디에스,018260
2024-07-24,150900.0,하락  100,150100.0,153300.0,149700.0,62427.0,삼성에스디에스,018260
2024-07-25,151400.0,상승  500,152200.0,152200.0,149500.0,89349.0,삼성에스디에스,018260
2024-07-26,153200.0,"상승  1,800",152500.0,155800.0,152000.0,113028.0,삼성에스디에스,018260
2024-07-29,153300.0,상승  100,153200.0,154700.0,151300.0,60853.0,삼성에스디에스,018260
2024-07-30,146600.0,"하락  6,700",151500.0,151800.0,146600.0,190325.0,삼성에스디에스,018260
2024-07-31,147600.0,"상승  1,000",147600.0,149300.0,146300.0,121686.0,삼성에스디에스,018260
2024-08-01,146800.0,하락  800,147700.0,150300.0,146700.0,118386.0,삼성에스디에스,018260
2024-08-02,143500.0,"하락  3,300",145200.0,145300.0,143000.0,95635.0,삼성에스디에스,018260
2024-08-05,135100.0,"하락  8,400",142000.0,142300.0,133900.0,259938.0,삼성에스디에스,018260
2024-08-06,139500.0,"상승  4,400",140300.0,141900.0,134200.0,203789.0,삼성에스디에스,018260
2024-08-07,143800.0,"상승  4,300",136400.0,145900.0,136400.0,141144.0,삼성에스디에스,018260
2024-08-08,142900.0,하락  900,140800.0,144200.0,139800.0,131004.0,삼성에스디에스,018260
2024-08-09,140900.0,"하락  2,000",143300.0,144700.0,140900.0,116100.0,삼성에스디에스,018260
2024-08-12,141700.0,상승  800,142100.0,143500.0,141100.0,86732.0,삼성에스디에스,018260
2024-08-13,143000.0,"상승  1,300",141100.0,144000.0,140600.0,74797.0,삼성에스디에스,018260
2024-08-14,142600.0,하락  400,144100.0,144900.0,142300.0,62102.0,삼성에스디에스,018260
2024-08-16,142700.0,상승  100,144900.0,145900.0,142700.0,88354.0,삼성에스디에스,018260
2024-08-19,141800.0,하락  900,142200.0,143000.0,141300.0,72523.0,삼성에스디에스,018260
2024-08-20,142100.0,상승  300,142900.0,143100.0,140600.0,77387.0,삼성에스디에스,018260
2024-08-21,146300.0,"상승  4,200",141500.0,147400.0,141500.0,129581.0,삼성에스디에스,018260
2024-08-22,150400.0,"상승  4,100",147500.0,150800.0,147000.0,205445.0,삼성에스디에스,018260
2024-08-23,148900.0,"하락  1,500",149500.0,150500.0,148100.0,79355.0,삼성에스디에스,018260
2024-08-26,152000.0,"상승  3,100",148500.0,152500.0,148300.0,101098.0,삼성에스디에스,018260
2024-08-27,152400.0,상승  400,151800.0,154100.0,150700.0,150475.0,삼성에스디에스,018260
2024-08-28,149500.0,"하락  2,900",151500.0,152300.0,148300.0,89912.0,삼성에스디에스,018260
2024-08-29,150400.0,상승  900,149100.0,151000.0,146800.0,101259.0,삼성에스디에스,018260
2024-08-30,150700.0,상승  300,151800.0,151900.0,149600.0,148639.0,삼성에스디에스,018260
2024-09-02,152600.0,"상승  1,900",150700.0,153100.0,149100.0,84706.0,삼성에스디에스,018260
2024-09-03,155600.0,"상승  3,000",152500.0,156600.0,151500.0,156599.0,삼성에스디에스,018260
2024-09-04,157400.0,"상승  1,800",150900.0,159000.0,149400.0,287263.0,삼성에스디에스,018260
2024-09-05,158300.0,상승  900,156700.0,159900.0,156000.0,165578.0,삼성에스디에스,018260
2024-09-06,151500.0,"하락  6,800",158800.0,158800.0,151500.0,142499.0,삼성에스디에스,018260
2024-09-09,155000.0,"상승  3,500",148200.0,156000.0,148000.0,113854.0,삼성에스디에스,018260
2024-09-10,158500.0,"상승  3,500",154600.0,162000.0,154400.0,240453.0,삼성에스디에스,018260
2024-09-11,156900.0,"하락  1,600",160000.0,163600.0,156700.0,152394.0,삼성에스디에스,018260
2024-09-12,160400.0,"상승  3,500",158800.0,162000.0,156800.0,152145.0,삼성에스디에스,018260
2024-09-13,164800.0,"상승  4,400",161000.0,165000.0,160200.0,210546.0,삼성에스디에스,018260
2024-09-19,161900.0,"하락  2,900",166000.0,166000.0,156000.0,276400.0,삼성에스디에스,018260
2024-09-20,158000.0,"하락  3,900",162400.0,163000.0,158000.0,211535.0,삼성에스디에스,018260
2024-09-23,157200.0,하락  800,159900.0,160300.0,154500.0,113315.0,삼성에스디에스,018260
2024-09-24,154000.0,"하락  3,200",157200.0,157900.0,152100.0,213838.0,삼성에스디에스,018260
2024-09-25,153400.0,하락  600,156600.0,159400.0,153400.0,145061.0,삼성에스디에스,018260
2024-09-26,155400.0,"상승  2,000",154900.0,155700.0,153300.0,109066.0,삼성에스디에스,018260
2024-09-27,153900.0,"하락  1,500",154700.0,155500.0,153200.0,95306.0,삼성에스디에스,018260
2024-09-30,154700.0,상승  800,156800.0,160700.0,154700.0,195561.0,삼성에스디에스,018260
2024-10-02,150900.0,"하락  3,800",153800.0,154800.0,150700.0,137478.0,삼성에스디에스,018260
2024-10-04,150700.0,하락  200,151200.0,152200.0,149000.0,85610.0,삼성에스디에스,018260
2024-10-07,149100.0,"하락  1,600",150200.0,150900.0,148700.0,120442.0,삼성에스디에스,018260
2024-10-08,148200.0,하락  900,149100.0,149100.0,146200.0,117952.0,삼성에스디에스,018260
2024-10-10,144600.0,"하락  3,600",149300.0,149300.0,143500.0,189511.0,삼성에스디에스,018260
2024-10-11,146100.0,"상승  1,500",145600.0,147700.0,145000.0,87455.0,삼성에스디에스,018260
2024-10-14,149400.0,"상승  3,300",146200.0,149600.0,144500.0,115261.0,삼성에스디에스,018260
2024-10-15,149500.0,상승  100,149800.0,152500.0,148400.0,137873.0,삼성에스디에스,018260
2024-10-16,149500.0,보합0,149500.0,155800.0,149300.0,136350.0,삼성에스디에스,018260
2024-10-17,150600.0,"상승  1,100",149500.0,151000.0,147900.0,80459.0,삼성에스디에스,018260
2024-10-18,146900.0,"하락  3,700",152200.0,152200.0,146500.0,81484.0,삼성에스디에스,018260
2024-10-21,148400.0,"상승  1,500",147300.0,149800.0,144100.0,91999.0,삼성에스디에스,018260
2024-10-22,146300.0,"하락  2,100",146300.0,148800.0,144300.0,94879.0,삼성에스디에스,018260
2024-10-23,145300.0,"하락  1,000",147600.0,147600.0,144900.0,110737.0,삼성에스디에스,018260
2024-10-24,145200.0,하락  100,145300.0,147800.0,144100.0,80466.0,삼성에스디에스,018260
2024-10-25,141900.0,"하락  3,300",146600.0,146700.0,141600.0,82746.0,삼성에스디에스,018260
2024-10-28,146500.0,"상승  4,600",143300.0,148500.0,142300.0,116149.0,삼성에스디에스,018260
2024-10-29,148600.0,"상승  2,100",145800.0,150700.0,144700.0,96215.0,삼성에스디에스,018260
2024-10-30,152000.0,"상승  3,400",151200.0,154900.0,150100.0,310323.0,삼성에스디에스,018260
2024-10-31,143100.0,"하락  8,900",151800.0,153400.0,143100.0,307913.0,삼성에스디에스,018260
2024-11-01,142600.0,하락  500,143500.0,144800.0,141800.0,103806.0,삼성에스디에스,018260
2024-11-04,141000.0,"하락  1,600",142700.0,143400.0,139500.0,144475.0,삼성에스디에스,018260
2024-11-05,136500.0,"하락  4,500",140100.0,141000.0,135600.0,232470.0,삼성에스디에스,018260
2024-11-06,136200.0,하락  300,137000.0,138100.0,134500.0,193587.0,삼성에스디에스,018260
2024-11-07,135600.0,하락  600,134700.0,138000.0,133300.0,143294.0,삼성에스디에스,018260
2024-11-08,135700.0,상승  100,137100.0,138300.0,134700.0,102009.0,삼성에스디에스,018260
2024-11-11,134300.0,"하락  1,400",134200.0,136100.0,133300.0,67118.0,삼성에스디에스,018260
2024-11-12,137300.0,"상승  3,000",133400.0,139000.0,133400.0,184531.0,삼성에스디에스,018260
2024-11-13,136000.0,"하락  1,300",137300.0,138100.0,133600.0,105767.0,삼성에스디에스,018260
2024-11-14,139400.0,"상승  3,400",137000.0,141000.0,136100.0,242323.0,삼성에스디에스,018260
2024-11-15,139600.0,상승  200,140600.0,143500.0,137300.0,206516.0,삼성에스디에스,018260
2024-11-18,148300.0,"상승  8,700",142300.0,154000.0,140000.0,533400.0,삼성에스디에스,018260
2024-11-19,148300.0,보합0,147600.0,153200.0,147300.0,192752.0,삼성에스디에스,018260
2024-11-20,147500.0,하락  800,147500.0,149700.0,145600.0,116669.0,삼성에스디에스,018260
2024-11-21,146000.0,"하락  1,500",148200.0,148700.0,146000.0,100405.0,삼성에스디에스,018260
2024-11-22,147100.0,"상승  1,100",147500.0,149500.0,145400.0,120506.0,삼성에스디에스,018260
2024-11-25,148800.0,"상승  1,700",148500.0,150900.0,145900.0,219961.0,삼성에스디에스,018260
2024-11-26,151500.0,"상승  2,700",147400.0,153200.0,147400.0,158960.0,삼성에스디에스,018260
2024-11-27,149600.0,"하락  1,900",150600.0,152500.0,148000.0,146528.0,삼성에스디에스,018260
2024-11-28,149800.0,상승  200,149900.0,150800.0,146800.0,96271.0,삼성에스디에스,018260
2024-11-29,146700.0,"하락  3,100",149400.0,149900.0,146100.0,152607.0,삼성에스디에스,018260
2024-12-02,148600.0,"상승  1,900",149100.0,150000.0,146900.0,113010.0,삼성에스디에스,018260
2024-12-03,138000.0,"하락  10,600",150500.0,151200.0,136800.0,533405.0,삼성에스디에스,018260
2024-12-04,136500.0,"하락  1,500",135600.0,137700.0,133600.0,262347.0,삼성에스디에스,018260
2024-12-05,136100.0,하락  400,136500.0,137900.0,135300.0,139220.0,삼성에스디에스,018260
2024-12-06,136100.0,보합0,135500.0,139400.0,134400.0,188270.0,삼성에스디에스,018260
2024-12-09,132400.0,"하락  3,700",136100.0,136100.0,131300.0,145952.0,삼성에스디에스,018260
2024-12-10,136900.0,"상승  4,500",133500.0,137800.0,133400.0,129403.0,삼성에스디에스,018260
2024-12-11,137900.0,"상승  1,000",136100.0,139000.0,135400.0,147862.0,삼성에스디에스,018260
2024-12-12,138500.0,상승  600,138700.0,140900.0,137600.0,222106.0,삼성에스디에스,018260
2024-12-13,140400.0,"상승  1,900",138100.0,140400.0,138000.0,106808.0,삼성에스디에스,018260
2024-12-16,138700.0,"하락  1,700",140500.0,141600.0,138400.0,96854.0,삼성에스디에스,018260
2024-12-17,133700.0,"하락  5,000",140000.0,140000.0,133100.0,210760.0,삼성에스디에스,018260
2024-12-18,134400.0,상승  700,133700.0,134400.0,133200.0,160688.0,삼성에스디에스,018260
2024-12-19,132000.0,"하락  2,400",132500.0,132800.0,129200.0,207331.0,삼성에스디에스,018260
2024-12-20,134000.0,"상승  2,000",131100.0,134000.0,130100.0,303766.0,삼성에스디에스,018260
2024-12-23,134000.0,보합0,135500.0,135500.0,131200.0,89085.0,삼성에스디에스,018260
2024-12-24,131900.0,"하락  2,100",133600.0,133900.0,131700.0,68557.0,삼성에스디에스,018260
2024-12-26,129300.0,"하락  2,600",132700.0,132700.0,129000.0,143804.0,삼성에스디에스,018260
2024-12-27,127800.0,"하락  1,500",128000.0,128700.0,125400.0,147086.0,삼성에스디에스,018260
2024-12-30,127800.0,보합0,127500.0,129100.0,126600.0,118374.0,삼성에스디에스,018260
2025-01-02,124500.0,"하락  3,300",127500.0,128300.0,122500.0,171775.0,삼성에스디에스,018260
2025-01-03,128000.0,"상승  3,500",124400.0,128600.0,124400.0,137043.0,삼성에스디에스,018260
2025-01-06,129200.0,"상승  1,200",128500.0,130100.0,128200.0,104401.0,삼성에스디에스,018260
2025-01-07,125600.0,"하락  3,600",129600.0,130400.0,125400.0,161015.0,삼성에스디에스,018260
2025-01-08,129900.0,"상승  4,300",125000.0,132000.0,125000.0,195346.0,삼성에스디에스,018260
2025-01-09,127700.0,"하락  2,200",129500.0,130200.0,127400.0,134211.0,삼성에스디에스,018260
2025-01-10,128000.0,상승  300,128000.0,129000.0,126300.0,117046.0,삼성에스디에스,018260
2025-01-13,125000.0,"하락  3,000",128000.0,128400.0,124400.0,133627.0,삼성에스디에스,018260
2025-01-14,124300.0,하락  700,125500.0,125800.0,124100.0,121896.0,삼성에스디에스,018260
2025-01-15,123600.0,하락  700,124800.0,126000.0,122600.0,168611.0,삼성에스디에스,018260
2025-01-16,125200.0,"상승  1,600",124700.0,125300.0,124000.0,130493.0,삼성에스디에스,018260
2025-01-17,124000.0,"하락  1,200",125000.0,125000.0,123200.0,116390.0,삼성에스디에스,018260
2025-01-20,124600.0,상승  600,124400.0,124600.0,122900.0,85488.0,삼성에스디에스,018260
2025-01-21,123200.0,"하락  1,400",125700.0,126400.0,122000.0,153664.0,삼성에스디에스,018260
2025-01-22,126100.0,"상승  2,900",123400.0,126900.0,122800.0,150220.0,삼성에스디에스,018260
2025-01-23,121400.0,"하락  4,700",126100.0,128900.0,120900.0,302700.0,삼성에스디에스,018260
2025-01-24,113700.0,"하락  7,700",121200.0,121200.0,113100.0,793055.0,삼성에스디에스,018260
2025-01-31,120700.0,"상승  7,000",114900.0,120700.0,114700.0,407844.0,삼성에스디에스,018260
2025-02-03,122700.0,"상승  2,000",119200.0,123200.0,118300.0,261098.0,삼성에스디에스,018260
2025-02-04,125700.0,"상승  3,000",125000.0,128000.0,123900.0,345751.0,삼성에스디에스,018260
2025-02-05,127300.0,"상승  1,600",125800.0,129500.0,124800.0,254589.0,삼성에스디에스,018260
2025-02-06,127300.0,보합0,127900.0,128700.0,125700.0,127379.0,삼성에스디에스,018260
2025-02-07,126400.0,하락  900,126100.0,127700.0,125300.0,100357.0,삼성에스디에스,018260
2025-02-10,126300.0,하락  100,126300.0,127100.0,124600.0,116998.0,삼성에스디에스,018260
2025-02-11,125500.0,하락  800,126300.0,127500.0,124800.0,107139.0,삼성에스디에스,018260
2025-02-12,126300.0,상승  800,126000.0,126800.0,125000.0,74412.0,삼성에스디에스,018260
2025-02-13,125300.0,"하락  1,000",126300.0,126700.0,124800.0,130765.0,삼성에스디에스,018260
2025-02-14,129000.0,"상승  3,700",125400.0,130500.0,125400.0,178851.0,삼성에스디에스,018260
2025-02-17,130900.0,"상승  1,900",130000.0,131600.0,129500.0,130643.0,삼성에스디에스,018260
2025-02-18,129600.0,"하락  1,300",130100.0,131000.0,128100.0,144008.0,삼성에스디에스,018260
2025-02-19,130900.0,"상승  1,300",129600.0,132300.0,129400.0,97678.0,삼성에스디에스,018260
2025-02-20,130000.0,하락  900,129200.0,131000.0,129200.0,98388.0,삼성에스디에스,018260
2025-02-21,129000.0,"하락  1,000",130000.0,130000.0,128200.0,80338.0,삼성에스디에스,018260
2025-02-24,129700.0,상승  700,128000.0,129800.0,128000.0,61440.0,삼성에스디에스,018260
2025-02-25,126000.0,"하락  3,700",129100.0,129500.0,126000.0,131991.0,삼성에스디에스,018260
2025-02-26,127100.0,"상승  1,100",126000.0,127900.0,124900.0,115438.0,삼성에스디에스,018260
2025-02-27,126900.0,하락  200,126500.0,126900.0,124500.0,131436.0,삼성에스디에스,018260
2025-02-28,123300.0,"하락  3,600",125000.0,125600.0,122600.0,179173.0,삼성에스디에스,018260
2025-03-04,121600.0,"하락  1,700",122900.0,123900.0,121300.0,95668.0,삼성에스디에스,018260
2025-03-05,122900.0,"상승  1,300",122800.0,124200.0,121700.0,108027.0,삼성에스디에스,018260
2025-03-06,122300.0,하락  600,122600.0,124100.0,121600.0,124378.0,삼성에스디에스,018260
2025-03-07,120900.0,"하락  1,400",121200.0,122200.0,119900.0,130135.0,삼성에스디에스,018260
2025-03-10,119600.0,"하락  1,300",120100.0,121500.0,119000.0,119796.0,삼성에스디에스,018260
2025-03-11,118500.0,"하락  1,100",118000.0,119800.0,117100.0,106466.0,삼성에스디에스,018260
2025-03-12,119100.0,상승  600,118800.0,120100.0,118200.0,121528.0,삼성에스디에스,018260
2025-03-13,119200.0,상승  100,119100.0,121800.0,118600.0,160573.0,삼성에스디에스,018260
2025-03-14,120200.0,"상승  1,000",119500.0,120900.0,118600.0,109152.0,삼성에스디에스,018260
2025-03-17,122800.0,"상승  2,600",121000.0,123000.0,120400.0,120017.0,삼성에스디에스,018260
2025-03-18,121700.0,"하락  1,100",123600.0,124200.0,121600.0,96542.0,삼성에스디에스,018260
2025-03-19,122100.0,상승  400,122000.0,123300.0,121000.0,96307.0,삼성에스디에스,018260
2025-03-20,122500.0,상승  400,122300.0,123800.0,122100.0,109626.0,삼성에스디에스,018260
2025-03-21,121200.0,"하락  1,300",122000.0,122800.0,120800.0,205785.0,삼성에스디에스,018260
2025-03-24,120300.0,하락  900,120500.0,121500.0,119100.0,101912.0,삼성에스디에스,018260
2025-03-25,120600.0,상승  300,120500.0,121400.0,119800.0,79638.0,삼성에스디에스,018260
2025-03-26,121500.0,상승  900,121100.0,122700.0,120100.0,86443.0,삼성에스디에스,018260
2025-03-27,121000.0,하락  500,120500.0,122000.0,119700.0,70109.0,삼성에스디에스,018260
2025-03-28,118600.0,"하락  2,400",122100.0,122100.0,117700.0,118049.0,삼성에스디에스,018260
2025-03-31,116200.0,"하락  2,400",118100.0,118100.0,116000.0,132533.0,삼성에스디에스,018260
2025-04-01,118100.0,"상승  1,900",116400.0,118700.0,116400.0,76387.0,삼성에스디에스,018260
2025-04-02,116900.0,"하락  1,200",117600.0,118300.0,114800.0,167526.0,삼성에스디에스,018260
2025-04-03,116800.0,하락  100,114000.0,117000.0,113800.0,89520.0,삼성에스디에스,018260
2025-04-04,117200.0,상승  400,116200.0,117900.0,115200.0,114275.0,삼성에스디에스,018260
2025-04-07,112300.0,"하락  4,900",114500.0,114800.0,111700.0,133845.0,삼성에스디에스,018260
2025-04-08,110200.0,"하락  2,100",113800.0,114100.0,110100.0,110012.0,삼성에스디에스,018260
2025-04-09,109600.0,하락  600,109600.0,112700.0,109000.0,144523.0,삼성에스디에스,018260
2025-04-10,113200.0,"상승  3,600",113500.0,113600.0,111300.0,140874.0,삼성에스디에스,018260
2025-04-11,115300.0,"상승  2,100",111500.0,115300.0,111400.0,110312.0,삼성에스디에스,018260
2025-04-14,114900.0,하락  400,115300.0,116300.0,114500.0,90051.0,삼성에스디에스,018260
2025-04-15,115800.0,상승  900,115000.0,116100.0,114400.0,88867.0,삼성에스디에스,018260
2025-04-16,115400.0,하락  400,115500.0,116500.0,115300.0,51045.0,삼성에스디에스,018260
2025-04-17,116200.0,상승  800,115900.0,116300.0,115100.0,77648.0,삼성에스디에스,018260
2025-04-18,116400.0,상승  200,115900.0,116700.0,115400.0,41471.0,삼성에스디에스,018260
2025-04-21,116900.0,상승  500,116800.0,117500.0,116000.0,35843.0,삼성에스디에스,018260
2025-04-22,117800.0,상승  900,116700.0,119200.0,116300.0,81096.0,삼성에스디에스,018260
2025-04-23,119200.0,"상승  1,400",119100.0,119200.0,117500.0,78977.0,삼성에스디에스,018260
2025-04-24,124300.0,"상승  5,100",119000.0,125500.0,117700.0,331275.0,삼성에스디에스,018260
2025-04-25,123400.0,하락  900,124500.0,125800.0,122900.0,143492.0,삼성에스디에스,018260
2025-04-28,127400.0,"상승  4,000",123400.0,128300.0,123400.0,201789.0,삼성에스디에스,018260
2025-04-29,128300.0,상승  900,127300.0,128600.0,126700.0,102970.0,삼성에스디에스,018260
2025-04-30,128400.0,상승  100,128400.0,129400.0,127800.0,109613.0,삼성에스디에스,018260
2025-05-02,128800.0,상승  400,127500.0,129200.0,127000.0,94377.0,삼성에스디에스,018260
2025-05-07,128000.0,하락  800,129200.0,129500.0,127200.0,121371.0,삼성에스디에스,018260
2025-05-08,128500.0,상승  500,127200.0,130100.0,126800.0,129968.0,삼성에스디에스,018260
2025-05-09,129000.0,상승  500,128500.0,129500.0,127100.0,72175.0,삼성에스디에스,018260
2025-05-12,131000.0,"상승  2,000",129800.0,131100.0,128500.0,91456.0,삼성에스디에스,018260
2025-05-13,130500.0,하락  500,129700.0,131600.0,129500.0,73321.0,삼성에스디에스,018260
2025-05-14,131000.0,상승  500,130900.0,131300.0,128300.0,86778.0,삼성에스디에스,018260
2025-05-15,129200.0,"하락  1,800",129500.0,131100.0,129100.0,60617.0,삼성에스디에스,018260
2025-05-16,129400.0,상승  200,129700.0,130700.0,128900.0,51686.0,삼성에스디에스,018260
2025-05-19,132800.0,"상승  3,400",130200.0,133500.0,129500.0,170737.0,삼성에스디에스,018260
2025-05-20,127700.0,"하락  5,100",131000.0,133000.0,127300.0,144393.0,삼성에스디에스,018260
2025-05-21,134600.0,"상승  6,900",128500.0,136100.0,127100.0,271342.0,삼성에스디에스,018260
2025-05-22,130900.0,"하락  3,700",133400.0,134700.0,130400.0,102772.0,삼성에스디에스,018260
2025-05-23,130500.0,하락  400,130900.0,132800.0,130500.0,73502.0,삼성에스디에스,018260
2025-05-26,134400.0,"상승  3,900",131300.0,134400.0,131000.0,76022.0,삼성에스디에스,018260
2025-05-27,133700.0,하락  700,134000.0,135000.0,133100.0,91728.0,삼성에스디에스,018260
2025-05-28,132700.0,"하락  1,000",134400.0,135300.0,132700.0,115382.0,삼성에스디에스,018260
2025-05-29,132900.0,상승  200,134100.0,134100.0,130700.0,110020.0,삼성에스디에스,018260
