날짜,종가,전일비,시가,고가,저가,거래량,회사명,종목코드
2020-03-13,167500.0,"하락  7,500",159000.0,175000.0,158500.0,224625.0,삼성화재해상보험,000810
2020-03-16,158500.0,"하락  9,000",163000.0,167000.0,157500.0,178133.0,삼성화재해상보험,000810
2020-03-17,149500.0,"하락  9,000",150500.0,154500.0,148000.0,229767.0,삼성화재해상보험,000810
2020-03-18,138000.0,"하락  11,500",147000.0,148500.0,137000.0,261880.0,삼성화재해상보험,000810
2020-03-19,126000.0,"하락  12,000",139000.0,139500.0,118000.0,325928.0,삼성화재해상보험,000810
2020-03-20,129500.0,"상승  3,500",129000.0,132000.0,119500.0,239608.0,삼성화재해상보험,000810
2020-03-23,137500.0,"상승  8,000",120000.0,140500.0,117500.0,243535.0,삼성화재해상보험,000810
2020-03-24,145000.0,"상승  7,500",134500.0,146000.0,132000.0,168219.0,삼성화재해상보험,000810
2020-03-25,153000.0,"상승  8,000",149000.0,155000.0,143000.0,271935.0,삼성화재해상보험,000810
2020-03-26,145500.0,"하락  7,500",150500.0,152500.0,144500.0,192964.0,삼성화재해상보험,000810
2020-03-27,151500.0,"상승  6,000",151000.0,156000.0,147000.0,189973.0,삼성화재해상보험,000810
2020-03-30,146500.0,"하락  5,000",147000.0,150000.0,143000.0,192605.0,삼성화재해상보험,000810
2020-03-31,154000.0,"상승  7,500",148000.0,156500.0,148000.0,203980.0,삼성화재해상보험,000810
2020-04-01,150000.0,"하락  4,000",156500.0,162500.0,148500.0,192567.0,삼성화재해상보험,000810
2020-04-02,173000.0,"상승  23,000",157000.0,174000.0,153000.0,365885.0,삼성화재해상보험,000810
2020-04-03,170000.0,"하락  3,000",167000.0,172000.0,165000.0,168436.0,삼성화재해상보험,000810
2020-04-06,174000.0,"상승  4,000",171500.0,179000.0,170500.0,118249.0,삼성화재해상보험,000810
2020-04-07,173000.0,"하락  1,000",173500.0,178000.0,172000.0,180438.0,삼성화재해상보험,000810
2020-04-08,174000.0,"상승  1,000",171500.0,180000.0,170500.0,169370.0,삼성화재해상보험,000810
2020-04-09,175500.0,"상승  1,500",175000.0,179000.0,174500.0,161809.0,삼성화재해상보험,000810
2020-04-10,183000.0,"상승  7,500",174500.0,184000.0,172000.0,199766.0,삼성화재해상보험,000810
2020-04-13,187000.0,"상승  4,000",178500.0,191000.0,178500.0,138039.0,삼성화재해상보험,000810
2020-04-14,193000.0,"상승  6,000",188000.0,193000.0,186000.0,104558.0,삼성화재해상보험,000810
2020-04-16,191500.0,"하락  1,500",190000.0,192500.0,188500.0,135375.0,삼성화재해상보험,000810
2020-04-17,191500.0,보합0,191000.0,196000.0,191000.0,134314.0,삼성화재해상보험,000810
2020-04-20,189000.0,"하락  2,500",189500.0,192000.0,189000.0,113496.0,삼성화재해상보험,000810
2020-04-21,186500.0,"하락  2,500",189000.0,191500.0,182000.0,138565.0,삼성화재해상보험,000810
2020-04-22,185000.0,"하락  1,500",186000.0,188000.0,181500.0,117665.0,삼성화재해상보험,000810
2020-04-23,190000.0,"상승  5,000",183500.0,191500.0,183500.0,103621.0,삼성화재해상보험,000810
2020-04-24,184500.0,"하락  5,500",186000.0,190000.0,184500.0,105139.0,삼성화재해상보험,000810
2020-04-27,191500.0,"상승  7,000",184500.0,194500.0,183000.0,194174.0,삼성화재해상보험,000810
2020-04-28,191000.0,하락  500,190500.0,195000.0,189500.0,82929.0,삼성화재해상보험,000810
2020-04-29,190500.0,하락  500,192000.0,195000.0,190500.0,98142.0,삼성화재해상보험,000810
2020-05-04,182500.0,"하락  8,000",185000.0,187000.0,182000.0,170388.0,삼성화재해상보험,000810
2020-05-06,185500.0,"상승  3,000",189500.0,189500.0,183500.0,92176.0,삼성화재해상보험,000810
2020-05-07,182500.0,"하락  3,000",182500.0,186000.0,182500.0,73563.0,삼성화재해상보험,000810
2020-05-08,186500.0,"상승  4,000",183500.0,187000.0,183500.0,73324.0,삼성화재해상보험,000810
2020-05-11,186000.0,하락  500,185500.0,188500.0,185000.0,80185.0,삼성화재해상보험,000810
2020-05-12,183500.0,"하락  2,500",185000.0,186000.0,182500.0,86672.0,삼성화재해상보험,000810
2020-05-13,189000.0,"상승  5,500",182000.0,189500.0,181500.0,101716.0,삼성화재해상보험,000810
2020-05-14,197000.0,"상승  8,000",189000.0,197500.0,188000.0,195699.0,삼성화재해상보험,000810
2020-05-15,196500.0,하락  500,193500.0,201000.0,192000.0,135037.0,삼성화재해상보험,000810
2020-05-18,196500.0,보합0,198500.0,199500.0,193500.0,86680.0,삼성화재해상보험,000810
2020-05-19,196000.0,하락  500,197000.0,202000.0,196000.0,86943.0,삼성화재해상보험,000810
2020-05-20,197000.0,"상승  1,000",199000.0,199000.0,194500.0,108999.0,삼성화재해상보험,000810
2020-05-21,194000.0,"하락  3,000",196000.0,196000.0,193000.0,92197.0,삼성화재해상보험,000810
2020-05-22,193000.0,"하락  1,000",197000.0,197000.0,189000.0,137305.0,삼성화재해상보험,000810
2020-05-25,192500.0,하락  500,194500.0,194500.0,190000.0,57286.0,삼성화재해상보험,000810
2020-05-26,193000.0,상승  500,193000.0,198500.0,192000.0,118214.0,삼성화재해상보험,000810
2020-05-27,193000.0,보합0,191000.0,198000.0,190000.0,98444.0,삼성화재해상보험,000810
2020-05-28,189500.0,"하락  3,500",192000.0,193500.0,187500.0,170336.0,삼성화재해상보험,000810
2020-05-29,182500.0,"하락  7,000",187500.0,188000.0,182500.0,337176.0,삼성화재해상보험,000810
2020-06-01,186500.0,"상승  4,000",183500.0,188000.0,183500.0,97485.0,삼성화재해상보험,000810
2020-06-02,203000.0,"상승  16,500",185000.0,208000.0,184500.0,301777.0,삼성화재해상보험,000810
2020-06-03,206000.0,"상승  3,000",203000.0,208000.0,202500.0,130289.0,삼성화재해상보험,000810
2020-06-04,204000.0,"하락  2,000",206000.0,210000.0,201000.0,123653.0,삼성화재해상보험,000810
2020-06-05,202000.0,"하락  2,000",200500.0,203000.0,198500.0,199260.0,삼성화재해상보험,000810
2020-06-08,198500.0,"하락  3,500",206000.0,206500.0,197000.0,170262.0,삼성화재해상보험,000810
2020-06-09,199000.0,상승  500,198500.0,201500.0,197500.0,115087.0,삼성화재해상보험,000810
2020-06-10,198000.0,"하락  1,000",202000.0,202000.0,197000.0,122628.0,삼성화재해상보험,000810
2020-06-11,193000.0,"하락  5,000",195500.0,196500.0,190500.0,217527.0,삼성화재해상보험,000810
2020-06-12,184000.0,"하락  9,000",186500.0,190000.0,184000.0,171353.0,삼성화재해상보험,000810
2020-06-15,178000.0,"하락  6,000",180500.0,190500.0,178000.0,232634.0,삼성화재해상보험,000810
2020-06-16,187500.0,"상승  9,500",182000.0,188000.0,179000.0,126935.0,삼성화재해상보험,000810
2020-06-17,191000.0,"상승  3,500",187000.0,192000.0,184000.0,139024.0,삼성화재해상보험,000810
2020-06-18,187500.0,"하락  3,500",187000.0,192500.0,186500.0,67752.0,삼성화재해상보험,000810
2020-06-19,186000.0,"하락  1,500",191000.0,191000.0,186000.0,116563.0,삼성화재해상보험,000810
2020-06-22,185000.0,"하락  1,000",183500.0,188500.0,183000.0,59217.0,삼성화재해상보험,000810
2020-06-23,188500.0,"상승  3,500",185000.0,190500.0,183500.0,98898.0,삼성화재해상보험,000810
2020-06-24,186500.0,"하락  2,000",187000.0,189500.0,186000.0,81807.0,삼성화재해상보험,000810
2020-06-25,178000.0,"하락  8,500",183000.0,183500.0,178000.0,123282.0,삼성화재해상보험,000810
2020-06-26,179500.0,"상승  1,500",180000.0,182000.0,178000.0,71421.0,삼성화재해상보험,000810
2020-06-29,176000.0,"하락  3,500",179000.0,180000.0,175500.0,72248.0,삼성화재해상보험,000810
2020-06-30,176000.0,보합0,176000.0,181000.0,175500.0,83108.0,삼성화재해상보험,000810
2020-07-01,180000.0,"상승  4,000",177000.0,182000.0,177000.0,57461.0,삼성화재해상보험,000810
2020-07-02,181000.0,"상승  1,000",179000.0,183000.0,179000.0,61061.0,삼성화재해상보험,000810
2020-07-03,183000.0,"상승  2,000",181000.0,183000.0,181000.0,40387.0,삼성화재해상보험,000810
2020-07-06,187500.0,"상승  4,500",185000.0,189500.0,180500.0,82337.0,삼성화재해상보험,000810
2020-07-07,187500.0,보합0,191000.0,191000.0,186500.0,85226.0,삼성화재해상보험,000810
2020-07-08,185500.0,"하락  2,000",191000.0,191000.0,185000.0,71506.0,삼성화재해상보험,000810
2020-07-09,185500.0,보합0,185500.0,187500.0,184500.0,91334.0,삼성화재해상보험,000810
2020-07-10,178000.0,"하락  7,500",187500.0,187500.0,178000.0,113945.0,삼성화재해상보험,000810
2020-07-13,182500.0,"상승  4,500",180500.0,186000.0,178000.0,84562.0,삼성화재해상보험,000810
2020-07-14,180500.0,"하락  2,000",182000.0,184000.0,179500.0,73438.0,삼성화재해상보험,000810
2020-07-15,180500.0,보합0,182000.0,184500.0,180500.0,95956.0,삼성화재해상보험,000810
2020-07-16,185000.0,"상승  4,500",181000.0,186500.0,180000.0,124634.0,삼성화재해상보험,000810
2020-07-17,185500.0,상승  500,186500.0,188000.0,185000.0,77182.0,삼성화재해상보험,000810
2020-07-20,182000.0,"하락  3,500",185000.0,186500.0,181500.0,63137.0,삼성화재해상보험,000810
2020-07-21,183500.0,"상승  1,500",182500.0,184000.0,181000.0,86932.0,삼성화재해상보험,000810
2020-07-22,183000.0,하락  500,182500.0,187500.0,182500.0,75776.0,삼성화재해상보험,000810
2020-07-23,179000.0,"하락  4,000",183000.0,183000.0,178500.0,123044.0,삼성화재해상보험,000810
2020-07-24,177000.0,"하락  2,000",177000.0,178500.0,176000.0,67862.0,삼성화재해상보험,000810
2020-07-27,177000.0,보합0,176500.0,180000.0,176000.0,80894.0,삼성화재해상보험,000810
2020-07-28,175500.0,"하락  1,500",177000.0,178000.0,174000.0,177633.0,삼성화재해상보험,000810
2020-07-29,178500.0,"상승  3,000",174000.0,181000.0,172500.0,172710.0,삼성화재해상보험,000810
2020-07-30,175500.0,"하락  3,000",179000.0,179500.0,175500.0,97472.0,삼성화재해상보험,000810
2020-07-31,171500.0,"하락  4,000",175000.0,175500.0,170500.0,197887.0,삼성화재해상보험,000810
2020-08-03,167000.0,"하락  4,500",171500.0,171500.0,167000.0,122085.0,삼성화재해상보험,000810
2020-08-04,167000.0,보합0,166000.0,168500.0,164500.0,197838.0,삼성화재해상보험,000810
2020-08-05,164500.0,"하락  2,500",166000.0,166500.0,163500.0,155241.0,삼성화재해상보험,000810
2020-08-06,166500.0,"상승  2,000",163000.0,168000.0,163000.0,187204.0,삼성화재해상보험,000810
2020-08-07,164500.0,"하락  2,000",166000.0,166500.0,163000.0,127567.0,삼성화재해상보험,000810
2020-08-10,165500.0,"상승  1,000",163500.0,167000.0,162500.0,319365.0,삼성화재해상보험,000810
2020-08-11,174500.0,"상승  9,000",165000.0,175000.0,165000.0,311788.0,삼성화재해상보험,000810
2020-08-12,178500.0,"상승  4,000",173500.0,179500.0,173500.0,212097.0,삼성화재해상보험,000810
2020-08-13,187000.0,"상승  8,500",180000.0,192000.0,180000.0,563113.0,삼성화재해상보험,000810
2020-08-14,189000.0,"상승  2,000",188000.0,191000.0,182500.0,315731.0,삼성화재해상보험,000810
2020-08-18,179500.0,"하락  9,500",186500.0,187000.0,179000.0,197936.0,삼성화재해상보험,000810
2020-08-19,187500.0,"상승  8,000",179000.0,189500.0,178500.0,225856.0,삼성화재해상보험,000810
2020-08-20,177500.0,"하락  10,000",185500.0,186500.0,177500.0,177302.0,삼성화재해상보험,000810
2020-08-21,178500.0,"상승  1,000",180500.0,184000.0,177500.0,102036.0,삼성화재해상보험,000810
2020-08-24,178500.0,보합0,178000.0,180000.0,173500.0,101751.0,삼성화재해상보험,000810
2020-08-25,184500.0,"상승  6,000",180500.0,185500.0,179000.0,130220.0,삼성화재해상보험,000810
2020-08-26,182000.0,"하락  2,500",183000.0,184500.0,179000.0,86680.0,삼성화재해상보험,000810
2020-08-27,180000.0,"하락  2,000",180500.0,182000.0,178500.0,132017.0,삼성화재해상보험,000810
2020-08-28,184000.0,"상승  4,000",182000.0,185000.0,180000.0,146839.0,삼성화재해상보험,000810
2020-08-31,187000.0,"상승  3,000",185500.0,188500.0,185000.0,226029.0,삼성화재해상보험,000810
2020-09-01,191000.0,"상승  4,000",185500.0,196500.0,185500.0,281291.0,삼성화재해상보험,000810
2020-09-02,191500.0,상승  500,192500.0,194000.0,187000.0,106307.0,삼성화재해상보험,000810
2020-09-03,188000.0,"하락  3,500",189500.0,192000.0,186500.0,74969.0,삼성화재해상보험,000810
2020-09-04,182000.0,"하락  6,000",184000.0,186500.0,180500.0,112624.0,삼성화재해상보험,000810
2020-09-07,183500.0,"상승  1,500",181000.0,185500.0,180000.0,97572.0,삼성화재해상보험,000810
2020-09-08,184000.0,상승  500,183500.0,185000.0,182500.0,84396.0,삼성화재해상보험,000810
2020-09-09,186000.0,"상승  2,000",183000.0,186000.0,181500.0,90418.0,삼성화재해상보험,000810
2020-09-10,185000.0,"하락  1,000",185000.0,188000.0,183500.0,122392.0,삼성화재해상보험,000810
2020-09-11,189000.0,"상승  4,000",183000.0,189500.0,183000.0,110083.0,삼성화재해상보험,000810
2020-09-14,189000.0,보합0,189500.0,192000.0,188500.0,93087.0,삼성화재해상보험,000810
2020-09-15,189500.0,상승  500,188000.0,190000.0,186500.0,67965.0,삼성화재해상보험,000810
2020-09-16,190000.0,상승  500,191000.0,193000.0,189500.0,73719.0,삼성화재해상보험,000810
2020-09-17,187500.0,"하락  2,500",189500.0,192000.0,187000.0,85350.0,삼성화재해상보험,000810
2020-09-18,186500.0,"하락  1,000",188000.0,188500.0,186000.0,78831.0,삼성화재해상보험,000810
2020-09-21,184000.0,"하락  2,500",187000.0,189000.0,184000.0,46811.0,삼성화재해상보험,000810
2020-09-22,180000.0,"하락  4,000",184000.0,186500.0,180000.0,78330.0,삼성화재해상보험,000810
2020-09-23,179500.0,하락  500,180000.0,184000.0,179000.0,98253.0,삼성화재해상보험,000810
2020-09-24,182500.0,"상승  3,000",179000.0,182500.0,176500.0,119219.0,삼성화재해상보험,000810
2020-09-25,178500.0,"하락  4,000",184000.0,184000.0,178500.0,74906.0,삼성화재해상보험,000810
2020-09-28,179500.0,"상승  1,000",180000.0,181500.0,179000.0,45915.0,삼성화재해상보험,000810
2020-09-29,182000.0,"상승  2,500",182000.0,184500.0,180500.0,80896.0,삼성화재해상보험,000810
2020-10-05,185000.0,"상승  3,000",180500.0,186500.0,180500.0,97162.0,삼성화재해상보험,000810
2020-10-06,185000.0,보합0,184000.0,187000.0,183500.0,50288.0,삼성화재해상보험,000810
2020-10-07,187500.0,"상승  2,500",183000.0,187500.0,182500.0,75003.0,삼성화재해상보험,000810
2020-10-08,186500.0,"하락  1,000",188000.0,189000.0,185000.0,119669.0,삼성화재해상보험,000810
2020-10-12,183000.0,"하락  3,500",186000.0,186500.0,182500.0,87284.0,삼성화재해상보험,000810
2020-10-13,182000.0,"하락  1,000",183000.0,184500.0,181500.0,72992.0,삼성화재해상보험,000810
2020-10-14,181500.0,하락  500,182000.0,184500.0,181500.0,104462.0,삼성화재해상보험,000810
2020-10-15,180000.0,"하락  1,500",181000.0,182500.0,180000.0,73613.0,삼성화재해상보험,000810
2020-10-16,180500.0,상승  500,180500.0,182500.0,180000.0,80437.0,삼성화재해상보험,000810
2020-10-19,187000.0,"상승  6,500",182000.0,188000.0,181000.0,204000.0,삼성화재해상보험,000810
2020-10-20,186000.0,"하락  1,000",185500.0,187500.0,184000.0,86008.0,삼성화재해상보험,000810
2020-10-21,185500.0,하락  500,186000.0,188000.0,184500.0,121923.0,삼성화재해상보험,000810
2020-10-22,191500.0,"상승  6,000",185000.0,192000.0,183500.0,176072.0,삼성화재해상보험,000810
2020-10-23,195500.0,"상승  4,000",192500.0,196500.0,191000.0,198980.0,삼성화재해상보험,000810
2020-10-26,193500.0,"하락  2,000",200000.0,205000.0,193000.0,196330.0,삼성화재해상보험,000810
2020-10-27,191500.0,"하락  2,000",191500.0,195000.0,189000.0,130761.0,삼성화재해상보험,000810
2020-10-28,190000.0,"하락  1,500",189000.0,193500.0,187500.0,96099.0,삼성화재해상보험,000810
2020-10-29,185500.0,"하락  4,500",187500.0,188500.0,184500.0,97191.0,삼성화재해상보험,000810
2020-10-30,179000.0,"하락  6,500",185500.0,186000.0,178000.0,162617.0,삼성화재해상보험,000810
2020-11-02,185500.0,"상승  6,500",181000.0,187500.0,179000.0,125818.0,삼성화재해상보험,000810
2020-11-03,187000.0,"상승  1,500",184500.0,189000.0,183500.0,108443.0,삼성화재해상보험,000810
2020-11-04,183000.0,"하락  4,000",187500.0,189000.0,182000.0,143573.0,삼성화재해상보험,000810
2020-11-05,183500.0,상승  500,183000.0,185000.0,182500.0,113388.0,삼성화재해상보험,000810
2020-11-06,182500.0,"하락  1,000",185000.0,185000.0,182000.0,87456.0,삼성화재해상보험,000810
2020-11-09,184500.0,"상승  2,000",183000.0,185500.0,182000.0,96149.0,삼성화재해상보험,000810
2020-11-10,195000.0,"상승  10,500",186000.0,195500.0,185000.0,276339.0,삼성화재해상보험,000810
2020-11-11,196000.0,"상승  1,000",194000.0,202000.0,194000.0,213081.0,삼성화재해상보험,000810
2020-11-12,192000.0,"하락  4,000",198000.0,198000.0,191000.0,171059.0,삼성화재해상보험,000810
2020-11-13,195000.0,"상승  3,000",191500.0,200000.0,191000.0,170002.0,삼성화재해상보험,000810
2020-11-16,195500.0,상승  500,198500.0,198500.0,194500.0,121941.0,삼성화재해상보험,000810
2020-11-17,192500.0,"하락  3,000",194000.0,196000.0,192000.0,170218.0,삼성화재해상보험,000810
2020-11-18,202500.0,"상승  10,000",192500.0,207000.0,192000.0,314019.0,삼성화재해상보험,000810
2020-11-19,206000.0,"상승  3,500",205000.0,212000.0,201000.0,379006.0,삼성화재해상보험,000810
2020-11-20,206000.0,보합0,206000.0,210500.0,202500.0,170622.0,삼성화재해상보험,000810
2020-11-23,206500.0,상승  500,207000.0,210500.0,205000.0,145121.0,삼성화재해상보험,000810
2020-11-24,205000.0,"하락  1,500",207500.0,207500.0,203000.0,169643.0,삼성화재해상보험,000810
2020-11-25,203000.0,"하락  2,000",205500.0,206500.0,199500.0,201301.0,삼성화재해상보험,000810
2020-11-26,203000.0,보합0,199500.0,205500.0,198000.0,191083.0,삼성화재해상보험,000810
2020-11-27,198500.0,"하락  4,500",207000.0,210000.0,198500.0,546159.0,삼성화재해상보험,000810
2020-11-30,188000.0,"하락  10,500",198500.0,199000.0,188000.0,688925.0,삼성화재해상보험,000810
2020-12-01,190000.0,"상승  2,000",191000.0,194000.0,189000.0,277576.0,삼성화재해상보험,000810
2020-12-02,192500.0,"상승  2,500",190500.0,193000.0,188000.0,258905.0,삼성화재해상보험,000810
2020-12-03,191500.0,"하락  1,000",191000.0,192000.0,189500.0,237495.0,삼성화재해상보험,000810
2020-12-04,192000.0,상승  500,191000.0,193000.0,190000.0,278155.0,삼성화재해상보험,000810
2020-12-07,189000.0,"하락  3,000",191000.0,191500.0,188000.0,214436.0,삼성화재해상보험,000810
2020-12-08,186500.0,"하락  2,500",189500.0,190000.0,186500.0,187019.0,삼성화재해상보험,000810
2020-12-09,187500.0,"상승  1,000",187000.0,189000.0,187000.0,153833.0,삼성화재해상보험,000810
2020-12-10,187000.0,하락  500,188500.0,189500.0,186000.0,278983.0,삼성화재해상보험,000810
2020-12-11,193000.0,"상승  6,000",188500.0,194000.0,187500.0,284992.0,삼성화재해상보험,000810
2020-12-14,192000.0,"하락  1,000",193500.0,194500.0,191000.0,166321.0,삼성화재해상보험,000810
2020-12-15,196000.0,"상승  4,000",192000.0,196000.0,191000.0,217207.0,삼성화재해상보험,000810
2020-12-16,196500.0,상승  500,198000.0,198500.0,194500.0,110158.0,삼성화재해상보험,000810
2020-12-17,197000.0,상승  500,196500.0,197500.0,192000.0,182841.0,삼성화재해상보험,000810
2020-12-18,196000.0,"하락  1,000",196000.0,198000.0,195000.0,128893.0,삼성화재해상보험,000810
2020-12-21,196500.0,상승  500,196000.0,197000.0,194000.0,97682.0,삼성화재해상보험,000810
2020-12-22,194000.0,"하락  2,500",194500.0,198500.0,193500.0,149141.0,삼성화재해상보험,000810
2020-12-23,194000.0,보합0,195000.0,195500.0,192500.0,115285.0,삼성화재해상보험,000810
2020-12-24,195500.0,"상승  1,500",194500.0,195500.0,193500.0,113385.0,삼성화재해상보험,000810
2020-12-28,196000.0,상승  500,196500.0,197000.0,194000.0,234055.0,삼성화재해상보험,000810
2020-12-29,188000.0,"하락  8,000",190000.0,190000.0,186000.0,252942.0,삼성화재해상보험,000810
2020-12-30,187500.0,하락  500,188500.0,188500.0,186500.0,144605.0,삼성화재해상보험,000810
2021-01-04,183000.0,"하락  4,500",186000.0,186500.0,182000.0,265130.0,삼성화재해상보험,000810
2021-01-05,186500.0,"상승  3,500",183000.0,187000.0,182000.0,177112.0,삼성화재해상보험,000810
2021-01-06,185000.0,"하락  1,500",185000.0,187000.0,183500.0,211938.0,삼성화재해상보험,000810
2021-01-07,189000.0,"상승  4,000",187000.0,190000.0,186000.0,246514.0,삼성화재해상보험,000810
2021-01-08,190500.0,"상승  1,500",190000.0,191000.0,187500.0,248713.0,삼성화재해상보험,000810
2021-01-11,184000.0,"하락  6,500",190000.0,190500.0,183000.0,360159.0,삼성화재해상보험,000810
2021-01-12,184500.0,상승  500,185000.0,185500.0,182500.0,175474.0,삼성화재해상보험,000810
2021-01-13,188000.0,"상승  3,500",185500.0,188000.0,184000.0,216215.0,삼성화재해상보험,000810
2021-01-14,189000.0,"상승  1,000",187500.0,189500.0,186000.0,209063.0,삼성화재해상보험,000810
2021-01-15,186000.0,"하락  3,000",190500.0,190500.0,185000.0,176570.0,삼성화재해상보험,000810
2021-01-18,181500.0,"하락  4,500",185500.0,186500.0,180500.0,209065.0,삼성화재해상보험,000810
2021-01-19,183000.0,"상승  1,500",183000.0,183000.0,181000.0,139232.0,삼성화재해상보험,000810
2021-01-20,182000.0,"하락  1,000",183000.0,183000.0,180000.0,207192.0,삼성화재해상보험,000810
2021-01-21,183000.0,"상승  1,000",181500.0,185000.0,181000.0,178551.0,삼성화재해상보험,000810
2021-01-22,180000.0,"하락  3,000",182000.0,182000.0,180000.0,229012.0,삼성화재해상보험,000810
2021-01-25,180000.0,보합0,180500.0,181500.0,179000.0,162634.0,삼성화재해상보험,000810
2021-01-26,176500.0,"하락  3,500",180000.0,180500.0,176500.0,225825.0,삼성화재해상보험,000810
2021-01-27,175000.0,"하락  1,500",178500.0,179000.0,175000.0,157252.0,삼성화재해상보험,000810
2021-01-28,174500.0,하락  500,173500.0,174500.0,172000.0,178026.0,삼성화재해상보험,000810
2021-01-29,168000.0,"하락  6,500",175500.0,175500.0,168000.0,287991.0,삼성화재해상보험,000810
2021-02-01,170500.0,"상승  2,500",168000.0,173500.0,167000.0,167662.0,삼성화재해상보험,000810
2021-02-02,170500.0,보합0,171000.0,173500.0,170000.0,163412.0,삼성화재해상보험,000810
2021-02-03,170000.0,하락  500,171000.0,172000.0,169000.0,146999.0,삼성화재해상보험,000810
2021-02-04,167500.0,"하락  2,500",170500.0,171000.0,166500.0,230415.0,삼성화재해상보험,000810
2021-02-05,168000.0,상승  500,168000.0,169000.0,166000.0,245604.0,삼성화재해상보험,000810
2021-02-08,170000.0,"상승  2,000",168500.0,171500.0,168500.0,187336.0,삼성화재해상보험,000810
2021-02-09,171000.0,"상승  1,000",170000.0,171500.0,169500.0,248384.0,삼성화재해상보험,000810
2021-02-10,169500.0,"하락  1,500",171500.0,172000.0,169500.0,183605.0,삼성화재해상보험,000810
2021-02-15,172500.0,"상승  3,000",171000.0,175000.0,170500.0,180437.0,삼성화재해상보험,000810
2021-02-16,172000.0,하락  500,173000.0,173500.0,171000.0,137847.0,삼성화재해상보험,000810
2021-02-17,172000.0,보합0,171000.0,172500.0,170000.0,160519.0,삼성화재해상보험,000810
2021-02-18,168500.0,"하락  3,500",171000.0,171500.0,168500.0,219597.0,삼성화재해상보험,000810
2021-02-19,170500.0,"상승  2,000",170000.0,171000.0,168000.0,249656.0,삼성화재해상보험,000810
2021-02-22,175000.0,"상승  4,500",171500.0,179500.0,171000.0,474929.0,삼성화재해상보험,000810
2021-02-23,177500.0,"상승  2,500",176500.0,178500.0,174500.0,397790.0,삼성화재해상보험,000810
2021-02-24,173500.0,"하락  4,000",178000.0,178500.0,173500.0,281766.0,삼성화재해상보험,000810
2021-02-25,175500.0,"상승  2,000",175000.0,177000.0,173500.0,164455.0,삼성화재해상보험,000810
2021-02-26,173000.0,"하락  2,500",173500.0,174500.0,172000.0,246659.0,삼성화재해상보험,000810
2021-03-02,181000.0,"상승  8,000",176500.0,181000.0,176000.0,403111.0,삼성화재해상보험,000810
2021-03-03,182000.0,"상승  1,000",181000.0,182500.0,179500.0,168664.0,삼성화재해상보험,000810
2021-03-04,180500.0,"하락  1,500",182000.0,182000.0,179000.0,176119.0,삼성화재해상보험,000810
2021-03-05,183000.0,"상승  2,500",180000.0,185000.0,178500.0,232621.0,삼성화재해상보험,000810
2021-03-08,188000.0,"상승  5,000",185000.0,188000.0,183500.0,262622.0,삼성화재해상보험,000810
2021-03-09,192500.0,"상승  4,500",189500.0,193000.0,189000.0,410416.0,삼성화재해상보험,000810
2021-03-10,195000.0,"상승  2,500",191000.0,195000.0,190000.0,380529.0,삼성화재해상보험,000810
2021-03-11,196000.0,"상승  1,000",196000.0,196000.0,192500.0,258982.0,삼성화재해상보험,000810
2021-03-12,194000.0,"하락  2,000",195500.0,195500.0,192000.0,178956.0,삼성화재해상보험,000810
2021-03-15,193000.0,"하락  1,000",193000.0,194000.0,191000.0,143314.0,삼성화재해상보험,000810
2021-03-16,190000.0,"하락  3,000",191500.0,193000.0,188500.0,163918.0,삼성화재해상보험,000810
2021-03-17,188000.0,"하락  2,000",189500.0,191000.0,188000.0,171033.0,삼성화재해상보험,000810
2021-03-18,188000.0,보합0,188000.0,189500.0,185500.0,170915.0,삼성화재해상보험,000810
2021-03-19,187500.0,하락  500,190000.0,190500.0,187000.0,242914.0,삼성화재해상보험,000810
2021-03-22,188500.0,"상승  1,000",187500.0,189500.0,185000.0,116855.0,삼성화재해상보험,000810
2021-03-23,185000.0,"하락  3,500",188000.0,189000.0,184500.0,118428.0,삼성화재해상보험,000810
2021-03-24,184000.0,"하락  1,000",185000.0,186000.0,183000.0,84116.0,삼성화재해상보험,000810
2021-03-25,188500.0,"상승  4,500",184500.0,189500.0,183500.0,118485.0,삼성화재해상보험,000810
2021-03-26,186000.0,"하락  2,500",188000.0,189500.0,186000.0,129501.0,삼성화재해상보험,000810
2021-03-29,187000.0,"상승  1,000",186500.0,187000.0,184000.0,95891.0,삼성화재해상보험,000810
2021-03-30,188500.0,"상승  1,500",188000.0,189500.0,186500.0,111818.0,삼성화재해상보험,000810
2021-03-31,190000.0,"상승  1,500",189000.0,191000.0,187000.0,139247.0,삼성화재해상보험,000810
2021-04-01,189000.0,"하락  1,000",190000.0,191000.0,187000.0,82296.0,삼성화재해상보험,000810
2021-04-02,186500.0,"하락  2,500",188000.0,189000.0,185500.0,85537.0,삼성화재해상보험,000810
2021-04-05,187500.0,"상승  1,000",185500.0,187500.0,185000.0,43425.0,삼성화재해상보험,000810
2021-04-06,188000.0,상승  500,187000.0,188000.0,187000.0,50403.0,삼성화재해상보험,000810
2021-04-07,188000.0,보합0,189000.0,189000.0,187500.0,54384.0,삼성화재해상보험,000810
2021-04-08,189500.0,"상승  1,500",188000.0,190500.0,188000.0,117329.0,삼성화재해상보험,000810
2021-04-09,190000.0,상승  500,190500.0,191000.0,189000.0,110320.0,삼성화재해상보험,000810
2021-04-12,190500.0,상승  500,189000.0,190500.0,188000.0,62779.0,삼성화재해상보험,000810
2021-04-13,190500.0,보합0,191500.0,191500.0,189000.0,94981.0,삼성화재해상보험,000810
2021-04-14,190000.0,하락  500,190000.0,191000.0,189000.0,87560.0,삼성화재해상보험,000810
2021-04-15,190500.0,상승  500,190000.0,191500.0,190000.0,105275.0,삼성화재해상보험,000810
2021-04-16,191000.0,상승  500,191000.0,191500.0,190000.0,91730.0,삼성화재해상보험,000810
2021-04-19,192500.0,"상승  1,500",191000.0,193000.0,190000.0,126473.0,삼성화재해상보험,000810
2021-04-20,194500.0,"상승  2,000",193000.0,196500.0,193000.0,178806.0,삼성화재해상보험,000810
2021-04-21,193000.0,"하락  1,500",193500.0,195000.0,192000.0,129255.0,삼성화재해상보험,000810
2021-04-22,196000.0,"상승  3,000",194500.0,197000.0,194000.0,214035.0,삼성화재해상보험,000810
2021-04-23,196000.0,보합0,195000.0,197500.0,193500.0,150213.0,삼성화재해상보험,000810
2021-04-26,199000.0,"상승  3,000",197500.0,200000.0,197500.0,176723.0,삼성화재해상보험,000810
2021-04-27,201000.0,"상승  2,000",201000.0,201500.0,199000.0,125444.0,삼성화재해상보험,000810
2021-04-28,202500.0,"상승  1,500",203000.0,207500.0,202000.0,230236.0,삼성화재해상보험,000810
2021-04-29,199000.0,"하락  3,500",202500.0,205500.0,198500.0,111342.0,삼성화재해상보험,000810
2021-04-30,198000.0,"하락  1,000",198500.0,200500.0,198000.0,128622.0,삼성화재해상보험,000810
2021-05-03,202500.0,"상승  4,500",198000.0,205500.0,197500.0,151873.0,삼성화재해상보험,000810
2021-05-04,199000.0,"하락  3,500",203000.0,204500.0,195000.0,136832.0,삼성화재해상보험,000810
2021-05-06,204000.0,"상승  5,000",199500.0,205000.0,199000.0,123856.0,삼성화재해상보험,000810
2021-05-07,208000.0,"상승  4,000",205500.0,208500.0,204500.0,148040.0,삼성화재해상보험,000810
2021-05-10,207000.0,"하락  1,000",207500.0,209000.0,206000.0,132261.0,삼성화재해상보험,000810
2021-05-11,209500.0,"상승  2,500",208000.0,211000.0,207000.0,157235.0,삼성화재해상보험,000810
2021-05-12,211500.0,"상승  2,000",212000.0,215000.0,206500.0,225950.0,삼성화재해상보험,000810
2021-05-13,215000.0,"상승  3,500",211000.0,220000.0,210000.0,349310.0,삼성화재해상보험,000810
2021-05-14,212500.0,"하락  2,500",217500.0,217500.0,210500.0,135934.0,삼성화재해상보험,000810
2021-05-17,211500.0,"하락  1,000",213500.0,214000.0,205500.0,127004.0,삼성화재해상보험,000810
2021-05-18,211000.0,하락  500,212000.0,213000.0,208000.0,100889.0,삼성화재해상보험,000810
2021-05-20,206000.0,"하락  5,000",209000.0,210500.0,205500.0,165956.0,삼성화재해상보험,000810
2021-05-21,207000.0,"상승  1,000",206000.0,209000.0,205000.0,147813.0,삼성화재해상보험,000810
2021-05-24,208000.0,"상승  1,000",205500.0,209000.0,204500.0,83618.0,삼성화재해상보험,000810
2021-05-25,208000.0,보합0,206500.0,209500.0,206000.0,119439.0,삼성화재해상보험,000810
2021-05-26,209000.0,"상승  1,000",207000.0,209500.0,206000.0,82628.0,삼성화재해상보험,000810
2021-05-27,209000.0,보합0,209000.0,215000.0,207000.0,341597.0,삼성화재해상보험,000810
2021-05-28,210000.0,"상승  1,000",211000.0,211500.0,209000.0,79600.0,삼성화재해상보험,000810
2021-05-31,211500.0,"상승  1,500",209500.0,213500.0,209000.0,122559.0,삼성화재해상보험,000810
2021-06-01,212000.0,상승  500,211000.0,214000.0,209500.0,85074.0,삼성화재해상보험,000810
2021-06-02,214500.0,"상승  2,500",210500.0,215000.0,210000.0,88917.0,삼성화재해상보험,000810
2021-06-03,212000.0,"하락  2,500",213000.0,215500.0,211000.0,121048.0,삼성화재해상보험,000810
2021-06-04,214500.0,"상승  2,500",211000.0,215500.0,210500.0,120351.0,삼성화재해상보험,000810
2021-06-07,217000.0,"상승  2,500",214500.0,217500.0,214000.0,97654.0,삼성화재해상보험,000810
2021-06-08,219000.0,"상승  2,000",217000.0,220000.0,216000.0,109917.0,삼성화재해상보험,000810
2021-06-09,219500.0,상승  500,219000.0,221500.0,218500.0,136931.0,삼성화재해상보험,000810
2021-06-10,215500.0,"하락  4,000",220000.0,220000.0,212500.0,216102.0,삼성화재해상보험,000810
2021-06-11,210500.0,"하락  5,000",213000.0,214500.0,209000.0,230083.0,삼성화재해상보험,000810
2021-06-14,209500.0,"하락  1,000",209000.0,210500.0,207000.0,105283.0,삼성화재해상보험,000810
2021-06-15,210000.0,상승  500,208500.0,210500.0,207500.0,90377.0,삼성화재해상보험,000810
2021-06-16,212000.0,"상승  2,000",209000.0,215000.0,208500.0,87790.0,삼성화재해상보험,000810
2021-06-17,212000.0,보합0,212000.0,215000.0,210500.0,92138.0,삼성화재해상보험,000810
2021-06-18,211000.0,"하락  1,000",211500.0,213500.0,209500.0,98685.0,삼성화재해상보험,000810
2021-06-21,210500.0,하락  500,211000.0,213000.0,208000.0,97406.0,삼성화재해상보험,000810
2021-06-22,211000.0,상승  500,211000.0,213500.0,210500.0,81046.0,삼성화재해상보험,000810
2021-06-23,215000.0,"상승  4,000",211500.0,215500.0,211000.0,106352.0,삼성화재해상보험,000810
2021-06-24,216000.0,"상승  1,000",216000.0,217500.0,214000.0,107078.0,삼성화재해상보험,000810
2021-06-25,223000.0,"상승  7,000",216000.0,223500.0,216000.0,142077.0,삼성화재해상보험,000810
2021-06-28,222500.0,하락  500,222000.0,226000.0,220500.0,93600.0,삼성화재해상보험,000810
2021-06-29,220000.0,"하락  2,500",221000.0,221000.0,218500.0,103611.0,삼성화재해상보험,000810
2021-06-30,220500.0,상승  500,219500.0,223500.0,218000.0,100164.0,삼성화재해상보험,000810
2021-07-01,218000.0,"하락  2,500",220500.0,222500.0,217000.0,87635.0,삼성화재해상보험,000810
2021-07-02,223500.0,"상승  5,500",217500.0,224000.0,217000.0,92821.0,삼성화재해상보험,000810
2021-07-05,219000.0,"하락  4,500",223000.0,223500.0,218500.0,75187.0,삼성화재해상보험,000810
2021-07-06,219000.0,보합0,220500.0,221000.0,219000.0,51631.0,삼성화재해상보험,000810
2021-07-07,215000.0,"하락  4,000",216500.0,217500.0,213500.0,90717.0,삼성화재해상보험,000810
2021-07-08,213000.0,"하락  2,000",212500.0,217500.0,212500.0,102801.0,삼성화재해상보험,000810
2021-07-09,209500.0,"하락  3,500",210000.0,212000.0,206500.0,128029.0,삼성화재해상보험,000810
2021-07-12,213000.0,"상승  3,500",210500.0,214500.0,210500.0,45214.0,삼성화재해상보험,000810
2021-07-13,218000.0,"상승  5,000",213500.0,219500.0,213000.0,73639.0,삼성화재해상보험,000810
2021-07-14,218000.0,보합0,217000.0,218500.0,216000.0,53538.0,삼성화재해상보험,000810
2021-07-15,220000.0,"상승  2,000",218000.0,221000.0,217500.0,81517.0,삼성화재해상보험,000810
2021-07-16,221500.0,"상승  1,500",217000.0,222000.0,216500.0,50891.0,삼성화재해상보험,000810
2021-07-19,218000.0,"하락  3,500",220000.0,222500.0,217500.0,51984.0,삼성화재해상보험,000810
2021-07-20,217000.0,"하락  1,000",217500.0,218000.0,214000.0,77084.0,삼성화재해상보험,000810
2021-07-21,214500.0,"하락  2,500",217500.0,218500.0,214000.0,48811.0,삼성화재해상보험,000810
2021-07-22,220500.0,"상승  6,000",216000.0,220500.0,215500.0,77377.0,삼성화재해상보험,000810
2021-07-23,217500.0,"하락  3,000",217500.0,220500.0,217000.0,43625.0,삼성화재해상보험,000810
2021-07-26,214500.0,"하락  3,000",218000.0,218500.0,214000.0,36728.0,삼성화재해상보험,000810
2021-07-27,215000.0,상승  500,215500.0,218000.0,213500.0,50756.0,삼성화재해상보험,000810
2021-07-28,216000.0,"상승  1,000",216000.0,217000.0,213500.0,49504.0,삼성화재해상보험,000810
2021-07-29,216500.0,상승  500,214500.0,219000.0,214500.0,56018.0,삼성화재해상보험,000810
2021-07-30,214500.0,"하락  2,000",215000.0,218000.0,214500.0,80627.0,삼성화재해상보험,000810
2021-08-02,216500.0,"상승  2,000",217000.0,218500.0,214000.0,62951.0,삼성화재해상보험,000810
2021-08-03,218500.0,"상승  2,000",215500.0,219000.0,214000.0,108444.0,삼성화재해상보험,000810
2021-08-04,218000.0,하락  500,216500.0,219000.0,215500.0,123038.0,삼성화재해상보험,000810
2021-08-05,218000.0,보합0,216500.0,219000.0,216500.0,76915.0,삼성화재해상보험,000810
2021-08-06,218000.0,보합0,217000.0,220500.0,216500.0,110492.0,삼성화재해상보험,000810
2021-08-09,216000.0,"하락  2,000",216000.0,216500.0,214500.0,74189.0,삼성화재해상보험,000810
2021-08-10,214000.0,"하락  2,000",215500.0,216500.0,213000.0,57081.0,삼성화재해상보험,000810
2021-08-11,216000.0,"상승  2,000",213500.0,217500.0,213000.0,91991.0,삼성화재해상보험,000810
2021-08-12,215500.0,하락  500,216000.0,218500.0,214500.0,107035.0,삼성화재해상보험,000810
2021-08-13,219000.0,"상승  3,500",218000.0,224000.0,217000.0,215915.0,삼성화재해상보험,000810
2021-08-17,229500.0,"상승  10,500",221500.0,230000.0,221500.0,344258.0,삼성화재해상보험,000810
2021-08-18,227000.0,"하락  2,500",230500.0,232500.0,226000.0,186904.0,삼성화재해상보험,000810
2021-08-19,225000.0,"하락  2,000",227500.0,229000.0,222500.0,150656.0,삼성화재해상보험,000810
2021-08-20,220500.0,"하락  4,500",224000.0,224500.0,218000.0,113287.0,삼성화재해상보험,000810
2021-08-23,221500.0,"상승  1,000",221000.0,223000.0,220500.0,100890.0,삼성화재해상보험,000810
2021-08-24,223500.0,"상승  2,000",223500.0,225000.0,220500.0,120974.0,삼성화재해상보험,000810
2021-08-25,226500.0,"상승  3,000",228500.0,230500.0,223500.0,87532.0,삼성화재해상보험,000810
2021-08-26,230500.0,"상승  4,000",225000.0,231000.0,225000.0,121163.0,삼성화재해상보험,000810
2021-08-27,231500.0,"상승  1,000",231000.0,231500.0,228500.0,70594.0,삼성화재해상보험,000810
2021-08-30,224500.0,"하락  7,000",230000.0,230500.0,223500.0,64134.0,삼성화재해상보험,000810
2021-08-31,226000.0,"상승  1,500",222500.0,227000.0,221000.0,126758.0,삼성화재해상보험,000810
2021-09-01,227000.0,"상승  1,000",223000.0,227500.0,222500.0,51052.0,삼성화재해상보험,000810
2021-09-02,228000.0,"상승  1,000",225000.0,230000.0,225000.0,81554.0,삼성화재해상보험,000810
2021-09-03,229000.0,"상승  1,000",227500.0,229500.0,227000.0,51449.0,삼성화재해상보험,000810
2021-09-06,227500.0,"하락  1,500",227500.0,229500.0,225500.0,52365.0,삼성화재해상보험,000810
2021-09-07,224500.0,"하락  3,000",226000.0,226000.0,222000.0,91331.0,삼성화재해상보험,000810
2021-09-08,228000.0,"상승  3,500",222500.0,229500.0,222500.0,89464.0,삼성화재해상보험,000810
2021-09-09,223000.0,"하락  5,000",226500.0,228500.0,223000.0,136121.0,삼성화재해상보험,000810
2021-09-10,228000.0,"상승  5,000",225500.0,229500.0,224500.0,75294.0,삼성화재해상보험,000810
2021-09-13,229500.0,"상승  1,500",228000.0,230000.0,225000.0,68889.0,삼성화재해상보험,000810
2021-09-14,233500.0,"상승  4,000",230500.0,237000.0,230500.0,140185.0,삼성화재해상보험,000810
2021-09-15,232000.0,"하락  1,500",232500.0,236500.0,232000.0,96718.0,삼성화재해상보험,000810
2021-09-16,227000.0,"하락  5,000",232000.0,233500.0,221500.0,114595.0,삼성화재해상보험,000810
2021-09-17,227500.0,상승  500,225500.0,227500.0,224500.0,101649.0,삼성화재해상보험,000810
2021-09-23,227500.0,보합0,223500.0,228000.0,223000.0,99542.0,삼성화재해상보험,000810
2021-09-24,228500.0,"상승  1,000",228000.0,230500.0,226500.0,57009.0,삼성화재해상보험,000810
2021-09-27,230000.0,"상승  1,500",227000.0,233500.0,227000.0,71111.0,삼성화재해상보험,000810
2021-09-28,233000.0,"상승  3,000",228500.0,235500.0,228000.0,116282.0,삼성화재해상보험,000810
2021-09-29,231500.0,"하락  1,500",233000.0,237000.0,230500.0,105976.0,삼성화재해상보험,000810
2021-09-30,235000.0,"상승  3,500",230500.0,236000.0,230500.0,109787.0,삼성화재해상보험,000810
2021-10-01,237500.0,"상승  2,500",233000.0,237500.0,230500.0,97462.0,삼성화재해상보험,000810
2021-10-05,240000.0,"상승  2,500",234000.0,244500.0,234000.0,157349.0,삼성화재해상보험,000810
2021-10-06,243000.0,"상승  3,000",242000.0,248500.0,240500.0,188880.0,삼성화재해상보험,000810
2021-10-07,242000.0,"하락  1,000",247000.0,247500.0,239500.0,86656.0,삼성화재해상보험,000810
2021-10-08,241000.0,"하락  1,000",241000.0,242000.0,237500.0,59369.0,삼성화재해상보험,000810
2021-10-12,239500.0,"하락  1,500",240000.0,242500.0,237000.0,103176.0,삼성화재해상보험,000810
2021-10-13,239000.0,하락  500,239500.0,240500.0,237000.0,70642.0,삼성화재해상보험,000810
2021-10-14,240000.0,"상승  1,000",240000.0,242000.0,238000.0,87304.0,삼성화재해상보험,000810
2021-10-15,242000.0,"상승  2,000",239500.0,244000.0,239000.0,71648.0,삼성화재해상보험,000810
2021-10-18,241500.0,하락  500,241000.0,243000.0,238000.0,129943.0,삼성화재해상보험,000810
2021-10-19,245000.0,"상승  3,500",244000.0,247000.0,242500.0,54557.0,삼성화재해상보험,000810
2021-10-20,247000.0,"상승  2,000",245000.0,247000.0,243500.0,51512.0,삼성화재해상보험,000810
2021-10-21,247000.0,보합0,245500.0,247500.0,244500.0,85470.0,삼성화재해상보험,000810
2021-10-22,245000.0,"하락  2,000",245500.0,247000.0,243500.0,35365.0,삼성화재해상보험,000810
2021-10-25,248000.0,"상승  3,000",243000.0,249000.0,242000.0,43491.0,삼성화재해상보험,000810
2021-10-26,247500.0,하락  500,249000.0,249500.0,246000.0,41562.0,삼성화재해상보험,000810
2021-10-27,251500.0,"상승  4,000",249000.0,253000.0,247000.0,73257.0,삼성화재해상보험,000810
2021-10-28,236000.0,"하락  15,500",251500.0,252000.0,235000.0,142693.0,삼성화재해상보험,000810
2021-10-29,231000.0,"하락  5,000",235500.0,241000.0,230000.0,132742.0,삼성화재해상보험,000810
2021-11-01,235000.0,"상승  4,000",232000.0,235500.0,231000.0,82135.0,삼성화재해상보험,000810
2021-11-02,235000.0,보합0,236500.0,238000.0,233500.0,69138.0,삼성화재해상보험,000810
2021-11-03,233500.0,"하락  1,500",235500.0,239000.0,230500.0,63597.0,삼성화재해상보험,000810
2021-11-04,229000.0,"하락  4,500",233000.0,236000.0,227000.0,86430.0,삼성화재해상보험,000810
2021-11-05,225000.0,"하락  4,000",230500.0,231000.0,223500.0,113523.0,삼성화재해상보험,000810
2021-11-08,227500.0,"상승  2,500",223500.0,230000.0,220500.0,66415.0,삼성화재해상보험,000810
2021-11-09,223000.0,"하락  4,500",227500.0,229000.0,221000.0,101001.0,삼성화재해상보험,000810
2021-11-10,223500.0,상승  500,221000.0,226000.0,220500.0,63997.0,삼성화재해상보험,000810
2021-11-11,221000.0,"하락  2,500",222000.0,224000.0,219500.0,116445.0,삼성화재해상보험,000810
2021-11-12,225500.0,"상승  4,500",224000.0,226000.0,221000.0,95324.0,삼성화재해상보험,000810
2021-11-15,229500.0,"상승  4,000",224500.0,230000.0,223000.0,61918.0,삼성화재해상보험,000810
2021-11-16,229000.0,하락  500,230000.0,230000.0,224000.0,88060.0,삼성화재해상보험,000810
2021-11-17,220000.0,"하락  9,000",225500.0,226500.0,217000.0,153575.0,삼성화재해상보험,000810
2021-11-18,218500.0,"하락  1,500",217000.0,218500.0,212000.0,102507.0,삼성화재해상보험,000810
2021-11-19,218000.0,하락  500,215000.0,219000.0,213500.0,108622.0,삼성화재해상보험,000810
2021-11-22,216500.0,"하락  1,500",213500.0,219500.0,212000.0,133835.0,삼성화재해상보험,000810
2021-11-23,214000.0,"하락  2,500",214000.0,219000.0,213500.0,127144.0,삼성화재해상보험,000810
2021-11-24,217000.0,"상승  3,000",214500.0,219000.0,214500.0,99046.0,삼성화재해상보험,000810
2021-11-25,212500.0,"하락  4,500",215500.0,216000.0,212500.0,68599.0,삼성화재해상보험,000810
2021-11-26,206500.0,"하락  6,000",211000.0,213000.0,206000.0,87358.0,삼성화재해상보험,000810
2021-11-29,208000.0,"상승  1,500",206500.0,211500.0,205000.0,107804.0,삼성화재해상보험,000810
2021-11-30,202000.0,"하락  6,000",205500.0,210500.0,201000.0,202941.0,삼성화재해상보험,000810
2021-12-01,203000.0,"상승  1,000",203500.0,207000.0,200500.0,103343.0,삼성화재해상보험,000810
2021-12-02,203500.0,상승  500,200000.0,204000.0,197000.0,144612.0,삼성화재해상보험,000810
2021-12-03,209000.0,"상승  5,500",204000.0,211000.0,203000.0,102951.0,삼성화재해상보험,000810
2021-12-06,208500.0,하락  500,208500.0,210500.0,205500.0,46782.0,삼성화재해상보험,000810
2021-12-07,211500.0,"상승  3,000",208500.0,211500.0,206500.0,59760.0,삼성화재해상보험,000810
2021-12-08,209500.0,"하락  2,000",211500.0,213500.0,208500.0,84748.0,삼성화재해상보험,000810
2021-12-09,210500.0,"상승  1,000",210000.0,212500.0,209000.0,100901.0,삼성화재해상보험,000810
2021-12-10,211000.0,상승  500,210500.0,212500.0,210000.0,46065.0,삼성화재해상보험,000810
2021-12-13,210500.0,하락  500,211500.0,214500.0,210000.0,82372.0,삼성화재해상보험,000810
2021-12-14,210000.0,하락  500,209000.0,213000.0,209000.0,74575.0,삼성화재해상보험,000810
2021-12-15,209500.0,하락  500,209000.0,211500.0,208000.0,99173.0,삼성화재해상보험,000810
2021-12-16,211500.0,"상승  2,000",209500.0,212000.0,209500.0,59541.0,삼성화재해상보험,000810
2021-12-17,215500.0,"상승  4,000",212500.0,216000.0,211500.0,212781.0,삼성화재해상보험,000810
2021-12-20,214000.0,"하락  1,500",214000.0,216000.0,212000.0,80801.0,삼성화재해상보험,000810
2021-12-21,214000.0,보합0,215500.0,216000.0,214000.0,69290.0,삼성화재해상보험,000810
2021-12-22,214500.0,상승  500,214000.0,215000.0,213000.0,43956.0,삼성화재해상보험,000810
2021-12-23,216000.0,"상승  1,500",214000.0,216500.0,213500.0,60313.0,삼성화재해상보험,000810
2021-12-24,216000.0,보합0,217000.0,218500.0,215000.0,76551.0,삼성화재해상보험,000810
2021-12-27,218500.0,"상승  2,500",216000.0,219000.0,216000.0,103939.0,삼성화재해상보험,000810
2021-12-28,222000.0,"상승  3,500",219000.0,222000.0,216500.0,164801.0,삼성화재해상보험,000810
2021-12-29,205500.0,"하락  16,500",211000.0,212500.0,205500.0,181975.0,삼성화재해상보험,000810
2021-12-30,202000.0,"하락  3,500",205500.0,205500.0,201500.0,72848.0,삼성화재해상보험,000810
2022-01-03,204500.0,"상승  2,500",201500.0,205000.0,200000.0,75926.0,삼성화재해상보험,000810
2022-01-04,207000.0,"상승  2,500",203000.0,208000.0,201000.0,112514.0,삼성화재해상보험,000810
2022-01-05,210500.0,"상승  3,500",206000.0,215000.0,205500.0,188347.0,삼성화재해상보험,000810
2022-01-06,212000.0,"상승  1,500",212500.0,213500.0,208000.0,97863.0,삼성화재해상보험,000810
2022-01-07,214500.0,"상승  2,500",209500.0,215000.0,208000.0,107178.0,삼성화재해상보험,000810
2022-01-10,222500.0,"상승  8,000",213500.0,223500.0,213500.0,173843.0,삼성화재해상보험,000810
2022-01-11,214000.0,"하락  8,500",218500.0,222000.0,213500.0,111736.0,삼성화재해상보험,000810
2022-01-12,218000.0,"상승  4,000",214500.0,220000.0,214000.0,90565.0,삼성화재해상보험,000810
2022-01-13,216500.0,"하락  1,500",218000.0,220000.0,215000.0,81859.0,삼성화재해상보험,000810
2022-01-14,217500.0,"상승  1,000",216500.0,218500.0,212500.0,80862.0,삼성화재해상보험,000810
2022-01-17,214500.0,"하락  3,000",214500.0,217000.0,212500.0,53891.0,삼성화재해상보험,000810
2022-01-18,213500.0,"하락  1,000",216000.0,216500.0,210500.0,79783.0,삼성화재해상보험,000810
2022-01-19,216500.0,"상승  3,000",214500.0,220000.0,214500.0,107796.0,삼성화재해상보험,000810
2022-01-20,207500.0,"하락  9,000",217500.0,217500.0,207000.0,115323.0,삼성화재해상보험,000810
2022-01-21,209000.0,"상승  1,500",206000.0,210000.0,205500.0,62424.0,삼성화재해상보험,000810
2022-01-24,208500.0,하락  500,208500.0,210500.0,206000.0,69277.0,삼성화재해상보험,000810
2022-01-25,203500.0,"하락  5,000",206000.0,208500.0,202000.0,79984.0,삼성화재해상보험,000810
2022-01-26,207500.0,"상승  4,000",206500.0,208500.0,203500.0,75547.0,삼성화재해상보험,000810
2022-01-27,199000.0,"하락  8,500",208500.0,210000.0,197500.0,121451.0,삼성화재해상보험,000810
2022-01-28,200500.0,"상승  1,500",201000.0,202500.0,197500.0,133953.0,삼성화재해상보험,000810
2022-02-03,209000.0,"상승  8,500",205000.0,211500.0,204000.0,115915.0,삼성화재해상보험,000810
2022-02-04,211000.0,"상승  2,000",211000.0,212500.0,208000.0,75819.0,삼성화재해상보험,000810
2022-02-07,213500.0,"상승  2,500",210000.0,214000.0,208500.0,84861.0,삼성화재해상보험,000810
2022-02-08,214500.0,"상승  1,000",216500.0,219000.0,212500.0,82874.0,삼성화재해상보험,000810
2022-02-09,216500.0,"상승  2,000",214500.0,217000.0,214000.0,51838.0,삼성화재해상보험,000810
2022-02-10,218000.0,"상승  1,500",216500.0,218500.0,214000.0,75510.0,삼성화재해상보험,000810
2022-02-11,216000.0,"하락  2,000",216500.0,218000.0,214500.0,65943.0,삼성화재해상보험,000810
2022-02-14,212500.0,"하락  3,500",216500.0,217500.0,211000.0,59077.0,삼성화재해상보험,000810
2022-02-15,212000.0,하락  500,213000.0,213500.0,210000.0,59741.0,삼성화재해상보험,000810
2022-02-16,213500.0,"상승  1,500",212500.0,215500.0,210500.0,74048.0,삼성화재해상보험,000810
2022-02-17,215500.0,"상승  2,000",215000.0,217000.0,212500.0,88797.0,삼성화재해상보험,000810
2022-02-18,216000.0,상승  500,212500.0,217000.0,212500.0,44963.0,삼성화재해상보험,000810
2022-02-21,211000.0,"하락  5,000",212000.0,214000.0,210000.0,65384.0,삼성화재해상보험,000810
2022-02-22,197500.0,"하락  13,500",207000.0,207000.0,194500.0,397835.0,삼성화재해상보험,000810
2022-02-23,197500.0,보합0,198500.0,199000.0,196000.0,158430.0,삼성화재해상보험,000810
2022-02-24,192500.0,"하락  5,000",195000.0,196500.0,191500.0,194120.0,삼성화재해상보험,000810
2022-02-25,190000.0,"하락  2,500",193000.0,194000.0,188500.0,184818.0,삼성화재해상보험,000810
2022-02-28,190500.0,상승  500,190000.0,190500.0,187500.0,110816.0,삼성화재해상보험,000810
2022-03-02,188000.0,"하락  2,500",190500.0,190500.0,187000.0,176655.0,삼성화재해상보험,000810
2022-03-03,189500.0,"상승  1,500",189000.0,190500.0,187500.0,107526.0,삼성화재해상보험,000810
2022-03-04,189500.0,보합0,189500.0,191000.0,188000.0,81486.0,삼성화재해상보험,000810
2022-03-07,181000.0,"하락  8,500",186000.0,186500.0,180000.0,196068.0,삼성화재해상보험,000810
2022-03-08,181000.0,보합0,178000.0,183000.0,177000.0,140918.0,삼성화재해상보험,000810
2022-03-10,185500.0,"상승  4,500",186000.0,186500.0,181500.0,158869.0,삼성화재해상보험,000810
2022-03-11,185500.0,보합0,184500.0,187000.0,183000.0,62252.0,삼성화재해상보험,000810
2022-03-14,184500.0,"하락  1,000",184000.0,186500.0,183000.0,80376.0,삼성화재해상보험,000810
2022-03-15,183000.0,"하락  1,500",184000.0,185000.0,181500.0,79349.0,삼성화재해상보험,000810
2022-03-16,184500.0,"상승  1,500",183500.0,188000.0,182000.0,90274.0,삼성화재해상보험,000810
2022-03-17,184500.0,보합0,187000.0,188500.0,184500.0,85777.0,삼성화재해상보험,000810
2022-03-18,188000.0,"상승  3,500",184500.0,188000.0,183000.0,184481.0,삼성화재해상보험,000810
2022-03-21,188500.0,상승  500,188000.0,191000.0,188000.0,61749.0,삼성화재해상보험,000810
2022-03-22,198000.0,"상승  9,500",191000.0,198000.0,189500.0,198054.0,삼성화재해상보험,000810
2022-03-23,201500.0,"상승  3,500",198000.0,202500.0,197500.0,146384.0,삼성화재해상보험,000810
2022-03-24,200000.0,"하락  1,500",199000.0,201000.0,198500.0,72672.0,삼성화재해상보험,000810
2022-03-25,201000.0,"상승  1,000",199000.0,202000.0,198000.0,87175.0,삼성화재해상보험,000810
2022-03-28,208000.0,"상승  7,000",198500.0,210000.0,198000.0,145643.0,삼성화재해상보험,000810
2022-03-29,207500.0,하락  500,209500.0,211500.0,205000.0,92615.0,삼성화재해상보험,000810
2022-03-30,207500.0,보합0,208500.0,209500.0,205500.0,74696.0,삼성화재해상보험,000810
2022-03-31,219000.0,"상승  11,500",208500.0,221000.0,207500.0,273026.0,삼성화재해상보험,000810
2022-04-01,220000.0,"상승  1,000",216000.0,221000.0,215500.0,121387.0,삼성화재해상보험,000810
2022-04-04,219500.0,하락  500,216500.0,221000.0,216500.0,84100.0,삼성화재해상보험,000810
2022-04-05,215000.0,"하락  4,500",218500.0,219000.0,212000.0,74038.0,삼성화재해상보험,000810
2022-04-06,220500.0,"상승  5,500",214000.0,221000.0,213500.0,134152.0,삼성화재해상보험,000810
2022-04-07,220000.0,하락  500,220000.0,223500.0,220000.0,143528.0,삼성화재해상보험,000810
2022-04-08,216500.0,"하락  3,500",219500.0,219500.0,215500.0,113383.0,삼성화재해상보험,000810
2022-04-11,219500.0,"상승  3,000",215500.0,221000.0,214000.0,90991.0,삼성화재해상보험,000810
2022-04-12,216500.0,"하락  3,000",218500.0,220000.0,216000.0,67183.0,삼성화재해상보험,000810
2022-04-13,216500.0,보합0,218500.0,220000.0,214000.0,81887.0,삼성화재해상보험,000810
2022-04-14,217500.0,"상승  1,000",215500.0,219500.0,215000.0,100337.0,삼성화재해상보험,000810
2022-04-15,213000.0,"하락  4,500",216500.0,217000.0,210000.0,164649.0,삼성화재해상보험,000810
2022-04-18,208000.0,"하락  5,000",211000.0,211000.0,206500.0,108265.0,삼성화재해상보험,000810
2022-04-19,207000.0,"하락  1,000",208500.0,210500.0,206500.0,85793.0,삼성화재해상보험,000810
2022-04-20,208000.0,"상승  1,000",207000.0,210500.0,207000.0,84173.0,삼성화재해상보험,000810
2022-04-21,210000.0,"상승  2,000",210000.0,211500.0,209000.0,73584.0,삼성화재해상보험,000810
2022-04-22,214500.0,"상승  4,500",207500.0,217000.0,207500.0,134782.0,삼성화재해상보험,000810
2022-04-25,210000.0,"하락  4,500",212000.0,213000.0,209500.0,52077.0,삼성화재해상보험,000810
2022-04-26,207000.0,"하락  3,000",211500.0,211500.0,206000.0,61614.0,삼성화재해상보험,000810
2022-04-27,205000.0,"하락  2,000",203500.0,207000.0,202000.0,83789.0,삼성화재해상보험,000810
2022-04-28,210000.0,"상승  5,000",209500.0,210500.0,206500.0,72524.0,삼성화재해상보험,000810
2022-04-29,210000.0,보합0,209000.0,211000.0,207000.0,74462.0,삼성화재해상보험,000810
2022-05-02,206000.0,"하락  4,000",209500.0,211000.0,202500.0,84008.0,삼성화재해상보험,000810
2022-05-03,204000.0,"하락  2,000",204500.0,206500.0,204000.0,56685.0,삼성화재해상보험,000810
2022-05-04,207500.0,"상승  3,500",204000.0,208500.0,204000.0,75515.0,삼성화재해상보험,000810
2022-05-06,205500.0,"하락  2,000",206000.0,207000.0,202500.0,77997.0,삼성화재해상보험,000810
2022-05-09,203000.0,"하락  2,500",203500.0,206500.0,201000.0,46652.0,삼성화재해상보험,000810
2022-05-10,199500.0,"하락  3,500",202000.0,202000.0,195000.0,94186.0,삼성화재해상보험,000810
2022-05-11,196000.0,"하락  3,500",196500.0,198500.0,194500.0,86555.0,삼성화재해상보험,000810
2022-05-12,199500.0,"상승  3,500",195500.0,206000.0,195500.0,153302.0,삼성화재해상보험,000810
2022-05-13,203000.0,"상승  3,500",202000.0,206000.0,199000.0,89619.0,삼성화재해상보험,000810
2022-05-16,204500.0,"상승  1,500",205000.0,209000.0,202000.0,72512.0,삼성화재해상보험,000810
2022-05-17,200000.0,"하락  4,500",204500.0,207000.0,199500.0,81278.0,삼성화재해상보험,000810
2022-05-18,201500.0,"상승  1,500",200000.0,202500.0,200000.0,46947.0,삼성화재해상보험,000810
2022-05-19,198500.0,"하락  3,000",198500.0,201500.0,198000.0,83496.0,삼성화재해상보험,000810
2022-05-20,199500.0,"상승  1,000",199500.0,202500.0,198500.0,116467.0,삼성화재해상보험,000810
2022-05-23,199500.0,보합0,199500.0,201000.0,196000.0,124930.0,삼성화재해상보험,000810
2022-05-24,196500.0,"하락  3,000",199500.0,204000.0,196500.0,82260.0,삼성화재해상보험,000810
2022-05-25,198500.0,"상승  2,000",199000.0,199000.0,197000.0,47670.0,삼성화재해상보험,000810
2022-05-26,196000.0,"하락  2,500",197000.0,199000.0,195000.0,81588.0,삼성화재해상보험,000810
2022-05-27,199500.0,"상승  3,500",197500.0,199500.0,196500.0,79750.0,삼성화재해상보험,000810
2022-05-30,199000.0,하락  500,200000.0,203500.0,198000.0,76550.0,삼성화재해상보험,000810
2022-05-31,199000.0,보합0,199500.0,200500.0,196500.0,329951.0,삼성화재해상보험,000810
2022-06-02,197000.0,"하락  2,000",197500.0,198500.0,195500.0,84040.0,삼성화재해상보험,000810
2022-06-03,197000.0,보합0,198500.0,198500.0,195000.0,55389.0,삼성화재해상보험,000810
2022-06-07,195500.0,"하락  1,500",197500.0,197500.0,195000.0,106065.0,삼성화재해상보험,000810
2022-06-08,199000.0,"상승  3,500",195500.0,199500.0,194500.0,100051.0,삼성화재해상보험,000810
2022-06-09,200000.0,"상승  1,000",199000.0,200000.0,196000.0,122355.0,삼성화재해상보험,000810
2022-06-10,198000.0,"하락  2,000",198000.0,199000.0,195500.0,69142.0,삼성화재해상보험,000810
2022-06-13,195000.0,"하락  3,000",197000.0,202500.0,194000.0,114925.0,삼성화재해상보험,000810
2022-06-14,192000.0,"하락  3,000",196500.0,196500.0,191000.0,105311.0,삼성화재해상보험,000810
2022-06-15,194500.0,"상승  2,500",192500.0,196000.0,190000.0,80080.0,삼성화재해상보험,000810
2022-06-16,192500.0,"하락  2,000",194000.0,196500.0,192000.0,84759.0,삼성화재해상보험,000810
2022-06-17,196000.0,"상승  3,500",191500.0,199500.0,190500.0,140498.0,삼성화재해상보험,000810
2022-06-20,194500.0,"하락  1,500",195500.0,196500.0,192500.0,68947.0,삼성화재해상보험,000810
2022-06-21,195500.0,"상승  1,000",197500.0,198500.0,194500.0,52356.0,삼성화재해상보험,000810
2022-06-22,199000.0,"상승  3,500",197000.0,202000.0,194500.0,163869.0,삼성화재해상보험,000810
2022-06-23,196000.0,"하락  3,000",199500.0,202000.0,195500.0,124096.0,삼성화재해상보험,000810
2022-06-24,196500.0,상승  500,198000.0,198500.0,194500.0,54257.0,삼성화재해상보험,000810
2022-06-27,199500.0,"상승  3,000",196000.0,201500.0,196000.0,70280.0,삼성화재해상보험,000810
2022-06-28,200500.0,"상승  1,000",201000.0,201500.0,198000.0,54177.0,삼성화재해상보험,000810
2022-06-29,200000.0,하락  500,199000.0,201000.0,199000.0,46893.0,삼성화재해상보험,000810
2022-06-30,201000.0,"상승  1,000",201000.0,203500.0,199500.0,98669.0,삼성화재해상보험,000810
2022-07-01,202500.0,"상승  1,500",204000.0,204000.0,197500.0,103980.0,삼성화재해상보험,000810
2022-07-04,201500.0,"하락  1,000",200500.0,202500.0,198000.0,90107.0,삼성화재해상보험,000810
2022-07-05,196500.0,"하락  5,000",202500.0,202500.0,196000.0,142772.0,삼성화재해상보험,000810
2022-07-06,184500.0,"하락  12,000",195500.0,197000.0,183500.0,184048.0,삼성화재해상보험,000810
2022-07-07,190000.0,"상승  5,500",186500.0,191000.0,183500.0,88036.0,삼성화재해상보험,000810
2022-07-08,196500.0,"상승  6,500",189000.0,198500.0,189000.0,136612.0,삼성화재해상보험,000810
2022-07-11,196000.0,하락  500,196500.0,197500.0,194500.0,47122.0,삼성화재해상보험,000810
2022-07-12,201500.0,"상승  5,500",195500.0,202500.0,194500.0,111842.0,삼성화재해상보험,000810
2022-07-13,198500.0,"하락  3,000",203000.0,203500.0,198000.0,76894.0,삼성화재해상보험,000810
2022-07-14,197000.0,"하락  1,500",197500.0,200500.0,195000.0,80597.0,삼성화재해상보험,000810
2022-07-15,195500.0,"하락  1,500",196500.0,199000.0,192000.0,77228.0,삼성화재해상보험,000810
2022-07-18,199000.0,"상승  3,500",195500.0,201500.0,195000.0,72531.0,삼성화재해상보험,000810
2022-07-19,200000.0,"상승  1,000",197500.0,201000.0,197500.0,47545.0,삼성화재해상보험,000810
2022-07-20,198500.0,"하락  1,500",201000.0,203500.0,197500.0,84137.0,삼성화재해상보험,000810
2022-07-21,198500.0,보합0,197500.0,199000.0,195500.0,78153.0,삼성화재해상보험,000810
2022-07-22,194500.0,"하락  4,000",197000.0,200500.0,194000.0,74042.0,삼성화재해상보험,000810
2022-07-25,193500.0,"하락  1,000",195500.0,195500.0,193000.0,57429.0,삼성화재해상보험,000810
2022-07-26,192000.0,"하락  1,500",193000.0,194500.0,191000.0,76744.0,삼성화재해상보험,000810
2022-07-27,193500.0,"상승  1,500",193000.0,194500.0,192000.0,52398.0,삼성화재해상보험,000810
2022-07-28,197000.0,"상승  3,500",193500.0,197000.0,193500.0,86853.0,삼성화재해상보험,000810
2022-07-29,197500.0,상승  500,198000.0,198500.0,196000.0,52227.0,삼성화재해상보험,000810
2022-08-01,197500.0,보합0,196000.0,198000.0,196000.0,46966.0,삼성화재해상보험,000810
2022-08-02,197000.0,하락  500,196500.0,198500.0,196000.0,43647.0,삼성화재해상보험,000810
2022-08-03,201500.0,"상승  4,500",196500.0,202000.0,196500.0,69638.0,삼성화재해상보험,000810
2022-08-04,201500.0,보합0,200500.0,203000.0,200500.0,50465.0,삼성화재해상보험,000810
2022-08-05,205500.0,"상승  4,000",202500.0,206500.0,201000.0,67825.0,삼성화재해상보험,000810
2022-08-08,205000.0,하락  500,204500.0,209500.0,204000.0,78426.0,삼성화재해상보험,000810
2022-08-09,205000.0,보합0,203500.0,208000.0,201500.0,78522.0,삼성화재해상보험,000810
2022-08-10,203500.0,"하락  1,500",205500.0,207000.0,202000.0,48988.0,삼성화재해상보험,000810
2022-08-11,202000.0,"하락  1,500",203000.0,204500.0,201000.0,81342.0,삼성화재해상보험,000810
2022-08-12,200000.0,"하락  2,000",202000.0,205000.0,198000.0,116767.0,삼성화재해상보험,000810
2022-08-16,197000.0,"하락  3,000",200000.0,200000.0,196500.0,126120.0,삼성화재해상보험,000810
2022-08-17,198000.0,"상승  1,000",197000.0,199000.0,196000.0,80125.0,삼성화재해상보험,000810
2022-08-18,198500.0,상승  500,197000.0,200500.0,195500.0,97939.0,삼성화재해상보험,000810
2022-08-19,201000.0,"상승  2,500",198000.0,201500.0,197000.0,90681.0,삼성화재해상보험,000810
2022-08-22,200000.0,"하락  1,000",199500.0,201000.0,199000.0,60397.0,삼성화재해상보험,000810
2022-08-23,198500.0,"하락  1,500",200000.0,200000.0,196000.0,53222.0,삼성화재해상보험,000810
2022-08-24,196000.0,"하락  2,500",198500.0,198500.0,196000.0,52352.0,삼성화재해상보험,000810
2022-08-25,197500.0,"상승  1,500",196000.0,197500.0,195500.0,52895.0,삼성화재해상보험,000810
2022-08-26,196500.0,"하락  1,000",197000.0,199000.0,196500.0,72576.0,삼성화재해상보험,000810
2022-08-29,193000.0,"하락  3,500",195500.0,196000.0,192000.0,56496.0,삼성화재해상보험,000810
2022-08-30,194000.0,"상승  1,000",193500.0,195500.0,192000.0,53107.0,삼성화재해상보험,000810
2022-08-31,195000.0,"상승  1,000",192500.0,195000.0,190500.0,91787.0,삼성화재해상보험,000810
2022-09-01,192000.0,"하락  3,000",193000.0,194500.0,191000.0,74003.0,삼성화재해상보험,000810
2022-09-02,192000.0,보합0,191500.0,193000.0,190000.0,68309.0,삼성화재해상보험,000810
2022-09-05,193000.0,"상승  1,000",193500.0,194500.0,192000.0,38217.0,삼성화재해상보험,000810
2022-09-06,192500.0,하락  500,194000.0,194000.0,191000.0,61568.0,삼성화재해상보험,000810
2022-09-07,192500.0,보합0,192000.0,194000.0,190000.0,59843.0,삼성화재해상보험,000810
2022-09-08,192000.0,하락  500,194500.0,194500.0,190500.0,77693.0,삼성화재해상보험,000810
2022-09-13,197500.0,"상승  5,500",193500.0,199000.0,193000.0,91304.0,삼성화재해상보험,000810
2022-09-14,192500.0,"하락  5,000",194500.0,197000.0,192000.0,63749.0,삼성화재해상보험,000810
2022-09-15,193000.0,상승  500,193500.0,195000.0,192500.0,37666.0,삼성화재해상보험,000810
2022-09-16,189500.0,"하락  3,500",192000.0,192500.0,189000.0,100732.0,삼성화재해상보험,000810
2022-09-19,193000.0,"상승  3,500",190000.0,193000.0,189000.0,74768.0,삼성화재해상보험,000810
2022-09-20,195000.0,"상승  2,000",194500.0,195500.0,191500.0,66085.0,삼성화재해상보험,000810
2022-09-21,192500.0,"하락  2,500",194000.0,195500.0,192500.0,59384.0,삼성화재해상보험,000810
2022-09-22,193000.0,상승  500,192500.0,194000.0,191500.0,52725.0,삼성화재해상보험,000810
2022-09-23,196500.0,"상승  3,500",194500.0,196500.0,192000.0,82835.0,삼성화재해상보험,000810
2022-09-26,196000.0,하락  500,196000.0,200000.0,193000.0,125950.0,삼성화재해상보험,000810
2022-09-27,192500.0,"하락  3,500",197000.0,197000.0,189500.0,120388.0,삼성화재해상보험,000810
2022-09-28,191000.0,"하락  1,500",190000.0,193000.0,189000.0,133331.0,삼성화재해상보험,000810
2022-09-29,188500.0,"하락  2,500",191000.0,195500.0,188000.0,131520.0,삼성화재해상보험,000810
2022-09-30,184000.0,"하락  4,500",184500.0,188500.0,184000.0,180981.0,삼성화재해상보험,000810
2022-10-04,191000.0,"상승  7,000",184500.0,192500.0,184500.0,99012.0,삼성화재해상보험,000810
2022-10-05,190000.0,"하락  1,000",192000.0,193500.0,189500.0,64433.0,삼성화재해상보험,000810
2022-10-06,189500.0,하락  500,190500.0,190500.0,188500.0,41321.0,삼성화재해상보험,000810
2022-10-07,196000.0,"상승  6,500",189000.0,197000.0,188000.0,77252.0,삼성화재해상보험,000810
2022-10-11,191500.0,"하락  4,500",193500.0,195500.0,190500.0,90296.0,삼성화재해상보험,000810
2022-10-12,187500.0,"하락  4,000",191000.0,191500.0,187000.0,69539.0,삼성화재해상보험,000810
2022-10-13,188000.0,상승  500,188500.0,190000.0,188000.0,70180.0,삼성화재해상보험,000810
2022-10-14,192500.0,"상승  4,500",189000.0,193500.0,186500.0,57783.0,삼성화재해상보험,000810
2022-10-17,194500.0,"상승  2,000",192000.0,195500.0,191000.0,50394.0,삼성화재해상보험,000810
2022-10-18,195500.0,"상승  1,000",196500.0,197000.0,192500.0,52679.0,삼성화재해상보험,000810
2022-10-19,196500.0,"상승  1,000",196000.0,197000.0,194000.0,61095.0,삼성화재해상보험,000810
2022-10-20,198000.0,"상승  1,500",194500.0,198500.0,194500.0,99989.0,삼성화재해상보험,000810
2022-10-21,196500.0,"하락  1,500",196500.0,198000.0,195000.0,89215.0,삼성화재해상보험,000810
2022-10-24,196000.0,하락  500,199000.0,199000.0,194500.0,55530.0,삼성화재해상보험,000810
2022-10-25,194500.0,"하락  1,500",196500.0,196500.0,193500.0,39950.0,삼성화재해상보험,000810
2022-10-26,196500.0,"상승  2,000",194000.0,198000.0,194000.0,69733.0,삼성화재해상보험,000810
2022-10-27,196500.0,보합0,198000.0,198500.0,195500.0,94680.0,삼성화재해상보험,000810
2022-10-28,204000.0,"상승  7,500",197000.0,204000.0,197000.0,99637.0,삼성화재해상보험,000810
2022-10-31,200000.0,"하락  4,000",202000.0,204000.0,198500.0,99125.0,삼성화재해상보험,000810
2022-11-01,200500.0,상승  500,201000.0,203000.0,199500.0,53580.0,삼성화재해상보험,000810
2022-11-02,204000.0,"상승  3,500",202000.0,205000.0,202000.0,75040.0,삼성화재해상보험,000810
2022-11-03,201500.0,"하락  2,500",202000.0,204500.0,199000.0,75557.0,삼성화재해상보험,000810
2022-11-04,206000.0,"상승  4,500",205500.0,207000.0,203500.0,116752.0,삼성화재해상보험,000810
2022-11-07,204000.0,"하락  2,000",206500.0,207000.0,202000.0,67571.0,삼성화재해상보험,000810
2022-11-08,202000.0,"하락  2,000",206000.0,207000.0,199000.0,98240.0,삼성화재해상보험,000810
2022-11-09,202500.0,상승  500,203500.0,204000.0,200000.0,61594.0,삼성화재해상보험,000810
2022-11-10,201000.0,"하락  1,500",202500.0,203000.0,200000.0,63714.0,삼성화재해상보험,000810
2022-11-11,200500.0,하락  500,202500.0,203000.0,198500.0,106115.0,삼성화재해상보험,000810
2022-11-14,200000.0,하락  500,200000.0,201000.0,199000.0,60639.0,삼성화재해상보험,000810
2022-11-15,195000.0,"하락  5,000",201000.0,201000.0,194000.0,121326.0,삼성화재해상보험,000810
2022-11-16,193500.0,"하락  1,500",194500.0,195500.0,191000.0,169283.0,삼성화재해상보험,000810
2022-11-17,193500.0,보합0,193000.0,195500.0,192500.0,57623.0,삼성화재해상보험,000810
2022-11-18,194000.0,상승  500,193500.0,195000.0,192500.0,63974.0,삼성화재해상보험,000810
2022-11-21,195000.0,"상승  1,000",195000.0,197000.0,193000.0,61189.0,삼성화재해상보험,000810
2022-11-22,197000.0,"상승  2,000",194500.0,197000.0,194000.0,54989.0,삼성화재해상보험,000810
2022-11-23,196500.0,하락  500,195500.0,197500.0,195000.0,52940.0,삼성화재해상보험,000810
2022-11-24,200500.0,"상승  4,000",197500.0,200500.0,197000.0,60397.0,삼성화재해상보험,000810
2022-11-25,203500.0,"상승  3,000",199500.0,203500.0,199500.0,76073.0,삼성화재해상보험,000810
2022-11-28,201000.0,"하락  2,500",201000.0,203500.0,199500.0,45841.0,삼성화재해상보험,000810
2022-11-29,204500.0,"상승  3,500",201500.0,205500.0,200000.0,60060.0,삼성화재해상보험,000810
2022-11-30,205500.0,"상승  1,000",203500.0,206000.0,203500.0,124510.0,삼성화재해상보험,000810
2022-12-01,203500.0,"하락  2,000",204000.0,206000.0,202000.0,78408.0,삼성화재해상보험,000810
2022-12-02,197000.0,"하락  6,500",203000.0,203000.0,196500.0,116690.0,삼성화재해상보험,000810
2022-12-05,197000.0,보합0,198000.0,199000.0,195000.0,94438.0,삼성화재해상보험,000810
2022-12-06,198000.0,"상승  1,000",197500.0,199000.0,195500.0,96737.0,삼성화재해상보험,000810
2022-12-07,203000.0,"상승  5,000",199500.0,205000.0,198000.0,195673.0,삼성화재해상보험,000810
2022-12-08,204500.0,"상승  1,500",203500.0,205500.0,202000.0,133789.0,삼성화재해상보험,000810
2022-12-09,207000.0,"상승  2,500",205500.0,207000.0,202500.0,79727.0,삼성화재해상보험,000810
2022-12-12,209500.0,"상승  2,500",207000.0,210000.0,205000.0,54265.0,삼성화재해상보험,000810
2022-12-13,212500.0,"상승  3,000",211500.0,214500.0,209500.0,125931.0,삼성화재해상보험,000810
2022-12-14,212500.0,보합0,214500.0,214500.0,210500.0,91245.0,삼성화재해상보험,000810
2022-12-15,210500.0,"하락  2,000",213000.0,214500.0,210000.0,72891.0,삼성화재해상보험,000810
2022-12-16,214000.0,"상승  3,500",211500.0,214000.0,209000.0,137373.0,삼성화재해상보험,000810
2022-12-19,214500.0,상승  500,212000.0,215000.0,212000.0,81754.0,삼성화재해상보험,000810
2022-12-20,216000.0,"상승  1,500",214500.0,216000.0,213000.0,58861.0,삼성화재해상보험,000810
2022-12-21,215000.0,"하락  1,000",216000.0,216500.0,212500.0,38738.0,삼성화재해상보험,000810
2022-12-22,217500.0,"상승  2,500",213500.0,217500.0,213500.0,65676.0,삼성화재해상보험,000810
2022-12-23,216500.0,"하락  1,000",217500.0,218000.0,215000.0,29019.0,삼성화재해상보험,000810
2022-12-26,215000.0,"하락  1,500",215000.0,216500.0,214500.0,46968.0,삼성화재해상보험,000810
2022-12-27,213000.0,"하락  2,000",216000.0,216000.0,211500.0,111521.0,삼성화재해상보험,000810
2022-12-28,206000.0,"하락  7,000",202000.0,206500.0,199000.0,106997.0,삼성화재해상보험,000810
2022-12-29,200000.0,"하락  6,000",203500.0,204500.0,198500.0,66949.0,삼성화재해상보험,000810
2023-01-02,194500.0,"하락  5,500",200500.0,201000.0,194500.0,51688.0,삼성화재해상보험,000810
2023-01-03,194000.0,하락  500,196500.0,197000.0,191500.0,56028.0,삼성화재해상보험,000810
2023-01-04,195000.0,"상승  1,000",192500.0,196000.0,190500.0,69045.0,삼성화재해상보험,000810
2023-01-05,195500.0,상승  500,194000.0,197500.0,194000.0,71174.0,삼성화재해상보험,000810
2023-01-06,204000.0,"상승  8,500",195000.0,205000.0,195000.0,87101.0,삼성화재해상보험,000810
2023-01-09,201500.0,"하락  2,500",205000.0,207500.0,200000.0,76413.0,삼성화재해상보험,000810
2023-01-10,201000.0,하락  500,201500.0,204000.0,198000.0,77604.0,삼성화재해상보험,000810
2023-01-11,200500.0,하락  500,202000.0,202500.0,198500.0,53752.0,삼성화재해상보험,000810
2023-01-12,201000.0,상승  500,200000.0,204000.0,200000.0,65861.0,삼성화재해상보험,000810
2023-01-13,201000.0,보합0,203000.0,203500.0,197500.0,102703.0,삼성화재해상보험,000810
2023-01-16,200500.0,하락  500,200000.0,204000.0,198500.0,52975.0,삼성화재해상보험,000810
2023-01-17,206000.0,"상승  5,500",200500.0,207500.0,200000.0,86312.0,삼성화재해상보험,000810
2023-01-18,203000.0,"하락  3,000",206500.0,207000.0,201500.0,104680.0,삼성화재해상보험,000810
2023-01-19,207500.0,"상승  4,500",202000.0,210000.0,201500.0,133346.0,삼성화재해상보험,000810
2023-01-20,206000.0,"하락  1,500",207000.0,212500.0,205000.0,56445.0,삼성화재해상보험,000810
2023-01-25,206000.0,보합0,205000.0,208000.0,204000.0,58111.0,삼성화재해상보험,000810
2023-01-26,205500.0,하락  500,205000.0,209000.0,204500.0,73560.0,삼성화재해상보험,000810
2023-01-27,209500.0,"상승  4,000",205000.0,210000.0,204500.0,67539.0,삼성화재해상보험,000810
2023-01-30,201000.0,"하락  8,500",207500.0,209500.0,201000.0,128488.0,삼성화재해상보험,000810
2023-01-31,203000.0,"상승  2,000",203000.0,206000.0,202000.0,139174.0,삼성화재해상보험,000810
2023-02-01,208000.0,"상승  5,000",204000.0,209000.0,203000.0,104852.0,삼성화재해상보험,000810
2023-02-02,203000.0,"하락  5,000",209000.0,209000.0,202000.0,148698.0,삼성화재해상보험,000810
2023-02-03,205000.0,"상승  2,000",203000.0,205500.0,202000.0,104937.0,삼성화재해상보험,000810
2023-02-06,202000.0,"하락  3,000",204000.0,205500.0,201000.0,75569.0,삼성화재해상보험,000810
2023-02-07,202500.0,상승  500,202000.0,205000.0,201000.0,80995.0,삼성화재해상보험,000810
2023-02-08,203500.0,"상승  1,000",203000.0,205000.0,202000.0,67228.0,삼성화재해상보험,000810
2023-02-09,199900.0,"하락  3,600",202000.0,203500.0,199600.0,91301.0,삼성화재해상보험,000810
2023-02-10,203500.0,"상승  3,600",199700.0,203500.0,199200.0,50269.0,삼성화재해상보험,000810
2023-02-13,203000.0,하락  500,202000.0,204500.0,200500.0,51195.0,삼성화재해상보험,000810
2023-02-14,204500.0,"상승  1,500",204000.0,204500.0,202000.0,50061.0,삼성화재해상보험,000810
2023-02-15,205000.0,상승  500,203500.0,205500.0,202000.0,73593.0,삼성화재해상보험,000810
2023-02-16,205000.0,보합0,205000.0,206500.0,202500.0,77965.0,삼성화재해상보험,000810
2023-02-17,206500.0,"상승  1,500",204000.0,207000.0,202500.0,90552.0,삼성화재해상보험,000810
2023-02-20,205000.0,"하락  1,500",205500.0,206000.0,203000.0,62711.0,삼성화재해상보험,000810
2023-02-21,206000.0,"상승  1,000",204000.0,206000.0,203500.0,39981.0,삼성화재해상보험,000810
2023-02-22,207500.0,"상승  1,500",206500.0,208500.0,205500.0,73578.0,삼성화재해상보험,000810
2023-02-23,212500.0,"상승  5,000",208500.0,215500.0,207000.0,155605.0,삼성화재해상보험,000810
2023-02-24,213500.0,"상승  1,000",211000.0,217500.0,211000.0,96779.0,삼성화재해상보험,000810
2023-02-27,216500.0,"상승  3,000",213500.0,217500.0,212500.0,96180.0,삼성화재해상보험,000810
2023-02-28,214500.0,"하락  2,000",216000.0,216500.0,211000.0,111624.0,삼성화재해상보험,000810
2023-03-02,218000.0,"상승  3,500",215000.0,219500.0,214500.0,104536.0,삼성화재해상보험,000810
2023-03-03,211000.0,"하락  7,000",217500.0,218000.0,210500.0,81281.0,삼성화재해상보험,000810
2023-03-06,215500.0,"상승  4,500",212500.0,217000.0,212000.0,66702.0,삼성화재해상보험,000810
2023-03-07,214500.0,"하락  1,000",215500.0,216500.0,213500.0,55112.0,삼성화재해상보험,000810
2023-03-08,209500.0,"하락  5,000",213000.0,213500.0,207000.0,93360.0,삼성화재해상보험,000810
2023-03-09,213000.0,"상승  3,500",210500.0,215500.0,209000.0,146524.0,삼성화재해상보험,000810
2023-03-10,214000.0,"상승  1,000",212500.0,216000.0,211500.0,83293.0,삼성화재해상보험,000810
2023-03-13,218000.0,"상승  4,000",215500.0,218000.0,213500.0,102903.0,삼성화재해상보험,000810
2023-03-14,215500.0,"하락  2,500",215500.0,217500.0,213000.0,132218.0,삼성화재해상보험,000810
2023-03-15,216000.0,상승  500,215000.0,217000.0,214000.0,84342.0,삼성화재해상보험,000810
2023-03-16,212500.0,"하락  3,500",214500.0,215500.0,211000.0,72982.0,삼성화재해상보험,000810
2023-03-17,215500.0,"상승  3,000",214500.0,216000.0,213000.0,98668.0,삼성화재해상보험,000810
2023-03-20,208500.0,"하락  7,000",214500.0,215500.0,207500.0,88379.0,삼성화재해상보험,000810
2023-03-21,207500.0,"하락  1,000",209500.0,212500.0,207500.0,86991.0,삼성화재해상보험,000810
2023-03-22,209000.0,"상승  1,500",209000.0,210500.0,207500.0,63048.0,삼성화재해상보험,000810
2023-03-23,208000.0,"하락  1,000",209000.0,210000.0,205500.0,79255.0,삼성화재해상보험,000810
2023-03-24,202500.0,"하락  5,500",205500.0,206500.0,201000.0,78816.0,삼성화재해상보험,000810
2023-03-27,200500.0,"하락  2,000",203000.0,203000.0,199800.0,55599.0,삼성화재해상보험,000810
2023-03-28,202500.0,"상승  2,000",201500.0,203000.0,200500.0,41441.0,삼성화재해상보험,000810
2023-03-29,207500.0,"상승  5,000",203000.0,208000.0,203000.0,63322.0,삼성화재해상보험,000810
2023-03-30,207000.0,하락  500,206000.0,208000.0,205000.0,75078.0,삼성화재해상보험,000810
2023-03-31,206000.0,"하락  1,000",207000.0,209500.0,204500.0,104204.0,삼성화재해상보험,000810
2023-04-03,207000.0,"상승  1,000",206000.0,208000.0,205000.0,54933.0,삼성화재해상보험,000810
2023-04-04,207000.0,보합0,208000.0,208000.0,204000.0,70266.0,삼성화재해상보험,000810
2023-04-05,206500.0,하락  500,209000.0,210000.0,206500.0,32626.0,삼성화재해상보험,000810
2023-04-06,204500.0,"하락  2,000",206500.0,207500.0,204500.0,48424.0,삼성화재해상보험,000810
2023-04-07,202500.0,"하락  2,000",204500.0,204500.0,201500.0,58148.0,삼성화재해상보험,000810
2023-04-10,202000.0,하락  500,201500.0,205500.0,201000.0,49469.0,삼성화재해상보험,000810
2023-04-11,204500.0,"상승  2,500",202500.0,206000.0,202000.0,63268.0,삼성화재해상보험,000810
2023-04-12,206500.0,"상승  2,000",203500.0,207000.0,203500.0,57556.0,삼성화재해상보험,000810
2023-04-13,205500.0,"하락  1,000",205000.0,207000.0,203500.0,94334.0,삼성화재해상보험,000810
2023-04-14,207500.0,"상승  2,000",205500.0,208500.0,205500.0,85721.0,삼성화재해상보험,000810
2023-04-17,206500.0,"하락  1,000",207500.0,208000.0,205500.0,63230.0,삼성화재해상보험,000810
2023-04-18,211000.0,"상승  4,500",206500.0,212000.0,206000.0,109277.0,삼성화재해상보험,000810
2023-04-19,212500.0,"상승  1,500",210000.0,213000.0,210000.0,104344.0,삼성화재해상보험,000810
2023-04-20,218000.0,"상승  5,500",212000.0,218500.0,211000.0,82483.0,삼성화재해상보험,000810
2023-04-21,216500.0,"하락  1,500",215500.0,217500.0,214500.0,100694.0,삼성화재해상보험,000810
2023-04-24,217500.0,"상승  1,000",216500.0,217500.0,212500.0,171829.0,삼성화재해상보험,000810
2023-04-25,230500.0,"상승  13,000",217500.0,231500.0,216500.0,244146.0,삼성화재해상보험,000810
2023-04-26,225000.0,"하락  5,500",226500.0,229000.0,222000.0,94537.0,삼성화재해상보험,000810
2023-04-27,223500.0,"하락  1,500",224000.0,224500.0,219000.0,73186.0,삼성화재해상보험,000810
2023-04-28,225000.0,"상승  1,500",222000.0,226000.0,221500.0,141115.0,삼성화재해상보험,000810
2023-05-02,227500.0,"상승  2,500",229500.0,232000.0,225500.0,102506.0,삼성화재해상보험,000810
2023-05-03,227000.0,하락  500,226000.0,230500.0,226000.0,48013.0,삼성화재해상보험,000810
2023-05-04,227000.0,보합0,226000.0,229000.0,225500.0,71453.0,삼성화재해상보험,000810
2023-05-08,232000.0,"상승  5,000",225500.0,234500.0,225500.0,96780.0,삼성화재해상보험,000810
2023-05-09,230500.0,"하락  1,500",233500.0,233500.0,228000.0,73883.0,삼성화재해상보험,000810
2023-05-10,231000.0,상승  500,230000.0,233000.0,229000.0,42954.0,삼성화재해상보험,000810
2023-05-11,230000.0,"하락  1,000",230500.0,233000.0,228500.0,67256.0,삼성화재해상보험,000810
2023-05-12,225500.0,"하락  4,500",230500.0,230500.0,222000.0,167152.0,삼성화재해상보험,000810
2023-05-15,227500.0,"상승  2,000",224000.0,231500.0,224000.0,73397.0,삼성화재해상보험,000810
2023-05-16,227500.0,보합0,225000.0,232000.0,224000.0,46297.0,삼성화재해상보험,000810
2023-05-17,227500.0,보합0,228000.0,232000.0,227000.0,61043.0,삼성화재해상보험,000810
2023-05-18,230000.0,"상승  2,500",230000.0,230000.0,226000.0,42056.0,삼성화재해상보험,000810
2023-05-19,235500.0,"상승  5,500",229000.0,236500.0,229000.0,79675.0,삼성화재해상보험,000810
2023-05-22,236000.0,상승  500,237500.0,239000.0,234000.0,63584.0,삼성화재해상보험,000810
2023-05-23,236500.0,상승  500,239000.0,239500.0,235500.0,46684.0,삼성화재해상보험,000810
2023-05-24,238500.0,"상승  2,000",236000.0,239500.0,235500.0,57172.0,삼성화재해상보험,000810
2023-05-25,235000.0,"하락  3,500",238000.0,239000.0,233000.0,83642.0,삼성화재해상보험,000810
2023-05-26,232000.0,"하락  3,000",233000.0,235500.0,230000.0,53437.0,삼성화재해상보험,000810
2023-05-30,225500.0,"하락  6,500",233500.0,234000.0,221000.0,121267.0,삼성화재해상보험,000810
2023-05-31,225500.0,보합0,226000.0,230000.0,224500.0,165397.0,삼성화재해상보험,000810
2023-06-01,224500.0,"하락  1,000",226000.0,229500.0,223500.0,59684.0,삼성화재해상보험,000810
2023-06-02,228000.0,"상승  3,500",225500.0,228500.0,224500.0,73147.0,삼성화재해상보험,000810
2023-06-05,231500.0,"상승  3,500",229000.0,232000.0,227500.0,61621.0,삼성화재해상보험,000810
2023-06-07,235500.0,"상승  4,000",238000.0,242500.0,233500.0,123358.0,삼성화재해상보험,000810
2023-06-08,242000.0,"상승  6,500",237000.0,244500.0,236000.0,158990.0,삼성화재해상보험,000810
2023-06-09,235000.0,"하락  7,000",245000.0,245000.0,234000.0,81872.0,삼성화재해상보험,000810
2023-06-12,234000.0,"하락  1,000",236500.0,237000.0,231500.0,60661.0,삼성화재해상보험,000810
2023-06-13,226500.0,"하락  7,500",233500.0,234000.0,225000.0,108675.0,삼성화재해상보험,000810
2023-06-14,223000.0,"하락  3,500",225500.0,226000.0,220000.0,113578.0,삼성화재해상보험,000810
2023-06-15,225500.0,"상승  2,500",224000.0,226500.0,222500.0,90537.0,삼성화재해상보험,000810
2023-06-16,224000.0,"하락  1,500",225500.0,226500.0,220500.0,154326.0,삼성화재해상보험,000810
2023-06-19,220000.0,"하락  4,000",223000.0,223000.0,219000.0,68720.0,삼성화재해상보험,000810
2023-06-20,217500.0,"하락  2,500",219000.0,221000.0,215500.0,63074.0,삼성화재해상보험,000810
2023-06-21,221500.0,"상승  4,000",216000.0,222000.0,215000.0,76865.0,삼성화재해상보험,000810
2023-06-22,226500.0,"상승  5,000",222500.0,230000.0,222000.0,81818.0,삼성화재해상보험,000810
2023-06-23,223000.0,"하락  3,500",225000.0,226000.0,222000.0,61149.0,삼성화재해상보험,000810
2023-06-26,225000.0,"상승  2,000",224000.0,226000.0,221500.0,134042.0,삼성화재해상보험,000810
2023-06-27,227000.0,"상승  2,000",224000.0,227500.0,224000.0,74590.0,삼성화재해상보험,000810
2023-06-28,229000.0,"상승  2,000",228000.0,232000.0,227000.0,46377.0,삼성화재해상보험,000810
2023-06-29,228500.0,하락  500,227500.0,230000.0,224500.0,67795.0,삼성화재해상보험,000810
2023-06-30,230000.0,"상승  1,500",230000.0,233500.0,227000.0,82311.0,삼성화재해상보험,000810
2023-07-03,231500.0,"상승  1,500",229500.0,233000.0,228000.0,54583.0,삼성화재해상보험,000810
2023-07-04,226000.0,"하락  5,500",229000.0,231000.0,224500.0,42432.0,삼성화재해상보험,000810
2023-07-05,226500.0,상승  500,225000.0,230000.0,224500.0,48543.0,삼성화재해상보험,000810
2023-07-06,223000.0,"하락  3,500",227500.0,232000.0,221500.0,119852.0,삼성화재해상보험,000810
2023-07-07,222000.0,"하락  1,000",222000.0,224000.0,220500.0,71456.0,삼성화재해상보험,000810
2023-07-10,232500.0,"상승  10,500",223500.0,233500.0,222000.0,120782.0,삼성화재해상보험,000810
2023-07-11,240000.0,"상승  7,500",235000.0,242000.0,233500.0,115834.0,삼성화재해상보험,000810
2023-07-12,243000.0,"상승  3,000",242000.0,245000.0,239000.0,116820.0,삼성화재해상보험,000810
2023-07-13,238500.0,"하락  4,500",247500.0,248500.0,236000.0,124250.0,삼성화재해상보험,000810
2023-07-14,244500.0,"상승  6,000",240000.0,246000.0,239000.0,83049.0,삼성화재해상보험,000810
2023-07-17,240500.0,"하락  4,000",242500.0,244500.0,238500.0,70247.0,삼성화재해상보험,000810
2023-07-18,238500.0,"하락  2,000",241500.0,243000.0,237000.0,52931.0,삼성화재해상보험,000810
2023-07-19,237500.0,"하락  1,000",239000.0,241500.0,235500.0,46097.0,삼성화재해상보험,000810
2023-07-20,234500.0,"하락  3,000",237500.0,238000.0,233000.0,48599.0,삼성화재해상보험,000810
2023-07-21,240000.0,"상승  5,500",238000.0,241000.0,235500.0,72280.0,삼성화재해상보험,000810
2023-07-24,236500.0,"하락  3,500",238500.0,240000.0,233000.0,52126.0,삼성화재해상보험,000810
2023-07-25,241500.0,"상승  5,000",241000.0,244500.0,237000.0,49295.0,삼성화재해상보험,000810
2023-07-26,239500.0,"하락  2,000",239500.0,241000.0,234000.0,93448.0,삼성화재해상보험,000810
2023-07-27,245000.0,"상승  5,500",239500.0,246000.0,239500.0,70963.0,삼성화재해상보험,000810
2023-07-28,242500.0,"하락  2,500",241000.0,244000.0,238000.0,60878.0,삼성화재해상보험,000810
2023-07-31,244000.0,"상승  1,500",244500.0,245000.0,241000.0,61010.0,삼성화재해상보험,000810
2023-08-01,240500.0,"하락  3,500",240500.0,242500.0,236500.0,83456.0,삼성화재해상보험,000810
2023-08-02,242500.0,"상승  2,000",240500.0,245000.0,237000.0,78908.0,삼성화재해상보험,000810
2023-08-03,240000.0,"하락  2,500",245000.0,245500.0,239000.0,56869.0,삼성화재해상보험,000810
2023-08-04,247500.0,"상승  7,500",239500.0,247500.0,239000.0,95290.0,삼성화재해상보험,000810
2023-08-07,247500.0,보합0,245500.0,251000.0,245000.0,46154.0,삼성화재해상보험,000810
2023-08-08,253000.0,"상승  5,500",250000.0,253000.0,248500.0,70846.0,삼성화재해상보험,000810
2023-08-09,249000.0,"하락  4,000",253500.0,253500.0,247500.0,100091.0,삼성화재해상보험,000810
2023-08-10,248000.0,"하락  1,000",247500.0,251500.0,245000.0,105900.0,삼성화재해상보험,000810
2023-08-11,250500.0,"상승  2,500",246500.0,252500.0,246000.0,111091.0,삼성화재해상보험,000810
2023-08-14,250500.0,보합0,249500.0,251000.0,246500.0,42862.0,삼성화재해상보험,000810
2023-08-16,249000.0,"하락  1,500",249000.0,251500.0,244500.0,47593.0,삼성화재해상보험,000810
2023-08-17,249000.0,보합0,249500.0,251000.0,245500.0,58623.0,삼성화재해상보험,000810
2023-08-18,251000.0,"상승  2,000",248000.0,256000.0,248000.0,82241.0,삼성화재해상보험,000810
2023-08-21,253500.0,"상승  2,500",252500.0,254500.0,249000.0,55948.0,삼성화재해상보험,000810
2023-08-22,252500.0,"하락  1,000",252000.0,253500.0,249500.0,69117.0,삼성화재해상보험,000810
2023-08-23,254500.0,"상승  2,000",250000.0,257000.0,249500.0,49354.0,삼성화재해상보험,000810
2023-08-24,251500.0,"하락  3,000",257000.0,257000.0,247500.0,59001.0,삼성화재해상보험,000810
2023-08-25,254500.0,"상승  3,000",249500.0,256500.0,249000.0,66437.0,삼성화재해상보험,000810
2023-08-28,255000.0,상승  500,256500.0,256500.0,253000.0,37140.0,삼성화재해상보험,000810
2023-08-29,254500.0,하락  500,256000.0,257500.0,254000.0,34281.0,삼성화재해상보험,000810
2023-08-30,246000.0,"하락  8,500",253500.0,255000.0,243000.0,123935.0,삼성화재해상보험,000810
2023-08-31,246500.0,상승  500,246000.0,248500.0,245000.0,99044.0,삼성화재해상보험,000810
2023-09-01,246500.0,보합0,243000.0,247500.0,242500.0,66585.0,삼성화재해상보험,000810
2023-09-04,245000.0,"하락  1,500",242500.0,245000.0,239000.0,63002.0,삼성화재해상보험,000810
2023-09-05,246000.0,"상승  1,000",243500.0,246500.0,242500.0,33693.0,삼성화재해상보험,000810
2023-09-06,248500.0,"상승  2,500",244500.0,251000.0,244500.0,67199.0,삼성화재해상보험,000810
2023-09-07,250500.0,"상승  2,000",246000.0,250500.0,246000.0,55137.0,삼성화재해상보험,000810
2023-09-08,259000.0,"상승  8,500",251000.0,259000.0,249500.0,83215.0,삼성화재해상보험,000810
2023-09-11,267000.0,"상승  8,000",259000.0,270000.0,257000.0,119572.0,삼성화재해상보험,000810
2023-09-12,264500.0,"하락  2,500",267000.0,269500.0,263000.0,56629.0,삼성화재해상보험,000810
2023-09-13,265000.0,상승  500,263500.0,271000.0,263500.0,111638.0,삼성화재해상보험,000810
2023-09-14,261500.0,"하락  3,500",265000.0,265500.0,259000.0,122908.0,삼성화재해상보험,000810
2023-09-15,267500.0,"상승  6,000",262000.0,270000.0,259000.0,128841.0,삼성화재해상보험,000810
2023-09-18,263000.0,"하락  4,500",265000.0,267500.0,262500.0,50350.0,삼성화재해상보험,000810
2023-09-19,269000.0,"상승  6,000",263000.0,271000.0,263000.0,85542.0,삼성화재해상보험,000810
2023-09-20,265500.0,"하락  3,500",269000.0,269000.0,264000.0,58035.0,삼성화재해상보험,000810
2023-09-21,263500.0,"하락  2,000",267500.0,274500.0,262000.0,105162.0,삼성화재해상보험,000810
2023-09-22,268500.0,"상승  5,000",262500.0,272000.0,262500.0,92656.0,삼성화재해상보험,000810
2023-09-25,267000.0,"하락  1,500",266500.0,271000.0,264500.0,124203.0,삼성화재해상보험,000810
2023-09-26,267000.0,보합0,264500.0,268000.0,262000.0,74258.0,삼성화재해상보험,000810
2023-09-27,260500.0,"하락  6,500",265000.0,266000.0,257000.0,111855.0,삼성화재해상보험,000810
2023-10-04,259500.0,"하락  1,000",261500.0,262500.0,252500.0,136849.0,삼성화재해상보험,000810
2023-10-05,254500.0,"하락  5,000",258000.0,259500.0,251500.0,112438.0,삼성화재해상보험,000810
2023-10-06,260000.0,"상승  5,500",258000.0,260000.0,253500.0,76247.0,삼성화재해상보험,000810
2023-10-10,262500.0,"상승  2,500",263000.0,265000.0,258000.0,100535.0,삼성화재해상보험,000810
2023-10-11,257500.0,"하락  5,000",263500.0,267500.0,253500.0,152205.0,삼성화재해상보험,000810
2023-10-12,258000.0,상승  500,258500.0,259500.0,254500.0,88391.0,삼성화재해상보험,000810
2023-10-13,258000.0,보합0,255500.0,260500.0,255500.0,71133.0,삼성화재해상보험,000810
2023-10-16,260500.0,"상승  2,500",257500.0,261500.0,256000.0,70102.0,삼성화재해상보험,000810
2023-10-17,257000.0,"하락  3,500",262000.0,262000.0,255000.0,86879.0,삼성화재해상보험,000810
2023-10-18,266000.0,"상승  9,000",258000.0,266500.0,257000.0,91448.0,삼성화재해상보험,000810
2023-10-19,261000.0,"하락  5,000",264000.0,265000.0,260000.0,79127.0,삼성화재해상보험,000810
2023-10-20,260000.0,"하락  1,000",261000.0,263000.0,258000.0,82609.0,삼성화재해상보험,000810
2023-10-23,255500.0,"하락  4,500",261500.0,261500.0,254000.0,48696.0,삼성화재해상보험,000810
2023-10-24,251500.0,"하락  4,000",257500.0,258000.0,251000.0,47966.0,삼성화재해상보험,000810
2023-10-25,259500.0,"상승  8,000",253000.0,261500.0,252000.0,75950.0,삼성화재해상보험,000810
2023-10-26,258500.0,"하락  1,000",260500.0,260500.0,254500.0,71567.0,삼성화재해상보험,000810
2023-10-27,251000.0,"하락  7,500",259000.0,259000.0,250500.0,69069.0,삼성화재해상보험,000810
2023-10-30,252500.0,"상승  1,500",250500.0,254500.0,247500.0,59725.0,삼성화재해상보험,000810
2023-10-31,258500.0,"상승  6,000",255000.0,262000.0,254000.0,68247.0,삼성화재해상보험,000810
2023-11-01,260000.0,"상승  1,500",259500.0,262000.0,256500.0,65475.0,삼성화재해상보험,000810
2023-11-02,253500.0,"하락  6,500",260500.0,264000.0,253000.0,98310.0,삼성화재해상보험,000810
2023-11-03,248500.0,"하락  5,000",254000.0,254000.0,234000.0,141534.0,삼성화재해상보험,000810
2023-11-06,263000.0,"상승  14,500",249000.0,263000.0,244000.0,154502.0,삼성화재해상보험,000810
2023-11-07,248000.0,"하락  15,000",256500.0,256500.0,244000.0,101477.0,삼성화재해상보험,000810
2023-11-08,244000.0,"하락  4,000",249500.0,250000.0,241000.0,90698.0,삼성화재해상보험,000810
2023-11-09,248500.0,"상승  4,500",242000.0,249500.0,239000.0,82957.0,삼성화재해상보험,000810
2023-11-10,250000.0,"상승  1,500",246500.0,250000.0,245500.0,45118.0,삼성화재해상보험,000810
2023-11-13,251500.0,"상승  1,500",250500.0,253000.0,248500.0,85193.0,삼성화재해상보험,000810
2023-11-14,248500.0,"하락  3,000",254000.0,255500.0,247500.0,72634.0,삼성화재해상보험,000810
2023-11-15,245500.0,"하락  3,000",248500.0,250000.0,239000.0,153942.0,삼성화재해상보험,000810
2023-11-16,249500.0,"상승  4,000",247000.0,249500.0,245500.0,84014.0,삼성화재해상보험,000810
2023-11-17,245000.0,"하락  4,500",250500.0,252000.0,245000.0,56416.0,삼성화재해상보험,000810
2023-11-20,249500.0,"상승  4,500",246000.0,251500.0,245000.0,45697.0,삼성화재해상보험,000810
2023-11-21,248500.0,"하락  1,000",251500.0,251500.0,247500.0,57005.0,삼성화재해상보험,000810
2023-11-22,254000.0,"상승  5,500",248000.0,254000.0,248000.0,44417.0,삼성화재해상보험,000810
2023-11-23,262000.0,"상승  8,000",254000.0,264000.0,253500.0,79321.0,삼성화재해상보험,000810
2023-11-24,261500.0,하락  500,263000.0,268500.0,261000.0,74308.0,삼성화재해상보험,000810
2023-11-27,265000.0,"상승  3,500",264000.0,266000.0,260500.0,68360.0,삼성화재해상보험,000810
2023-11-28,271000.0,"상승  6,000",267500.0,272000.0,265000.0,98577.0,삼성화재해상보험,000810
2023-11-29,262000.0,"하락  9,000",267000.0,268500.0,261000.0,58997.0,삼성화재해상보험,000810
2023-11-30,260000.0,"하락  2,000",261000.0,263000.0,255000.0,181267.0,삼성화재해상보험,000810
2023-12-01,257500.0,"하락  2,500",258500.0,260000.0,255000.0,52261.0,삼성화재해상보험,000810
2023-12-04,257500.0,보합0,257500.0,260000.0,256000.0,39099.0,삼성화재해상보험,000810
2023-12-05,260500.0,"상승  3,000",259000.0,261000.0,254500.0,64630.0,삼성화재해상보험,000810
2023-12-06,266000.0,"상승  5,500",263500.0,269000.0,260500.0,60982.0,삼성화재해상보험,000810
2023-12-07,256000.0,"하락  10,000",263000.0,263500.0,256000.0,74783.0,삼성화재해상보험,000810
2023-12-08,252500.0,"하락  3,500",258000.0,258500.0,252000.0,72120.0,삼성화재해상보험,000810
2023-12-11,253000.0,상승  500,254000.0,255000.0,250500.0,46949.0,삼성화재해상보험,000810
2023-12-12,255000.0,"상승  2,000",255000.0,258500.0,253500.0,70092.0,삼성화재해상보험,000810
2023-12-13,255000.0,보합0,255500.0,259000.0,253500.0,42582.0,삼성화재해상보험,000810
2023-12-14,255000.0,보합0,256000.0,256000.0,250500.0,127149.0,삼성화재해상보험,000810
2023-12-15,260000.0,"상승  5,000",255000.0,260000.0,254500.0,138296.0,삼성화재해상보험,000810
2023-12-18,254000.0,"하락  6,000",257500.0,259500.0,253500.0,54757.0,삼성화재해상보험,000810
2023-12-19,252000.0,"하락  2,000",253000.0,253500.0,250000.0,81173.0,삼성화재해상보험,000810
2023-12-20,255000.0,"상승  3,000",254000.0,257000.0,253500.0,59364.0,삼성화재해상보험,000810
2023-12-21,257000.0,"상승  2,000",254500.0,257000.0,254500.0,78299.0,삼성화재해상보험,000810
2023-12-22,255500.0,"하락  1,500",257500.0,257500.0,254500.0,38517.0,삼성화재해상보험,000810
2023-12-26,258000.0,"상승  2,500",257500.0,260000.0,255500.0,62956.0,삼성화재해상보험,000810
2023-12-27,257000.0,"하락  1,000",255000.0,257000.0,253000.0,36943.0,삼성화재해상보험,000810
2023-12-28,263000.0,"상승  6,000",255000.0,263000.0,254000.0,66221.0,삼성화재해상보험,000810
2024-01-02,260000.0,"하락  3,000",259000.0,261000.0,256000.0,43559.0,삼성화재해상보험,000810
2024-01-03,253500.0,"하락  6,500",258500.0,260000.0,253500.0,85079.0,삼성화재해상보험,000810
2024-01-04,250000.0,"하락  3,500",252000.0,253000.0,250000.0,73018.0,삼성화재해상보험,000810
2024-01-05,248000.0,"하락  2,000",251000.0,252500.0,246500.0,58014.0,삼성화재해상보험,000810
2024-01-08,248000.0,보합0,249500.0,250500.0,247000.0,33389.0,삼성화재해상보험,000810
2024-01-09,248500.0,상승  500,250500.0,254000.0,247500.0,53449.0,삼성화재해상보험,000810
2024-01-10,245500.0,"하락  3,000",248000.0,249500.0,245500.0,30625.0,삼성화재해상보험,000810
2024-01-11,247500.0,"상승  2,000",247000.0,250000.0,246000.0,59031.0,삼성화재해상보험,000810
2024-01-12,254500.0,"상승  7,000",249000.0,255000.0,247500.0,63706.0,삼성화재해상보험,000810
2024-01-15,257000.0,"상승  2,500",254500.0,258500.0,253000.0,38753.0,삼성화재해상보험,000810
2024-01-16,250000.0,"하락  7,000",254000.0,254500.0,250000.0,49217.0,삼성화재해상보험,000810
2024-01-17,243500.0,"하락  6,500",248000.0,250000.0,243000.0,85391.0,삼성화재해상보험,000810
2024-01-18,237000.0,"하락  6,500",240500.0,243000.0,235000.0,125612.0,삼성화재해상보험,000810
2024-01-19,231500.0,"하락  5,500",237000.0,238000.0,231000.0,123609.0,삼성화재해상보험,000810
2024-01-22,234000.0,"상승  2,500",232500.0,236500.0,231000.0,47858.0,삼성화재해상보험,000810
2024-01-23,236000.0,"상승  2,000",236000.0,236500.0,234000.0,51213.0,삼성화재해상보험,000810
2024-01-24,237000.0,"상승  1,000",236500.0,241000.0,234000.0,63878.0,삼성화재해상보험,000810
2024-01-25,241000.0,"상승  4,000",235500.0,241500.0,232000.0,71477.0,삼성화재해상보험,000810
2024-01-26,241000.0,보합0,239000.0,244000.0,238000.0,40286.0,삼성화재해상보험,000810
2024-01-29,247500.0,"상승  6,500",240500.0,251500.0,240000.0,85638.0,삼성화재해상보험,000810
2024-01-30,255000.0,"상승  7,500",249000.0,257000.0,248500.0,103714.0,삼성화재해상보험,000810
2024-01-31,264000.0,"상승  9,000",255000.0,264500.0,253000.0,97131.0,삼성화재해상보험,000810
2024-02-01,289500.0,"상승  25,500",267000.0,298000.0,265000.0,315038.0,삼성화재해상보험,000810
2024-02-02,299000.0,"상승  9,500",292000.0,301000.0,287500.0,176113.0,삼성화재해상보험,000810
2024-02-05,298500.0,하락  500,302000.0,305500.0,288500.0,149815.0,삼성화재해상보험,000810
2024-02-06,293000.0,"하락  5,500",291500.0,301000.0,291500.0,137825.0,삼성화재해상보험,000810
2024-02-07,302500.0,"상승  9,500",292500.0,305000.0,291000.0,138128.0,삼성화재해상보험,000810
2024-02-08,333000.0,"상승  30,500",304500.0,333000.0,303000.0,327364.0,삼성화재해상보험,000810
2024-02-13,319000.0,"하락  14,000",333000.0,340000.0,313500.0,203165.0,삼성화재해상보험,000810
2024-02-14,295500.0,"하락  23,500",316500.0,318500.0,295000.0,165439.0,삼성화재해상보험,000810
2024-02-15,292000.0,"하락  3,500",297000.0,298500.0,290500.0,102807.0,삼성화재해상보험,000810
2024-02-16,304000.0,"상승  12,000",294000.0,307000.0,291500.0,111466.0,삼성화재해상보험,000810
2024-02-19,317500.0,"상승  13,500",304000.0,319500.0,303500.0,130511.0,삼성화재해상보험,000810
2024-02-20,303000.0,"하락  14,500",317000.0,317500.0,299000.0,121515.0,삼성화재해상보험,000810
2024-02-21,302000.0,"하락  1,000",299000.0,306500.0,297500.0,126460.0,삼성화재해상보험,000810
2024-02-22,301000.0,"하락  1,000",305500.0,306000.0,296000.0,80186.0,삼성화재해상보험,000810
2024-02-23,308500.0,"상승  7,500",304500.0,321500.0,304500.0,123013.0,삼성화재해상보험,000810
2024-02-26,300000.0,"하락  8,500",305000.0,308000.0,292500.0,127261.0,삼성화재해상보험,000810
2024-02-27,293500.0,"하락  6,500",297500.0,298500.0,292000.0,80944.0,삼성화재해상보험,000810
2024-02-28,291000.0,"하락  2,500",293500.0,297000.0,286500.0,107979.0,삼성화재해상보험,000810
2024-02-29,298000.0,"상승  7,000",290500.0,301500.0,285500.0,181620.0,삼성화재해상보험,000810
2024-03-04,305000.0,"상승  7,000",295000.0,306500.0,288000.0,126402.0,삼성화재해상보험,000810
2024-03-05,303500.0,"하락  1,500",298500.0,313500.0,298500.0,151407.0,삼성화재해상보험,000810
2024-03-06,299000.0,"하락  4,500",301000.0,303500.0,295500.0,100177.0,삼성화재해상보험,000810
2024-03-07,306500.0,"상승  7,500",299000.0,308500.0,297500.0,89914.0,삼성화재해상보험,000810
2024-03-08,310000.0,"상승  3,500",309500.0,322000.0,305000.0,165143.0,삼성화재해상보험,000810
2024-03-11,316000.0,"상승  6,000",307500.0,317500.0,305000.0,72706.0,삼성화재해상보험,000810
2024-03-12,307000.0,"하락  9,000",319000.0,319500.0,304500.0,125363.0,삼성화재해상보험,000810
2024-03-13,309500.0,"상승  2,500",309000.0,314000.0,306500.0,85078.0,삼성화재해상보험,000810
2024-03-14,316500.0,"상승  7,000",308500.0,319000.0,298500.0,192951.0,삼성화재해상보험,000810
2024-03-15,309500.0,"하락  7,000",313500.0,321000.0,308000.0,287442.0,삼성화재해상보험,000810
2024-03-18,314000.0,"상승  4,500",312500.0,314000.0,301500.0,107606.0,삼성화재해상보험,000810
2024-03-19,307500.0,"하락  6,500",309500.0,315500.0,307500.0,99130.0,삼성화재해상보험,000810
2024-03-20,315500.0,"상승  8,000",312000.0,325500.0,310500.0,130049.0,삼성화재해상보험,000810
2024-03-21,343000.0,"상승  27,500",319000.0,345000.0,319000.0,222949.0,삼성화재해상보험,000810
2024-03-22,335000.0,"하락  8,000",337500.0,346000.0,330000.0,135910.0,삼성화재해상보험,000810
2024-03-25,334000.0,"하락  1,000",335500.0,342000.0,331000.0,121753.0,삼성화재해상보험,000810
2024-03-26,315000.0,"하락  19,000",322000.0,325500.0,314500.0,178633.0,삼성화재해상보험,000810
2024-03-27,307000.0,"하락  8,000",312000.0,316500.0,305500.0,138787.0,삼성화재해상보험,000810
2024-03-28,309000.0,"상승  2,000",308000.0,313000.0,307000.0,105969.0,삼성화재해상보험,000810
2024-03-29,306000.0,"하락  3,000",307000.0,311000.0,305000.0,59395.0,삼성화재해상보험,000810
2024-04-01,305000.0,"하락  1,000",310500.0,314000.0,303000.0,61336.0,삼성화재해상보험,000810
2024-04-02,310000.0,"상승  5,000",301500.0,315000.0,301000.0,93947.0,삼성화재해상보험,000810
2024-04-03,301500.0,"하락  8,500",307000.0,310500.0,299000.0,120249.0,삼성화재해상보험,000810
2024-04-04,302000.0,상승  500,304500.0,305000.0,299000.0,75632.0,삼성화재해상보험,000810
2024-04-05,300000.0,"하락  2,000",303000.0,307000.0,296500.0,81482.0,삼성화재해상보험,000810
2024-04-08,308000.0,"상승  8,000",304000.0,314000.0,301500.0,102655.0,삼성화재해상보험,000810
2024-04-09,306500.0,"하락  1,500",315000.0,318500.0,306000.0,70239.0,삼성화재해상보험,000810
2024-04-11,295000.0,"하락  11,500",297500.0,301500.0,288500.0,198945.0,삼성화재해상보험,000810
2024-04-12,288500.0,"하락  6,500",291000.0,291500.0,280500.0,158726.0,삼성화재해상보험,000810
2024-04-15,289500.0,"상승  1,000",287500.0,290000.0,278500.0,62257.0,삼성화재해상보험,000810
2024-04-16,282000.0,"하락  7,500",289500.0,290500.0,278500.0,156133.0,삼성화재해상보험,000810
2024-04-17,277000.0,"하락  5,000",285000.0,286500.0,275000.0,69900.0,삼성화재해상보험,000810
2024-04-18,277000.0,보합0,278000.0,280500.0,275000.0,79332.0,삼성화재해상보험,000810
2024-04-19,277500.0,상승  500,282000.0,283000.0,272500.0,137845.0,삼성화재해상보험,000810
2024-04-22,300500.0,"상승  23,000",282000.0,303000.0,282000.0,145388.0,삼성화재해상보험,000810
2024-04-23,308000.0,"상승  7,500",309000.0,312000.0,301000.0,126448.0,삼성화재해상보험,000810
2024-04-24,297500.0,"하락  10,500",304000.0,308500.0,297500.0,69670.0,삼성화재해상보험,000810
2024-04-25,299500.0,"상승  2,000",295000.0,303500.0,292500.0,50561.0,삼성화재해상보험,000810
2024-04-26,311500.0,"상승  12,000",302000.0,318000.0,300000.0,83057.0,삼성화재해상보험,000810
2024-04-29,309500.0,"하락  2,000",304500.0,315000.0,303500.0,78462.0,삼성화재해상보험,000810
2024-04-30,310000.0,상승  500,309000.0,317500.0,308500.0,112554.0,삼성화재해상보험,000810
2024-05-02,301000.0,"하락  9,000",303500.0,310500.0,300000.0,90932.0,삼성화재해상보험,000810
2024-05-03,301000.0,보합0,302500.0,309500.0,301000.0,54230.0,삼성화재해상보험,000810
2024-05-07,310000.0,"상승  9,000",309000.0,311500.0,304000.0,78689.0,삼성화재해상보험,000810
2024-05-08,316000.0,"상승  6,000",312500.0,317500.0,310500.0,63453.0,삼성화재해상보험,000810
2024-05-09,316000.0,보합0,317500.0,317500.0,311500.0,79348.0,삼성화재해상보험,000810
2024-05-10,326500.0,"상승  10,500",319000.0,331000.0,316500.0,92012.0,삼성화재해상보험,000810
2024-05-13,335500.0,"상승  9,000",334000.0,339000.0,329500.0,62382.0,삼성화재해상보험,000810
2024-05-14,336500.0,"상승  1,000",329500.0,342000.0,326000.0,116911.0,삼성화재해상보험,000810
2024-05-16,370000.0,"상승  33,500",338000.0,375000.0,338000.0,293197.0,삼성화재해상보험,000810
2024-05-17,371000.0,"상승  1,000",373000.0,380000.0,365500.0,139260.0,삼성화재해상보험,000810
2024-05-20,373500.0,"상승  2,500",365500.0,374500.0,362500.0,79439.0,삼성화재해상보험,000810
2024-05-21,374000.0,상승  500,368500.0,374000.0,367000.0,74858.0,삼성화재해상보험,000810
2024-05-22,344000.0,"하락  30,000",367000.0,368500.0,343500.0,182467.0,삼성화재해상보험,000810
2024-05-23,347500.0,"상승  3,500",337500.0,350000.0,332000.0,98905.0,삼성화재해상보험,000810
2024-05-24,335000.0,"하락  12,500",337500.0,340000.0,329000.0,136211.0,삼성화재해상보험,000810
2024-05-27,342000.0,"상승  7,000",336000.0,349000.0,336000.0,107718.0,삼성화재해상보험,000810
2024-05-28,344000.0,"상승  2,000",338000.0,347000.0,337500.0,40053.0,삼성화재해상보험,000810
2024-05-29,341000.0,"하락  3,000",337500.0,344000.0,336000.0,69362.0,삼성화재해상보험,000810
2024-05-30,341500.0,상승  500,337000.0,345000.0,332500.0,58553.0,삼성화재해상보험,000810
2024-05-31,348500.0,"상승  7,000",348500.0,356000.0,341000.0,151102.0,삼성화재해상보험,000810
2024-06-03,357000.0,"상승  8,500",358500.0,364000.0,349500.0,78564.0,삼성화재해상보험,000810
2024-06-04,343000.0,"하락  14,000",353500.0,354500.0,339500.0,82287.0,삼성화재해상보험,000810
2024-06-05,343500.0,상승  500,343000.0,349000.0,337500.0,66697.0,삼성화재해상보험,000810
2024-06-07,343000.0,하락  500,344500.0,354000.0,341000.0,80938.0,삼성화재해상보험,000810
2024-06-10,337500.0,"하락  5,500",337500.0,345000.0,330500.0,77089.0,삼성화재해상보험,000810
2024-06-11,334500.0,"하락  3,000",341000.0,345000.0,333000.0,78374.0,삼성화재해상보험,000810
2024-06-12,334500.0,보합0,334000.0,338000.0,331000.0,86340.0,삼성화재해상보험,000810
2024-06-13,330500.0,"하락  4,000",331500.0,340500.0,330500.0,203328.0,삼성화재해상보험,000810
2024-06-14,333000.0,"상승  2,500",329000.0,336000.0,324000.0,70214.0,삼성화재해상보험,000810
2024-06-17,335500.0,"상승  2,500",333000.0,338500.0,333000.0,58173.0,삼성화재해상보험,000810
2024-06-18,334000.0,"하락  1,500",337500.0,338000.0,327000.0,53901.0,삼성화재해상보험,000810
2024-06-19,344500.0,"상승  10,500",337000.0,347000.0,334000.0,91402.0,삼성화재해상보험,000810
2024-06-20,360000.0,"상승  15,500",342000.0,361000.0,340000.0,105457.0,삼성화재해상보험,000810
2024-06-21,369000.0,"상승  9,000",367000.0,370000.0,358500.0,142672.0,삼성화재해상보험,000810
2024-06-24,351500.0,"하락  17,500",369000.0,369000.0,349500.0,86042.0,삼성화재해상보험,000810
2024-06-25,357500.0,"상승  6,000",355000.0,358000.0,352000.0,101699.0,삼성화재해상보험,000810
2024-06-26,373500.0,"상승  16,000",347500.0,373500.0,347500.0,104756.0,삼성화재해상보험,000810
2024-06-27,377000.0,"상승  3,500",370000.0,377000.0,368000.0,73828.0,삼성화재해상보험,000810
2024-06-28,389000.0,"상승  12,000",381500.0,393500.0,378500.0,103060.0,삼성화재해상보험,000810
2024-07-01,372000.0,"하락  17,000",383500.0,389000.0,370000.0,84870.0,삼성화재해상보험,000810
2024-07-02,368500.0,"하락  3,500",361000.0,375500.0,359000.0,124547.0,삼성화재해상보험,000810
2024-07-03,368500.0,보합0,371500.0,375000.0,366000.0,63052.0,삼성화재해상보험,000810
2024-07-04,375000.0,"상승  6,500",374000.0,393000.0,370000.0,122254.0,삼성화재해상보험,000810
2024-07-05,382000.0,"상승  7,000",383000.0,386500.0,376500.0,179407.0,삼성화재해상보험,000810
2024-07-08,368000.0,"하락  14,000",372000.0,376500.0,368000.0,71881.0,삼성화재해상보험,000810
2024-07-09,366000.0,"하락  2,000",371500.0,371500.0,359000.0,87726.0,삼성화재해상보험,000810
2024-07-10,378000.0,"상승  12,000",374500.0,385000.0,369000.0,100745.0,삼성화재해상보험,000810
2024-07-11,388000.0,"상승  10,000",378000.0,388000.0,376000.0,115695.0,삼성화재해상보험,000810
2024-07-12,382000.0,"하락  6,000",374500.0,382500.0,369000.0,153904.0,삼성화재해상보험,000810
2024-07-15,371500.0,"하락  10,500",390000.0,390000.0,370000.0,91304.0,삼성화재해상보험,000810
2024-07-16,370000.0,"하락  1,500",370000.0,373500.0,365000.0,95921.0,삼성화재해상보험,000810
2024-07-17,367500.0,"하락  2,500",369000.0,371000.0,360000.0,121376.0,삼성화재해상보험,000810
2024-07-18,367000.0,하락  500,371000.0,373000.0,362000.0,78749.0,삼성화재해상보험,000810
2024-07-19,363000.0,"하락  4,000",371500.0,372500.0,359000.0,85916.0,삼성화재해상보험,000810
2024-07-22,366500.0,"상승  3,500",363000.0,371000.0,361500.0,79008.0,삼성화재해상보험,000810
2024-07-23,365500.0,"하락  1,000",372000.0,373500.0,365500.0,48213.0,삼성화재해상보험,000810
2024-07-24,356000.0,"하락  9,500",362000.0,365500.0,352000.0,87852.0,삼성화재해상보험,000810
2024-07-25,347000.0,"하락  9,000",359500.0,362500.0,345000.0,73418.0,삼성화재해상보험,000810
2024-07-26,352500.0,"상승  5,500",352000.0,359500.0,349500.0,84381.0,삼성화재해상보험,000810
2024-07-29,353500.0,"상승  1,000",352500.0,360000.0,352000.0,66898.0,삼성화재해상보험,000810
2024-07-30,360000.0,"상승  6,500",353000.0,362500.0,348000.0,63841.0,삼성화재해상보험,000810
2024-07-31,372500.0,"상승  12,500",362000.0,376000.0,361000.0,95051.0,삼성화재해상보험,000810
2024-08-01,374500.0,"상승  2,000",366500.0,374500.0,354000.0,77475.0,삼성화재해상보험,000810
2024-08-02,364000.0,"하락  10,500",365000.0,365500.0,351000.0,71859.0,삼성화재해상보험,000810
2024-08-05,328000.0,"하락  36,000",350000.0,352000.0,324000.0,119256.0,삼성화재해상보험,000810
2024-08-06,333500.0,"상승  5,500",349000.0,349500.0,331500.0,96359.0,삼성화재해상보험,000810
2024-08-07,356000.0,"상승  22,500",335000.0,358000.0,333000.0,92462.0,삼성화재해상보험,000810
2024-08-08,349000.0,"하락  7,000",352000.0,354500.0,343500.0,120507.0,삼성화재해상보험,000810
2024-08-09,351000.0,"상승  2,000",347500.0,354500.0,345500.0,69412.0,삼성화재해상보험,000810
2024-08-12,354500.0,"상승  3,500",355500.0,357000.0,350000.0,48598.0,삼성화재해상보험,000810
2024-08-13,360000.0,"상승  5,500",351500.0,364500.0,351500.0,78876.0,삼성화재해상보험,000810
2024-08-14,336500.0,"하락  23,500",360000.0,364000.0,335000.0,153543.0,삼성화재해상보험,000810
2024-08-16,341000.0,"상승  4,500",339500.0,343000.0,334500.0,114835.0,삼성화재해상보험,000810
2024-08-19,346500.0,"상승  5,500",341000.0,350500.0,339500.0,87346.0,삼성화재해상보험,000810
2024-08-20,356000.0,"상승  9,500",347500.0,362000.0,344000.0,97387.0,삼성화재해상보험,000810
2024-08-21,352000.0,"하락  4,000",355500.0,358500.0,346000.0,72475.0,삼성화재해상보험,000810
2024-08-22,352500.0,상승  500,352000.0,353500.0,345000.0,65380.0,삼성화재해상보험,000810
2024-08-23,356000.0,"상승  3,500",354500.0,361000.0,352500.0,99785.0,삼성화재해상보험,000810
2024-08-26,353500.0,"하락  2,500",354000.0,359500.0,352000.0,48030.0,삼성화재해상보험,000810
2024-08-27,346500.0,"하락  7,000",356000.0,356500.0,342500.0,64009.0,삼성화재해상보험,000810
2024-08-28,341000.0,"하락  5,500",347500.0,353500.0,341000.0,66464.0,삼성화재해상보험,000810
2024-08-29,344500.0,"상승  3,500",342500.0,353000.0,334500.0,89835.0,삼성화재해상보험,000810
2024-08-30,346500.0,"상승  2,000",349500.0,350000.0,344000.0,116474.0,삼성화재해상보험,000810
2024-09-02,360000.0,"상승  13,500",345500.0,361000.0,343000.0,132202.0,삼성화재해상보험,000810
2024-09-03,377000.0,"상승  17,000",362000.0,383500.0,360000.0,146605.0,삼성화재해상보험,000810
2024-09-04,366500.0,"하락  10,500",368000.0,372000.0,362500.0,107740.0,삼성화재해상보험,000810
2024-09-05,359000.0,"하락  7,500",369000.0,369500.0,359000.0,70527.0,삼성화재해상보험,000810
2024-09-06,352000.0,"하락  7,000",361000.0,361500.0,349000.0,57387.0,삼성화재해상보험,000810
2024-09-09,345500.0,"하락  6,500",349500.0,355500.0,341500.0,68450.0,삼성화재해상보험,000810
2024-09-10,347000.0,"상승  1,500",344000.0,349000.0,338000.0,81790.0,삼성화재해상보험,000810
2024-09-11,343000.0,"하락  4,000",350000.0,351000.0,337000.0,80546.0,삼성화재해상보험,000810
2024-09-12,350500.0,"상승  7,500",345000.0,350500.0,339000.0,112789.0,삼성화재해상보험,000810
2024-09-13,357500.0,"상승  7,000",353500.0,358000.0,347500.0,73335.0,삼성화재해상보험,000810
2024-09-19,366500.0,"상승  9,000",350000.0,366500.0,347000.0,136395.0,삼성화재해상보험,000810
2024-09-20,369500.0,"상승  3,000",362000.0,369500.0,357000.0,173001.0,삼성화재해상보험,000810
2024-09-23,359000.0,"하락  10,500",373000.0,375000.0,353000.0,83345.0,삼성화재해상보험,000810
2024-09-24,362000.0,"상승  3,000",360500.0,362000.0,351500.0,93620.0,삼성화재해상보험,000810
2024-09-25,345000.0,"하락  17,000",363500.0,365000.0,345000.0,131731.0,삼성화재해상보험,000810
2024-09-26,356000.0,"상승  11,000",347000.0,361000.0,347000.0,115447.0,삼성화재해상보험,000810
2024-09-27,352500.0,"하락  3,500",353000.0,360000.0,352500.0,82557.0,삼성화재해상보험,000810
2024-09-30,344500.0,"하락  8,000",355000.0,356000.0,344500.0,111936.0,삼성화재해상보험,000810
2024-10-02,333500.0,"하락  11,000",337500.0,341000.0,332000.0,135454.0,삼성화재해상보험,000810
2024-10-04,335000.0,"상승  1,500",338000.0,342500.0,331000.0,112470.0,삼성화재해상보험,000810
2024-10-07,336500.0,"상승  1,500",336000.0,338500.0,332500.0,79523.0,삼성화재해상보험,000810
2024-10-08,327500.0,"하락  9,000",331500.0,332500.0,324500.0,106499.0,삼성화재해상보험,000810
2024-10-10,334000.0,"상승  6,500",335000.0,341000.0,332000.0,130078.0,삼성화재해상보험,000810
2024-10-11,336000.0,"상승  2,000",337000.0,340000.0,335000.0,63883.0,삼성화재해상보험,000810
2024-10-14,351000.0,"상승  15,000",335000.0,356000.0,335000.0,144747.0,삼성화재해상보험,000810
2024-10-15,354000.0,"상승  3,000",349000.0,354000.0,348500.0,85553.0,삼성화재해상보험,000810
2024-10-16,352500.0,"하락  1,500",350500.0,355500.0,346000.0,87553.0,삼성화재해상보험,000810
2024-10-17,348000.0,"하락  4,500",355000.0,356000.0,346500.0,80832.0,삼성화재해상보험,000810
2024-10-18,352500.0,"상승  4,500",347500.0,353500.0,346000.0,73210.0,삼성화재해상보험,000810
2024-10-21,349000.0,"하락  3,500",353500.0,356000.0,348000.0,106586.0,삼성화재해상보험,000810
2024-10-22,359000.0,"상승  10,000",351000.0,362000.0,349500.0,194511.0,삼성화재해상보험,000810
2024-10-23,365500.0,"상승  6,500",357000.0,366500.0,356000.0,112570.0,삼성화재해상보험,000810
2024-10-24,346500.0,"하락  19,000",362500.0,362500.0,345000.0,205904.0,삼성화재해상보험,000810
2024-10-25,356500.0,"상승  10,000",349000.0,358500.0,346500.0,133395.0,삼성화재해상보험,000810
2024-10-28,353500.0,"하락  3,000",357500.0,359500.0,349500.0,63016.0,삼성화재해상보험,000810
2024-10-29,355500.0,"상승  2,000",353500.0,358000.0,352000.0,214691.0,삼성화재해상보험,000810
2024-10-30,346500.0,"하락  9,000",358000.0,358000.0,343000.0,116743.0,삼성화재해상보험,000810
2024-10-31,336500.0,"하락  10,000",345500.0,346000.0,336500.0,151977.0,삼성화재해상보험,000810
2024-11-01,344000.0,"상승  7,500",336000.0,346500.0,335000.0,68592.0,삼성화재해상보험,000810
2024-11-04,343500.0,하락  500,341000.0,345000.0,338500.0,61248.0,삼성화재해상보험,000810
2024-11-05,346000.0,"상승  2,500",339500.0,346500.0,336500.0,68955.0,삼성화재해상보험,000810
2024-11-06,351500.0,"상승  5,500",349500.0,352000.0,339500.0,75774.0,삼성화재해상보험,000810
2024-11-07,342500.0,"하락  9,000",346000.0,351500.0,342500.0,61584.0,삼성화재해상보험,000810
2024-11-08,345000.0,"상승  2,500",345500.0,347500.0,342000.0,39873.0,삼성화재해상보험,000810
2024-11-11,348500.0,"상승  3,500",340500.0,351000.0,340500.0,56223.0,삼성화재해상보험,000810
2024-11-12,344000.0,"하락  4,500",345500.0,353500.0,344000.0,87449.0,삼성화재해상보험,000810
2024-11-13,336000.0,"하락  8,000",342500.0,346000.0,335500.0,94661.0,삼성화재해상보험,000810
2024-11-14,335500.0,하락  500,340000.0,340500.0,331500.0,120667.0,삼성화재해상보험,000810
2024-11-15,334000.0,"하락  1,500",336500.0,340000.0,331500.0,55776.0,삼성화재해상보험,000810
2024-11-18,369000.0,"상승  35,000",332000.0,370500.0,332000.0,171975.0,삼성화재해상보험,000810
2024-11-19,364500.0,"하락  4,500",365000.0,368000.0,362500.0,133019.0,삼성화재해상보험,000810
2024-11-20,374000.0,"상승  9,500",360000.0,376500.0,359500.0,96507.0,삼성화재해상보험,000810
2024-11-21,371500.0,"하락  2,500",374500.0,375000.0,369000.0,193293.0,삼성화재해상보험,000810
2024-11-22,381000.0,"상승  9,500",378500.0,389000.0,376000.0,223943.0,삼성화재해상보험,000810
2024-11-25,375000.0,"하락  6,000",387500.0,387500.0,371000.0,205248.0,삼성화재해상보험,000810
2024-11-26,370000.0,"하락  5,000",370500.0,375500.0,368000.0,50450.0,삼성화재해상보험,000810
2024-11-27,387500.0,"상승  17,500",370500.0,395000.0,370000.0,121300.0,삼성화재해상보험,000810
2024-11-28,387000.0,하락  500,386000.0,391500.0,384000.0,70805.0,삼성화재해상보험,000810
2024-11-29,392500.0,"상승  5,500",389500.0,394500.0,383000.0,153356.0,삼성화재해상보험,000810
2024-12-02,397500.0,"상승  5,000",398500.0,402500.0,394500.0,123758.0,삼성화재해상보험,000810
2024-12-03,435000.0,"상승  37,500",401500.0,435000.0,401000.0,176469.0,삼성화재해상보험,000810
2024-12-04,413500.0,"하락  21,500",418000.0,421500.0,402500.0,235861.0,삼성화재해상보험,000810
2024-12-05,392000.0,"하락  21,500",403000.0,408000.0,390000.0,221387.0,삼성화재해상보험,000810
2024-12-06,378500.0,"하락  13,500",374000.0,388500.0,374000.0,260279.0,삼성화재해상보험,000810
2024-12-09,365000.0,"하락  13,500",372500.0,375000.0,364500.0,148217.0,삼성화재해상보험,000810
2024-12-10,364000.0,"하락  1,000",366000.0,368000.0,359000.0,137752.0,삼성화재해상보험,000810
2024-12-11,370500.0,"상승  6,500",360500.0,376500.0,360500.0,190070.0,삼성화재해상보험,000810
2024-12-12,372000.0,"상승  1,500",373500.0,379000.0,370000.0,160100.0,삼성화재해상보험,000810
2024-12-13,368000.0,"하락  4,000",371500.0,371500.0,365000.0,89769.0,삼성화재해상보험,000810
2024-12-16,361500.0,"하락  6,500",370000.0,374000.0,360000.0,89140.0,삼성화재해상보험,000810
2024-12-17,360500.0,"하락  1,000",358000.0,366000.0,356000.0,151357.0,삼성화재해상보험,000810
2024-12-18,366500.0,"상승  6,000",363000.0,372000.0,362500.0,83282.0,삼성화재해상보험,000810
2024-12-19,369000.0,"상승  2,500",358000.0,371500.0,353500.0,107851.0,삼성화재해상보험,000810
2024-12-20,361000.0,"하락  8,000",365000.0,367500.0,357500.0,197015.0,삼성화재해상보험,000810
2024-12-23,372000.0,"상승  11,000",364000.0,373000.0,363000.0,51762.0,삼성화재해상보험,000810
2024-12-24,370000.0,"하락  2,000",370500.0,371500.0,368000.0,46360.0,삼성화재해상보험,000810
2024-12-26,370000.0,보합0,370000.0,372000.0,366000.0,50233.0,삼성화재해상보험,000810
2024-12-27,365000.0,"하락  5,000",364500.0,369000.0,361000.0,38926.0,삼성화재해상보험,000810
2024-12-30,358500.0,"하락  6,500",359000.0,367000.0,357500.0,42252.0,삼성화재해상보험,000810
2025-01-02,355500.0,"하락  3,000",356000.0,363500.0,355000.0,56023.0,삼성화재해상보험,000810
2025-01-03,356500.0,"상승  1,000",356000.0,364500.0,355000.0,74387.0,삼성화재해상보험,000810
2025-01-06,365000.0,"상승  8,500",360000.0,365000.0,351500.0,80324.0,삼성화재해상보험,000810
2025-01-07,358000.0,"하락  7,000",368000.0,371000.0,357000.0,91563.0,삼성화재해상보험,000810
2025-01-08,359000.0,"상승  1,000",355000.0,361500.0,354500.0,57958.0,삼성화재해상보험,000810
2025-01-09,361000.0,"상승  2,000",358000.0,369000.0,357500.0,77491.0,삼성화재해상보험,000810
2025-01-10,354500.0,"하락  6,500",359000.0,363000.0,354500.0,69206.0,삼성화재해상보험,000810
2025-01-13,359500.0,"상승  5,000",355500.0,360000.0,351000.0,93783.0,삼성화재해상보험,000810
2025-01-14,358500.0,"하락  1,000",357500.0,362000.0,356500.0,65363.0,삼성화재해상보험,000810
2025-01-15,358000.0,하락  500,361500.0,369500.0,355500.0,96376.0,삼성화재해상보험,000810
2025-01-16,370000.0,"상승  12,000",360500.0,371500.0,358500.0,84992.0,삼성화재해상보험,000810
2025-01-17,365500.0,"하락  4,500",367000.0,372000.0,362500.0,60382.0,삼성화재해상보험,000810
2025-01-20,358000.0,"하락  7,500",365500.0,370000.0,356500.0,76360.0,삼성화재해상보험,000810
2025-01-21,355000.0,"하락  3,000",360000.0,360500.0,354000.0,58112.0,삼성화재해상보험,000810
2025-01-22,344500.0,"하락  10,500",354000.0,356000.0,342500.0,128716.0,삼성화재해상보험,000810
2025-01-23,342000.0,"하락  2,500",347000.0,350500.0,342000.0,92061.0,삼성화재해상보험,000810
2025-01-24,341500.0,하락  500,344500.0,347000.0,340000.0,89258.0,삼성화재해상보험,000810
2025-01-31,381500.0,"상승  40,000",350000.0,383500.0,348000.0,272051.0,삼성화재해상보험,000810
2025-02-03,373500.0,"하락  8,000",370500.0,375000.0,366500.0,140953.0,삼성화재해상보험,000810
2025-02-04,370000.0,"하락  3,500",379000.0,383000.0,369000.0,150434.0,삼성화재해상보험,000810
2025-02-05,361500.0,"하락  8,500",373500.0,379500.0,361500.0,115425.0,삼성화재해상보험,000810
2025-02-06,372500.0,"상승  11,000",363500.0,372500.0,361000.0,128537.0,삼성화재해상보험,000810
2025-02-07,370000.0,"하락  2,500",369000.0,374000.0,367000.0,63895.0,삼성화재해상보험,000810
2025-02-10,366000.0,"하락  4,000",369500.0,372500.0,366000.0,99049.0,삼성화재해상보험,000810
2025-02-11,367500.0,"상승  1,500",369500.0,370000.0,365500.0,47216.0,삼성화재해상보험,000810
2025-02-12,373500.0,"상승  6,000",363500.0,376000.0,363500.0,115460.0,삼성화재해상보험,000810
2025-02-13,358500.0,"하락  15,000",368000.0,370000.0,354000.0,265042.0,삼성화재해상보험,000810
2025-02-14,392000.0,"상승  33,500",363000.0,393500.0,362000.0,238237.0,삼성화재해상보험,000810
2025-02-17,425000.0,"상승  33,000",392000.0,427500.0,389500.0,212310.0,삼성화재해상보험,000810
2025-02-18,404000.0,"하락  21,000",408500.0,413500.0,398500.0,167273.0,삼성화재해상보험,000810
2025-02-19,403000.0,"하락  1,000",399500.0,412000.0,399000.0,104249.0,삼성화재해상보험,000810
2025-02-20,396000.0,"하락  7,000",403500.0,413500.0,394000.0,111448.0,삼성화재해상보험,000810
2025-02-21,389500.0,"하락  6,500",396000.0,396000.0,388000.0,72004.0,삼성화재해상보험,000810
2025-02-24,388000.0,"하락  1,500",385000.0,395500.0,383000.0,80703.0,삼성화재해상보험,000810
2025-02-25,387000.0,"하락  1,000",384000.0,391500.0,381000.0,69735.0,삼성화재해상보험,000810
2025-02-26,393500.0,"상승  6,500",391000.0,400000.0,388000.0,69020.0,삼성화재해상보험,000810
2025-02-27,391000.0,"하락  2,500",394000.0,394000.0,385000.0,52682.0,삼성화재해상보험,000810
2025-02-28,382500.0,"하락  8,500",391000.0,391000.0,381500.0,166189.0,삼성화재해상보험,000810
2025-03-04,382500.0,보합0,378000.0,388000.0,378000.0,54895.0,삼성화재해상보험,000810
2025-03-05,387500.0,"상승  5,000",389000.0,398500.0,379000.0,82538.0,삼성화재해상보험,000810
2025-03-06,386000.0,"하락  1,500",386000.0,388000.0,374500.0,89012.0,삼성화재해상보험,000810
2025-03-07,372500.0,"하락  13,500",386000.0,386500.0,372500.0,139336.0,삼성화재해상보험,000810
2025-03-10,396500.0,"상승  24,000",369000.0,396500.0,369000.0,90915.0,삼성화재해상보험,000810
2025-03-11,391500.0,"하락  5,000",391500.0,394500.0,385500.0,79701.0,삼성화재해상보험,000810
2025-03-12,394500.0,"상승  3,000",395000.0,398500.0,388500.0,82752.0,삼성화재해상보험,000810
2025-03-13,387500.0,"하락  7,000",391500.0,398000.0,381500.0,105647.0,삼성화재해상보험,000810
2025-03-14,377000.0,"하락  10,500",389500.0,390000.0,376000.0,77786.0,삼성화재해상보험,000810
2025-03-17,388000.0,"상승  11,000",380500.0,388000.0,379500.0,57489.0,삼성화재해상보험,000810
2025-03-18,394500.0,"상승  6,500",393000.0,395000.0,389000.0,52183.0,삼성화재해상보험,000810
2025-03-19,397500.0,"상승  3,000",394500.0,398000.0,393000.0,84233.0,삼성화재해상보험,000810
2025-03-20,397000.0,하락  500,400500.0,405500.0,393500.0,73665.0,삼성화재해상보험,000810
2025-03-21,390500.0,"하락  6,500",391500.0,397500.0,389500.0,82233.0,삼성화재해상보험,000810
2025-03-24,391000.0,상승  500,390500.0,395000.0,388000.0,44919.0,삼성화재해상보험,000810
2025-03-25,372500.0,"하락  18,500",377500.0,378500.0,370500.0,84078.0,삼성화재해상보험,000810
2025-03-26,359500.0,"하락  13,000",371000.0,371000.0,359500.0,104823.0,삼성화재해상보험,000810
2025-03-27,358000.0,"하락  1,500",356000.0,363000.0,356000.0,96915.0,삼성화재해상보험,000810
2025-03-28,357000.0,"하락  1,000",358000.0,358000.0,352000.0,117308.0,삼성화재해상보험,000810
2025-03-31,357500.0,상승  500,355500.0,359000.0,353500.0,62227.0,삼성화재해상보험,000810
2025-04-01,361000.0,"상승  3,500",356500.0,365000.0,355500.0,57033.0,삼성화재해상보험,000810
2025-04-02,361500.0,상승  500,367000.0,367000.0,357500.0,67091.0,삼성화재해상보험,000810
2025-04-03,357000.0,"하락  4,500",354000.0,357500.0,349000.0,60181.0,삼성화재해상보험,000810
2025-04-04,353500.0,"하락  3,500",354000.0,358000.0,350000.0,56015.0,삼성화재해상보험,000810
2025-04-07,344500.0,"하락  9,000",341500.0,346000.0,334500.0,95862.0,삼성화재해상보험,000810
2025-04-08,343000.0,"하락  1,500",350000.0,352000.0,337000.0,208648.0,삼성화재해상보험,000810
2025-04-09,327500.0,"하락  15,500",343000.0,343000.0,327000.0,109793.0,삼성화재해상보험,000810
2025-04-10,352000.0,"상승  24,500",340000.0,352000.0,336000.0,68775.0,삼성화재해상보험,000810
2025-04-11,342500.0,"하락  9,500",342000.0,346500.0,337500.0,86675.0,삼성화재해상보험,000810
2025-04-14,348500.0,"상승  6,000",341500.0,351500.0,341500.0,63177.0,삼성화재해상보험,000810
2025-04-15,351000.0,"상승  2,500",349000.0,352000.0,346000.0,57405.0,삼성화재해상보험,000810
2025-04-16,350500.0,하락  500,352000.0,356000.0,348500.0,54106.0,삼성화재해상보험,000810
2025-04-17,352500.0,"상승  2,000",352000.0,354000.0,348500.0,65466.0,삼성화재해상보험,000810
2025-04-18,352000.0,하락  500,351500.0,354500.0,350000.0,16801.0,삼성화재해상보험,000810
2025-04-21,354500.0,"상승  2,500",352000.0,354500.0,348500.0,18311.0,삼성화재해상보험,000810
2025-04-22,357000.0,"상승  2,500",355500.0,360000.0,353000.0,54143.0,삼성화재해상보험,000810
2025-04-23,361000.0,"상승  4,000",367000.0,367500.0,359000.0,52900.0,삼성화재해상보험,000810
2025-04-24,362000.0,"상승  1,000",358500.0,362000.0,358000.0,34841.0,삼성화재해상보험,000810
2025-04-25,360500.0,"하락  1,500",362000.0,365000.0,360000.0,38979.0,삼성화재해상보험,000810
2025-04-28,364000.0,"상승  3,500",359000.0,365000.0,359000.0,43137.0,삼성화재해상보험,000810
2025-04-29,369000.0,"상승  5,000",364000.0,371000.0,362500.0,52991.0,삼성화재해상보험,000810
2025-04-30,374500.0,"상승  5,500",372000.0,377500.0,370000.0,108573.0,삼성화재해상보험,000810
2025-05-02,377000.0,"상승  2,500",382000.0,385000.0,372000.0,94438.0,삼성화재해상보험,000810
2025-05-07,377000.0,보합0,403000.0,403000.0,371500.0,90936.0,삼성화재해상보험,000810
2025-05-08,378000.0,"상승  1,000",374000.0,381500.0,374000.0,69869.0,삼성화재해상보험,000810
2025-05-09,375500.0,"하락  2,500",374000.0,379500.0,374000.0,51665.0,삼성화재해상보험,000810
2025-05-12,382000.0,"상승  6,500",376000.0,382000.0,374000.0,48888.0,삼성화재해상보험,000810
2025-05-13,377500.0,"하락  4,500",374500.0,378500.0,374000.0,100636.0,삼성화재해상보험,000810
2025-05-14,378000.0,상승  500,376500.0,379500.0,370000.0,77330.0,삼성화재해상보험,000810
2025-05-15,370000.0,"하락  8,000",371500.0,376500.0,367500.0,89585.0,삼성화재해상보험,000810
2025-05-16,370000.0,보합0,367500.0,371500.0,367000.0,40400.0,삼성화재해상보험,000810
2025-05-19,371500.0,"상승  1,500",369500.0,377500.0,369000.0,70490.0,삼성화재해상보험,000810
2025-05-20,374500.0,"상승  3,000",375000.0,375500.0,371500.0,66899.0,삼성화재해상보험,000810
2025-05-21,373500.0,"하락  1,000",377000.0,379000.0,368500.0,95995.0,삼성화재해상보험,000810
2025-05-22,363500.0,"하락  10,000",375000.0,382000.0,363000.0,119446.0,삼성화재해상보험,000810
2025-05-23,380000.0,"상승  16,500",367500.0,382000.0,363000.0,99171.0,삼성화재해상보험,000810
2025-05-26,398000.0,"상승  18,000",383000.0,398000.0,381500.0,94917.0,삼성화재해상보험,000810
2025-05-27,395000.0,"하락  3,000",393000.0,399000.0,390500.0,62140.0,삼성화재해상보험,000810
2025-05-28,391500.0,"하락  3,500",391000.0,395500.0,386000.0,70837.0,삼성화재해상보험,000810
2025-05-29,399500.0,"상승  8,000",393000.0,402000.0,388500.0,74739.0,삼성화재해상보험,000810
