날짜,종가,전일비,시가,고가,저가,거래량,회사명,종목코드
2020-03-13,170500.0,"하락  2,000",165000.0,174000.0,156500.0,2228505.0,셀트리온,068270
2020-03-16,165500.0,"하락  5,000",176000.0,178000.0,165500.0,1054288.0,셀트리온,068270
2020-03-17,168000.0,"상승  2,500",158000.0,171000.0,158000.0,1400196.0,셀트리온,068270
2020-03-18,157000.0,"하락  11,000",168000.0,171000.0,157000.0,1214771.0,셀트리온,068270
2020-03-19,140000.0,"하락  17,000",163500.0,164500.0,138500.0,2890238.0,셀트리온,068270
2020-03-20,152500.0,"상승  12,500",145500.0,153000.0,141000.0,2019176.0,셀트리온,068270
2020-03-23,175000.0,"상승  22,500",145500.0,184500.0,145000.0,6685918.0,셀트리온,068270
2020-03-24,184000.0,"상승  9,000",178500.0,190500.0,177000.0,3903710.0,셀트리온,068270
2020-03-25,183000.0,"하락  1,000",191000.0,191500.0,177500.0,2334554.0,셀트리온,068270
2020-03-26,181500.0,"하락  1,500",182000.0,191000.0,178500.0,2441069.0,셀트리온,068270
2020-03-27,184000.0,"상승  2,500",188500.0,190000.0,178500.0,1927549.0,셀트리온,068270
2020-03-30,185000.0,"상승  1,000",182000.0,186500.0,181500.0,937759.0,셀트리온,068270
2020-03-31,229000.0,"상승  44,000",187500.0,232500.0,185500.0,11131989.0,셀트리온,068270
2020-04-01,198000.0,"하락  31,000",234000.0,236000.0,198000.0,5208192.0,셀트리온,068270
2020-04-02,195000.0,"하락  3,000",186000.0,198500.0,182000.0,8664631.0,셀트리온,068270
2020-04-03,196000.0,"상승  1,000",191500.0,217000.0,191500.0,4151869.0,셀트리온,068270
2020-04-06,209000.0,"상승  13,000",202500.0,212500.0,200500.0,2778989.0,셀트리온,068270
2020-04-07,210000.0,"상승  1,000",208500.0,214500.0,203000.0,2206806.0,셀트리온,068270
2020-04-08,207000.0,"하락  3,000",210000.0,212000.0,207000.0,1090103.0,셀트리온,068270
2020-04-09,210500.0,"상승  3,500",211500.0,216500.0,208500.0,1348849.0,셀트리온,068270
2020-04-10,209500.0,"하락  1,000",214000.0,215000.0,203000.0,1741966.0,셀트리온,068270
2020-04-13,215500.0,"상승  6,000",210000.0,225500.0,208000.0,3635512.0,셀트리온,068270
2020-04-14,216000.0,상승  500,220000.0,220500.0,212000.0,1273985.0,셀트리온,068270
2020-04-16,215000.0,"하락  1,000",214500.0,217500.0,213500.0,775217.0,셀트리온,068270
2020-04-17,211000.0,"하락  4,000",215500.0,216500.0,205500.0,1786490.0,셀트리온,068270
2020-04-20,212000.0,"상승  1,000",210500.0,216000.0,208000.0,913363.0,셀트리온,068270
2020-04-21,212000.0,보합0,213000.0,218000.0,207000.0,1791508.0,셀트리온,068270
2020-04-22,214000.0,"상승  2,000",208000.0,217500.0,208000.0,1123888.0,셀트리온,068270
2020-04-23,214000.0,보합0,215500.0,216500.0,212500.0,634952.0,셀트리온,068270
2020-04-24,211500.0,"하락  2,500",213500.0,217000.0,210500.0,1076656.0,셀트리온,068270
2020-04-27,212500.0,"상승  1,000",213500.0,215000.0,211500.0,486289.0,셀트리온,068270
2020-04-28,209000.0,"하락  3,500",212500.0,214000.0,208000.0,726697.0,셀트리온,068270
2020-04-29,210500.0,"상승  1,500",209000.0,211000.0,207000.0,654481.0,셀트리온,068270
2020-05-04,203500.0,"하락  7,000",208000.0,211000.0,203500.0,860366.0,셀트리온,068270
2020-05-06,207000.0,"상승  3,500",204500.0,208000.0,200500.0,603987.0,셀트리온,068270
2020-05-07,204000.0,"하락  3,000",206000.0,207000.0,203500.0,402708.0,셀트리온,068270
2020-05-08,210500.0,"상승  6,500",206000.0,214000.0,205000.0,895729.0,셀트리온,068270
2020-05-11,210500.0,보합0,215000.0,215500.0,210000.0,695048.0,셀트리온,068270
2020-05-12,211000.0,상승  500,212000.0,217500.0,210500.0,982920.0,셀트리온,068270
2020-05-13,215000.0,"상승  4,000",211000.0,215000.0,210000.0,763378.0,셀트리온,068270
2020-05-14,217000.0,"상승  2,000",215000.0,217000.0,212000.0,959332.0,셀트리온,068270
2020-05-15,217500.0,상승  500,219000.0,221500.0,215000.0,827539.0,셀트리온,068270
2020-05-18,213000.0,"하락  4,500",220000.0,222000.0,212000.0,988984.0,셀트리온,068270
2020-05-19,213000.0,보합0,213000.0,214500.0,209000.0,709054.0,셀트리온,068270
2020-05-20,218500.0,"상승  5,500",214500.0,219000.0,213500.0,661979.0,셀트리온,068270
2020-05-21,218500.0,보합0,218500.0,220000.0,215500.0,530139.0,셀트리온,068270
2020-05-22,216000.0,"하락  2,500",220000.0,221000.0,213000.0,637408.0,셀트리온,068270
2020-05-25,215000.0,"하락  1,000",216000.0,216000.0,213500.0,371033.0,셀트리온,068270
2020-05-26,214500.0,하락  500,215500.0,216500.0,213000.0,482616.0,셀트리온,068270
2020-05-27,213000.0,"하락  1,500",212000.0,214000.0,211000.0,591712.0,셀트리온,068270
2020-05-28,211000.0,"하락  2,000",212500.0,213500.0,206000.0,716459.0,셀트리온,068270
2020-05-29,213500.0,"상승  2,500",212000.0,214000.0,209500.0,660343.0,셀트리온,068270
2020-06-01,227500.0,"상승  14,000",214000.0,232500.0,213000.0,3410255.0,셀트리온,068270
2020-06-02,224500.0,"하락  3,000",230000.0,232500.0,222000.0,1115810.0,셀트리온,068270
2020-06-03,227500.0,"상승  3,000",231500.0,235000.0,224500.0,1813508.0,셀트리온,068270
2020-06-04,247000.0,"상승  19,500",227500.0,248000.0,227000.0,3037387.0,셀트리온,068270
2020-06-05,256500.0,"상승  9,500",244000.0,260500.0,243000.0,2899453.0,셀트리온,068270
2020-06-08,256000.0,하락  500,260500.0,263000.0,253000.0,1267019.0,셀트리온,068270
2020-06-09,263500.0,"상승  7,500",257000.0,264500.0,255000.0,1345656.0,셀트리온,068270
2020-06-10,268500.0,"상승  5,000",263500.0,270000.0,261500.0,1067682.0,셀트리온,068270
2020-06-11,288000.0,"상승  19,500",280000.0,299500.0,274500.0,3934710.0,셀트리온,068270
2020-06-12,297500.0,"상승  9,500",280000.0,303500.0,279000.0,3865779.0,셀트리온,068270
2020-06-15,274000.0,"하락  23,500",298000.0,301000.0,268500.0,3141867.0,셀트리온,068270
2020-06-16,293500.0,"상승  19,500",283000.0,297000.0,282500.0,2041007.0,셀트리온,068270
2020-06-17,289500.0,"하락  4,000",294000.0,298000.0,280500.0,1647069.0,셀트리온,068270
2020-06-18,287500.0,"하락  2,000",290500.0,294500.0,286000.0,784181.0,셀트리온,068270
2020-06-19,291500.0,"상승  4,000",289000.0,292500.0,281000.0,1087788.0,셀트리온,068270
2020-06-22,297000.0,"상승  5,500",291500.0,300000.0,289500.0,1166332.0,셀트리온,068270
2020-06-23,318500.0,"상승  21,500",305500.0,329000.0,302500.0,4485322.0,셀트리온,068270
2020-06-24,319000.0,상승  500,323500.0,331000.0,315500.0,1956218.0,셀트리온,068270
2020-06-25,316000.0,"하락  3,000",315500.0,323000.0,314500.0,918369.0,셀트리온,068270
2020-06-26,312500.0,"하락  3,500",320000.0,321000.0,307500.0,927851.0,셀트리온,068270
2020-06-29,311000.0,"하락  1,500",316500.0,326000.0,311000.0,1323237.0,셀트리온,068270
2020-06-30,306000.0,"하락  5,000",312000.0,314500.0,299000.0,1517136.0,셀트리온,068270
2020-07-01,297500.0,"하락  8,500",308000.0,309000.0,296000.0,1012051.0,셀트리온,068270
2020-07-02,308500.0,"상승  11,000",298000.0,311500.0,298000.0,1134489.0,셀트리온,068270
2020-07-03,309500.0,"상승  1,000",311500.0,312000.0,300500.0,760954.0,셀트리온,068270
2020-07-06,305500.0,"하락  4,000",308500.0,313000.0,304500.0,759792.0,셀트리온,068270
2020-07-07,308500.0,"상승  3,000",305500.0,316000.0,303000.0,1003857.0,셀트리온,068270
2020-07-08,311500.0,"상승  3,000",312500.0,316000.0,308500.0,709785.0,셀트리온,068270
2020-07-09,324000.0,"상승  12,500",322500.0,328000.0,317500.0,1637528.0,셀트리온,068270
2020-07-10,324500.0,상승  500,328500.0,331500.0,316500.0,1042448.0,셀트리온,068270
2020-07-13,329000.0,"상승  4,500",326500.0,329500.0,321000.0,775224.0,셀트리온,068270
2020-07-14,324000.0,"하락  5,000",327000.0,331500.0,322000.0,842821.0,셀트리온,068270
2020-07-15,316000.0,"하락  8,000",325000.0,326500.0,314000.0,972746.0,셀트리온,068270
2020-07-16,315000.0,"하락  1,000",313500.0,321500.0,310500.0,734412.0,셀트리온,068270
2020-07-17,328000.0,"상승  13,000",318000.0,330000.0,315000.0,1241089.0,셀트리온,068270
2020-07-20,323000.0,"하락  5,000",336500.0,339500.0,322500.0,1391199.0,셀트리온,068270
2020-07-21,321500.0,"하락  1,500",326500.0,331000.0,318000.0,1217900.0,셀트리온,068270
2020-07-22,321500.0,보합0,322500.0,323000.0,315000.0,748686.0,셀트리온,068270
2020-07-23,322000.0,상승  500,321500.0,326000.0,317000.0,707386.0,셀트리온,068270
2020-07-24,319000.0,"하락  3,000",317500.0,328000.0,317000.0,789309.0,셀트리온,068270
2020-07-27,317000.0,"하락  2,000",320000.0,321000.0,316500.0,507367.0,셀트리온,068270
2020-07-28,317500.0,상승  500,323500.0,324000.0,316000.0,666062.0,셀트리온,068270
2020-07-29,301500.0,"하락  16,000",314500.0,317000.0,298000.0,1903406.0,셀트리온,068270
2020-07-30,300000.0,"하락  1,500",299500.0,311000.0,287000.0,2723830.0,셀트리온,068270
2020-07-31,296500.0,"하락  3,500",300000.0,306000.0,296000.0,823746.0,셀트리온,068270
2020-08-03,299000.0,"상승  2,500",294000.0,301500.0,283500.0,1521548.0,셀트리온,068270
2020-08-04,302000.0,"상승  3,000",299500.0,307000.0,297000.0,891486.0,셀트리온,068270
2020-08-05,315000.0,"상승  13,000",304000.0,315000.0,303500.0,1063211.0,셀트리온,068270
2020-08-06,311000.0,"하락  4,000",319500.0,320000.0,309500.0,832683.0,셀트리온,068270
2020-08-07,314500.0,"상승  3,500",311000.0,317000.0,307500.0,963799.0,셀트리온,068270
2020-08-10,315000.0,상승  500,321000.0,324000.0,313500.0,1221244.0,셀트리온,068270
2020-08-11,314000.0,"하락  1,000",315500.0,318500.0,312500.0,693402.0,셀트리온,068270
2020-08-12,302000.0,"하락  12,000",312500.0,313500.0,301000.0,1121637.0,셀트리온,068270
2020-08-13,308500.0,"상승  6,500",302500.0,320000.0,301500.0,1754825.0,셀트리온,068270
2020-08-14,304500.0,"하락  4,000",308000.0,312000.0,300000.0,1037943.0,셀트리온,068270
2020-08-18,304000.0,하락  500,307000.0,316000.0,301500.0,1163773.0,셀트리온,068270
2020-08-19,304000.0,보합0,314000.0,314500.0,303000.0,880282.0,셀트리온,068270
2020-08-20,305000.0,"상승  1,000",303000.0,317000.0,301000.0,1708375.0,셀트리온,068270
2020-08-21,301000.0,"하락  4,000",308000.0,308500.0,296000.0,1037558.0,셀트리온,068270
2020-08-24,310000.0,"상승  9,000",304500.0,311000.0,301500.0,814190.0,셀트리온,068270
2020-08-25,306500.0,"하락  3,500",310500.0,311000.0,304500.0,600050.0,셀트리온,068270
2020-08-26,310500.0,"상승  4,000",312000.0,319500.0,309000.0,1262116.0,셀트리온,068270
2020-08-27,304500.0,"하락  6,000",310500.0,311000.0,304000.0,722862.0,셀트리온,068270
2020-08-28,304500.0,보합0,306000.0,308000.0,303500.0,557944.0,셀트리온,068270
2020-08-31,297000.0,"하락  7,500",305000.0,305500.0,296500.0,1079872.0,셀트리온,068270
2020-09-01,298000.0,"상승  1,000",297000.0,302000.0,295000.0,668602.0,셀트리온,068270
2020-09-02,300500.0,"상승  2,500",299500.0,304000.0,298000.0,547657.0,셀트리온,068270
2020-09-03,299500.0,"하락  1,000",300500.0,301500.0,297500.0,497412.0,셀트리온,068270
2020-09-04,294000.0,"하락  5,500",292000.0,297000.0,292000.0,612252.0,셀트리온,068270
2020-09-07,305000.0,"상승  11,000",295000.0,306000.0,291000.0,1016576.0,셀트리온,068270
2020-09-08,318000.0,"상승  13,000",303000.0,322000.0,297000.0,2698135.0,셀트리온,068270
2020-09-09,298500.0,"하락  19,500",314500.0,322000.0,298000.0,2482466.0,셀트리온,068270
2020-09-10,298500.0,보합0,299500.0,302500.0,294000.0,1246969.0,셀트리온,068270
2020-09-11,298500.0,보합0,298500.0,307500.0,296500.0,1022761.0,셀트리온,068270
2020-09-14,296000.0,"하락  2,500",299000.0,301000.0,294500.0,508097.0,셀트리온,068270
2020-09-15,296000.0,보합0,296500.0,299000.0,294000.0,413089.0,셀트리온,068270
2020-09-16,297000.0,"상승  1,000",297000.0,303000.0,296000.0,438867.0,셀트리온,068270
2020-09-17,291500.0,"하락  5,500",299500.0,299500.0,291000.0,685924.0,셀트리온,068270
2020-09-18,291500.0,보합0,299000.0,301000.0,291500.0,754705.0,셀트리온,068270
2020-09-21,278500.0,"하락  13,000",291500.0,293000.0,277000.0,1074281.0,셀트리온,068270
2020-09-22,268000.0,"하락  10,500",276500.0,282500.0,264000.0,1337964.0,셀트리온,068270
2020-09-23,266000.0,"하락  2,000",269000.0,273000.0,256500.0,1302410.0,셀트리온,068270
2020-09-24,250000.0,"하락  16,000",259500.0,264500.0,249000.0,1321525.0,셀트리온,068270
2020-09-25,258500.0,"상승  8,500",252500.0,264500.0,252000.0,1251340.0,셀트리온,068270
2020-09-28,255000.0,"하락  3,500",269500.0,269500.0,254500.0,1037814.0,셀트리온,068270
2020-09-29,257500.0,"상승  2,500",256500.0,258500.0,251000.0,686838.0,셀트리온,068270
2020-10-05,254500.0,"하락  3,000",259000.0,260500.0,251000.0,639048.0,셀트리온,068270
2020-10-06,258000.0,"상승  3,500",255500.0,259000.0,254500.0,556717.0,셀트리온,068270
2020-10-07,260500.0,"상승  2,500",259000.0,261500.0,256500.0,492558.0,셀트리온,068270
2020-10-08,262000.0,"상승  1,500",263000.0,271500.0,262000.0,874989.0,셀트리온,068270
2020-10-12,273500.0,"상승  11,500",266500.0,274500.0,263500.0,774825.0,셀트리온,068270
2020-10-13,270500.0,"하락  3,000",276000.0,276000.0,268500.0,541433.0,셀트리온,068270
2020-10-14,262000.0,"하락  8,500",269000.0,269500.0,261500.0,585306.0,셀트리온,068270
2020-10-15,255000.0,"하락  7,000",261000.0,263000.0,254000.0,627073.0,셀트리온,068270
2020-10-16,256500.0,"상승  1,500",254500.0,262500.0,254000.0,543139.0,셀트리온,068270
2020-10-19,255500.0,"하락  1,000",256500.0,261500.0,254500.0,517772.0,셀트리온,068270
2020-10-20,245500.0,"하락  10,000",252000.0,253000.0,240500.0,1215368.0,셀트리온,068270
2020-10-21,244000.0,"하락  1,500",244000.0,246500.0,240500.0,625587.0,셀트리온,068270
2020-10-22,237500.0,"하락  6,500",241500.0,245500.0,236000.0,831654.0,셀트리온,068270
2020-10-23,238000.0,상승  500,238500.0,242000.0,233500.0,723304.0,셀트리온,068270
2020-10-26,238000.0,보합0,243000.0,249000.0,236500.0,945429.0,셀트리온,068270
2020-10-27,239000.0,"상승  1,000",237500.0,245000.0,234000.0,687981.0,셀트리온,068270
2020-10-28,242500.0,"상승  3,500",241000.0,243000.0,239000.0,426527.0,셀트리온,068270
2020-10-29,253000.0,"상승  10,500",239500.0,256000.0,239000.0,986149.0,셀트리온,068270
2020-10-30,241000.0,"하락  12,000",253000.0,253500.0,241000.0,825115.0,셀트리온,068270
2020-11-02,244500.0,"상승  3,500",242500.0,249000.0,240000.0,486328.0,셀트리온,068270
2020-11-03,259000.0,"상승  14,500",247000.0,259500.0,246500.0,1016373.0,셀트리온,068270
2020-11-04,270500.0,"상승  11,500",263000.0,271000.0,260000.0,1326699.0,셀트리온,068270
2020-11-05,272000.0,"상승  1,500",273000.0,274000.0,266500.0,965754.0,셀트리온,068270
2020-11-06,277500.0,"상승  5,500",274500.0,284000.0,270500.0,1189737.0,셀트리온,068270
2020-11-09,285000.0,"상승  7,500",282500.0,288000.0,281500.0,886316.0,셀트리온,068270
2020-11-10,276500.0,"하락  8,500",283500.0,285500.0,276000.0,1046021.0,셀트리온,068270
2020-11-11,296500.0,"상승  20,000",277000.0,301000.0,275500.0,2765598.0,셀트리온,068270
2020-11-12,292000.0,"하락  4,500",295000.0,296500.0,289000.0,1024919.0,셀트리온,068270
2020-11-13,290000.0,"하락  2,000",289500.0,294500.0,283500.0,832467.0,셀트리온,068270
2020-11-16,288500.0,"하락  1,500",291000.0,294500.0,288000.0,590641.0,셀트리온,068270
2020-11-17,286000.0,"하락  2,500",286500.0,293000.0,282500.0,917309.0,셀트리온,068270
2020-11-18,291000.0,"상승  5,000",287500.0,293000.0,285000.0,633875.0,셀트리온,068270
2020-11-19,294000.0,"상승  3,000",299000.0,301000.0,292500.0,1008419.0,셀트리온,068270
2020-11-20,296500.0,"상승  2,500",293500.0,297500.0,293000.0,534421.0,셀트리온,068270
2020-11-23,301000.0,"상승  4,500",300000.0,304000.0,298500.0,980542.0,셀트리온,068270
2020-11-24,301500.0,상승  500,305000.0,305000.0,298000.0,846027.0,셀트리온,068270
2020-11-25,330000.0,"상승  28,500",304000.0,376000.0,303500.0,10726012.0,셀트리온,068270
2020-11-26,329500.0,하락  500,335000.0,338000.0,323000.0,2778746.0,셀트리온,068270
2020-11-27,334000.0,"상승  4,500",329500.0,336000.0,329000.0,1327381.0,셀트리온,068270
2020-11-30,340000.0,"상승  6,000",337500.0,355500.0,337000.0,3062017.0,셀트리온,068270
2020-12-01,344000.0,"상승  4,000",346000.0,351500.0,338000.0,1242970.0,셀트리온,068270
2020-12-02,347000.0,"상승  3,000",345500.0,348000.0,341000.0,1148553.0,셀트리온,068270
2020-12-03,351000.0,"상승  4,000",345000.0,359500.0,343000.0,1704361.0,셀트리온,068270
2020-12-04,380000.0,"상승  29,000",356000.0,385500.0,355500.0,4734606.0,셀트리온,068270
2020-12-07,403500.0,"상승  23,500",396500.0,403500.0,380000.0,3465337.0,셀트리온,068270
2020-12-08,350000.0,"하락  53,500",396000.0,402500.0,347000.0,4600980.0,셀트리온,068270
2020-12-09,353500.0,"상승  3,500",352000.0,364500.0,327000.0,3599378.0,셀트리온,068270
2020-12-10,360000.0,"상승  6,500",344500.0,368500.0,344000.0,2056690.0,셀트리온,068270
2020-12-11,361000.0,"상승  1,000",373500.0,373500.0,360500.0,1116272.0,셀트리온,068270
2020-12-14,357500.0,"하락  3,500",366500.0,370500.0,350000.0,1676174.0,셀트리온,068270
2020-12-15,360000.0,"상승  2,500",360000.0,362000.0,341500.0,2434131.0,셀트리온,068270
2020-12-16,353500.0,"하락  6,500",364000.0,365000.0,352500.0,1265904.0,셀트리온,068270
2020-12-17,351500.0,"하락  2,000",348500.0,356500.0,346500.0,910608.0,셀트리온,068270
2020-12-18,356000.0,"상승  4,500",353000.0,357500.0,351000.0,921874.0,셀트리온,068270
2020-12-21,367000.0,"상승  11,000",361000.0,372500.0,356500.0,2005754.0,셀트리온,068270
2020-12-22,359000.0,"하락  8,000",368000.0,371000.0,359000.0,1358477.0,셀트리온,068270
2020-12-23,355000.0,"하락  4,000",364000.0,366000.0,354000.0,1425317.0,셀트리온,068270
2020-12-24,347500.0,"하락  7,500",355500.0,358000.0,343500.0,2076258.0,셀트리온,068270
2020-12-28,333500.0,"하락  14,000",349500.0,360000.0,324000.0,7295632.0,셀트리온,068270
2020-12-29,360500.0,"상승  33,000",360500.0,365000.0,347000.0,5725005.0,셀트리온,068270
2020-12-30,359000.0,"하락  1,500",362500.0,365000.0,351000.0,2107841.0,셀트리온,068270
2021-01-04,347500.0,"하락  11,500",351500.0,354500.0,343000.0,2006483.0,셀트리온,068270
2021-01-05,354500.0,"상승  7,000",351500.0,356000.0,345000.0,1255776.0,셀트리온,068270
2021-01-06,353500.0,"하락  1,000",357000.0,359500.0,353500.0,977528.0,셀트리온,068270
2021-01-07,357500.0,"상승  4,000",355000.0,359500.0,351000.0,956548.0,셀트리온,068270
2021-01-08,367000.0,"상승  9,500",359500.0,370000.0,356000.0,1719926.0,셀트리온,068270
2021-01-11,374000.0,"상승  7,000",377000.0,386500.0,367000.0,2624781.0,셀트리온,068270
2021-01-12,384000.0,"상승  10,000",380500.0,387000.0,370000.0,2475166.0,셀트리온,068270
2021-01-13,381500.0,"하락  2,500",380000.0,390000.0,375000.0,2083610.0,셀트리온,068270
2021-01-14,352500.0,"하락  29,000",366000.0,374000.0,351000.0,3425555.0,셀트리온,068270
2021-01-15,329000.0,"하락  23,500",349000.0,349500.0,325500.0,3398281.0,셀트리온,068270
2021-01-18,314000.0,"하락  15,000",327500.0,346000.0,314000.0,2601181.0,셀트리온,068270
2021-01-19,312500.0,"하락  1,500",308000.0,317000.0,296500.0,3300220.0,셀트리온,068270
2021-01-20,311000.0,"하락  1,500",315500.0,324000.0,308000.0,1395424.0,셀트리온,068270
2021-01-21,312000.0,"상승  1,000",314000.0,317500.0,306500.0,1083926.0,셀트리온,068270
2021-01-22,310000.0,"하락  2,000",312500.0,315500.0,308000.0,835242.0,셀트리온,068270
2021-01-25,321000.0,"상승  11,000",311500.0,322000.0,311000.0,941127.0,셀트리온,068270
2021-01-26,322500.0,"상승  1,500",327500.0,335000.0,321500.0,1256043.0,셀트리온,068270
2021-01-27,329000.0,"상승  6,500",326000.0,333000.0,318000.0,1013961.0,셀트리온,068270
2021-01-28,334500.0,"상승  5,500",319500.0,338000.0,316000.0,1488920.0,셀트리온,068270
2021-01-29,324000.0,"하락  10,500",334500.0,339000.0,322500.0,1076910.0,셀트리온,068270
2021-02-01,371000.0,"상승  47,000",334000.0,383000.0,333000.0,6018601.0,셀트리온,068270
2021-02-02,355500.0,"하락  15,500",370000.0,370000.0,352500.0,2321590.0,셀트리온,068270
2021-02-03,347500.0,"하락  8,000",357500.0,359500.0,338000.0,1922464.0,셀트리온,068270
2021-02-04,341500.0,"하락  6,000",345000.0,349500.0,337500.0,1099579.0,셀트리온,068270
2021-02-05,341500.0,보합0,347500.0,355000.0,335000.0,1997418.0,셀트리온,068270
2021-02-08,336000.0,"하락  5,500",350000.0,351500.0,336000.0,784558.0,셀트리온,068270
2021-02-09,328000.0,"하락  8,000",336000.0,337500.0,328000.0,984780.0,셀트리온,068270
2021-02-10,332000.0,"상승  4,000",326500.0,332000.0,324500.0,734865.0,셀트리온,068270
2021-02-15,333000.0,"상승  1,000",340000.0,343500.0,333000.0,1188210.0,셀트리온,068270
2021-02-16,325000.0,"하락  8,000",335000.0,335500.0,324500.0,827534.0,셀트리온,068270
2021-02-17,321500.0,"하락  3,500",324500.0,329000.0,315500.0,951224.0,셀트리온,068270
2021-02-18,314500.0,"하락  7,000",320000.0,326500.0,314500.0,671084.0,셀트리온,068270
2021-02-19,318500.0,"상승  4,000",310500.0,318500.0,306000.0,855583.0,셀트리온,068270
2021-02-22,309500.0,"하락  9,000",322000.0,322500.0,308500.0,725100.0,셀트리온,068270
2021-02-23,296000.0,"하락  13,500",311000.0,312500.0,296000.0,1261921.0,셀트리온,068270
2021-02-24,282000.0,"하락  14,000",292500.0,301000.0,282000.0,1494863.0,셀트리온,068270
2021-02-25,308000.0,"상승  26,000",290500.0,309000.0,286500.0,1378139.0,셀트리온,068270
2021-02-26,297500.0,"하락  10,500",300000.0,304000.0,292000.0,1062427.0,셀트리온,068270
2021-03-02,291500.0,"하락  6,000",302500.0,307000.0,288500.0,909178.0,셀트리온,068270
2021-03-03,303000.0,"상승  11,500",292500.0,306000.0,290000.0,878080.0,셀트리온,068270
2021-03-04,306500.0,"상승  3,500",303000.0,310000.0,297500.0,772420.0,셀트리온,068270
2021-03-05,301500.0,"하락  5,000",305000.0,307000.0,300000.0,469774.0,셀트리온,068270
2021-03-08,291000.0,"하락  10,500",304000.0,304000.0,290500.0,595881.0,셀트리온,068270
2021-03-09,287500.0,"하락  3,500",288000.0,292000.0,280500.0,853291.0,셀트리온,068270
2021-03-10,285500.0,"하락  2,000",291500.0,296500.0,284000.0,494901.0,셀트리온,068270
2021-03-11,293000.0,"상승  7,500",285500.0,296500.0,284500.0,660641.0,셀트리온,068270
2021-03-12,297000.0,"상승  4,000",296000.0,301000.0,293000.0,416941.0,셀트리온,068270
2021-03-15,289000.0,"하락  8,000",296500.0,297000.0,289000.0,474511.0,셀트리온,068270
2021-03-16,296500.0,"상승  7,500",290500.0,298000.0,289000.0,410799.0,셀트리온,068270
2021-03-17,293500.0,"하락  3,000",296500.0,298000.0,291000.0,360539.0,셀트리온,068270
2021-03-18,292000.0,"하락  1,500",295500.0,299500.0,292000.0,401776.0,셀트리온,068270
2021-03-19,287000.0,"하락  5,000",288000.0,290500.0,284000.0,459008.0,셀트리온,068270
2021-03-22,289000.0,"상승  2,000",290000.0,294500.0,286000.0,465736.0,셀트리온,068270
2021-03-23,292500.0,"상승  3,500",294000.0,304000.0,291000.0,718171.0,셀트리온,068270
2021-03-24,300000.0,"상승  7,500",294000.0,302000.0,292000.0,567246.0,셀트리온,068270
2021-03-25,307500.0,"상승  7,500",301500.0,307500.0,299000.0,585517.0,셀트리온,068270
2021-03-26,314000.0,"상승  6,500",311500.0,316500.0,304000.0,815381.0,셀트리온,068270
2021-03-29,330500.0,"상승  16,500",332500.0,334500.0,322000.0,1786627.0,셀트리온,068270
2021-03-30,323500.0,"하락  7,000",328500.0,329000.0,323000.0,614957.0,셀트리온,068270
2021-03-31,324500.0,"상승  1,000",326500.0,330000.0,322500.0,529579.0,셀트리온,068270
2021-04-01,324500.0,보합0,323500.0,327500.0,318000.0,528893.0,셀트리온,068270
2021-04-02,320500.0,"하락  4,000",324500.0,326000.0,318000.0,500451.0,셀트리온,068270
2021-04-05,308000.0,"하락  12,500",318000.0,319000.0,307000.0,716852.0,셀트리온,068270
2021-04-06,303500.0,"하락  4,500",309000.0,313000.0,302000.0,634988.0,셀트리온,068270
2021-04-07,306000.0,"상승  2,500",304000.0,312000.0,303000.0,458016.0,셀트리온,068270
2021-04-08,311500.0,"상승  5,500",306500.0,311500.0,303000.0,486544.0,셀트리온,068270
2021-04-09,309500.0,"하락  2,000",312500.0,314500.0,309000.0,347094.0,셀트리온,068270
2021-04-12,310500.0,"상승  1,000",309500.0,311000.0,306000.0,342305.0,셀트리온,068270
2021-04-13,316000.0,"상승  5,500",312500.0,319000.0,309000.0,573517.0,셀트리온,068270
2021-04-14,315000.0,"하락  1,000",317000.0,319000.0,313000.0,407935.0,셀트리온,068270
2021-04-15,309500.0,"하락  5,500",314500.0,315000.0,309000.0,547071.0,셀트리온,068270
2021-04-16,308000.0,"하락  1,500",310500.0,312000.0,306500.0,378139.0,셀트리온,068270
2021-04-19,309500.0,"상승  1,500",308000.0,313500.0,305500.0,569414.0,셀트리온,068270
2021-04-20,300000.0,"하락  9,500",306500.0,308000.0,299500.0,1058058.0,셀트리온,068270
2021-04-21,290500.0,"하락  9,500",295500.0,297500.0,290000.0,1004575.0,셀트리온,068270
2021-04-22,288000.0,"하락  2,500",292000.0,294500.0,287000.0,772035.0,셀트리온,068270
2021-04-23,288000.0,보합0,288000.0,291000.0,285000.0,521531.0,셀트리온,068270
2021-04-26,285000.0,"하락  3,000",288000.0,288500.0,284000.0,716990.0,셀트리온,068270
2021-04-27,274000.0,"하락  11,000",285000.0,285500.0,273500.0,1344606.0,셀트리온,068270
2021-04-28,270000.0,"하락  4,000",272500.0,282000.0,266000.0,1371738.0,셀트리온,068270
2021-04-29,268500.0,"하락  1,500",270500.0,277000.0,264000.0,1036746.0,셀트리온,068270
2021-04-30,266000.0,"하락  2,500",270000.0,273000.0,265000.0,698855.0,셀트리온,068270
2021-05-03,249500.0,"하락  16,500",265000.0,268000.0,248500.0,1931130.0,셀트리온,068270
2021-05-04,260000.0,"상승  10,500",245500.0,260500.0,244000.0,1828139.0,셀트리온,068270
2021-05-06,252500.0,"하락  7,500",260000.0,261500.0,251000.0,1153094.0,셀트리온,068270
2021-05-07,266500.0,"상승  14,000",253500.0,272000.0,253000.0,1301011.0,셀트리온,068270
2021-05-10,275000.0,"상승  8,500",276500.0,277500.0,269000.0,961271.0,셀트리온,068270
2021-05-11,270500.0,"하락  4,500",273500.0,276500.0,266500.0,690113.0,셀트리온,068270
2021-05-12,262500.0,"하락  8,000",270500.0,274500.0,261500.0,771734.0,셀트리온,068270
2021-05-13,265000.0,"상승  2,500",260500.0,270500.0,260000.0,862168.0,셀트리온,068270
2021-05-14,270500.0,"상승  5,500",265000.0,271500.0,261500.0,571387.0,셀트리온,068270
2021-05-17,269500.0,"하락  1,000",274000.0,277000.0,269000.0,571257.0,셀트리온,068270
2021-05-18,272000.0,"상승  2,500",265000.0,273500.0,263500.0,439224.0,셀트리온,068270
2021-05-20,270000.0,"하락  2,000",269000.0,272500.0,268500.0,405516.0,셀트리온,068270
2021-05-21,268500.0,"하락  1,500",272000.0,276000.0,268500.0,453849.0,셀트리온,068270
2021-05-24,262000.0,"하락  6,500",269000.0,269000.0,261500.0,454113.0,셀트리온,068270
2021-05-25,272000.0,"상승  10,000",263000.0,272000.0,261000.0,535978.0,셀트리온,068270
2021-05-26,270500.0,"하락  1,500",270000.0,273000.0,268000.0,285099.0,셀트리온,068270
2021-05-27,269000.0,"하락  1,500",270500.0,272000.0,265000.0,512886.0,셀트리온,068270
2021-05-28,273500.0,"상승  4,500",269500.0,276000.0,268000.0,596212.0,셀트리온,068270
2021-05-31,274500.0,"상승  1,000",275000.0,278000.0,274000.0,432928.0,셀트리온,068270
2021-06-01,272500.0,"하락  2,000",274500.0,275500.0,270000.0,329654.0,셀트리온,068270
2021-06-02,266500.0,"하락  6,000",271500.0,272500.0,266500.0,539104.0,셀트리온,068270
2021-06-03,266500.0,보합0,266000.0,272000.0,264000.0,510966.0,셀트리온,068270
2021-06-04,267000.0,상승  500,265500.0,268500.0,263000.0,456306.0,셀트리온,068270
2021-06-07,264500.0,"하락  2,500",268000.0,269500.0,263500.0,350960.0,셀트리온,068270
2021-06-08,269000.0,"상승  4,500",265000.0,271000.0,265000.0,545001.0,셀트리온,068270
2021-06-09,261500.0,"하락  7,500",270500.0,271500.0,261500.0,604854.0,셀트리온,068270
2021-06-10,265500.0,"상승  4,000",263500.0,267000.0,261000.0,557630.0,셀트리온,068270
2021-06-11,265500.0,보합0,267000.0,271500.0,264500.0,488250.0,셀트리온,068270
2021-06-14,281000.0,"상승  15,500",272500.0,281500.0,269000.0,1522976.0,셀트리온,068270
2021-06-15,275000.0,"하락  6,000",281000.0,281500.0,275000.0,610595.0,셀트리온,068270
2021-06-16,271500.0,"하락  3,500",274500.0,274500.0,270000.0,399618.0,셀트리온,068270
2021-06-17,269000.0,"하락  2,500",270000.0,272000.0,268500.0,387652.0,셀트리온,068270
2021-06-18,270000.0,"상승  1,000",269000.0,272000.0,269000.0,476193.0,셀트리온,068270
2021-06-21,280500.0,"상승  10,500",270000.0,281500.0,268500.0,1005972.0,셀트리온,068270
2021-06-22,274000.0,"하락  6,500",280000.0,280500.0,273500.0,534404.0,셀트리온,068270
2021-06-23,281500.0,"상승  7,500",275000.0,284000.0,274000.0,955076.0,셀트리온,068270
2021-06-24,278500.0,"하락  3,000",283000.0,284500.0,275500.0,550836.0,셀트리온,068270
2021-06-25,265500.0,"하락  13,000",279500.0,281000.0,261000.0,1113863.0,셀트리온,068270
2021-06-28,266000.0,상승  500,268500.0,271000.0,265500.0,517932.0,셀트리온,068270
2021-06-29,265000.0,"하락  1,000",266000.0,268000.0,263500.0,341620.0,셀트리온,068270
2021-06-30,268500.0,"상승  3,500",265500.0,271000.0,264500.0,389803.0,셀트리온,068270
2021-07-01,267500.0,"하락  1,000",270000.0,270000.0,264500.0,470679.0,셀트리온,068270
2021-07-02,266000.0,"하락  1,500",267500.0,267500.0,264500.0,352786.0,셀트리온,068270
2021-07-05,273000.0,"상승  7,000",267000.0,277000.0,267000.0,593492.0,셀트리온,068270
2021-07-06,267000.0,"하락  6,000",272000.0,272500.0,267000.0,516632.0,셀트리온,068270
2021-07-07,266500.0,하락  500,267500.0,269000.0,266000.0,309659.0,셀트리온,068270
2021-07-08,266000.0,하락  500,268000.0,269500.0,266000.0,448215.0,셀트리온,068270
2021-07-09,262000.0,"하락  4,000",264000.0,265500.0,258000.0,663968.0,셀트리온,068270
2021-07-12,262500.0,상승  500,265500.0,267500.0,262500.0,301660.0,셀트리온,068270
2021-07-13,263000.0,상승  500,265500.0,267500.0,262500.0,342811.0,셀트리온,068270
2021-07-14,261000.0,"하락  2,000",263000.0,264000.0,260000.0,364977.0,셀트리온,068270
2021-07-15,266500.0,"상승  5,500",262000.0,270000.0,261500.0,458007.0,셀트리온,068270
2021-07-16,269000.0,"상승  2,500",264500.0,272000.0,262500.0,578040.0,셀트리온,068270
2021-07-19,263000.0,"하락  6,000",271500.0,272000.0,263000.0,463187.0,셀트리온,068270
2021-07-20,273000.0,"상승  10,000",266500.0,275500.0,266000.0,1113782.0,셀트리온,068270
2021-07-21,267500.0,"하락  5,500",276000.0,276000.0,267500.0,525377.0,셀트리온,068270
2021-07-22,269500.0,"상승  2,000",269500.0,270000.0,266500.0,299521.0,셀트리온,068270
2021-07-23,268500.0,"하락  1,000",269000.0,271500.0,268000.0,247979.0,셀트리온,068270
2021-07-26,264000.0,"하락  4,500",269000.0,270000.0,264000.0,331215.0,셀트리온,068270
2021-07-27,263500.0,하락  500,266500.0,269000.0,262500.0,293542.0,셀트리온,068270
2021-07-28,261500.0,"하락  2,000",263500.0,265000.0,260500.0,333216.0,셀트리온,068270
2021-07-29,261500.0,보합0,261500.0,263500.0,261000.0,234784.0,셀트리온,068270
2021-07-30,253500.0,"하락  8,000",261500.0,262000.0,253500.0,627804.0,셀트리온,068270
2021-08-02,263500.0,"상승  10,000",255500.0,264000.0,255500.0,459181.0,셀트리온,068270
2021-08-03,265000.0,"상승  1,500",263500.0,265000.0,260500.0,279936.0,셀트리온,068270
2021-08-04,269500.0,"상승  4,500",265000.0,272500.0,264500.0,497787.0,셀트리온,068270
2021-08-05,269000.0,하락  500,270000.0,275000.0,268500.0,411854.0,셀트리온,068270
2021-08-06,271500.0,"상승  2,500",271000.0,273000.0,267500.0,332369.0,셀트리온,068270
2021-08-09,266000.0,"하락  5,500",270500.0,271000.0,264500.0,351775.0,셀트리온,068270
2021-08-10,270000.0,"상승  4,000",266500.0,272000.0,266000.0,459924.0,셀트리온,068270
2021-08-11,283000.0,"상승  13,000",272000.0,286000.0,270500.0,1870984.0,셀트리온,068270
2021-08-12,281500.0,"하락  1,500",288500.0,291000.0,280000.0,1067756.0,셀트리온,068270
2021-08-13,275500.0,"하락  6,000",284000.0,286500.0,274500.0,805209.0,셀트리온,068270
2021-08-17,274000.0,"하락  1,500",274000.0,283000.0,271000.0,785917.0,셀트리온,068270
2021-08-18,274000.0,보합0,275000.0,277000.0,270000.0,420737.0,셀트리온,068270
2021-08-19,271000.0,"하락  3,000",271500.0,279500.0,270000.0,500781.0,셀트리온,068270
2021-08-20,266000.0,"하락  5,000",273500.0,276500.0,265000.0,647705.0,셀트리온,068270
2021-08-23,284000.0,"상승  18,000",269000.0,286500.0,269000.0,1355766.0,셀트리온,068270
2021-08-24,282500.0,"하락  1,500",288000.0,288500.0,279500.0,701570.0,셀트리온,068270
2021-08-25,282000.0,하락  500,282500.0,282500.0,276000.0,449508.0,셀트리온,068270
2021-08-26,284500.0,"상승  2,500",282000.0,289000.0,280500.0,605135.0,셀트리온,068270
2021-08-27,294500.0,"상승  10,000",285000.0,297000.0,282500.0,1202846.0,셀트리온,068270
2021-08-30,291000.0,"하락  3,500",297500.0,300500.0,290500.0,777724.0,셀트리온,068270
2021-08-31,293000.0,"상승  2,000",292500.0,294000.0,288000.0,609839.0,셀트리온,068270
2021-09-01,290500.0,"하락  2,500",293000.0,295500.0,289000.0,421041.0,셀트리온,068270
2021-09-02,288000.0,"하락  2,500",288500.0,292500.0,286500.0,422212.0,셀트리온,068270
2021-09-03,283000.0,"하락  5,000",289000.0,290500.0,283000.0,440445.0,셀트리온,068270
2021-09-06,278500.0,"하락  4,500",282500.0,285000.0,276500.0,416665.0,셀트리온,068270
2021-09-07,279500.0,"상승  1,000",279000.0,282000.0,276000.0,345474.0,셀트리온,068270
2021-09-08,273500.0,"하락  6,000",278000.0,280000.0,273000.0,465631.0,셀트리온,068270
2021-09-09,269000.0,"하락  4,500",272000.0,275500.0,267000.0,595228.0,셀트리온,068270
2021-09-10,267500.0,"하락  1,500",269500.0,271000.0,265500.0,394088.0,셀트리온,068270
2021-09-13,262000.0,"하락  5,500",266500.0,267000.0,260500.0,505510.0,셀트리온,068270
2021-09-14,263000.0,"상승  1,000",261500.0,265000.0,260500.0,416684.0,셀트리온,068270
2021-09-15,272500.0,"상승  9,500",266000.0,275500.0,265500.0,576273.0,셀트리온,068270
2021-09-16,267000.0,"하락  5,500",276000.0,276000.0,266500.0,354210.0,셀트리온,068270
2021-09-17,275500.0,"상승  8,500",271000.0,276000.0,270000.0,669719.0,셀트리온,068270
2021-09-23,284500.0,"상승  9,000",287000.0,291000.0,282500.0,1233089.0,셀트리온,068270
2021-09-24,274500.0,"하락  10,000",285000.0,285500.0,274000.0,633897.0,셀트리온,068270
2021-09-27,267500.0,"하락  7,000",272000.0,272500.0,267000.0,512408.0,셀트리온,068270
2021-09-28,263500.0,"하락  4,000",265000.0,269500.0,263000.0,515609.0,셀트리온,068270
2021-09-29,261000.0,"하락  2,500",259500.0,265000.0,259500.0,471947.0,셀트리온,068270
2021-09-30,259500.0,"하락  1,500",260000.0,263000.0,259000.0,461399.0,셀트리온,068270
2021-10-01,248000.0,"하락  11,500",258000.0,258500.0,247500.0,1020405.0,셀트리온,068270
2021-10-05,218000.0,"하락  30,000",240000.0,240500.0,216000.0,2415460.0,셀트리온,068270
2021-10-06,212000.0,"하락  6,000",218500.0,227500.0,212000.0,1834318.0,셀트리온,068270
2021-10-07,213000.0,"상승  1,000",215000.0,219500.0,211500.0,1072554.0,셀트리온,068270
2021-10-08,224000.0,"상승  11,000",215500.0,225000.0,215500.0,992187.0,셀트리온,068270
2021-10-12,214500.0,"하락  9,500",222500.0,223000.0,213000.0,778783.0,셀트리온,068270
2021-10-13,215500.0,"상승  1,000",211500.0,218000.0,211500.0,460999.0,셀트리온,068270
2021-10-14,222000.0,"상승  6,500",217000.0,223000.0,215500.0,563771.0,셀트리온,068270
2021-10-15,220000.0,"하락  2,000",224000.0,225000.0,219000.0,427388.0,셀트리온,068270
2021-10-18,216500.0,"하락  3,500",221000.0,221000.0,215000.0,412924.0,셀트리온,068270
2021-10-19,218000.0,"상승  1,500",217000.0,218500.0,213500.0,482568.0,셀트리온,068270
2021-10-20,219000.0,"상승  1,000",219500.0,225500.0,218500.0,522976.0,셀트리온,068270
2021-10-21,217500.0,"하락  1,500",220000.0,221000.0,217500.0,340552.0,셀트리온,068270
2021-10-22,219500.0,"상승  2,000",217000.0,220500.0,214500.0,293238.0,셀트리온,068270
2021-10-25,216500.0,"하락  3,000",219500.0,220000.0,215000.0,336539.0,셀트리온,068270
2021-10-26,222500.0,"상승  6,000",218000.0,225000.0,217500.0,543088.0,셀트리온,068270
2021-10-27,219000.0,"하락  3,500",222500.0,222500.0,218500.0,266457.0,셀트리온,068270
2021-10-28,215500.0,"하락  3,500",220000.0,220500.0,215500.0,382286.0,셀트리온,068270
2021-10-29,200500.0,"하락  15,000",217000.0,217000.0,200000.0,1500726.0,셀트리온,068270
2021-11-01,205500.0,"상승  5,000",200500.0,208500.0,196000.0,862490.0,셀트리온,068270
2021-11-02,206500.0,"상승  1,000",206000.0,212000.0,204500.0,812378.0,셀트리온,068270
2021-11-03,210000.0,"상승  3,500",207000.0,211000.0,204000.0,405132.0,셀트리온,068270
2021-11-04,208500.0,"하락  1,500",210500.0,215000.0,207000.0,426637.0,셀트리온,068270
2021-11-05,209000.0,상승  500,208500.0,209500.0,203500.0,488779.0,셀트리온,068270
2021-11-08,197000.0,"하락  12,000",202000.0,203000.0,193500.0,1181053.0,셀트리온,068270
2021-11-09,205500.0,"상승  8,500",198500.0,207500.0,197500.0,703159.0,셀트리온,068270
2021-11-10,214000.0,"상승  8,500",210500.0,221000.0,209000.0,1274733.0,셀트리온,068270
2021-11-11,212500.0,"하락  1,500",210000.0,215000.0,207500.0,681176.0,셀트리온,068270
2021-11-12,213500.0,"상승  1,000",232000.0,232500.0,213000.0,1592862.0,셀트리온,068270
2021-11-15,233000.0,"상승  19,500",227000.0,251000.0,221500.0,4479850.0,셀트리온,068270
2021-11-16,229000.0,"하락  4,000",232000.0,235000.0,226000.0,1009172.0,셀트리온,068270
2021-11-17,219000.0,"하락  10,000",227500.0,230000.0,218500.0,916835.0,셀트리온,068270
2021-11-18,215000.0,"하락  4,000",216500.0,221500.0,215000.0,541693.0,셀트리온,068270
2021-11-19,223000.0,"상승  8,000",215500.0,223500.0,215500.0,646676.0,셀트리온,068270
2021-11-22,225000.0,"상승  2,000",221000.0,227500.0,219000.0,566162.0,셀트리온,068270
2021-11-23,211500.0,"하락  13,500",219000.0,220500.0,206500.0,1426174.0,셀트리온,068270
2021-11-24,211000.0,하락  500,210500.0,214500.0,208500.0,671761.0,셀트리온,068270
2021-11-25,209000.0,"하락  2,000",211500.0,214000.0,208500.0,475696.0,셀트리온,068270
2021-11-26,214000.0,"상승  5,000",209000.0,218500.0,208000.0,870748.0,셀트리온,068270
2021-11-29,212500.0,"하락  1,500",220500.0,224500.0,212000.0,1049158.0,셀트리온,068270
2021-11-30,207000.0,"하락  5,500",218000.0,218500.0,205500.0,1149446.0,셀트리온,068270
2021-12-01,211500.0,"상승  4,500",211000.0,218000.0,209500.0,840037.0,셀트리온,068270
2021-12-02,213000.0,"상승  1,500",210000.0,214000.0,206500.0,522300.0,셀트리온,068270
2021-12-03,210500.0,"하락  2,500",211000.0,212500.0,206500.0,633417.0,셀트리온,068270
2021-12-06,206500.0,"하락  4,000",208000.0,210500.0,205000.0,560276.0,셀트리온,068270
2021-12-07,203500.0,"하락  3,000",206500.0,206500.0,201000.0,691681.0,셀트리온,068270
2021-12-08,207500.0,"상승  4,000",204500.0,210000.0,204500.0,628351.0,셀트리온,068270
2021-12-09,211000.0,"상승  3,500",208000.0,212500.0,206500.0,810939.0,셀트리온,068270
2021-12-10,208000.0,"하락  3,000",211000.0,211500.0,207000.0,380838.0,셀트리온,068270
2021-12-13,205000.0,"하락  3,000",210000.0,210500.0,204500.0,410820.0,셀트리온,068270
2021-12-14,206000.0,"상승  1,000",205000.0,208500.0,204500.0,342568.0,셀트리온,068270
2021-12-15,206500.0,상승  500,205500.0,210500.0,205500.0,432726.0,셀트리온,068270
2021-12-16,206000.0,하락  500,208000.0,209000.0,205000.0,328176.0,셀트리온,068270
2021-12-17,207000.0,"상승  1,000",205000.0,208500.0,203000.0,523696.0,셀트리온,068270
2021-12-20,206000.0,"하락  1,000",206500.0,211500.0,205500.0,547695.0,셀트리온,068270
2021-12-21,205000.0,"하락  1,000",207000.0,207500.0,204500.0,355175.0,셀트리온,068270
2021-12-22,200500.0,"하락  4,500",205500.0,206000.0,199500.0,710518.0,셀트리온,068270
2021-12-23,201000.0,상승  500,199000.0,204500.0,195000.0,698278.0,셀트리온,068270
2021-12-24,201000.0,보합0,201000.0,203500.0,201000.0,394428.0,셀트리온,068270
2021-12-27,204000.0,"상승  3,000",200000.0,205000.0,199500.0,906195.0,셀트리온,068270
2021-12-28,216000.0,"상승  12,000",204500.0,216000.0,204000.0,1974215.0,셀트리온,068270
2021-12-29,201000.0,"하락  11,000",207500.0,208000.0,200500.0,1631108.0,셀트리온,068270
2021-12-30,198000.0,"하락  3,000",202000.0,202000.0,198000.0,780889.0,셀트리온,068270
2022-01-03,198500.0,상승  500,198500.0,200000.0,196500.0,417167.0,셀트리온,068270
2022-01-04,194500.0,"하락  4,000",196500.0,199500.0,194000.0,658570.0,셀트리온,068270
2022-01-05,187500.0,"하락  7,000",193500.0,193500.0,187000.0,1113525.0,셀트리온,068270
2022-01-06,181000.0,"하락  6,500",183000.0,186000.0,179000.0,1046403.0,셀트리온,068270
2022-01-07,182500.0,"상승  1,500",182000.0,186000.0,181500.0,515433.0,셀트리온,068270
2022-01-10,187000.0,"상승  4,500",183000.0,191500.0,180500.0,874365.0,셀트리온,068270
2022-01-11,196500.0,"상승  9,500",190000.0,198500.0,189500.0,1047658.0,셀트리온,068270
2022-01-12,197000.0,상승  500,197500.0,198500.0,193000.0,447595.0,셀트리온,068270
2022-01-13,195000.0,"하락  2,000",197000.0,197500.0,192000.0,479134.0,셀트리온,068270
2022-01-14,171000.0,"하락  24,000",190500.0,191000.0,170000.0,2530712.0,셀트리온,068270
2022-01-17,160000.0,"하락  11,000",165500.0,173000.0,159500.0,2651120.0,셀트리온,068270
2022-01-18,159500.0,하락  500,163000.0,167500.0,158500.0,1557003.0,셀트리온,068270
2022-01-19,167000.0,"상승  7,500",156000.0,170000.0,155500.0,1528366.0,셀트리온,068270
2022-01-20,165000.0,"하락  2,000",165500.0,166500.0,161000.0,792364.0,셀트리온,068270
2022-01-21,163500.0,"하락  1,500",168500.0,170000.0,162000.0,748299.0,셀트리온,068270
2022-01-24,166500.0,"상승  3,000",162500.0,167500.0,161500.0,619009.0,셀트리온,068270
2022-01-25,158500.0,"하락  8,000",167000.0,167000.0,157500.0,825238.0,셀트리온,068270
2022-01-26,156000.0,"하락  2,500",158000.0,161000.0,155500.0,576941.0,셀트리온,068270
2022-01-27,147500.0,"하락  8,500",156000.0,157000.0,147000.0,1070528.0,셀트리온,068270
2022-01-28,151000.0,"상승  3,500",148500.0,153000.0,148500.0,796224.0,셀트리온,068270
2022-02-03,157000.0,"상승  6,000",153500.0,160500.0,153000.0,691563.0,셀트리온,068270
2022-02-04,158500.0,"상승  1,500",157000.0,160500.0,154500.0,357610.0,셀트리온,068270
2022-02-07,157000.0,"하락  1,500",162500.0,162500.0,156000.0,513685.0,셀트리온,068270
2022-02-08,162000.0,"상승  5,000",158500.0,164500.0,158000.0,578570.0,셀트리온,068270
2022-02-09,160500.0,"하락  1,500",163000.0,163500.0,159000.0,387543.0,셀트리온,068270
2022-02-10,160500.0,보합0,161000.0,163500.0,160000.0,395405.0,셀트리온,068270
2022-02-11,158500.0,"하락  2,000",162500.0,162500.0,158000.0,375828.0,셀트리온,068270
2022-02-14,158500.0,보합0,155000.0,162000.0,154500.0,391713.0,셀트리온,068270
2022-02-15,153500.0,"하락  5,000",158000.0,159000.0,152000.0,600480.0,셀트리온,068270
2022-02-16,158000.0,"상승  4,500",156500.0,160500.0,155500.0,482702.0,셀트리온,068270
2022-02-17,159500.0,"상승  1,500",159000.0,162500.0,154500.0,613331.0,셀트리온,068270
2022-02-18,157500.0,"하락  2,000",157000.0,158500.0,155000.0,308436.0,셀트리온,068270
2022-02-21,161500.0,"상승  4,000",156000.0,162500.0,155000.0,420429.0,셀트리온,068270
2022-02-22,163000.0,"상승  1,500",158500.0,164000.0,158000.0,502675.0,셀트리온,068270
2022-02-23,160500.0,"하락  2,500",163000.0,165500.0,160000.0,417108.0,셀트리온,068270
2022-02-24,151000.0,"하락  9,500",157000.0,157500.0,150000.0,777354.0,셀트리온,068270
2022-02-25,155500.0,"상승  4,500",154000.0,155500.0,152500.0,406851.0,셀트리온,068270
2022-02-28,159500.0,"상승  4,000",154500.0,159500.0,153500.0,382197.0,셀트리온,068270
2022-03-02,159000.0,하락  500,159500.0,163000.0,159000.0,291310.0,셀트리온,068270
2022-03-03,171000.0,"상승  12,000",159000.0,174500.0,159000.0,1198178.0,셀트리온,068270
2022-03-04,167000.0,"하락  4,000",169000.0,172000.0,165000.0,522121.0,셀트리온,068270
2022-03-07,165000.0,"하락  2,000",164500.0,169000.0,162500.0,425525.0,셀트리온,068270
2022-03-08,170000.0,"상승  5,000",163500.0,174000.0,162500.0,686569.0,셀트리온,068270
2022-03-10,173000.0,"상승  3,000",173000.0,173500.0,168500.0,618850.0,셀트리온,068270
2022-03-11,173000.0,보합0,173500.0,180000.0,171000.0,803036.0,셀트리온,068270
2022-03-14,180500.0,"상승  7,500",183500.0,188500.0,178500.0,1451284.0,셀트리온,068270
2022-03-15,180000.0,하락  500,181500.0,183000.0,176000.0,580204.0,셀트리온,068270
2022-03-16,181000.0,"상승  1,000",182000.0,182500.0,179000.0,345157.0,셀트리온,068270
2022-03-17,185500.0,"상승  4,500",185000.0,189500.0,184000.0,743312.0,셀트리온,068270
2022-03-18,186500.0,"상승  1,000",189500.0,189500.0,185500.0,476640.0,셀트리온,068270
2022-03-21,181000.0,"하락  5,500",188000.0,188000.0,180500.0,506427.0,셀트리온,068270
2022-03-22,168000.0,"하락  13,000",169000.0,171000.0,167000.0,3948396.0,셀트리온,068270
2022-03-23,169500.0,"상승  1,500",169500.0,171000.0,168500.0,657221.0,셀트리온,068270
2022-03-24,168000.0,"하락  1,500",169000.0,171000.0,164500.0,798085.0,셀트리온,068270
2022-03-25,165500.0,"하락  2,500",169000.0,169000.0,165000.0,674540.0,셀트리온,068270
2022-03-28,168000.0,"상승  2,500",165500.0,169000.0,164500.0,404844.0,셀트리온,068270
2022-03-29,170500.0,"상승  2,500",169000.0,171500.0,168500.0,408739.0,셀트리온,068270
2022-03-30,174000.0,"상승  3,500",172000.0,175000.0,170000.0,511635.0,셀트리온,068270
2022-03-31,171500.0,"하락  2,500",174500.0,175500.0,170000.0,374991.0,셀트리온,068270
2022-04-01,169000.0,"하락  2,500",170000.0,170500.0,168500.0,292355.0,셀트리온,068270
2022-04-04,170000.0,"상승  1,000",169000.0,171000.0,168500.0,216519.0,셀트리온,068270
2022-04-05,171500.0,"상승  1,500",170500.0,171500.0,168500.0,218135.0,셀트리온,068270
2022-04-06,168500.0,"하락  3,000",170500.0,172000.0,168000.0,323766.0,셀트리온,068270
2022-04-07,166500.0,"하락  2,000",167500.0,170000.0,166000.0,365033.0,셀트리온,068270
2022-04-08,164000.0,"하락  2,500",167500.0,168000.0,163000.0,291965.0,셀트리온,068270
2022-04-11,162000.0,"하락  2,000",163500.0,164000.0,159500.0,304419.0,셀트리온,068270
2022-04-12,161000.0,"하락  1,000",159500.0,163500.0,159000.0,285933.0,셀트리온,068270
2022-04-13,164500.0,"상승  3,500",161000.0,164500.0,161000.0,236840.0,셀트리온,068270
2022-04-14,164000.0,하락  500,164000.0,164500.0,161000.0,358845.0,셀트리온,068270
2022-04-15,158500.0,"하락  5,500",161500.0,162000.0,157500.0,444152.0,셀트리온,068270
2022-04-18,156500.0,"하락  2,000",157000.0,159000.0,155500.0,274233.0,셀트리온,068270
2022-04-19,160500.0,"상승  4,000",156500.0,161000.0,156500.0,270917.0,셀트리온,068270
2022-04-20,159500.0,"하락  1,000",160000.0,160500.0,158000.0,241732.0,셀트리온,068270
2022-04-21,159500.0,보합0,161000.0,162500.0,159500.0,226923.0,셀트리온,068270
2022-04-22,159000.0,하락  500,157500.0,160000.0,157000.0,248035.0,셀트리온,068270
2022-04-25,155500.0,"하락  3,500",156500.0,158000.0,155500.0,287260.0,셀트리온,068270
2022-04-26,168000.0,"상승  12,500",157500.0,170000.0,157500.0,959337.0,셀트리온,068270
2022-04-27,171000.0,"상승  3,000",164500.0,176000.0,163000.0,884149.0,셀트리온,068270
2022-04-28,176000.0,"상승  5,000",171000.0,176000.0,170000.0,463612.0,셀트리온,068270
2022-04-29,176000.0,보합0,175000.0,178000.0,173000.0,353925.0,셀트리온,068270
2022-05-02,173000.0,"하락  3,000",174500.0,176000.0,172000.0,249757.0,셀트리온,068270
2022-05-03,172000.0,"하락  1,000",172500.0,176000.0,172000.0,228276.0,셀트리온,068270
2022-05-04,169000.0,"하락  3,000",172500.0,173500.0,167500.0,260925.0,셀트리온,068270
2022-05-06,169500.0,상승  500,165000.0,170500.0,165000.0,356218.0,셀트리온,068270
2022-05-09,165000.0,"하락  4,500",167500.0,169500.0,163500.0,281671.0,셀트리온,068270
2022-05-10,162000.0,"하락  3,000",163500.0,165000.0,160000.0,415215.0,셀트리온,068270
2022-05-11,162000.0,보합0,160500.0,163500.0,160000.0,238308.0,셀트리온,068270
2022-05-12,154500.0,"하락  7,500",160000.0,160500.0,154000.0,598450.0,셀트리온,068270
2022-05-13,145000.0,"하락  9,500",149000.0,152000.0,142500.0,1396084.0,셀트리온,068270
2022-05-16,141000.0,"하락  4,000",145500.0,147500.0,141000.0,815043.0,셀트리온,068270
2022-05-17,142500.0,"상승  1,500",141000.0,144000.0,141000.0,510812.0,셀트리온,068270
2022-05-18,142500.0,보합0,142500.0,145000.0,142000.0,542708.0,셀트리온,068270
2022-05-19,141000.0,"하락  1,500",139000.0,142500.0,139000.0,540337.0,셀트리온,068270
2022-05-20,145000.0,"상승  4,000",142500.0,146000.0,142500.0,438370.0,셀트리온,068270
2022-05-23,147000.0,"상승  2,000",146000.0,149500.0,144500.0,506230.0,셀트리온,068270
2022-05-24,145000.0,"하락  2,000",145500.0,147000.0,144500.0,244229.0,셀트리온,068270
2022-05-25,153000.0,"상승  8,000",147000.0,156000.0,146500.0,733133.0,셀트리온,068270
2022-05-26,154000.0,"상승  1,000",153500.0,155500.0,151500.0,330103.0,셀트리온,068270
2022-05-27,156000.0,"상승  2,000",155000.0,159000.0,154500.0,396744.0,셀트리온,068270
2022-05-30,157000.0,"상승  1,000",157000.0,159000.0,155000.0,318865.0,셀트리온,068270
2022-05-31,160500.0,"상승  3,500",158000.0,160500.0,156000.0,534484.0,셀트리온,068270
2022-06-02,157500.0,"하락  3,000",160000.0,160000.0,157000.0,305918.0,셀트리온,068270
2022-06-03,161500.0,"상승  4,000",159500.0,163000.0,159500.0,311162.0,셀트리온,068270
2022-06-07,159000.0,"하락  2,500",160500.0,161000.0,157500.0,339774.0,셀트리온,068270
2022-06-08,162000.0,"상승  3,000",159000.0,164000.0,159000.0,339207.0,셀트리온,068270
2022-06-09,165500.0,"상승  3,500",161500.0,165500.0,160500.0,496903.0,셀트리온,068270
2022-06-10,159500.0,"하락  6,000",163500.0,165000.0,159000.0,651614.0,셀트리온,068270
2022-06-13,158500.0,"하락  1,000",155500.0,160000.0,155500.0,404328.0,셀트리온,068270
2022-06-14,156000.0,"하락  2,500",157500.0,159000.0,154500.0,420939.0,셀트리온,068270
2022-06-15,152000.0,"하락  4,000",155000.0,157000.0,151000.0,442589.0,셀트리온,068270
2022-06-16,150000.0,"하락  2,000",154000.0,155500.0,149500.0,376442.0,셀트리온,068270
2022-06-17,153000.0,"상승  3,000",146000.0,154000.0,146000.0,472593.0,셀트리온,068270
2022-06-20,152500.0,하락  500,154000.0,157000.0,150000.0,346855.0,셀트리온,068270
2022-06-21,154000.0,"상승  1,500",154500.0,155000.0,151500.0,231250.0,셀트리온,068270
2022-06-22,156000.0,"상승  2,000",155500.0,161000.0,154000.0,457710.0,셀트리온,068270
2022-06-23,160500.0,"상승  4,500",157000.0,164000.0,156000.0,780050.0,셀트리온,068270
2022-06-24,171500.0,"상승  11,000",161000.0,173000.0,160500.0,987698.0,셀트리온,068270
2022-06-27,175500.0,"상승  4,000",173500.0,179500.0,171500.0,923160.0,셀트리온,068270
2022-06-28,174500.0,"하락  1,000",174500.0,176000.0,168000.0,568410.0,셀트리온,068270
2022-06-29,176000.0,"상승  1,500",174500.0,178000.0,173000.0,410355.0,셀트리온,068270
2022-06-30,178500.0,"상승  2,500",175500.0,184000.0,175500.0,803073.0,셀트리온,068270
2022-07-01,179000.0,상승  500,180500.0,183000.0,174000.0,527545.0,셀트리온,068270
2022-07-04,179500.0,상승  500,179000.0,181500.0,177000.0,422485.0,셀트리온,068270
2022-07-05,183000.0,"상승  3,500",180000.0,183000.0,177500.0,453142.0,셀트리온,068270
2022-07-06,186500.0,"상승  3,500",181500.0,190000.0,181500.0,892324.0,셀트리온,068270
2022-07-07,187500.0,"상승  1,000",188000.0,189000.0,184500.0,369149.0,셀트리온,068270
2022-07-08,182500.0,"하락  5,000",187000.0,187000.0,178500.0,755595.0,셀트리온,068270
2022-07-11,186000.0,"상승  3,500",181500.0,187500.0,181500.0,344098.0,셀트리온,068270
2022-07-12,187500.0,"상승  1,500",187500.0,191500.0,185000.0,423296.0,셀트리온,068270
2022-07-13,190000.0,"상승  2,500",188500.0,193000.0,187500.0,513629.0,셀트리온,068270
2022-07-14,189000.0,"하락  1,000",190000.0,190500.0,186500.0,420165.0,셀트리온,068270
2022-07-15,186500.0,"하락  2,500",189500.0,189500.0,183000.0,389861.0,셀트리온,068270
2022-07-18,183000.0,"하락  3,500",187500.0,187500.0,180000.0,366865.0,셀트리온,068270
2022-07-19,183500.0,상승  500,184000.0,186500.0,182500.0,223541.0,셀트리온,068270
2022-07-20,184000.0,상승  500,185000.0,186500.0,183000.0,242433.0,셀트리온,068270
2022-07-21,182500.0,"하락  1,500",183500.0,184000.0,179000.0,319941.0,셀트리온,068270
2022-07-22,179500.0,"하락  3,000",181500.0,184500.0,179500.0,216340.0,셀트리온,068270
2022-07-25,185000.0,"상승  5,500",180500.0,186500.0,179000.0,291321.0,셀트리온,068270
2022-07-26,186000.0,"상승  1,000",185500.0,189000.0,184000.0,240940.0,셀트리온,068270
2022-07-27,189500.0,"상승  3,500",186000.0,191000.0,186000.0,356411.0,셀트리온,068270
2022-07-28,190000.0,상승  500,191000.0,191500.0,189000.0,349970.0,셀트리온,068270
2022-07-29,190000.0,보합0,192000.0,192500.0,188500.0,282424.0,셀트리온,068270
2022-08-01,187500.0,"하락  2,500",190500.0,190500.0,186000.0,241140.0,셀트리온,068270
2022-08-02,186000.0,"하락  1,500",188000.0,190000.0,185500.0,247691.0,셀트리온,068270
2022-08-03,186000.0,보합0,185000.0,187500.0,185000.0,226749.0,셀트리온,068270
2022-08-04,189000.0,"상승  3,000",187000.0,190500.0,185500.0,336302.0,셀트리온,068270
2022-08-05,197000.0,"상승  8,000",190500.0,198500.0,190000.0,849508.0,셀트리온,068270
2022-08-08,203500.0,"상승  6,500",199500.0,204000.0,197000.0,865643.0,셀트리온,068270
2022-08-09,211500.0,"상승  8,000",205500.0,213500.0,202000.0,1045200.0,셀트리온,068270
2022-08-10,211500.0,보합0,212000.0,214000.0,209000.0,595536.0,셀트리온,068270
2022-08-11,212500.0,"상승  1,000",213500.0,215000.0,209500.0,500920.0,셀트리온,068270
2022-08-12,208000.0,"하락  4,500",212000.0,213500.0,205500.0,432947.0,셀트리온,068270
2022-08-16,211000.0,"상승  3,000",209000.0,212500.0,207500.0,341387.0,셀트리온,068270
2022-08-17,212000.0,"상승  1,000",211000.0,214000.0,210000.0,410718.0,셀트리온,068270
2022-08-18,202500.0,"하락  9,500",211000.0,211000.0,202000.0,497185.0,셀트리온,068270
2022-08-19,201500.0,"하락  1,000",202500.0,205500.0,201000.0,290573.0,셀트리온,068270
2022-08-22,200000.0,"하락  1,500",200000.0,204000.0,199500.0,256896.0,셀트리온,068270
2022-08-23,194000.0,"하락  6,000",196500.0,198000.0,193000.0,396027.0,셀트리온,068270
2022-08-24,193500.0,하락  500,195000.0,197500.0,192000.0,224488.0,셀트리온,068270
2022-08-25,197500.0,"상승  4,000",194000.0,197500.0,192500.0,257983.0,셀트리온,068270
2022-08-26,189500.0,"하락  8,000",198000.0,198500.0,189000.0,462319.0,셀트리온,068270
2022-08-29,185500.0,"하락  4,000",182000.0,187000.0,182000.0,372845.0,셀트리온,068270
2022-08-30,188500.0,"상승  3,000",187000.0,189500.0,184500.0,299702.0,셀트리온,068270
2022-08-31,189500.0,"상승  1,000",185500.0,191000.0,185500.0,300400.0,셀트리온,068270
2022-09-01,186500.0,"하락  3,000",188000.0,188500.0,184000.0,316400.0,셀트리온,068270
2022-09-02,184500.0,"하락  2,000",187500.0,189500.0,183500.0,300549.0,셀트리온,068270
2022-09-05,180500.0,"하락  4,000",183000.0,186000.0,179000.0,378905.0,셀트리온,068270
2022-09-06,181000.0,상승  500,181000.0,183000.0,179000.0,189930.0,셀트리온,068270
2022-09-07,179000.0,"하락  2,000",179500.0,180000.0,175000.0,325775.0,셀트리온,068270
2022-09-08,184000.0,"상승  5,000",181500.0,186500.0,181500.0,509820.0,셀트리온,068270
2022-09-13,186500.0,"상승  2,500",187500.0,188000.0,184000.0,405670.0,셀트리온,068270
2022-09-14,180000.0,"하락  6,500",180000.0,181000.0,176000.0,473642.0,셀트리온,068270
2022-09-15,179000.0,"하락  1,000",180500.0,181000.0,178000.0,331874.0,셀트리온,068270
2022-09-16,174000.0,"하락  5,000",176000.0,176500.0,173000.0,342556.0,셀트리온,068270
2022-09-19,172500.0,"하락  1,500",175000.0,177000.0,172000.0,260697.0,셀트리온,068270
2022-09-20,175500.0,"상승  3,000",175000.0,176000.0,173000.0,263105.0,셀트리온,068270
2022-09-21,169000.0,"하락  6,500",174000.0,175000.0,168000.0,385767.0,셀트리온,068270
2022-09-22,169000.0,보합0,166000.0,170500.0,163000.0,526895.0,셀트리온,068270
2022-09-23,167500.0,"하락  1,500",167500.0,169000.0,164000.0,366220.0,셀트리온,068270
2022-09-26,164500.0,"하락  3,000",163500.0,169500.0,163500.0,390936.0,셀트리온,068270
2022-09-27,165500.0,"상승  1,000",164500.0,167500.0,163000.0,392273.0,셀트리온,068270
2022-09-28,166500.0,"상승  1,000",166500.0,173500.0,164500.0,641744.0,셀트리온,068270
2022-09-29,171000.0,"상승  4,500",171500.0,174500.0,169500.0,538308.0,셀트리온,068270
2022-09-30,175500.0,"상승  4,500",170000.0,179000.0,169500.0,620054.0,셀트리온,068270
2022-10-04,173000.0,"하락  2,500",178500.0,179000.0,172500.0,466513.0,셀트리온,068270
2022-10-05,171500.0,"하락  1,500",175000.0,175500.0,171500.0,310500.0,셀트리온,068270
2022-10-06,170000.0,"하락  1,500",173000.0,174500.0,165000.0,387718.0,셀트리온,068270
2022-10-07,166000.0,"하락  4,000",169500.0,171500.0,165500.0,358540.0,셀트리온,068270
2022-10-11,165000.0,"하락  1,000",162500.0,167500.0,162000.0,362830.0,셀트리온,068270
2022-10-12,164500.0,하락  500,164500.0,166500.0,162000.0,304130.0,셀트리온,068270
2022-10-13,165000.0,상승  500,164500.0,168500.0,164000.0,394813.0,셀트리온,068270
2022-10-14,174000.0,"상승  9,000",167000.0,174500.0,166500.0,397532.0,셀트리온,068270
2022-10-17,169500.0,"하락  4,500",171500.0,173000.0,168500.0,306594.0,셀트리온,068270
2022-10-18,176500.0,"상승  7,000",172000.0,177500.0,170500.0,367881.0,셀트리온,068270
2022-10-19,171500.0,"하락  5,000",177000.0,180500.0,171500.0,397495.0,셀트리온,068270
2022-10-20,171500.0,보합0,171000.0,174500.0,169000.0,353346.0,셀트리온,068270
2022-10-21,174000.0,"상승  2,500",170500.0,176000.0,170500.0,286251.0,셀트리온,068270
2022-10-24,178000.0,"상승  4,000",178500.0,181000.0,175000.0,395607.0,셀트리온,068270
2022-10-25,184500.0,"상승  6,500",178500.0,186500.0,177000.0,650336.0,셀트리온,068270
2022-10-26,185500.0,"상승  1,000",184500.0,187000.0,182500.0,379277.0,셀트리온,068270
2022-10-27,190000.0,"상승  4,500",188000.0,190000.0,186000.0,380062.0,셀트리온,068270
2022-10-28,187500.0,"하락  2,500",190000.0,192000.0,187000.0,313762.0,셀트리온,068270
2022-10-31,192000.0,"상승  4,500",190000.0,194000.0,189500.0,301684.0,셀트리온,068270
2022-11-01,186000.0,"하락  6,000",190500.0,192000.0,185000.0,372191.0,셀트리온,068270
2022-11-02,187500.0,"상승  1,500",186000.0,189000.0,181500.0,426299.0,셀트리온,068270
2022-11-03,185000.0,"하락  2,500",183000.0,187500.0,181000.0,338269.0,셀트리온,068270
2022-11-04,184000.0,"하락  1,000",183500.0,186000.0,183000.0,256117.0,셀트리온,068270
2022-11-07,183000.0,"하락  1,000",185000.0,186500.0,182500.0,269469.0,셀트리온,068270
2022-11-08,187500.0,"상승  4,500",184000.0,188500.0,184000.0,326856.0,셀트리온,068270
2022-11-09,187500.0,보합0,188500.0,189000.0,186000.0,272665.0,셀트리온,068270
2022-11-10,187000.0,하락  500,189500.0,191500.0,186500.0,431821.0,셀트리온,068270
2022-11-11,192000.0,"상승  5,000",191500.0,194000.0,189500.0,475361.0,셀트리온,068270
2022-11-14,185000.0,"하락  7,000",190000.0,192500.0,184000.0,605514.0,셀트리온,068270
2022-11-15,188000.0,"상승  3,000",186500.0,189000.0,185000.0,402168.0,셀트리온,068270
2022-11-16,179500.0,"하락  8,500",188500.0,190000.0,178500.0,746601.0,셀트리온,068270
2022-11-17,179500.0,보합0,179500.0,182500.0,179500.0,398595.0,셀트리온,068270
2022-11-18,178000.0,"하락  1,500",180500.0,181000.0,178000.0,238178.0,셀트리온,068270
2022-11-21,177000.0,"하락  1,000",179000.0,180500.0,175500.0,242157.0,셀트리온,068270
2022-11-22,176500.0,하락  500,176000.0,179000.0,175500.0,265708.0,셀트리온,068270
2022-11-23,175000.0,"하락  1,500",178000.0,178000.0,173000.0,312105.0,셀트리온,068270
2022-11-24,177500.0,"상승  2,500",176000.0,179000.0,176000.0,225826.0,셀트리온,068270
2022-11-25,175000.0,"하락  2,500",178000.0,179000.0,175000.0,174246.0,셀트리온,068270
2022-11-28,173000.0,"하락  2,000",176500.0,176500.0,172000.0,239640.0,셀트리온,068270
2022-11-29,176500.0,"상승  3,500",171500.0,177500.0,171500.0,205647.0,셀트리온,068270
2022-11-30,176000.0,하락  500,176000.0,178000.0,175000.0,308122.0,셀트리온,068270
2022-12-01,178500.0,"상승  2,500",179500.0,180500.0,177000.0,240998.0,셀트리온,068270
2022-12-02,174000.0,"하락  4,500",178500.0,178500.0,174000.0,233775.0,셀트리온,068270
2022-12-05,173500.0,하락  500,174500.0,175500.0,172000.0,201701.0,셀트리온,068270
2022-12-06,172000.0,"하락  1,500",173000.0,175000.0,172000.0,227652.0,셀트리온,068270
2022-12-07,174500.0,"상승  2,500",172500.0,176000.0,170500.0,280187.0,셀트리온,068270
2022-12-08,176500.0,"상승  2,000",175500.0,177000.0,174000.0,477523.0,셀트리온,068270
2022-12-09,180500.0,"상승  4,000",177000.0,180500.0,175000.0,434010.0,셀트리온,068270
2022-12-12,176500.0,"하락  4,000",179000.0,180500.0,176500.0,168135.0,셀트리온,068270
2022-12-13,179000.0,"상승  2,500",178000.0,180000.0,176000.0,179281.0,셀트리온,068270
2022-12-14,182000.0,"상승  3,000",179500.0,184000.0,179500.0,300013.0,셀트리온,068270
2022-12-15,179500.0,"하락  2,500",182000.0,183500.0,179500.0,192420.0,셀트리온,068270
2022-12-16,179000.0,하락  500,176500.0,179000.0,176500.0,259127.0,셀트리온,068270
2022-12-19,179000.0,보합0,179500.0,181500.0,178500.0,243804.0,셀트리온,068270
2022-12-20,177500.0,"하락  1,500",178500.0,178500.0,174500.0,333700.0,셀트리온,068270
2022-12-21,179500.0,"상승  2,000",178500.0,181000.0,178000.0,228446.0,셀트리온,068270
2022-12-22,181000.0,"상승  1,500",180000.0,181500.0,179000.0,228683.0,셀트리온,068270
2022-12-23,173000.0,"하락  8,000",177000.0,179000.0,173000.0,470323.0,셀트리온,068270
2022-12-26,175500.0,"상승  2,500",174000.0,175500.0,172500.0,416662.0,셀트리온,068270
2022-12-27,177000.0,"상승  1,500",176000.0,178000.0,174500.0,653954.0,셀트리온,068270
2022-12-28,165500.0,"하락  5,000",169000.0,170500.0,164500.0,560269.0,셀트리온,068270
2022-12-29,160500.0,"하락  5,000",164500.0,165000.0,159500.0,432740.0,셀트리온,068270
2023-01-02,160000.0,하락  500,161000.0,164000.0,160000.0,290850.0,셀트리온,068270
2023-01-03,159000.0,"하락  1,000",160000.0,162000.0,157500.0,313306.0,셀트리온,068270
2023-01-04,160500.0,"상승  1,500",158500.0,161500.0,156000.0,272316.0,셀트리온,068270
2023-01-05,163000.0,"상승  2,500",161000.0,165000.0,160500.0,290217.0,셀트리온,068270
2023-01-06,163500.0,상승  500,161500.0,165000.0,161500.0,230828.0,셀트리온,068270
2023-01-09,166000.0,"상승  2,500",166000.0,167500.0,164000.0,227362.0,셀트리온,068270
2023-01-10,165000.0,"하락  1,000",166000.0,167000.0,164000.0,239727.0,셀트리온,068270
2023-01-11,166500.0,"상승  1,500",166000.0,167500.0,165500.0,246757.0,셀트리온,068270
2023-01-12,168000.0,"상승  1,500",167500.0,170000.0,167000.0,308564.0,셀트리온,068270
2023-01-13,169000.0,"상승  1,000",169000.0,172000.0,168500.0,278561.0,셀트리온,068270
2023-01-16,168000.0,"하락  1,000",170000.0,170000.0,168000.0,154591.0,셀트리온,068270
2023-01-17,163500.0,"하락  4,500",168000.0,168500.0,163000.0,330668.0,셀트리온,068270
2023-01-18,164000.0,상승  500,163500.0,164500.0,162000.0,211709.0,셀트리온,068270
2023-01-19,164000.0,보합0,162500.0,166000.0,162000.0,195569.0,셀트리온,068270
2023-01-20,162500.0,"하락  1,500",163500.0,164000.0,161500.0,242051.0,셀트리온,068270
2023-01-25,164500.0,"상승  2,000",163000.0,165300.0,163000.0,200722.0,셀트리온,068270
2023-01-26,165300.0,상승  800,164100.0,165300.0,163300.0,304929.0,셀트리온,068270
2023-01-27,166800.0,"상승  1,500",165700.0,167500.0,164600.0,336316.0,셀트리온,068270
2023-01-30,163700.0,"하락  3,100",167000.0,168900.0,163700.0,331470.0,셀트리온,068270
2023-01-31,161600.0,"하락  2,100",163000.0,164000.0,161100.0,403867.0,셀트리온,068270
2023-02-01,169800.0,"상승  8,200",161700.0,170200.0,161200.0,693790.0,셀트리온,068270
2023-02-02,169400.0,하락  400,172000.0,172000.0,167200.0,472038.0,셀트리온,068270
2023-02-03,169100.0,하락  300,168400.0,169800.0,167400.0,264225.0,셀트리온,068270
2023-02-06,166300.0,"하락  2,800",168800.0,169600.0,166300.0,332938.0,셀트리온,068270
2023-02-07,166400.0,상승  100,165900.0,168800.0,165900.0,284848.0,셀트리온,068270
2023-02-08,167000.0,상승  600,167000.0,168400.0,166500.0,238941.0,셀트리온,068270
2023-02-09,165600.0,"하락  1,400",166200.0,166800.0,165000.0,368888.0,셀트리온,068270
2023-02-10,162400.0,"하락  3,200",164500.0,164600.0,161900.0,428930.0,셀트리온,068270
2023-02-13,161100.0,"하락  1,300",162000.0,162200.0,160000.0,386779.0,셀트리온,068270
2023-02-14,161400.0,상승  300,161900.0,162300.0,160400.0,346673.0,셀트리온,068270
2023-02-15,156600.0,"하락  4,800",161200.0,161600.0,156500.0,620564.0,셀트리온,068270
2023-02-16,157300.0,상승  700,157000.0,158600.0,156400.0,466816.0,셀트리온,068270
2023-02-17,154700.0,"하락  2,600",156000.0,156100.0,154300.0,408825.0,셀트리온,068270
2023-02-20,157000.0,"상승  2,300",154400.0,157700.0,153100.0,445422.0,셀트리온,068270
2023-02-21,154800.0,"하락  2,200",157600.0,157700.0,153900.0,415054.0,셀트리온,068270
2023-02-22,149000.0,"하락  5,800",152500.0,152800.0,148500.0,932833.0,셀트리온,068270
2023-02-23,149000.0,보합0,149300.0,150300.0,148500.0,487140.0,셀트리온,068270
2023-02-24,149300.0,상승  300,149000.0,149800.0,147400.0,484252.0,셀트리온,068270
2023-02-27,146000.0,"하락  3,300",147800.0,148300.0,145200.0,481473.0,셀트리온,068270
2023-02-28,145200.0,하락  800,145900.0,147400.0,144700.0,737854.0,셀트리온,068270
2023-03-02,143700.0,"하락  1,500",144900.0,145800.0,142500.0,575951.0,셀트리온,068270
2023-03-03,150600.0,"상승  6,900",144000.0,154600.0,144000.0,1467217.0,셀트리온,068270
2023-03-06,151800.0,"상승  1,200",152900.0,154000.0,149100.0,791350.0,셀트리온,068270
2023-03-07,155400.0,"상승  3,600",151900.0,158700.0,151200.0,1156965.0,셀트리온,068270
2023-03-08,154300.0,"하락  1,100",153800.0,158800.0,152000.0,903712.0,셀트리온,068270
2023-03-09,157200.0,"상승  2,900",155800.0,158200.0,153800.0,765655.0,셀트리온,068270
2023-03-10,154700.0,"하락  2,500",155000.0,156500.0,153200.0,459565.0,셀트리온,068270
2023-03-13,155400.0,상승  700,154200.0,156400.0,151300.0,414435.0,셀트리온,068270
2023-03-14,150900.0,"하락  4,500",153500.0,156200.0,150900.0,462108.0,셀트리온,068270
2023-03-15,151200.0,상승  300,152800.0,153500.0,150000.0,317958.0,셀트리온,068270
2023-03-16,151600.0,상승  400,150000.0,152400.0,147500.0,340066.0,셀트리온,068270
2023-03-17,156500.0,"상승  4,900",152600.0,157100.0,151700.0,619666.0,셀트리온,068270
2023-03-20,157900.0,"상승  1,400",156900.0,160500.0,156900.0,418037.0,셀트리온,068270
2023-03-21,156000.0,"하락  1,900",158100.0,159400.0,155200.0,333364.0,셀트리온,068270
2023-03-22,156100.0,상승  100,156800.0,157200.0,155100.0,289918.0,셀트리온,068270
2023-03-23,154500.0,"하락  1,600",155900.0,156000.0,153500.0,395821.0,셀트리온,068270
2023-03-24,153600.0,하락  900,153500.0,156700.0,153100.0,367232.0,셀트리온,068270
2023-03-27,158600.0,"상승  5,000",153600.0,159400.0,151000.0,679992.0,셀트리온,068270
2023-03-28,151200.0,"하락  7,400",159100.0,159800.0,150400.0,901079.0,셀트리온,068270
2023-03-29,150500.0,하락  700,152200.0,153100.0,149500.0,522536.0,셀트리온,068270
2023-03-30,148600.0,"하락  1,900",150600.0,151200.0,148200.0,571909.0,셀트리온,068270
2023-03-31,149800.0,"상승  1,200",149000.0,150500.0,148600.0,360499.0,셀트리온,068270
2023-04-03,150000.0,상승  200,151400.0,154300.0,149700.0,675050.0,셀트리온,068270
2023-04-04,159000.0,"상승  9,000",150000.0,159100.0,149400.0,1013981.0,셀트리온,068270
2023-04-05,158600.0,하락  400,159300.0,163000.0,157500.0,713779.0,셀트리온,068270
2023-04-06,159500.0,상승  900,160900.0,163000.0,159200.0,727285.0,셀트리온,068270
2023-04-07,159500.0,보합0,160400.0,161000.0,158100.0,364832.0,셀트리온,068270
2023-04-10,163900.0,"상승  4,400",159600.0,164900.0,159300.0,697393.0,셀트리온,068270
2023-04-11,170800.0,"상승  6,900",163900.0,172300.0,162500.0,1123744.0,셀트리온,068270
2023-04-12,178800.0,"상승  8,000",171500.0,179800.0,170000.0,1362887.0,셀트리온,068270
2023-04-13,179800.0,"상승  1,000",180200.0,184100.0,177700.0,1104388.0,셀트리온,068270
2023-04-14,175800.0,"하락  4,000",178900.0,180800.0,175200.0,661136.0,셀트리온,068270
2023-04-17,175500.0,하락  300,177900.0,177900.0,175000.0,464469.0,셀트리온,068270
2023-04-18,171000.0,"하락  4,500",173700.0,175900.0,170600.0,645282.0,셀트리온,068270
2023-04-19,170300.0,하락  700,170800.0,173400.0,169400.0,381718.0,셀트리온,068270
2023-04-20,167900.0,"하락  2,400",171000.0,172900.0,167300.0,442779.0,셀트리온,068270
2023-04-21,168200.0,상승  300,167500.0,170500.0,167200.0,347219.0,셀트리온,068270
2023-04-24,166500.0,"하락  1,700",167500.0,169000.0,165900.0,313818.0,셀트리온,068270
2023-04-25,165400.0,"하락  1,100",167500.0,170000.0,164400.0,413710.0,셀트리온,068270
2023-04-26,165500.0,상승  100,165400.0,166900.0,164000.0,271855.0,셀트리온,068270
2023-04-27,163200.0,"하락  2,300",164500.0,165000.0,161600.0,387901.0,셀트리온,068270
2023-04-28,160600.0,"하락  2,600",163200.0,165600.0,160200.0,468091.0,셀트리온,068270
2023-05-02,160400.0,하락  200,160700.0,161400.0,159100.0,341539.0,셀트리온,068270
2023-05-03,159000.0,"하락  1,400",157100.0,159500.0,153800.0,427626.0,셀트리온,068270
2023-05-04,163000.0,"상승  4,000",158200.0,163600.0,158000.0,431607.0,셀트리온,068270
2023-05-08,162400.0,하락  600,163800.0,166000.0,162300.0,339420.0,셀트리온,068270
2023-05-09,171800.0,"상승  9,400",165900.0,173700.0,165800.0,1127696.0,셀트리온,068270
2023-05-10,169000.0,"하락  2,800",171700.0,171800.0,168500.0,359298.0,셀트리온,068270
2023-05-11,168600.0,하락  400,170000.0,170800.0,167200.0,390534.0,셀트리온,068270
2023-05-12,166600.0,"하락  2,000",167800.0,169800.0,166400.0,301870.0,셀트리온,068270
2023-05-15,168600.0,"상승  2,000",165500.0,170400.0,164500.0,403134.0,셀트리온,068270
2023-05-16,168100.0,하락  500,168000.0,171000.0,167600.0,285565.0,셀트리온,068270
2023-05-17,171800.0,"상승  3,700",167500.0,171900.0,167500.0,326890.0,셀트리온,068270
2023-05-18,172100.0,상승  300,171900.0,174500.0,170600.0,339923.0,셀트리온,068270
2023-05-19,173900.0,"상승  1,800",172100.0,174400.0,170800.0,383940.0,셀트리온,068270
2023-05-22,177900.0,"상승  4,000",174000.0,179400.0,174000.0,511523.0,셀트리온,068270
2023-05-23,179500.0,"상승  1,600",178400.0,180000.0,177500.0,348447.0,셀트리온,068270
2023-05-24,179000.0,하락  500,179100.0,180900.0,177500.0,454223.0,셀트리온,068270
2023-05-25,173100.0,"하락  5,900",178100.0,179000.0,173100.0,570588.0,셀트리온,068270
2023-05-26,173100.0,보합0,173100.0,175200.0,171400.0,287879.0,셀트리온,068270
2023-05-30,172300.0,하락  800,175100.0,175500.0,172300.0,296586.0,셀트리온,068270
2023-05-31,171300.0,"하락  1,000",172100.0,172400.0,169500.0,890549.0,셀트리온,068270
2023-06-01,175400.0,"상승  4,100",171300.0,177400.0,170100.0,472815.0,셀트리온,068270
2023-06-02,173500.0,"하락  1,900",176400.0,176700.0,172400.0,402399.0,셀트리온,068270
2023-06-05,172200.0,"하락  1,300",174500.0,174700.0,171300.0,256488.0,셀트리온,068270
2023-06-07,170400.0,"하락  1,800",172200.0,173200.0,170400.0,400233.0,셀트리온,068270
2023-06-08,168200.0,"하락  2,200",170500.0,171000.0,167200.0,526815.0,셀트리온,068270
2023-06-09,169000.0,상승  800,168800.0,171000.0,167800.0,344092.0,셀트리온,068270
2023-06-12,167000.0,"하락  2,000",169600.0,169700.0,167000.0,299960.0,셀트리온,068270
2023-06-13,165000.0,"하락  2,000",167300.0,168600.0,165000.0,426438.0,셀트리온,068270
2023-06-14,164400.0,하락  600,165300.0,166400.0,163700.0,374811.0,셀트리온,068270
2023-06-15,164100.0,하락  300,164800.0,165400.0,161600.0,524873.0,셀트리온,068270
2023-06-16,165300.0,"상승  1,200",164900.0,168400.0,163900.0,516552.0,셀트리온,068270
2023-06-19,163000.0,"하락  2,300",165400.0,166000.0,163000.0,263210.0,셀트리온,068270
2023-06-20,161100.0,"하락  1,900",162800.0,163900.0,161000.0,322326.0,셀트리온,068270
2023-06-21,159000.0,"하락  2,100",161100.0,162000.0,158600.0,375242.0,셀트리온,068270
2023-06-22,161600.0,"상승  2,600",158500.0,161900.0,158500.0,418004.0,셀트리온,068270
2023-06-23,163900.0,"상승  2,300",162000.0,164700.0,160400.0,588025.0,셀트리온,068270
2023-06-26,165100.0,"상승  1,200",163600.0,166100.0,162700.0,434813.0,셀트리온,068270
2023-06-27,150800.0,"하락  14,300",165100.0,166500.0,149400.0,1826800.0,셀트리온,068270
2023-06-28,151800.0,"상승  1,000",152200.0,154300.0,150300.0,803517.0,셀트리온,068270
2023-06-29,152500.0,상승  700,150600.0,154600.0,149300.0,394752.0,셀트리온,068270
2023-06-30,152900.0,상승  400,152500.0,153900.0,150800.0,324685.0,셀트리온,068270
2023-07-03,151600.0,"하락  1,300",153000.0,153300.0,150400.0,581206.0,셀트리온,068270
2023-07-04,149900.0,"하락  1,700",151600.0,152200.0,149600.0,495324.0,셀트리온,068270
2023-07-05,152600.0,"상승  2,700",150700.0,154400.0,150600.0,561183.0,셀트리온,068270
2023-07-06,152600.0,보합0,153100.0,153300.0,150500.0,495754.0,셀트리온,068270
2023-07-07,148600.0,"하락  4,000",151900.0,153000.0,148600.0,524598.0,셀트리온,068270
2023-07-10,148300.0,하락  300,148400.0,149800.0,147400.0,416070.0,셀트리온,068270
2023-07-11,146600.0,"하락  1,700",148300.0,149200.0,144000.0,824194.0,셀트리온,068270
2023-07-12,152500.0,"상승  5,900",146300.0,153900.0,144600.0,1134844.0,셀트리온,068270
2023-07-13,156000.0,"상승  3,500",154200.0,162200.0,154100.0,1471599.0,셀트리온,068270
2023-07-14,158200.0,"상승  2,200",158200.0,160500.0,156200.0,681669.0,셀트리온,068270
2023-07-17,155900.0,"하락  2,300",157500.0,158000.0,154600.0,377336.0,셀트리온,068270
2023-07-18,150000.0,"하락  5,900",154600.0,155600.0,149100.0,644056.0,셀트리온,068270
2023-07-19,149900.0,하락  100,149300.0,151200.0,149200.0,369514.0,셀트리온,068270
2023-07-20,150100.0,상승  200,149900.0,151100.0,149000.0,356426.0,셀트리온,068270
2023-07-21,151000.0,상승  900,149900.0,153100.0,149900.0,406522.0,셀트리온,068270
2023-07-24,147400.0,"하락  3,600",150400.0,150500.0,146200.0,669720.0,셀트리온,068270
2023-07-25,144500.0,"하락  2,900",146700.0,147900.0,144100.0,621953.0,셀트리온,068270
2023-07-26,142400.0,"하락  2,100",143900.0,144700.0,139500.0,1280593.0,셀트리온,068270
2023-07-27,144100.0,"상승  1,700",141100.0,145300.0,141100.0,636071.0,셀트리온,068270
2023-07-28,143800.0,하락  300,144300.0,145100.0,142300.0,367393.0,셀트리온,068270
2023-07-31,146600.0,"상승  2,800",144100.0,148000.0,143800.0,449053.0,셀트리온,068270
2023-08-01,151000.0,"상승  4,400",147500.0,152100.0,147200.0,695903.0,셀트리온,068270
2023-08-02,148000.0,"하락  3,000",151100.0,152100.0,146400.0,448818.0,셀트리온,068270
2023-08-03,151200.0,"상승  3,200",147100.0,153000.0,146800.0,613417.0,셀트리온,068270
2023-08-04,150700.0,하락  500,151600.0,151900.0,149500.0,261080.0,셀트리온,068270
2023-08-07,149000.0,"하락  1,700",150200.0,152300.0,149000.0,375680.0,셀트리온,068270
2023-08-08,148000.0,"하락  1,000",149800.0,150400.0,147500.0,270912.0,셀트리온,068270
2023-08-09,154900.0,"상승  6,900",147500.0,155000.0,147500.0,687924.0,셀트리온,068270
2023-08-10,156100.0,"상승  1,200",154900.0,156800.0,152400.0,591550.0,셀트리온,068270
2023-08-11,156500.0,상승  400,156100.0,157300.0,154500.0,370992.0,셀트리온,068270
2023-08-14,154000.0,"하락  2,500",157600.0,157600.0,150600.0,508589.0,셀트리온,068270
2023-08-16,145700.0,"하락  8,300",150000.0,150400.0,144400.0,851055.0,셀트리온,068270
2023-08-17,143600.0,"하락  2,100",144800.0,146000.0,143300.0,543730.0,셀트리온,068270
2023-08-18,150400.0,"상승  6,800",153400.0,156900.0,148800.0,2918953.0,셀트리온,068270
2023-08-21,145100.0,"하락  5,300",150000.0,151000.0,145100.0,679159.0,셀트리온,068270
2023-08-22,143400.0,"하락  1,700",145200.0,146400.0,143000.0,536871.0,셀트리온,068270
2023-08-23,141500.0,"하락  1,900",143400.0,143900.0,141500.0,409600.0,셀트리온,068270
2023-08-24,144600.0,"상승  3,100",142100.0,145700.0,140900.0,499358.0,셀트리온,068270
2023-08-25,143500.0,"하락  1,100",145000.0,146000.0,143400.0,240799.0,셀트리온,068270
2023-08-28,144400.0,상승  900,144900.0,145000.0,142700.0,252682.0,셀트리온,068270
2023-08-29,147500.0,"상승  3,100",145300.0,147700.0,145300.0,393275.0,셀트리온,068270
2023-08-30,147500.0,보합0,148500.0,148500.0,146100.0,282865.0,셀트리온,068270
2023-08-31,143900.0,"하락  3,600",147400.0,148000.0,143900.0,506440.0,셀트리온,068270
2023-09-01,143900.0,보합0,143900.0,146100.0,143900.0,276549.0,셀트리온,068270
2023-09-04,145500.0,"상승  1,600",143900.0,145500.0,143700.0,271134.0,셀트리온,068270
2023-09-05,146600.0,"상승  1,100",144600.0,147000.0,144600.0,289260.0,셀트리온,068270
2023-09-06,146900.0,상승  300,146000.0,147100.0,145200.0,370894.0,셀트리온,068270
2023-09-07,146400.0,하락  500,145800.0,147500.0,145300.0,297979.0,셀트리온,068270
2023-09-08,147500.0,"상승  1,100",146400.0,147900.0,146300.0,295123.0,셀트리온,068270
2023-09-11,149300.0,"상승  1,800",147500.0,149700.0,147000.0,333692.0,셀트리온,068270
2023-09-12,146200.0,"하락  3,100",149200.0,149200.0,145500.0,353004.0,셀트리온,068270
2023-09-13,146200.0,보합0,145700.0,147500.0,144600.0,272880.0,셀트리온,068270
2023-09-14,147600.0,"상승  1,400",146700.0,147600.0,145700.0,422052.0,셀트리온,068270
2023-09-15,146500.0,"하락  1,100",147700.0,147700.0,146400.0,347460.0,셀트리온,068270
2023-09-18,146400.0,하락  100,145900.0,148000.0,145800.0,186548.0,셀트리온,068270
2023-09-19,145600.0,하락  800,146100.0,147300.0,145100.0,182107.0,셀트리온,068270
2023-09-20,145300.0,하락  300,145600.0,146000.0,144300.0,199649.0,셀트리온,068270
2023-09-21,142500.0,"하락  2,800",145300.0,145300.0,142500.0,363843.0,셀트리온,068270
2023-09-22,139300.0,"하락  3,200",141200.0,142000.0,139300.0,435892.0,셀트리온,068270
2023-09-25,139300.0,보합0,139300.0,140400.0,138500.0,263708.0,셀트리온,068270
2023-09-26,136600.0,"하락  2,700",139300.0,140000.0,136400.0,335202.0,셀트리온,068270
2023-09-27,139200.0,"상승  2,600",134500.0,139800.0,134500.0,260860.0,셀트리온,068270
2023-10-04,135900.0,"하락  3,300",138700.0,138700.0,135300.0,447358.0,셀트리온,068270
2023-10-05,131800.0,"하락  4,100",136000.0,138000.0,131000.0,497887.0,셀트리온,068270
2023-10-06,137000.0,"상승  5,200",131200.0,138400.0,131100.0,404988.0,셀트리온,068270
2023-10-10,140200.0,"상승  3,200",139800.0,143800.0,139600.0,434998.0,셀트리온,068270
2023-10-11,140900.0,상승  700,141100.0,142600.0,140000.0,224905.0,셀트리온,068270
2023-10-12,144100.0,"상승  3,200",141500.0,144100.0,141200.0,386909.0,셀트리온,068270
2023-10-13,143900.0,하락  200,142400.0,144700.0,141500.0,246252.0,셀트리온,068270
2023-10-16,144500.0,상승  600,143700.0,145300.0,143400.0,317837.0,셀트리온,068270
2023-10-17,145000.0,상승  500,145100.0,147400.0,144800.0,261280.0,셀트리온,068270
2023-10-18,142300.0,"하락  2,700",145300.0,146100.0,142000.0,246276.0,셀트리온,068270
2023-10-19,142300.0,보합0,141500.0,145300.0,141000.0,316339.0,셀트리온,068270
2023-10-20,142200.0,하락  100,141700.0,143100.0,140400.0,364869.0,셀트리온,068270
2023-10-23,140600.0,"하락  1,600",146000.0,147800.0,138500.0,921528.0,셀트리온,068270
2023-10-24,150100.0,"상승  9,500",142000.0,150500.0,141500.0,967992.0,셀트리온,068270
2023-10-25,150100.0,보합0,150500.0,151400.0,148800.0,663987.0,셀트리온,068270
2023-10-26,149700.0,하락  400,148900.0,150800.0,147400.0,534838.0,셀트리온,068270
2023-10-27,149500.0,하락  200,150400.0,150500.0,148100.0,417382.0,셀트리온,068270
2023-10-30,149300.0,하락  200,149200.0,150300.0,149100.0,411392.0,셀트리온,068270
2023-10-31,149500.0,상승  200,150000.0,150500.0,148500.0,423138.0,셀트리온,068270
2023-11-01,149400.0,하락  100,149700.0,150000.0,149100.0,468825.0,셀트리온,068270
2023-11-02,149800.0,상승  400,149800.0,150000.0,149000.0,542480.0,셀트리온,068270
2023-11-03,149900.0,상승  100,149700.0,150100.0,149100.0,454326.0,셀트리온,068270
2023-11-06,157900.0,"상승  8,000",152200.0,157900.0,151500.0,1197662.0,셀트리온,068270
2023-11-07,155600.0,"하락  2,300",160300.0,161500.0,154000.0,1245249.0,셀트리온,068270
2023-11-08,157500.0,"상승  1,900",156700.0,158700.0,155800.0,592520.0,셀트리온,068270
2023-11-09,158000.0,상승  500,157800.0,159500.0,156000.0,701722.0,셀트리온,068270
2023-11-10,157200.0,하락  800,157000.0,159100.0,156600.0,546992.0,셀트리온,068270
2023-11-13,156800.0,하락  400,157700.0,158400.0,155800.0,620970.0,셀트리온,068270
2023-11-14,159100.0,"상승  2,300",157900.0,159500.0,157300.0,350954.0,셀트리온,068270
2023-11-15,165000.0,"상승  5,900",161200.0,165000.0,160300.0,637929.0,셀트리온,068270
2023-11-16,168200.0,"상승  3,200",166000.0,168200.0,165100.0,516886.0,셀트리온,068270
2023-11-17,168400.0,상승  200,168800.0,169300.0,167100.0,402600.0,셀트리온,068270
2023-11-20,169900.0,"상승  1,500",167900.0,170500.0,167500.0,368107.0,셀트리온,068270
2023-11-21,172200.0,"상승  2,300",169900.0,172200.0,169500.0,354688.0,셀트리온,068270
2023-11-22,172300.0,상승  100,171900.0,172800.0,170000.0,374864.0,셀트리온,068270
2023-11-23,172900.0,상승  600,171500.0,173000.0,171100.0,311317.0,셀트리온,068270
2023-11-24,168000.0,"하락  4,900",173100.0,173200.0,167000.0,514846.0,셀트리온,068270
2023-11-27,162800.0,"하락  5,200",166700.0,167800.0,161600.0,457392.0,셀트리온,068270
2023-11-28,165000.0,"상승  2,200",162800.0,165500.0,162800.0,301166.0,셀트리온,068270
2023-11-29,161700.0,"하락  3,300",164000.0,164900.0,161600.0,296616.0,셀트리온,068270
2023-11-30,162900.0,"상승  1,200",161000.0,163000.0,160600.0,370771.0,셀트리온,068270
2023-12-01,163100.0,상승  200,164000.0,164300.0,161900.0,239925.0,셀트리온,068270
2023-12-04,162600.0,하락  500,163900.0,164800.0,161600.0,228258.0,셀트리온,068270
2023-12-05,162600.0,보합0,161700.0,163500.0,161700.0,251068.0,셀트리온,068270
2023-12-06,160100.0,"하락  2,500",163000.0,163300.0,160100.0,277472.0,셀트리온,068270
2023-12-07,157600.0,"하락  2,500",159700.0,159800.0,157500.0,334778.0,셀트리온,068270
2023-12-08,167700.0,"상승  10,100",158700.0,167900.0,158500.0,715247.0,셀트리온,068270
2023-12-11,177700.0,"상승  10,000",169400.0,177900.0,168700.0,1198607.0,셀트리온,068270
2023-12-12,183400.0,"상승  5,700",178600.0,184900.0,177300.0,1329166.0,셀트리온,068270
2023-12-13,179700.0,"하락  3,700",181600.0,183600.0,176200.0,869873.0,셀트리온,068270
2023-12-14,183500.0,"상승  3,800",182700.0,184300.0,177700.0,2449173.0,셀트리온,068270
2023-12-15,170100.0,"하락  13,400",183800.0,184000.0,170100.0,1592029.0,셀트리온,068270
2023-12-18,177200.0,"상승  7,100",176000.0,178800.0,174100.0,659264.0,셀트리온,068270
2023-12-19,180700.0,"상승  3,500",177000.0,181400.0,177000.0,426670.0,셀트리온,068270
2023-12-20,186300.0,"상승  5,600",183200.0,189300.0,181100.0,864375.0,셀트리온,068270
2023-12-21,187700.0,"상승  1,400",185100.0,189400.0,184800.0,565199.0,셀트리온,068270
2023-12-22,185500.0,"하락  2,200",189300.0,191300.0,184800.0,694441.0,셀트리온,068270
2023-12-26,188800.0,"상승  3,300",187300.0,189800.0,187300.0,610597.0,셀트리온,068270
2023-12-27,189800.0,"상승  1,000",188800.0,190500.0,186200.0,504547.0,셀트리온,068270
2023-12-28,201500.0,"상승  11,700",190100.0,202500.0,189200.0,1168768.0,셀트리온,068270
2024-01-02,231500.0,"상승  30,000",203500.0,241000.0,203500.0,5985174.0,셀트리온,068270
2024-01-03,231500.0,보합0,228500.0,233000.0,224000.0,1896462.0,셀트리온,068270
2024-01-04,218000.0,"하락  13,500",228500.0,229000.0,214500.0,1593074.0,셀트리온,068270
2024-01-05,214500.0,"하락  3,500",215000.0,220500.0,213000.0,970137.0,셀트리온,068270
2024-01-08,206000.0,"하락  8,500",213000.0,216000.0,204500.0,901789.0,셀트리온,068270
2024-01-09,206000.0,보합0,211000.0,214000.0,204000.0,617985.0,셀트리온,068270
2024-01-10,206000.0,보합0,206000.0,210000.0,205000.0,409471.0,셀트리온,068270
2024-01-11,205000.0,"하락  1,000",207000.0,209000.0,197700.0,1325154.0,셀트리온,068270
2024-01-12,196900.0,"하락  8,100",198200.0,205500.0,194600.0,1729666.0,셀트리온,068270
2024-01-15,188100.0,"하락  8,800",196500.0,199000.0,186300.0,1423409.0,셀트리온,068270
2024-01-16,187500.0,하락  600,192400.0,194300.0,186000.0,1163432.0,셀트리온,068270
2024-01-17,178000.0,"하락  9,500",186600.0,186700.0,177100.0,1280203.0,셀트리온,068270
2024-01-18,174700.0,"하락  3,300",178000.0,179500.0,173700.0,807755.0,셀트리온,068270
2024-01-19,176000.0,"상승  1,300",175900.0,180900.0,174900.0,801175.0,셀트리온,068270
2024-01-22,183600.0,"상승  7,600",178000.0,186300.0,177800.0,1060728.0,셀트리온,068270
2024-01-23,181600.0,"하락  2,000",186100.0,188500.0,180800.0,651716.0,셀트리온,068270
2024-01-24,180700.0,하락  900,182900.0,183100.0,180500.0,296318.0,셀트리온,068270
2024-01-25,182000.0,"상승  1,300",180400.0,183900.0,179000.0,468508.0,셀트리온,068270
2024-01-26,182200.0,상승  200,180800.0,184200.0,179200.0,385387.0,셀트리온,068270
2024-01-29,181700.0,하락  500,184000.0,187500.0,181700.0,752905.0,셀트리온,068270
2024-01-30,179600.0,"하락  2,100",184100.0,185100.0,179600.0,439604.0,셀트리온,068270
2024-01-31,179700.0,상승  100,179600.0,181100.0,176100.0,456299.0,셀트리온,068270
2024-02-01,178700.0,"하락  1,000",177700.0,179800.0,173700.0,626055.0,셀트리온,068270
2024-02-02,184000.0,"상승  5,300",178700.0,184000.0,178700.0,543741.0,셀트리온,068270
2024-02-05,180900.0,"하락  3,100",184000.0,184400.0,179500.0,512448.0,셀트리온,068270
2024-02-06,183000.0,"상승  2,100",181200.0,186200.0,181200.0,573943.0,셀트리온,068270
2024-02-07,179000.0,"하락  4,000",184100.0,185500.0,178700.0,749892.0,셀트리온,068270
2024-02-08,179600.0,상승  600,179600.0,182400.0,179200.0,643612.0,셀트리온,068270
2024-02-13,187500.0,"상승  7,900",181600.0,188300.0,181400.0,933154.0,셀트리온,068270
2024-02-14,184200.0,"하락  3,300",184800.0,186000.0,182700.0,483049.0,셀트리온,068270
2024-02-15,182600.0,"하락  1,600",186100.0,186100.0,182600.0,358883.0,셀트리온,068270
2024-02-16,182200.0,하락  400,184400.0,184500.0,182000.0,295225.0,셀트리온,068270
2024-02-19,182400.0,상승  200,182200.0,183800.0,181600.0,294585.0,셀트리온,068270
2024-02-20,179900.0,"하락  2,500",182500.0,183000.0,179700.0,440423.0,셀트리온,068270
2024-02-21,177000.0,"하락  2,900",179900.0,180000.0,176900.0,550261.0,셀트리온,068270
2024-02-22,176500.0,하락  500,177600.0,179600.0,175400.0,514715.0,셀트리온,068270
2024-02-23,180000.0,"상승  3,500",177200.0,184400.0,176800.0,824438.0,셀트리온,068270
2024-02-26,181500.0,"상승  1,500",182000.0,183200.0,180800.0,484919.0,셀트리온,068270
2024-02-27,190100.0,"상승  8,600",182000.0,191400.0,181300.0,1624711.0,셀트리온,068270
2024-02-28,190000.0,하락  100,190200.0,193400.0,186500.0,816144.0,셀트리온,068270
2024-02-29,179700.0,"하락  10,300",189600.0,191300.0,179700.0,1353256.0,셀트리온,068270
2024-03-04,176100.0,"하락  3,600",180400.0,181300.0,175100.0,916608.0,셀트리온,068270
2024-03-05,175800.0,하락  300,175000.0,180000.0,172300.0,988461.0,셀트리온,068270
2024-03-06,180600.0,"상승  4,800",176000.0,180900.0,174500.0,659660.0,셀트리온,068270
2024-03-07,177100.0,"하락  3,500",181400.0,183100.0,176700.0,539907.0,셀트리온,068270
2024-03-08,180300.0,"상승  3,200",179800.0,181300.0,177900.0,519400.0,셀트리온,068270
2024-03-11,179500.0,하락  800,181200.0,182600.0,179300.0,380708.0,셀트리온,068270
2024-03-12,181700.0,"상승  2,200",180300.0,182000.0,176000.0,422573.0,셀트리온,068270
2024-03-13,178800.0,"하락  2,900",181800.0,182000.0,177700.0,457993.0,셀트리온,068270
2024-03-14,179400.0,상승  600,178700.0,180500.0,178600.0,1833620.0,셀트리온,068270
2024-03-15,180800.0,"상승  1,400",180200.0,182300.0,178800.0,1046380.0,셀트리온,068270
2024-03-18,182500.0,"상승  1,700",180900.0,184400.0,180300.0,534945.0,셀트리온,068270
2024-03-19,184400.0,"상승  1,900",181000.0,184800.0,180500.0,614411.0,셀트리온,068270
2024-03-20,183100.0,"하락  1,300",185300.0,185500.0,183000.0,374043.0,셀트리온,068270
2024-03-21,185800.0,"상승  2,700",185000.0,185800.0,183200.0,595624.0,셀트리온,068270
2024-03-22,188200.0,"상승  2,400",185600.0,188900.0,185500.0,571289.0,셀트리온,068270
2024-03-25,188900.0,상승  700,190200.0,192400.0,188900.0,646054.0,셀트리온,068270
2024-03-26,186400.0,"하락  2,500",188800.0,191500.0,185500.0,690399.0,셀트리온,068270
2024-03-27,184200.0,"하락  2,200",184500.0,186000.0,180300.0,644326.0,셀트리온,068270
2024-03-28,183800.0,하락  400,182500.0,186300.0,182000.0,896928.0,셀트리온,068270
2024-03-29,191200.0,"상승  7,400",184000.0,192800.0,184000.0,1432508.0,셀트리온,068270
2024-04-01,188100.0,"하락  3,100",193500.0,194100.0,187000.0,674352.0,셀트리온,068270
2024-04-02,183800.0,"하락  4,300",186800.0,187700.0,183800.0,515062.0,셀트리온,068270
2024-04-03,180500.0,"하락  3,300",181600.0,182300.0,179600.0,477642.0,셀트리온,068270
2024-04-04,179600.0,하락  900,182400.0,182700.0,179600.0,319262.0,셀트리온,068270
2024-04-05,177500.0,"하락  2,100",178000.0,179300.0,177300.0,335027.0,셀트리온,068270
2024-04-08,188500.0,"상승  11,000",177000.0,190900.0,176100.0,1052158.0,셀트리온,068270
2024-04-09,181300.0,"하락  7,200",190000.0,190700.0,181300.0,777489.0,셀트리온,068270
2024-04-11,179500.0,"하락  1,800",177700.0,180700.0,177500.0,525614.0,셀트리온,068270
2024-04-12,182200.0,"상승  2,700",179400.0,183300.0,178100.0,478462.0,셀트리온,068270
2024-04-15,178600.0,"하락  3,600",180000.0,180800.0,178500.0,362320.0,셀트리온,068270
2024-04-16,172000.0,"하락  6,600",177300.0,178300.0,171800.0,635729.0,셀트리온,068270
2024-04-17,171000.0,"하락  1,000",173200.0,177000.0,169700.0,686492.0,셀트리온,068270
2024-04-18,177100.0,"상승  6,100",172900.0,177800.0,172800.0,474859.0,셀트리온,068270
2024-04-19,172900.0,"하락  4,200",175000.0,175400.0,171000.0,504100.0,셀트리온,068270
2024-04-22,178700.0,"상승  5,800",175700.0,178700.0,174700.0,430487.0,셀트리온,068270
2024-04-23,179700.0,"상승  1,000",178800.0,179700.0,177600.0,300796.0,셀트리온,068270
2024-04-24,179500.0,하락  200,180200.0,180900.0,179100.0,279156.0,셀트리온,068270
2024-04-25,177400.0,"하락  2,100",177700.0,179000.0,176100.0,307643.0,셀트리온,068270
2024-04-26,176600.0,하락  800,177500.0,178800.0,176300.0,221176.0,셀트리온,068270
2024-04-29,183700.0,"상승  7,100",178500.0,183800.0,178500.0,642499.0,셀트리온,068270
2024-04-30,189000.0,"상승  5,300",183700.0,191200.0,183000.0,1227117.0,셀트리온,068270
2024-05-02,187500.0,"하락  1,500",187900.0,190700.0,187000.0,525670.0,셀트리온,068270
2024-05-03,189000.0,"상승  1,500",188900.0,189600.0,187200.0,294979.0,셀트리온,068270
2024-05-07,194400.0,"상승  5,400",191000.0,197000.0,191000.0,1067170.0,셀트리온,068270
2024-05-08,194600.0,상승  200,195400.0,196300.0,193500.0,464008.0,셀트리온,068270
2024-05-09,189700.0,"하락  4,900",194800.0,196000.0,189700.0,803653.0,셀트리온,068270
2024-05-10,192900.0,"상승  3,200",193300.0,196900.0,192000.0,715282.0,셀트리온,068270
2024-05-13,190800.0,"하락  2,100",193000.0,193300.0,188300.0,443306.0,셀트리온,068270
2024-05-14,190900.0,상승  100,189400.0,191700.0,188800.0,277583.0,셀트리온,068270
2024-05-16,193000.0,"상승  2,100",193800.0,195400.0,192300.0,466199.0,셀트리온,068270
2024-05-17,191500.0,"하락  1,500",190200.0,192400.0,188500.0,1000223.0,셀트리온,068270
2024-05-20,187000.0,"하락  4,500",193300.0,193500.0,184700.0,529601.0,셀트리온,068270
2024-05-21,186200.0,하락  800,185500.0,187800.0,185000.0,239148.0,셀트리온,068270
2024-05-22,184800.0,"하락  1,400",186500.0,188000.0,184200.0,310558.0,셀트리온,068270
2024-05-23,183500.0,"하락  1,300",183800.0,185500.0,183500.0,289295.0,셀트리온,068270
2024-05-24,179900.0,"하락  3,600",182600.0,183800.0,179600.0,487217.0,셀트리온,068270
2024-05-27,179600.0,하락  300,180600.0,181200.0,178500.0,401269.0,셀트리온,068270
2024-05-28,180900.0,"상승  1,300",179600.0,182400.0,178500.0,411965.0,셀트리온,068270
2024-05-29,178900.0,"하락  2,000",179200.0,179900.0,177100.0,493642.0,셀트리온,068270
2024-05-30,177300.0,"하락  1,600",177500.0,181400.0,177200.0,357482.0,셀트리온,068270
2024-05-31,176200.0,"하락  1,100",179700.0,182000.0,176100.0,882885.0,셀트리온,068270
2024-06-03,179000.0,"상승  2,800",177200.0,180700.0,176800.0,309816.0,셀트리온,068270
2024-06-04,188100.0,"상승  9,100",177900.0,189900.0,177900.0,1291227.0,셀트리온,068270
2024-06-05,190300.0,"상승  2,200",189400.0,193600.0,188200.0,890135.0,셀트리온,068270
2024-06-07,191100.0,상승  800,191800.0,192600.0,188500.0,494141.0,셀트리온,068270
2024-06-10,189500.0,"하락  1,600",188500.0,192700.0,186600.0,541848.0,셀트리온,068270
2024-06-11,192600.0,"상승  3,100",190000.0,195000.0,188700.0,784211.0,셀트리온,068270
2024-06-12,187600.0,"하락  5,000",194900.0,195000.0,187300.0,919072.0,셀트리온,068270
2024-06-13,182600.0,"하락  5,000",189600.0,191600.0,182600.0,1454028.0,셀트리온,068270
2024-06-14,183400.0,상승  800,182700.0,186400.0,179700.0,1006471.0,셀트리온,068270
2024-06-17,179800.0,"하락  3,600",183400.0,183900.0,179700.0,604921.0,셀트리온,068270
2024-06-18,179100.0,하락  700,179800.0,181200.0,178200.0,456842.0,셀트리온,068270
2024-06-19,183400.0,"상승  4,300",180900.0,183500.0,180000.0,467752.0,셀트리온,068270
2024-06-20,180100.0,"하락  3,300",183200.0,183200.0,180100.0,369192.0,셀트리온,068270
2024-06-21,177100.0,"하락  3,000",179700.0,181400.0,177100.0,1533095.0,셀트리온,068270
2024-06-24,179000.0,"상승  1,900",177900.0,180200.0,177700.0,375338.0,셀트리온,068270
2024-06-25,178400.0,하락  600,180700.0,181000.0,177700.0,363448.0,셀트리온,068270
2024-06-26,176800.0,"하락  1,600",177700.0,178300.0,176600.0,410497.0,셀트리온,068270
2024-06-27,173800.0,"하락  3,000",175400.0,176000.0,173800.0,497678.0,셀트리온,068270
2024-06-28,174300.0,상승  500,174100.0,175400.0,173500.0,331353.0,셀트리온,068270
2024-07-01,184100.0,"상승  9,800",175200.0,184100.0,175200.0,1050615.0,셀트리온,068270
2024-07-02,184500.0,상승  400,184100.0,185700.0,180800.0,738377.0,셀트리온,068270
2024-07-03,181800.0,"하락  2,700",185000.0,185400.0,180400.0,459161.0,셀트리온,068270
2024-07-04,182900.0,"상승  1,100",182800.0,184400.0,180900.0,393223.0,셀트리온,068270
2024-07-05,185800.0,"상승  2,900",183500.0,187500.0,181800.0,723763.0,셀트리온,068270
2024-07-08,183400.0,"하락  2,400",185600.0,186800.0,183000.0,410697.0,셀트리온,068270
2024-07-09,187200.0,"상승  3,800",183500.0,187900.0,183500.0,597590.0,셀트리온,068270
2024-07-10,184700.0,"하락  2,500",187000.0,187200.0,183900.0,481130.0,셀트리온,068270
2024-07-11,185800.0,"상승  1,100",186100.0,186100.0,183100.0,517980.0,셀트리온,068270
2024-07-12,188800.0,"상승  3,000",185600.0,191400.0,185500.0,846514.0,셀트리온,068270
2024-07-15,188700.0,하락  100,191000.0,192000.0,188500.0,535440.0,셀트리온,068270
2024-07-16,188700.0,보합0,190000.0,190100.0,184600.0,532360.0,셀트리온,068270
2024-07-17,192500.0,"상승  3,800",189000.0,193300.0,187300.0,1012724.0,셀트리온,068270
2024-07-18,187900.0,"하락  4,600",192000.0,192200.0,187700.0,642223.0,셀트리온,068270
2024-07-19,187900.0,보합0,186000.0,189100.0,185500.0,400415.0,셀트리온,068270
2024-07-22,193200.0,"상승  5,300",188000.0,194400.0,187700.0,1418434.0,셀트리온,068270
2024-07-23,189200.0,"하락  4,000",192500.0,194400.0,189200.0,688691.0,셀트리온,068270
2024-07-24,193400.0,"상승  4,200",188300.0,195000.0,186500.0,935691.0,셀트리온,068270
2024-07-25,199200.0,"상승  5,800",194000.0,205000.0,192100.0,2161673.0,셀트리온,068270
2024-07-26,200000.0,상승  800,201500.0,204500.0,198100.0,1041632.0,셀트리온,068270
2024-07-29,209000.0,"상승  9,000",203000.0,210000.0,202000.0,1307248.0,셀트리온,068270
2024-07-30,209000.0,보합0,207000.0,211000.0,203500.0,1043589.0,셀트리온,068270
2024-07-31,204500.0,"하락  4,500",209500.0,210500.0,200500.0,1022603.0,셀트리온,068270
2024-08-01,200000.0,"하락  4,500",201000.0,207000.0,199800.0,901474.0,셀트리온,068270
2024-08-02,193600.0,"하락  6,400",197500.0,199300.0,192300.0,1034567.0,셀트리온,068270
2024-08-05,182500.0,"하락  11,100",188300.0,195300.0,173000.0,1984775.0,셀트리온,068270
2024-08-06,182000.0,하락  500,187600.0,191000.0,181600.0,1689013.0,셀트리온,068270
2024-08-07,197000.0,"상승  15,000",180400.0,205000.0,180300.0,3628907.0,셀트리온,068270
2024-08-08,195700.0,"하락  1,300",197200.0,199400.0,192500.0,1366838.0,셀트리온,068270
2024-08-09,196000.0,상승  300,198000.0,201500.0,194600.0,1113699.0,셀트리온,068270
2024-08-12,200000.0,"상승  4,000",199600.0,204000.0,198600.0,955783.0,셀트리온,068270
2024-08-13,192700.0,"하락  7,300",199000.0,200000.0,191500.0,985594.0,셀트리온,068270
2024-08-14,194600.0,"상승  1,900",194200.0,195300.0,190800.0,677058.0,셀트리온,068270
2024-08-16,197200.0,"상승  2,600",195400.0,201000.0,195000.0,942857.0,셀트리온,068270
2024-08-19,197600.0,상승  400,197500.0,199300.0,195500.0,560126.0,셀트리온,068270
2024-08-20,196200.0,"하락  1,400",198900.0,199600.0,195800.0,490387.0,셀트리온,068270
2024-08-21,199800.0,"상승  3,600",198000.0,200000.0,196700.0,815713.0,셀트리온,068270
2024-08-22,202500.0,"상승  2,700",200000.0,204500.0,198000.0,796806.0,셀트리온,068270
2024-08-23,202500.0,보합0,202000.0,204500.0,201000.0,586285.0,셀트리온,068270
2024-08-26,205000.0,"상승  2,500",204500.0,207500.0,202500.0,617996.0,셀트리온,068270
2024-08-27,200500.0,"하락  4,500",205000.0,209000.0,200000.0,699226.0,셀트리온,068270
2024-08-28,201500.0,"상승  1,000",201500.0,204000.0,197800.0,673894.0,셀트리온,068270
2024-08-29,199000.0,"하락  2,500",201000.0,204500.0,198900.0,519928.0,셀트리온,068270
2024-08-30,203000.0,"상승  4,000",200000.0,204500.0,199900.0,758057.0,셀트리온,068270
2024-09-02,197100.0,"하락  5,900",203000.0,203500.0,195500.0,786689.0,셀트리온,068270
2024-09-03,197000.0,하락  100,196900.0,200500.0,196800.0,388129.0,셀트리온,068270
2024-09-04,190200.0,"하락  6,800",190500.0,194200.0,190100.0,769853.0,셀트리온,068270
2024-09-05,188000.0,"하락  2,200",192100.0,193200.0,185200.0,639813.0,셀트리온,068270
2024-09-06,191200.0,"상승  3,200",188100.0,192500.0,185500.0,661187.0,셀트리온,068270
2024-09-09,192100.0,상승  900,186800.0,193400.0,186700.0,399370.0,셀트리온,068270
2024-09-10,195800.0,"상승  3,700",194200.0,196400.0,192400.0,549128.0,셀트리온,068270
2024-09-11,190700.0,"하락  5,100",196900.0,196900.0,188700.0,585601.0,셀트리온,068270
2024-09-12,195600.0,"상승  4,900",191100.0,196000.0,190700.0,660266.0,셀트리온,068270
2024-09-13,195200.0,하락  400,195600.0,196100.0,193800.0,292098.0,셀트리온,068270
2024-09-19,201500.0,"상승  6,300",198100.0,202500.0,198100.0,755083.0,셀트리온,068270
2024-09-20,201500.0,보합0,202000.0,203500.0,199900.0,742241.0,셀트리온,068270
2024-09-23,205000.0,"상승  3,500",203000.0,211000.0,203000.0,832532.0,셀트리온,068270
2024-09-24,205500.0,상승  500,205500.0,205500.0,200000.0,481381.0,셀트리온,068270
2024-09-25,200000.0,"하락  5,500",207500.0,209500.0,199700.0,634400.0,셀트리온,068270
2024-09-26,202000.0,"상승  2,000",199900.0,202000.0,198000.0,550118.0,셀트리온,068270
2024-09-27,194800.0,"하락  7,200",201000.0,201500.0,194800.0,934345.0,셀트리온,068270
2024-09-30,195400.0,상승  600,195600.0,197400.0,192700.0,532256.0,셀트리온,068270
2024-10-02,191000.0,"하락  4,400",192200.0,195400.0,191000.0,468841.0,셀트리온,068270
2024-10-04,192700.0,"상승  1,700",191500.0,195800.0,190700.0,474949.0,셀트리온,068270
2024-10-07,193500.0,상승  800,194100.0,195300.0,191000.0,364205.0,셀트리온,068270
2024-10-08,191200.0,"하락  2,300",192300.0,193400.0,191200.0,487908.0,셀트리온,068270
2024-10-10,194300.0,"상승  3,100",192500.0,196500.0,192400.0,704540.0,셀트리온,068270
2024-10-11,197300.0,"상승  3,000",195100.0,198300.0,194200.0,483589.0,셀트리온,068270
2024-10-14,195800.0,"하락  1,500",199100.0,199400.0,195400.0,436417.0,셀트리온,068270
2024-10-15,200500.0,"상승  4,700",195800.0,202000.0,194800.0,664143.0,셀트리온,068270
2024-10-16,195800.0,"하락  4,700",199300.0,201000.0,195700.0,623823.0,셀트리온,068270
2024-10-17,188900.0,"하락  6,900",195800.0,196500.0,188000.0,1168357.0,셀트리온,068270
2024-10-18,188400.0,하락  500,189000.0,191000.0,187700.0,590055.0,셀트리온,068270
2024-10-21,191700.0,"상승  3,300",189300.0,192700.0,189300.0,442581.0,셀트리온,068270
2024-10-22,187500.0,"하락  4,200",191300.0,192500.0,187300.0,557645.0,셀트리온,068270
2024-10-23,185700.0,"하락  1,800",187900.0,189600.0,184600.0,563474.0,셀트리온,068270
2024-10-24,185900.0,상승  200,185700.0,186900.0,184200.0,331110.0,셀트리온,068270
2024-10-25,186400.0,상승  500,186000.0,188700.0,182500.0,587425.0,셀트리온,068270
2024-10-28,187700.0,"상승  1,300",186700.0,189000.0,186100.0,346289.0,셀트리온,068270
2024-10-29,189100.0,"상승  1,400",188200.0,190000.0,187000.0,355047.0,셀트리온,068270
2024-10-30,187700.0,"하락  1,400",188500.0,189000.0,187200.0,305274.0,셀트리온,068270
2024-10-31,182500.0,"하락  5,200",187000.0,187500.0,182500.0,528579.0,셀트리온,068270
2024-11-01,181100.0,"하락  1,400",181000.0,183400.0,180200.0,333829.0,셀트리온,068270
2024-11-04,187400.0,"상승  6,300",181100.0,187400.0,180300.0,435132.0,셀트리온,068270
2024-11-05,184400.0,"하락  3,000",185600.0,187700.0,183400.0,271101.0,셀트리온,068270
2024-11-06,184800.0,상승  400,184700.0,185400.0,180200.0,476614.0,셀트리온,068270
2024-11-07,180200.0,"하락  4,600",183300.0,184700.0,177200.0,602219.0,셀트리온,068270
2024-11-08,181500.0,"상승  1,300",182200.0,184700.0,180700.0,431141.0,셀트리온,068270
2024-11-11,174100.0,"하락  7,400",180100.0,181000.0,171000.0,1004755.0,셀트리온,068270
2024-11-12,165900.0,"하락  8,200",172600.0,174100.0,165700.0,1113802.0,셀트리온,068270
2024-11-13,165200.0,하락  700,165000.0,168200.0,164000.0,653816.0,셀트리온,068270
2024-11-14,166400.0,"상승  1,200",165600.0,169200.0,165600.0,597981.0,셀트리온,068270
2024-11-15,165400.0,"하락  1,000",167500.0,168200.0,160300.0,603738.0,셀트리온,068270
2024-11-18,172600.0,"상승  7,200",165100.0,173000.0,163500.0,592831.0,셀트리온,068270
2024-11-19,172600.0,보합0,172000.0,174300.0,171800.0,392951.0,셀트리온,068270
2024-11-20,171400.0,"하락  1,200",171900.0,173100.0,169600.0,339383.0,셀트리온,068270
2024-11-21,173700.0,"상승  2,300",173000.0,177100.0,172800.0,616838.0,셀트리온,068270
2024-11-22,173500.0,하락  200,174500.0,176500.0,173000.0,347834.0,셀트리온,068270
2024-11-25,176800.0,"상승  3,300",174000.0,178800.0,172700.0,655563.0,셀트리온,068270
2024-11-26,175600.0,"하락  1,200",176800.0,178400.0,175000.0,295018.0,셀트리온,068270
2024-11-27,177800.0,"상승  2,200",175100.0,178800.0,175100.0,372429.0,셀트리온,068270
2024-11-28,186400.0,"상승  8,600",177700.0,187100.0,177200.0,886296.0,셀트리온,068270
2024-11-29,187000.0,상승  600,187100.0,188300.0,185300.0,690585.0,셀트리온,068270
2024-12-02,184600.0,"하락  2,400",189300.0,189500.0,183800.0,495122.0,셀트리온,068270
2024-12-03,186900.0,"상승  2,300",184800.0,188500.0,184000.0,404198.0,셀트리온,068270
2024-12-04,183000.0,"하락  3,900",182000.0,186000.0,181800.0,729663.0,셀트리온,068270
2024-12-05,181000.0,"하락  2,000",183900.0,186500.0,180400.0,425281.0,셀트리온,068270
2024-12-06,180100.0,하락  900,181000.0,182400.0,176900.0,600962.0,셀트리온,068270
2024-12-09,175100.0,"하락  5,000",175000.0,179400.0,174700.0,706853.0,셀트리온,068270
2024-12-10,182100.0,"상승  7,000",176800.0,182100.0,176800.0,439156.0,셀트리온,068270
2024-12-11,184200.0,"상승  2,100",182100.0,184900.0,181100.0,348940.0,셀트리온,068270
2024-12-12,184900.0,상승  700,184800.0,185000.0,183500.0,657447.0,셀트리온,068270
2024-12-13,193400.0,"상승  8,500",185600.0,196100.0,185600.0,1057016.0,셀트리온,068270
2024-12-16,196200.0,"상승  2,800",198000.0,198300.0,194700.0,1093284.0,셀트리온,068270
2024-12-17,193200.0,"하락  3,000",196000.0,196000.0,192000.0,1010402.0,셀트리온,068270
2024-12-18,199200.0,"상승  6,000",193200.0,199900.0,193200.0,6772005.0,셀트리온,068270
2024-12-19,192400.0,"하락  6,800",194100.0,196500.0,192000.0,680416.0,셀트리온,068270
2024-12-20,192500.0,상승  100,191100.0,193000.0,189600.0,416271.0,셀트리온,068270
2024-12-23,193900.0,"상승  1,400",193300.0,194500.0,192500.0,284433.0,셀트리온,068270
2024-12-24,194400.0,상승  500,193900.0,194700.0,192200.0,360405.0,셀트리온,068270
2024-12-26,191500.0,"하락  2,900",194400.0,196300.0,190500.0,610878.0,셀트리온,068270
2024-12-27,180400.0,"하락  2,500",183200.0,185800.0,176800.0,571954.0,셀트리온,068270
2024-12-30,187500.0,"상승  7,100",180000.0,190200.0,179800.0,531670.0,셀트리온,068270
2025-01-02,180300.0,"하락  7,200",187500.0,188300.0,180100.0,577872.0,셀트리온,068270
2025-01-03,180900.0,상승  600,180600.0,182200.0,180300.0,360452.0,셀트리온,068270
2025-01-06,183700.0,"상승  2,800",181000.0,184700.0,179700.0,459671.0,셀트리온,068270
2025-01-07,183900.0,상승  200,184000.0,187500.0,183200.0,497029.0,셀트리온,068270
2025-01-08,184500.0,상승  600,183100.0,186800.0,183100.0,437144.0,셀트리온,068270
2025-01-09,185500.0,"상승  1,000",185000.0,186300.0,183100.0,434143.0,셀트리온,068270
2025-01-10,185100.0,하락  400,185600.0,186700.0,184300.0,373255.0,셀트리온,068270
2025-01-13,183800.0,"하락  1,300",184600.0,186900.0,182500.0,444673.0,셀트리온,068270
2025-01-14,184500.0,상승  700,185000.0,187800.0,183600.0,374473.0,셀트리온,068270
2025-01-15,180700.0,"하락  3,800",184800.0,185500.0,180100.0,560704.0,셀트리온,068270
2025-01-16,182000.0,"상승  1,300",182000.0,183700.0,181900.0,392924.0,셀트리온,068270
2025-01-17,180000.0,"하락  2,000",181200.0,181900.0,178500.0,500327.0,셀트리온,068270
2025-01-20,180700.0,상승  700,179200.0,181400.0,177200.0,457324.0,셀트리온,068270
2025-01-21,179700.0,"하락  1,000",180600.0,182800.0,178700.0,389726.0,셀트리온,068270
2025-01-22,180500.0,상승  800,180100.0,181900.0,179300.0,433481.0,셀트리온,068270
2025-01-23,179100.0,"하락  1,400",180700.0,182400.0,179000.0,433404.0,셀트리온,068270
2025-01-24,180200.0,"상승  1,100",179600.0,181300.0,179400.0,364070.0,셀트리온,068270
2025-01-31,179700.0,하락  500,182900.0,184000.0,178200.0,519162.0,셀트리온,068270
2025-02-03,176000.0,"하락  3,700",176800.0,177000.0,172800.0,697428.0,셀트리온,068270
2025-02-04,177400.0,"상승  1,400",176200.0,179500.0,176200.0,456206.0,셀트리온,068270
2025-02-05,178300.0,상승  900,177500.0,179300.0,176200.0,387834.0,셀트리온,068270
2025-02-06,181000.0,"상승  2,700",179500.0,181700.0,179100.0,390088.0,셀트리온,068270
2025-02-07,179600.0,"하락  1,400",179800.0,181200.0,179300.0,306726.0,셀트리온,068270
2025-02-10,179000.0,하락  600,178200.0,180300.0,175800.0,494889.0,셀트리온,068270
2025-02-11,179700.0,상승  700,179800.0,181700.0,179100.0,415262.0,셀트리온,068270
2025-02-12,178700.0,"하락  1,000",179600.0,180400.0,177400.0,361474.0,셀트리온,068270
2025-02-13,177900.0,하락  800,179500.0,179700.0,177600.0,594759.0,셀트리온,068270
2025-02-14,180800.0,"상승  2,900",178200.0,182700.0,177800.0,627006.0,셀트리온,068270
2025-02-17,181500.0,상승  700,181000.0,181500.0,179200.0,358741.0,셀트리온,068270
2025-02-18,180300.0,"하락  1,200",181000.0,181100.0,179100.0,378893.0,셀트리온,068270
2025-02-19,180600.0,상승  300,180300.0,182500.0,179600.0,515521.0,셀트리온,068270
2025-02-20,180400.0,하락  200,180100.0,181400.0,179000.0,426244.0,셀트리온,068270
2025-02-21,178200.0,"하락  2,200",180400.0,180700.0,178200.0,383460.0,셀트리온,068270
2025-02-24,178000.0,하락  200,178300.0,178700.0,176500.0,308620.0,셀트리온,068270
2025-02-25,174100.0,"하락  3,900",177200.0,179200.0,174000.0,623431.0,셀트리온,068270
2025-02-26,189300.0,"상승  15,200",176200.0,190900.0,176000.0,2169289.0,셀트리온,068270
2025-02-27,182700.0,"하락  6,600",187600.0,189000.0,181500.0,926161.0,셀트리온,068270
2025-02-28,184000.0,"상승  1,300",181100.0,186900.0,181000.0,1175987.0,셀트리온,068270
2025-03-04,183500.0,하락  500,184000.0,192900.0,183100.0,1023169.0,셀트리온,068270
2025-03-05,184700.0,"상승  1,200",183600.0,187200.0,183600.0,517242.0,셀트리온,068270
2025-03-06,188100.0,"상승  3,400",185500.0,188800.0,182200.0,753880.0,셀트리온,068270
2025-03-07,184000.0,"하락  4,100",187100.0,188500.0,184000.0,488043.0,셀트리온,068270
2025-03-10,183200.0,하락  800,183500.0,184900.0,182400.0,292376.0,셀트리온,068270
2025-03-11,183400.0,상승  200,180500.0,184900.0,180300.0,460822.0,셀트리온,068270
2025-03-12,186900.0,"상승  3,500",183700.0,187200.0,183700.0,459108.0,셀트리온,068270
2025-03-13,184600.0,"하락  2,300",186800.0,187400.0,183500.0,548392.0,셀트리온,068270
2025-03-14,186100.0,"상승  1,500",186600.0,188700.0,185300.0,521580.0,셀트리온,068270
2025-03-17,187800.0,"상승  1,700",187900.0,188200.0,184200.0,414566.0,셀트리온,068270
2025-03-18,187400.0,하락  400,188500.0,190700.0,187200.0,448355.0,셀트리온,068270
2025-03-19,187200.0,하락  200,187300.0,189000.0,186900.0,317459.0,셀트리온,068270
2025-03-20,186300.0,하락  900,187300.0,188100.0,185200.0,363506.0,셀트리온,068270
2025-03-21,186700.0,상승  400,185200.0,189100.0,184700.0,578281.0,셀트리온,068270
2025-03-24,185100.0,"하락  1,600",185100.0,186400.0,184500.0,270912.0,셀트리온,068270
2025-03-25,186000.0,상승  900,184900.0,187300.0,184200.0,358795.0,셀트리온,068270
2025-03-26,185400.0,하락  600,187000.0,187000.0,183800.0,260396.0,셀트리온,068270
2025-03-27,181200.0,"하락  4,200",184000.0,184300.0,180800.0,284648.0,셀트리온,068270
2025-03-28,177100.0,"하락  4,100",181000.0,181300.0,177100.0,294474.0,셀트리온,068270
2025-03-31,169000.0,"하락  8,100",174900.0,175800.0,168700.0,617453.0,셀트리온,068270
2025-04-01,174800.0,"상승  5,800",170100.0,177300.0,170100.0,433026.0,셀트리온,068270
2025-04-02,169700.0,"하락  5,100",175600.0,176100.0,167300.0,623382.0,셀트리온,068270
2025-04-03,173500.0,"상승  3,800",165800.0,174000.0,165700.0,594307.0,셀트리온,068270
2025-04-04,173900.0,상승  400,172900.0,174600.0,170500.0,450814.0,셀트리온,068270
2025-04-07,164400.0,"하락  9,500",167600.0,167800.0,161900.0,730805.0,셀트리온,068270
2025-04-08,163100.0,"하락  1,300",166400.0,166900.0,162900.0,594362.0,셀트리온,068270
2025-04-09,154500.0,"하락  8,600",161500.0,163000.0,152900.0,902413.0,셀트리온,068270
2025-04-10,164200.0,"상승  9,700",163600.0,166000.0,160000.0,681085.0,셀트리온,068270
2025-04-11,161100.0,"하락  3,100",161100.0,161900.0,157600.0,448708.0,셀트리온,068270
2025-04-14,163500.0,"상승  2,400",162700.0,164700.0,162100.0,285514.0,셀트리온,068270
2025-04-15,159800.0,"하락  3,700",162700.0,163100.0,159700.0,574664.0,셀트리온,068270
2025-04-16,159100.0,하락  700,159800.0,160800.0,158300.0,380707.0,셀트리온,068270
2025-04-17,159200.0,상승  100,160900.0,161800.0,158500.0,497941.0,셀트리온,068270
2025-04-18,157400.0,"하락  1,800",158700.0,159200.0,156400.0,411636.0,셀트리온,068270
2025-04-21,157400.0,보합0,157800.0,159500.0,156600.0,290487.0,셀트리온,068270
2025-04-22,157600.0,상승  200,157500.0,159200.0,157000.0,302011.0,셀트리온,068270
2025-04-23,159900.0,"상승  2,300",159400.0,160000.0,157800.0,322658.0,셀트리온,068270
2025-04-24,158600.0,"하락  1,300",160600.0,160750.0,158100.0,325357.0,셀트리온,068270
2025-04-25,158300.0,하락  300,159100.0,159500.0,158300.0,274242.0,셀트리온,068270
2025-04-28,158000.0,하락  300,158400.0,160200.0,157100.0,399332.0,셀트리온,068270
2025-04-29,164000.0,"상승  6,000",159100.0,164200.0,159000.0,582270.0,셀트리온,068270
2025-04-30,161300.0,"하락  2,700",163100.0,164100.0,160000.0,436592.0,셀트리온,068270
2025-05-02,162400.0,"상승  1,100",159700.0,163100.0,159600.0,335283.0,셀트리온,068270
2025-05-07,160300.0,"하락  2,100",160400.0,160500.0,156300.0,586080.0,셀트리온,068270
2025-05-08,159400.0,하락  900,160000.0,161000.0,159400.0,369646.0,셀트리온,068270
2025-05-09,158000.0,"하락  1,400",159900.0,160700.0,157500.0,441339.0,셀트리온,068270
2025-05-12,151800.0,"하락  6,200",157400.0,157700.0,151200.0,1435072.0,셀트리온,068270
2025-05-13,154300.0,"상승  2,500",152300.0,156300.0,152300.0,788857.0,셀트리온,068270
2025-05-14,154300.0,보합0,153500.0,154600.0,151900.0,529072.0,셀트리온,068270
2025-05-15,153500.0,하락  800,152800.0,153800.0,152200.0,540412.0,셀트리온,068270
2025-05-16,154000.0,상승  500,153700.0,154000.0,152000.0,416637.0,셀트리온,068270
2025-05-19,154000.0,보합0,152300.0,154300.0,152200.0,447714.0,셀트리온,068270
2025-05-20,155300.0,"상승  1,300",155000.0,156600.0,154100.0,466052.0,셀트리온,068270
2025-05-21,156600.0,"상승  1,300",155800.0,157000.0,155100.0,444093.0,셀트리온,068270
2025-05-22,153500.0,"하락  3,100",154600.0,155500.0,152900.0,456749.0,셀트리온,068270
2025-05-23,152700.0,하락  800,153600.0,154100.0,151500.0,398151.0,셀트리온,068270
2025-05-26,153000.0,상승  300,151600.0,153000.0,150400.0,396050.0,셀트리온,068270
2025-05-27,155600.0,"상승  2,600",156000.0,156500.0,154000.0,539944.0,셀트리온,068270
2025-05-28,156000.0,상승  400,154500.0,156300.0,153200.0,540829.0,셀트리온,068270
2025-05-29,158700.0,"상승  2,700",156200.0,158700.0,156000.0,463625.0,셀트리온,068270
