날짜,종가,전일비,시가,고가,저가,거래량,회사명,종목코드
2020-03-13,641000.0,보합0,581000.0,661000.0,580000.0,229329.0,엔씨소프트,036570
2020-03-16,595000.0,"하락  46,000",636000.0,656000.0,593000.0,201806.0,엔씨소프트,036570
2020-03-17,577000.0,"하락  18,000",561000.0,597000.0,561000.0,271203.0,엔씨소프트,036570
2020-03-18,570000.0,"하락  7,000",583000.0,608000.0,570000.0,211341.0,엔씨소프트,036570
2020-03-19,530000.0,"하락  40,000",580000.0,588000.0,504000.0,400206.0,엔씨소프트,036570
2020-03-20,567000.0,"상승  37,000",559000.0,574000.0,542000.0,236382.0,엔씨소프트,036570
2020-03-23,572000.0,"상승  5,000",532000.0,597000.0,531000.0,175741.0,엔씨소프트,036570
2020-03-24,649000.0,"상승  77,000",587000.0,650000.0,584000.0,236136.0,엔씨소프트,036570
2020-03-25,651000.0,"상승  2,000",678000.0,690000.0,626000.0,183766.0,엔씨소프트,036570
2020-03-26,625000.0,"하락  26,000",651000.0,660000.0,621000.0,171361.0,엔씨소프트,036570
2020-03-27,622000.0,"하락  3,000",645000.0,646000.0,611000.0,167169.0,엔씨소프트,036570
2020-03-30,624000.0,"상승  2,000",611000.0,632000.0,604000.0,95800.0,엔씨소프트,036570
2020-03-31,652000.0,"상승  28,000",621000.0,657000.0,621000.0,193212.0,엔씨소프트,036570
2020-04-01,618000.0,"하락  34,000",647000.0,670000.0,614000.0,123474.0,엔씨소프트,036570
2020-04-02,656000.0,"상승  38,000",638000.0,666000.0,620000.0,148473.0,엔씨소프트,036570
2020-04-03,647000.0,"하락  9,000",649000.0,657000.0,634000.0,99891.0,엔씨소프트,036570
2020-04-06,678000.0,"상승  31,000",652000.0,678000.0,651000.0,97158.0,엔씨소프트,036570
2020-04-07,675000.0,"하락  3,000",674000.0,687000.0,664000.0,99068.0,엔씨소프트,036570
2020-04-08,663000.0,"하락  12,000",667000.0,675000.0,659000.0,106457.0,엔씨소프트,036570
2020-04-09,655000.0,"하락  8,000",663000.0,668000.0,648000.0,163906.0,엔씨소프트,036570
2020-04-10,650000.0,"하락  5,000",657000.0,659000.0,645000.0,87704.0,엔씨소프트,036570
2020-04-13,651000.0,"상승  1,000",651000.0,659000.0,648000.0,50919.0,엔씨소프트,036570
2020-04-14,656000.0,"상승  5,000",653000.0,656000.0,648000.0,80586.0,엔씨소프트,036570
2020-04-16,655000.0,"하락  1,000",656000.0,663000.0,645000.0,112493.0,엔씨소프트,036570
2020-04-17,649000.0,"하락  6,000",661000.0,664000.0,645000.0,143976.0,엔씨소프트,036570
2020-04-20,642000.0,"하락  7,000",649000.0,657000.0,638000.0,116669.0,엔씨소프트,036570
2020-04-21,642000.0,보합0,644000.0,650000.0,620000.0,124368.0,엔씨소프트,036570
2020-04-22,677000.0,"상승  35,000",641000.0,677000.0,632000.0,139859.0,엔씨소프트,036570
2020-04-23,661000.0,"하락  16,000",671000.0,680000.0,660000.0,104028.0,엔씨소프트,036570
2020-04-24,653000.0,"하락  8,000",656000.0,673000.0,648000.0,98673.0,엔씨소프트,036570
2020-04-27,630000.0,"하락  23,000",650000.0,653000.0,625000.0,216386.0,엔씨소프트,036570
2020-04-28,648000.0,"상승  18,000",631000.0,648000.0,630000.0,100854.0,엔씨소프트,036570
2020-04-29,643000.0,"하락  5,000",647000.0,648000.0,639000.0,89309.0,엔씨소프트,036570
2020-05-04,624000.0,"하락  19,000",633000.0,635000.0,622000.0,127354.0,엔씨소프트,036570
2020-05-06,641000.0,"상승  17,000",639000.0,641000.0,629000.0,79496.0,엔씨소프트,036570
2020-05-07,646000.0,"상승  5,000",641000.0,652000.0,639000.0,86250.0,엔씨소프트,036570
2020-05-08,679000.0,"상승  33,000",653000.0,688000.0,650000.0,194176.0,엔씨소프트,036570
2020-05-11,699000.0,"상승  20,000",685000.0,709000.0,685000.0,131682.0,엔씨소프트,036570
2020-05-12,747000.0,"상승  48,000",704000.0,749000.0,691000.0,344771.0,엔씨소프트,036570
2020-05-13,721000.0,"하락  26,000",748000.0,755000.0,715000.0,175101.0,엔씨소프트,036570
2020-05-14,753000.0,"상승  32,000",730000.0,759000.0,728000.0,214951.0,엔씨소프트,036570
2020-05-15,745000.0,"하락  8,000",759000.0,759000.0,732000.0,100195.0,엔씨소프트,036570
2020-05-18,727000.0,"하락  18,000",745000.0,750000.0,723000.0,110727.0,엔씨소프트,036570
2020-05-19,732000.0,"상승  5,000",727000.0,737000.0,713000.0,111353.0,엔씨소프트,036570
2020-05-20,750000.0,"상승  18,000",746000.0,750000.0,738000.0,89022.0,엔씨소프트,036570
2020-05-21,792000.0,"상승  42,000",741000.0,794000.0,738000.0,208754.0,엔씨소프트,036570
2020-05-22,790000.0,"하락  2,000",794000.0,799000.0,777000.0,93494.0,엔씨소프트,036570
2020-05-25,812000.0,"상승  22,000",796000.0,832000.0,792000.0,103070.0,엔씨소프트,036570
2020-05-26,801000.0,"하락  11,000",813000.0,826000.0,786000.0,114011.0,엔씨소프트,036570
2020-05-27,787000.0,"하락  14,000",773000.0,792000.0,773000.0,93977.0,엔씨소프트,036570
2020-05-28,792000.0,"상승  5,000",778000.0,802000.0,771000.0,111114.0,엔씨소프트,036570
2020-05-29,790000.0,"하락  2,000",804000.0,813000.0,790000.0,106253.0,엔씨소프트,036570
2020-06-01,816000.0,"상승  26,000",786000.0,820000.0,784000.0,84776.0,엔씨소프트,036570
2020-06-02,810000.0,"하락  6,000",813000.0,823000.0,808000.0,67525.0,엔씨소프트,036570
2020-06-03,792000.0,"하락  18,000",807000.0,819000.0,790000.0,120560.0,엔씨소프트,036570
2020-06-04,800000.0,"상승  8,000",783000.0,801000.0,780000.0,104491.0,엔씨소프트,036570
2020-06-05,805000.0,"상승  5,000",801000.0,810000.0,791000.0,70207.0,엔씨소프트,036570
2020-06-08,797000.0,"하락  8,000",809000.0,814000.0,793000.0,71804.0,엔씨소프트,036570
2020-06-09,800000.0,"상승  3,000",797000.0,809000.0,794000.0,78631.0,엔씨소프트,036570
2020-06-10,822000.0,"상승  22,000",809000.0,837000.0,803000.0,127949.0,엔씨소프트,036570
2020-06-11,825000.0,"상승  3,000",822000.0,837000.0,814000.0,131861.0,엔씨소프트,036570
2020-06-12,824000.0,"하락  1,000",812000.0,836000.0,801000.0,107916.0,엔씨소프트,036570
2020-06-15,810000.0,"하락  14,000",816000.0,853000.0,806000.0,152388.0,엔씨소프트,036570
2020-06-16,875000.0,"상승  65,000",825000.0,875000.0,820000.0,149986.0,엔씨소프트,036570
2020-06-17,866000.0,"하락  9,000",875000.0,888000.0,848000.0,113585.0,엔씨소프트,036570
2020-06-18,832000.0,"하락  34,000",857000.0,863000.0,832000.0,115343.0,엔씨소프트,036570
2020-06-19,857000.0,"상승  25,000",843000.0,857000.0,824000.0,99988.0,엔씨소프트,036570
2020-06-22,888000.0,"상승  31,000",842000.0,896000.0,839000.0,113368.0,엔씨소프트,036570
2020-06-23,920000.0,"상승  32,000",900000.0,957000.0,895000.0,143448.0,엔씨소프트,036570
2020-06-24,943000.0,"상승  23,000",915000.0,945000.0,909000.0,91604.0,엔씨소프트,036570
2020-06-25,912000.0,"하락  31,000",935000.0,940000.0,912000.0,88590.0,엔씨소프트,036570
2020-06-26,909000.0,"하락  3,000",924000.0,928000.0,901000.0,84137.0,엔씨소프트,036570
2020-06-29,890000.0,"하락  19,000",909000.0,924000.0,887000.0,80756.0,엔씨소프트,036570
2020-06-30,891000.0,"상승  1,000",896000.0,911000.0,882000.0,97938.0,엔씨소프트,036570
2020-07-01,893000.0,"상승  2,000",904000.0,909000.0,890000.0,74232.0,엔씨소프트,036570
2020-07-02,964000.0,"상승  71,000",899000.0,964000.0,895000.0,220292.0,엔씨소프트,036570
2020-07-03,944000.0,"하락  20,000",961000.0,963000.0,941000.0,81378.0,엔씨소프트,036570
2020-07-06,995000.0,"상승  51,000",943000.0,997000.0,941000.0,138049.0,엔씨소프트,036570
2020-07-07,962000.0,"하락  33,000",976000.0,980000.0,960000.0,187793.0,엔씨소프트,036570
2020-07-08,945000.0,"하락  17,000",956000.0,962000.0,936000.0,132370.0,엔씨소프트,036570
2020-07-09,947000.0,"상승  2,000",955000.0,959000.0,943000.0,130821.0,엔씨소프트,036570
2020-07-10,944000.0,"하락  3,000",947000.0,975000.0,940000.0,128027.0,엔씨소프트,036570
2020-07-13,965000.0,"상승  21,000",949000.0,978000.0,931000.0,117007.0,엔씨소프트,036570
2020-07-14,946000.0,"하락  19,000",950000.0,965000.0,938000.0,91158.0,엔씨소프트,036570
2020-07-15,928000.0,"하락  18,000",945000.0,958000.0,925000.0,110775.0,엔씨소프트,036570
2020-07-16,879000.0,"하락  49,000",915000.0,923000.0,875000.0,199187.0,엔씨소프트,036570
2020-07-17,880000.0,"상승  1,000",872000.0,897000.0,871000.0,84865.0,엔씨소프트,036570
2020-07-20,859000.0,"하락  21,000",880000.0,881000.0,848000.0,117063.0,엔씨소프트,036570
2020-07-21,859000.0,보합0,860000.0,876000.0,856000.0,127020.0,엔씨소프트,036570
2020-07-22,861000.0,"상승  2,000",852000.0,866000.0,835000.0,93362.0,엔씨소프트,036570
2020-07-23,811000.0,"하락  50,000",844000.0,850000.0,805000.0,339183.0,엔씨소프트,036570
2020-07-24,802000.0,"하락  9,000",805000.0,828000.0,796000.0,197544.0,엔씨소프트,036570
2020-07-27,785000.0,"하락  17,000",797000.0,807000.0,785000.0,145319.0,엔씨소프트,036570
2020-07-28,794000.0,"상승  9,000",788000.0,803000.0,786000.0,177440.0,엔씨소프트,036570
2020-07-29,812000.0,"상승  18,000",797000.0,824000.0,796000.0,179741.0,엔씨소프트,036570
2020-07-30,825000.0,"상승  13,000",817000.0,832000.0,807000.0,137745.0,엔씨소프트,036570
2020-07-31,811000.0,"하락  14,000",832000.0,832000.0,810000.0,101033.0,엔씨소프트,036570
2020-08-03,844000.0,"상승  33,000",815000.0,844000.0,813000.0,152000.0,엔씨소프트,036570
2020-08-04,846000.0,"상승  2,000",852000.0,860000.0,827000.0,122293.0,엔씨소프트,036570
2020-08-05,846000.0,보합0,841000.0,847000.0,836000.0,69372.0,엔씨소프트,036570
2020-08-06,854000.0,"상승  8,000",846000.0,854000.0,840000.0,98102.0,엔씨소프트,036570
2020-08-07,865000.0,"상승  11,000",860000.0,885000.0,856000.0,141611.0,엔씨소프트,036570
2020-08-10,841000.0,"하락  24,000",866000.0,866000.0,835000.0,112532.0,엔씨소프트,036570
2020-08-11,840000.0,"하락  1,000",827000.0,846000.0,812000.0,113783.0,엔씨소프트,036570
2020-08-12,850000.0,"상승  10,000",836000.0,850000.0,827000.0,94342.0,엔씨소프트,036570
2020-08-13,897000.0,"상승  47,000",840000.0,905000.0,834000.0,363276.0,엔씨소프트,036570
2020-08-14,872000.0,"하락  25,000",898000.0,898000.0,859000.0,133502.0,엔씨소프트,036570
2020-08-18,834000.0,"하락  38,000",877000.0,887000.0,824000.0,170816.0,엔씨소프트,036570
2020-08-19,841000.0,"상승  7,000",836000.0,849000.0,822000.0,175606.0,엔씨소프트,036570
2020-08-20,783000.0,"하락  58,000",833000.0,843000.0,780000.0,271930.0,엔씨소프트,036570
2020-08-21,823000.0,"상승  40,000",799000.0,825000.0,792000.0,158623.0,엔씨소프트,036570
2020-08-24,841000.0,"상승  18,000",830000.0,842000.0,810000.0,106150.0,엔씨소프트,036570
2020-08-25,826000.0,"하락  15,000",838000.0,841000.0,817000.0,101156.0,엔씨소프트,036570
2020-08-26,818000.0,"하락  8,000",827000.0,830000.0,816000.0,93233.0,엔씨소프트,036570
2020-08-27,863000.0,"상승  45,000",822000.0,867000.0,821000.0,232351.0,엔씨소프트,036570
2020-08-28,856000.0,"하락  7,000",865000.0,865000.0,843000.0,99519.0,엔씨소프트,036570
2020-08-31,825000.0,"하락  31,000",859000.0,862000.0,822000.0,135345.0,엔씨소프트,036570
2020-09-01,828000.0,"상승  3,000",821000.0,834000.0,819000.0,98347.0,엔씨소프트,036570
2020-09-02,850000.0,"상승  22,000",840000.0,855000.0,834000.0,108559.0,엔씨소프트,036570
2020-09-03,835000.0,"하락  15,000",848000.0,850000.0,833000.0,70056.0,엔씨소프트,036570
2020-09-04,813000.0,"하락  22,000",813000.0,825000.0,808000.0,123738.0,엔씨소프트,036570
2020-09-07,812000.0,"하락  1,000",816000.0,819000.0,809000.0,69441.0,엔씨소프트,036570
2020-09-08,811000.0,"하락  1,000",814000.0,818000.0,809000.0,54468.0,엔씨소프트,036570
2020-09-09,791000.0,"하락  20,000",803000.0,809000.0,791000.0,102424.0,엔씨소프트,036570
2020-09-10,830000.0,"상승  39,000",803000.0,839000.0,798000.0,172103.0,엔씨소프트,036570
2020-09-11,818000.0,"하락  12,000",827000.0,839000.0,810000.0,99961.0,엔씨소프트,036570
2020-09-14,830000.0,"상승  12,000",824000.0,830000.0,806000.0,72282.0,엔씨소프트,036570
2020-09-15,824000.0,"하락  6,000",820000.0,833000.0,817000.0,70656.0,엔씨소프트,036570
2020-09-16,822000.0,"하락  2,000",827000.0,848000.0,822000.0,91741.0,엔씨소프트,036570
2020-09-17,805000.0,"하락  17,000",821000.0,822000.0,802000.0,91497.0,엔씨소프트,036570
2020-09-18,821000.0,"상승  16,000",810000.0,823000.0,806000.0,83953.0,엔씨소프트,036570
2020-09-21,804000.0,"하락  17,000",812000.0,827000.0,804000.0,65547.0,엔씨소프트,036570
2020-09-22,787000.0,"하락  17,000",807000.0,813000.0,785000.0,101535.0,엔씨소프트,036570
2020-09-23,805000.0,"상승  18,000",790000.0,811000.0,787000.0,107700.0,엔씨소프트,036570
2020-09-24,787000.0,"하락  18,000",796000.0,799000.0,785000.0,81161.0,엔씨소프트,036570
2020-09-25,784000.0,"하락  3,000",797000.0,797000.0,778000.0,67824.0,엔씨소프트,036570
2020-09-28,799000.0,"상승  15,000",794000.0,808000.0,784000.0,76993.0,엔씨소프트,036570
2020-09-29,806000.0,"상승  7,000",809000.0,810000.0,791000.0,76019.0,엔씨소프트,036570
2020-10-05,789000.0,"하락  17,000",810000.0,811000.0,780000.0,111800.0,엔씨소프트,036570
2020-10-06,788000.0,"하락  1,000",794000.0,795000.0,786000.0,69582.0,엔씨소프트,036570
2020-10-07,768000.0,"하락  20,000",781000.0,785000.0,761000.0,172973.0,엔씨소프트,036570
2020-10-08,751000.0,"하락  17,000",750000.0,768000.0,750000.0,226092.0,엔씨소프트,036570
2020-10-12,754000.0,"상승  3,000",755000.0,763000.0,750000.0,123601.0,엔씨소프트,036570
2020-10-13,754000.0,보합0,755000.0,760000.0,751000.0,77742.0,엔씨소프트,036570
2020-10-14,752000.0,"하락  2,000",751000.0,758000.0,751000.0,94309.0,엔씨소프트,036570
2020-10-15,750000.0,"하락  2,000",750000.0,756000.0,746000.0,72571.0,엔씨소프트,036570
2020-10-16,767000.0,"상승  17,000",753000.0,774000.0,746000.0,135943.0,엔씨소프트,036570
2020-10-19,771000.0,"상승  4,000",774000.0,781000.0,770000.0,105467.0,엔씨소프트,036570
2020-10-20,794000.0,"상승  23,000",780000.0,796000.0,773000.0,147983.0,엔씨소프트,036570
2020-10-21,809000.0,"상승  15,000",799000.0,813000.0,794000.0,108005.0,엔씨소프트,036570
2020-10-22,811000.0,"상승  2,000",807000.0,820000.0,798000.0,85163.0,엔씨소프트,036570
2020-10-23,796000.0,"하락  15,000",816000.0,816000.0,791000.0,80718.0,엔씨소프트,036570
2020-10-26,796000.0,보합0,794000.0,809000.0,788000.0,49132.0,엔씨소프트,036570
2020-10-27,782000.0,"하락  14,000",785000.0,800000.0,780000.0,81633.0,엔씨소프트,036570
2020-10-28,802000.0,"상승  20,000",776000.0,803000.0,775000.0,78286.0,엔씨소프트,036570
2020-10-29,813000.0,"상승  11,000",795000.0,815000.0,793000.0,88029.0,엔씨소프트,036570
2020-10-30,776000.0,"하락  37,000",811000.0,813000.0,774000.0,92285.0,엔씨소프트,036570
2020-11-02,778000.0,"상승  2,000",782000.0,795000.0,777000.0,48696.0,엔씨소프트,036570
2020-11-03,782000.0,"상승  4,000",778000.0,792000.0,778000.0,48350.0,엔씨소프트,036570
2020-11-04,837000.0,"상승  55,000",791000.0,838000.0,787000.0,197108.0,엔씨소프트,036570
2020-11-05,843000.0,"상승  6,000",847000.0,847000.0,826000.0,108701.0,엔씨소프트,036570
2020-11-06,848000.0,"상승  5,000",836000.0,848000.0,830000.0,91315.0,엔씨소프트,036570
2020-11-09,844000.0,"하락  4,000",841000.0,852000.0,838000.0,71482.0,엔씨소프트,036570
2020-11-10,797000.0,"하락  47,000",802000.0,818000.0,797000.0,172812.0,엔씨소프트,036570
2020-11-11,801000.0,"상승  4,000",783000.0,807000.0,783000.0,116090.0,엔씨소프트,036570
2020-11-12,791000.0,"하락  10,000",796000.0,810000.0,791000.0,102690.0,엔씨소프트,036570
2020-11-13,808000.0,"상승  17,000",791000.0,809000.0,791000.0,70746.0,엔씨소프트,036570
2020-11-16,800000.0,"하락  8,000",808000.0,811000.0,795000.0,103301.0,엔씨소프트,036570
2020-11-17,789000.0,"하락  11,000",794000.0,794000.0,782000.0,105203.0,엔씨소프트,036570
2020-11-18,800000.0,"상승  11,000",783000.0,808000.0,783000.0,77490.0,엔씨소프트,036570
2020-11-19,828000.0,"상승  28,000",798000.0,830000.0,798000.0,111578.0,엔씨소프트,036570
2020-11-20,828000.0,보합0,831000.0,832000.0,814000.0,78708.0,엔씨소프트,036570
2020-11-23,822000.0,"하락  6,000",840000.0,840000.0,818000.0,84643.0,엔씨소프트,036570
2020-11-24,820000.0,"하락  2,000",818000.0,822000.0,810000.0,84186.0,엔씨소프트,036570
2020-11-25,805000.0,"하락  15,000",820000.0,822000.0,805000.0,116634.0,엔씨소프트,036570
2020-11-26,816000.0,"상승  11,000",803000.0,816000.0,803000.0,67165.0,엔씨소프트,036570
2020-11-27,822000.0,"상승  6,000",811000.0,829000.0,810000.0,78210.0,엔씨소프트,036570
2020-11-30,810000.0,"하락  12,000",820000.0,822000.0,810000.0,122666.0,엔씨소프트,036570
2020-12-01,852000.0,"상승  42,000",821000.0,860000.0,815000.0,193153.0,엔씨소프트,036570
2020-12-02,859000.0,"상승  7,000",856000.0,865000.0,846000.0,129594.0,엔씨소프트,036570
2020-12-03,878000.0,"상승  19,000",882000.0,897000.0,860000.0,154197.0,엔씨소프트,036570
2020-12-04,867000.0,"하락  11,000",861000.0,874000.0,860000.0,87676.0,엔씨소프트,036570
2020-12-07,871000.0,"상승  4,000",876000.0,878000.0,859000.0,86365.0,엔씨소프트,036570
2020-12-08,874000.0,"상승  3,000",875000.0,878000.0,859000.0,79721.0,엔씨소프트,036570
2020-12-09,879000.0,"상승  5,000",881000.0,900000.0,875000.0,123243.0,엔씨소프트,036570
2020-12-10,878000.0,"하락  1,000",869000.0,884000.0,859000.0,116303.0,엔씨소프트,036570
2020-12-11,888000.0,"상승  10,000",897000.0,897000.0,880000.0,75400.0,엔씨소프트,036570
2020-12-14,885000.0,"하락  3,000",896000.0,903000.0,885000.0,118049.0,엔씨소프트,036570
2020-12-15,875000.0,"하락  10,000",887000.0,889000.0,867000.0,74491.0,엔씨소프트,036570
2020-12-16,868000.0,"하락  7,000",872000.0,884000.0,866000.0,72835.0,엔씨소프트,036570
2020-12-17,868000.0,보합0,870000.0,875000.0,864000.0,66222.0,엔씨소프트,036570
2020-12-18,863000.0,"하락  5,000",871000.0,881000.0,863000.0,75312.0,엔씨소프트,036570
2020-12-21,864000.0,"상승  1,000",863000.0,867000.0,851000.0,62278.0,엔씨소프트,036570
2020-12-22,865000.0,"상승  1,000",865000.0,876000.0,859000.0,84346.0,엔씨소프트,036570
2020-12-23,888000.0,"상승  23,000",873000.0,899000.0,870000.0,141506.0,엔씨소프트,036570
2020-12-24,897000.0,"상승  9,000",894000.0,903000.0,888000.0,96941.0,엔씨소프트,036570
2020-12-28,898000.0,"상승  1,000",898000.0,903000.0,888000.0,112704.0,엔씨소프트,036570
2020-12-29,913000.0,"상승  15,000",899000.0,919000.0,899000.0,139932.0,엔씨소프트,036570
2020-12-30,931000.0,"상승  18,000",913000.0,934000.0,911000.0,118667.0,엔씨소프트,036570
2021-01-04,978000.0,"상승  47,000",949000.0,985000.0,935000.0,151790.0,엔씨소프트,036570
2021-01-05,985000.0,"상승  7,000",973000.0,993000.0,960000.0,122865.0,엔씨소프트,036570
2021-01-06,953000.0,"하락  32,000",991000.0,997000.0,950000.0,169260.0,엔씨소프트,036570
2021-01-07,947000.0,"하락  6,000",962000.0,963000.0,939000.0,118410.0,엔씨소프트,036570
2021-01-08,995000.0,"상승  48,000",956000.0,1000000.0,949000.0,198693.0,엔씨소프트,036570
2021-01-11,978000.0,"하락  17,000",993000.0,1006000.0,955000.0,220317.0,엔씨소프트,036570
2021-01-12,947000.0,"하락  31,000",963000.0,969000.0,926000.0,192743.0,엔씨소프트,036570
2021-01-13,940000.0,"하락  7,000",946000.0,955000.0,933000.0,123066.0,엔씨소프트,036570
2021-01-14,939000.0,"하락  1,000",932000.0,946000.0,930000.0,97237.0,엔씨소프트,036570
2021-01-15,935000.0,"하락  4,000",946000.0,960000.0,933000.0,110598.0,엔씨소프트,036570
2021-01-18,938000.0,"상승  3,000",935000.0,949000.0,927000.0,100252.0,엔씨소프트,036570
2021-01-19,957000.0,"상승  19,000",949000.0,968000.0,944000.0,100320.0,엔씨소프트,036570
2021-01-20,965000.0,"상승  8,000",969000.0,969000.0,950000.0,93411.0,엔씨소프트,036570
2021-01-21,970000.0,"상승  5,000",961000.0,974000.0,959000.0,68683.0,엔씨소프트,036570
2021-01-22,989000.0,"상승  19,000",971000.0,1000000.0,963000.0,135835.0,엔씨소프트,036570
2021-01-25,995000.0,"상승  6,000",989000.0,996000.0,972000.0,80768.0,엔씨소프트,036570
2021-01-26,953000.0,"하락  42,000",992000.0,997000.0,950000.0,127191.0,엔씨소프트,036570
2021-01-27,978000.0,"상승  25,000",963000.0,992000.0,962000.0,108151.0,엔씨소프트,036570
2021-01-28,968000.0,"하락  10,000",960000.0,985000.0,951000.0,98895.0,엔씨소프트,036570
2021-01-29,953000.0,"하락  15,000",962000.0,967000.0,940000.0,141061.0,엔씨소프트,036570
2021-02-01,953000.0,보합0,953000.0,953000.0,935000.0,83021.0,엔씨소프트,036570
2021-02-02,984000.0,"상승  31,000",956000.0,995000.0,954000.0,132535.0,엔씨소프트,036570
2021-02-03,1008000.0,"상승  24,000",1003000.0,1032000.0,997000.0,201313.0,엔씨소프트,036570
2021-02-04,962000.0,"하락  46,000",1002000.0,1005000.0,958000.0,138692.0,엔씨소프트,036570
2021-02-05,976000.0,"상승  14,000",970000.0,977000.0,959000.0,74762.0,엔씨소프트,036570
2021-02-08,1038000.0,"상승  62,000",994000.0,1048000.0,991000.0,239999.0,엔씨소프트,036570
2021-02-09,1006000.0,"하락  32,000",1028000.0,1036000.0,1002000.0,135965.0,엔씨소프트,036570
2021-02-10,1027000.0,"상승  21,000",1018000.0,1046000.0,993000.0,154288.0,엔씨소프트,036570
2021-02-15,999000.0,"하락  28,000",1026000.0,1027000.0,993000.0,111745.0,엔씨소프트,036570
2021-02-16,1015000.0,"상승  16,000",1001000.0,1019000.0,993000.0,85534.0,엔씨소프트,036570
2021-02-17,999000.0,"하락  16,000",993000.0,1005000.0,988000.0,88009.0,엔씨소프트,036570
2021-02-18,995000.0,"하락  4,000",1005000.0,1009000.0,991000.0,69587.0,엔씨소프트,036570
2021-02-19,997000.0,"상승  2,000",993000.0,1005000.0,975000.0,82183.0,엔씨소프트,036570
2021-02-22,931000.0,"하락  66,000",993000.0,997000.0,929000.0,216700.0,엔씨소프트,036570
2021-02-23,931000.0,보합0,934000.0,945000.0,927000.0,127023.0,엔씨소프트,036570
2021-02-24,934000.0,"상승  3,000",941000.0,969000.0,930000.0,161574.0,엔씨소프트,036570
2021-02-25,972000.0,"상승  38,000",963000.0,973000.0,951000.0,95195.0,엔씨소프트,036570
2021-02-26,936000.0,"하락  36,000",951000.0,964000.0,932000.0,130379.0,엔씨소프트,036570
2021-03-02,946000.0,"상승  10,000",949000.0,980000.0,940000.0,113384.0,엔씨소프트,036570
2021-03-03,962000.0,"상승  16,000",948000.0,964000.0,943000.0,69600.0,엔씨소프트,036570
2021-03-04,960000.0,"하락  2,000",960000.0,972000.0,946000.0,97325.0,엔씨소프트,036570
2021-03-05,931000.0,"하락  29,000",947000.0,950000.0,926000.0,127784.0,엔씨소프트,036570
2021-03-08,931000.0,보합0,931000.0,942000.0,926000.0,86957.0,엔씨소프트,036570
2021-03-09,931000.0,보합0,934000.0,937000.0,927000.0,92247.0,엔씨소프트,036570
2021-03-10,932000.0,"상승  1,000",936000.0,944000.0,928000.0,70912.0,엔씨소프트,036570
2021-03-11,931000.0,"하락  1,000",931000.0,944000.0,927000.0,97451.0,엔씨소프트,036570
2021-03-12,935000.0,"상승  4,000",936000.0,945000.0,932000.0,47055.0,엔씨소프트,036570
2021-03-15,930000.0,"하락  5,000",935000.0,937000.0,927000.0,58908.0,엔씨소프트,036570
2021-03-16,954000.0,"상승  24,000",935000.0,965000.0,930000.0,82668.0,엔씨소프트,036570
2021-03-17,940000.0,"하락  14,000",959000.0,972000.0,937000.0,70627.0,엔씨소프트,036570
2021-03-18,939000.0,"하락  1,000",946000.0,956000.0,934000.0,67977.0,엔씨소프트,036570
2021-03-19,933000.0,"하락  6,000",931000.0,943000.0,929000.0,75701.0,엔씨소프트,036570
2021-03-22,932000.0,"하락  1,000",933000.0,940000.0,927000.0,90722.0,엔씨소프트,036570
2021-03-23,931000.0,"하락  1,000",932000.0,939000.0,930000.0,78190.0,엔씨소프트,036570
2021-03-24,936000.0,"상승  5,000",937000.0,939000.0,930000.0,48361.0,엔씨소프트,036570
2021-03-25,906000.0,"하락  30,000",932000.0,934000.0,892000.0,190165.0,엔씨소프트,036570
2021-03-26,898000.0,"하락  8,000",902000.0,909000.0,884000.0,173281.0,엔씨소프트,036570
2021-03-29,834000.0,"하락  64,000",890000.0,890000.0,829000.0,343144.0,엔씨소프트,036570
2021-03-30,845000.0,"상승  11,000",834000.0,852000.0,834000.0,180279.0,엔씨소프트,036570
2021-03-31,873000.0,"상승  28,000",857000.0,884000.0,851000.0,152553.0,엔씨소프트,036570
2021-04-01,875000.0,"상승  2,000",885000.0,887000.0,868000.0,91499.0,엔씨소프트,036570
2021-04-02,885000.0,"상승  10,000",880000.0,895000.0,877000.0,52468.0,엔씨소프트,036570
2021-04-05,885000.0,보합0,885000.0,890000.0,875000.0,39659.0,엔씨소프트,036570
2021-04-06,870000.0,"하락  15,000",880000.0,887000.0,868000.0,79923.0,엔씨소프트,036570
2021-04-07,868000.0,"하락  2,000",870000.0,878000.0,861000.0,65101.0,엔씨소프트,036570
2021-04-08,899000.0,"상승  31,000",868000.0,900000.0,862000.0,127478.0,엔씨소프트,036570
2021-04-09,925000.0,"상승  26,000",899000.0,933000.0,891000.0,109902.0,엔씨소프트,036570
2021-04-12,906000.0,"하락  19,000",910000.0,923000.0,901000.0,60204.0,엔씨소프트,036570
2021-04-13,914000.0,"상승  8,000",901000.0,914000.0,889000.0,76606.0,엔씨소프트,036570
2021-04-14,916000.0,"상승  2,000",905000.0,920000.0,904000.0,57371.0,엔씨소프트,036570
2021-04-15,920000.0,"상승  4,000",912000.0,930000.0,908000.0,61393.0,엔씨소프트,036570
2021-04-16,912000.0,"하락  8,000",918000.0,923000.0,911000.0,81063.0,엔씨소프트,036570
2021-04-19,894000.0,"하락  18,000",907000.0,907000.0,890000.0,85734.0,엔씨소프트,036570
2021-04-20,882000.0,"하락  12,000",894000.0,901000.0,880000.0,89387.0,엔씨소프트,036570
2021-04-21,857000.0,"하락  25,000",882000.0,884000.0,855000.0,132714.0,엔씨소프트,036570
2021-04-22,850000.0,"하락  7,000",859000.0,862000.0,845000.0,118343.0,엔씨소프트,036570
2021-04-23,849000.0,"하락  1,000",854000.0,855000.0,845000.0,64336.0,엔씨소프트,036570
2021-04-26,861000.0,"상승  12,000",844000.0,861000.0,835000.0,125444.0,엔씨소프트,036570
2021-04-27,858000.0,"하락  3,000",859000.0,862000.0,851000.0,53668.0,엔씨소프트,036570
2021-04-28,835000.0,"하락  23,000",858000.0,858000.0,835000.0,76542.0,엔씨소프트,036570
2021-04-29,837000.0,"상승  2,000",832000.0,847000.0,831000.0,70652.0,엔씨소프트,036570
2021-04-30,830000.0,"하락  7,000",832000.0,846000.0,828000.0,79050.0,엔씨소프트,036570
2021-05-03,820000.0,"하락  10,000",837000.0,837000.0,818000.0,53108.0,엔씨소프트,036570
2021-05-04,818000.0,"하락  2,000",815000.0,820000.0,802000.0,72026.0,엔씨소프트,036570
2021-05-06,806000.0,"하락  12,000",813000.0,815000.0,801000.0,86423.0,엔씨소프트,036570
2021-05-07,830000.0,"상승  24,000",806000.0,844000.0,806000.0,95745.0,엔씨소프트,036570
2021-05-10,878000.0,"상승  48,000",816000.0,885000.0,810000.0,257577.0,엔씨소프트,036570
2021-05-11,850000.0,"하락  28,000",869000.0,869000.0,843000.0,107129.0,엔씨소프트,036570
2021-05-12,847000.0,"하락  3,000",848000.0,851000.0,838000.0,82939.0,엔씨소프트,036570
2021-05-13,841000.0,"하락  6,000",846000.0,847000.0,835000.0,106031.0,엔씨소프트,036570
2021-05-14,831000.0,"하락  10,000",833000.0,842000.0,831000.0,91373.0,엔씨소프트,036570
2021-05-17,815000.0,"하락  16,000",828000.0,835000.0,804000.0,84788.0,엔씨소프트,036570
2021-05-18,823000.0,"상승  8,000",818000.0,834000.0,816000.0,72893.0,엔씨소프트,036570
2021-05-20,822000.0,"하락  1,000",822000.0,835000.0,806000.0,107149.0,엔씨소프트,036570
2021-05-21,853000.0,"상승  31,000",832000.0,854000.0,832000.0,146618.0,엔씨소프트,036570
2021-05-24,846000.0,"하락  7,000",851000.0,851000.0,832000.0,68299.0,엔씨소프트,036570
2021-05-25,859000.0,"상승  13,000",841000.0,865000.0,841000.0,72102.0,엔씨소프트,036570
2021-05-26,856000.0,"하락  3,000",860000.0,873000.0,850000.0,58256.0,엔씨소프트,036570
2021-05-27,851000.0,"하락  5,000",856000.0,870000.0,848000.0,134891.0,엔씨소프트,036570
2021-05-28,852000.0,"상승  1,000",842000.0,863000.0,842000.0,69042.0,엔씨소프트,036570
2021-05-31,868000.0,"상승  16,000",867000.0,875000.0,857000.0,80686.0,엔씨소프트,036570
2021-06-01,872000.0,"상승  4,000",873000.0,877000.0,864000.0,54286.0,엔씨소프트,036570
2021-06-02,854000.0,"하락  18,000",873000.0,879000.0,850000.0,62526.0,엔씨소프트,036570
2021-06-03,851000.0,"하락  3,000",854000.0,859000.0,846000.0,50460.0,엔씨소프트,036570
2021-06-04,843000.0,"하락  8,000",842000.0,849000.0,834000.0,74482.0,엔씨소프트,036570
2021-06-07,843000.0,보합0,840000.0,852000.0,838000.0,50361.0,엔씨소프트,036570
2021-06-08,843000.0,보합0,841000.0,853000.0,839000.0,43630.0,엔씨소프트,036570
2021-06-09,858000.0,"상승  15,000",844000.0,870000.0,843000.0,78067.0,엔씨소프트,036570
2021-06-10,849000.0,"하락  9,000",860000.0,864000.0,846000.0,81019.0,엔씨소프트,036570
2021-06-11,841000.0,"하락  8,000",851000.0,861000.0,838000.0,89254.0,엔씨소프트,036570
2021-06-14,858000.0,"상승  17,000",841000.0,864000.0,840000.0,55683.0,엔씨소프트,036570
2021-06-15,853000.0,"하락  5,000",860000.0,869000.0,850000.0,70241.0,엔씨소프트,036570
2021-06-16,848000.0,"하락  5,000",848000.0,857000.0,843000.0,52423.0,엔씨소프트,036570
2021-06-17,824000.0,"하락  24,000",843000.0,844000.0,822000.0,128351.0,엔씨소프트,036570
2021-06-18,818000.0,"하락  6,000",827000.0,831000.0,818000.0,87955.0,엔씨소프트,036570
2021-06-21,820000.0,"상승  2,000",819000.0,824000.0,815000.0,57153.0,엔씨소프트,036570
2021-06-22,812000.0,"하락  8,000",822000.0,823000.0,811000.0,67222.0,엔씨소프트,036570
2021-06-23,825000.0,"상승  13,000",818000.0,832000.0,814000.0,85430.0,엔씨소프트,036570
2021-06-24,830000.0,"상승  5,000",831000.0,839000.0,823000.0,62944.0,엔씨소프트,036570
2021-06-25,826000.0,"하락  4,000",822000.0,826000.0,817000.0,54054.0,엔씨소프트,036570
2021-06-28,823000.0,"하락  3,000",823000.0,830000.0,818000.0,38667.0,엔씨소프트,036570
2021-06-29,822000.0,"하락  1,000",848000.0,848000.0,820000.0,81336.0,엔씨소프트,036570
2021-06-30,820000.0,"하락  2,000",822000.0,828000.0,819000.0,58171.0,엔씨소프트,036570
2021-07-01,834000.0,"상승  14,000",822000.0,839000.0,821000.0,91901.0,엔씨소프트,036570
2021-07-02,818000.0,"하락  16,000",831000.0,834000.0,816000.0,74312.0,엔씨소프트,036570
2021-07-05,826000.0,"상승  8,000",813000.0,828000.0,813000.0,70101.0,엔씨소프트,036570
2021-07-06,839000.0,"상승  13,000",829000.0,846000.0,826000.0,91810.0,엔씨소프트,036570
2021-07-07,834000.0,"하락  5,000",845000.0,846000.0,828000.0,106417.0,엔씨소프트,036570
2021-07-08,834000.0,보합0,831000.0,838000.0,826000.0,72782.0,엔씨소프트,036570
2021-07-09,800000.0,"하락  34,000",829000.0,830000.0,797000.0,168113.0,엔씨소프트,036570
2021-07-12,772000.0,"하락  28,000",800000.0,801000.0,770000.0,153684.0,엔씨소프트,036570
2021-07-13,777000.0,"상승  5,000",774000.0,777000.0,765000.0,77487.0,엔씨소프트,036570
2021-07-14,778000.0,"상승  1,000",777000.0,792000.0,777000.0,81156.0,엔씨소프트,036570
2021-07-15,804000.0,"상승  26,000",779000.0,813000.0,777000.0,130217.0,엔씨소프트,036570
2021-07-16,839000.0,"상승  35,000",818000.0,840000.0,806000.0,215329.0,엔씨소프트,036570
2021-07-19,827000.0,"하락  12,000",836000.0,843000.0,825000.0,75493.0,엔씨소프트,036570
2021-07-20,819000.0,"하락  8,000",823000.0,835000.0,814000.0,69730.0,엔씨소프트,036570
2021-07-21,809000.0,"하락  10,000",827000.0,830000.0,804000.0,74161.0,엔씨소프트,036570
2021-07-22,794000.0,"하락  15,000",807000.0,808000.0,790000.0,106312.0,엔씨소프트,036570
2021-07-23,812000.0,"상승  18,000",794000.0,812000.0,794000.0,59714.0,엔씨소프트,036570
2021-07-26,823000.0,"상승  11,000",816000.0,832000.0,816000.0,84115.0,엔씨소프트,036570
2021-07-27,806000.0,"하락  17,000",832000.0,832000.0,804000.0,79839.0,엔씨소프트,036570
2021-07-28,809000.0,"상승  3,000",812000.0,818000.0,805000.0,71311.0,엔씨소프트,036570
2021-07-29,841000.0,"상승  32,000",818000.0,845000.0,812000.0,131076.0,엔씨소프트,036570
2021-07-30,824000.0,"하락  17,000",838000.0,846000.0,823000.0,79822.0,엔씨소프트,036570
2021-08-02,824000.0,보합0,833000.0,833000.0,810000.0,68330.0,엔씨소프트,036570
2021-08-03,810000.0,"하락  14,000",827000.0,828000.0,803000.0,90490.0,엔씨소프트,036570
2021-08-04,812000.0,"상승  2,000",805000.0,813000.0,796000.0,62411.0,엔씨소프트,036570
2021-08-05,817000.0,"상승  5,000",813000.0,820000.0,810000.0,54637.0,엔씨소프트,036570
2021-08-06,823000.0,"상승  6,000",817000.0,824000.0,812000.0,56948.0,엔씨소프트,036570
2021-08-09,822000.0,"하락  1,000",811000.0,823000.0,810000.0,57545.0,엔씨소프트,036570
2021-08-10,815000.0,"하락  7,000",819000.0,827000.0,812000.0,48300.0,엔씨소프트,036570
2021-08-11,790000.0,"하락  25,000",813000.0,814000.0,784000.0,140713.0,엔씨소프트,036570
2021-08-12,806000.0,"상승  16,000",796000.0,806000.0,774000.0,132552.0,엔씨소프트,036570
2021-08-13,786000.0,"하락  20,000",806000.0,806000.0,780000.0,106869.0,엔씨소프트,036570
2021-08-17,771000.0,"하락  15,000",786000.0,793000.0,766000.0,96478.0,엔씨소프트,036570
2021-08-18,788000.0,"상승  17,000",766000.0,790000.0,763000.0,97227.0,엔씨소프트,036570
2021-08-19,853000.0,"상승  65,000",780000.0,858000.0,776000.0,462871.0,엔씨소프트,036570
2021-08-20,826000.0,"하락  27,000",859000.0,860000.0,820000.0,213974.0,엔씨소프트,036570
2021-08-23,824000.0,"하락  2,000",835000.0,843000.0,820000.0,98003.0,엔씨소프트,036570
2021-08-24,847000.0,"상승  23,000",829000.0,853000.0,822000.0,148646.0,엔씨소프트,036570
2021-08-25,837000.0,"하락  10,000",845000.0,853000.0,833000.0,112832.0,엔씨소프트,036570
2021-08-26,709000.0,"하락  128,000",776000.0,788000.0,706000.0,1048836.0,엔씨소프트,036570
2021-08-27,659000.0,"하락  50,000",686000.0,693000.0,650000.0,1048784.0,엔씨소프트,036570
2021-08-30,649000.0,"하락  10,000",660000.0,661000.0,634000.0,647555.0,엔씨소프트,036570
2021-08-31,660000.0,"상승  11,000",645000.0,660000.0,644000.0,536884.0,엔씨소프트,036570
2021-09-01,637000.0,"하락  23,000",652000.0,655000.0,635000.0,416109.0,엔씨소프트,036570
2021-09-02,633000.0,"하락  4,000",635000.0,644000.0,627000.0,325788.0,엔씨소프트,036570
2021-09-03,622000.0,"하락  11,000",633000.0,639000.0,621000.0,339807.0,엔씨소프트,036570
2021-09-06,633000.0,"상승  11,000",623000.0,634000.0,621000.0,318363.0,엔씨소프트,036570
2021-09-07,616000.0,"하락  17,000",636000.0,637000.0,612000.0,404637.0,엔씨소프트,036570
2021-09-08,612000.0,"하락  4,000",625000.0,626000.0,612000.0,356279.0,엔씨소프트,036570
2021-09-09,611000.0,"하락  1,000",606000.0,613000.0,599000.0,402540.0,엔씨소프트,036570
2021-09-10,607000.0,"하락  4,000",608000.0,611000.0,601000.0,192941.0,엔씨소프트,036570
2021-09-13,591000.0,"하락  16,000",608000.0,613000.0,585000.0,311165.0,엔씨소프트,036570
2021-09-14,599000.0,"상승  8,000",587000.0,604000.0,585000.0,215604.0,엔씨소프트,036570
2021-09-15,596000.0,"하락  3,000",592000.0,603000.0,592000.0,153174.0,엔씨소프트,036570
2021-09-16,589000.0,"하락  7,000",598000.0,602000.0,585000.0,156629.0,엔씨소프트,036570
2021-09-17,587000.0,"하락  2,000",588000.0,592000.0,580000.0,197939.0,엔씨소프트,036570
2021-09-23,584000.0,"하락  3,000",580000.0,599000.0,579000.0,229079.0,엔씨소프트,036570
2021-09-24,596000.0,"상승  12,000",584000.0,599000.0,584000.0,211003.0,엔씨소프트,036570
2021-09-27,583000.0,"하락  13,000",592000.0,598000.0,582000.0,169276.0,엔씨소프트,036570
2021-09-28,571000.0,"하락  12,000",582000.0,585000.0,571000.0,167510.0,엔씨소프트,036570
2021-09-29,574000.0,"상승  3,000",561000.0,577000.0,558000.0,172387.0,엔씨소프트,036570
2021-09-30,603000.0,"상승  29,000",573000.0,618000.0,573000.0,553567.0,엔씨소프트,036570
2021-10-01,595000.0,"하락  8,000",608000.0,610000.0,593000.0,236723.0,엔씨소프트,036570
2021-10-05,563000.0,"하락  32,000",586000.0,595000.0,562000.0,264045.0,엔씨소프트,036570
2021-10-06,560000.0,"하락  3,000",565000.0,577000.0,559000.0,196509.0,엔씨소프트,036570
2021-10-07,571000.0,"상승  11,000",561000.0,581000.0,561000.0,181281.0,엔씨소프트,036570
2021-10-08,578000.0,"상승  7,000",571000.0,585000.0,566000.0,101743.0,엔씨소프트,036570
2021-10-12,558000.0,"하락  20,000",573000.0,578000.0,555000.0,151971.0,엔씨소프트,036570
2021-10-13,576000.0,"상승  18,000",559000.0,581000.0,559000.0,158836.0,엔씨소프트,036570
2021-10-14,582000.0,"상승  6,000",573000.0,584000.0,573000.0,113142.0,엔씨소프트,036570
2021-10-15,607000.0,"상승  25,000",585000.0,611000.0,585000.0,246295.0,엔씨소프트,036570
2021-10-18,596000.0,"하락  11,000",610000.0,610000.0,593000.0,150754.0,엔씨소프트,036570
2021-10-19,629000.0,"상승  33,000",610000.0,630000.0,609000.0,297797.0,엔씨소프트,036570
2021-10-20,624000.0,"하락  5,000",632000.0,639000.0,619000.0,206803.0,엔씨소프트,036570
2021-10-21,619000.0,"하락  5,000",624000.0,630000.0,617000.0,117132.0,엔씨소프트,036570
2021-10-22,628000.0,"상승  9,000",615000.0,628000.0,615000.0,98729.0,엔씨소프트,036570
2021-10-25,622000.0,"하락  6,000",627000.0,631000.0,615000.0,109647.0,엔씨소프트,036570
2021-10-26,627000.0,"상승  5,000",625000.0,632000.0,620000.0,144237.0,엔씨소프트,036570
2021-10-27,639000.0,"상승  12,000",627000.0,642000.0,624000.0,170523.0,엔씨소프트,036570
2021-10-28,621000.0,"하락  18,000",638000.0,639000.0,621000.0,146467.0,엔씨소프트,036570
2021-10-29,627000.0,"상승  6,000",625000.0,633000.0,615000.0,135990.0,엔씨소프트,036570
2021-11-01,648000.0,"상승  21,000",633000.0,654000.0,625000.0,255925.0,엔씨소프트,036570
2021-11-02,643000.0,"하락  5,000",648000.0,651000.0,638000.0,196240.0,엔씨소프트,036570
2021-11-03,657000.0,"상승  14,000",644000.0,667000.0,634000.0,460304.0,엔씨소프트,036570
2021-11-04,595000.0,"하락  62,000",610000.0,630000.0,567000.0,1349029.0,엔씨소프트,036570
2021-11-05,624000.0,"상승  29,000",603000.0,631000.0,595000.0,713135.0,엔씨소프트,036570
2021-11-08,629000.0,"상승  5,000",665000.0,665000.0,618000.0,621616.0,엔씨소프트,036570
2021-11-09,627000.0,"하락  2,000",629000.0,638000.0,620000.0,229981.0,엔씨소프트,036570
2021-11-10,605000.0,"하락  22,000",623000.0,627000.0,594000.0,371237.0,엔씨소프트,036570
2021-11-11,786000.0,"상한가  181,000",590000.0,786000.0,589000.0,3655331.0,엔씨소프트,036570
2021-11-12,715000.0,"하락  71,000",757000.0,776000.0,694000.0,1418735.0,엔씨소프트,036570
2021-11-15,660000.0,"하락  55,000",707000.0,738000.0,648000.0,1243312.0,엔씨소프트,036570
2021-11-16,705000.0,"상승  45,000",670000.0,712000.0,660000.0,881816.0,엔씨소프트,036570
2021-11-17,725000.0,"상승  20,000",713000.0,739000.0,712000.0,595201.0,엔씨소프트,036570
2021-11-18,760000.0,"상승  35,000",734000.0,770000.0,715000.0,687280.0,엔씨소프트,036570
2021-11-19,750000.0,"하락  10,000",750000.0,773000.0,747000.0,287805.0,엔씨소프트,036570
2021-11-22,748000.0,"하락  2,000",729000.0,749000.0,706000.0,353347.0,엔씨소프트,036570
2021-11-23,708000.0,"하락  40,000",733000.0,749000.0,704000.0,333227.0,엔씨소프트,036570
2021-11-24,710000.0,"상승  2,000",708000.0,724000.0,704000.0,215946.0,엔씨소프트,036570
2021-11-25,700000.0,"하락  10,000",722000.0,736000.0,697000.0,293337.0,엔씨소프트,036570
2021-11-26,695000.0,"하락  5,000",706000.0,719000.0,688000.0,251704.0,엔씨소프트,036570
2021-11-29,689000.0,"하락  6,000",683000.0,711000.0,682000.0,291632.0,엔씨소프트,036570
2021-11-30,681000.0,"하락  8,000",693000.0,704000.0,681000.0,346895.0,엔씨소프트,036570
2021-12-01,701000.0,"상승  20,000",695000.0,718000.0,686000.0,288900.0,엔씨소프트,036570
2021-12-02,690000.0,"하락  11,000",701000.0,709000.0,673000.0,229201.0,엔씨소프트,036570
2021-12-03,728000.0,"상승  38,000",706000.0,739000.0,699000.0,352625.0,엔씨소프트,036570
2021-12-06,712000.0,"하락  16,000",724000.0,731000.0,710000.0,168956.0,엔씨소프트,036570
2021-12-07,717000.0,"상승  5,000",723000.0,736000.0,712000.0,222365.0,엔씨소프트,036570
2021-12-08,732000.0,"상승  15,000",731000.0,747000.0,726000.0,279082.0,엔씨소프트,036570
2021-12-09,737000.0,"상승  5,000",742000.0,753000.0,728000.0,279949.0,엔씨소프트,036570
2021-12-10,727000.0,"하락  10,000",737000.0,742000.0,722000.0,157302.0,엔씨소프트,036570
2021-12-13,714000.0,"하락  13,000",727000.0,730000.0,710000.0,149373.0,엔씨소프트,036570
2021-12-14,697000.0,"하락  17,000",710000.0,711000.0,688000.0,190779.0,엔씨소프트,036570
2021-12-15,673000.0,"하락  24,000",690000.0,697000.0,667000.0,266446.0,엔씨소프트,036570
2021-12-16,680000.0,"상승  7,000",674000.0,680000.0,661000.0,211953.0,엔씨소프트,036570
2021-12-17,670000.0,"하락  10,000",669000.0,679000.0,666000.0,232203.0,엔씨소프트,036570
2021-12-20,655000.0,"하락  15,000",667000.0,675000.0,655000.0,142411.0,엔씨소프트,036570
2021-12-21,663000.0,"상승  8,000",654000.0,672000.0,648000.0,105016.0,엔씨소프트,036570
2021-12-22,665000.0,"상승  2,000",670000.0,677000.0,664000.0,74586.0,엔씨소프트,036570
2021-12-23,656000.0,"하락  9,000",665000.0,671000.0,651000.0,124253.0,엔씨소프트,036570
2021-12-24,656000.0,보합0,658000.0,666000.0,654000.0,88674.0,엔씨소프트,036570
2021-12-27,657000.0,"상승  1,000",658000.0,662000.0,646000.0,99039.0,엔씨소프트,036570
2021-12-28,656000.0,"하락  1,000",660000.0,661000.0,653000.0,109106.0,엔씨소프트,036570
2021-12-29,660000.0,"상승  4,000",661000.0,665000.0,656000.0,106055.0,엔씨소프트,036570
2021-12-30,643000.0,"하락  17,000",660000.0,660000.0,643000.0,135434.0,엔씨소프트,036570
2022-01-03,667000.0,"상승  24,000",645000.0,689000.0,644000.0,237394.0,엔씨소프트,036570
2022-01-04,657000.0,"하락  10,000",662000.0,669000.0,654000.0,111602.0,엔씨소프트,036570
2022-01-05,625000.0,"하락  32,000",652000.0,654000.0,622000.0,196204.0,엔씨소프트,036570
2022-01-06,601000.0,"하락  24,000",617000.0,622000.0,599000.0,206173.0,엔씨소프트,036570
2022-01-07,606000.0,"상승  5,000",606000.0,620000.0,603000.0,125308.0,엔씨소프트,036570
2022-01-10,614000.0,"상승  8,000",604000.0,619000.0,600000.0,101203.0,엔씨소프트,036570
2022-01-11,604000.0,"하락  10,000",609000.0,622000.0,601000.0,146671.0,엔씨소프트,036570
2022-01-12,616000.0,"상승  12,000",609000.0,623000.0,608000.0,113698.0,엔씨소프트,036570
2022-01-13,605000.0,"하락  11,000",611000.0,618000.0,604000.0,138024.0,엔씨소프트,036570
2022-01-14,583000.0,"하락  22,000",598000.0,599000.0,572000.0,232460.0,엔씨소프트,036570
2022-01-17,588000.0,"상승  5,000",574000.0,595000.0,573000.0,101567.0,엔씨소프트,036570
2022-01-18,578000.0,"하락  10,000",587000.0,599000.0,576000.0,81971.0,엔씨소프트,036570
2022-01-19,582000.0,"상승  4,000",578000.0,584000.0,574000.0,108563.0,엔씨소프트,036570
2022-01-20,578000.0,"하락  4,000",582000.0,585000.0,568000.0,126446.0,엔씨소프트,036570
2022-01-21,565000.0,"하락  13,000",572000.0,582000.0,563000.0,192639.0,엔씨소프트,036570
2022-01-24,567000.0,"상승  2,000",564000.0,576000.0,563000.0,142063.0,엔씨소프트,036570
2022-01-25,558000.0,"하락  9,000",573000.0,579000.0,557000.0,178822.0,엔씨소프트,036570
2022-01-26,562000.0,"상승  4,000",558000.0,572000.0,558000.0,132939.0,엔씨소프트,036570
2022-01-27,536000.0,"하락  26,000",563000.0,565000.0,531000.0,225429.0,엔씨소프트,036570
2022-01-28,536000.0,보합0,537000.0,544000.0,522000.0,230623.0,엔씨소프트,036570
2022-02-03,532000.0,"하락  4,000",537000.0,545000.0,525000.0,238330.0,엔씨소프트,036570
2022-02-04,530000.0,"하락  2,000",532000.0,537000.0,517000.0,310866.0,엔씨소프트,036570
2022-02-07,540000.0,"상승  10,000",535000.0,546000.0,529000.0,201268.0,엔씨소프트,036570
2022-02-08,540000.0,보합0,543000.0,557000.0,535000.0,149213.0,엔씨소프트,036570
2022-02-09,540000.0,보합0,546000.0,549000.0,537000.0,85492.0,엔씨소프트,036570
2022-02-10,550000.0,"상승  10,000",551000.0,565000.0,546000.0,251453.0,엔씨소프트,036570
2022-02-11,511000.0,"하락  39,000",541000.0,543000.0,509000.0,623308.0,엔씨소프트,036570
2022-02-14,510000.0,"하락  1,000",499500.0,513000.0,497000.0,217183.0,엔씨소프트,036570
2022-02-15,513000.0,"상승  3,000",510000.0,529000.0,509000.0,181104.0,엔씨소프트,036570
2022-02-16,492500.0,"하락  20,500",482500.0,497000.0,474500.0,538594.0,엔씨소프트,036570
2022-02-17,501000.0,"상승  8,500",493500.0,512000.0,488000.0,265895.0,엔씨소프트,036570
2022-02-18,492500.0,"하락  8,500",493500.0,497000.0,487000.0,242560.0,엔씨소프트,036570
2022-02-21,484000.0,"하락  8,500",488000.0,488000.0,478000.0,246768.0,엔씨소프트,036570
2022-02-22,462500.0,"하락  21,500",472000.0,472500.0,459000.0,331754.0,엔씨소프트,036570
2022-02-23,463500.0,"상승  1,000",466000.0,466500.0,461000.0,243012.0,엔씨소프트,036570
2022-02-24,448500.0,"하락  15,000",455000.0,457000.0,443500.0,324246.0,엔씨소프트,036570
2022-02-25,444000.0,"하락  4,500",452500.0,454000.0,442500.0,327605.0,엔씨소프트,036570
2022-02-28,443500.0,하락  500,435000.0,447500.0,432000.0,457922.0,엔씨소프트,036570
2022-03-02,452000.0,"상승  8,500",448000.0,458000.0,446000.0,206859.0,엔씨소프트,036570
2022-03-03,459500.0,"상승  7,500",455000.0,460000.0,450500.0,125339.0,엔씨소프트,036570
2022-03-04,437000.0,"하락  22,500",457500.0,457500.0,436500.0,250754.0,엔씨소프트,036570
2022-03-07,424500.0,"하락  12,500",430000.0,432000.0,423000.0,162273.0,엔씨소프트,036570
2022-03-08,430500.0,"상승  6,000",417000.0,437000.0,417000.0,186265.0,엔씨소프트,036570
2022-03-10,443500.0,"상승  13,000",439500.0,452000.0,439500.0,237760.0,엔씨소프트,036570
2022-03-11,452000.0,"상승  8,500",449500.0,460000.0,444500.0,210603.0,엔씨소프트,036570
2022-03-14,444500.0,"하락  7,500",457000.0,458000.0,442500.0,158520.0,엔씨소프트,036570
2022-03-15,440000.0,"하락  4,500",440000.0,445000.0,432000.0,106615.0,엔씨소프트,036570
2022-03-16,440000.0,보합0,444500.0,448500.0,435500.0,112638.0,엔씨소프트,036570
2022-03-17,467000.0,"상승  27,000",448500.0,476500.0,448500.0,270376.0,엔씨소프트,036570
2022-03-18,467000.0,보합0,471000.0,472000.0,462500.0,133139.0,엔씨소프트,036570
2022-03-21,463500.0,"하락  3,500",474500.0,481000.0,463500.0,155547.0,엔씨소프트,036570
2022-03-22,463000.0,하락  500,465000.0,467500.0,460000.0,89919.0,엔씨소프트,036570
2022-03-23,469000.0,"상승  6,000",467000.0,476500.0,465500.0,107935.0,엔씨소프트,036570
2022-03-24,462500.0,"하락  6,500",465500.0,467500.0,458500.0,90061.0,엔씨소프트,036570
2022-03-25,463500.0,"상승  1,000",464500.0,469000.0,462000.0,69691.0,엔씨소프트,036570
2022-03-28,457000.0,"하락  6,500",460500.0,460500.0,444000.0,108484.0,엔씨소프트,036570
2022-03-29,462000.0,"상승  5,000",457000.0,468000.0,455500.0,71994.0,엔씨소프트,036570
2022-03-30,465000.0,"상승  3,000",465000.0,473500.0,462000.0,96179.0,엔씨소프트,036570
2022-03-31,467500.0,"상승  2,500",467000.0,479500.0,464500.0,140432.0,엔씨소프트,036570
2022-04-01,467000.0,하락  500,465000.0,467500.0,458000.0,72574.0,엔씨소프트,036570
2022-04-04,476000.0,"상승  9,000",465500.0,479000.0,460500.0,125127.0,엔씨소프트,036570
2022-04-05,480000.0,"상승  4,000",479000.0,485000.0,473000.0,112974.0,엔씨소프트,036570
2022-04-06,474000.0,"하락  6,000",475000.0,483500.0,469000.0,96750.0,엔씨소프트,036570
2022-04-07,462000.0,"하락  12,000",469000.0,471500.0,462000.0,103079.0,엔씨소프트,036570
2022-04-08,458000.0,"하락  4,000",462500.0,466500.0,453500.0,87055.0,엔씨소프트,036570
2022-04-11,453500.0,"하락  4,500",450500.0,459000.0,449000.0,59322.0,엔씨소프트,036570
2022-04-12,458000.0,"상승  4,500",452000.0,461500.0,446500.0,100684.0,엔씨소프트,036570
2022-04-13,458500.0,상승  500,455000.0,462000.0,453000.0,63106.0,엔씨소프트,036570
2022-04-14,447000.0,"하락  11,500",459000.0,459000.0,447000.0,122783.0,엔씨소프트,036570
2022-04-15,443000.0,"하락  4,000",447000.0,448500.0,440000.0,66988.0,엔씨소프트,036570
2022-04-18,438500.0,"하락  4,500",440500.0,443000.0,437500.0,53410.0,엔씨소프트,036570
2022-04-19,439500.0,"상승  1,000",442000.0,445000.0,439000.0,46920.0,엔씨소프트,036570
2022-04-20,440000.0,상승  500,440000.0,441500.0,436500.0,57692.0,엔씨소프트,036570
2022-04-21,437000.0,"하락  3,000",440500.0,442000.0,437000.0,55971.0,엔씨소프트,036570
2022-04-22,422500.0,"하락  14,500",432500.0,434500.0,419000.0,116904.0,엔씨소프트,036570
2022-04-25,412500.0,"하락  10,000",415000.0,420000.0,412500.0,85605.0,엔씨소프트,036570
2022-04-26,420000.0,"상승  7,500",413000.0,424500.0,412500.0,88379.0,엔씨소프트,036570
2022-04-27,410000.0,"하락  10,000",409000.0,411000.0,406000.0,108179.0,엔씨소프트,036570
2022-04-28,412500.0,"상승  2,500",412000.0,416500.0,408000.0,72140.0,엔씨소프트,036570
2022-04-29,421500.0,"상승  9,000",413500.0,422000.0,411000.0,86030.0,엔씨소프트,036570
2022-05-02,425000.0,"상승  3,500",415000.0,430500.0,414500.0,88322.0,엔씨소프트,036570
2022-05-03,432500.0,"상승  7,500",424500.0,435000.0,424000.0,75191.0,엔씨소프트,036570
2022-05-04,423000.0,"하락  9,500",432500.0,434500.0,419000.0,103064.0,엔씨소프트,036570
2022-05-06,414000.0,"하락  9,000",417000.0,417000.0,410500.0,55006.0,엔씨소프트,036570
2022-05-09,411000.0,"하락  3,000",408500.0,415000.0,408000.0,54378.0,엔씨소프트,036570
2022-05-10,408000.0,"하락  3,000",407000.0,411000.0,395500.0,110344.0,엔씨소프트,036570
2022-05-11,413000.0,"상승  5,000",404000.0,414500.0,404000.0,68474.0,엔씨소프트,036570
2022-05-12,398500.0,"하락  14,500",405000.0,413500.0,398500.0,153743.0,엔씨소프트,036570
2022-05-13,439500.0,"상승  41,000",430000.0,452500.0,421000.0,497078.0,엔씨소프트,036570
2022-05-16,420500.0,"하락  19,000",445000.0,449000.0,420500.0,160517.0,엔씨소프트,036570
2022-05-17,421500.0,"상승  1,000",420500.0,424500.0,416500.0,103457.0,엔씨소프트,036570
2022-05-18,435500.0,"상승  14,000",423000.0,436500.0,423000.0,139569.0,엔씨소프트,036570
2022-05-19,429500.0,"하락  6,000",425500.0,437500.0,422500.0,117248.0,엔씨소프트,036570
2022-05-20,450000.0,"상승  20,500",431500.0,450000.0,430000.0,147275.0,엔씨소프트,036570
2022-05-23,455000.0,"상승  5,000",449500.0,457000.0,445500.0,103258.0,엔씨소프트,036570
2022-05-24,442500.0,"하락  12,500",451000.0,454500.0,441500.0,72359.0,엔씨소프트,036570
2022-05-25,444500.0,"상승  2,000",446500.0,450000.0,437000.0,88365.0,엔씨소프트,036570
2022-05-26,454500.0,"상승  10,000",444000.0,462000.0,443500.0,148982.0,엔씨소프트,036570
2022-05-27,451000.0,"하락  3,500",460500.0,462500.0,448500.0,64043.0,엔씨소프트,036570
2022-05-30,456000.0,"상승  5,000",455500.0,459500.0,453000.0,59645.0,엔씨소프트,036570
2022-05-31,455000.0,"하락  1,000",458500.0,458500.0,451000.0,193455.0,엔씨소프트,036570
2022-06-02,456000.0,"상승  1,000",455000.0,456000.0,442500.0,88186.0,엔씨소프트,036570
2022-06-03,449500.0,"하락  6,500",457000.0,459500.0,447500.0,72734.0,엔씨소프트,036570
2022-06-07,441500.0,"하락  8,000",443500.0,446000.0,438000.0,79090.0,엔씨소프트,036570
2022-06-08,459000.0,"상승  17,500",443000.0,464000.0,440500.0,129839.0,엔씨소프트,036570
2022-06-09,465500.0,"상승  6,500",457500.0,472500.0,455000.0,189197.0,엔씨소프트,036570
2022-06-10,457000.0,"하락  8,500",461000.0,467500.0,456000.0,85094.0,엔씨소프트,036570
2022-06-13,436500.0,"하락  20,500",447000.0,449500.0,432000.0,113403.0,엔씨소프트,036570
2022-06-14,427000.0,"하락  9,500",430000.0,436000.0,422500.0,100198.0,엔씨소프트,036570
2022-06-15,411000.0,"하락  16,000",425500.0,429500.0,407500.0,114187.0,엔씨소프트,036570
2022-06-16,401000.0,"하락  10,000",417000.0,421500.0,400500.0,122400.0,엔씨소프트,036570
2022-06-17,398000.0,"하락  3,000",390500.0,404500.0,390000.0,155193.0,엔씨소프트,036570
2022-06-20,399500.0,"상승  1,500",405500.0,409000.0,394500.0,98357.0,엔씨소프트,036570
2022-06-21,411500.0,"상승  12,000",400000.0,415500.0,399500.0,113707.0,엔씨소프트,036570
2022-06-22,404500.0,"하락  7,000",412500.0,413000.0,403000.0,104767.0,엔씨소프트,036570
2022-06-23,418500.0,"상승  14,000",405000.0,431000.0,404500.0,212504.0,엔씨소프트,036570
2022-06-24,435000.0,"상승  16,500",419500.0,436000.0,419500.0,102099.0,엔씨소프트,036570
2022-06-27,417500.0,"하락  17,500",435000.0,435000.0,417500.0,126766.0,엔씨소프트,036570
2022-06-28,398500.0,"하락  19,000",417500.0,418000.0,397000.0,250472.0,엔씨소프트,036570
2022-06-29,388500.0,"하락  10,000",394500.0,398500.0,387000.0,145881.0,엔씨소프트,036570
2022-06-30,349500.0,"하락  39,000",385000.0,386500.0,349500.0,442923.0,엔씨소프트,036570
2022-07-01,350000.0,상승  500,353500.0,357500.0,347500.0,175587.0,엔씨소프트,036570
2022-07-04,354500.0,"상승  4,500",350500.0,358000.0,349500.0,123724.0,엔씨소프트,036570
2022-07-05,362500.0,"상승  8,000",355000.0,370500.0,355000.0,146662.0,엔씨소프트,036570
2022-07-06,360500.0,"하락  2,000",360500.0,370500.0,358500.0,152793.0,엔씨소프트,036570
2022-07-07,376000.0,"상승  15,500",364000.0,377500.0,364000.0,144863.0,엔씨소프트,036570
2022-07-08,373500.0,"하락  2,500",378000.0,378500.0,372500.0,98436.0,엔씨소프트,036570
2022-07-11,363500.0,"하락  10,000",371000.0,375000.0,361000.0,89594.0,엔씨소프트,036570
2022-07-12,358000.0,"하락  5,500",361500.0,365500.0,355000.0,82614.0,엔씨소프트,036570
2022-07-13,366500.0,"상승  8,500",360500.0,369500.0,357500.0,78174.0,엔씨소프트,036570
2022-07-14,367500.0,"상승  1,000",362000.0,373000.0,361000.0,109444.0,엔씨소프트,036570
2022-07-15,363500.0,"하락  4,000",369000.0,373000.0,361000.0,60211.0,엔씨소프트,036570
2022-07-18,367500.0,"상승  4,000",366500.0,371000.0,362500.0,59598.0,엔씨소프트,036570
2022-07-19,367500.0,보합0,368000.0,370000.0,364000.0,37041.0,엔씨소프트,036570
2022-07-20,372000.0,"상승  4,500",372500.0,380000.0,368500.0,108095.0,엔씨소프트,036570
2022-07-21,376000.0,"상승  4,000",372000.0,379500.0,369500.0,105212.0,엔씨소프트,036570
2022-07-22,373500.0,"하락  2,500",374500.0,380500.0,373500.0,66150.0,엔씨소프트,036570
2022-07-25,370000.0,"하락  3,500",373500.0,375500.0,361000.0,83050.0,엔씨소프트,036570
2022-07-26,369500.0,하락  500,368000.0,371000.0,365500.0,57512.0,엔씨소프트,036570
2022-07-27,362500.0,"하락  7,000",369000.0,370000.0,361500.0,70268.0,엔씨소프트,036570
2022-07-28,364500.0,"상승  2,000",367500.0,371500.0,362500.0,55318.0,엔씨소프트,036570
2022-07-29,372500.0,"상승  8,000",367500.0,381000.0,367000.0,137501.0,엔씨소프트,036570
2022-08-01,373000.0,상승  500,372500.0,375500.0,369500.0,48674.0,엔씨소프트,036570
2022-08-02,366500.0,"하락  6,500",373000.0,373000.0,365000.0,66568.0,엔씨소프트,036570
2022-08-03,380500.0,"상승  14,000",366500.0,386500.0,365500.0,137306.0,엔씨소프트,036570
2022-08-04,385500.0,"상승  5,000",384500.0,389000.0,382000.0,111758.0,엔씨소프트,036570
2022-08-05,387500.0,"상승  2,000",388500.0,395000.0,384500.0,93431.0,엔씨소프트,036570
2022-08-08,388500.0,"상승  1,000",383500.0,390500.0,380500.0,50862.0,엔씨소프트,036570
2022-08-09,412000.0,"상승  23,500",388500.0,417500.0,383500.0,272759.0,엔씨소프트,036570
2022-08-10,393500.0,"하락  18,500",409000.0,413000.0,392500.0,145587.0,엔씨소프트,036570
2022-08-11,405000.0,"상승  11,500",399500.0,407000.0,398500.0,129476.0,엔씨소프트,036570
2022-08-12,385000.0,"하락  20,000",402000.0,402500.0,382500.0,314496.0,엔씨소프트,036570
2022-08-16,378000.0,"하락  7,000",379500.0,380000.0,368000.0,202248.0,엔씨소프트,036570
2022-08-17,382500.0,"상승  4,500",379000.0,384500.0,375500.0,107508.0,엔씨소프트,036570
2022-08-18,382500.0,보합0,379000.0,386000.0,377000.0,65992.0,엔씨소프트,036570
2022-08-19,374500.0,"하락  8,000",381500.0,383000.0,374500.0,62056.0,엔씨소프트,036570
2022-08-22,372500.0,"하락  2,000",370500.0,373500.0,365000.0,63890.0,엔씨소프트,036570
2022-08-23,363500.0,"하락  9,000",369000.0,374500.0,363500.0,72891.0,엔씨소프트,036570
2022-08-24,361000.0,"하락  2,500",365000.0,367000.0,360000.0,62121.0,엔씨소프트,036570
2022-08-25,368500.0,"상승  7,500",361500.0,373000.0,361500.0,54576.0,엔씨소프트,036570
2022-08-26,368500.0,보합0,369000.0,376000.0,367500.0,56871.0,엔씨소프트,036570
2022-08-29,359500.0,"하락  9,000",359500.0,361500.0,351500.0,98005.0,엔씨소프트,036570
2022-08-30,372000.0,"상승  12,500",359000.0,373500.0,359000.0,64585.0,엔씨소프트,036570
2022-08-31,378500.0,"상승  6,500",368000.0,379500.0,366000.0,77287.0,엔씨소프트,036570
2022-09-01,377000.0,"하락  1,500",374500.0,380000.0,371500.0,80965.0,엔씨소프트,036570
2022-09-02,368000.0,"하락  9,000",377000.0,382000.0,365500.0,91875.0,엔씨소프트,036570
2022-09-05,377500.0,"상승  9,500",368500.0,384000.0,368000.0,80910.0,엔씨소프트,036570
2022-09-06,374500.0,"하락  3,000",380000.0,380500.0,372000.0,41138.0,엔씨소프트,036570
2022-09-07,368500.0,"하락  6,000",372000.0,373500.0,365500.0,46861.0,엔씨소프트,036570
2022-09-08,371500.0,"상승  3,000",371500.0,383000.0,370500.0,116331.0,엔씨소프트,036570
2022-09-13,382500.0,"상승  11,000",380000.0,386500.0,379500.0,74764.0,엔씨소프트,036570
2022-09-14,372500.0,"하락  10,000",367000.0,379000.0,367000.0,72772.0,엔씨소프트,036570
2022-09-15,368500.0,"하락  4,000",375000.0,377500.0,367000.0,50201.0,엔씨소프트,036570
2022-09-16,368000.0,하락  500,365500.0,372000.0,363000.0,66015.0,엔씨소프트,036570
2022-09-19,353000.0,"하락  15,000",368000.0,370500.0,351500.0,102295.0,엔씨소프트,036570
2022-09-20,357000.0,"상승  4,000",358000.0,364000.0,355000.0,62410.0,엔씨소프트,036570
2022-09-21,356500.0,하락  500,352000.0,359000.0,352000.0,46591.0,엔씨소프트,036570
2022-09-22,347000.0,"하락  9,500",350000.0,354500.0,346500.0,85936.0,엔씨소프트,036570
2022-09-23,330000.0,"하락  17,000",349000.0,349000.0,325000.0,138112.0,엔씨소프트,036570
2022-09-26,327000.0,"하락  3,000",327000.0,335000.0,325000.0,100750.0,엔씨소프트,036570
2022-09-27,329000.0,"상승  2,000",328500.0,337000.0,321000.0,111345.0,엔씨소프트,036570
2022-09-28,323500.0,"하락  5,500",324500.0,331000.0,318500.0,87924.0,엔씨소프트,036570
2022-09-29,334500.0,"상승  11,000",327000.0,342500.0,326500.0,98931.0,엔씨소프트,036570
2022-09-30,346000.0,"상승  11,500",334500.0,349000.0,330500.0,114853.0,엔씨소프트,036570
2022-10-04,356000.0,"상승  10,000",349000.0,358000.0,345000.0,96425.0,엔씨소프트,036570
2022-10-05,346500.0,"하락  9,500",357000.0,359500.0,343000.0,76530.0,엔씨소프트,036570
2022-10-06,350500.0,"상승  4,000",346500.0,356500.0,343500.0,50969.0,엔씨소프트,036570
2022-10-07,349000.0,"하락  1,500",347000.0,352500.0,344000.0,78955.0,엔씨소프트,036570
2022-10-11,336000.0,"하락  13,000",344000.0,344500.0,329500.0,93937.0,엔씨소프트,036570
2022-10-12,337000.0,"상승  1,000",333500.0,338500.0,329000.0,62551.0,엔씨소프트,036570
2022-10-13,322500.0,"하락  14,500",339000.0,341000.0,322500.0,93182.0,엔씨소프트,036570
2022-10-14,335500.0,"상승  13,000",329000.0,336500.0,323000.0,81220.0,엔씨소프트,036570
2022-10-17,328000.0,"하락  7,500",329500.0,330000.0,324000.0,60583.0,엔씨소프트,036570
2022-10-18,355500.0,"상승  27,500",335500.0,356000.0,335500.0,161150.0,엔씨소프트,036570
2022-10-19,362500.0,"상승  7,000",355500.0,369000.0,352500.0,128667.0,엔씨소프트,036570
2022-10-20,358000.0,"하락  4,500",358500.0,363000.0,354500.0,106377.0,엔씨소프트,036570
2022-10-21,360000.0,"상승  2,000",357000.0,364000.0,349500.0,75084.0,엔씨소프트,036570
2022-10-24,370500.0,"상승  10,500",368500.0,376000.0,366500.0,100744.0,엔씨소프트,036570
2022-10-25,372500.0,"상승  2,000",371000.0,376000.0,368500.0,82069.0,엔씨소프트,036570
2022-10-26,380500.0,"상승  8,000",372500.0,390000.0,370000.0,116441.0,엔씨소프트,036570
2022-10-27,378500.0,"하락  2,000",387000.0,387500.0,377500.0,58343.0,엔씨소프트,036570
2022-10-28,383000.0,"상승  4,500",379000.0,388000.0,373500.0,65727.0,엔씨소프트,036570
2022-10-31,390000.0,"상승  7,000",387000.0,391500.0,384000.0,73188.0,엔씨소프트,036570
2022-11-01,385500.0,"하락  4,500",391000.0,394500.0,381500.0,56216.0,엔씨소프트,036570
2022-11-02,400500.0,"상승  15,000",385500.0,405500.0,385000.0,143083.0,엔씨소프트,036570
2022-11-03,385500.0,"하락  15,000",392500.0,394500.0,383000.0,87626.0,엔씨소프트,036570
2022-11-04,404500.0,"상승  19,000",382500.0,407500.0,381000.0,126982.0,엔씨소프트,036570
2022-11-07,403000.0,"하락  1,500",404000.0,411500.0,399000.0,80727.0,엔씨소프트,036570
2022-11-08,412000.0,"상승  9,000",405000.0,412000.0,399500.0,89818.0,엔씨소프트,036570
2022-11-09,411000.0,"하락  1,000",413000.0,417000.0,403500.0,83718.0,엔씨소프트,036570
2022-11-10,410000.0,"하락  1,000",409000.0,415000.0,405500.0,87163.0,엔씨소프트,036570
2022-11-11,465000.0,"상승  55,000",441000.0,476500.0,431000.0,440586.0,엔씨소프트,036570
2022-11-14,442000.0,"하락  23,000",462000.0,462500.0,440000.0,195858.0,엔씨소프트,036570
2022-11-15,456500.0,"상승  14,500",447000.0,458000.0,444000.0,137096.0,엔씨소프트,036570
2022-11-16,461000.0,"상승  4,500",458500.0,469500.0,453500.0,147285.0,엔씨소프트,036570
2022-11-17,479500.0,"상승  18,500",461000.0,479500.0,461000.0,208731.0,엔씨소프트,036570
2022-11-18,451000.0,"하락  28,500",474500.0,477500.0,449000.0,154174.0,엔씨소프트,036570
2022-11-21,459000.0,"상승  8,000",452500.0,463000.0,449000.0,100645.0,엔씨소프트,036570
2022-11-22,448500.0,"하락  10,500",459000.0,460000.0,444500.0,68234.0,엔씨소프트,036570
2022-11-23,457500.0,"상승  9,000",451000.0,466500.0,451000.0,94327.0,엔씨소프트,036570
2022-11-24,459500.0,"상승  2,000",461500.0,465000.0,455000.0,56798.0,엔씨소프트,036570
2022-11-25,453000.0,"하락  6,500",457500.0,460000.0,448500.0,67781.0,엔씨소프트,036570
2022-11-28,453000.0,보합0,449500.0,457000.0,447000.0,67445.0,엔씨소프트,036570
2022-11-29,454500.0,"상승  1,500",453000.0,457000.0,450500.0,43469.0,엔씨소프트,036570
2022-11-30,470500.0,"상승  16,000",456500.0,470500.0,455000.0,174713.0,엔씨소프트,036570
2022-12-01,464000.0,"하락  6,500",480500.0,481000.0,462500.0,64809.0,엔씨소프트,036570
2022-12-02,469500.0,"상승  5,500",464500.0,475000.0,460000.0,75419.0,엔씨소프트,036570
2022-12-05,454500.0,"하락  15,000",472500.0,474000.0,451500.0,129458.0,엔씨소프트,036570
2022-12-06,455000.0,상승  500,451000.0,462500.0,450500.0,72616.0,엔씨소프트,036570
2022-12-07,460000.0,"상승  5,000",459500.0,460000.0,452500.0,63548.0,엔씨소프트,036570
2022-12-08,466000.0,"상승  6,000",464500.0,466500.0,460500.0,88638.0,엔씨소프트,036570
2022-12-09,468000.0,"상승  2,000",469500.0,476500.0,464000.0,98990.0,엔씨소프트,036570
2022-12-12,468000.0,보합0,463500.0,471500.0,463500.0,48577.0,엔씨소프트,036570
2022-12-13,430500.0,"하락  37,500",461500.0,462000.0,424000.0,218522.0,엔씨소프트,036570
2022-12-14,453000.0,"상승  22,500",436500.0,455500.0,436500.0,171253.0,엔씨소프트,036570
2022-12-15,434000.0,"하락  19,000",453000.0,454000.0,431500.0,92393.0,엔씨소프트,036570
2022-12-16,438500.0,"상승  4,500",430000.0,439000.0,425000.0,89694.0,엔씨소프트,036570
2022-12-19,442500.0,"상승  4,000",432000.0,442500.0,431000.0,51797.0,엔씨소프트,036570
2022-12-20,438500.0,"하락  4,000",443000.0,443000.0,433000.0,48869.0,엔씨소프트,036570
2022-12-21,434500.0,"하락  4,000",444000.0,444000.0,432000.0,45281.0,엔씨소프트,036570
2022-12-22,438500.0,"상승  4,000",435000.0,439500.0,431500.0,55490.0,엔씨소프트,036570
2022-12-23,429500.0,"하락  9,000",430500.0,434500.0,426500.0,47636.0,엔씨소프트,036570
2022-12-26,432000.0,"상승  2,500",430000.0,435000.0,427500.0,40471.0,엔씨소프트,036570
2022-12-27,432000.0,보합0,437000.0,441000.0,425500.0,64630.0,엔씨소프트,036570
2022-12-28,433500.0,"상승  1,500",426000.0,439500.0,418000.0,76809.0,엔씨소프트,036570
2022-12-29,448000.0,"상승  14,500",443000.0,464500.0,443000.0,173209.0,엔씨소프트,036570
2023-01-02,431500.0,"하락  16,500",448500.0,449000.0,428500.0,69875.0,엔씨소프트,036570
2023-01-03,454000.0,"상승  22,500",433000.0,456000.0,425000.0,97157.0,엔씨소프트,036570
2023-01-04,448500.0,"하락  5,500",447000.0,451000.0,444500.0,56073.0,엔씨소프트,036570
2023-01-05,432500.0,"하락  16,000",445000.0,454000.0,432500.0,88752.0,엔씨소프트,036570
2023-01-06,428000.0,"하락  4,500",430500.0,442000.0,426000.0,93529.0,엔씨소프트,036570
2023-01-09,441000.0,"상승  13,000",430000.0,443500.0,430000.0,86163.0,엔씨소프트,036570
2023-01-10,454000.0,"상승  13,000",441000.0,457500.0,439000.0,85202.0,엔씨소프트,036570
2023-01-11,446000.0,"하락  8,000",457500.0,459000.0,443500.0,77363.0,엔씨소프트,036570
2023-01-12,449000.0,"상승  3,000",450000.0,454500.0,445000.0,85887.0,엔씨소프트,036570
2023-01-13,464000.0,"상승  15,000",456500.0,468500.0,456000.0,102033.0,엔씨소프트,036570
2023-01-16,476500.0,"상승  12,500",465000.0,480000.0,465000.0,107220.0,엔씨소프트,036570
2023-01-17,466000.0,"하락  10,500",476500.0,477000.0,465000.0,58281.0,엔씨소프트,036570
2023-01-18,474000.0,"상승  8,000",469500.0,480000.0,468500.0,71074.0,엔씨소프트,036570
2023-01-19,469000.0,"하락  5,000",467000.0,477000.0,465500.0,62843.0,엔씨소프트,036570
2023-01-20,456500.0,"하락  12,500",466000.0,467000.0,452000.0,82189.0,엔씨소프트,036570
2023-01-25,467500.0,"상승  11,000",462000.0,470000.0,460500.0,64975.0,엔씨소프트,036570
2023-01-26,472000.0,"상승  4,500",467500.0,474000.0,462500.0,56622.0,엔씨소프트,036570
2023-01-27,475500.0,"상승  3,500",471000.0,478500.0,470500.0,65231.0,엔씨소프트,036570
2023-01-30,463000.0,"하락  12,500",473000.0,479500.0,460500.0,99751.0,엔씨소프트,036570
2023-01-31,454000.0,"하락  9,000",462000.0,472000.0,454000.0,111844.0,엔씨소프트,036570
2023-02-01,458500.0,"상승  4,500",454000.0,462000.0,451500.0,78036.0,엔씨소프트,036570
2023-02-02,466000.0,"상승  7,500",464500.0,469500.0,462500.0,74803.0,엔씨소프트,036570
2023-02-03,472000.0,"상승  6,000",466000.0,473500.0,462000.0,91031.0,엔씨소프트,036570
2023-02-06,461000.0,"하락  11,000",471000.0,475000.0,461000.0,76287.0,엔씨소프트,036570
2023-02-07,467000.0,"상승  6,000",460000.0,468000.0,455500.0,64715.0,엔씨소프트,036570
2023-02-08,474500.0,"상승  7,500",469000.0,478000.0,466500.0,77175.0,엔씨소프트,036570
2023-02-09,447500.0,"하락  27,000",475000.0,475500.0,441500.0,293302.0,엔씨소프트,036570
2023-02-10,428000.0,"하락  19,500",445000.0,445000.0,426000.0,211195.0,엔씨소프트,036570
2023-02-13,428000.0,보합0,427000.0,430500.0,420000.0,121608.0,엔씨소프트,036570
2023-02-14,421500.0,"하락  6,500",429500.0,430500.0,419500.0,144662.0,엔씨소프트,036570
2023-02-15,409500.0,"하락  12,000",419000.0,419000.0,408500.0,181822.0,엔씨소프트,036570
2023-02-16,413500.0,"상승  4,000",413000.0,419000.0,411000.0,143120.0,엔씨소프트,036570
2023-02-17,413500.0,보합0,409000.0,419500.0,404000.0,108151.0,엔씨소프트,036570
2023-02-20,433500.0,"상승  20,000",415500.0,436000.0,411500.0,148392.0,엔씨소프트,036570
2023-02-21,445000.0,"상승  11,500",433500.0,447000.0,433500.0,171187.0,엔씨소프트,036570
2023-02-22,440000.0,"하락  5,000",439500.0,442500.0,435500.0,99058.0,엔씨소프트,036570
2023-02-23,452500.0,"상승  12,500",454000.0,464500.0,452000.0,201836.0,엔씨소프트,036570
2023-02-24,438500.0,"하락  14,000",451000.0,451500.0,437000.0,96751.0,엔씨소프트,036570
2023-02-27,431000.0,"하락  7,500",434000.0,437000.0,428500.0,69326.0,엔씨소프트,036570
2023-02-28,434500.0,"상승  3,500",432000.0,443000.0,431000.0,97752.0,엔씨소프트,036570
2023-03-02,432500.0,"하락  2,000",434500.0,436000.0,424000.0,113539.0,엔씨소프트,036570
2023-03-03,422500.0,"하락  10,000",436500.0,440000.0,422500.0,97813.0,엔씨소프트,036570
2023-03-06,434500.0,"상승  12,000",428500.0,444000.0,428000.0,151453.0,엔씨소프트,036570
2023-03-07,420000.0,"하락  14,500",431500.0,431500.0,419000.0,136350.0,엔씨소프트,036570
2023-03-08,410500.0,"하락  9,500",416000.0,420000.0,410000.0,124863.0,엔씨소프트,036570
2023-03-09,405000.0,"하락  5,500",414000.0,418000.0,404000.0,123220.0,엔씨소프트,036570
2023-03-10,396000.0,"하락  9,000",396000.0,399000.0,391000.0,107496.0,엔씨소프트,036570
2023-03-13,396500.0,상승  500,399500.0,400000.0,390500.0,89461.0,엔씨소프트,036570
2023-03-14,389000.0,"하락  7,500",391000.0,398000.0,387500.0,100594.0,엔씨소프트,036570
2023-03-15,380500.0,"하락  8,500",393500.0,395000.0,377500.0,130406.0,엔씨소프트,036570
2023-03-16,372500.0,"하락  8,000",374500.0,377000.0,366500.0,160198.0,엔씨소프트,036570
2023-03-17,383500.0,"상승  11,000",377500.0,383500.0,373500.0,121667.0,엔씨소프트,036570
2023-03-20,376500.0,"하락  7,000",383000.0,391500.0,376000.0,114836.0,엔씨소프트,036570
2023-03-21,379500.0,"상승  3,000",384500.0,390500.0,378500.0,106709.0,엔씨소프트,036570
2023-03-22,388500.0,"상승  9,000",385500.0,390500.0,383500.0,100697.0,엔씨소프트,036570
2023-03-23,380000.0,"하락  8,500",383000.0,385000.0,379000.0,82408.0,엔씨소프트,036570
2023-03-24,378000.0,"하락  2,000",381500.0,382000.0,372000.0,89631.0,엔씨소프트,036570
2023-03-27,372000.0,"하락  6,000",379000.0,380500.0,371500.0,70585.0,엔씨소프트,036570
2023-03-28,372500.0,상승  500,372500.0,374000.0,367500.0,91557.0,엔씨소프트,036570
2023-03-29,371000.0,"하락  1,500",372000.0,375000.0,365500.0,102447.0,엔씨소프트,036570
2023-03-30,371500.0,상승  500,371000.0,376000.0,370000.0,72852.0,엔씨소프트,036570
2023-03-31,371500.0,보합0,373500.0,374000.0,366000.0,94059.0,엔씨소프트,036570
2023-04-03,370500.0,"하락  1,000",374500.0,377500.0,370000.0,58662.0,엔씨소프트,036570
2023-04-04,385500.0,"상승  15,000",371500.0,386000.0,371500.0,110313.0,엔씨소프트,036570
2023-04-05,381000.0,"하락  4,500",384500.0,388000.0,381000.0,83629.0,엔씨소프트,036570
2023-04-06,378500.0,"하락  2,500",378000.0,385000.0,377000.0,84115.0,엔씨소프트,036570
2023-04-07,370000.0,"하락  8,500",378500.0,382000.0,370000.0,112951.0,엔씨소프트,036570
2023-04-10,371500.0,"상승  1,500",370500.0,377000.0,369000.0,66521.0,엔씨소프트,036570
2023-04-11,368500.0,"하락  3,000",370000.0,372500.0,363000.0,104639.0,엔씨소프트,036570
2023-04-12,371000.0,"상승  2,500",368500.0,371500.0,363500.0,92738.0,엔씨소프트,036570
2023-04-13,374500.0,"상승  3,500",367000.0,377500.0,367000.0,96608.0,엔씨소프트,036570
2023-04-14,380000.0,"상승  5,500",377000.0,381500.0,373000.0,114690.0,엔씨소프트,036570
2023-04-17,377000.0,"하락  3,000",380500.0,381000.0,370000.0,96352.0,엔씨소프트,036570
2023-04-18,377000.0,보합0,383000.0,388000.0,371000.0,135340.0,엔씨소프트,036570
2023-04-19,374000.0,"하락  3,000",375500.0,378500.0,372500.0,75985.0,엔씨소프트,036570
2023-04-20,371500.0,"하락  2,500",374500.0,380000.0,369000.0,77805.0,엔씨소프트,036570
2023-04-21,367000.0,"하락  4,500",369500.0,371000.0,366000.0,71258.0,엔씨소프트,036570
2023-04-24,363500.0,"하락  3,500",365500.0,370000.0,362500.0,41960.0,엔씨소프트,036570
2023-04-25,356000.0,"하락  7,500",362000.0,366000.0,355500.0,61714.0,엔씨소프트,036570
2023-04-26,367500.0,"상승  11,500",353000.0,372000.0,352500.0,94701.0,엔씨소프트,036570
2023-04-27,363000.0,"하락  4,500",365000.0,367500.0,361000.0,48629.0,엔씨소프트,036570
2023-04-28,377000.0,"상승  14,000",363500.0,381500.0,362000.0,113844.0,엔씨소프트,036570
2023-05-02,388000.0,"상승  11,000",374500.0,390000.0,372000.0,121504.0,엔씨소프트,036570
2023-05-03,392500.0,"상승  4,500",384000.0,398000.0,383500.0,103050.0,엔씨소프트,036570
2023-05-04,387500.0,"하락  5,000",386000.0,394000.0,379000.0,119381.0,엔씨소프트,036570
2023-05-08,395500.0,"상승  8,000",388000.0,400000.0,384500.0,124323.0,엔씨소프트,036570
2023-05-09,394000.0,"하락  1,500",394000.0,398000.0,387000.0,101013.0,엔씨소프트,036570
2023-05-10,387000.0,"하락  7,000",404500.0,404500.0,377000.0,248005.0,엔씨소프트,036570
2023-05-11,372500.0,"하락  14,500",383500.0,388000.0,372500.0,138162.0,엔씨소프트,036570
2023-05-12,379500.0,"상승  7,000",376000.0,382000.0,372500.0,97359.0,엔씨소프트,036570
2023-05-15,365000.0,"하락  14,500",372500.0,376000.0,364500.0,112687.0,엔씨소프트,036570
2023-05-16,367000.0,"상승  2,000",368500.0,373000.0,365500.0,65232.0,엔씨소프트,036570
2023-05-17,366500.0,하락  500,365000.0,369000.0,362000.0,62731.0,엔씨소프트,036570
2023-05-18,371000.0,"상승  4,500",367500.0,371000.0,364000.0,69131.0,엔씨소프트,036570
2023-05-19,375000.0,"상승  4,000",371000.0,377500.0,371000.0,70622.0,엔씨소프트,036570
2023-05-22,388000.0,"상승  13,000",380000.0,393000.0,378500.0,131707.0,엔씨소프트,036570
2023-05-23,388500.0,상승  500,384500.0,390000.0,382000.0,69855.0,엔씨소프트,036570
2023-05-24,382000.0,"하락  6,500",385500.0,385500.0,377500.0,96886.0,엔씨소프트,036570
2023-05-25,358000.0,"하락  24,000",362000.0,375000.0,357000.0,278650.0,엔씨소프트,036570
2023-05-26,333500.0,"하락  24,500",357000.0,359000.0,331500.0,464475.0,엔씨소프트,036570
2023-05-30,323500.0,"하락  10,000",334000.0,335000.0,320500.0,408771.0,엔씨소프트,036570
2023-05-31,321000.0,"하락  2,500",317000.0,324000.0,313000.0,647107.0,엔씨소프트,036570
2023-06-01,321000.0,보합0,323000.0,326500.0,320000.0,177303.0,엔씨소프트,036570
2023-06-02,319500.0,"하락  1,500",322500.0,325500.0,319000.0,160514.0,엔씨소프트,036570
2023-06-05,320000.0,상승  500,321500.0,322000.0,318000.0,104551.0,엔씨소프트,036570
2023-06-07,315000.0,"하락  5,000",321000.0,323500.0,315000.0,199238.0,엔씨소프트,036570
2023-06-08,311000.0,"하락  4,000",316000.0,316500.0,309500.0,247450.0,엔씨소프트,036570
2023-06-09,315000.0,"상승  4,000",313500.0,318500.0,311500.0,183416.0,엔씨소프트,036570
2023-06-12,309000.0,"하락  6,000",315000.0,318000.0,308000.0,167559.0,엔씨소프트,036570
2023-06-13,312500.0,"상승  3,500",312000.0,317500.0,311000.0,141397.0,엔씨소프트,036570
2023-06-14,308000.0,"하락  4,500",313000.0,313500.0,306500.0,140976.0,엔씨소프트,036570
2023-06-15,309000.0,"상승  1,000",309000.0,312000.0,306000.0,130445.0,엔씨소프트,036570
2023-06-16,302500.0,"하락  6,500",309000.0,310000.0,302000.0,219560.0,엔씨소프트,036570
2023-06-19,302000.0,하락  500,301500.0,305000.0,300000.0,93767.0,엔씨소프트,036570
2023-06-20,308500.0,"상승  6,500",299000.0,311500.0,299000.0,142168.0,엔씨소프트,036570
2023-06-21,301500.0,"하락  7,000",309000.0,313500.0,301000.0,122923.0,엔씨소프트,036570
2023-06-22,303000.0,"상승  1,500",301000.0,307000.0,301000.0,74379.0,엔씨소프트,036570
2023-06-23,301500.0,"하락  1,500",303500.0,304500.0,298000.0,103810.0,엔씨소프트,036570
2023-06-26,300000.0,"하락  1,500",301000.0,304000.0,298500.0,82576.0,엔씨소프트,036570
2023-06-27,299500.0,하락  500,299000.0,303000.0,297000.0,78729.0,엔씨소프트,036570
2023-06-28,298500.0,"하락  1,000",301000.0,301500.0,295500.0,74233.0,엔씨소프트,036570
2023-06-29,293500.0,"하락  5,000",298500.0,301000.0,293500.0,78211.0,엔씨소프트,036570
2023-06-30,295000.0,"상승  1,500",293500.0,295500.0,286500.0,105372.0,엔씨소프트,036570
2023-07-03,297500.0,"상승  2,500",295000.0,302000.0,295000.0,99389.0,엔씨소프트,036570
2023-07-04,294000.0,"하락  3,500",298000.0,300000.0,292500.0,83120.0,엔씨소프트,036570
2023-07-05,294000.0,보합0,294000.0,301500.0,293000.0,87384.0,엔씨소프트,036570
2023-07-06,287500.0,"하락  6,500",291500.0,295000.0,285500.0,152808.0,엔씨소프트,036570
2023-07-07,279500.0,"하락  8,000",284500.0,286500.0,279000.0,152637.0,엔씨소프트,036570
2023-07-10,281000.0,"상승  1,500",279500.0,287500.0,278500.0,109740.0,엔씨소프트,036570
2023-07-11,285500.0,"상승  4,500",282500.0,287000.0,281500.0,101099.0,엔씨소프트,036570
2023-07-12,286000.0,상승  500,287000.0,287500.0,279500.0,116417.0,엔씨소프트,036570
2023-07-13,291500.0,"상승  5,500",288500.0,296000.0,288500.0,150106.0,엔씨소프트,036570
2023-07-14,294500.0,"상승  3,000",291500.0,294500.0,289500.0,78443.0,엔씨소프트,036570
2023-07-17,291000.0,"하락  3,500",291500.0,293500.0,287000.0,75297.0,엔씨소프트,036570
2023-07-18,284500.0,"하락  6,500",291000.0,291500.0,283000.0,114562.0,엔씨소프트,036570
2023-07-19,287500.0,"상승  3,000",285000.0,291000.0,283500.0,96925.0,엔씨소프트,036570
2023-07-20,285000.0,"하락  2,500",286500.0,293000.0,285000.0,91807.0,엔씨소프트,036570
2023-07-21,285000.0,보합0,282500.0,286000.0,280000.0,67646.0,엔씨소프트,036570
2023-07-24,276000.0,"하락  9,000",285000.0,285000.0,275500.0,109381.0,엔씨소프트,036570
2023-07-25,269500.0,"하락  6,500",276000.0,277000.0,269000.0,112665.0,엔씨소프트,036570
2023-07-26,260500.0,"하락  9,000",268000.0,268500.0,255000.0,227144.0,엔씨소프트,036570
2023-07-27,271500.0,"상승  11,000",259000.0,273500.0,259000.0,178301.0,엔씨소프트,036570
2023-07-28,273000.0,"상승  1,500",268000.0,275000.0,267000.0,105838.0,엔씨소프트,036570
2023-07-31,276500.0,"상승  3,500",274500.0,279000.0,271500.0,152195.0,엔씨소프트,036570
2023-08-01,282000.0,"상승  5,500",274000.0,282500.0,273000.0,99581.0,엔씨소프트,036570
2023-08-02,278000.0,"하락  4,000",279500.0,281000.0,276000.0,64742.0,엔씨소프트,036570
2023-08-03,274000.0,"하락  4,000",276500.0,279000.0,272000.0,107472.0,엔씨소프트,036570
2023-08-04,275500.0,"상승  1,500",274500.0,279500.0,273500.0,68528.0,엔씨소프트,036570
2023-08-07,281500.0,"상승  6,000",273000.0,285000.0,270500.0,115923.0,엔씨소프트,036570
2023-08-08,278500.0,"하락  3,000",283000.0,285000.0,276500.0,75996.0,엔씨소프트,036570
2023-08-09,262500.0,"하락  16,000",274500.0,277500.0,261000.0,350159.0,엔씨소프트,036570
2023-08-10,261500.0,"하락  1,000",260000.0,266000.0,252500.0,270810.0,엔씨소프트,036570
2023-08-11,263500.0,"상승  2,000",261500.0,267500.0,259000.0,203724.0,엔씨소프트,036570
2023-08-14,262500.0,"하락  1,000",262500.0,266000.0,260000.0,71712.0,엔씨소프트,036570
2023-08-16,257000.0,"하락  5,500",259500.0,262000.0,256500.0,109513.0,엔씨소프트,036570
2023-08-17,253000.0,"하락  4,000",254500.0,256000.0,251500.0,114909.0,엔씨소프트,036570
2023-08-18,250000.0,"하락  3,000",247500.0,260000.0,242500.0,231155.0,엔씨소프트,036570
2023-08-21,256500.0,"상승  6,500",248500.0,261500.0,246500.0,139953.0,엔씨소프트,036570
2023-08-22,256500.0,보합0,256500.0,262000.0,255000.0,85116.0,엔씨소프트,036570
2023-08-23,246000.0,"하락  10,500",253000.0,254000.0,245000.0,199794.0,엔씨소프트,036570
2023-08-24,252500.0,"상승  6,500",247500.0,255500.0,246500.0,137803.0,엔씨소프트,036570
2023-08-25,247000.0,"하락  5,500",248000.0,252000.0,245500.0,117381.0,엔씨소프트,036570
2023-08-28,252000.0,"상승  5,000",250000.0,254000.0,249500.0,54222.0,엔씨소프트,036570
2023-08-29,254000.0,"상승  2,000",252500.0,257000.0,252500.0,60099.0,엔씨소프트,036570
2023-08-30,255000.0,"상승  1,000",256000.0,259000.0,254500.0,60798.0,엔씨소프트,036570
2023-08-31,251500.0,"하락  3,500",254000.0,255500.0,250500.0,102604.0,엔씨소프트,036570
2023-09-01,253500.0,"상승  2,000",250000.0,257000.0,249500.0,65286.0,엔씨소프트,036570
2023-09-04,254000.0,상승  500,253000.0,254500.0,250000.0,50214.0,엔씨소프트,036570
2023-09-05,251000.0,"하락  3,000",252500.0,255000.0,251000.0,44914.0,엔씨소프트,036570
2023-09-06,248500.0,"하락  2,500",251000.0,251500.0,247000.0,72261.0,엔씨소프트,036570
2023-09-07,247500.0,"하락  1,000",247000.0,250500.0,246000.0,57226.0,엔씨소프트,036570
2023-09-08,244500.0,"하락  3,000",247500.0,248000.0,241000.0,112150.0,엔씨소프트,036570
2023-09-11,246500.0,"상승  2,000",245000.0,248500.0,243500.0,56910.0,엔씨소프트,036570
2023-09-12,247500.0,"상승  1,000",247500.0,251000.0,246500.0,84411.0,엔씨소프트,036570
2023-09-13,243500.0,"하락  4,000",247000.0,248000.0,241500.0,73013.0,엔씨소프트,036570
2023-09-14,250500.0,"상승  7,000",243500.0,253500.0,243000.0,153905.0,엔씨소프트,036570
2023-09-15,252500.0,"상승  2,000",250000.0,253000.0,249500.0,92141.0,엔씨소프트,036570
2023-09-18,250000.0,"하락  2,500",252000.0,255000.0,250000.0,57503.0,엔씨소프트,036570
2023-09-19,249000.0,"하락  1,000",250000.0,251500.0,247000.0,53855.0,엔씨소프트,036570
2023-09-20,248000.0,"하락  1,000",247500.0,250500.0,247500.0,49957.0,엔씨소프트,036570
2023-09-21,236500.0,"하락  11,500",246500.0,247000.0,236500.0,103291.0,엔씨소프트,036570
2023-09-22,230500.0,"하락  6,000",233500.0,234000.0,226500.0,86931.0,엔씨소프트,036570
2023-09-25,229000.0,"하락  1,500",228000.0,235000.0,227000.0,78742.0,엔씨소프트,036570
2023-09-26,224500.0,"하락  4,500",227000.0,230000.0,224000.0,90464.0,엔씨소프트,036570
2023-09-27,222500.0,"하락  2,000",220000.0,227000.0,220000.0,113396.0,엔씨소프트,036570
2023-10-04,212500.0,"하락  10,000",218500.0,220000.0,212500.0,176499.0,엔씨소프트,036570
2023-10-05,213000.0,상승  500,214500.0,218000.0,212500.0,64349.0,엔씨소프트,036570
2023-10-06,214000.0,"상승  1,000",213000.0,217000.0,212500.0,46991.0,엔씨소프트,036570
2023-10-10,218500.0,"상승  4,500",218000.0,225000.0,217000.0,108595.0,엔씨소프트,036570
2023-10-11,227500.0,"상승  9,000",222000.0,231500.0,222000.0,103510.0,엔씨소프트,036570
2023-10-12,228500.0,"상승  1,000",229500.0,232000.0,227500.0,93314.0,엔씨소프트,036570
2023-10-13,225500.0,"하락  3,000",225500.0,230500.0,224000.0,51627.0,엔씨소프트,036570
2023-10-16,224000.0,"하락  1,500",223500.0,225000.0,221500.0,56386.0,엔씨소프트,036570
2023-10-17,232000.0,"상승  8,000",227000.0,235000.0,226000.0,93703.0,엔씨소프트,036570
2023-10-18,240500.0,"상승  8,500",232500.0,246500.0,232500.0,221926.0,엔씨소프트,036570
2023-10-19,237000.0,"하락  3,500",238500.0,244000.0,236000.0,148123.0,엔씨소프트,036570
2023-10-20,228500.0,"하락  8,500",234500.0,237000.0,226500.0,96175.0,엔씨소프트,036570
2023-10-23,225000.0,"하락  3,500",228500.0,229500.0,224000.0,63444.0,엔씨소프트,036570
2023-10-24,229500.0,"상승  4,500",227000.0,230500.0,220500.0,75146.0,엔씨소프트,036570
2023-10-25,228500.0,"하락  1,000",228000.0,232000.0,226500.0,48393.0,엔씨소프트,036570
2023-10-26,223000.0,"하락  5,500",225000.0,227000.0,221500.0,72976.0,엔씨소프트,036570
2023-10-27,230500.0,"상승  7,500",225000.0,233500.0,224000.0,96767.0,엔씨소프트,036570
2023-10-30,230000.0,하락  500,228000.0,233000.0,228000.0,48043.0,엔씨소프트,036570
2023-10-31,232500.0,"상승  2,500",232000.0,235000.0,229500.0,75383.0,엔씨소프트,036570
2023-11-01,235000.0,"상승  2,500",236500.0,237000.0,231000.0,78550.0,엔씨소프트,036570
2023-11-02,238000.0,"상승  3,000",239500.0,240500.0,223000.0,171531.0,엔씨소프트,036570
2023-11-03,258500.0,"상승  20,500",241000.0,264000.0,241000.0,358427.0,엔씨소프트,036570
2023-11-06,259000.0,상승  500,259000.0,259000.0,248000.0,209898.0,엔씨소프트,036570
2023-11-07,256500.0,"하락  2,500",255500.0,258000.0,250000.0,136705.0,엔씨소프트,036570
2023-11-08,261500.0,"상승  5,000",260000.0,271000.0,256500.0,269757.0,엔씨소프트,036570
2023-11-09,264500.0,"상승  3,000",257500.0,273000.0,253000.0,233943.0,엔씨소프트,036570
2023-11-10,261000.0,"하락  3,500",260500.0,265500.0,258000.0,76658.0,엔씨소프트,036570
2023-11-13,250500.0,"하락  10,500",261000.0,264000.0,249000.0,113109.0,엔씨소프트,036570
2023-11-14,254500.0,"상승  4,000",253500.0,257500.0,253000.0,81029.0,엔씨소프트,036570
2023-11-15,257000.0,"상승  2,500",260000.0,263000.0,255500.0,79388.0,엔씨소프트,036570
2023-11-16,251500.0,"하락  5,500",257000.0,257500.0,250000.0,88994.0,엔씨소프트,036570
2023-11-17,244000.0,"하락  7,500",252500.0,252500.0,242500.0,96518.0,엔씨소프트,036570
2023-11-20,253500.0,"상승  9,500",247000.0,256000.0,244500.0,99205.0,엔씨소프트,036570
2023-11-21,256000.0,"상승  2,500",253500.0,258000.0,253000.0,74402.0,엔씨소프트,036570
2023-11-22,272500.0,"상승  16,500",254000.0,274000.0,251000.0,217646.0,엔씨소프트,036570
2023-11-23,268000.0,"하락  4,500",270000.0,272000.0,263000.0,187354.0,엔씨소프트,036570
2023-11-24,269500.0,"상승  1,500",270000.0,272500.0,265500.0,109818.0,엔씨소프트,036570
2023-11-27,271000.0,"상승  1,500",273000.0,283000.0,267500.0,257641.0,엔씨소프트,036570
2023-11-28,265000.0,"하락  6,000",273500.0,273500.0,264500.0,140019.0,엔씨소프트,036570
2023-11-29,263500.0,"하락  1,500",267000.0,269000.0,263000.0,119490.0,엔씨소프트,036570
2023-11-30,262000.0,"하락  1,500",263000.0,268500.0,261000.0,172629.0,엔씨소프트,036570
2023-12-01,281000.0,"상승  19,000",262000.0,282500.0,261000.0,270408.0,엔씨소프트,036570
2023-12-04,281000.0,보합0,282500.0,286500.0,278000.0,185000.0,엔씨소프트,036570
2023-12-05,268000.0,"하락  13,000",281000.0,283500.0,267000.0,200065.0,엔씨소프트,036570
2023-12-06,265000.0,"하락  3,000",269500.0,271500.0,264500.0,141942.0,엔씨소프트,036570
2023-12-07,261500.0,"하락  3,500",267500.0,267500.0,253000.0,195154.0,엔씨소프트,036570
2023-12-08,238500.0,"하락  23,000",235500.0,244000.0,224500.0,792455.0,엔씨소프트,036570
2023-12-11,241000.0,"상승  2,500",241000.0,247500.0,237000.0,283408.0,엔씨소프트,036570
2023-12-12,230000.0,"하락  11,000",234000.0,235500.0,228500.0,294128.0,엔씨소프트,036570
2023-12-13,224500.0,"하락  5,500",230000.0,231000.0,224500.0,226925.0,엔씨소프트,036570
2023-12-14,228500.0,"상승  4,000",227000.0,232500.0,226000.0,253986.0,엔씨소프트,036570
2023-12-15,231500.0,"상승  3,000",229000.0,231500.0,226500.0,123829.0,엔씨소프트,036570
2023-12-18,234000.0,"상승  2,500",230500.0,236000.0,230000.0,97661.0,엔씨소프트,036570
2023-12-19,241500.0,"상승  7,500",234500.0,245000.0,232500.0,181987.0,엔씨소프트,036570
2023-12-20,238500.0,"하락  3,000",242500.0,244000.0,237000.0,152948.0,엔씨소프트,036570
2023-12-21,240000.0,"상승  1,500",235000.0,243500.0,235000.0,108308.0,엔씨소프트,036570
2023-12-22,236000.0,"하락  4,000",240500.0,243500.0,233500.0,136172.0,엔씨소프트,036570
2023-12-26,241500.0,"상승  5,500",240000.0,243000.0,237500.0,129257.0,엔씨소프트,036570
2023-12-27,241000.0,하락  500,239000.0,242500.0,235500.0,82326.0,엔씨소프트,036570
2023-12-28,240500.0,하락  500,242500.0,243500.0,237500.0,83855.0,엔씨소프트,036570
2024-01-02,240000.0,하락  500,237000.0,241000.0,235000.0,94013.0,엔씨소프트,036570
2024-01-03,230000.0,"하락  10,000",237000.0,241000.0,229500.0,168566.0,엔씨소프트,036570
2024-01-04,229500.0,하락  500,228000.0,230500.0,225500.0,101358.0,엔씨소프트,036570
2024-01-05,224500.0,"하락  5,000",228500.0,231000.0,224000.0,113089.0,엔씨소프트,036570
2024-01-08,218500.0,"하락  6,000",221500.0,225500.0,218500.0,126718.0,엔씨소프트,036570
2024-01-09,224000.0,"상승  5,500",221500.0,225000.0,221000.0,74711.0,엔씨소프트,036570
2024-01-10,221500.0,"하락  2,500",223000.0,225500.0,220500.0,62201.0,엔씨소프트,036570
2024-01-11,223000.0,"상승  1,500",222500.0,226000.0,222000.0,132159.0,엔씨소프트,036570
2024-01-12,219500.0,"하락  3,500",221000.0,221000.0,215500.0,108864.0,엔씨소프트,036570
2024-01-15,216000.0,"하락  3,500",216500.0,219500.0,215500.0,67513.0,엔씨소프트,036570
2024-01-16,206500.0,"하락  9,500",214500.0,216000.0,206000.0,165795.0,엔씨소프트,036570
2024-01-17,193600.0,"하락  12,900",205500.0,206500.0,193600.0,279901.0,엔씨소프트,036570
2024-01-18,190800.0,"하락  2,800",193100.0,194600.0,189900.0,141490.0,엔씨소프트,036570
2024-01-19,192200.0,"상승  1,400",191700.0,198000.0,190900.0,155860.0,엔씨소프트,036570
2024-01-22,188200.0,"하락  4,000",193400.0,194200.0,188200.0,133007.0,엔씨소프트,036570
2024-01-23,195400.0,"상승  7,200",188100.0,196300.0,188000.0,106582.0,엔씨소프트,036570
2024-01-24,190800.0,"하락  4,600",194600.0,194700.0,190200.0,96031.0,엔씨소프트,036570
2024-01-25,192600.0,"상승  1,800",191200.0,193300.0,188500.0,99314.0,엔씨소프트,036570
2024-01-26,193800.0,"상승  1,200",192100.0,196300.0,190500.0,87918.0,엔씨소프트,036570
2024-01-29,195000.0,"상승  1,200",194300.0,198400.0,194300.0,97838.0,엔씨소프트,036570
2024-01-30,198900.0,"상승  3,900",197700.0,205000.0,195200.0,134829.0,엔씨소프트,036570
2024-01-31,198100.0,하락  800,198900.0,199800.0,195400.0,85418.0,엔씨소프트,036570
2024-02-01,199400.0,"상승  1,300",195200.0,201000.0,195100.0,83423.0,엔씨소프트,036570
2024-02-02,204000.0,"상승  4,600",199600.0,207500.0,199600.0,88434.0,엔씨소프트,036570
2024-02-05,207000.0,"상승  3,000",204000.0,209500.0,202000.0,115475.0,엔씨소프트,036570
2024-02-06,208500.0,"상승  1,500",206500.0,212500.0,205000.0,116353.0,엔씨소프트,036570
2024-02-07,213000.0,"상승  4,500",210500.0,214500.0,208500.0,99976.0,엔씨소프트,036570
2024-02-08,204500.0,"하락  8,500",208500.0,210500.0,202500.0,157680.0,엔씨소프트,036570
2024-02-13,200500.0,"하락  4,000",205000.0,206500.0,199100.0,121209.0,엔씨소프트,036570
2024-02-14,207000.0,"상승  6,500",199600.0,210000.0,198800.0,133172.0,엔씨소프트,036570
2024-02-15,208000.0,"상승  1,000",209000.0,211500.0,207000.0,62262.0,엔씨소프트,036570
2024-02-16,213000.0,"상승  5,000",210000.0,216500.0,207000.0,95282.0,엔씨소프트,036570
2024-02-19,213000.0,보합0,214500.0,215000.0,211000.0,55087.0,엔씨소프트,036570
2024-02-20,208000.0,"하락  5,000",213000.0,213000.0,207500.0,56978.0,엔씨소프트,036570
2024-02-21,208500.0,상승  500,207500.0,210000.0,206500.0,68893.0,엔씨소프트,036570
2024-02-22,204000.0,"하락  4,500",209000.0,210000.0,203500.0,90481.0,엔씨소프트,036570
2024-02-23,205000.0,"상승  1,000",205500.0,205500.0,202000.0,60411.0,엔씨소프트,036570
2024-02-26,201500.0,"하락  3,500",206000.0,207000.0,201000.0,67156.0,엔씨소프트,036570
2024-02-27,198100.0,"하락  3,400",201000.0,202000.0,196500.0,106971.0,엔씨소프트,036570
2024-02-28,199600.0,"상승  1,500",198200.0,201000.0,198000.0,49470.0,엔씨소프트,036570
2024-02-29,194000.0,"하락  5,600",198800.0,198800.0,193800.0,175223.0,엔씨소프트,036570
2024-03-04,191200.0,"하락  2,800",195600.0,198500.0,191200.0,101031.0,엔씨소프트,036570
2024-03-05,189200.0,"하락  2,000",189200.0,192900.0,189100.0,84447.0,엔씨소프트,036570
2024-03-06,187300.0,"하락  1,900",189100.0,189600.0,185200.0,120992.0,엔씨소프트,036570
2024-03-07,186200.0,"하락  1,100",187300.0,188700.0,185000.0,80308.0,엔씨소프트,036570
2024-03-08,188300.0,"상승  2,100",188100.0,193400.0,188100.0,101898.0,엔씨소프트,036570
2024-03-11,197000.0,"상승  8,700",188300.0,198800.0,187100.0,139761.0,엔씨소프트,036570
2024-03-12,196300.0,하락  700,198000.0,201000.0,193800.0,80145.0,엔씨소프트,036570
2024-03-13,196300.0,보합0,196300.0,198800.0,194600.0,65478.0,엔씨소프트,036570
2024-03-14,197700.0,"상승  1,400",195900.0,201000.0,195400.0,190191.0,엔씨소프트,036570
2024-03-15,194600.0,"하락  3,100",197700.0,199000.0,194500.0,100649.0,엔씨소프트,036570
2024-03-18,192700.0,"하락  1,900",196300.0,197300.0,192400.0,65110.0,엔씨소프트,036570
2024-03-19,188300.0,"하락  4,400",191800.0,191800.0,187500.0,131659.0,엔씨소프트,036570
2024-03-20,191400.0,"상승  3,100",189700.0,194400.0,188700.0,100130.0,엔씨소프트,036570
2024-03-21,191700.0,상승  300,192800.0,194000.0,189800.0,84260.0,엔씨소프트,036570
2024-03-22,191400.0,하락  300,191100.0,192200.0,189000.0,62228.0,엔씨소프트,036570
2024-03-25,191800.0,상승  400,191000.0,192800.0,189400.0,67823.0,엔씨소프트,036570
2024-03-26,208000.0,"상승  16,200",193000.0,209500.0,192300.0,249471.0,엔씨소프트,036570
2024-03-27,207500.0,하락  500,204000.0,212000.0,203000.0,144138.0,엔씨소프트,036570
2024-03-28,206000.0,"하락  1,500",209000.0,211000.0,204000.0,98019.0,엔씨소프트,036570
2024-03-29,198800.0,"하락  7,200",206000.0,208500.0,195700.0,133710.0,엔씨소프트,036570
2024-04-01,206000.0,"상승  7,200",200500.0,207500.0,198300.0,103402.0,엔씨소프트,036570
2024-04-02,197400.0,"하락  8,600",204000.0,205000.0,197400.0,99738.0,엔씨소프트,036570
2024-04-03,193700.0,"하락  3,700",196900.0,198500.0,193100.0,96744.0,엔씨소프트,036570
2024-04-04,191100.0,"하락  2,600",194800.0,194900.0,190800.0,85964.0,엔씨소프트,036570
2024-04-05,189000.0,"하락  2,100",190000.0,191200.0,188100.0,76151.0,엔씨소프트,036570
2024-04-08,185100.0,"하락  3,900",188600.0,189400.0,184600.0,100190.0,엔씨소프트,036570
2024-04-09,184500.0,하락  600,186100.0,191300.0,184300.0,109609.0,엔씨소프트,036570
2024-04-11,177800.0,"하락  6,700",181200.0,182700.0,177800.0,166096.0,엔씨소프트,036570
2024-04-12,176000.0,"하락  1,800",178600.0,180400.0,176000.0,94094.0,엔씨소프트,036570
2024-04-15,170200.0,"하락  5,800",174200.0,174200.0,169900.0,133629.0,엔씨소프트,036570
2024-04-16,169300.0,하락  900,168500.0,172000.0,167600.0,82996.0,엔씨소프트,036570
2024-04-17,168100.0,"하락  1,200",169400.0,171000.0,168000.0,69916.0,엔씨소프트,036570
2024-04-18,168800.0,상승  700,168100.0,171000.0,167600.0,87326.0,엔씨소프트,036570
2024-04-19,164900.0,"하락  3,900",167100.0,167300.0,163600.0,134132.0,엔씨소프트,036570
2024-04-22,170400.0,"상승  5,500",166600.0,170900.0,166600.0,74328.0,엔씨소프트,036570
2024-04-23,170500.0,상승  100,169000.0,173500.0,168700.0,98971.0,엔씨소프트,036570
2024-04-24,173600.0,"상승  3,100",172200.0,174800.0,171400.0,50629.0,엔씨소프트,036570
2024-04-25,172500.0,"하락  1,100",171600.0,173700.0,169900.0,48045.0,엔씨소프트,036570
2024-04-26,171200.0,"하락  1,300",172600.0,173500.0,170400.0,44976.0,엔씨소프트,036570
2024-04-29,178000.0,"상승  6,800",172900.0,179000.0,172900.0,87777.0,엔씨소프트,036570
2024-04-30,176100.0,"하락  1,900",176100.0,178100.0,175900.0,72376.0,엔씨소프트,036570
2024-05-02,178200.0,"상승  2,100",176100.0,179700.0,175900.0,67102.0,엔씨소프트,036570
2024-05-03,179700.0,"상승  1,500",179600.0,181500.0,179200.0,58081.0,엔씨소프트,036570
2024-05-07,182100.0,"상승  2,400",181600.0,184300.0,179700.0,96628.0,엔씨소프트,036570
2024-05-08,183900.0,"상승  1,800",182100.0,186700.0,182100.0,81311.0,엔씨소프트,036570
2024-05-09,184500.0,상승  600,183800.0,188200.0,182900.0,158360.0,엔씨소프트,036570
2024-05-10,204000.0,"상승  19,500",189400.0,209500.0,189400.0,697607.0,엔씨소프트,036570
2024-05-13,210000.0,"상승  6,000",205500.0,212000.0,203500.0,249959.0,엔씨소프트,036570
2024-05-14,220000.0,"상승  10,000",210500.0,221000.0,210500.0,279372.0,엔씨소프트,036570
2024-05-16,215500.0,"하락  4,500",217000.0,217500.0,213000.0,147736.0,엔씨소프트,036570
2024-05-17,216500.0,"상승  1,000",214000.0,221500.0,214000.0,93170.0,엔씨소프트,036570
2024-05-20,214000.0,"하락  2,500",218000.0,218500.0,211500.0,79861.0,엔씨소프트,036570
2024-05-21,215500.0,"상승  1,500",212000.0,219000.0,211000.0,86123.0,엔씨소프트,036570
2024-05-22,214000.0,"하락  1,500",213500.0,218000.0,213000.0,60812.0,엔씨소프트,036570
2024-05-23,215000.0,"상승  1,000",210500.0,218500.0,209500.0,85190.0,엔씨소프트,036570
2024-05-24,212500.0,"하락  2,500",212500.0,217000.0,212000.0,60689.0,엔씨소프트,036570
2024-05-27,209500.0,"하락  3,000",215000.0,219500.0,208000.0,69691.0,엔씨소프트,036570
2024-05-28,195400.0,"하락  14,100",207000.0,208500.0,195400.0,196142.0,엔씨소프트,036570
2024-05-29,194300.0,"하락  1,100",194500.0,196700.0,193000.0,85046.0,엔씨소프트,036570
2024-05-30,192300.0,"하락  2,000",193300.0,197200.0,191900.0,63862.0,엔씨소프트,036570
2024-05-31,190300.0,"하락  2,000",191700.0,197000.0,190300.0,148754.0,엔씨소프트,036570
2024-06-03,194500.0,"상승  4,200",191000.0,197300.0,190000.0,65487.0,엔씨소프트,036570
2024-06-04,193000.0,"하락  1,500",193100.0,196100.0,193000.0,45642.0,엔씨소프트,036570
2024-06-05,194900.0,"상승  1,900",193700.0,197600.0,192200.0,63236.0,엔씨소프트,036570
2024-06-07,195200.0,상승  300,197300.0,201000.0,195200.0,69529.0,엔씨소프트,036570
2024-06-10,188000.0,"하락  7,200",193400.0,194200.0,185800.0,96072.0,엔씨소프트,036570
2024-06-11,187000.0,"하락  1,000",188100.0,190700.0,187000.0,50658.0,엔씨소프트,036570
2024-06-12,185900.0,"하락  1,100",186500.0,188400.0,183200.0,85404.0,엔씨소프트,036570
2024-06-13,186600.0,상승  700,186600.0,191200.0,186600.0,137194.0,엔씨소프트,036570
2024-06-14,183300.0,"하락  3,300",186000.0,186600.0,183100.0,85349.0,엔씨소프트,036570
2024-06-17,185800.0,"상승  2,500",182200.0,186000.0,181400.0,62102.0,엔씨소프트,036570
2024-06-18,183900.0,"하락  1,900",186400.0,186400.0,181100.0,70990.0,엔씨소프트,036570
2024-06-19,189900.0,"상승  6,000",185700.0,190300.0,184600.0,88881.0,엔씨소프트,036570
2024-06-20,193500.0,"상승  3,600",187600.0,197800.0,186300.0,100031.0,엔씨소프트,036570
2024-06-21,195300.0,"상승  1,800",194700.0,195300.0,190000.0,93605.0,엔씨소프트,036570
2024-06-24,186000.0,"하락  9,300",195000.0,198500.0,186000.0,90568.0,엔씨소프트,036570
2024-06-25,199800.0,"상승  13,800",188400.0,200500.0,188400.0,146342.0,엔씨소프트,036570
2024-06-26,186500.0,"하락  13,300",196700.0,197500.0,186200.0,169274.0,엔씨소프트,036570
2024-06-27,181000.0,"하락  5,500",184700.0,185000.0,179000.0,121162.0,엔씨소프트,036570
2024-06-28,179900.0,"하락  1,100",180900.0,182400.0,178100.0,88030.0,엔씨소프트,036570
2024-07-01,184100.0,"상승  4,200",179000.0,191000.0,179000.0,164074.0,엔씨소프트,036570
2024-07-02,179900.0,"하락  4,200",182200.0,182200.0,178100.0,86841.0,엔씨소프트,036570
2024-07-03,180200.0,상승  300,180400.0,182200.0,179600.0,52884.0,엔씨소프트,036570
2024-07-04,180400.0,상승  200,180200.0,182300.0,179400.0,55686.0,엔씨소프트,036570
2024-07-05,183300.0,"상승  2,900",181000.0,185900.0,180500.0,77660.0,엔씨소프트,036570
2024-07-08,188400.0,"상승  5,100",181500.0,190200.0,180500.0,75340.0,엔씨소프트,036570
2024-07-09,191200.0,"상승  2,800",188000.0,194100.0,188000.0,87067.0,엔씨소프트,036570
2024-07-10,191800.0,상승  600,189600.0,193300.0,186700.0,78330.0,엔씨소프트,036570
2024-07-11,191200.0,하락  600,192800.0,193700.0,188700.0,101045.0,엔씨소프트,036570
2024-07-12,190400.0,하락  800,190500.0,194700.0,188200.0,70029.0,엔씨소프트,036570
2024-07-15,187800.0,"하락  2,600",191000.0,191000.0,187400.0,45819.0,엔씨소프트,036570
2024-07-16,184500.0,"하락  3,300",187800.0,189200.0,184500.0,43338.0,엔씨소프트,036570
2024-07-17,189000.0,"상승  4,500",184600.0,190400.0,184600.0,54768.0,엔씨소프트,036570
2024-07-18,189800.0,상승  800,189000.0,190400.0,184300.0,73014.0,엔씨소프트,036570
2024-07-19,189100.0,하락  700,187100.0,189400.0,184800.0,67340.0,엔씨소프트,036570
2024-07-22,192000.0,"상승  2,900",188100.0,194000.0,186800.0,90717.0,엔씨소프트,036570
2024-07-23,180700.0,"하락  11,300",192100.0,193000.0,180700.0,93724.0,엔씨소프트,036570
2024-07-24,177400.0,"하락  3,300",180200.0,182400.0,177000.0,66489.0,엔씨소프트,036570
2024-07-25,181900.0,"상승  4,500",176600.0,182500.0,176600.0,64718.0,엔씨소프트,036570
2024-07-26,180200.0,"하락  1,700",181000.0,185400.0,179300.0,53456.0,엔씨소프트,036570
2024-07-29,176100.0,"하락  4,100",181400.0,181400.0,176100.0,56490.0,엔씨소프트,036570
2024-07-30,173200.0,"하락  2,900",175000.0,177800.0,173200.0,58954.0,엔씨소프트,036570
2024-07-31,175300.0,"상승  2,100",174300.0,176200.0,172200.0,48906.0,엔씨소프트,036570
2024-08-01,177500.0,"상승  2,200",173700.0,178400.0,173700.0,35664.0,엔씨소프트,036570
2024-08-02,175500.0,"하락  2,000",175200.0,178100.0,171000.0,71142.0,엔씨소프트,036570
2024-08-05,160400.0,"하락  15,100",174800.0,174800.0,156900.0,142547.0,엔씨소프트,036570
2024-08-06,171700.0,"상승  11,300",165000.0,175300.0,164000.0,167770.0,엔씨소프트,036570
2024-08-07,170200.0,"하락  1,500",167900.0,172500.0,167500.0,92699.0,엔씨소프트,036570
2024-08-08,180200.0,"상승  10,000",168000.0,181500.0,168000.0,158353.0,엔씨소프트,036570
2024-08-09,183000.0,"상승  2,800",181700.0,185800.0,181000.0,76853.0,엔씨소프트,036570
2024-08-12,183600.0,상승  600,183000.0,184500.0,180600.0,37916.0,엔씨소프트,036570
2024-08-13,185300.0,"상승  1,700",183300.0,186900.0,183300.0,50607.0,엔씨소프트,036570
2024-08-14,187900.0,"상승  2,600",185600.0,188800.0,183300.0,61453.0,엔씨소프트,036570
2024-08-16,182900.0,"하락  5,000",189600.0,190200.0,180600.0,87965.0,엔씨소프트,036570
2024-08-19,191700.0,"상승  8,800",183700.0,194000.0,183700.0,152568.0,엔씨소프트,036570
2024-08-20,191900.0,상승  200,193000.0,194200.0,189400.0,63513.0,엔씨소프트,036570
2024-08-21,191700.0,하락  200,193700.0,193900.0,190000.0,38254.0,엔씨소프트,036570
2024-08-22,192300.0,상승  600,191200.0,194500.0,190800.0,47488.0,엔씨소프트,036570
2024-08-23,192200.0,하락  100,191500.0,193500.0,190900.0,39151.0,엔씨소프트,036570
2024-08-26,193400.0,"상승  1,200",191500.0,194200.0,189600.0,68737.0,엔씨소프트,036570
2024-08-27,192400.0,"하락  1,000",194400.0,199900.0,191500.0,95982.0,엔씨소프트,036570
2024-08-28,187500.0,"하락  4,900",194200.0,197700.0,186500.0,105757.0,엔씨소프트,036570
2024-08-29,191800.0,"상승  4,300",187500.0,197700.0,185900.0,156153.0,엔씨소프트,036570
2024-08-30,187600.0,"하락  4,200",193900.0,194000.0,185500.0,138305.0,엔씨소프트,036570
2024-09-02,192200.0,"상승  4,600",187500.0,194300.0,186700.0,149251.0,엔씨소프트,036570
2024-09-03,184900.0,"하락  7,300",191500.0,193500.0,182400.0,112463.0,엔씨소프트,036570
2024-09-04,177400.0,"하락  7,500",183100.0,184800.0,177000.0,65835.0,엔씨소프트,036570
2024-09-05,183700.0,"상승  6,300",177100.0,184900.0,177000.0,66841.0,엔씨소프트,036570
2024-09-06,180100.0,"하락  3,600",184400.0,189100.0,179400.0,57941.0,엔씨소프트,036570
2024-09-09,178200.0,"하락  1,900",178000.0,180900.0,176800.0,48329.0,엔씨소프트,036570
2024-09-10,173000.0,"하락  5,200",177600.0,178900.0,172500.0,71780.0,엔씨소프트,036570
2024-09-11,174800.0,"상승  1,800",172900.0,176500.0,172900.0,56119.0,엔씨소프트,036570
2024-09-12,179100.0,"상승  4,300",175600.0,179100.0,173200.0,107983.0,엔씨소프트,036570
2024-09-13,179800.0,상승  700,179400.0,179800.0,174900.0,56987.0,엔씨소프트,036570
2024-09-19,179200.0,하락  600,181300.0,183300.0,177800.0,85160.0,엔씨소프트,036570
2024-09-20,182900.0,"상승  3,700",179900.0,185600.0,178300.0,105773.0,엔씨소프트,036570
2024-09-23,187000.0,"상승  4,100",186400.0,187400.0,181600.0,57979.0,엔씨소프트,036570
2024-09-24,192400.0,"상승  5,400",187000.0,193400.0,186200.0,85736.0,엔씨소프트,036570
2024-09-25,198500.0,"상승  6,100",194500.0,203500.0,193000.0,197268.0,엔씨소프트,036570
2024-09-26,206000.0,"상승  7,500",200000.0,206500.0,198200.0,118101.0,엔씨소프트,036570
2024-09-27,191900.0,"하락  14,100",206000.0,207500.0,190800.0,211050.0,엔씨소프트,036570
2024-09-30,191000.0,하락  900,194600.0,198400.0,191000.0,124327.0,엔씨소프트,036570
2024-10-02,199000.0,"상승  8,000",194700.0,203000.0,192200.0,207044.0,엔씨소프트,036570
2024-10-04,209000.0,"상승  10,000",198500.0,211000.0,194900.0,198145.0,엔씨소프트,036570
2024-10-07,224500.0,"상승  15,500",213000.0,228000.0,211000.0,349157.0,엔씨소프트,036570
2024-10-08,218500.0,"하락  6,000",224500.0,224500.0,216500.0,148083.0,엔씨소프트,036570
2024-10-10,199800.0,"하락  18,700",214500.0,216000.0,198500.0,342452.0,엔씨소프트,036570
2024-10-11,196000.0,"하락  3,800",201500.0,202500.0,195000.0,109533.0,엔씨소프트,036570
2024-10-14,197200.0,"상승  1,200",196700.0,201000.0,196400.0,94221.0,엔씨소프트,036570
2024-10-15,192900.0,"하락  4,300",197200.0,198500.0,190500.0,131798.0,엔씨소프트,036570
2024-10-16,190700.0,"하락  2,200",190800.0,193800.0,188500.0,86357.0,엔씨소프트,036570
2024-10-17,189900.0,하락  800,192000.0,192900.0,189100.0,68079.0,엔씨소프트,036570
2024-10-18,193100.0,"상승  3,200",191400.0,196100.0,190100.0,77768.0,엔씨소프트,036570
2024-10-21,200500.0,"상승  7,400",194400.0,203500.0,192500.0,170066.0,엔씨소프트,036570
2024-10-22,196300.0,"하락  4,200",198200.0,199900.0,193900.0,114769.0,엔씨소프트,036570
2024-10-23,210500.0,"상승  14,200",196000.0,212500.0,193500.0,190884.0,엔씨소프트,036570
2024-10-24,210500.0,보합0,208500.0,212500.0,204000.0,70154.0,엔씨소프트,036570
2024-10-25,213500.0,"상승  3,000",210500.0,221000.0,210000.0,135749.0,엔씨소프트,036570
2024-10-28,210500.0,"하락  3,000",222000.0,223500.0,208500.0,144394.0,엔씨소프트,036570
2024-10-29,214000.0,"상승  3,500",209000.0,218000.0,206500.0,86161.0,엔씨소프트,036570
2024-10-30,218000.0,"상승  4,000",214500.0,222000.0,213000.0,85424.0,엔씨소프트,036570
2024-10-31,217500.0,하락  500,216000.0,218500.0,212000.0,60316.0,엔씨소프트,036570
2024-11-01,217000.0,하락  500,215000.0,218000.0,212000.0,46963.0,엔씨소프트,036570
2024-11-04,219500.0,"상승  2,500",217000.0,223500.0,212500.0,63854.0,엔씨소프트,036570
2024-11-05,223000.0,"상승  3,500",211500.0,224500.0,207000.0,196511.0,엔씨소프트,036570
2024-11-06,225500.0,"상승  2,500",223000.0,230000.0,220500.0,130532.0,엔씨소프트,036570
2024-11-07,216500.0,"하락  9,000",223000.0,225000.0,215000.0,89162.0,엔씨소프트,036570
2024-11-08,212500.0,"하락  4,000",218000.0,218000.0,210500.0,66802.0,엔씨소프트,036570
2024-11-11,209000.0,"하락  3,500",212000.0,212500.0,206000.0,55848.0,엔씨소프트,036570
2024-11-12,205500.0,"하락  3,500",207500.0,211000.0,200000.0,112405.0,엔씨소프트,036570
2024-11-13,204500.0,"하락  1,000",203500.0,210000.0,201500.0,56007.0,엔씨소프트,036570
2024-11-14,204500.0,보합0,206000.0,207500.0,200500.0,86580.0,엔씨소프트,036570
2024-11-15,202000.0,"하락  2,500",203500.0,206000.0,194900.0,111310.0,엔씨소프트,036570
2024-11-18,205500.0,"상승  3,500",200000.0,207500.0,200000.0,64908.0,엔씨소프트,036570
2024-11-19,208000.0,"상승  2,500",203500.0,214000.0,203000.0,91497.0,엔씨소프트,036570
2024-11-20,215000.0,"상승  7,000",206500.0,218000.0,206500.0,72151.0,엔씨소프트,036570
2024-11-21,213000.0,"하락  2,000",216000.0,216500.0,209000.0,56961.0,엔씨소프트,036570
2024-11-22,216500.0,"상승  3,500",215500.0,220000.0,212000.0,61998.0,엔씨소프트,036570
2024-11-25,219000.0,"상승  2,500",217000.0,219500.0,213000.0,119367.0,엔씨소프트,036570
2024-11-26,212000.0,"하락  7,000",217000.0,218500.0,210500.0,72911.0,엔씨소프트,036570
2024-11-27,223500.0,"상승  11,500",212000.0,225500.0,210500.0,126980.0,엔씨소프트,036570
2024-11-28,232500.0,"상승  9,000",224000.0,234500.0,221500.0,187659.0,엔씨소프트,036570
2024-11-29,237500.0,"상승  5,000",234500.0,238000.0,228500.0,179650.0,엔씨소프트,036570
2024-12-02,244500.0,"상승  7,000",240500.0,247500.0,238000.0,194200.0,엔씨소프트,036570
2024-12-03,239000.0,"하락  5,500",246500.0,248000.0,235000.0,148457.0,엔씨소프트,036570
2024-12-04,240500.0,"상승  1,500",233000.0,244000.0,231500.0,157288.0,엔씨소프트,036570
2024-12-05,206000.0,"하락  34,500",232500.0,232500.0,205500.0,439202.0,엔씨소프트,036570
2024-12-06,200500.0,"하락  5,500",203500.0,209500.0,199900.0,146688.0,엔씨소프트,036570
2024-12-09,190000.0,"하락  10,500",197500.0,199000.0,188500.0,150346.0,엔씨소프트,036570
2024-12-10,190000.0,보합0,190300.0,195300.0,190000.0,91542.0,엔씨소프트,036570
2024-12-11,200500.0,"상승  10,500",192300.0,201500.0,191500.0,102793.0,엔씨소프트,036570
2024-12-12,204500.0,"상승  4,000",203000.0,206000.0,198700.0,162130.0,엔씨소프트,036570
2024-12-13,209000.0,"상승  4,500",205500.0,214500.0,204000.0,112784.0,엔씨소프트,036570
2024-12-16,209500.0,상승  500,212000.0,213000.0,207000.0,70833.0,엔씨소프트,036570
2024-12-17,205500.0,"하락  4,000",207500.0,209500.0,204000.0,80443.0,엔씨소프트,036570
2024-12-18,208500.0,"상승  3,000",206500.0,211000.0,202000.0,65515.0,엔씨소프트,036570
2024-12-19,203000.0,"하락  5,500",202500.0,209500.0,201500.0,54114.0,엔씨소프트,036570
2024-12-20,204500.0,"상승  1,500",203000.0,207000.0,200000.0,67936.0,엔씨소프트,036570
2024-12-23,202000.0,"하락  2,500",205000.0,205500.0,200000.0,47259.0,엔씨소프트,036570
2024-12-24,205500.0,"상승  3,500",202000.0,206000.0,200500.0,50747.0,엔씨소프트,036570
2024-12-26,202000.0,"하락  3,500",205500.0,207500.0,201500.0,49321.0,엔씨소프트,036570
2024-12-27,191600.0,"하락  10,400",202000.0,202000.0,191200.0,96951.0,엔씨소프트,036570
2024-12-30,183100.0,"하락  8,500",191600.0,193400.0,182700.0,119969.0,엔씨소프트,036570
2025-01-02,182000.0,"하락  1,100",183200.0,186200.0,179300.0,76176.0,엔씨소프트,036570
2025-01-03,189000.0,"상승  7,000",180900.0,189200.0,180900.0,93585.0,엔씨소프트,036570
2025-01-06,190100.0,"상승  1,100",187000.0,193400.0,185500.0,50120.0,엔씨소프트,036570
2025-01-07,188600.0,"하락  1,500",191200.0,193900.0,188600.0,46407.0,엔씨소프트,036570
2025-01-08,188100.0,하락  500,188100.0,190800.0,188000.0,40402.0,엔씨소프트,036570
2025-01-09,192300.0,"상승  4,200",188200.0,192300.0,187100.0,89533.0,엔씨소프트,036570
2025-01-10,186100.0,"하락  6,200",190400.0,193200.0,185800.0,56674.0,엔씨소프트,036570
2025-01-13,181200.0,"하락  4,900",185600.0,187100.0,180700.0,68764.0,엔씨소프트,036570
2025-01-14,184700.0,"상승  3,500",181200.0,187600.0,181200.0,50709.0,엔씨소프트,036570
2025-01-15,183200.0,"하락  1,500",186100.0,186400.0,180200.0,54631.0,엔씨소프트,036570
2025-01-16,183600.0,상승  400,184100.0,187500.0,182700.0,32974.0,엔씨소프트,036570
2025-01-17,181800.0,"하락  1,800",184000.0,184500.0,181100.0,53970.0,엔씨소프트,036570
2025-01-20,177700.0,"하락  4,100",181800.0,182800.0,176000.0,99967.0,엔씨소프트,036570
2025-01-21,177700.0,보합0,178000.0,181000.0,175900.0,48409.0,엔씨소프트,036570
2025-01-22,177300.0,하락  400,178300.0,179900.0,176800.0,53463.0,엔씨소프트,036570
2025-01-23,173000.0,"하락  4,300",178000.0,178700.0,172800.0,74975.0,엔씨소프트,036570
2025-01-24,172200.0,하락  800,173700.0,174700.0,172000.0,64662.0,엔씨소프트,036570
2025-01-31,172700.0,상승  500,173900.0,174800.0,170800.0,79477.0,엔씨소프트,036570
2025-02-03,169900.0,"하락  2,800",171000.0,171500.0,167300.0,68280.0,엔씨소프트,036570
2025-02-04,168300.0,"하락  1,600",170000.0,173900.0,167200.0,76941.0,엔씨소프트,036570
2025-02-05,173500.0,"상승  5,200",169500.0,174900.0,169100.0,84118.0,엔씨소프트,036570
2025-02-06,172900.0,하락  600,174600.0,174800.0,171300.0,51846.0,엔씨소프트,036570
2025-02-07,171500.0,"하락  1,400",171500.0,174300.0,170900.0,39710.0,엔씨소프트,036570
2025-02-10,173400.0,"상승  1,900",172400.0,176500.0,171900.0,74991.0,엔씨소프트,036570
2025-02-11,180400.0,"상승  7,000",175900.0,181500.0,174500.0,102082.0,엔씨소프트,036570
2025-02-12,174100.0,"하락  6,300",180000.0,183700.0,174000.0,152903.0,엔씨소프트,036570
2025-02-13,171200.0,"하락  2,900",174400.0,174900.0,169100.0,152722.0,엔씨소프트,036570
2025-02-14,172900.0,"상승  1,700",172200.0,175400.0,171700.0,82877.0,엔씨소프트,036570
2025-02-17,170800.0,"하락  2,100",173200.0,173300.0,169700.0,66090.0,엔씨소프트,036570
2025-02-18,170800.0,보합0,170800.0,171400.0,169400.0,61635.0,엔씨소프트,036570
2025-02-19,174900.0,"상승  4,100",170900.0,175900.0,170900.0,106175.0,엔씨소프트,036570
2025-02-20,178200.0,"상승  3,300",177000.0,180500.0,176600.0,110470.0,엔씨소프트,036570
2025-02-21,177700.0,하락  500,180600.0,180800.0,176300.0,44208.0,엔씨소프트,036570
2025-02-24,177300.0,하락  400,177400.0,182300.0,176200.0,57116.0,엔씨소프트,036570
2025-02-25,173800.0,"하락  3,500",176700.0,177900.0,173400.0,67959.0,엔씨소프트,036570
2025-02-26,178400.0,"상승  4,600",174100.0,179700.0,172800.0,78989.0,엔씨소프트,036570
2025-02-27,177500.0,하락  900,179600.0,179600.0,175700.0,50544.0,엔씨소프트,036570
2025-02-28,170100.0,"하락  7,400",176100.0,176100.0,170100.0,151614.0,엔씨소프트,036570
2025-03-04,164500.0,"하락  5,600",170100.0,170500.0,164500.0,116485.0,엔씨소프트,036570
2025-03-05,161600.0,"하락  2,900",166000.0,167900.0,160100.0,136359.0,엔씨소프트,036570
2025-03-06,164300.0,"상승  2,700",162500.0,164500.0,161600.0,71134.0,엔씨소프트,036570
2025-03-07,161300.0,"하락  3,000",163300.0,164000.0,161200.0,69072.0,엔씨소프트,036570
2025-03-10,162600.0,"상승  1,300",161000.0,164800.0,159100.0,62567.0,엔씨소프트,036570
2025-03-11,159300.0,"하락  3,300",158900.0,160900.0,157300.0,70825.0,엔씨소프트,036570
2025-03-12,157800.0,"하락  1,500",159500.0,161000.0,157500.0,110931.0,엔씨소프트,036570
2025-03-13,163000.0,"상승  5,200",158600.0,164500.0,158300.0,176597.0,엔씨소프트,036570
2025-03-14,164800.0,"상승  1,800",164200.0,167700.0,162700.0,94501.0,엔씨소프트,036570
2025-03-17,164400.0,하락  400,165800.0,166800.0,163900.0,43866.0,엔씨소프트,036570
2025-03-18,163400.0,"하락  1,000",165000.0,165200.0,163000.0,34863.0,엔씨소프트,036570
2025-03-19,163600.0,상승  200,162500.0,165300.0,162100.0,46986.0,엔씨소프트,036570
2025-03-20,162700.0,하락  900,163500.0,165700.0,162700.0,35525.0,엔씨소프트,036570
2025-03-21,163300.0,상승  600,160800.0,163300.0,160500.0,69573.0,엔씨소프트,036570
2025-03-24,160700.0,"하락  2,600",162300.0,163500.0,160600.0,36821.0,엔씨소프트,036570
2025-03-25,161300.0,상승  600,161100.0,162200.0,159500.0,29268.0,엔씨소프트,036570
2025-03-26,161800.0,상승  500,162600.0,164400.0,161400.0,34371.0,엔씨소프트,036570
2025-03-27,161600.0,하락  200,161000.0,162400.0,160500.0,36184.0,엔씨소프트,036570
2025-03-28,159100.0,"하락  2,500",162200.0,162300.0,159000.0,34126.0,엔씨소프트,036570
2025-03-31,149400.0,"하락  9,700",157500.0,158200.0,148900.0,158978.0,엔씨소프트,036570
2025-04-01,151400.0,"상승  2,000",150200.0,152700.0,149700.0,54534.0,엔씨소프트,036570
2025-04-02,148600.0,"하락  2,800",151500.0,152000.0,147400.0,96841.0,엔씨소프트,036570
2025-04-03,146900.0,"하락  1,700",145000.0,147900.0,143200.0,98864.0,엔씨소프트,036570
2025-04-04,153100.0,"상승  6,200",144100.0,153100.0,144100.0,120646.0,엔씨소프트,036570
2025-04-07,142000.0,"하락  11,100",147600.0,148000.0,141800.0,125234.0,엔씨소프트,036570
2025-04-08,138400.0,"하락  3,600",143700.0,144600.0,138400.0,105755.0,엔씨소프트,036570
2025-04-09,135900.0,"하락  2,500",136600.0,138900.0,134600.0,86205.0,엔씨소프트,036570
2025-04-10,142200.0,"상승  6,300",140100.0,142400.0,139400.0,133247.0,엔씨소프트,036570
2025-04-11,144200.0,"상승  2,000",139600.0,144400.0,139400.0,63325.0,엔씨소프트,036570
2025-04-14,142400.0,"하락  1,800",145000.0,146300.0,142300.0,66584.0,엔씨소프트,036570
2025-04-15,142600.0,상승  200,143100.0,143900.0,142200.0,65768.0,엔씨소프트,036570
2025-04-16,137800.0,"하락  4,800",142600.0,142600.0,136900.0,121810.0,엔씨소프트,036570
2025-04-17,139800.0,"상승  2,000",138300.0,140300.0,137500.0,99816.0,엔씨소프트,036570
2025-04-18,138500.0,"하락  1,300",139900.0,139900.0,137200.0,81460.0,엔씨소프트,036570
2025-04-21,136400.0,"하락  2,100",138500.0,138500.0,135200.0,74684.0,엔씨소프트,036570
2025-04-22,135800.0,하락  600,135300.0,136100.0,134600.0,50376.0,엔씨소프트,036570
2025-04-23,141800.0,"상승  6,000",137000.0,142200.0,136700.0,126117.0,엔씨소프트,036570
2025-04-24,147700.0,"상승  5,900",142000.0,148200.0,141200.0,120088.0,엔씨소프트,036570
2025-04-25,146900.0,하락  800,147600.0,148000.0,146000.0,58442.0,엔씨소프트,036570
2025-04-28,150700.0,"상승  3,800",146300.0,151900.0,146000.0,105329.0,엔씨소프트,036570
2025-04-29,146700.0,"하락  4,000",150700.0,151400.0,145700.0,101362.0,엔씨소프트,036570
2025-04-30,146300.0,하락  400,146400.0,149000.0,144100.0,100400.0,엔씨소프트,036570
2025-05-02,145800.0,하락  500,145500.0,147300.0,144000.0,75782.0,엔씨소프트,036570
2025-05-07,148100.0,"상승  2,300",147000.0,150300.0,145600.0,94479.0,엔씨소프트,036570
2025-05-08,147100.0,"하락  1,000",147100.0,148500.0,145600.0,94850.0,엔씨소프트,036570
2025-05-09,148100.0,"상승  1,000",147500.0,151400.0,147300.0,81215.0,엔씨소프트,036570
2025-05-12,149400.0,"상승  1,300",149600.0,151200.0,147100.0,53432.0,엔씨소프트,036570
2025-05-13,150400.0,"상승  1,000",148300.0,151800.0,147500.0,84253.0,엔씨소프트,036570
2025-05-14,158500.0,"상승  8,100",151500.0,158500.0,145200.0,289711.0,엔씨소프트,036570
2025-05-15,155500.0,"하락  3,000",156400.0,157900.0,153700.0,95922.0,엔씨소프트,036570
2025-05-16,161700.0,"상승  6,200",156600.0,163200.0,155700.0,164070.0,엔씨소프트,036570
2025-05-19,157600.0,"하락  4,100",161000.0,161300.0,155700.0,76548.0,엔씨소프트,036570
2025-05-20,155600.0,"하락  2,000",159200.0,159600.0,154200.0,74867.0,엔씨소프트,036570
2025-05-21,155500.0,하락  100,155700.0,159100.0,155300.0,68349.0,엔씨소프트,036570
2025-05-22,155600.0,상승  100,154000.0,157100.0,153900.0,83209.0,엔씨소프트,036570
2025-05-23,150800.0,"하락  4,800",155600.0,156500.0,150100.0,103949.0,엔씨소프트,036570
2025-05-26,151900.0,"상승  1,100",150000.0,153300.0,148200.0,99886.0,엔씨소프트,036570
2025-05-27,157600.0,"상승  5,700",150500.0,159000.0,150000.0,208277.0,엔씨소프트,036570
2025-05-28,157300.0,하락  300,156900.0,162300.0,155800.0,132706.0,엔씨소프트,036570
2025-05-29,158900.0,"상승  1,600",158800.0,160800.0,157000.0,127102.0,엔씨소프트,036570
