날짜,종가,전일비,시가,고가,저가,거래량,회사명,종목코드
2021-08-10,454000.0,"상승  5,500",448500.0,480000.0,400500.0,5121520.0,크래프톤,259960
2021-08-10,454000.0,"상승  5,500",448500.0,480000.0,400500.0,5121520.0,크래프톤,259960
2021-08-10,454000.0,"상승  5,500",448500.0,480000.0,400500.0,5121520.0,크래프톤,259960
2021-08-10,454000.0,"상승  5,500",448500.0,480000.0,400500.0,5121520.0,크래프톤,259960
2021-08-10,454000.0,"상승  5,500",448500.0,480000.0,400500.0,5121520.0,크래프톤,259960
2021-08-10,454000.0,"상승  5,500",448500.0,480000.0,400500.0,5121520.0,크래프톤,259960
2021-08-10,454000.0,"상승  5,500",448500.0,480000.0,400500.0,5121520.0,크래프톤,259960
2021-08-10,454000.0,"상승  5,500",448500.0,480000.0,400500.0,5121520.0,크래프톤,259960
2021-08-10,454000.0,"상승  5,500",448500.0,480000.0,400500.0,5121520.0,크래프톤,259960
2021-08-10,454000.0,"상승  5,500",448500.0,480000.0,400500.0,5121520.0,크래프톤,259960
2021-08-10,454000.0,"상승  5,500",448500.0,480000.0,400500.0,5121520.0,크래프톤,259960
2021-08-10,454000.0,"상승  5,500",448500.0,480000.0,400500.0,5121520.0,크래프톤,259960
2021-08-10,454000.0,"상승  5,500",448500.0,480000.0,400500.0,5121520.0,크래프톤,259960
2021-08-10,454000.0,"상승  5,500",448500.0,480000.0,400500.0,5121520.0,크래프톤,259960
2021-08-10,454000.0,"상승  5,500",448500.0,480000.0,400500.0,5121520.0,크래프톤,259960
2021-08-10,454000.0,"상승  5,500",448500.0,480000.0,400500.0,5121520.0,크래프톤,259960
2021-08-10,454000.0,"상승  5,500",448500.0,480000.0,400500.0,5121520.0,크래프톤,259960
2021-08-10,454000.0,"상승  5,500",448500.0,480000.0,400500.0,5121520.0,크래프톤,259960
2021-08-10,454000.0,"상승  5,500",448500.0,480000.0,400500.0,5121520.0,크래프톤,259960
2021-08-10,454000.0,"상승  5,500",448500.0,480000.0,400500.0,5121520.0,크래프톤,259960
2021-08-10,454000.0,"상승  5,500",448500.0,480000.0,400500.0,5121520.0,크래프톤,259960
2021-08-10,454000.0,"상승  5,500",448500.0,480000.0,400500.0,5121520.0,크래프톤,259960
2021-08-10,454000.0,"상승  5,500",448500.0,480000.0,400500.0,5121520.0,크래프톤,259960
2021-08-10,454000.0,"상승  5,500",448500.0,480000.0,400500.0,5121520.0,크래프톤,259960
2021-08-10,454000.0,"상승  5,500",448500.0,480000.0,400500.0,5121520.0,크래프톤,259960
2021-08-10,454000.0,"상승  5,500",448500.0,480000.0,400500.0,5121520.0,크래프톤,259960
2021-08-10,454000.0,"상승  5,500",448500.0,480000.0,400500.0,5121520.0,크래프톤,259960
2021-08-10,454000.0,"상승  5,500",448500.0,480000.0,400500.0,5121520.0,크래프톤,259960
2021-08-10,454000.0,"상승  5,500",448500.0,480000.0,400500.0,5121520.0,크래프톤,259960
2021-08-10,454000.0,"상승  5,500",448500.0,480000.0,400500.0,5121520.0,크래프톤,259960
2021-08-10,454000.0,"상승  5,500",448500.0,480000.0,400500.0,5121520.0,크래프톤,259960
2021-08-10,454000.0,"상승  5,500",448500.0,480000.0,400500.0,5121520.0,크래프톤,259960
2021-08-10,454000.0,"상승  5,500",448500.0,480000.0,400500.0,5121520.0,크래프톤,259960
2021-08-10,454000.0,"상승  5,500",448500.0,480000.0,400500.0,5121520.0,크래프톤,259960
2021-08-10,454000.0,"상승  5,500",448500.0,480000.0,400500.0,5121520.0,크래프톤,259960
2021-08-10,454000.0,"상승  5,500",448500.0,480000.0,400500.0,5121520.0,크래프톤,259960
2021-08-11,407000.0,"하락  47,000",444500.0,446000.0,405000.0,1647759.0,크래프톤,259960
2021-08-11,407000.0,"하락  47,000",444500.0,446000.0,405000.0,1647759.0,크래프톤,259960
2021-08-11,407000.0,"하락  47,000",444500.0,446000.0,405000.0,1647759.0,크래프톤,259960
2021-08-11,407000.0,"하락  47,000",444500.0,446000.0,405000.0,1647759.0,크래프톤,259960
2021-08-11,407000.0,"하락  47,000",444500.0,446000.0,405000.0,1647759.0,크래프톤,259960
2021-08-11,407000.0,"하락  47,000",444500.0,446000.0,405000.0,1647759.0,크래프톤,259960
2021-08-11,407000.0,"하락  47,000",444500.0,446000.0,405000.0,1647759.0,크래프톤,259960
2021-08-11,407000.0,"하락  47,000",444500.0,446000.0,405000.0,1647759.0,크래프톤,259960
2021-08-11,407000.0,"하락  47,000",444500.0,446000.0,405000.0,1647759.0,크래프톤,259960
2021-08-11,407000.0,"하락  47,000",444500.0,446000.0,405000.0,1647759.0,크래프톤,259960
2021-08-11,407000.0,"하락  47,000",444500.0,446000.0,405000.0,1647759.0,크래프톤,259960
2021-08-11,407000.0,"하락  47,000",444500.0,446000.0,405000.0,1647759.0,크래프톤,259960
2021-08-11,407000.0,"하락  47,000",444500.0,446000.0,405000.0,1647759.0,크래프톤,259960
2021-08-11,407000.0,"하락  47,000",444500.0,446000.0,405000.0,1647759.0,크래프톤,259960
2021-08-11,407000.0,"하락  47,000",444500.0,446000.0,405000.0,1647759.0,크래프톤,259960
2021-08-11,407000.0,"하락  47,000",444500.0,446000.0,405000.0,1647759.0,크래프톤,259960
2021-08-11,407000.0,"하락  47,000",444500.0,446000.0,405000.0,1647759.0,크래프톤,259960
2021-08-11,407000.0,"하락  47,000",444500.0,446000.0,405000.0,1647759.0,크래프톤,259960
2021-08-11,407000.0,"하락  47,000",444500.0,446000.0,405000.0,1647759.0,크래프톤,259960
2021-08-11,407000.0,"하락  47,000",444500.0,446000.0,405000.0,1647759.0,크래프톤,259960
2021-08-11,407000.0,"하락  47,000",444500.0,446000.0,405000.0,1647759.0,크래프톤,259960
2021-08-11,407000.0,"하락  47,000",444500.0,446000.0,405000.0,1647759.0,크래프톤,259960
2021-08-11,407000.0,"하락  47,000",444500.0,446000.0,405000.0,1647759.0,크래프톤,259960
2021-08-11,407000.0,"하락  47,000",444500.0,446000.0,405000.0,1647759.0,크래프톤,259960
2021-08-11,407000.0,"하락  47,000",444500.0,446000.0,405000.0,1647759.0,크래프톤,259960
2021-08-11,407000.0,"하락  47,000",444500.0,446000.0,405000.0,1647759.0,크래프톤,259960
2021-08-11,407000.0,"하락  47,000",444500.0,446000.0,405000.0,1647759.0,크래프톤,259960
2021-08-11,407000.0,"하락  47,000",444500.0,446000.0,405000.0,1647759.0,크래프톤,259960
2021-08-11,407000.0,"하락  47,000",444500.0,446000.0,405000.0,1647759.0,크래프톤,259960
2021-08-11,407000.0,"하락  47,000",444500.0,446000.0,405000.0,1647759.0,크래프톤,259960
2021-08-11,407000.0,"하락  47,000",444500.0,446000.0,405000.0,1647759.0,크래프톤,259960
2021-08-11,407000.0,"하락  47,000",444500.0,446000.0,405000.0,1647759.0,크래프톤,259960
2021-08-11,407000.0,"하락  47,000",444500.0,446000.0,405000.0,1647759.0,크래프톤,259960
2021-08-11,407000.0,"하락  47,000",444500.0,446000.0,405000.0,1647759.0,크래프톤,259960
2021-08-11,407000.0,"하락  47,000",444500.0,446000.0,405000.0,1647759.0,크래프톤,259960
2021-08-11,407000.0,"하락  47,000",444500.0,446000.0,405000.0,1647759.0,크래프톤,259960
2021-08-12,406000.0,"하락  1,000",414000.0,420500.0,402000.0,947958.0,크래프톤,259960
2021-08-12,406000.0,"하락  1,000",414000.0,420500.0,402000.0,947958.0,크래프톤,259960
2021-08-12,406000.0,"하락  1,000",414000.0,420500.0,402000.0,947958.0,크래프톤,259960
2021-08-12,406000.0,"하락  1,000",414000.0,420500.0,402000.0,947958.0,크래프톤,259960
2021-08-12,406000.0,"하락  1,000",414000.0,420500.0,402000.0,947958.0,크래프톤,259960
2021-08-12,406000.0,"하락  1,000",414000.0,420500.0,402000.0,947958.0,크래프톤,259960
2021-08-12,406000.0,"하락  1,000",414000.0,420500.0,402000.0,947958.0,크래프톤,259960
2021-08-12,406000.0,"하락  1,000",414000.0,420500.0,402000.0,947958.0,크래프톤,259960
2021-08-12,406000.0,"하락  1,000",414000.0,420500.0,402000.0,947958.0,크래프톤,259960
2021-08-12,406000.0,"하락  1,000",414000.0,420500.0,402000.0,947958.0,크래프톤,259960
2021-08-12,406000.0,"하락  1,000",414000.0,420500.0,402000.0,947958.0,크래프톤,259960
2021-08-12,406000.0,"하락  1,000",414000.0,420500.0,402000.0,947958.0,크래프톤,259960
2021-08-12,406000.0,"하락  1,000",414000.0,420500.0,402000.0,947958.0,크래프톤,259960
2021-08-12,406000.0,"하락  1,000",414000.0,420500.0,402000.0,947958.0,크래프톤,259960
2021-08-12,406000.0,"하락  1,000",414000.0,420500.0,402000.0,947958.0,크래프톤,259960
2021-08-12,406000.0,"하락  1,000",414000.0,420500.0,402000.0,947958.0,크래프톤,259960
2021-08-12,406000.0,"하락  1,000",414000.0,420500.0,402000.0,947958.0,크래프톤,259960
2021-08-12,406000.0,"하락  1,000",414000.0,420500.0,402000.0,947958.0,크래프톤,259960
2021-08-12,406000.0,"하락  1,000",414000.0,420500.0,402000.0,947958.0,크래프톤,259960
2021-08-12,406000.0,"하락  1,000",414000.0,420500.0,402000.0,947958.0,크래프톤,259960
2021-08-12,406000.0,"하락  1,000",414000.0,420500.0,402000.0,947958.0,크래프톤,259960
2021-08-12,406000.0,"하락  1,000",414000.0,420500.0,402000.0,947958.0,크래프톤,259960
2021-08-12,406000.0,"하락  1,000",414000.0,420500.0,402000.0,947958.0,크래프톤,259960
2021-08-12,406000.0,"하락  1,000",414000.0,420500.0,402000.0,947958.0,크래프톤,259960
2021-08-12,406000.0,"하락  1,000",414000.0,420500.0,402000.0,947958.0,크래프톤,259960
2021-08-12,406000.0,"하락  1,000",414000.0,420500.0,402000.0,947958.0,크래프톤,259960
2021-08-12,406000.0,"하락  1,000",414000.0,420500.0,402000.0,947958.0,크래프톤,259960
2021-08-12,406000.0,"하락  1,000",414000.0,420500.0,402000.0,947958.0,크래프톤,259960
2021-08-12,406000.0,"하락  1,000",414000.0,420500.0,402000.0,947958.0,크래프톤,259960
2021-08-12,406000.0,"하락  1,000",414000.0,420500.0,402000.0,947958.0,크래프톤,259960
2021-08-12,406000.0,"하락  1,000",414000.0,420500.0,402000.0,947958.0,크래프톤,259960
2021-08-12,406000.0,"하락  1,000",414000.0,420500.0,402000.0,947958.0,크래프톤,259960
2021-08-12,406000.0,"하락  1,000",414000.0,420500.0,402000.0,947958.0,크래프톤,259960
2021-08-12,406000.0,"하락  1,000",414000.0,420500.0,402000.0,947958.0,크래프톤,259960
2021-08-12,406000.0,"하락  1,000",414000.0,420500.0,402000.0,947958.0,크래프톤,259960
2021-08-12,406000.0,"하락  1,000",414000.0,420500.0,402000.0,947958.0,크래프톤,259960
2021-08-13,437000.0,"상승  31,000",415000.0,445500.0,408500.0,1669847.0,크래프톤,259960
2021-08-13,437000.0,"상승  31,000",415000.0,445500.0,408500.0,1669847.0,크래프톤,259960
2021-08-13,437000.0,"상승  31,000",415000.0,445500.0,408500.0,1669847.0,크래프톤,259960
2021-08-13,437000.0,"상승  31,000",415000.0,445500.0,408500.0,1669847.0,크래프톤,259960
2021-08-13,437000.0,"상승  31,000",415000.0,445500.0,408500.0,1669847.0,크래프톤,259960
2021-08-13,437000.0,"상승  31,000",415000.0,445500.0,408500.0,1669847.0,크래프톤,259960
2021-08-13,437000.0,"상승  31,000",415000.0,445500.0,408500.0,1669847.0,크래프톤,259960
2021-08-13,437000.0,"상승  31,000",415000.0,445500.0,408500.0,1669847.0,크래프톤,259960
2021-08-13,437000.0,"상승  31,000",415000.0,445500.0,408500.0,1669847.0,크래프톤,259960
2021-08-13,437000.0,"상승  31,000",415000.0,445500.0,408500.0,1669847.0,크래프톤,259960
2021-08-13,437000.0,"상승  31,000",415000.0,445500.0,408500.0,1669847.0,크래프톤,259960
2021-08-13,437000.0,"상승  31,000",415000.0,445500.0,408500.0,1669847.0,크래프톤,259960
2021-08-13,437000.0,"상승  31,000",415000.0,445500.0,408500.0,1669847.0,크래프톤,259960
2021-08-13,437000.0,"상승  31,000",415000.0,445500.0,408500.0,1669847.0,크래프톤,259960
2021-08-13,437000.0,"상승  31,000",415000.0,445500.0,408500.0,1669847.0,크래프톤,259960
2021-08-13,437000.0,"상승  31,000",415000.0,445500.0,408500.0,1669847.0,크래프톤,259960
2021-08-13,437000.0,"상승  31,000",415000.0,445500.0,408500.0,1669847.0,크래프톤,259960
2021-08-13,437000.0,"상승  31,000",415000.0,445500.0,408500.0,1669847.0,크래프톤,259960
2021-08-13,437000.0,"상승  31,000",415000.0,445500.0,408500.0,1669847.0,크래프톤,259960
2021-08-13,437000.0,"상승  31,000",415000.0,445500.0,408500.0,1669847.0,크래프톤,259960
2021-08-13,437000.0,"상승  31,000",415000.0,445500.0,408500.0,1669847.0,크래프톤,259960
2021-08-13,437000.0,"상승  31,000",415000.0,445500.0,408500.0,1669847.0,크래프톤,259960
2021-08-13,437000.0,"상승  31,000",415000.0,445500.0,408500.0,1669847.0,크래프톤,259960
2021-08-13,437000.0,"상승  31,000",415000.0,445500.0,408500.0,1669847.0,크래프톤,259960
2021-08-13,437000.0,"상승  31,000",415000.0,445500.0,408500.0,1669847.0,크래프톤,259960
2021-08-13,437000.0,"상승  31,000",415000.0,445500.0,408500.0,1669847.0,크래프톤,259960
2021-08-13,437000.0,"상승  31,000",415000.0,445500.0,408500.0,1669847.0,크래프톤,259960
2021-08-13,437000.0,"상승  31,000",415000.0,445500.0,408500.0,1669847.0,크래프톤,259960
2021-08-13,437000.0,"상승  31,000",415000.0,445500.0,408500.0,1669847.0,크래프톤,259960
2021-08-13,437000.0,"상승  31,000",415000.0,445500.0,408500.0,1669847.0,크래프톤,259960
2021-08-13,437000.0,"상승  31,000",415000.0,445500.0,408500.0,1669847.0,크래프톤,259960
2021-08-13,437000.0,"상승  31,000",415000.0,445500.0,408500.0,1669847.0,크래프톤,259960
2021-08-13,437000.0,"상승  31,000",415000.0,445500.0,408500.0,1669847.0,크래프톤,259960
2021-08-13,437000.0,"상승  31,000",415000.0,445500.0,408500.0,1669847.0,크래프톤,259960
2021-08-13,437000.0,"상승  31,000",415000.0,445500.0,408500.0,1669847.0,크래프톤,259960
2021-08-13,437000.0,"상승  31,000",415000.0,445500.0,408500.0,1669847.0,크래프톤,259960
2021-08-17,451500.0,"상승  14,500",433000.0,460000.0,423000.0,1189500.0,크래프톤,259960
2021-08-17,451500.0,"상승  14,500",433000.0,460000.0,423000.0,1189500.0,크래프톤,259960
2021-08-17,451500.0,"상승  14,500",433000.0,460000.0,423000.0,1189500.0,크래프톤,259960
2021-08-17,451500.0,"상승  14,500",433000.0,460000.0,423000.0,1189500.0,크래프톤,259960
2021-08-17,451500.0,"상승  14,500",433000.0,460000.0,423000.0,1189500.0,크래프톤,259960
2021-08-17,451500.0,"상승  14,500",433000.0,460000.0,423000.0,1189500.0,크래프톤,259960
2021-08-17,451500.0,"상승  14,500",433000.0,460000.0,423000.0,1189500.0,크래프톤,259960
2021-08-17,451500.0,"상승  14,500",433000.0,460000.0,423000.0,1189500.0,크래프톤,259960
2021-08-17,451500.0,"상승  14,500",433000.0,460000.0,423000.0,1189500.0,크래프톤,259960
2021-08-17,451500.0,"상승  14,500",433000.0,460000.0,423000.0,1189500.0,크래프톤,259960
2021-08-17,451500.0,"상승  14,500",433000.0,460000.0,423000.0,1189500.0,크래프톤,259960
2021-08-17,451500.0,"상승  14,500",433000.0,460000.0,423000.0,1189500.0,크래프톤,259960
2021-08-17,451500.0,"상승  14,500",433000.0,460000.0,423000.0,1189500.0,크래프톤,259960
2021-08-17,451500.0,"상승  14,500",433000.0,460000.0,423000.0,1189500.0,크래프톤,259960
2021-08-17,451500.0,"상승  14,500",433000.0,460000.0,423000.0,1189500.0,크래프톤,259960
2021-08-17,451500.0,"상승  14,500",433000.0,460000.0,423000.0,1189500.0,크래프톤,259960
2021-08-17,451500.0,"상승  14,500",433000.0,460000.0,423000.0,1189500.0,크래프톤,259960
2021-08-17,451500.0,"상승  14,500",433000.0,460000.0,423000.0,1189500.0,크래프톤,259960
2021-08-17,451500.0,"상승  14,500",433000.0,460000.0,423000.0,1189500.0,크래프톤,259960
2021-08-17,451500.0,"상승  14,500",433000.0,460000.0,423000.0,1189500.0,크래프톤,259960
2021-08-17,451500.0,"상승  14,500",433000.0,460000.0,423000.0,1189500.0,크래프톤,259960
2021-08-17,451500.0,"상승  14,500",433000.0,460000.0,423000.0,1189500.0,크래프톤,259960
2021-08-17,451500.0,"상승  14,500",433000.0,460000.0,423000.0,1189500.0,크래프톤,259960
2021-08-17,451500.0,"상승  14,500",433000.0,460000.0,423000.0,1189500.0,크래프톤,259960
2021-08-17,451500.0,"상승  14,500",433000.0,460000.0,423000.0,1189500.0,크래프톤,259960
2021-08-17,451500.0,"상승  14,500",433000.0,460000.0,423000.0,1189500.0,크래프톤,259960
2021-08-17,451500.0,"상승  14,500",433000.0,460000.0,423000.0,1189500.0,크래프톤,259960
2021-08-17,451500.0,"상승  14,500",433000.0,460000.0,423000.0,1189500.0,크래프톤,259960
2021-08-17,451500.0,"상승  14,500",433000.0,460000.0,423000.0,1189500.0,크래프톤,259960
2021-08-17,451500.0,"상승  14,500",433000.0,460000.0,423000.0,1189500.0,크래프톤,259960
2021-08-17,451500.0,"상승  14,500",433000.0,460000.0,423000.0,1189500.0,크래프톤,259960
2021-08-17,451500.0,"상승  14,500",433000.0,460000.0,423000.0,1189500.0,크래프톤,259960
2021-08-17,451500.0,"상승  14,500",433000.0,460000.0,423000.0,1189500.0,크래프톤,259960
2021-08-17,451500.0,"상승  14,500",433000.0,460000.0,423000.0,1189500.0,크래프톤,259960
2021-08-17,451500.0,"상승  14,500",433000.0,460000.0,423000.0,1189500.0,크래프톤,259960
2021-08-17,451500.0,"상승  14,500",433000.0,460000.0,423000.0,1189500.0,크래프톤,259960
2021-08-18,469000.0,"상승  17,500",449000.0,480000.0,437000.0,1168167.0,크래프톤,259960
2021-08-18,469000.0,"상승  17,500",449000.0,480000.0,437000.0,1168167.0,크래프톤,259960
2021-08-18,469000.0,"상승  17,500",449000.0,480000.0,437000.0,1168167.0,크래프톤,259960
2021-08-18,469000.0,"상승  17,500",449000.0,480000.0,437000.0,1168167.0,크래프톤,259960
2021-08-18,469000.0,"상승  17,500",449000.0,480000.0,437000.0,1168167.0,크래프톤,259960
2021-08-18,469000.0,"상승  17,500",449000.0,480000.0,437000.0,1168167.0,크래프톤,259960
2021-08-18,469000.0,"상승  17,500",449000.0,480000.0,437000.0,1168167.0,크래프톤,259960
2021-08-18,469000.0,"상승  17,500",449000.0,480000.0,437000.0,1168167.0,크래프톤,259960
2021-08-18,469000.0,"상승  17,500",449000.0,480000.0,437000.0,1168167.0,크래프톤,259960
2021-08-18,469000.0,"상승  17,500",449000.0,480000.0,437000.0,1168167.0,크래프톤,259960
2021-08-18,469000.0,"상승  17,500",449000.0,480000.0,437000.0,1168167.0,크래프톤,259960
2021-08-18,469000.0,"상승  17,500",449000.0,480000.0,437000.0,1168167.0,크래프톤,259960
2021-08-18,469000.0,"상승  17,500",449000.0,480000.0,437000.0,1168167.0,크래프톤,259960
2021-08-18,469000.0,"상승  17,500",449000.0,480000.0,437000.0,1168167.0,크래프톤,259960
2021-08-18,469000.0,"상승  17,500",449000.0,480000.0,437000.0,1168167.0,크래프톤,259960
2021-08-18,469000.0,"상승  17,500",449000.0,480000.0,437000.0,1168167.0,크래프톤,259960
2021-08-18,469000.0,"상승  17,500",449000.0,480000.0,437000.0,1168167.0,크래프톤,259960
2021-08-18,469000.0,"상승  17,500",449000.0,480000.0,437000.0,1168167.0,크래프톤,259960
2021-08-18,469000.0,"상승  17,500",449000.0,480000.0,437000.0,1168167.0,크래프톤,259960
2021-08-18,469000.0,"상승  17,500",449000.0,480000.0,437000.0,1168167.0,크래프톤,259960
2021-08-18,469000.0,"상승  17,500",449000.0,480000.0,437000.0,1168167.0,크래프톤,259960
2021-08-18,469000.0,"상승  17,500",449000.0,480000.0,437000.0,1168167.0,크래프톤,259960
2021-08-18,469000.0,"상승  17,500",449000.0,480000.0,437000.0,1168167.0,크래프톤,259960
2021-08-18,469000.0,"상승  17,500",449000.0,480000.0,437000.0,1168167.0,크래프톤,259960
2021-08-18,469000.0,"상승  17,500",449000.0,480000.0,437000.0,1168167.0,크래프톤,259960
2021-08-18,469000.0,"상승  17,500",449000.0,480000.0,437000.0,1168167.0,크래프톤,259960
2021-08-18,469000.0,"상승  17,500",449000.0,480000.0,437000.0,1168167.0,크래프톤,259960
2021-08-18,469000.0,"상승  17,500",449000.0,480000.0,437000.0,1168167.0,크래프톤,259960
2021-08-18,469000.0,"상승  17,500",449000.0,480000.0,437000.0,1168167.0,크래프톤,259960
2021-08-18,469000.0,"상승  17,500",449000.0,480000.0,437000.0,1168167.0,크래프톤,259960
2021-08-18,469000.0,"상승  17,500",449000.0,480000.0,437000.0,1168167.0,크래프톤,259960
2021-08-18,469000.0,"상승  17,500",449000.0,480000.0,437000.0,1168167.0,크래프톤,259960
2021-08-18,469000.0,"상승  17,500",449000.0,480000.0,437000.0,1168167.0,크래프톤,259960
2021-08-18,469000.0,"상승  17,500",449000.0,480000.0,437000.0,1168167.0,크래프톤,259960
2021-08-18,469000.0,"상승  17,500",449000.0,480000.0,437000.0,1168167.0,크래프톤,259960
2021-08-18,469000.0,"상승  17,500",449000.0,480000.0,437000.0,1168167.0,크래프톤,259960
2021-08-19,492500.0,"상승  23,500",472500.0,498500.0,469500.0,1258932.0,크래프톤,259960
2021-08-19,492500.0,"상승  23,500",472500.0,498500.0,469500.0,1258932.0,크래프톤,259960
2021-08-19,492500.0,"상승  23,500",472500.0,498500.0,469500.0,1258932.0,크래프톤,259960
2021-08-19,492500.0,"상승  23,500",472500.0,498500.0,469500.0,1258932.0,크래프톤,259960
2021-08-19,492500.0,"상승  23,500",472500.0,498500.0,469500.0,1258932.0,크래프톤,259960
2021-08-19,492500.0,"상승  23,500",472500.0,498500.0,469500.0,1258932.0,크래프톤,259960
2021-08-19,492500.0,"상승  23,500",472500.0,498500.0,469500.0,1258932.0,크래프톤,259960
2021-08-19,492500.0,"상승  23,500",472500.0,498500.0,469500.0,1258932.0,크래프톤,259960
2021-08-19,492500.0,"상승  23,500",472500.0,498500.0,469500.0,1258932.0,크래프톤,259960
2021-08-19,492500.0,"상승  23,500",472500.0,498500.0,469500.0,1258932.0,크래프톤,259960
2021-08-19,492500.0,"상승  23,500",472500.0,498500.0,469500.0,1258932.0,크래프톤,259960
2021-08-19,492500.0,"상승  23,500",472500.0,498500.0,469500.0,1258932.0,크래프톤,259960
2021-08-19,492500.0,"상승  23,500",472500.0,498500.0,469500.0,1258932.0,크래프톤,259960
2021-08-19,492500.0,"상승  23,500",472500.0,498500.0,469500.0,1258932.0,크래프톤,259960
2021-08-19,492500.0,"상승  23,500",472500.0,498500.0,469500.0,1258932.0,크래프톤,259960
2021-08-19,492500.0,"상승  23,500",472500.0,498500.0,469500.0,1258932.0,크래프톤,259960
2021-08-19,492500.0,"상승  23,500",472500.0,498500.0,469500.0,1258932.0,크래프톤,259960
2021-08-19,492500.0,"상승  23,500",472500.0,498500.0,469500.0,1258932.0,크래프톤,259960
2021-08-19,492500.0,"상승  23,500",472500.0,498500.0,469500.0,1258932.0,크래프톤,259960
2021-08-19,492500.0,"상승  23,500",472500.0,498500.0,469500.0,1258932.0,크래프톤,259960
2021-08-19,492500.0,"상승  23,500",472500.0,498500.0,469500.0,1258932.0,크래프톤,259960
2021-08-19,492500.0,"상승  23,500",472500.0,498500.0,469500.0,1258932.0,크래프톤,259960
2021-08-19,492500.0,"상승  23,500",472500.0,498500.0,469500.0,1258932.0,크래프톤,259960
2021-08-19,492500.0,"상승  23,500",472500.0,498500.0,469500.0,1258932.0,크래프톤,259960
2021-08-19,492500.0,"상승  23,500",472500.0,498500.0,469500.0,1258932.0,크래프톤,259960
2021-08-19,492500.0,"상승  23,500",472500.0,498500.0,469500.0,1258932.0,크래프톤,259960
2021-08-19,492500.0,"상승  23,500",472500.0,498500.0,469500.0,1258932.0,크래프톤,259960
2021-08-19,492500.0,"상승  23,500",472500.0,498500.0,469500.0,1258932.0,크래프톤,259960
2021-08-19,492500.0,"상승  23,500",472500.0,498500.0,469500.0,1258932.0,크래프톤,259960
2021-08-19,492500.0,"상승  23,500",472500.0,498500.0,469500.0,1258932.0,크래프톤,259960
2021-08-19,492500.0,"상승  23,500",472500.0,498500.0,469500.0,1258932.0,크래프톤,259960
2021-08-19,492500.0,"상승  23,500",472500.0,498500.0,469500.0,1258932.0,크래프톤,259960
2021-08-19,492500.0,"상승  23,500",472500.0,498500.0,469500.0,1258932.0,크래프톤,259960
2021-08-19,492500.0,"상승  23,500",472500.0,498500.0,469500.0,1258932.0,크래프톤,259960
2021-08-19,492500.0,"상승  23,500",472500.0,498500.0,469500.0,1258932.0,크래프톤,259960
2021-08-19,492500.0,"상승  23,500",472500.0,498500.0,469500.0,1258932.0,크래프톤,259960
2021-08-20,491500.0,"하락  1,000",506000.0,510000.0,467500.0,1100068.0,크래프톤,259960
2021-08-20,491500.0,"하락  1,000",506000.0,510000.0,467500.0,1100068.0,크래프톤,259960
2021-08-20,491500.0,"하락  1,000",506000.0,510000.0,467500.0,1100068.0,크래프톤,259960
2021-08-20,491500.0,"하락  1,000",506000.0,510000.0,467500.0,1100068.0,크래프톤,259960
2021-08-20,491500.0,"하락  1,000",506000.0,510000.0,467500.0,1100068.0,크래프톤,259960
2021-08-20,491500.0,"하락  1,000",506000.0,510000.0,467500.0,1100068.0,크래프톤,259960
2021-08-20,491500.0,"하락  1,000",506000.0,510000.0,467500.0,1100068.0,크래프톤,259960
2021-08-20,491500.0,"하락  1,000",506000.0,510000.0,467500.0,1100068.0,크래프톤,259960
2021-08-20,491500.0,"하락  1,000",506000.0,510000.0,467500.0,1100068.0,크래프톤,259960
2021-08-20,491500.0,"하락  1,000",506000.0,510000.0,467500.0,1100068.0,크래프톤,259960
2021-08-20,491500.0,"하락  1,000",506000.0,510000.0,467500.0,1100068.0,크래프톤,259960
2021-08-20,491500.0,"하락  1,000",506000.0,510000.0,467500.0,1100068.0,크래프톤,259960
2021-08-20,491500.0,"하락  1,000",506000.0,510000.0,467500.0,1100068.0,크래프톤,259960
2021-08-20,491500.0,"하락  1,000",506000.0,510000.0,467500.0,1100068.0,크래프톤,259960
2021-08-20,491500.0,"하락  1,000",506000.0,510000.0,467500.0,1100068.0,크래프톤,259960
2021-08-20,491500.0,"하락  1,000",506000.0,510000.0,467500.0,1100068.0,크래프톤,259960
2021-08-20,491500.0,"하락  1,000",506000.0,510000.0,467500.0,1100068.0,크래프톤,259960
2021-08-20,491500.0,"하락  1,000",506000.0,510000.0,467500.0,1100068.0,크래프톤,259960
2021-08-20,491500.0,"하락  1,000",506000.0,510000.0,467500.0,1100068.0,크래프톤,259960
2021-08-20,491500.0,"하락  1,000",506000.0,510000.0,467500.0,1100068.0,크래프톤,259960
2021-08-20,491500.0,"하락  1,000",506000.0,510000.0,467500.0,1100068.0,크래프톤,259960
2021-08-20,491500.0,"하락  1,000",506000.0,510000.0,467500.0,1100068.0,크래프톤,259960
2021-08-20,491500.0,"하락  1,000",506000.0,510000.0,467500.0,1100068.0,크래프톤,259960
2021-08-20,491500.0,"하락  1,000",506000.0,510000.0,467500.0,1100068.0,크래프톤,259960
2021-08-20,491500.0,"하락  1,000",506000.0,510000.0,467500.0,1100068.0,크래프톤,259960
2021-08-20,491500.0,"하락  1,000",506000.0,510000.0,467500.0,1100068.0,크래프톤,259960
2021-08-20,491500.0,"하락  1,000",506000.0,510000.0,467500.0,1100068.0,크래프톤,259960
2021-08-20,491500.0,"하락  1,000",506000.0,510000.0,467500.0,1100068.0,크래프톤,259960
2021-08-20,491500.0,"하락  1,000",506000.0,510000.0,467500.0,1100068.0,크래프톤,259960
2021-08-20,491500.0,"하락  1,000",506000.0,510000.0,467500.0,1100068.0,크래프톤,259960
2021-08-20,491500.0,"하락  1,000",506000.0,510000.0,467500.0,1100068.0,크래프톤,259960
2021-08-20,491500.0,"하락  1,000",506000.0,510000.0,467500.0,1100068.0,크래프톤,259960
2021-08-20,491500.0,"하락  1,000",506000.0,510000.0,467500.0,1100068.0,크래프톤,259960
2021-08-20,491500.0,"하락  1,000",506000.0,510000.0,467500.0,1100068.0,크래프톤,259960
2021-08-20,491500.0,"하락  1,000",506000.0,510000.0,467500.0,1100068.0,크래프톤,259960
2021-08-20,491500.0,"하락  1,000",506000.0,510000.0,467500.0,1100068.0,크래프톤,259960
2021-08-23,484500.0,"하락  7,000",492000.0,499500.0,480000.0,462461.0,크래프톤,259960
2021-08-23,484500.0,"하락  7,000",492000.0,499500.0,480000.0,462461.0,크래프톤,259960
2021-08-23,484500.0,"하락  7,000",492000.0,499500.0,480000.0,462461.0,크래프톤,259960
2021-08-23,484500.0,"하락  7,000",492000.0,499500.0,480000.0,462461.0,크래프톤,259960
2021-08-23,484500.0,"하락  7,000",492000.0,499500.0,480000.0,462461.0,크래프톤,259960
2021-08-23,484500.0,"하락  7,000",492000.0,499500.0,480000.0,462461.0,크래프톤,259960
2021-08-23,484500.0,"하락  7,000",492000.0,499500.0,480000.0,462461.0,크래프톤,259960
2021-08-23,484500.0,"하락  7,000",492000.0,499500.0,480000.0,462461.0,크래프톤,259960
2021-08-23,484500.0,"하락  7,000",492000.0,499500.0,480000.0,462461.0,크래프톤,259960
2021-08-23,484500.0,"하락  7,000",492000.0,499500.0,480000.0,462461.0,크래프톤,259960
2021-08-23,484500.0,"하락  7,000",492000.0,499500.0,480000.0,462461.0,크래프톤,259960
2021-08-23,484500.0,"하락  7,000",492000.0,499500.0,480000.0,462461.0,크래프톤,259960
2021-08-23,484500.0,"하락  7,000",492000.0,499500.0,480000.0,462461.0,크래프톤,259960
2021-08-23,484500.0,"하락  7,000",492000.0,499500.0,480000.0,462461.0,크래프톤,259960
2021-08-23,484500.0,"하락  7,000",492000.0,499500.0,480000.0,462461.0,크래프톤,259960
2021-08-23,484500.0,"하락  7,000",492000.0,499500.0,480000.0,462461.0,크래프톤,259960
2021-08-23,484500.0,"하락  7,000",492000.0,499500.0,480000.0,462461.0,크래프톤,259960
2021-08-23,484500.0,"하락  7,000",492000.0,499500.0,480000.0,462461.0,크래프톤,259960
2021-08-23,484500.0,"하락  7,000",492000.0,499500.0,480000.0,462461.0,크래프톤,259960
2021-08-23,484500.0,"하락  7,000",492000.0,499500.0,480000.0,462461.0,크래프톤,259960
2021-08-23,484500.0,"하락  7,000",492000.0,499500.0,480000.0,462461.0,크래프톤,259960
2021-08-23,484500.0,"하락  7,000",492000.0,499500.0,480000.0,462461.0,크래프톤,259960
2021-08-23,484500.0,"하락  7,000",492000.0,499500.0,480000.0,462461.0,크래프톤,259960
2021-08-23,484500.0,"하락  7,000",492000.0,499500.0,480000.0,462461.0,크래프톤,259960
2021-08-23,484500.0,"하락  7,000",492000.0,499500.0,480000.0,462461.0,크래프톤,259960
2021-08-23,484500.0,"하락  7,000",492000.0,499500.0,480000.0,462461.0,크래프톤,259960
2021-08-23,484500.0,"하락  7,000",492000.0,499500.0,480000.0,462461.0,크래프톤,259960
2021-08-23,484500.0,"하락  7,000",492000.0,499500.0,480000.0,462461.0,크래프톤,259960
2021-08-23,484500.0,"하락  7,000",492000.0,499500.0,480000.0,462461.0,크래프톤,259960
2021-08-23,484500.0,"하락  7,000",492000.0,499500.0,480000.0,462461.0,크래프톤,259960
2021-08-23,484500.0,"하락  7,000",492000.0,499500.0,480000.0,462461.0,크래프톤,259960
2021-08-23,484500.0,"하락  7,000",492000.0,499500.0,480000.0,462461.0,크래프톤,259960
2021-08-23,484500.0,"하락  7,000",492000.0,499500.0,480000.0,462461.0,크래프톤,259960
2021-08-23,484500.0,"하락  7,000",492000.0,499500.0,480000.0,462461.0,크래프톤,259960
2021-08-23,484500.0,"하락  7,000",492000.0,499500.0,480000.0,462461.0,크래프톤,259960
2021-08-23,484500.0,"하락  7,000",492000.0,499500.0,480000.0,462461.0,크래프톤,259960
2021-08-24,460000.0,"하락  24,500",487500.0,489000.0,455000.0,651528.0,크래프톤,259960
2021-08-24,460000.0,"하락  24,500",487500.0,489000.0,455000.0,651528.0,크래프톤,259960
2021-08-24,460000.0,"하락  24,500",487500.0,489000.0,455000.0,651528.0,크래프톤,259960
2021-08-24,460000.0,"하락  24,500",487500.0,489000.0,455000.0,651528.0,크래프톤,259960
2021-08-24,460000.0,"하락  24,500",487500.0,489000.0,455000.0,651528.0,크래프톤,259960
2021-08-24,460000.0,"하락  24,500",487500.0,489000.0,455000.0,651528.0,크래프톤,259960
2021-08-24,460000.0,"하락  24,500",487500.0,489000.0,455000.0,651528.0,크래프톤,259960
2021-08-24,460000.0,"하락  24,500",487500.0,489000.0,455000.0,651528.0,크래프톤,259960
2021-08-24,460000.0,"하락  24,500",487500.0,489000.0,455000.0,651528.0,크래프톤,259960
2021-08-24,460000.0,"하락  24,500",487500.0,489000.0,455000.0,651528.0,크래프톤,259960
2021-08-24,460000.0,"하락  24,500",487500.0,489000.0,455000.0,651528.0,크래프톤,259960
2021-08-24,460000.0,"하락  24,500",487500.0,489000.0,455000.0,651528.0,크래프톤,259960
2021-08-24,460000.0,"하락  24,500",487500.0,489000.0,455000.0,651528.0,크래프톤,259960
2021-08-24,460000.0,"하락  24,500",487500.0,489000.0,455000.0,651528.0,크래프톤,259960
2021-08-24,460000.0,"하락  24,500",487500.0,489000.0,455000.0,651528.0,크래프톤,259960
2021-08-24,460000.0,"하락  24,500",487500.0,489000.0,455000.0,651528.0,크래프톤,259960
2021-08-24,460000.0,"하락  24,500",487500.0,489000.0,455000.0,651528.0,크래프톤,259960
2021-08-24,460000.0,"하락  24,500",487500.0,489000.0,455000.0,651528.0,크래프톤,259960
2021-08-24,460000.0,"하락  24,500",487500.0,489000.0,455000.0,651528.0,크래프톤,259960
2021-08-24,460000.0,"하락  24,500",487500.0,489000.0,455000.0,651528.0,크래프톤,259960
2021-08-24,460000.0,"하락  24,500",487500.0,489000.0,455000.0,651528.0,크래프톤,259960
2021-08-24,460000.0,"하락  24,500",487500.0,489000.0,455000.0,651528.0,크래프톤,259960
2021-08-24,460000.0,"하락  24,500",487500.0,489000.0,455000.0,651528.0,크래프톤,259960
2021-08-24,460000.0,"하락  24,500",487500.0,489000.0,455000.0,651528.0,크래프톤,259960
2021-08-24,460000.0,"하락  24,500",487500.0,489000.0,455000.0,651528.0,크래프톤,259960
2021-08-24,460000.0,"하락  24,500",487500.0,489000.0,455000.0,651528.0,크래프톤,259960
2021-08-24,460000.0,"하락  24,500",487500.0,489000.0,455000.0,651528.0,크래프톤,259960
2021-08-24,460000.0,"하락  24,500",487500.0,489000.0,455000.0,651528.0,크래프톤,259960
2021-08-24,460000.0,"하락  24,500",487500.0,489000.0,455000.0,651528.0,크래프톤,259960
2021-08-24,460000.0,"하락  24,500",487500.0,489000.0,455000.0,651528.0,크래프톤,259960
2021-08-24,460000.0,"하락  24,500",487500.0,489000.0,455000.0,651528.0,크래프톤,259960
2021-08-24,460000.0,"하락  24,500",487500.0,489000.0,455000.0,651528.0,크래프톤,259960
2021-08-24,460000.0,"하락  24,500",487500.0,489000.0,455000.0,651528.0,크래프톤,259960
2021-08-24,460000.0,"하락  24,500",487500.0,489000.0,455000.0,651528.0,크래프톤,259960
2021-08-24,460000.0,"하락  24,500",487500.0,489000.0,455000.0,651528.0,크래프톤,259960
2021-08-24,460000.0,"하락  24,500",487500.0,489000.0,455000.0,651528.0,크래프톤,259960
2021-08-25,451000.0,"하락  9,000",462500.0,474000.0,434500.0,547287.0,크래프톤,259960
2021-08-26,469500.0,"상승  18,500",455500.0,471500.0,449500.0,356488.0,크래프톤,259960
2021-08-27,497000.0,"상승  27,500",473000.0,498000.0,463500.0,779064.0,크래프톤,259960
2021-08-30,497000.0,보합0,494000.0,499500.0,485000.0,358146.0,크래프톤,259960
2021-08-31,491500.0,"하락  5,500",480000.0,494500.0,470500.0,409300.0,크래프톤,259960
2021-09-01,507000.0,"상승  15,500",487000.0,507000.0,487000.0,529067.0,크래프톤,259960
2021-09-02,491500.0,"하락  15,500",505000.0,520000.0,491500.0,573318.0,크래프톤,259960
2021-09-03,509000.0,"상승  17,500",495000.0,510000.0,489000.0,338553.0,크래프톤,259960
2021-09-06,482500.0,"하락  26,500",500000.0,503000.0,478500.0,400109.0,크래프톤,259960
2021-09-07,464500.0,"하락  18,000",477000.0,479000.0,461000.0,331012.0,크래프톤,259960
2021-09-08,483500.0,"상승  19,000",467000.0,484500.0,466500.0,334185.0,크래프톤,259960
2021-09-09,475000.0,"하락  8,500",480500.0,493500.0,474000.0,766976.0,크래프톤,259960
2021-09-10,447000.0,"하락  28,000",465000.0,469000.0,440500.0,832774.0,크래프톤,259960
2021-09-13,451500.0,"상승  4,500",449500.0,457000.0,439000.0,255115.0,크래프톤,259960
2021-09-14,478000.0,"상승  26,500",449500.0,478500.0,449500.0,270284.0,크래프톤,259960
2021-09-15,493500.0,"상승  15,500",475500.0,499500.0,470000.0,343058.0,크래프톤,259960
2021-09-16,492000.0,"하락  1,500",491500.0,498000.0,484500.0,225694.0,크래프톤,259960
2021-09-17,493500.0,"상승  1,500",495000.0,502000.0,488000.0,236970.0,크래프톤,259960
2021-09-23,500000.0,"상승  6,500",485000.0,501000.0,483000.0,307363.0,크래프톤,259960
2021-09-24,493000.0,"하락  7,000",504000.0,504000.0,488500.0,212264.0,크래프톤,259960
2021-09-27,498000.0,"상승  5,000",489000.0,502000.0,489000.0,206449.0,크래프톤,259960
2021-09-28,500000.0,"상승  2,000",497000.0,503000.0,494000.0,258981.0,크래프톤,259960
2021-09-29,500000.0,보합0,492000.0,501000.0,478500.0,262394.0,크래프톤,259960
2021-09-30,502000.0,"상승  2,000",500000.0,516000.0,497500.0,383165.0,크래프톤,259960
2021-10-01,498000.0,"하락  4,000",502000.0,505000.0,493000.0,170528.0,크래프톤,259960
2021-10-05,463000.0,"하락  35,000",493000.0,496000.0,461500.0,325618.0,크래프톤,259960
2021-10-06,454000.0,"하락  9,000",471000.0,473000.0,448000.0,242842.0,크래프톤,259960
2021-10-07,474000.0,"상승  20,000",460000.0,476000.0,457500.0,174489.0,크래프톤,259960
2021-10-08,470000.0,"하락  4,000",471000.0,477000.0,466000.0,105885.0,크래프톤,259960
2021-10-12,484000.0,"상승  14,000",468500.0,487000.0,464000.0,161134.0,크래프톤,259960
2021-10-13,488000.0,"상승  4,000",485500.0,498500.0,485500.0,184613.0,크래프톤,259960
2021-10-14,478500.0,"하락  9,500",491500.0,494500.0,478000.0,189867.0,크래프톤,259960
2021-10-15,472500.0,"하락  6,000",478000.0,483500.0,467500.0,236323.0,크래프톤,259960
2021-10-18,486000.0,"상승  13,500",476000.0,489500.0,471500.0,178931.0,크래프톤,259960
2021-10-19,493500.0,"상승  7,500",489500.0,497000.0,487000.0,147933.0,크래프톤,259960
2021-10-20,487000.0,"하락  6,500",498000.0,502000.0,484000.0,281768.0,크래프톤,259960
2021-10-21,493000.0,"상승  6,000",488500.0,498000.0,487000.0,176975.0,크래프톤,259960
2021-10-22,488000.0,"하락  5,000",496000.0,500000.0,480000.0,198513.0,크래프톤,259960
2021-10-25,488000.0,보합0,497500.0,514000.0,481500.0,496570.0,크래프톤,259960
2021-10-26,498000.0,"상승  10,000",490500.0,499500.0,486500.0,172246.0,크래프톤,259960
2021-10-27,489500.0,"하락  8,500",499000.0,503000.0,488500.0,135786.0,크래프톤,259960
2021-10-28,475000.0,"하락  14,500",487500.0,494000.0,472500.0,203112.0,크래프톤,259960
2021-10-29,469500.0,"하락  5,500",475000.0,479500.0,467500.0,127375.0,크래프톤,259960
2021-11-01,478000.0,"상승  8,500",472000.0,485000.0,472000.0,131659.0,크래프톤,259960
2021-11-02,483500.0,"상승  5,500",481500.0,492500.0,481500.0,106072.0,크래프톤,259960
2021-11-03,472000.0,"하락  11,500",484000.0,485500.0,471000.0,135814.0,크래프톤,259960
2021-11-04,468000.0,"하락  4,000",475000.0,478500.0,464500.0,152616.0,크래프톤,259960
2021-11-05,451000.0,"하락  17,000",468000.0,468500.0,450500.0,246727.0,크래프톤,259960
2021-11-08,441500.0,"하락  9,500",441000.0,445500.0,428000.0,249370.0,크래프톤,259960
2021-11-09,465500.0,"상승  24,000",438000.0,467500.0,437500.0,275041.0,크래프톤,259960
2021-11-10,484500.0,"상승  19,000",465500.0,494000.0,463500.0,546349.0,크래프톤,259960
2021-11-11,540000.0,"상승  55,500",487000.0,544000.0,476000.0,1822609.0,크래프톤,259960
2021-11-12,547000.0,"상승  7,000",535000.0,554000.0,516000.0,1351285.0,크래프톤,259960
2021-11-15,548000.0,"상승  1,000",541000.0,555000.0,535000.0,514345.0,크래프톤,259960
2021-11-16,547000.0,"하락  1,000",548000.0,563000.0,538000.0,540891.0,크래프톤,259960
2021-11-17,567000.0,"상승  20,000",554000.0,580000.0,548000.0,762917.0,크래프톤,259960
2021-11-18,543000.0,"하락  24,000",570000.0,574000.0,541000.0,519439.0,크래프톤,259960
2021-11-19,542000.0,"하락  1,000",539000.0,549000.0,526000.0,366848.0,크래프톤,259960
2021-11-22,516000.0,"하락  26,000",532000.0,541000.0,507000.0,499182.0,크래프톤,259960
2021-11-23,505000.0,"하락  11,000",507000.0,519000.0,497500.0,334064.0,크래프톤,259960
2021-11-24,509000.0,"상승  4,000",505000.0,514000.0,493000.0,339342.0,크래프톤,259960
2021-11-25,504000.0,"하락  5,000",509000.0,518000.0,501000.0,289504.0,크래프톤,259960
2021-11-26,506000.0,"상승  2,000",504000.0,515000.0,501000.0,298183.0,크래프톤,259960
2021-11-29,510000.0,"상승  4,000",500000.0,524000.0,498500.0,380148.0,크래프톤,259960
2021-11-30,503000.0,"하락  7,000",515000.0,526000.0,477000.0,2455962.0,크래프톤,259960
2021-12-01,489000.0,"하락  14,000",504000.0,508000.0,482000.0,463600.0,크래프톤,259960
2021-12-02,502000.0,"상승  13,000",485500.0,502000.0,481000.0,258026.0,크래프톤,259960
2021-12-03,500000.0,"하락  2,000",498000.0,504000.0,492500.0,245814.0,크래프톤,259960
2021-12-06,472500.0,"하락  27,500",499500.0,499500.0,472000.0,313777.0,크래프톤,259960
2021-12-07,465000.0,"하락  7,500",473500.0,478000.0,455500.0,321250.0,크래프톤,259960
2021-12-08,464500.0,하락  500,468500.0,473500.0,461500.0,227701.0,크래프톤,259960
2021-12-09,479000.0,"상승  14,500",466000.0,482000.0,466000.0,307844.0,크래프톤,259960
2021-12-10,489500.0,"상승  10,500",475000.0,489500.0,472500.0,221472.0,크래프톤,259960
2021-12-13,489500.0,보합0,489000.0,493000.0,484500.0,182159.0,크래프톤,259960
2021-12-14,493000.0,"상승  3,500",491000.0,497500.0,485500.0,163630.0,크래프톤,259960
2021-12-15,485000.0,"하락  8,000",493000.0,494000.0,485000.0,111998.0,크래프톤,259960
2021-12-16,484000.0,"하락  1,000",489000.0,489500.0,481500.0,167219.0,크래프톤,259960
2021-12-17,494500.0,"상승  10,500",483500.0,494500.0,479000.0,1312605.0,크래프톤,259960
2021-12-20,471000.0,"하락  23,500",492000.0,492000.0,468000.0,184429.0,크래프톤,259960
2021-12-21,466500.0,"하락  4,500",472500.0,478000.0,466500.0,124689.0,크래프톤,259960
2021-12-22,470500.0,"상승  4,000",468500.0,474500.0,468000.0,95964.0,크래프톤,259960
2021-12-23,464000.0,"하락  6,500",471000.0,472000.0,461000.0,165010.0,크래프톤,259960
2021-12-24,463000.0,"하락  1,000",465000.0,467000.0,463000.0,101425.0,크래프톤,259960
2021-12-27,450500.0,"하락  12,500",461000.0,463000.0,449000.0,190773.0,크래프톤,259960
2021-12-28,462000.0,"상승  11,500",451000.0,463000.0,448500.0,215074.0,크래프톤,259960
2021-12-29,467000.0,"상승  5,000",464000.0,473000.0,462000.0,168633.0,크래프톤,259960
2021-12-30,460000.0,"하락  7,000",467000.0,469000.0,456500.0,113558.0,크래프톤,259960
2022-01-03,460000.0,보합0,463000.0,468500.0,458000.0,96581.0,크래프톤,259960
2022-01-04,444000.0,"하락  16,000",459500.0,459500.0,442000.0,232605.0,크래프톤,259960
2022-01-05,417000.0,"하락  27,000",442000.0,442500.0,413000.0,454908.0,크래프톤,259960
2022-01-06,402000.0,"하락  15,000",410000.0,413000.0,400000.0,372826.0,크래프톤,259960
2022-01-07,394500.0,"하락  7,500",402500.0,405500.0,393500.0,339356.0,크래프톤,259960
2022-01-10,381500.0,"하락  13,000",393000.0,393500.0,373000.0,438835.0,크래프톤,259960
2022-01-11,365000.0,"하락  16,500",380500.0,384500.0,364000.0,391852.0,크래프톤,259960
2022-01-12,367500.0,"상승  2,500",369500.0,374000.0,364500.0,368318.0,크래프톤,259960
2022-01-13,346500.0,"하락  21,000",364000.0,365000.0,345000.0,570811.0,크래프톤,259960
2022-01-14,343500.0,"하락  3,000",338500.0,354000.0,333500.0,462339.0,크래프톤,259960
2022-01-17,341000.0,"하락  2,500",351500.0,354500.0,338000.0,298123.0,크래프톤,259960
2022-01-18,340500.0,하락  500,339000.0,343000.0,334000.0,251142.0,크래프톤,259960
2022-01-19,324500.0,"하락  16,000",341000.0,342500.0,323000.0,415623.0,크래프톤,259960
2022-01-20,325000.0,상승  500,323500.0,328500.0,316500.0,297605.0,크래프톤,259960
2022-01-21,310000.0,"하락  15,000",320000.0,322500.0,306000.0,706631.0,크래프톤,259960
2022-01-24,302000.0,"하락  8,000",308500.0,313500.0,299000.0,442843.0,크래프톤,259960
2022-01-25,291000.0,"하락  11,000",303500.0,308000.0,290000.0,465805.0,크래프톤,259960
2022-01-26,276500.0,"하락  14,500",294000.0,294500.0,276500.0,808612.0,크래프톤,259960
2022-01-27,264000.0,"하락  12,500",279000.0,282500.0,264000.0,717325.0,크래프톤,259960
2022-01-28,274500.0,"상승  10,500",267500.0,284500.0,257500.0,783003.0,크래프톤,259960
2022-02-03,275500.0,"상승  1,000",279000.0,286500.0,275500.0,364038.0,크래프톤,259960
2022-02-04,288500.0,"상승  13,000",274500.0,297000.0,274500.0,485012.0,크래프톤,259960
2022-02-07,305000.0,"상승  16,500",290000.0,306000.0,283500.0,534422.0,크래프톤,259960
2022-02-08,299500.0,"하락  5,500",304500.0,314500.0,296500.0,420619.0,크래프톤,259960
2022-02-09,297000.0,"하락  2,500",304000.0,306500.0,295000.0,185777.0,크래프톤,259960
2022-02-10,297000.0,보합0,300000.0,306500.0,292500.0,312108.0,크래프톤,259960
2022-02-11,259000.0,"하락  38,000",268500.0,270000.0,255500.0,1242240.0,크래프톤,259960
2022-02-14,267500.0,"상승  8,500",252000.0,268500.0,248500.0,548562.0,크래프톤,259960
2022-02-15,281000.0,"상승  13,500",268000.0,289500.0,266000.0,689509.0,크래프톤,259960
2022-02-16,277500.0,"하락  3,500",286000.0,288000.0,277000.0,296947.0,크래프톤,259960
2022-02-17,273000.0,"하락  4,500",277500.0,280500.0,269000.0,319221.0,크래프톤,259960
2022-02-18,274000.0,"상승  1,000",266500.0,276500.0,265000.0,215275.0,크래프톤,259960
2022-02-21,273500.0,하락  500,269500.0,279500.0,266500.0,179499.0,크래프톤,259960
2022-02-22,273500.0,보합0,268500.0,280000.0,268000.0,238940.0,크래프톤,259960
2022-02-23,286000.0,"상승  12,500",277500.0,296500.0,275500.0,475696.0,크래프톤,259960
2022-02-24,285500.0,하락  500,282000.0,287000.0,280000.0,245896.0,크래프톤,259960
2022-02-25,284000.0,"하락  1,500",290000.0,293000.0,283000.0,210160.0,크래프톤,259960
2022-02-28,295000.0,"상승  11,000",283000.0,295000.0,279000.0,197803.0,크래프톤,259960
2022-03-02,298000.0,"상승  3,000",299000.0,306500.0,295000.0,264742.0,크래프톤,259960
2022-03-03,298500.0,상승  500,300000.0,302500.0,298000.0,121273.0,크래프톤,259960
2022-03-04,282500.0,"하락  16,000",296500.0,297500.0,282000.0,238713.0,크래프톤,259960
2022-03-07,271000.0,"하락  11,500",277500.0,278000.0,268500.0,176042.0,크래프톤,259960
2022-03-08,273500.0,"상승  2,500",266500.0,281000.0,266500.0,159115.0,크래프톤,259960
2022-03-10,295000.0,"상승  21,500",281500.0,295000.0,280000.0,292969.0,크래프톤,259960
2022-03-11,285000.0,"하락  10,000",292000.0,293000.0,284500.0,231836.0,크래프톤,259960
2022-03-14,281000.0,"하락  4,000",285000.0,292000.0,281000.0,169976.0,크래프톤,259960
2022-03-15,277500.0,"하락  3,500",278500.0,282500.0,274000.0,114644.0,크래프톤,259960
2022-03-16,281500.0,"상승  4,000",280500.0,286500.0,278500.0,140323.0,크래프톤,259960
2022-03-17,284000.0,"상승  2,500",287500.0,292000.0,284000.0,198288.0,크래프톤,259960
2022-03-18,286000.0,"상승  2,000",285000.0,291000.0,277500.0,288541.0,크래프톤,259960
2022-03-21,276000.0,"하락  10,000",287500.0,291000.0,276000.0,283001.0,크래프톤,259960
2022-03-22,279000.0,"상승  3,000",276000.0,281000.0,275500.0,89046.0,크래프톤,259960
2022-03-23,283000.0,"상승  4,000",282000.0,286500.0,279500.0,179359.0,크래프톤,259960
2022-03-24,280500.0,"하락  2,500",280000.0,283500.0,276500.0,140646.0,크래프톤,259960
2022-03-25,278500.0,"하락  2,000",281000.0,282000.0,278000.0,128623.0,크래프톤,259960
2022-03-28,271500.0,"하락  7,000",278500.0,279000.0,270500.0,192699.0,크래프톤,259960
2022-03-29,273000.0,"상승  1,500",273000.0,275500.0,271000.0,173269.0,크래프톤,259960
2022-03-30,272500.0,하락  500,274500.0,276500.0,271000.0,147316.0,크래프톤,259960
2022-03-31,275500.0,"상승  3,000",272500.0,281500.0,272000.0,187476.0,크래프톤,259960
2022-04-01,278000.0,"상승  2,500",276500.0,278000.0,272000.0,125727.0,크래프톤,259960
2022-04-04,298500.0,"상승  20,500",275500.0,299500.0,275500.0,507532.0,크래프톤,259960
2022-04-05,293500.0,"하락  5,000",300500.0,301000.0,290500.0,241079.0,크래프톤,259960
2022-04-06,287000.0,"하락  6,500",289000.0,296500.0,286000.0,172907.0,크래프톤,259960
2022-04-07,284000.0,"하락  3,000",283000.0,288500.0,283000.0,134315.0,크래프톤,259960
2022-04-08,280000.0,"하락  4,000",285500.0,287500.0,272000.0,243269.0,크래프톤,259960
2022-04-11,281500.0,"상승  1,500",276500.0,282500.0,275000.0,96798.0,크래프톤,259960
2022-04-12,267000.0,"하락  14,500",277000.0,279500.0,267000.0,759269.0,크래프톤,259960
2022-04-13,267500.0,상승  500,266500.0,269000.0,263000.0,144215.0,크래프톤,259960
2022-04-14,266500.0,"하락  1,000",268500.0,271000.0,264000.0,125573.0,크래프톤,259960
2022-04-15,264500.0,"하락  2,000",265000.0,266500.0,263500.0,113682.0,크래프톤,259960
2022-04-18,261000.0,"하락  3,500",263500.0,264500.0,260500.0,94033.0,크래프톤,259960
2022-04-19,261500.0,상승  500,261500.0,264500.0,260500.0,56824.0,크래프톤,259960
2022-04-20,258000.0,"하락  3,500",262000.0,263000.0,258000.0,127262.0,크래프톤,259960
2022-04-21,258000.0,보합0,259000.0,260500.0,257000.0,64119.0,크래프톤,259960
2022-04-22,250000.0,"하락  8,000",257000.0,258000.0,247000.0,286187.0,크래프톤,259960
2022-04-25,242500.0,"하락  7,500",246500.0,249000.0,242000.0,162783.0,크래프톤,259960
2022-04-26,248500.0,"상승  6,000",244500.0,253000.0,244000.0,170318.0,크래프톤,259960
2022-04-27,238500.0,"하락  10,000",240000.0,242500.0,236000.0,234396.0,크래프톤,259960
2022-04-28,240500.0,"상승  2,000",239500.0,242500.0,233000.0,174851.0,크래프톤,259960
2022-04-29,252000.0,"상승  11,500",241000.0,253000.0,239000.0,184533.0,크래프톤,259960
2022-05-02,251500.0,하락  500,248000.0,252500.0,246000.0,106610.0,크래프톤,259960
2022-05-03,256500.0,"상승  5,000",251000.0,259500.0,250500.0,119305.0,크래프톤,259960
2022-05-04,258000.0,"상승  1,500",256500.0,261500.0,254000.0,143846.0,크래프톤,259960
2022-05-06,256500.0,"하락  1,500",253500.0,258500.0,250000.0,108855.0,크래프톤,259960
2022-05-09,251500.0,"하락  5,000",252000.0,256500.0,246500.0,145967.0,크래프톤,259960
2022-05-10,245000.0,"하락  6,500",246000.0,247000.0,241500.0,123155.0,크래프톤,259960
2022-05-11,257000.0,"상승  12,000",242500.0,259500.0,239500.0,214893.0,크래프톤,259960
2022-05-12,252000.0,"하락  5,000",253500.0,265000.0,242000.0,673602.0,크래프톤,259960
2022-05-13,253500.0,"상승  1,500",259000.0,263500.0,246500.0,576165.0,크래프톤,259960
2022-05-16,241000.0,"하락  12,500",256000.0,258500.0,239500.0,304344.0,크래프톤,259960
2022-05-17,240000.0,"하락  1,000",241500.0,245500.0,239500.0,179189.0,크래프톤,259960
2022-05-18,247500.0,"상승  7,500",242000.0,248000.0,240500.0,184124.0,크래프톤,259960
2022-05-19,237000.0,"하락  10,500",240500.0,241000.0,236000.0,238251.0,크래프톤,259960
2022-05-20,256000.0,"상승  19,000",237500.0,256000.0,237500.0,324746.0,크래프톤,259960
2022-05-23,256500.0,상승  500,255000.0,259000.0,253000.0,118636.0,크래프톤,259960
2022-05-24,247500.0,"하락  9,000",252500.0,258000.0,247500.0,154928.0,크래프톤,259960
2022-05-25,257000.0,"상승  9,500",251500.0,258500.0,249000.0,176409.0,크래프톤,259960
2022-05-26,255000.0,"하락  2,000",256000.0,264500.0,254500.0,204563.0,크래프톤,259960
2022-05-27,249000.0,"하락  6,000",261000.0,261000.0,249000.0,896244.0,크래프톤,259960
2022-05-30,259000.0,"상승  10,000",254000.0,260500.0,252500.0,173129.0,크래프톤,259960
2022-05-31,259500.0,상승  500,258500.0,262000.0,256500.0,393292.0,크래프톤,259960
2022-06-02,250000.0,"하락  9,500",256500.0,261000.0,249500.0,201849.0,크래프톤,259960
2022-06-03,253000.0,"상승  3,000",253500.0,254500.0,250500.0,126332.0,크래프톤,259960
2022-06-07,268500.0,"상승  15,500",256500.0,269500.0,256500.0,418115.0,크래프톤,259960
2022-06-08,271500.0,"상승  3,000",269000.0,276000.0,266500.0,280507.0,크래프톤,259960
2022-06-09,276500.0,"상승  5,000",270000.0,280000.0,269000.0,469081.0,크래프톤,259960
2022-06-10,274000.0,"하락  2,500",273500.0,278500.0,268000.0,194126.0,크래프톤,259960
2022-06-13,260000.0,"하락  14,000",267500.0,270500.0,257500.0,223411.0,크래프톤,259960
2022-06-14,261000.0,"상승  1,000",256000.0,263500.0,252500.0,163420.0,크래프톤,259960
2022-06-15,259500.0,"하락  1,500",259500.0,263000.0,249000.0,228326.0,크래프톤,259960
2022-06-16,252000.0,"하락  7,500",263500.0,264000.0,251500.0,146794.0,크래프톤,259960
2022-06-17,262500.0,"상승  10,500",247000.0,265000.0,246500.0,251010.0,크래프톤,259960
2022-06-20,259000.0,"하락  3,500",264500.0,266000.0,256500.0,145360.0,크래프톤,259960
2022-06-21,268500.0,"상승  9,500",264000.0,272000.0,259500.0,172166.0,크래프톤,259960
2022-06-22,259500.0,"하락  9,000",271000.0,271000.0,259500.0,124190.0,크래프톤,259960
2022-06-23,264500.0,"상승  5,000",261500.0,269500.0,258500.0,197328.0,크래프톤,259960
2022-06-24,273500.0,"상승  9,000",265000.0,277000.0,265000.0,217031.0,크래프톤,259960
2022-06-27,266000.0,"하락  7,500",277000.0,278500.0,265000.0,187080.0,크래프톤,259960
2022-06-28,260000.0,"하락  6,000",266500.0,267000.0,257000.0,180877.0,크래프톤,259960
2022-06-29,238000.0,"하락  22,000",253500.0,256500.0,238000.0,400738.0,크래프톤,259960
2022-06-30,219000.0,"하락  19,000",236000.0,238500.0,219000.0,434760.0,크래프톤,259960
2022-07-01,215500.0,"하락  3,500",222000.0,226500.0,212500.0,255073.0,크래프톤,259960
2022-07-04,222500.0,"상승  7,000",219000.0,223500.0,216500.0,172017.0,크래프톤,259960
2022-07-05,226000.0,"상승  3,500",223000.0,231000.0,222500.0,122203.0,크래프톤,259960
2022-07-06,234000.0,"상승  8,000",226500.0,239500.0,223500.0,238897.0,크래프톤,259960
2022-07-07,240500.0,"상승  6,500",238000.0,242000.0,234000.0,118420.0,크래프톤,259960
2022-07-08,237000.0,"하락  3,500",241000.0,243000.0,236500.0,99317.0,크래프톤,259960
2022-07-11,239500.0,"상승  2,500",237500.0,241000.0,234500.0,69697.0,크래프톤,259960
2022-07-12,237000.0,"하락  2,500",239000.0,241500.0,235500.0,85038.0,크래프톤,259960
2022-07-13,242500.0,"상승  5,500",239000.0,243500.0,236500.0,83448.0,크래프톤,259960
2022-07-14,245000.0,"상승  2,500",240000.0,250500.0,239500.0,149455.0,크래프톤,259960
2022-07-15,235500.0,"하락  9,500",246000.0,247000.0,235000.0,136215.0,크래프톤,259960
2022-07-18,238500.0,"상승  3,000",236500.0,239000.0,234500.0,83031.0,크래프톤,259960
2022-07-19,235000.0,"하락  3,500",237500.0,239500.0,233500.0,152856.0,크래프톤,259960
2022-07-20,247500.0,"상승  12,500",239000.0,254000.0,239000.0,344415.0,크래프톤,259960
2022-07-21,258500.0,"상승  11,000",246000.0,260000.0,245500.0,288427.0,크래프톤,259960
2022-07-22,258000.0,하락  500,259000.0,263000.0,257000.0,151172.0,크래프톤,259960
2022-07-25,256000.0,"하락  2,000",256500.0,261000.0,255000.0,85011.0,크래프톤,259960
2022-07-26,257000.0,"상승  1,000",257500.0,262500.0,254500.0,112346.0,크래프톤,259960
2022-07-27,241000.0,"하락  16,000",256000.0,256500.0,240500.0,295526.0,크래프톤,259960
2022-07-28,244500.0,"상승  3,500",244500.0,246000.0,240000.0,172505.0,크래프톤,259960
2022-07-29,233500.0,"하락  11,000",224000.0,236000.0,221500.0,576222.0,크래프톤,259960
2022-08-01,243000.0,"상승  9,500",234000.0,243500.0,231500.0,207639.0,크래프톤,259960
2022-08-02,242000.0,"하락  1,000",241500.0,244000.0,239000.0,95530.0,크래프톤,259960
2022-08-03,252000.0,"상승  10,000",242500.0,254500.0,242500.0,190062.0,크래프톤,259960
2022-08-04,263000.0,"상승  11,000",257000.0,266500.0,256500.0,249022.0,크래프톤,259960
2022-08-05,257500.0,"하락  5,500",264000.0,264500.0,257000.0,85301.0,크래프톤,259960
2022-08-08,260000.0,"상승  2,500",255500.0,261500.0,254000.0,75875.0,크래프톤,259960
2022-08-09,263000.0,"상승  3,000",260000.0,265500.0,258000.0,104256.0,크래프톤,259960
2022-08-10,253000.0,"하락  10,000",261500.0,265000.0,252000.0,145254.0,크래프톤,259960
2022-08-11,263500.0,"상승  10,500",257000.0,263500.0,256500.0,144836.0,크래프톤,259960
2022-08-12,266000.0,"상승  2,500",264500.0,282000.0,264000.0,538784.0,크래프톤,259960
2022-08-16,269000.0,"상승  3,000",269000.0,270500.0,265000.0,130901.0,크래프톤,259960
2022-08-17,265500.0,"하락  3,500",269500.0,269500.0,263000.0,105990.0,크래프톤,259960
2022-08-18,258000.0,"하락  7,500",264500.0,264500.0,257000.0,120633.0,크래프톤,259960
2022-08-19,255000.0,"하락  3,000",259500.0,261000.0,253000.0,86089.0,크래프톤,259960
2022-08-22,252500.0,"하락  2,500",253500.0,257000.0,248000.0,91113.0,크래프톤,259960
2022-08-23,243500.0,"하락  9,000",251000.0,253500.0,243500.0,142221.0,크래프톤,259960
2022-08-24,241000.0,"하락  2,500",245500.0,250000.0,240500.0,130452.0,크래프톤,259960
2022-08-25,244500.0,"상승  3,500",242000.0,247000.0,241500.0,74548.0,크래프톤,259960
2022-08-26,244500.0,보합0,246000.0,247000.0,242000.0,64253.0,크래프톤,259960
2022-08-29,232000.0,"하락  12,500",233500.0,237500.0,231000.0,132493.0,크래프톤,259960
2022-08-30,239000.0,"상승  7,000",233500.0,241500.0,233500.0,98314.0,크래프톤,259960
2022-08-31,246500.0,"상승  7,500",236500.0,248000.0,234500.0,134169.0,크래프톤,259960
2022-09-01,236000.0,"하락  10,500",242500.0,243000.0,234000.0,159233.0,크래프톤,259960
2022-09-02,232000.0,"하락  4,000",237000.0,238500.0,231500.0,98119.0,크래프톤,259960
2022-09-05,236000.0,"상승  4,000",231000.0,239000.0,231000.0,70630.0,크래프톤,259960
2022-09-06,235500.0,하락  500,237500.0,241000.0,233500.0,67837.0,크래프톤,259960
2022-09-07,233500.0,"하락  2,000",233000.0,234500.0,230000.0,68457.0,크래프톤,259960
2022-09-08,237000.0,"상승  3,500",236000.0,241000.0,235000.0,145257.0,크래프톤,259960
2022-09-13,246500.0,"상승  9,500",242000.0,247000.0,241000.0,122486.0,크래프톤,259960
2022-09-14,238500.0,"하락  8,000",236500.0,241500.0,235000.0,98958.0,크래프톤,259960
2022-09-15,239000.0,상승  500,240500.0,240500.0,235500.0,66639.0,크래프톤,259960
2022-09-16,239000.0,보합0,235500.0,240500.0,234000.0,131065.0,크래프톤,259960
2022-09-19,226000.0,"하락  13,000",242000.0,242000.0,226000.0,226781.0,크래프톤,259960
2022-09-20,225500.0,하락  500,230000.0,230500.0,223000.0,103739.0,크래프톤,259960
2022-09-21,222000.0,"하락  3,500",224000.0,225500.0,219000.0,153173.0,크래프톤,259960
2022-09-22,216500.0,"하락  5,500",218000.0,218500.0,214000.0,137971.0,크래프톤,259960
2022-09-23,205500.0,"하락  11,000",217000.0,218000.0,205000.0,187309.0,크래프톤,259960
2022-09-26,209000.0,"상승  3,500",202500.0,210500.0,201500.0,195696.0,크래프톤,259960
2022-09-27,213000.0,"상승  4,000",210500.0,217500.0,206500.0,142792.0,크래프톤,259960
2022-09-28,205000.0,"하락  8,000",209000.0,211500.0,202000.0,153971.0,크래프톤,259960
2022-09-29,205500.0,상승  500,208500.0,212500.0,203500.0,123527.0,크래프톤,259960
2022-09-30,210000.0,"상승  4,500",205000.0,212000.0,204000.0,133112.0,크래프톤,259960
2022-10-04,214000.0,"상승  4,000",212000.0,215000.0,210000.0,99103.0,크래프톤,259960
2022-10-05,202000.0,"하락  12,000",216000.0,216000.0,200500.0,186576.0,크래프톤,259960
2022-10-06,201000.0,"하락  1,000",203000.0,204500.0,200500.0,108788.0,크래프톤,259960
2022-10-07,191500.0,"하락  9,500",198000.0,200500.0,191000.0,311611.0,크래프톤,259960
2022-10-11,178000.0,"하락  13,500",187500.0,188000.0,176500.0,335329.0,크래프톤,259960
2022-10-12,180500.0,"상승  2,500",178000.0,181500.0,176000.0,166675.0,크래프톤,259960
2022-10-13,176000.0,"하락  4,500",179000.0,180000.0,169500.0,313453.0,크래프톤,259960
2022-10-14,182000.0,"상승  6,000",180500.0,184500.0,178000.0,188552.0,크래프톤,259960
2022-10-17,179500.0,"하락  2,500",177000.0,180500.0,171000.0,180445.0,크래프톤,259960
2022-10-18,189000.0,"상승  9,500",185000.0,190000.0,184500.0,161828.0,크래프톤,259960
2022-10-19,183000.0,"하락  6,000",190000.0,192000.0,183000.0,108434.0,크래프톤,259960
2022-10-20,176000.0,"하락  7,000",180500.0,182000.0,171500.0,312290.0,크래프톤,259960
2022-10-21,179000.0,"상승  3,000",173000.0,181000.0,172500.0,119274.0,크래프톤,259960
2022-10-24,178500.0,하락  500,182500.0,185500.0,176500.0,188341.0,크래프톤,259960
2022-10-25,174500.0,"하락  4,000",179000.0,179500.0,172500.0,133865.0,크래프톤,259960
2022-10-26,172500.0,"하락  2,000",175000.0,177500.0,172000.0,130495.0,크래프톤,259960
2022-10-27,175000.0,"상승  2,500",174500.0,177500.0,173500.0,148828.0,크래프톤,259960
2022-10-28,175000.0,보합0,173000.0,180500.0,173000.0,134146.0,크래프톤,259960
2022-10-31,177500.0,"상승  2,500",179000.0,180000.0,176000.0,75491.0,크래프톤,259960
2022-11-01,178000.0,상승  500,177500.0,179500.0,175500.0,93727.0,크래프톤,259960
2022-11-02,194000.0,"상승  16,000",177500.0,194500.0,177000.0,361756.0,크래프톤,259960
2022-11-03,183000.0,"하락  11,000",187500.0,188500.0,182500.0,199494.0,크래프톤,259960
2022-11-04,188500.0,"상승  5,500",183000.0,189000.0,182000.0,131621.0,크래프톤,259960
2022-11-07,194000.0,"상승  5,500",190000.0,198000.0,188500.0,185661.0,크래프톤,259960
2022-11-08,194500.0,상승  500,197000.0,198500.0,193000.0,128521.0,크래프톤,259960
2022-11-09,195000.0,상승  500,197500.0,198000.0,193500.0,152071.0,크래프톤,259960
2022-11-10,192000.0,"하락  3,000",191000.0,195000.0,190500.0,183547.0,크래프톤,259960
2022-11-11,227000.0,"상승  35,000",202000.0,227000.0,201500.0,738955.0,크래프톤,259960
2022-11-14,224500.0,"하락  2,500",225000.0,230000.0,220000.0,278254.0,크래프톤,259960
2022-11-15,220000.0,"하락  4,500",224000.0,226500.0,217500.0,170839.0,크래프톤,259960
2022-11-16,221000.0,"상승  1,000",222000.0,224000.0,218500.0,129198.0,크래프톤,259960
2022-11-17,229500.0,"상승  8,500",220500.0,233000.0,220500.0,307008.0,크래프톤,259960
2022-11-18,230000.0,상승  500,230500.0,235500.0,224500.0,248585.0,크래프톤,259960
2022-11-21,236500.0,"상승  6,500",234500.0,244500.0,233500.0,332966.0,크래프톤,259960
2022-11-22,224000.0,"하락  12,500",235500.0,235500.0,222500.0,195303.0,크래프톤,259960
2022-11-23,223000.0,"하락  1,000",226000.0,229500.0,221000.0,137849.0,크래프톤,259960
2022-11-24,228000.0,"상승  5,000",226000.0,232000.0,225500.0,145171.0,크래프톤,259960
2022-11-25,219500.0,"하락  8,500",227500.0,229500.0,218000.0,150357.0,크래프톤,259960
2022-11-28,217000.0,"하락  2,500",219500.0,221500.0,215000.0,120671.0,크래프톤,259960
2022-11-29,219000.0,"상승  2,000",218500.0,221000.0,216000.0,81870.0,크래프톤,259960
2022-11-30,227000.0,"상승  8,000",218500.0,227000.0,214000.0,707331.0,크래프톤,259960
2022-12-01,220000.0,"하락  7,000",235500.0,237500.0,218000.0,371947.0,크래프톤,259960
2022-12-02,201500.0,"하락  18,500",220500.0,220500.0,200000.0,585176.0,크래프톤,259960
2022-12-05,184500.0,"하락  17,000",200000.0,200500.0,183000.0,755748.0,크래프톤,259960
2022-12-06,180000.0,"하락  4,500",184000.0,187000.0,178500.0,375157.0,크래프톤,259960
2022-12-07,178500.0,"하락  1,500",179000.0,180000.0,176000.0,463452.0,크래프톤,259960
2022-12-08,179500.0,"상승  1,000",178500.0,181500.0,177500.0,325436.0,크래프톤,259960
2022-12-09,180500.0,"상승  1,000",180000.0,181500.0,179000.0,252103.0,크래프톤,259960
2022-12-12,181500.0,"상승  1,000",180000.0,183500.0,179500.0,179024.0,크래프톤,259960
2022-12-13,181500.0,보합0,183500.0,183500.0,179000.0,211430.0,크래프톤,259960
2022-12-14,185500.0,"상승  4,000",183000.0,187000.0,182500.0,261095.0,크래프톤,259960
2022-12-15,179500.0,"하락  6,000",183000.0,184000.0,179000.0,206973.0,크래프톤,259960
2022-12-16,183500.0,"상승  4,000",177000.0,183500.0,176000.0,252456.0,크래프톤,259960
2022-12-19,182500.0,"하락  1,000",181000.0,184000.0,181000.0,112809.0,크래프톤,259960
2022-12-20,179000.0,"하락  3,500",182000.0,183000.0,177500.0,125925.0,크래프톤,259960
2022-12-21,176000.0,"하락  3,000",180000.0,181500.0,175000.0,131665.0,크래프톤,259960
2022-12-22,179000.0,"상승  3,000",177500.0,179500.0,175500.0,158087.0,크래프톤,259960
2022-12-23,172500.0,"하락  6,500",177000.0,177500.0,172000.0,151609.0,크래프톤,259960
2022-12-26,172000.0,하락  500,172500.0,174000.0,171500.0,97058.0,크래프톤,259960
2022-12-27,172500.0,상승  500,172500.0,174000.0,170500.0,146822.0,크래프톤,259960
2022-12-28,169500.0,"하락  3,000",170500.0,171500.0,164500.0,212217.0,크래프톤,259960
2022-12-29,168000.0,"하락  1,500",172500.0,178000.0,166000.0,342547.0,크래프톤,259960
2023-01-02,164000.0,"하락  4,000",170500.0,171000.0,161500.0,183942.0,크래프톤,259960
2023-01-03,166500.0,"상승  2,500",164500.0,167000.0,162000.0,119343.0,크래프톤,259960
2023-01-04,166000.0,하락  500,164500.0,167000.0,161500.0,173169.0,크래프톤,259960
2023-01-05,165500.0,하락  500,164500.0,168000.0,160500.0,331718.0,크래프톤,259960
2023-01-06,165500.0,보합0,165000.0,168500.0,164000.0,150674.0,크래프톤,259960
2023-01-09,171500.0,"상승  6,000",167000.0,172500.0,166500.0,154937.0,크래프톤,259960
2023-01-10,171500.0,보합0,171500.0,173000.0,169500.0,99627.0,크래프톤,259960
2023-01-11,171000.0,하락  500,172000.0,173500.0,169000.0,158940.0,크래프톤,259960
2023-01-12,171500.0,상승  500,171000.0,174000.0,170500.0,155236.0,크래프톤,259960
2023-01-13,173500.0,"상승  2,000",173500.0,177500.0,172500.0,206391.0,크래프톤,259960
2023-01-16,175500.0,"상승  2,000",174500.0,178500.0,173000.0,182658.0,크래프톤,259960
2023-01-17,170000.0,"하락  5,500",177000.0,177000.0,169500.0,217061.0,크래프톤,259960
2023-01-18,171000.0,"상승  1,000",169500.0,173000.0,169500.0,113874.0,크래프톤,259960
2023-01-19,172500.0,"상승  1,500",170000.0,172500.0,169500.0,85169.0,크래프톤,259960
2023-01-20,172500.0,보합0,171000.0,172500.0,170500.0,90633.0,크래프톤,259960
2023-01-25,174000.0,"상승  1,500",173800.0,174700.0,172600.0,110345.0,크래프톤,259960
2023-01-26,182200.0,"상승  8,200",174500.0,182400.0,172600.0,300702.0,크래프톤,259960
2023-01-27,183900.0,"상승  1,700",181400.0,185000.0,180100.0,155044.0,크래프톤,259960
2023-01-30,180200.0,"하락  3,700",183700.0,185300.0,180200.0,157043.0,크래프톤,259960
2023-01-31,179300.0,하락  900,180000.0,182500.0,179000.0,148715.0,크래프톤,259960
2023-02-01,181000.0,"상승  1,700",180200.0,182400.0,180000.0,144770.0,크래프톤,259960
2023-02-02,182000.0,"상승  1,000",184300.0,185800.0,182000.0,234595.0,크래프톤,259960
2023-02-03,186700.0,"상승  4,700",183100.0,187300.0,181100.0,205938.0,크래프톤,259960
2023-02-06,179000.0,"하락  7,700",185100.0,185100.0,179000.0,222999.0,크래프톤,259960
2023-02-07,180600.0,"상승  1,600",178600.0,181100.0,178500.0,108343.0,크래프톤,259960
2023-02-08,192000.0,"상승  11,400",188500.0,197100.0,187500.0,648464.0,크래프톤,259960
2023-02-09,181000.0,"하락  11,000",190300.0,190600.0,181000.0,495523.0,크래프톤,259960
2023-02-10,177100.0,"하락  3,900",180100.0,180600.0,176200.0,248195.0,크래프톤,259960
2023-02-13,172200.0,"하락  4,900",176200.0,176900.0,172200.0,213755.0,크래프톤,259960
2023-02-14,174300.0,"상승  2,100",173600.0,176700.0,172600.0,175345.0,크래프톤,259960
2023-02-15,171900.0,"하락  2,400",173900.0,174900.0,171500.0,142617.0,크래프톤,259960
2023-02-16,178200.0,"상승  6,300",173200.0,180600.0,173100.0,241899.0,크래프톤,259960
2023-02-17,174600.0,"하락  3,600",175000.0,176700.0,173400.0,95829.0,크래프톤,259960
2023-02-20,175800.0,"상승  1,200",175800.0,177500.0,173500.0,101586.0,크래프톤,259960
2023-02-21,174500.0,"하락  1,300",174900.0,176400.0,173700.0,93969.0,크래프톤,259960
2023-02-22,171700.0,"하락  2,800",171700.0,173000.0,170600.0,115418.0,크래프톤,259960
2023-02-23,174200.0,"상승  2,500",173100.0,176300.0,172600.0,109332.0,크래프톤,259960
2023-02-24,172500.0,"하락  1,700",173700.0,178500.0,171800.0,180059.0,크래프톤,259960
2023-02-27,172200.0,하락  300,171200.0,172700.0,169000.0,124946.0,크래프톤,259960
2023-02-28,169800.0,"하락  2,400",173000.0,173700.0,169800.0,140084.0,크래프톤,259960
2023-03-02,169000.0,하락  800,170300.0,173800.0,168400.0,183272.0,크래프톤,259960
2023-03-03,169800.0,상승  800,170200.0,170600.0,168900.0,79089.0,크래프톤,259960
2023-03-06,173500.0,"상승  3,700",171000.0,173500.0,170200.0,122698.0,크래프톤,259960
2023-03-07,169200.0,"하락  4,300",172700.0,172700.0,169200.0,153747.0,크래프톤,259960
2023-03-08,167400.0,"하락  1,800",168000.0,168900.0,165500.0,152372.0,크래프톤,259960
2023-03-09,166000.0,"하락  1,400",167900.0,168500.0,164800.0,175495.0,크래프톤,259960
2023-03-10,161900.0,"하락  4,100",163500.0,164300.0,161200.0,147468.0,크래프톤,259960
2023-03-13,163500.0,"상승  1,600",161000.0,164100.0,161000.0,131566.0,크래프톤,259960
2023-03-14,161700.0,"하락  1,800",162200.0,164500.0,160700.0,150262.0,크래프톤,259960
2023-03-15,158000.0,"하락  3,700",163400.0,163600.0,157800.0,211108.0,크래프톤,259960
2023-03-16,156100.0,"하락  1,900",157200.0,157800.0,154000.0,141193.0,크래프톤,259960
2023-03-17,164400.0,"상승  8,300",157000.0,164400.0,156800.0,230024.0,크래프톤,259960
2023-03-20,165200.0,상승  800,164800.0,167300.0,163200.0,110376.0,크래프톤,259960
2023-03-21,169200.0,"상승  4,000",167900.0,174700.0,167900.0,267459.0,크래프톤,259960
2023-03-22,177200.0,"상승  8,000",174000.0,177800.0,172400.0,349777.0,크래프톤,259960
2023-03-23,176500.0,하락  700,175200.0,177800.0,174200.0,137616.0,크래프톤,259960
2023-03-24,173000.0,"하락  3,500",176500.0,177400.0,172700.0,122180.0,크래프톤,259960
2023-03-27,174900.0,"상승  1,900",174300.0,174900.0,171200.0,84839.0,크래프톤,259960
2023-03-28,179500.0,"상승  4,600",174000.0,180300.0,171800.0,214545.0,크래프톤,259960
2023-03-29,174300.0,"하락  5,200",178700.0,179800.0,172600.0,230896.0,크래프톤,259960
2023-03-30,179100.0,"상승  4,800",174200.0,179700.0,173600.0,216832.0,크래프톤,259960
2023-03-31,183500.0,"상승  4,400",179800.0,183800.0,178100.0,244132.0,크래프톤,259960
2023-04-03,182800.0,하락  700,182300.0,185900.0,181700.0,152348.0,크래프톤,259960
2023-04-04,189400.0,"상승  6,600",183000.0,189500.0,182800.0,218430.0,크래프톤,259960
2023-04-05,184200.0,"하락  5,200",189400.0,189600.0,184200.0,142008.0,크래프톤,259960
2023-04-06,182600.0,"하락  1,600",183000.0,185300.0,182300.0,114465.0,크래프톤,259960
2023-04-07,183500.0,상승  900,182700.0,185900.0,180600.0,112304.0,크래프톤,259960
2023-04-10,183000.0,하락  500,182600.0,183700.0,179800.0,123136.0,크래프톤,259960
2023-04-11,185600.0,"상승  2,600",182200.0,188300.0,182200.0,156057.0,크래프톤,259960
2023-04-12,186600.0,"상승  1,000",184400.0,187700.0,183100.0,119902.0,크래프톤,259960
2023-04-13,189400.0,"상승  2,800",186500.0,189900.0,185600.0,139057.0,크래프톤,259960
2023-04-14,191900.0,"상승  2,500",190000.0,195600.0,189800.0,232350.0,크래프톤,259960
2023-04-17,189200.0,"하락  2,700",191100.0,193400.0,186100.0,118016.0,크래프톤,259960
2023-04-18,188400.0,하락  800,189200.0,190900.0,186900.0,113794.0,크래프톤,259960
2023-04-19,192400.0,"상승  4,000",190000.0,195500.0,188900.0,174171.0,크래프톤,259960
2023-04-20,194500.0,"상승  2,100",192400.0,198100.0,191400.0,214320.0,크래프톤,259960
2023-04-21,193900.0,하락  600,194500.0,199000.0,192400.0,176937.0,크래프톤,259960
2023-04-24,191000.0,"하락  2,900",192100.0,194700.0,188200.0,123278.0,크래프톤,259960
2023-04-25,191500.0,상승  500,190500.0,197400.0,190500.0,136896.0,크래프톤,259960
2023-04-26,190700.0,하락  800,190000.0,192800.0,189200.0,105307.0,크래프톤,259960
2023-04-27,189100.0,"하락  1,600",189300.0,191100.0,186000.0,106649.0,크래프톤,259960
2023-04-28,192100.0,"상승  3,000",189300.0,193900.0,189300.0,123134.0,크래프톤,259960
2023-05-02,193600.0,"상승  1,500",190200.0,196200.0,190100.0,88518.0,크래프톤,259960
2023-05-03,192900.0,하락  700,191800.0,195600.0,191800.0,88118.0,크래프톤,259960
2023-05-04,198300.0,"상승  5,400",191400.0,199000.0,191400.0,179706.0,크래프톤,259960
2023-05-08,203000.0,"상승  4,700",198300.0,204500.0,196500.0,248337.0,크래프톤,259960
2023-05-09,201000.0,"하락  2,000",202000.0,204000.0,199900.0,175401.0,크래프톤,259960
2023-05-10,200500.0,하락  500,202500.0,205000.0,192100.0,445426.0,크래프톤,259960
2023-05-11,198800.0,"하락  1,700",200500.0,202500.0,196900.0,198136.0,크래프톤,259960
2023-05-12,200500.0,"상승  1,700",197900.0,202000.0,196100.0,147328.0,크래프톤,259960
2023-05-15,200000.0,하락  500,198400.0,202000.0,198400.0,86647.0,크래프톤,259960
2023-05-16,198800.0,"하락  1,200",198800.0,202000.0,198400.0,63562.0,크래프톤,259960
2023-05-17,200000.0,"상승  1,200",198300.0,203000.0,196700.0,110316.0,크래프톤,259960
2023-05-18,199600.0,하락  400,199300.0,201000.0,198600.0,113331.0,크래프톤,259960
2023-05-19,202500.0,"상승  2,900",200000.0,207000.0,199900.0,207000.0,크래프톤,259960
2023-05-22,200500.0,"하락  2,000",205000.0,205000.0,199900.0,119485.0,크래프톤,259960
2023-05-23,199300.0,"하락  1,200",201000.0,203500.0,198500.0,105190.0,크래프톤,259960
2023-05-24,186900.0,"하락  12,400",200000.0,200000.0,186800.0,294955.0,크래프톤,259960
2023-05-25,187500.0,상승  600,187300.0,189800.0,186600.0,120593.0,크래프톤,259960
2023-05-26,185200.0,"하락  2,300",188100.0,188900.0,185100.0,87391.0,크래프톤,259960
2023-05-30,189000.0,"상승  3,800",187700.0,189500.0,185700.0,90587.0,크래프톤,259960
2023-05-31,189100.0,상승  100,187100.0,191500.0,187100.0,114873.0,크래프톤,259960
2023-06-01,189400.0,상승  300,191500.0,194000.0,188000.0,63346.0,크래프톤,259960
2023-06-02,189000.0,하락  400,191000.0,191000.0,187200.0,73903.0,크래프톤,259960
2023-06-05,191500.0,"상승  2,500",189800.0,191800.0,188800.0,59436.0,크래프톤,259960
2023-06-07,193600.0,"상승  2,100",192900.0,195700.0,191600.0,97142.0,크래프톤,259960
2023-06-08,192500.0,"하락  1,100",194600.0,194600.0,190700.0,105930.0,크래프톤,259960
2023-06-09,199700.0,"상승  7,200",194300.0,200500.0,190900.0,169634.0,크래프톤,259960
2023-06-12,204500.0,"상승  4,800",201000.0,205000.0,200500.0,160927.0,크래프톤,259960
2023-06-13,203000.0,"하락  1,500",204500.0,205500.0,200500.0,110728.0,크래프톤,259960
2023-06-14,205500.0,"상승  2,500",202000.0,207000.0,200000.0,185170.0,크래프톤,259960
2023-06-15,203500.0,"하락  2,000",204500.0,207000.0,202000.0,92616.0,크래프톤,259960
2023-06-16,203500.0,보합0,201000.0,209000.0,201000.0,218142.0,크래프톤,259960
2023-06-19,200500.0,"하락  3,000",203000.0,205000.0,198200.0,88980.0,크래프톤,259960
2023-06-20,204500.0,"상승  4,000",198500.0,205500.0,198500.0,95165.0,크래프톤,259960
2023-06-21,205000.0,상승  500,206500.0,206500.0,203000.0,78616.0,크래프톤,259960
2023-06-22,203500.0,"하락  1,500",205500.0,205500.0,202000.0,64726.0,크래프톤,259960
2023-06-23,201500.0,"하락  2,000",202500.0,205000.0,201000.0,55971.0,크래프톤,259960
2023-06-26,204000.0,"상승  2,500",201500.0,207000.0,201000.0,57927.0,크래프톤,259960
2023-06-27,202500.0,"하락  1,500",204000.0,204500.0,201000.0,52644.0,크래프톤,259960
2023-06-28,199000.0,"하락  3,500",202500.0,203000.0,197500.0,78693.0,크래프톤,259960
2023-06-29,195000.0,"하락  4,000",198700.0,199400.0,194400.0,82339.0,크래프톤,259960
2023-06-30,194800.0,하락  200,197800.0,197900.0,193200.0,53244.0,크래프톤,259960
2023-07-03,194500.0,하락  300,195000.0,196800.0,193400.0,69904.0,크래프톤,259960
2023-07-04,183000.0,"하락  11,500",193800.0,193800.0,182300.0,196148.0,크래프톤,259960
2023-07-05,178300.0,"하락  4,700",183100.0,184200.0,178100.0,138399.0,크래프톤,259960
2023-07-06,178500.0,상승  200,178500.0,180100.0,176400.0,116734.0,크래프톤,259960
2023-07-07,174500.0,"하락  4,000",177700.0,181200.0,173900.0,102069.0,크래프톤,259960
2023-07-10,175200.0,상승  700,176000.0,176100.0,173700.0,69282.0,크래프톤,259960
2023-07-11,182500.0,"상승  7,300",176300.0,183000.0,175400.0,104529.0,크래프톤,259960
2023-07-12,185300.0,"상승  2,800",183100.0,185700.0,181600.0,86051.0,크래프톤,259960
2023-07-13,192200.0,"상승  6,900",185500.0,194800.0,185400.0,174884.0,크래프톤,259960
2023-07-14,194600.0,"상승  2,400",193500.0,194800.0,190500.0,75887.0,크래프톤,259960
2023-07-17,191200.0,"하락  3,400",192000.0,193700.0,190100.0,63099.0,크래프톤,259960
2023-07-18,184900.0,"하락  6,300",193600.0,193600.0,184000.0,84089.0,크래프톤,259960
2023-07-19,183300.0,"하락  1,600",186000.0,186400.0,181500.0,58112.0,크래프톤,259960
2023-07-20,181000.0,"하락  2,300",182300.0,185700.0,181000.0,73951.0,크래프톤,259960
2023-07-21,180300.0,하락  700,180100.0,181400.0,178100.0,79826.0,크래프톤,259960
2023-07-24,177500.0,"하락  2,800",180300.0,180300.0,176000.0,88520.0,크래프톤,259960
2023-07-25,171500.0,"하락  6,000",176400.0,177400.0,170800.0,120465.0,크래프톤,259960
2023-07-26,166500.0,"하락  5,000",171100.0,171100.0,163200.0,205512.0,크래프톤,259960
2023-07-27,170700.0,"상승  4,200",166000.0,171900.0,166000.0,110320.0,크래프톤,259960
2023-07-28,168800.0,"하락  1,900",168200.0,170000.0,166500.0,68748.0,크래프톤,259960
2023-07-31,171800.0,"상승  3,000",170200.0,173600.0,169300.0,92931.0,크래프톤,259960
2023-08-01,178100.0,"상승  6,300",171000.0,178400.0,170700.0,108226.0,크래프톤,259960
2023-08-02,172900.0,"하락  5,200",176600.0,176700.0,172100.0,97960.0,크래프톤,259960
2023-08-03,170600.0,"하락  2,300",173500.0,173500.0,169500.0,103388.0,크래프톤,259960
2023-08-04,169400.0,"하락  1,200",170700.0,173300.0,168400.0,78997.0,크래프톤,259960
2023-08-07,174500.0,"상승  5,100",168800.0,178300.0,168500.0,106658.0,크래프톤,259960
2023-08-08,171600.0,"하락  2,900",174600.0,176300.0,171600.0,75242.0,크래프톤,259960
2023-08-09,174400.0,"상승  2,800",171600.0,175500.0,171000.0,69562.0,크래프톤,259960
2023-08-10,161100.0,"하락  13,300",172500.0,172700.0,159700.0,493203.0,크래프톤,259960
2023-08-11,163100.0,"상승  2,000",162000.0,165100.0,162000.0,160992.0,크래프톤,259960
2023-08-14,161500.0,"하락  1,600",163100.0,163800.0,160600.0,122595.0,크래프톤,259960
2023-08-16,158000.0,"하락  3,500",160400.0,160900.0,157900.0,124595.0,크래프톤,259960
2023-08-17,159700.0,"상승  1,700",158100.0,160500.0,157600.0,105570.0,크래프톤,259960
2023-08-18,158000.0,"하락  1,700",158300.0,159100.0,155300.0,113061.0,크래프톤,259960
2023-08-21,158300.0,상승  300,158800.0,162300.0,157800.0,108766.0,크래프톤,259960
2023-08-22,157500.0,하락  800,158600.0,161400.0,157100.0,76681.0,크래프톤,259960
2023-08-23,156700.0,하락  800,156500.0,158400.0,156000.0,65365.0,크래프톤,259960
2023-08-24,155700.0,"하락  1,000",157600.0,158400.0,155500.0,107691.0,크래프톤,259960
2023-08-25,155100.0,하락  600,154500.0,156100.0,153600.0,83001.0,크래프톤,259960
2023-08-28,155400.0,상승  300,156100.0,157800.0,154200.0,75467.0,크래프톤,259960
2023-08-29,156100.0,상승  700,155400.0,157300.0,155400.0,58101.0,크래프톤,259960
2023-08-30,156800.0,상승  700,157200.0,158700.0,156700.0,47682.0,크래프톤,259960
2023-08-31,155000.0,"하락  1,800",157400.0,157800.0,153900.0,189157.0,크래프톤,259960
2023-09-01,155500.0,상승  500,154300.0,157500.0,154300.0,69304.0,크래프톤,259960
2023-09-04,156700.0,"상승  1,200",154900.0,156800.0,154800.0,52646.0,크래프톤,259960
2023-09-05,155300.0,"하락  1,400",156500.0,158000.0,154800.0,66535.0,크래프톤,259960
2023-09-06,154100.0,"하락  1,200",155300.0,156300.0,153700.0,106820.0,크래프톤,259960
2023-09-07,152800.0,"하락  1,300",153800.0,154400.0,152300.0,103087.0,크래프톤,259960
2023-09-08,153600.0,상승  800,153000.0,153800.0,152200.0,59913.0,크래프톤,259960
2023-09-11,153000.0,하락  600,153600.0,154400.0,152900.0,80772.0,크래프톤,259960
2023-09-12,152900.0,하락  100,153600.0,155100.0,152700.0,138609.0,크래프톤,259960
2023-09-13,152000.0,하락  900,152600.0,152800.0,149200.0,117896.0,크래프톤,259960
2023-09-14,155300.0,"상승  3,300",153200.0,155500.0,151800.0,149744.0,크래프톤,259960
2023-09-15,157000.0,"상승  1,700",155300.0,157400.0,154600.0,139998.0,크래프톤,259960
2023-09-18,153700.0,"하락  3,300",156300.0,157500.0,153700.0,96458.0,크래프톤,259960
2023-09-19,152300.0,"하락  1,400",153600.0,154600.0,152100.0,52409.0,크래프톤,259960
2023-09-20,152000.0,하락  300,152400.0,152900.0,150900.0,45042.0,크래프톤,259960
2023-09-21,148600.0,"하락  3,400",152000.0,152300.0,148600.0,105009.0,크래프톤,259960
2023-09-22,148600.0,보합0,146900.0,150500.0,146000.0,76113.0,크래프톤,259960
2023-09-25,148900.0,상승  300,149300.0,151600.0,148500.0,64275.0,크래프톤,259960
2023-09-26,148700.0,하락  200,147500.0,149800.0,147500.0,55956.0,크래프톤,259960
2023-09-27,150600.0,"상승  1,900",147500.0,151600.0,147200.0,69838.0,크래프톤,259960
2023-10-04,146500.0,"하락  4,100",149300.0,152000.0,145900.0,119792.0,크래프톤,259960
2023-10-05,148000.0,"상승  1,500",147000.0,149500.0,146300.0,78211.0,크래프톤,259960
2023-10-06,149400.0,"상승  1,400",148500.0,151800.0,147500.0,59272.0,크래프톤,259960
2023-10-10,151200.0,"상승  1,800",154000.0,154500.0,150200.0,109221.0,크래프톤,259960
2023-10-11,153200.0,"상승  2,000",152000.0,155200.0,151300.0,77119.0,크래프톤,259960
2023-10-12,154000.0,상승  800,154700.0,154800.0,152400.0,66983.0,크래프톤,259960
2023-10-13,154900.0,상승  900,151500.0,156100.0,151400.0,67930.0,크래프톤,259960
2023-10-16,154100.0,하락  800,154400.0,155400.0,152500.0,65920.0,크래프톤,259960
2023-10-17,154700.0,상승  600,154200.0,155900.0,154000.0,67619.0,크래프톤,259960
2023-10-18,154200.0,하락  500,154700.0,156600.0,154200.0,55717.0,크래프톤,259960
2023-10-19,153000.0,"하락  1,200",152700.0,153400.0,150900.0,71879.0,크래프톤,259960
2023-10-20,159400.0,"상승  6,400",153100.0,160800.0,152400.0,289731.0,크래프톤,259960
2023-10-23,155500.0,"하락  3,900",159500.0,160000.0,153300.0,140474.0,크래프톤,259960
2023-10-24,163600.0,"상승  8,100",158400.0,164900.0,155700.0,193876.0,크래프톤,259960
2023-10-25,164800.0,"상승  1,200",162300.0,167300.0,162300.0,139683.0,크래프톤,259960
2023-10-26,163100.0,"하락  1,700",162500.0,165200.0,159700.0,121472.0,크래프톤,259960
2023-10-27,165200.0,"상승  2,100",166300.0,168200.0,162300.0,128056.0,크래프톤,259960
2023-10-30,162000.0,"하락  3,200",165200.0,166600.0,161300.0,85180.0,크래프톤,259960
2023-10-31,163800.0,"상승  1,800",163600.0,168800.0,162400.0,121430.0,크래프톤,259960
2023-11-01,166000.0,"상승  2,200",164500.0,167800.0,163900.0,81027.0,크래프톤,259960
2023-11-02,168900.0,"상승  2,900",168400.0,169700.0,165800.0,98961.0,크래프톤,259960
2023-11-03,169900.0,"상승  1,000",169100.0,172800.0,165000.0,125403.0,크래프톤,259960
2023-11-06,173400.0,"상승  3,500",171800.0,173400.0,167900.0,153666.0,크래프톤,259960
2023-11-07,172500.0,하락  900,171000.0,172900.0,169700.0,90525.0,크래프톤,259960
2023-11-08,190800.0,"상승  18,300",181200.0,193900.0,180300.0,945555.0,크래프톤,259960
2023-11-09,190800.0,보합0,189000.0,194300.0,186300.0,585646.0,크래프톤,259960
2023-11-10,192900.0,"상승  2,100",188400.0,193300.0,187000.0,117386.0,크래프톤,259960
2023-11-13,193900.0,"상승  1,000",194000.0,195000.0,189800.0,123965.0,크래프톤,259960
2023-11-14,193000.0,하락  900,193400.0,196000.0,190300.0,162902.0,크래프톤,259960
2023-11-15,204000.0,"상승  11,000",197900.0,204500.0,192600.0,225505.0,크래프톤,259960
2023-11-16,203500.0,하락  500,204000.0,206500.0,200500.0,142474.0,크래프톤,259960
2023-11-17,193100.0,"하락  10,400",203500.0,205000.0,191800.0,165836.0,크래프톤,259960
2023-11-20,203000.0,"상승  9,900",193900.0,203500.0,190900.0,166287.0,크래프톤,259960
2023-11-21,209000.0,"상승  6,000",203500.0,210500.0,202000.0,163038.0,크래프톤,259960
2023-11-22,208000.0,"하락  1,000",207000.0,210500.0,205000.0,80514.0,크래프톤,259960
2023-11-23,210000.0,"상승  2,000",208000.0,211500.0,205000.0,65636.0,크래프톤,259960
2023-11-24,205500.0,"하락  4,500",210000.0,211000.0,204000.0,76468.0,크래프톤,259960
2023-11-27,217000.0,"상승  11,500",208500.0,217500.0,208000.0,148104.0,크래프톤,259960
2023-11-28,216000.0,"하락  1,000",217500.0,218500.0,213000.0,87428.0,크래프톤,259960
2023-11-29,216000.0,보합0,216500.0,220500.0,214500.0,98653.0,크래프톤,259960
2023-11-30,213000.0,"하락  3,000",217500.0,218000.0,209500.0,159654.0,크래프톤,259960
2023-12-01,217500.0,"상승  4,500",214000.0,219500.0,211500.0,80376.0,크래프톤,259960
2023-12-04,218000.0,상승  500,217000.0,221500.0,216000.0,83716.0,크래프톤,259960
2023-12-05,213000.0,"하락  5,000",218000.0,219000.0,211000.0,91489.0,크래프톤,259960
2023-12-06,212000.0,"하락  1,000",213000.0,217500.0,210500.0,80792.0,크래프톤,259960
2023-12-07,212500.0,상승  500,210000.0,214500.0,209000.0,62224.0,크래프톤,259960
2023-12-08,207000.0,"하락  5,500",214500.0,215000.0,204000.0,141013.0,크래프톤,259960
2023-12-11,213000.0,"상승  6,000",209000.0,213000.0,206000.0,76497.0,크래프톤,259960
2023-12-12,208000.0,"하락  5,000",213000.0,215000.0,206500.0,96153.0,크래프톤,259960
2023-12-13,211500.0,"상승  3,500",209500.0,214500.0,208500.0,77766.0,크래프톤,259960
2023-12-14,210000.0,"하락  1,500",216000.0,218000.0,209500.0,263340.0,크래프톤,259960
2023-12-15,208500.0,"하락  1,500",210000.0,212000.0,205500.0,138748.0,크래프톤,259960
2023-12-18,208500.0,보합0,208000.0,212000.0,207000.0,50061.0,크래프톤,259960
2023-12-19,209000.0,상승  500,208500.0,212500.0,207500.0,61267.0,크래프톤,259960
2023-12-20,209000.0,보합0,212000.0,213500.0,209000.0,102865.0,크래프톤,259960
2023-12-21,207000.0,"하락  2,000",208500.0,210000.0,205000.0,80852.0,크래프톤,259960
2023-12-22,178500.0,"하락  28,500",208500.0,208500.0,177000.0,616485.0,크래프톤,259960
2023-12-26,181200.0,"상승  2,700",183100.0,185800.0,180700.0,330425.0,크래프톤,259960
2023-12-27,189400.0,"상승  8,200",182500.0,190500.0,182100.0,178234.0,크래프톤,259960
2023-12-28,193600.0,"상승  4,200",188500.0,194800.0,187200.0,123609.0,크래프톤,259960
2024-01-02,195800.0,"상승  2,200",193500.0,197900.0,191400.0,112608.0,크래프톤,259960
2024-01-03,194800.0,"하락  1,000",196300.0,199200.0,194100.0,132017.0,크래프톤,259960
2024-01-04,200500.0,"상승  5,700",193600.0,202500.0,192300.0,137394.0,크래프톤,259960
2024-01-05,201500.0,"상승  1,000",201500.0,211000.0,199100.0,138826.0,크래프톤,259960
2024-01-08,201000.0,하락  500,199800.0,202000.0,196800.0,67791.0,크래프톤,259960
2024-01-09,206500.0,"상승  5,500",203500.0,208500.0,202000.0,88719.0,크래프톤,259960
2024-01-10,203000.0,"하락  3,500",207000.0,208000.0,199400.0,87864.0,크래프톤,259960
2024-01-11,201000.0,"하락  2,000",205500.0,205500.0,201000.0,69914.0,크래프톤,259960
2024-01-12,201500.0,상승  500,200500.0,202500.0,199100.0,42400.0,크래프톤,259960
2024-01-15,204000.0,"상승  2,500",203500.0,206000.0,200500.0,60213.0,크래프톤,259960
2024-01-16,195000.0,"하락  9,000",201500.0,204000.0,195000.0,78967.0,크래프톤,259960
2024-01-17,186000.0,"하락  9,000",196400.0,197000.0,186000.0,86708.0,크래프톤,259960
2024-01-18,184500.0,"하락  1,500",187300.0,188700.0,184400.0,56737.0,크래프톤,259960
2024-01-19,193500.0,"상승  9,000",186000.0,194500.0,186000.0,87504.0,크래프톤,259960
2024-01-22,196000.0,"상승  2,500",195100.0,201500.0,193600.0,57398.0,크래프톤,259960
2024-01-23,204000.0,"상승  8,000",197400.0,205500.0,194200.0,89271.0,크래프톤,259960
2024-01-24,207500.0,"상승  3,500",206000.0,212500.0,203500.0,157157.0,크래프톤,259960
2024-01-25,207000.0,하락  500,209500.0,209500.0,202500.0,86069.0,크래프톤,259960
2024-01-26,210500.0,"상승  3,500",204500.0,215500.0,204000.0,115167.0,크래프톤,259960
2024-01-29,212500.0,"상승  2,000",220000.0,229000.0,212000.0,249597.0,크래프톤,259960
2024-01-30,218500.0,"상승  6,000",215000.0,226500.0,214000.0,239273.0,크래프톤,259960
2024-01-31,214500.0,"하락  4,000",218500.0,220000.0,212000.0,102684.0,크래프톤,259960
2024-02-01,214000.0,하락  500,212000.0,217500.0,208500.0,99007.0,크래프톤,259960
2024-02-02,223000.0,"상승  9,000",215000.0,225000.0,214500.0,144478.0,크래프톤,259960
2024-02-05,220000.0,"하락  3,000",221000.0,222000.0,214000.0,93404.0,크래프톤,259960
2024-02-06,211500.0,"하락  8,500",218000.0,222000.0,210000.0,93543.0,크래프톤,259960
2024-02-07,212000.0,상승  500,212000.0,217000.0,210500.0,67863.0,크래프톤,259960
2024-02-08,214000.0,"상승  2,000",213000.0,216000.0,211500.0,125582.0,크래프톤,259960
2024-02-13,230000.0,"상승  16,000",219500.0,230000.0,219000.0,285922.0,크래프톤,259960
2024-02-14,239500.0,"상승  9,500",227500.0,243000.0,226500.0,271909.0,크래프톤,259960
2024-02-15,238000.0,"하락  1,500",242000.0,242000.0,235000.0,83153.0,크래프톤,259960
2024-02-16,237500.0,하락  500,243000.0,243500.0,236000.0,64520.0,크래프톤,259960
2024-02-19,235000.0,"하락  2,500",237500.0,239500.0,232500.0,55699.0,크래프톤,259960
2024-02-20,232000.0,"하락  3,000",235000.0,238000.0,229000.0,69317.0,크래프톤,259960
2024-02-21,226000.0,"하락  6,000",234500.0,235500.0,224000.0,111295.0,크래프톤,259960
2024-02-22,225000.0,"하락  1,000",228000.0,228000.0,222000.0,86029.0,크래프톤,259960
2024-02-23,224500.0,하락  500,226000.0,229000.0,222500.0,88710.0,크래프톤,259960
2024-02-26,217500.0,"하락  7,000",226000.0,226000.0,217500.0,90380.0,크래프톤,259960
2024-02-27,224000.0,"상승  6,500",219500.0,225500.0,217000.0,98827.0,크래프톤,259960
2024-02-28,225000.0,"상승  1,000",225000.0,229500.0,223000.0,83055.0,크래프톤,259960
2024-02-29,227000.0,"상승  2,000",223000.0,227000.0,220000.0,97956.0,크래프톤,259960
2024-03-04,217500.0,"하락  9,500",226500.0,230000.0,216000.0,127079.0,크래프톤,259960
2024-03-05,218000.0,상승  500,215500.0,221000.0,215500.0,68627.0,크래프톤,259960
2024-03-06,213000.0,"하락  5,000",215000.0,218000.0,210500.0,70286.0,크래프톤,259960
2024-03-07,216000.0,"상승  3,000",214500.0,221000.0,213500.0,74937.0,크래프톤,259960
2024-03-08,222000.0,"상승  6,000",219500.0,226000.0,218500.0,97789.0,크래프톤,259960
2024-03-11,232500.0,"상승  10,500",225000.0,234500.0,224000.0,120866.0,크래프톤,259960
2024-03-12,234000.0,"상승  1,500",234500.0,239000.0,229500.0,97830.0,크래프톤,259960
2024-03-13,239000.0,"상승  5,000",234500.0,239500.0,231500.0,80343.0,크래프톤,259960
2024-03-14,235000.0,"하락  4,000",239000.0,241500.0,213500.0,503053.0,크래프톤,259960
2024-03-15,230500.0,"하락  4,500",234000.0,234500.0,222000.0,176385.0,크래프톤,259960
2024-03-18,238000.0,"상승  7,500",233000.0,240000.0,230500.0,95801.0,크래프톤,259960
2024-03-19,237000.0,"하락  1,000",234500.0,243000.0,234000.0,114517.0,크래프톤,259960
2024-03-20,237500.0,상승  500,241000.0,243000.0,234000.0,72127.0,크래프톤,259960
2024-03-21,240500.0,"상승  3,000",239000.0,241000.0,234500.0,81387.0,크래프톤,259960
2024-03-22,236000.0,"하락  4,500",237500.0,240000.0,232500.0,64214.0,크래프톤,259960
2024-03-25,240000.0,"상승  4,000",236000.0,242500.0,232500.0,125503.0,크래프톤,259960
2024-03-26,246500.0,"상승  6,500",242500.0,247000.0,238500.0,129365.0,크래프톤,259960
2024-03-27,257000.0,"상승  10,500",250000.0,265000.0,248000.0,371514.0,크래프톤,259960
2024-03-28,250000.0,"하락  7,000",255500.0,255500.0,247000.0,155553.0,크래프톤,259960
2024-03-29,247000.0,"하락  3,000",250000.0,253000.0,243500.0,104447.0,크래프톤,259960
2024-04-01,250500.0,"상승  3,500",252000.0,253500.0,248000.0,74153.0,크래프톤,259960
2024-04-02,252000.0,"상승  1,500",246000.0,257500.0,244500.0,122469.0,크래프톤,259960
2024-04-03,253500.0,"상승  1,500",250000.0,256000.0,249000.0,92064.0,크래프톤,259960
2024-04-04,253000.0,하락  500,255500.0,260000.0,250000.0,104001.0,크래프톤,259960
2024-04-05,249500.0,"하락  3,500",249500.0,253000.0,248500.0,39956.0,크래프톤,259960
2024-04-08,243500.0,"하락  6,000",248500.0,251500.0,243500.0,66121.0,크래프톤,259960
2024-04-09,242000.0,"하락  1,500",247000.0,249500.0,239000.0,55846.0,크래프톤,259960
2024-04-11,247500.0,"상승  5,500",237500.0,248000.0,237000.0,109169.0,크래프톤,259960
2024-04-12,238500.0,"하락  9,000",244500.0,247000.0,237000.0,86884.0,크래프톤,259960
2024-04-15,247000.0,"상승  8,500",235500.0,247500.0,231000.0,86107.0,크래프톤,259960
2024-04-16,254000.0,"상승  7,000",244000.0,255000.0,242500.0,126646.0,크래프톤,259960
2024-04-17,253000.0,"하락  1,000",254500.0,257500.0,249000.0,100673.0,크래프톤,259960
2024-04-18,260000.0,"상승  7,000",255500.0,262000.0,252500.0,126476.0,크래프톤,259960
2024-04-19,254000.0,"하락  6,000",256000.0,261500.0,250500.0,124042.0,크래프톤,259960
2024-04-22,259000.0,"상승  5,000",258000.0,262500.0,254000.0,72912.0,크래프톤,259960
2024-04-23,238000.0,"하락  21,000",243500.0,247000.0,232000.0,1619683.0,크래프톤,259960
2024-04-24,240000.0,"상승  2,000",240000.0,245500.0,239500.0,263898.0,크래프톤,259960
2024-04-25,225500.0,"하락  14,500",237500.0,238000.0,225000.0,320859.0,크래프톤,259960
2024-04-26,229500.0,"상승  4,000",227500.0,232500.0,227000.0,176318.0,크래프톤,259960
2024-04-29,240000.0,"상승  10,500",231500.0,241000.0,231500.0,148646.0,크래프톤,259960
2024-04-30,239500.0,하락  500,238500.0,245000.0,238500.0,122430.0,크래프톤,259960
2024-05-02,243000.0,"상승  3,500",237000.0,245500.0,236500.0,119352.0,크래프톤,259960
2024-05-03,251000.0,"상승  8,000",244500.0,253500.0,243500.0,159261.0,크래프톤,259960
2024-05-07,257500.0,"상승  6,500",254000.0,260500.0,254000.0,192672.0,크래프톤,259960
2024-05-08,260000.0,"상승  2,500",260000.0,265500.0,258500.0,212701.0,크래프톤,259960
2024-05-09,263500.0,"상승  3,500",269000.0,271000.0,255000.0,430254.0,크래프톤,259960
2024-05-10,259000.0,"하락  4,500",265000.0,267500.0,258000.0,187175.0,크래프톤,259960
2024-05-13,259500.0,상승  500,258500.0,260000.0,249500.0,179601.0,크래프톤,259960
2024-05-14,257000.0,"하락  2,500",260000.0,265000.0,255000.0,112229.0,크래프톤,259960
2024-05-16,258500.0,"상승  1,500",260500.0,262000.0,256500.0,122777.0,크래프톤,259960
2024-05-17,258000.0,하락  500,257500.0,260000.0,256000.0,74960.0,크래프톤,259960
2024-05-20,252500.0,"하락  5,500",260000.0,260000.0,251000.0,90498.0,크래프톤,259960
2024-05-21,252500.0,보합0,250000.0,254000.0,247500.0,75619.0,크래프톤,259960
2024-05-22,254500.0,"상승  2,000",251000.0,255000.0,249500.0,78621.0,크래프톤,259960
2024-05-23,256000.0,"상승  1,500",252000.0,258500.0,252000.0,78182.0,크래프톤,259960
2024-05-24,260000.0,"상승  4,000",255500.0,261500.0,255000.0,94601.0,크래프톤,259960
2024-05-27,260000.0,보합0,262000.0,264000.0,258000.0,136567.0,크래프톤,259960
2024-05-28,246500.0,"하락  13,500",258000.0,259500.0,241000.0,164875.0,크래프톤,259960
2024-05-29,244000.0,"하락  2,500",244000.0,247000.0,240500.0,127155.0,크래프톤,259960
2024-05-30,251000.0,"상승  7,000",242000.0,253000.0,241500.0,88005.0,크래프톤,259960
2024-05-31,250000.0,"하락  1,000",255000.0,257500.0,243500.0,362249.0,크래프톤,259960
2024-06-03,247500.0,"하락  2,500",251000.0,254000.0,245500.0,52047.0,크래프톤,259960
2024-06-04,249500.0,"상승  2,000",245000.0,251000.0,242500.0,58607.0,크래프톤,259960
2024-06-05,246000.0,"하락  3,500",249000.0,254000.0,246000.0,58446.0,크래프톤,259960
2024-06-07,256000.0,"상승  10,000",248000.0,257500.0,248000.0,99217.0,크래프톤,259960
2024-06-10,254500.0,"하락  1,500",251500.0,258500.0,248000.0,62029.0,크래프톤,259960
2024-06-11,255500.0,"상승  1,000",256000.0,259000.0,253000.0,61684.0,크래프톤,259960
2024-06-12,265000.0,"상승  9,500",258000.0,267500.0,256000.0,217577.0,크래프톤,259960
2024-06-13,265500.0,상승  500,266500.0,271000.0,264500.0,256241.0,크래프톤,259960
2024-06-14,272000.0,"상승  6,500",263000.0,278000.0,259500.0,249943.0,크래프톤,259960
2024-06-17,274500.0,"상승  2,500",271000.0,277500.0,269000.0,152334.0,크래프톤,259960
2024-06-18,276500.0,"상승  2,000",277000.0,278000.0,273000.0,160880.0,크래프톤,259960
2024-06-19,290000.0,"상승  13,500",279000.0,297000.0,278500.0,346197.0,크래프톤,259960
2024-06-20,291500.0,"상승  1,500",287500.0,294500.0,284500.0,108847.0,크래프톤,259960
2024-06-21,297000.0,"상승  5,500",293000.0,297000.0,290000.0,477134.0,크래프톤,259960
2024-06-24,276000.0,"하락  21,000",299000.0,299000.0,273000.0,217712.0,크래프톤,259960
2024-06-25,282500.0,"상승  6,500",278500.0,283500.0,275500.0,83044.0,크래프톤,259960
2024-06-26,289500.0,"상승  7,000",280000.0,293000.0,279500.0,118745.0,크래프톤,259960
2024-06-27,281500.0,"하락  8,000",287000.0,291500.0,278000.0,118854.0,크래프톤,259960
2024-06-28,281500.0,보합0,280500.0,284000.0,271000.0,156709.0,크래프톤,259960
2024-07-01,273500.0,"하락  8,000",278000.0,279000.0,271000.0,88473.0,크래프톤,259960
2024-07-02,271000.0,"하락  2,500",271000.0,276000.0,269000.0,74218.0,크래프톤,259960
2024-07-03,272500.0,"상승  1,500",273500.0,277000.0,269000.0,77366.0,크래프톤,259960
2024-07-04,272000.0,하락  500,272000.0,277000.0,269000.0,78875.0,크래프톤,259960
2024-07-05,280000.0,"상승  8,000",272000.0,284000.0,269500.0,124281.0,크래프톤,259960
2024-07-08,278000.0,"하락  2,000",278000.0,286000.0,277000.0,48069.0,크래프톤,259960
2024-07-09,289500.0,"상승  11,500",283000.0,294000.0,282000.0,130058.0,크래프톤,259960
2024-07-10,283000.0,"하락  6,500",287500.0,290500.0,281500.0,79090.0,크래프톤,259960
2024-07-11,284000.0,"상승  1,000",288000.0,291000.0,282000.0,115139.0,크래프톤,259960
2024-07-12,280000.0,"하락  4,000",286500.0,289000.0,276500.0,104303.0,크래프톤,259960
2024-07-15,275000.0,"하락  5,000",281000.0,284000.0,271000.0,96960.0,크래프톤,259960
2024-07-16,275000.0,보합0,279000.0,279000.0,272000.0,53232.0,크래프톤,259960
2024-07-17,276500.0,"상승  1,500",274500.0,278000.0,273000.0,76330.0,크래프톤,259960
2024-07-18,272000.0,"하락  4,500",279000.0,279000.0,268000.0,85674.0,크래프톤,259960
2024-07-19,280500.0,"상승  8,500",269000.0,282000.0,268000.0,106595.0,크래프톤,259960
2024-07-22,281000.0,상승  500,280500.0,287000.0,277000.0,75649.0,크래프톤,259960
2024-07-23,292000.0,"상승  11,000",286000.0,295500.0,284000.0,205759.0,크래프톤,259960
2024-07-24,287000.0,"하락  5,000",289500.0,290500.0,284000.0,65429.0,크래프톤,259960
2024-07-25,286500.0,하락  500,289000.0,293000.0,283000.0,110756.0,크래프톤,259960
2024-07-26,285000.0,"하락  1,500",286500.0,288500.0,282500.0,49045.0,크래프톤,259960
2024-07-29,292000.0,"상승  7,000",285000.0,293500.0,283500.0,57283.0,크래프톤,259960
2024-07-30,292500.0,상승  500,289500.0,302000.0,289500.0,99829.0,크래프톤,259960
2024-07-31,294000.0,"상승  1,500",293000.0,298500.0,292500.0,102272.0,크래프톤,259960
2024-08-01,289500.0,"하락  4,500",291500.0,295500.0,289000.0,56863.0,크래프톤,259960
2024-08-02,287500.0,"하락  2,000",285500.0,295000.0,284500.0,70077.0,크래프톤,259960
2024-08-05,273000.0,"하락  14,500",285000.0,286500.0,260000.0,173656.0,크래프톤,259960
2024-08-06,285500.0,"상승  12,500",282500.0,290000.0,279000.0,115945.0,크래프톤,259960
2024-08-07,277500.0,"하락  8,000",281000.0,287000.0,276000.0,157494.0,크래프톤,259960
2024-08-08,282000.0,"상승  4,500",276500.0,284500.0,276000.0,125275.0,크래프톤,259960
2024-08-09,294500.0,"상승  12,500",282500.0,295000.0,278000.0,130482.0,크래프톤,259960
2024-08-12,293000.0,"하락  1,500",289000.0,300000.0,289000.0,287768.0,크래프톤,259960
2024-08-13,331000.0,"상승  38,000",317500.0,331000.0,305500.0,1281466.0,크래프톤,259960
2024-08-14,331500.0,상승  500,330000.0,332500.0,324500.0,239178.0,크래프톤,259960
2024-08-16,324500.0,"하락  7,000",334500.0,335000.0,322500.0,161699.0,크래프톤,259960
2024-08-19,325000.0,상승  500,325000.0,334000.0,319000.0,145441.0,크래프톤,259960
2024-08-20,333500.0,"상승  8,500",328000.0,336000.0,324000.0,194990.0,크래프톤,259960
2024-08-21,339500.0,"상승  6,000",332500.0,342000.0,331000.0,141753.0,크래프톤,259960
2024-08-22,346000.0,"상승  6,500",346500.0,355000.0,337000.0,222471.0,크래프톤,259960
2024-08-23,348000.0,"상승  2,000",343500.0,352000.0,342000.0,152072.0,크래프톤,259960
2024-08-26,349000.0,"상승  1,000",343500.0,351000.0,332500.0,133479.0,크래프톤,259960
2024-08-27,342000.0,"하락  7,000",350000.0,352000.0,338000.0,96090.0,크래프톤,259960
2024-08-28,332000.0,"하락  10,000",339500.0,342000.0,326000.0,142288.0,크래프톤,259960
2024-08-29,333000.0,"상승  1,000",331500.0,335000.0,326000.0,79112.0,크래프톤,259960
2024-08-30,327000.0,"하락  6,000",333000.0,333000.0,322500.0,134848.0,크래프톤,259960
2024-09-02,323000.0,"하락  4,000",325000.0,326500.0,320500.0,68230.0,크래프톤,259960
2024-09-03,317000.0,"하락  6,000",322500.0,324500.0,314000.0,94557.0,크래프톤,259960
2024-09-04,310500.0,"하락  6,500",310000.0,318500.0,308000.0,103206.0,크래프톤,259960
2024-09-05,324000.0,"상승  13,500",312500.0,329000.0,312500.0,190550.0,크래프톤,259960
2024-09-06,323000.0,"하락  1,000",327000.0,334500.0,319000.0,101574.0,크래프톤,259960
2024-09-09,328000.0,"상승  5,000",319500.0,329000.0,315500.0,113416.0,크래프톤,259960
2024-09-10,320500.0,"하락  7,500",327500.0,329500.0,319000.0,77070.0,크래프톤,259960
2024-09-11,325000.0,"상승  4,500",323000.0,332000.0,320500.0,78107.0,크래프톤,259960
2024-09-12,321000.0,"하락  4,000",329000.0,337000.0,320000.0,157904.0,크래프톤,259960
2024-09-13,338000.0,"상승  17,000",323500.0,339000.0,321500.0,126368.0,크래프톤,259960
2024-09-19,348000.0,"상승  10,000",341500.0,352000.0,340000.0,156417.0,크래프톤,259960
2024-09-20,341000.0,"하락  7,000",347500.0,347500.0,340000.0,138252.0,크래프톤,259960
2024-09-23,340500.0,하락  500,344000.0,345000.0,338500.0,41345.0,크래프톤,259960
2024-09-24,348500.0,"상승  8,000",342500.0,351500.0,342500.0,100909.0,크래프톤,259960
2024-09-25,339000.0,"하락  9,500",351500.0,353000.0,338500.0,113502.0,크래프톤,259960
2024-09-26,343000.0,"상승  4,000",339500.0,343000.0,333000.0,114355.0,크래프톤,259960
2024-09-27,340500.0,"하락  2,500",345000.0,345000.0,337500.0,56305.0,크래프톤,259960
2024-09-30,342500.0,"상승  2,000",343500.0,354000.0,341500.0,162670.0,크래프톤,259960
2024-10-02,338000.0,"하락  4,500",338500.0,343500.0,332500.0,79273.0,크래프톤,259960
2024-10-04,335500.0,"하락  2,500",340500.0,343000.0,332000.0,80857.0,크래프톤,259960
2024-10-07,319000.0,"하락  16,500",335500.0,336500.0,313500.0,243322.0,크래프톤,259960
2024-10-08,326000.0,"상승  7,000",319500.0,328500.0,319000.0,111584.0,크래프톤,259960
2024-10-10,324500.0,"하락  1,500",331000.0,335000.0,324500.0,116063.0,크래프톤,259960
2024-10-11,331500.0,"상승  7,000",327500.0,334000.0,324500.0,74056.0,크래프톤,259960
2024-10-14,330500.0,"하락  1,000",329000.0,336000.0,328000.0,58154.0,크래프톤,259960
2024-10-15,340500.0,"상승  10,000",332500.0,342500.0,332000.0,94286.0,크래프톤,259960
2024-10-16,338500.0,"하락  2,000",338000.0,344000.0,335000.0,68817.0,크래프톤,259960
2024-10-17,334500.0,"하락  4,000",340000.0,340000.0,330500.0,67933.0,크래프톤,259960
2024-10-18,340500.0,"상승  6,000",338500.0,349000.0,337500.0,148316.0,크래프톤,259960
2024-10-21,343000.0,"상승  2,500",339500.0,346500.0,336500.0,71905.0,크래프톤,259960
2024-10-22,340500.0,"하락  2,500",340500.0,345500.0,333000.0,86639.0,크래프톤,259960
2024-10-23,333000.0,"하락  7,500",342000.0,346000.0,333000.0,69908.0,크래프톤,259960
2024-10-24,347000.0,"상승  14,000",336000.0,347000.0,333500.0,104567.0,크래프톤,259960
2024-10-25,344500.0,"하락  2,500",346000.0,350000.0,340500.0,45863.0,크래프톤,259960
2024-10-28,345500.0,"상승  1,000",345000.0,349000.0,340000.0,70768.0,크래프톤,259960
2024-10-29,345000.0,하락  500,346500.0,349500.0,343000.0,65198.0,크래프톤,259960
2024-10-30,344000.0,"하락  1,000",346000.0,350000.0,342000.0,75825.0,크래프톤,259960
2024-10-31,331000.0,"하락  13,000",345000.0,346500.0,331000.0,105336.0,크래프톤,259960
2024-11-01,333500.0,"상승  2,500",330000.0,335500.0,325000.0,59288.0,크래프톤,259960
2024-11-04,337500.0,"상승  4,000",334500.0,346000.0,332000.0,95757.0,크래프톤,259960
2024-11-05,332500.0,"하락  5,000",335000.0,342500.0,330000.0,105471.0,크래프톤,259960
2024-11-06,347500.0,"상승  15,000",336500.0,348000.0,336500.0,195328.0,크래프톤,259960
2024-11-07,351000.0,"상승  3,500",344500.0,352500.0,340500.0,187403.0,크래프톤,259960
2024-11-08,325000.0,"하락  26,000",340500.0,341000.0,320000.0,409516.0,크래프톤,259960
2024-11-11,317500.0,"하락  7,500",324500.0,325000.0,312000.0,321498.0,크래프톤,259960
2024-11-12,295500.0,"하락  22,000",318500.0,319500.0,295500.0,289359.0,크래프톤,259960
2024-11-13,294000.0,"하락  1,500",293000.0,299500.0,291000.0,148652.0,크래프톤,259960
2024-11-14,293500.0,하락  500,297500.0,302000.0,293000.0,179853.0,크래프톤,259960
2024-11-15,289500.0,"하락  4,000",293500.0,296500.0,281000.0,164174.0,크래프톤,259960
2024-11-18,295000.0,"상승  5,500",288000.0,299000.0,287000.0,98940.0,크래프톤,259960
2024-11-19,305500.0,"상승  10,500",297000.0,313500.0,296500.0,168377.0,크래프톤,259960
2024-11-20,308000.0,"상승  2,500",304000.0,308500.0,301500.0,79051.0,크래프톤,259960
2024-11-21,307000.0,"하락  1,000",309000.0,312000.0,306000.0,62694.0,크래프톤,259960
2024-11-22,308500.0,"상승  1,500",307500.0,314000.0,307500.0,65724.0,크래프톤,259960
2024-11-25,307000.0,"하락  1,500",312000.0,312500.0,302500.0,98907.0,크래프톤,259960
2024-11-26,307000.0,보합0,304000.0,310500.0,303500.0,49594.0,크래프톤,259960
2024-11-27,310500.0,"상승  3,500",306500.0,314000.0,305000.0,76554.0,크래프톤,259960
2024-11-28,316000.0,"상승  5,500",310500.0,316000.0,306000.0,66356.0,크래프톤,259960
2024-11-29,312000.0,"하락  4,000",316500.0,321000.0,312000.0,108516.0,크래프톤,259960
2024-12-02,327500.0,"상승  15,500",316500.0,330500.0,314000.0,137586.0,크래프톤,259960
2024-12-03,328500.0,"상승  1,000",326000.0,334000.0,314500.0,150935.0,크래프톤,259960
2024-12-04,327000.0,"하락  1,500",323000.0,332000.0,321000.0,112478.0,크래프톤,259960
2024-12-05,316500.0,"하락  10,500",324000.0,324500.0,315500.0,95739.0,크래프톤,259960
2024-12-06,310500.0,"하락  6,000",318000.0,318000.0,307000.0,103101.0,크래프톤,259960
2024-12-09,301000.0,"하락  9,500",308000.0,309500.0,298000.0,130103.0,크래프톤,259960
2024-12-10,302500.0,"상승  1,500",304500.0,307500.0,300500.0,102315.0,크래프톤,259960
2024-12-11,319500.0,"상승  17,000",305000.0,319500.0,303500.0,117463.0,크래프톤,259960
2024-12-12,325500.0,"상승  6,000",322500.0,328000.0,319500.0,162274.0,크래프톤,259960
2024-12-13,340500.0,"상승  15,000",327500.0,347500.0,326000.0,251680.0,크래프톤,259960
2024-12-16,344000.0,"상승  3,500",342500.0,344500.0,335000.0,90093.0,크래프톤,259960
2024-12-17,342000.0,"하락  2,000",345000.0,350000.0,340000.0,118517.0,크래프톤,259960
2024-12-18,327500.0,"하락  14,500",342500.0,343000.0,325500.0,130242.0,크래프톤,259960
2024-12-19,320500.0,"하락  7,000",318000.0,326000.0,316500.0,99489.0,크래프톤,259960
2024-12-20,311500.0,"하락  9,000",318000.0,322000.0,309500.0,175683.0,크래프톤,259960
2024-12-23,308500.0,"하락  3,000",315500.0,315500.0,307500.0,87063.0,크래프톤,259960
2024-12-24,306000.0,"하락  2,500",311000.0,313000.0,304500.0,82563.0,크래프톤,259960
2024-12-26,307000.0,"상승  1,000",310000.0,310000.0,301500.0,97573.0,크래프톤,259960
2024-12-27,310000.0,"상승  3,000",309500.0,315000.0,305500.0,89731.0,크래프톤,259960
2024-12-30,312500.0,"상승  2,500",311000.0,318000.0,306000.0,91745.0,크래프톤,259960
2025-01-02,316500.0,"상승  4,000",315000.0,323500.0,314500.0,81196.0,크래프톤,259960
2025-01-03,335000.0,"상승  18,500",316500.0,336500.0,316500.0,154502.0,크래프톤,259960
2025-01-06,346500.0,"상승  11,500",335000.0,348500.0,333000.0,182489.0,크래프톤,259960
2025-01-07,331000.0,"하락  15,500",343500.0,350000.0,326500.0,270944.0,크래프톤,259960
2025-01-08,325000.0,"하락  6,000",335500.0,342000.0,319500.0,160839.0,크래프톤,259960
2025-01-09,326000.0,"상승  1,000",326000.0,331000.0,324500.0,100147.0,크래프톤,259960
2025-01-10,335000.0,"상승  9,000",328000.0,340000.0,328000.0,119885.0,크래프톤,259960
2025-01-13,333500.0,"하락  1,500",332000.0,341000.0,331500.0,91424.0,크래프톤,259960
2025-01-14,342500.0,"상승  9,000",335000.0,345500.0,333000.0,130104.0,크래프톤,259960
2025-01-15,336000.0,"하락  6,500",342500.0,346000.0,331500.0,124549.0,크래프톤,259960
2025-01-16,331500.0,"하락  4,500",339000.0,341500.0,330500.0,103290.0,크래프톤,259960
2025-01-17,341500.0,"상승  10,000",331000.0,344000.0,330000.0,101334.0,크래프톤,259960
2025-01-20,345000.0,"상승  3,500",344000.0,355000.0,343500.0,120305.0,크래프톤,259960
2025-01-21,347000.0,"상승  2,000",346000.0,351000.0,344000.0,79877.0,크래프톤,259960
2025-01-22,337000.0,"하락  10,000",344000.0,346500.0,330000.0,172903.0,크래프톤,259960
2025-01-23,337500.0,상승  500,339000.0,340500.0,335500.0,79034.0,크래프톤,259960
2025-01-24,343000.0,"상승  5,500",339500.0,346500.0,338000.0,89161.0,크래프톤,259960
2025-01-31,364000.0,"상승  21,000",349500.0,364000.0,347500.0,244919.0,크래프톤,259960
2025-02-03,360000.0,"하락  4,000",360000.0,362000.0,349000.0,148663.0,크래프톤,259960
2025-02-04,362500.0,"상승  2,500",375500.0,384500.0,357000.0,253679.0,크래프톤,259960
2025-02-05,376000.0,"상승  13,500",362500.0,376000.0,359000.0,191557.0,크래프톤,259960
2025-02-06,381000.0,"상승  5,000",377000.0,382000.0,370500.0,130837.0,크래프톤,259960
2025-02-07,383000.0,"상승  2,000",378000.0,384000.0,375500.0,109037.0,크래프톤,259960
2025-02-10,377500.0,"하락  5,500",382000.0,390000.0,376500.0,151611.0,크래프톤,259960
2025-02-11,375000.0,"하락  2,500",380000.0,389500.0,375000.0,229062.0,크래프톤,259960
2025-02-12,322500.0,"하락  52,500",351000.0,354000.0,321000.0,828270.0,크래프톤,259960
2025-02-13,317000.0,"하락  5,500",324500.0,324500.0,315000.0,350331.0,크래프톤,259960
2025-02-14,312000.0,"하락  5,000",320000.0,324000.0,311500.0,270169.0,크래프톤,259960
2025-02-17,322500.0,"상승  10,500",316000.0,323500.0,315000.0,227869.0,크래프톤,259960
2025-02-18,321500.0,"하락  1,000",324000.0,324500.0,316000.0,228537.0,크래프톤,259960
2025-02-19,335000.0,"상승  13,500",321500.0,338000.0,320500.0,395262.0,크래프톤,259960
2025-02-20,332000.0,"하락  3,000",336000.0,337000.0,328500.0,167272.0,크래프톤,259960
2025-02-21,327500.0,"하락  4,500",335000.0,336000.0,326000.0,144425.0,크래프톤,259960
2025-02-24,327000.0,하락  500,322500.0,327000.0,320000.0,121921.0,크래프톤,259960
2025-02-25,325000.0,"하락  2,000",324500.0,335000.0,324000.0,187059.0,크래프톤,259960
2025-02-26,340000.0,"상승  15,000",324000.0,343500.0,324000.0,293523.0,크래프톤,259960
2025-02-27,341500.0,"상승  1,500",335500.0,343000.0,333000.0,162639.0,크래프톤,259960
2025-02-28,343500.0,"상승  2,000",337000.0,345000.0,333500.0,233576.0,크래프톤,259960
2025-03-04,334000.0,"하락  9,500",339000.0,341000.0,330000.0,170871.0,크래프톤,259960
2025-03-05,344000.0,"상승  10,000",336500.0,345000.0,336500.0,163195.0,크래프톤,259960
2025-03-06,348000.0,"상승  4,000",346000.0,349500.0,340000.0,138858.0,크래프톤,259960
2025-03-07,349000.0,"상승  1,000",346000.0,354000.0,343000.0,108965.0,크래프톤,259960
2025-03-10,350500.0,"상승  1,500",349000.0,358500.0,347000.0,168746.0,크래프톤,259960
2025-03-11,346000.0,"하락  4,500",340000.0,351000.0,339500.0,132761.0,크래프톤,259960
2025-03-12,345500.0,하락  500,346000.0,350000.0,344000.0,103896.0,크래프톤,259960
2025-03-13,358000.0,"상승  12,500",346000.0,358000.0,345500.0,225941.0,크래프톤,259960
2025-03-14,356000.0,"하락  2,000",357500.0,358500.0,351500.0,81671.0,크래프톤,259960
2025-03-17,357500.0,"상승  1,500",359000.0,359500.0,344500.0,157264.0,크래프톤,259960
2025-03-18,351000.0,"하락  6,500",358500.0,361000.0,346500.0,155238.0,크래프톤,259960
2025-03-19,348000.0,"하락  3,000",351000.0,356000.0,344000.0,162501.0,크래프톤,259960
2025-03-20,328500.0,"하락  19,500",348500.0,353000.0,325000.0,286432.0,크래프톤,259960
2025-03-21,325000.0,"하락  3,500",330500.0,335000.0,325000.0,180468.0,크래프톤,259960
2025-03-24,335500.0,"상승  10,500",329000.0,337500.0,329000.0,136601.0,크래프톤,259960
2025-03-25,336000.0,상승  500,335500.0,338000.0,330500.0,86148.0,크래프톤,259960
2025-03-26,338500.0,"상승  2,500",338000.0,341000.0,332000.0,75899.0,크래프톤,259960
2025-03-27,338500.0,보합0,345000.0,350000.0,337500.0,194137.0,크래프톤,259960
2025-03-28,359000.0,"상승  20,500",338000.0,365000.0,331500.0,376221.0,크래프톤,259960
2025-03-31,334500.0,"하락  24,500",347000.0,347000.0,328500.0,294979.0,크래프톤,259960
2025-04-01,340000.0,"상승  5,500",338000.0,343000.0,331500.0,166587.0,크래프톤,259960
2025-04-02,347000.0,"상승  7,000",342000.0,349000.0,336500.0,121352.0,크래프톤,259960
2025-04-03,353500.0,"상승  6,500",339500.0,354500.0,339000.0,133357.0,크래프톤,259960
2025-04-04,372000.0,"상승  18,500",352000.0,372000.0,351500.0,285615.0,크래프톤,259960
2025-04-07,362000.0,"하락  10,000",361000.0,370500.0,354000.0,185111.0,크래프톤,259960
2025-04-08,366500.0,"상승  4,500",368000.0,372500.0,360500.0,143133.0,크래프톤,259960
2025-04-09,354500.0,"하락  12,000",365000.0,371500.0,351500.0,186218.0,크래프톤,259960
2025-04-10,377500.0,"상승  23,000",362500.0,377500.0,358000.0,183393.0,크래프톤,259960
2025-04-11,377000.0,하락  500,368000.0,379000.0,366000.0,143822.0,크래프톤,259960
2025-04-14,375500.0,"하락  1,500",376500.0,384000.0,374500.0,106798.0,크래프톤,259960
2025-04-15,369000.0,"하락  6,500",372000.0,374000.0,358500.0,229949.0,크래프톤,259960
2025-04-16,377000.0,"상승  8,000",368500.0,381000.0,365000.0,117799.0,크래프톤,259960
2025-04-17,384000.0,"상승  7,000",379000.0,389000.0,378500.0,161222.0,크래프톤,259960
2025-04-18,386000.0,"상승  2,000",383000.0,388000.0,379500.0,71267.0,크래프톤,259960
2025-04-21,384500.0,"하락  1,500",386000.0,391000.0,381500.0,86228.0,크래프톤,259960
2025-04-22,379000.0,"하락  5,500",385000.0,386000.0,377500.0,101737.0,크래프톤,259960
2025-04-23,373500.0,"하락  5,500",379500.0,380000.0,371500.0,132795.0,크래프톤,259960
2025-04-24,376500.0,"상승  3,000",371500.0,379500.0,370000.0,98340.0,크래프톤,259960
2025-04-25,373000.0,"하락  3,500",374500.0,377500.0,369000.0,129191.0,크래프톤,259960
2025-04-28,377000.0,"상승  4,000",371000.0,382000.0,371000.0,115515.0,크래프톤,259960
2025-04-29,370000.0,"하락  7,000",377000.0,377500.0,360500.0,166709.0,크래프톤,259960
2025-04-30,371500.0,"상승  1,500",378000.0,381500.0,359500.0,263173.0,크래프톤,259960
2025-05-02,385000.0,"상승  13,500",365500.0,387000.0,365500.0,214293.0,크래프톤,259960
2025-05-07,385500.0,상승  500,390000.0,393000.0,378500.0,142419.0,크래프톤,259960
2025-05-08,379000.0,"하락  6,500",383000.0,386000.0,373500.0,124362.0,크래프톤,259960
2025-05-09,375000.0,"하락  4,000",380500.0,385000.0,372500.0,76143.0,크래프톤,259960
2025-05-12,376500.0,"상승  1,500",375500.0,379500.0,373500.0,60723.0,크래프톤,259960
2025-05-13,369500.0,"하락  7,000",372000.0,374000.0,365500.0,92427.0,크래프톤,259960
2025-05-14,373000.0,"상승  3,500",371000.0,374500.0,369500.0,87330.0,크래프톤,259960
2025-05-15,375000.0,"상승  2,000",371000.0,377000.0,371000.0,56791.0,크래프톤,259960
2025-05-16,382500.0,"상승  7,500",377000.0,386000.0,375500.0,119157.0,크래프톤,259960
2025-05-19,370500.0,"하락  12,000",378500.0,379000.0,367500.0,111417.0,크래프톤,259960
2025-05-20,379500.0,"상승  9,000",373500.0,381500.0,370500.0,96758.0,크래프톤,259960
2025-05-21,386000.0,"상승  6,500",379000.0,386000.0,378500.0,115851.0,크래프톤,259960
2025-05-22,380000.0,"하락  6,000",380000.0,384000.0,372500.0,112451.0,크래프톤,259960
2025-05-23,379500.0,하락  500,378500.0,387000.0,377000.0,79591.0,크래프톤,259960
2025-05-26,382500.0,"상승  3,000",380000.0,382500.0,376000.0,64809.0,크래프톤,259960
2025-05-27,381000.0,"하락  1,500",379000.0,384000.0,374500.0,58781.0,크래프톤,259960
2025-05-28,383000.0,"상승  2,000",379000.0,391000.0,379000.0,130035.0,크래프톤,259960
2025-05-29,377500.0,"하락  5,500",385500.0,385500.0,375500.0,121567.0,크래프톤,259960
