날짜,종가,전일비,시가,고가,저가,거래량,회사명,종목코드
2020-03-13,240500.0,"하락  19,000",231000.0,246500.0,224000.0,97335.0,한미약품,128940
2020-03-16,241000.0,상승  500,245000.0,252000.0,240500.0,52595.0,한미약품,128940
2020-03-17,239500.0,"하락  1,500",229000.0,243000.0,229000.0,53917.0,한미약품,128940
2020-03-18,235500.0,"하락  4,000",245000.0,248000.0,235500.0,54574.0,한미약품,128940
2020-03-19,218000.0,"하락  17,500",239500.0,241500.0,213500.0,82505.0,한미약품,128940
2020-03-20,227000.0,"상승  9,000",219500.0,228000.0,214000.0,73900.0,한미약품,128940
2020-03-23,215500.0,"하락  11,500",216000.0,222500.0,213500.0,51487.0,한미약품,128940
2020-03-24,229500.0,"상승  14,000",223000.0,229500.0,219000.0,62513.0,한미약품,128940
2020-03-25,241000.0,"상승  11,500",241000.0,241000.0,235000.0,65397.0,한미약품,128940
2020-03-26,243500.0,"상승  2,500",245500.0,249000.0,237000.0,64190.0,한미약품,128940
2020-03-27,247500.0,"상승  4,000",251000.0,263000.0,240000.0,82328.0,한미약품,128940
2020-03-30,248000.0,상승  500,245500.0,250000.0,240000.0,41786.0,한미약품,128940
2020-03-31,261500.0,"상승  13,500",253000.0,263000.0,250000.0,75733.0,한미약품,128940
2020-04-01,245500.0,"하락  16,000",263000.0,264000.0,245500.0,61523.0,한미약품,128940
2020-04-02,246000.0,상승  500,243500.0,247500.0,234500.0,52180.0,한미약품,128940
2020-04-03,249000.0,"상승  3,000",245000.0,254000.0,245000.0,42953.0,한미약품,128940
2020-04-06,258000.0,"상승  9,000",253500.0,260500.0,253500.0,42740.0,한미약품,128940
2020-04-07,262500.0,"상승  4,500",267000.0,267000.0,258000.0,59290.0,한미약품,128940
2020-04-08,263500.0,"상승  1,000",261500.0,267500.0,259000.0,44532.0,한미약품,128940
2020-04-09,261000.0,"하락  2,500",265000.0,265500.0,258000.0,58177.0,한미약품,128940
2020-04-10,260000.0,"하락  1,000",262000.0,262000.0,256500.0,36648.0,한미약품,128940
2020-04-13,258500.0,"하락  1,500",259500.0,263500.0,257500.0,35945.0,한미약품,128940
2020-04-14,260500.0,"상승  2,000",259000.0,263000.0,256000.0,45457.0,한미약품,128940
2020-04-16,259000.0,"하락  1,500",257000.0,262000.0,256500.0,36353.0,한미약품,128940
2020-04-17,262000.0,"상승  3,000",260500.0,263000.0,260000.0,45628.0,한미약품,128940
2020-04-20,263000.0,"상승  1,000",262500.0,266000.0,262000.0,38418.0,한미약품,128940
2020-04-21,258500.0,"하락  4,500",265000.0,268000.0,251500.0,65689.0,한미약품,128940
2020-04-22,257500.0,"하락  1,000",256500.0,258500.0,253000.0,40551.0,한미약품,128940
2020-04-23,259500.0,"상승  2,000",256500.0,260000.0,256000.0,36399.0,한미약품,128940
2020-04-24,254000.0,"하락  5,500",258000.0,259500.0,252500.0,33198.0,한미약품,128940
2020-04-27,255000.0,"상승  1,000",255000.0,257000.0,253000.0,27910.0,한미약품,128940
2020-04-28,255500.0,상승  500,256500.0,258000.0,253000.0,42266.0,한미약품,128940
2020-04-29,259000.0,"상승  3,500",256500.0,261500.0,256500.0,45453.0,한미약품,128940
2020-05-04,253000.0,"하락  6,000",255000.0,258000.0,252000.0,42500.0,한미약품,128940
2020-05-06,256500.0,"상승  3,500",255500.0,257500.0,253000.0,28328.0,한미약품,128940
2020-05-07,259000.0,"상승  2,500",254500.0,259500.0,254500.0,26029.0,한미약품,128940
2020-05-08,276000.0,"상승  17,000",261500.0,283000.0,261000.0,154534.0,한미약품,128940
2020-05-11,271000.0,"하락  5,000",281000.0,281000.0,270500.0,60670.0,한미약품,128940
2020-05-12,278500.0,"상승  7,500",271000.0,282500.0,269000.0,91532.0,한미약품,128940
2020-05-13,279000.0,상승  500,277500.0,284500.0,275000.0,69321.0,한미약품,128940
2020-05-14,252500.0,"하락  26,500",250000.0,265000.0,245000.0,354250.0,한미약품,128940
2020-05-15,245000.0,"하락  7,500",249500.0,249500.0,241000.0,126947.0,한미약품,128940
2020-05-18,243500.0,"하락  1,500",250000.0,250500.0,243000.0,73170.0,한미약품,128940
2020-05-19,244000.0,상승  500,246500.0,247500.0,243000.0,74764.0,한미약품,128940
2020-05-20,244000.0,보합0,244000.0,245500.0,243000.0,51622.0,한미약품,128940
2020-05-21,246500.0,"상승  2,500",245000.0,246500.0,242000.0,66274.0,한미약품,128940
2020-05-22,243000.0,"하락  3,500",246500.0,246500.0,242500.0,45730.0,한미약품,128940
2020-05-25,241000.0,"하락  2,000",244500.0,245000.0,240000.0,37536.0,한미약품,128940
2020-05-26,243000.0,"상승  2,000",242000.0,244000.0,241000.0,37901.0,한미약품,128940
2020-05-27,241500.0,"하락  1,500",243000.0,243500.0,241000.0,38794.0,한미약품,128940
2020-05-28,239500.0,"하락  2,000",241500.0,243500.0,238000.0,60759.0,한미약품,128940
2020-05-29,237000.0,"하락  2,500",239000.0,240000.0,237000.0,58451.0,한미약품,128940
2020-06-01,240500.0,"상승  3,500",237000.0,242000.0,234500.0,73462.0,한미약품,128940
2020-06-02,243500.0,"상승  3,000",239500.0,245000.0,238000.0,71202.0,한미약품,128940
2020-06-03,246000.0,"상승  2,500",246000.0,250000.0,244500.0,103116.0,한미약품,128940
2020-06-04,246500.0,상승  500,248000.0,249000.0,244000.0,62858.0,한미약품,128940
2020-06-05,260500.0,"상승  14,000",247500.0,268500.0,247500.0,197246.0,한미약품,128940
2020-06-08,263000.0,"상승  2,500",264500.0,267500.0,259000.0,133338.0,한미약품,128940
2020-06-09,263000.0,보합0,262000.0,263500.0,257500.0,82025.0,한미약품,128940
2020-06-10,264000.0,"상승  1,000",263500.0,266500.0,261500.0,54852.0,한미약품,128940
2020-06-11,263000.0,"하락  1,000",262500.0,269000.0,260000.0,118424.0,한미약품,128940
2020-06-12,257500.0,"하락  5,500",250000.0,258500.0,250000.0,85613.0,한미약품,128940
2020-06-15,256000.0,"하락  1,500",255000.0,276000.0,251000.0,281916.0,한미약품,128940
2020-06-16,266500.0,"상승  10,500",264000.0,269500.0,259000.0,115445.0,한미약품,128940
2020-06-17,264500.0,"하락  2,000",265000.0,269000.0,258000.0,95167.0,한미약품,128940
2020-06-18,265500.0,"상승  1,000",267500.0,268500.0,263000.0,79763.0,한미약품,128940
2020-06-19,260000.0,"하락  5,500",268000.0,268000.0,258000.0,59516.0,한미약품,128940
2020-06-22,257000.0,"하락  3,000",260000.0,263500.0,256000.0,47219.0,한미약품,128940
2020-06-23,253500.0,"하락  3,500",257500.0,259500.0,252000.0,62241.0,한미약품,128940
2020-06-24,257000.0,"상승  3,500",256000.0,258500.0,253000.0,46187.0,한미약품,128940
2020-06-25,253000.0,"하락  4,000",256500.0,261500.0,253000.0,48941.0,한미약품,128940
2020-06-26,254000.0,"상승  1,000",254000.0,257000.0,251500.0,45955.0,한미약품,128940
2020-06-29,245000.0,"하락  9,000",251000.0,251500.0,245000.0,69473.0,한미약품,128940
2020-06-30,243500.0,"하락  1,500",246500.0,246500.0,243000.0,46388.0,한미약품,128940
2020-07-01,244500.0,"상승  1,000",245000.0,245500.0,242000.0,28509.0,한미약품,128940
2020-07-02,245500.0,"상승  1,000",246000.0,252000.0,245000.0,46634.0,한미약품,128940
2020-07-03,248500.0,"상승  3,000",246500.0,248500.0,244500.0,30467.0,한미약품,128940
2020-07-06,245500.0,"하락  3,000",248500.0,249500.0,245000.0,45624.0,한미약품,128940
2020-07-07,244500.0,"하락  1,000",245500.0,248000.0,244000.0,45542.0,한미약품,128940
2020-07-08,243500.0,"하락  1,000",243000.0,245000.0,241500.0,45638.0,한미약품,128940
2020-07-09,241000.0,"하락  2,500",243500.0,244000.0,239000.0,84987.0,한미약품,128940
2020-07-10,238000.0,"하락  3,000",241500.0,242500.0,237500.0,48616.0,한미약품,128940
2020-07-13,237000.0,"하락  1,000",239500.0,239500.0,236500.0,43860.0,한미약품,128940
2020-07-14,238500.0,"상승  1,500",236000.0,241000.0,236000.0,40018.0,한미약품,128940
2020-07-15,237500.0,"하락  1,000",239500.0,240500.0,237000.0,42194.0,한미약품,128940
2020-07-16,251000.0,"상승  13,500",241000.0,252000.0,238500.0,141164.0,한미약품,128940
2020-07-17,249000.0,"하락  2,000",256500.0,256500.0,246500.0,58778.0,한미약품,128940
2020-07-20,248500.0,하락  500,249000.0,253000.0,245000.0,42633.0,한미약품,128940
2020-07-21,246000.0,"하락  2,500",248500.0,251000.0,246000.0,62305.0,한미약품,128940
2020-07-22,245000.0,"하락  1,000",246000.0,247500.0,243500.0,40859.0,한미약품,128940
2020-07-23,251500.0,"상승  6,500",245000.0,256000.0,243000.0,99128.0,한미약품,128940
2020-07-24,250000.0,"하락  1,500",251500.0,257500.0,248000.0,89855.0,한미약품,128940
2020-07-27,247000.0,"하락  3,000",250000.0,252000.0,247000.0,38484.0,한미약품,128940
2020-07-28,284500.0,"상승  37,500",247500.0,306500.0,247500.0,1627889.0,한미약품,128940
2020-07-29,263500.0,"하락  21,000",273000.0,274500.0,262000.0,236540.0,한미약품,128940
2020-07-30,258000.0,"하락  5,500",262000.0,262000.0,256000.0,110774.0,한미약품,128940
2020-07-31,263500.0,"상승  5,500",257500.0,267000.0,257500.0,107482.0,한미약품,128940
2020-08-03,271500.0,"상승  8,000",268000.0,299000.0,266500.0,630691.0,한미약품,128940
2020-08-04,277500.0,"상승  6,000",273000.0,284500.0,266500.0,265243.0,한미약품,128940
2020-08-05,360500.0,"상한가  83,000",360500.0,360500.0,358000.0,514265.0,한미약품,128940
2020-08-06,355500.0,"하락  5,000",378500.0,430000.0,351500.0,2818634.0,한미약품,128940
2020-08-07,353500.0,"하락  2,000",364000.0,377000.0,343000.0,600912.0,한미약품,128940
2020-08-10,324500.0,"하락  29,000",345500.0,346500.0,320500.0,667247.0,한미약품,128940
2020-08-11,319500.0,"하락  5,000",321000.0,330500.0,317500.0,240139.0,한미약품,128940
2020-08-12,321500.0,"상승  2,000",320500.0,327000.0,316000.0,154253.0,한미약품,128940
2020-08-13,313500.0,"하락  8,000",322000.0,323500.0,313000.0,174411.0,한미약품,128940
2020-08-14,306500.0,"하락  7,000",313000.0,314500.0,303000.0,126477.0,한미약품,128940
2020-08-18,291500.0,"하락  15,000",310000.0,311500.0,289500.0,176877.0,한미약품,128940
2020-08-19,296500.0,"상승  5,000",291500.0,302000.0,291500.0,93254.0,한미약품,128940
2020-08-20,299000.0,"상승  2,500",300000.0,311000.0,296000.0,180564.0,한미약품,128940
2020-08-21,289500.0,"하락  9,500",301000.0,303000.0,286500.0,122597.0,한미약품,128940
2020-08-24,294000.0,"상승  4,500",289500.0,295000.0,284500.0,69272.0,한미약품,128940
2020-08-25,307000.0,"상승  13,000",294000.0,307000.0,291000.0,139237.0,한미약품,128940
2020-08-26,317000.0,"상승  10,000",307000.0,317500.0,301000.0,142210.0,한미약품,128940
2020-08-27,304000.0,"하락  13,000",313500.0,315000.0,304000.0,103383.0,한미약품,128940
2020-08-28,313500.0,"상승  9,500",308000.0,318000.0,306500.0,124155.0,한미약품,128940
2020-08-31,306500.0,"하락  7,000",320000.0,322000.0,306000.0,136640.0,한미약품,128940
2020-09-01,304500.0,"하락  2,000",306500.0,308500.0,300500.0,67783.0,한미약품,128940
2020-09-02,309000.0,"상승  4,500",319000.0,325000.0,306000.0,153008.0,한미약품,128940
2020-09-03,306000.0,"하락  3,000",312000.0,313500.0,305000.0,84350.0,한미약품,128940
2020-09-04,300000.0,"하락  6,000",296500.0,301000.0,296000.0,71537.0,한미약품,128940
2020-09-07,302000.0,"상승  2,000",302000.0,302500.0,297500.0,52317.0,한미약품,128940
2020-09-08,304500.0,"상승  2,500",302000.0,310000.0,301000.0,73201.0,한미약품,128940
2020-09-09,294500.0,"하락  10,000",295000.0,298500.0,294000.0,87266.0,한미약품,128940
2020-09-10,291500.0,"하락  3,000",295500.0,296000.0,287000.0,91407.0,한미약품,128940
2020-09-11,293000.0,"상승  1,500",290000.0,293000.0,287500.0,41523.0,한미약품,128940
2020-09-14,293000.0,보합0,295500.0,295500.0,291500.0,32206.0,한미약품,128940
2020-09-15,292000.0,"하락  1,000",289500.0,294000.0,288000.0,38183.0,한미약품,128940
2020-09-16,292500.0,상승  500,290000.0,297000.0,290000.0,45749.0,한미약품,128940
2020-09-17,288500.0,"하락  4,000",293000.0,295000.0,288500.0,47429.0,한미약품,128940
2020-09-18,288500.0,보합0,288500.0,289500.0,285500.0,39836.0,한미약품,128940
2020-09-21,295000.0,"상승  6,500",287500.0,295000.0,287000.0,65696.0,한미약품,128940
2020-09-22,285500.0,"하락  9,500",293500.0,295500.0,285000.0,56621.0,한미약품,128940
2020-09-23,276000.0,"하락  9,500",285500.0,287000.0,275000.0,83710.0,한미약품,128940
2020-09-24,262000.0,"하락  14,000",271500.0,272000.0,260000.0,80286.0,한미약품,128940
2020-09-25,262000.0,보합0,264500.0,268000.0,260500.0,47222.0,한미약품,128940
2020-09-28,267000.0,"상승  5,000",264500.0,271000.0,263000.0,34776.0,한미약품,128940
2020-09-29,273500.0,"상승  6,500",275500.0,276500.0,270500.0,48690.0,한미약품,128940
2020-10-05,273500.0,보합0,275500.0,275500.0,269500.0,24295.0,한미약품,128940
2020-10-06,286000.0,"상승  12,500",274500.0,296000.0,274500.0,98198.0,한미약품,128940
2020-10-07,288000.0,"상승  2,000",285000.0,289000.0,281000.0,31546.0,한미약품,128940
2020-10-08,287500.0,하락  500,295500.0,297000.0,285500.0,61125.0,한미약품,128940
2020-10-12,286000.0,"하락  1,500",289500.0,290000.0,285000.0,27601.0,한미약품,128940
2020-10-13,278000.0,"하락  8,000",286000.0,286500.0,278000.0,38301.0,한미약품,128940
2020-10-14,274500.0,"하락  3,500",278000.0,279000.0,274000.0,34651.0,한미약품,128940
2020-10-15,267500.0,"하락  7,000",275000.0,275000.0,266000.0,40406.0,한미약품,128940
2020-10-16,282000.0,"상승  14,500",269500.0,285000.0,269000.0,68431.0,한미약품,128940
2020-10-19,278500.0,"하락  3,500",281500.0,286500.0,278500.0,44482.0,한미약품,128940
2020-10-20,272000.0,"하락  6,500",277000.0,278000.0,269000.0,42087.0,한미약품,128940
2020-10-21,273000.0,"상승  1,000",272000.0,276500.0,270500.0,27976.0,한미약품,128940
2020-10-22,271000.0,"하락  2,000",271500.0,271500.0,267500.0,33935.0,한미약품,128940
2020-10-23,283500.0,"상승  12,500",271000.0,287500.0,268000.0,68407.0,한미약품,128940
2020-10-26,275500.0,"하락  8,000",279500.0,281000.0,273000.0,49375.0,한미약품,128940
2020-10-27,271000.0,"하락  4,500",273000.0,278000.0,270000.0,41807.0,한미약품,128940
2020-10-28,273500.0,"상승  2,500",269000.0,274000.0,269000.0,22665.0,한미약품,128940
2020-10-29,270000.0,"하락  3,500",267500.0,271500.0,267500.0,34736.0,한미약품,128940
2020-10-30,262500.0,"하락  7,500",269000.0,270000.0,262500.0,45051.0,한미약품,128940
2020-11-02,269000.0,"상승  6,500",264000.0,277000.0,264000.0,52951.0,한미약품,128940
2020-11-03,282500.0,"상승  13,500",270500.0,284500.0,270000.0,92186.0,한미약품,128940
2020-11-04,283000.0,상승  500,285000.0,285000.0,279500.0,50878.0,한미약품,128940
2020-11-05,286500.0,"상승  3,500",284000.0,289500.0,283500.0,58881.0,한미약품,128940
2020-11-06,285000.0,"하락  1,500",287000.0,288000.0,281500.0,39482.0,한미약품,128940
2020-11-09,286000.0,"상승  1,000",287500.0,290000.0,285000.0,45565.0,한미약품,128940
2020-11-10,289000.0,"상승  3,000",287000.0,290000.0,283000.0,58853.0,한미약품,128940
2020-11-11,289500.0,상승  500,290500.0,290500.0,285000.0,46141.0,한미약품,128940
2020-11-12,288000.0,"하락  1,500",290000.0,290500.0,285000.0,47792.0,한미약품,128940
2020-11-13,284000.0,"하락  4,000",285000.0,287500.0,281500.0,31343.0,한미약품,128940
2020-11-16,283500.0,하락  500,283500.0,287500.0,282000.0,32117.0,한미약품,128940
2020-11-17,291000.0,"상승  7,500",284000.0,292000.0,284000.0,70299.0,한미약품,128940
2020-11-18,312500.0,"상승  21,500",289500.0,313000.0,289000.0,283849.0,한미약품,128940
2020-11-19,327500.0,"상승  15,000",313500.0,330000.0,306500.0,272999.0,한미약품,128940
2020-11-20,327500.0,보합0,327500.0,332000.0,321500.0,109402.0,한미약품,128940
2020-11-23,326500.0,"하락  1,000",327500.0,329000.0,316000.0,110899.0,한미약품,128940
2020-11-24,315000.0,"하락  11,500",326500.0,326500.0,314500.0,95644.0,한미약품,128940
2020-11-25,325500.0,"상승  10,500",313500.0,327000.0,312000.0,161534.0,한미약품,128940
2020-11-26,329500.0,"상승  4,000",349000.0,360500.0,328000.0,656927.0,한미약품,128940
2020-11-27,356500.0,"상승  27,000",331000.0,357000.0,331000.0,444284.0,한미약품,128940
2020-11-30,358500.0,"상승  2,000",365000.0,372500.0,354000.0,344391.0,한미약품,128940
2020-12-01,372000.0,"상승  13,500",364500.0,372500.0,346000.0,244075.0,한미약품,128940
2020-12-02,373000.0,"상승  1,000",367500.0,375000.0,364500.0,108225.0,한미약품,128940
2020-12-03,356500.0,"하락  16,500",372000.0,372000.0,356000.0,185258.0,한미약품,128940
2020-12-04,370000.0,"상승  13,500",358500.0,375500.0,350500.0,276711.0,한미약품,128940
2020-12-07,375000.0,"상승  5,000",371500.0,384000.0,367500.0,286361.0,한미약품,128940
2020-12-08,360000.0,"하락  15,000",382500.0,395500.0,359000.0,394297.0,한미약품,128940
2020-12-09,359500.0,하락  500,364500.0,367500.0,351000.0,123343.0,한미약품,128940
2020-12-10,352000.0,"하락  7,500",355000.0,363500.0,347000.0,197684.0,한미약품,128940
2020-12-11,355000.0,"상승  3,000",355000.0,361000.0,350000.0,149335.0,한미약품,128940
2020-12-14,349000.0,"하락  6,000",352000.0,354500.0,346500.0,86480.0,한미약품,128940
2020-12-15,343000.0,"하락  6,000",349000.0,352000.0,336500.0,165708.0,한미약품,128940
2020-12-16,343000.0,보합0,346000.0,348000.0,343000.0,62728.0,한미약품,128940
2020-12-17,348500.0,"상승  5,500",343000.0,349000.0,340000.0,59068.0,한미약품,128940
2020-12-18,353500.0,"상승  5,000",348500.0,363000.0,347500.0,156820.0,한미약품,128940
2020-12-21,355500.0,"상승  2,000",355000.0,359000.0,347000.0,95327.0,한미약품,128940
2020-12-22,338000.0,"하락  17,500",356500.0,356500.0,337500.0,103708.0,한미약품,128940
2020-12-23,329000.0,"하락  9,000",338000.0,340000.0,324000.0,111728.0,한미약품,128940
2020-12-24,332000.0,"상승  3,000",332000.0,334000.0,325500.0,56572.0,한미약품,128940
2020-12-28,330000.0,"하락  2,000",330500.0,337000.0,328000.0,71426.0,한미약품,128940
2020-12-29,348500.0,"상승  24,500",324000.0,349500.0,324000.0,169190.0,한미약품,128940
2020-12-30,366500.0,"상승  18,000",360500.0,372500.0,358000.0,271094.0,한미약품,128940
2021-01-04,357000.0,"하락  9,500",350000.0,357500.0,344500.0,177992.0,한미약품,128940
2021-01-05,362000.0,"상승  5,000",357500.0,367000.0,350000.0,167221.0,한미약품,128940
2021-01-06,378000.0,"상승  16,000",408000.0,420500.0,376000.0,636828.0,한미약품,128940
2021-01-07,394000.0,"상승  16,000",378000.0,397000.0,371000.0,246771.0,한미약품,128940
2021-01-08,381000.0,"하락  13,000",388500.0,390000.0,379500.0,152334.0,한미약품,128940
2021-01-11,369500.0,"하락  11,500",381000.0,381500.0,365000.0,139857.0,한미약품,128940
2021-01-12,360000.0,"하락  9,500",365000.0,373000.0,354500.0,118769.0,한미약품,128940
2021-01-13,367000.0,"상승  7,000",370500.0,375500.0,364500.0,96960.0,한미약품,128940
2021-01-14,375000.0,"상승  8,000",370500.0,377000.0,359000.0,103722.0,한미약품,128940
2021-01-15,360500.0,"하락  14,500",373500.0,375000.0,360500.0,69437.0,한미약품,128940
2021-01-18,345500.0,"하락  15,000",355500.0,357000.0,345500.0,68405.0,한미약품,128940
2021-01-19,350000.0,"상승  4,500",344500.0,355000.0,341500.0,58325.0,한미약품,128940
2021-01-20,363000.0,"상승  13,000",349000.0,375000.0,348000.0,97948.0,한미약품,128940
2021-01-21,368500.0,"상승  5,500",367000.0,374500.0,361500.0,92461.0,한미약품,128940
2021-01-22,362000.0,"하락  6,500",365500.0,370000.0,360000.0,51556.0,한미약품,128940
2021-01-25,383000.0,"상승  21,000",370000.0,384000.0,370000.0,167129.0,한미약품,128940
2021-01-26,378000.0,"하락  5,000",384000.0,388500.0,377000.0,133436.0,한미약품,128940
2021-01-27,405000.0,"상승  27,000",376500.0,427000.0,376500.0,713054.0,한미약품,128940
2021-01-28,418500.0,"상승  13,500",402500.0,418500.0,388500.0,235203.0,한미약품,128940
2021-01-29,383000.0,"하락  35,500",406000.0,417500.0,382500.0,245144.0,한미약품,128940
2021-02-01,379000.0,"하락  4,000",383000.0,388000.0,371500.0,133194.0,한미약품,128940
2021-02-02,378000.0,"하락  1,000",387000.0,391500.0,377500.0,109572.0,한미약품,128940
2021-02-03,373000.0,"하락  5,000",378000.0,380000.0,364500.0,158309.0,한미약품,128940
2021-02-04,371500.0,"하락  1,500",373000.0,383000.0,368000.0,87643.0,한미약품,128940
2021-02-05,369000.0,"하락  2,500",374500.0,376500.0,366500.0,59204.0,한미약품,128940
2021-02-08,368000.0,"하락  1,000",372000.0,373000.0,366000.0,58467.0,한미약품,128940
2021-02-09,368000.0,보합0,369000.0,373000.0,366000.0,53281.0,한미약품,128940
2021-02-10,360000.0,"하락  8,000",369000.0,371000.0,351500.0,125559.0,한미약품,128940
2021-02-15,371500.0,"상승  11,500",362000.0,373500.0,357500.0,59526.0,한미약품,128940
2021-02-16,364000.0,"하락  7,500",373500.0,374000.0,363500.0,67462.0,한미약품,128940
2021-02-17,358000.0,"하락  6,000",364500.0,365000.0,355000.0,52492.0,한미약품,128940
2021-02-18,351000.0,"하락  7,000",355500.0,361000.0,351000.0,45077.0,한미약품,128940
2021-02-19,345000.0,"하락  6,000",347500.0,353500.0,336000.0,77743.0,한미약품,128940
2021-02-22,341000.0,"하락  4,000",348000.0,348000.0,341000.0,45083.0,한미약품,128940
2021-02-23,336000.0,"하락  5,000",341000.0,344000.0,336000.0,52355.0,한미약품,128940
2021-02-24,336000.0,보합0,338500.0,353500.0,336000.0,106210.0,한미약품,128940
2021-02-25,350000.0,"상승  14,000",340500.0,352500.0,336500.0,68808.0,한미약품,128940
2021-02-26,343000.0,"하락  7,000",341000.0,348000.0,338500.0,71404.0,한미약품,128940
2021-03-02,319000.0,"하락  24,000",315000.0,324500.0,310000.0,246189.0,한미약품,128940
2021-03-03,314500.0,"하락  4,500",315000.0,316500.0,310500.0,90990.0,한미약품,128940
2021-03-04,318500.0,"상승  4,000",311500.0,320000.0,302000.0,110255.0,한미약품,128940
2021-03-05,312000.0,"하락  6,500",313500.0,316000.0,310000.0,51084.0,한미약품,128940
2021-03-08,304500.0,"하락  7,500",314000.0,314500.0,304500.0,39630.0,한미약품,128940
2021-03-09,305000.0,상승  500,307000.0,309000.0,295000.0,50857.0,한미약품,128940
2021-03-10,305500.0,상승  500,308500.0,312000.0,302000.0,29829.0,한미약품,128940
2021-03-11,305500.0,보합0,305500.0,309000.0,302000.0,47961.0,한미약품,128940
2021-03-12,319000.0,"상승  13,500",319500.0,324500.0,315000.0,66747.0,한미약품,128940
2021-03-15,322500.0,"상승  3,500",319500.0,325000.0,315000.0,45654.0,한미약품,128940
2021-03-16,334000.0,"상승  11,500",326000.0,335000.0,324500.0,59295.0,한미약품,128940
2021-03-17,335000.0,"상승  1,000",340000.0,345000.0,333500.0,49836.0,한미약품,128940
2021-03-18,335500.0,상승  500,336000.0,341500.0,333500.0,53640.0,한미약품,128940
2021-03-19,336000.0,상승  500,351500.0,353000.0,335000.0,137055.0,한미약품,128940
2021-03-22,324500.0,"하락  11,500",337000.0,337000.0,323000.0,45928.0,한미약품,128940
2021-03-23,318500.0,"하락  6,000",325500.0,328500.0,318500.0,38701.0,한미약품,128940
2021-03-24,316500.0,"하락  2,000",318000.0,324500.0,315000.0,24749.0,한미약품,128940
2021-03-25,318500.0,"상승  2,000",315000.0,323000.0,313000.0,20922.0,한미약품,128940
2021-03-26,317000.0,"하락  1,500",318500.0,321000.0,317000.0,21492.0,한미약품,128940
2021-03-29,316500.0,하락  500,320000.0,320000.0,310000.0,37508.0,한미약품,128940
2021-03-30,318500.0,"상승  2,000",318000.0,322500.0,314500.0,17843.0,한미약품,128940
2021-03-31,316500.0,"하락  2,000",317500.0,320500.0,315000.0,23096.0,한미약품,128940
2021-04-01,320000.0,"상승  3,500",316500.0,320000.0,315500.0,24920.0,한미약품,128940
2021-04-02,317000.0,"하락  3,000",319500.0,319500.0,315500.0,22372.0,한미약품,128940
2021-04-05,313000.0,"하락  4,000",316500.0,317000.0,311500.0,30661.0,한미약품,128940
2021-04-06,313000.0,보합0,313000.0,316000.0,312000.0,25810.0,한미약품,128940
2021-04-07,329000.0,"상승  16,000",314500.0,331000.0,312000.0,60348.0,한미약품,128940
2021-04-08,327500.0,"하락  1,500",329000.0,329500.0,321500.0,30769.0,한미약품,128940
2021-04-09,329500.0,"상승  2,000",327500.0,337000.0,326000.0,37470.0,한미약품,128940
2021-04-12,342000.0,"상승  12,500",330000.0,342000.0,326500.0,79134.0,한미약품,128940
2021-04-13,346500.0,"상승  4,500",342500.0,351000.0,340000.0,87895.0,한미약품,128940
2021-04-14,342000.0,"하락  4,500",346500.0,347000.0,338000.0,51665.0,한미약품,128940
2021-04-15,358000.0,"상승  16,000",342000.0,368000.0,335500.0,264673.0,한미약품,128940
2021-04-16,353500.0,"하락  4,500",361000.0,361500.0,342500.0,142759.0,한미약품,128940
2021-04-19,356000.0,"상승  2,500",356000.0,362000.0,347500.0,118624.0,한미약품,128940
2021-04-20,356000.0,보합0,353000.0,358000.0,350500.0,55397.0,한미약품,128940
2021-04-21,358500.0,"상승  2,500",355000.0,368000.0,353500.0,141842.0,한미약품,128940
2021-04-22,347000.0,"하락  11,500",361500.0,362000.0,347000.0,83249.0,한미약품,128940
2021-04-23,367500.0,"상승  20,500",344000.0,378000.0,340500.0,243269.0,한미약품,128940
2021-04-26,358000.0,"하락  9,500",365000.0,365500.0,357000.0,104758.0,한미약품,128940
2021-04-27,347500.0,"하락  10,500",360000.0,362000.0,347500.0,65335.0,한미약품,128940
2021-04-28,338500.0,"하락  9,000",352000.0,355500.0,337500.0,74767.0,한미약품,128940
2021-04-29,341000.0,"상승  2,500",345000.0,351500.0,340000.0,68330.0,한미약품,128940
2021-04-30,338000.0,"하락  3,000",344500.0,350500.0,338000.0,53946.0,한미약품,128940
2021-05-03,325500.0,"하락  12,500",335500.0,337500.0,325000.0,45358.0,한미약품,128940
2021-05-04,332500.0,"상승  7,000",322000.0,334500.0,320000.0,44791.0,한미약품,128940
2021-05-06,339000.0,"상승  6,500",335000.0,341500.0,333500.0,52767.0,한미약품,128940
2021-05-07,340500.0,"상승  1,500",342000.0,349000.0,337000.0,52255.0,한미약품,128940
2021-05-10,351000.0,"상승  10,500",342500.0,353500.0,339500.0,65954.0,한미약품,128940
2021-05-11,346500.0,"하락  4,500",351500.0,358500.0,346500.0,63038.0,한미약품,128940
2021-05-12,343000.0,"하락  3,500",346000.0,351000.0,338000.0,56109.0,한미약품,128940
2021-05-13,347500.0,"상승  4,500",342000.0,350000.0,336000.0,68611.0,한미약품,128940
2021-05-14,329000.0,"하락  18,500",341500.0,342500.0,328000.0,130105.0,한미약품,128940
2021-05-17,340000.0,"상승  11,000",330500.0,340000.0,328000.0,72760.0,한미약품,128940
2021-05-18,353500.0,"상승  13,500",339500.0,363500.0,339500.0,228585.0,한미약품,128940
2021-05-20,352500.0,"하락  1,000",357000.0,359000.0,351000.0,59735.0,한미약품,128940
2021-05-21,345500.0,"하락  7,000",354500.0,355000.0,345000.0,41563.0,한미약품,128940
2021-05-24,333500.0,"하락  12,000",341500.0,342000.0,332500.0,65944.0,한미약품,128940
2021-05-25,331500.0,"하락  2,000",334000.0,336000.0,329500.0,62169.0,한미약품,128940
2021-05-26,334000.0,"상승  2,500",331000.0,334000.0,329000.0,38838.0,한미약품,128940
2021-05-27,353000.0,"상승  19,000",335000.0,354500.0,333000.0,127862.0,한미약품,128940
2021-05-28,352500.0,하락  500,352000.0,356500.0,347000.0,58663.0,한미약품,128940
2021-05-31,355500.0,"상승  3,000",356500.0,362000.0,350500.0,69163.0,한미약품,128940
2021-06-01,352000.0,"하락  3,500",356000.0,360000.0,352000.0,42425.0,한미약품,128940
2021-06-02,350500.0,"하락  1,500",353500.0,354000.0,343500.0,55726.0,한미약품,128940
2021-06-03,347000.0,"하락  3,500",348000.0,351500.0,345500.0,33842.0,한미약품,128940
2021-06-04,335000.0,"하락  12,000",346000.0,351500.0,331000.0,123087.0,한미약품,128940
2021-06-07,332000.0,"하락  3,000",338000.0,342000.0,330000.0,62852.0,한미약품,128940
2021-06-08,333500.0,"상승  1,500",333500.0,336500.0,332000.0,35895.0,한미약품,128940
2021-06-09,328000.0,"하락  5,500",334500.0,335500.0,328000.0,50473.0,한미약품,128940
2021-06-10,328000.0,보합0,328500.0,331000.0,322500.0,58734.0,한미약품,128940
2021-06-11,326000.0,"하락  2,000",329000.0,330000.0,325500.0,48823.0,한미약품,128940
2021-06-14,331000.0,"상승  5,000",328000.0,331500.0,326500.0,43862.0,한미약품,128940
2021-06-15,328500.0,"하락  2,500",331000.0,331500.0,326000.0,29956.0,한미약품,128940
2021-06-16,327500.0,"하락  1,000",329000.0,331000.0,326000.0,32566.0,한미약품,128940
2021-06-17,322000.0,"하락  5,500",327500.0,329000.0,318000.0,62218.0,한미약품,128940
2021-06-18,325500.0,"상승  3,500",323500.0,325500.0,321000.0,29115.0,한미약품,128940
2021-06-21,324500.0,"하락  1,000",323000.0,324500.0,319000.0,37464.0,한미약품,128940
2021-06-22,322000.0,"하락  2,500",325500.0,326000.0,322000.0,23878.0,한미약품,128940
2021-06-23,323500.0,"상승  1,500",322000.0,326000.0,322000.0,34388.0,한미약품,128940
2021-06-24,324500.0,"상승  1,000",324500.0,328000.0,323500.0,29891.0,한미약품,128940
2021-06-25,326000.0,"상승  1,500",324500.0,331000.0,323500.0,41647.0,한미약품,128940
2021-06-28,324500.0,"하락  1,500",327000.0,327500.0,322500.0,24617.0,한미약품,128940
2021-06-29,334000.0,"상승  9,500",327000.0,337500.0,325000.0,85855.0,한미약품,128940
2021-06-30,334500.0,상승  500,336000.0,337000.0,330500.0,52917.0,한미약품,128940
2021-07-01,351500.0,"상승  17,000",335500.0,355500.0,331000.0,183953.0,한미약품,128940
2021-07-02,354500.0,"상승  3,000",351500.0,355000.0,346000.0,86328.0,한미약품,128940
2021-07-05,377500.0,"상승  23,000",355000.0,378500.0,349000.0,351700.0,한미약품,128940
2021-07-06,350500.0,"하락  27,000",366000.0,367000.0,350000.0,247888.0,한미약품,128940
2021-07-07,345500.0,"하락  5,000",352000.0,357000.0,341500.0,86434.0,한미약품,128940
2021-07-08,343000.0,"하락  2,500",346000.0,350500.0,340000.0,67411.0,한미약품,128940
2021-07-09,339000.0,"하락  4,000",340000.0,344500.0,337500.0,55259.0,한미약품,128940
2021-07-12,343000.0,"상승  4,000",341000.0,345500.0,339000.0,32548.0,한미약품,128940
2021-07-13,341500.0,"하락  1,500",342500.0,346000.0,341000.0,31441.0,한미약품,128940
2021-07-14,337000.0,"하락  4,500",342000.0,342500.0,336500.0,33459.0,한미약품,128940
2021-07-15,337500.0,상승  500,337500.0,340500.0,337000.0,23742.0,한미약품,128940
2021-07-16,334500.0,"하락  3,000",336500.0,336500.0,333000.0,24589.0,한미약품,128940
2021-07-19,333000.0,"하락  1,500",332500.0,335000.0,329500.0,26315.0,한미약품,128940
2021-07-20,330000.0,"하락  3,000",328500.0,337000.0,328500.0,33885.0,한미약품,128940
2021-07-21,328500.0,"하락  1,500",331000.0,332000.0,328500.0,23224.0,한미약품,128940
2021-07-22,330000.0,"상승  1,500",330000.0,331500.0,327000.0,26888.0,한미약품,128940
2021-07-23,331500.0,"상승  1,500",329500.0,336500.0,329500.0,23624.0,한미약품,128940
2021-07-26,329000.0,"하락  2,500",335000.0,335000.0,329000.0,17238.0,한미약품,128940
2021-07-27,326500.0,"하락  2,500",329500.0,330000.0,326000.0,27735.0,한미약품,128940
2021-07-28,323500.0,"하락  3,000",325500.0,326500.0,321000.0,34470.0,한미약품,128940
2021-07-29,328500.0,"상승  5,000",324500.0,330000.0,324000.0,20411.0,한미약품,128940
2021-07-30,320000.0,"하락  8,500",329000.0,329500.0,320000.0,47684.0,한미약품,128940
2021-08-02,321500.0,"상승  1,500",324000.0,324000.0,317500.0,28918.0,한미약품,128940
2021-08-03,320500.0,"하락  1,000",319000.0,321500.0,318000.0,18149.0,한미약품,128940
2021-08-04,326500.0,"상승  6,000",320000.0,326500.0,320000.0,25499.0,한미약품,128940
2021-08-05,326500.0,보합0,327500.0,334000.0,325000.0,35254.0,한미약품,128940
2021-08-06,331000.0,"상승  4,500",327500.0,332500.0,324500.0,26442.0,한미약품,128940
2021-08-09,318500.0,"하락  12,500",320000.0,322000.0,316500.0,116826.0,한미약품,128940
2021-08-10,318000.0,하락  500,319000.0,321000.0,316500.0,42977.0,한미약품,128940
2021-08-11,322500.0,"상승  4,500",318000.0,324000.0,315500.0,41292.0,한미약품,128940
2021-08-12,319500.0,"하락  3,000",323000.0,325000.0,319500.0,36022.0,한미약품,128940
2021-08-13,315500.0,"하락  4,000",320000.0,324000.0,314500.0,43034.0,한미약품,128940
2021-08-17,310000.0,"하락  5,500",315000.0,319000.0,308000.0,43631.0,한미약품,128940
2021-08-18,310500.0,상승  500,310000.0,313000.0,307500.0,17774.0,한미약품,128940
2021-08-19,300000.0,"하락  10,500",308500.0,313000.0,300000.0,43354.0,한미약품,128940
2021-08-20,293500.0,"하락  6,500",299500.0,302500.0,292500.0,50321.0,한미약품,128940
2021-08-23,301500.0,"상승  8,000",294500.0,305500.0,294000.0,28620.0,한미약품,128940
2021-08-24,308500.0,"상승  7,000",304500.0,311000.0,304000.0,34978.0,한미약품,128940
2021-08-25,308000.0,하락  500,306000.0,309000.0,304500.0,21852.0,한미약품,128940
2021-08-26,304000.0,"하락  4,000",308000.0,311000.0,304000.0,27776.0,한미약품,128940
2021-08-27,306500.0,"상승  2,500",304500.0,309000.0,303500.0,21108.0,한미약품,128940
2021-08-30,305500.0,"하락  1,000",310500.0,311500.0,305500.0,23847.0,한미약품,128940
2021-08-31,309000.0,"상승  3,500",305500.0,309000.0,301000.0,50442.0,한미약품,128940
2021-09-01,312500.0,"상승  3,500",307000.0,314500.0,306000.0,33808.0,한미약품,128940
2021-09-02,310500.0,"하락  2,000",312500.0,316000.0,310000.0,27377.0,한미약품,128940
2021-09-03,313000.0,"상승  2,500",311500.0,316500.0,311000.0,27272.0,한미약품,128940
2021-09-06,310500.0,"하락  2,500",313000.0,313500.0,310000.0,16773.0,한미약품,128940
2021-09-07,308500.0,"하락  2,000",310500.0,311000.0,305500.0,22438.0,한미약품,128940
2021-09-08,304500.0,"하락  4,000",306000.0,309000.0,304500.0,28028.0,한미약품,128940
2021-09-09,301000.0,"하락  3,500",303000.0,306500.0,300500.0,33736.0,한미약품,128940
2021-09-10,300000.0,"하락  1,000",300000.0,302500.0,298000.0,19189.0,한미약품,128940
2021-09-13,303500.0,"상승  3,500",300500.0,304000.0,300000.0,18779.0,한미약품,128940
2021-09-14,302500.0,"하락  1,000",304500.0,305500.0,302000.0,18496.0,한미약품,128940
2021-09-15,303000.0,상승  500,301000.0,304500.0,301000.0,13721.0,한미약품,128940
2021-09-16,299500.0,"하락  3,500",303000.0,304000.0,299500.0,19367.0,한미약품,128940
2021-09-17,301000.0,"상승  1,500",299000.0,301000.0,297500.0,20470.0,한미약품,128940
2021-09-23,297000.0,"하락  4,000",298000.0,300500.0,296000.0,25950.0,한미약품,128940
2021-09-24,295000.0,"하락  2,000",297500.0,298000.0,294000.0,25887.0,한미약품,128940
2021-09-27,286500.0,"하락  8,500",293000.0,296000.0,286000.0,51768.0,한미약품,128940
2021-09-28,275500.0,"하락  11,000",286500.0,286500.0,275000.0,95073.0,한미약품,128940
2021-09-29,273000.0,"하락  2,500",268500.0,274000.0,268500.0,47866.0,한미약품,128940
2021-09-30,275000.0,"상승  2,000",271000.0,278500.0,268500.0,31175.0,한미약품,128940
2021-10-01,266000.0,"하락  9,000",270000.0,274000.0,265000.0,46563.0,한미약품,128940
2021-10-05,258500.0,"하락  7,500",263000.0,267000.0,258500.0,39684.0,한미약품,128940
2021-10-06,251000.0,"하락  7,500",258000.0,262500.0,251000.0,35192.0,한미약품,128940
2021-10-07,262000.0,"상승  11,000",251500.0,263000.0,251500.0,34848.0,한미약품,128940
2021-10-08,260500.0,"하락  1,500",258000.0,263000.0,258000.0,22303.0,한미약품,128940
2021-10-12,257000.0,"하락  3,500",260000.0,261500.0,253000.0,22151.0,한미약품,128940
2021-10-13,264000.0,"상승  7,000",257000.0,271500.0,257000.0,29766.0,한미약품,128940
2021-10-14,269500.0,"상승  5,500",264500.0,272000.0,264500.0,25188.0,한미약품,128940
2021-10-15,270500.0,"상승  1,000",268500.0,273500.0,267500.0,22254.0,한미약품,128940
2021-10-18,269500.0,"하락  1,000",273000.0,274000.0,266500.0,18798.0,한미약품,128940
2021-10-19,274000.0,"상승  4,500",271000.0,275500.0,270000.0,18198.0,한미약품,128940
2021-10-20,272500.0,"하락  1,500",272500.0,276000.0,271000.0,12380.0,한미약품,128940
2021-10-21,277000.0,"상승  4,500",271500.0,278000.0,270500.0,23810.0,한미약품,128940
2021-10-22,273500.0,"하락  3,500",277000.0,277500.0,272000.0,16792.0,한미약품,128940
2021-10-25,273000.0,하락  500,271500.0,274000.0,268000.0,15710.0,한미약품,128940
2021-10-26,276500.0,"상승  3,500",273000.0,276500.0,273000.0,14668.0,한미약품,128940
2021-10-27,273000.0,"하락  3,500",277000.0,277000.0,272500.0,10660.0,한미약품,128940
2021-10-28,268500.0,"하락  4,500",273500.0,274000.0,268500.0,19223.0,한미약품,128940
2021-10-29,264000.0,"하락  4,500",269500.0,270500.0,262000.0,24534.0,한미약품,128940
2021-11-01,270000.0,"상승  6,000",265000.0,272000.0,264500.0,19458.0,한미약품,128940
2021-11-02,274000.0,"상승  4,000",270500.0,277000.0,270500.0,18931.0,한미약품,128940
2021-11-03,273000.0,"하락  1,000",274000.0,276000.0,270500.0,17374.0,한미약품,128940
2021-11-04,273000.0,보합0,275000.0,280000.0,272000.0,21763.0,한미약품,128940
2021-11-05,281500.0,"상승  8,500",287000.0,289500.0,274500.0,102119.0,한미약품,128940
2021-11-08,278000.0,"하락  3,500",279500.0,284000.0,276000.0,30043.0,한미약품,128940
2021-11-09,278000.0,보합0,278500.0,281500.0,275500.0,25709.0,한미약품,128940
2021-11-10,270500.0,"하락  7,500",275500.0,280000.0,270000.0,26748.0,한미약품,128940
2021-11-11,266000.0,"하락  4,500",268500.0,271000.0,264000.0,32539.0,한미약품,128940
2021-11-12,268500.0,"상승  2,500",267500.0,273000.0,266500.0,23164.0,한미약품,128940
2021-11-15,276000.0,"상승  7,500",268500.0,277500.0,267000.0,22984.0,한미약품,128940
2021-11-16,274000.0,"하락  2,000",274500.0,277500.0,271500.0,29673.0,한미약품,128940
2021-11-17,268000.0,"하락  6,000",274500.0,277000.0,267000.0,32851.0,한미약품,128940
2021-11-18,263000.0,"하락  5,000",267000.0,268000.0,263000.0,22259.0,한미약품,128940
2021-11-19,264000.0,"상승  1,000",260000.0,266000.0,260000.0,21257.0,한미약품,128940
2021-11-22,267000.0,"상승  3,000",261500.0,267000.0,261000.0,18317.0,한미약품,128940
2021-11-23,265500.0,"하락  1,500",263000.0,272000.0,262500.0,21409.0,한미약품,128940
2021-11-24,268500.0,"상승  3,000",265500.0,270500.0,265000.0,18894.0,한미약품,128940
2021-11-25,266500.0,"하락  2,000",267000.0,269500.0,266000.0,14413.0,한미약품,128940
2021-11-26,267000.0,상승  500,266500.0,271000.0,265000.0,19917.0,한미약품,128940
2021-11-29,261000.0,"하락  6,000",260000.0,271000.0,260000.0,25300.0,한미약품,128940
2021-11-30,252500.0,"하락  8,500",261500.0,262500.0,250500.0,52637.0,한미약품,128940
2021-12-01,253000.0,상승  500,256000.0,256000.0,250500.0,28977.0,한미약품,128940
2021-12-02,262500.0,"상승  9,500",248500.0,265500.0,248500.0,30954.0,한미약품,128940
2021-12-03,262500.0,보합0,260000.0,266000.0,258500.0,26453.0,한미약품,128940
2021-12-06,265000.0,"상승  2,500",265000.0,266000.0,256000.0,29655.0,한미약품,128940
2021-12-07,276500.0,"상승  11,500",273000.0,278500.0,264500.0,81241.0,한미약품,128940
2021-12-08,273000.0,"하락  3,500",276500.0,280500.0,271000.0,41603.0,한미약품,128940
2021-12-09,280500.0,"상승  7,500",272000.0,281000.0,272000.0,46680.0,한미약품,128940
2021-12-10,280500.0,보합0,278500.0,283000.0,277500.0,24094.0,한미약품,128940
2021-12-13,276000.0,"하락  4,500",282500.0,282500.0,275000.0,22691.0,한미약품,128940
2021-12-14,278000.0,"상승  2,000",274000.0,282500.0,273500.0,26919.0,한미약품,128940
2021-12-15,276000.0,"하락  2,000",279500.0,280000.0,275000.0,12204.0,한미약품,128940
2021-12-16,276000.0,보합0,276000.0,278500.0,271000.0,17078.0,한미약품,128940
2021-12-17,281000.0,"상승  5,000",276500.0,282000.0,276500.0,24872.0,한미약품,128940
2021-12-20,278000.0,"하락  3,000",280000.0,280500.0,275000.0,18771.0,한미약품,128940
2021-12-21,281000.0,"상승  3,000",279500.0,282000.0,276500.0,23038.0,한미약품,128940
2021-12-22,278000.0,"하락  3,000",280000.0,280500.0,277500.0,11452.0,한미약품,128940
2021-12-23,278000.0,보합0,279000.0,279500.0,274500.0,16029.0,한미약품,128940
2021-12-24,277000.0,"하락  1,000",278000.0,282500.0,276000.0,18051.0,한미약품,128940
2021-12-27,293500.0,"상승  16,500",278000.0,294500.0,277500.0,82003.0,한미약품,128940
2021-12-28,288500.0,"하락  5,000",290000.0,292500.0,287000.0,38026.0,한미약품,128940
2021-12-29,275500.0,"하락  7,500",283500.0,286000.0,275500.0,30797.0,한미약품,128940
2021-12-30,276000.0,상승  500,276500.0,281000.0,273500.0,26965.0,한미약품,128940
2022-01-03,285000.0,"상승  9,000",279500.0,288000.0,276500.0,33717.0,한미약품,128940
2022-01-04,278000.0,"하락  7,000",286000.0,287500.0,278000.0,29957.0,한미약품,128940
2022-01-05,272500.0,"하락  5,500",278000.0,278000.0,271500.0,26557.0,한미약품,128940
2022-01-06,261500.0,"하락  11,000",272000.0,272000.0,260000.0,40123.0,한미약품,128940
2022-01-07,264000.0,"상승  2,500",261500.0,267000.0,261000.0,17031.0,한미약품,128940
2022-01-10,262500.0,"하락  1,500",264000.0,270000.0,260000.0,19332.0,한미약품,128940
2022-01-11,264000.0,"상승  1,500",263500.0,269500.0,263000.0,19096.0,한미약품,128940
2022-01-12,269500.0,"상승  5,500",264500.0,270000.0,263500.0,22962.0,한미약품,128940
2022-01-13,268000.0,"하락  1,500",269500.0,271000.0,266000.0,25174.0,한미약품,128940
2022-01-14,264000.0,"하락  4,000",268000.0,268500.0,262500.0,22458.0,한미약품,128940
2022-01-17,256500.0,"하락  7,500",264000.0,265500.0,255000.0,27639.0,한미약품,128940
2022-01-18,255000.0,"하락  1,500",257000.0,259500.0,252000.0,23575.0,한미약품,128940
2022-01-19,251500.0,"하락  3,500",251500.0,256500.0,251500.0,20466.0,한미약품,128940
2022-01-20,258500.0,"상승  7,000",253000.0,258500.0,250000.0,19809.0,한미약품,128940
2022-01-21,259500.0,"상승  1,000",268000.0,278000.0,258500.0,89275.0,한미약품,128940
2022-01-24,256000.0,"하락  3,500",259000.0,262000.0,254000.0,25360.0,한미약품,128940
2022-01-25,247000.0,"하락  9,000",255000.0,257000.0,244500.0,46608.0,한미약품,128940
2022-01-26,244000.0,"하락  3,000",247000.0,251000.0,244000.0,22899.0,한미약품,128940
2022-01-27,233000.0,"하락  11,000",244000.0,247000.0,232500.0,46324.0,한미약품,128940
2022-01-28,247000.0,"상승  14,000",233000.0,247000.0,233000.0,42511.0,한미약품,128940
2022-02-03,255000.0,"상승  8,000",252000.0,257000.0,250000.0,31127.0,한미약품,128940
2022-02-04,256000.0,"상승  1,000",255000.0,258500.0,253500.0,22102.0,한미약품,128940
2022-02-07,252500.0,"하락  3,500",256500.0,257000.0,249000.0,17835.0,한미약품,128940
2022-02-08,261500.0,"상승  9,000",256500.0,262500.0,253000.0,37637.0,한미약품,128940
2022-02-09,261000.0,하락  500,264500.0,265000.0,258000.0,19217.0,한미약품,128940
2022-02-10,260500.0,하락  500,258500.0,265000.0,258500.0,20278.0,한미약품,128940
2022-02-11,259000.0,"하락  1,500",258000.0,260000.0,254000.0,15221.0,한미약품,128940
2022-02-14,255000.0,"하락  4,000",257500.0,259000.0,252000.0,18729.0,한미약품,128940
2022-02-15,251000.0,"하락  4,000",255000.0,255500.0,250000.0,17727.0,한미약품,128940
2022-02-16,259500.0,"상승  8,500",252500.0,262000.0,252500.0,18590.0,한미약품,128940
2022-02-17,257000.0,"하락  2,500",261500.0,262500.0,253500.0,18829.0,한미약품,128940
2022-02-18,260500.0,"상승  3,500",253500.0,262000.0,253500.0,13319.0,한미약품,128940
2022-02-21,263000.0,"상승  2,500",256000.0,265000.0,256000.0,15596.0,한미약품,128940
2022-02-22,259000.0,"하락  4,000",260000.0,262000.0,255500.0,20850.0,한미약품,128940
2022-02-23,261000.0,"상승  2,000",262000.0,264000.0,257000.0,14342.0,한미약품,128940
2022-02-24,253000.0,"하락  8,000",257000.0,260000.0,251000.0,24120.0,한미약품,128940
2022-02-25,255000.0,"상승  2,000",255000.0,257000.0,253000.0,20032.0,한미약품,128940
2022-02-28,265000.0,"상승  10,000",257000.0,265000.0,255000.0,31143.0,한미약품,128940
2022-03-02,263500.0,"하락  1,500",264500.0,266500.0,261000.0,18015.0,한미약품,128940
2022-03-03,266000.0,"상승  2,500",265500.0,267000.0,263500.0,14790.0,한미약품,128940
2022-03-04,263500.0,"하락  2,500",266000.0,266000.0,262000.0,9175.0,한미약품,128940
2022-03-07,257000.0,"하락  6,500",257500.0,260000.0,255500.0,18364.0,한미약품,128940
2022-03-08,267000.0,"상승  10,000",257000.0,271500.0,255000.0,46564.0,한미약품,128940
2022-03-10,271000.0,"상승  4,000",270500.0,271000.0,267500.0,28053.0,한미약품,128940
2022-03-11,269500.0,"하락  1,500",273000.0,277500.0,269500.0,30950.0,한미약품,128940
2022-03-14,264500.0,"하락  5,000",268000.0,270500.0,262000.0,20027.0,한미약품,128940
2022-03-15,271000.0,"상승  6,500",263000.0,271000.0,262000.0,19767.0,한미약품,128940
2022-03-16,280000.0,"상승  9,000",273000.0,282000.0,272000.0,53415.0,한미약품,128940
2022-03-17,278500.0,"하락  1,500",282500.0,284000.0,278500.0,32643.0,한미약품,128940
2022-03-18,284000.0,"상승  5,500",278500.0,284000.0,277000.0,33845.0,한미약품,128940
2022-03-21,276500.0,"하락  7,500",284000.0,284000.0,275500.0,25626.0,한미약품,128940
2022-03-22,277500.0,"상승  1,000",279000.0,279000.0,275000.0,20705.0,한미약품,128940
2022-03-23,280000.0,"상승  2,500",277500.0,282000.0,276500.0,20037.0,한미약품,128940
2022-03-24,277000.0,"하락  3,000",277500.0,279000.0,274000.0,26567.0,한미약품,128940
2022-03-25,279500.0,"상승  2,500",276000.0,280500.0,275000.0,18417.0,한미약품,128940
2022-03-28,279500.0,보합0,277500.0,280000.0,275500.0,14122.0,한미약품,128940
2022-03-29,277000.0,"하락  2,500",280500.0,280500.0,276500.0,15224.0,한미약품,128940
2022-03-30,275000.0,"하락  2,000",278500.0,279500.0,274500.0,20288.0,한미약품,128940
2022-03-31,274000.0,"하락  1,000",275000.0,278000.0,273500.0,16330.0,한미약품,128940
2022-04-01,273000.0,"하락  1,000",275000.0,275000.0,270000.0,17328.0,한미약품,128940
2022-04-04,274500.0,"상승  1,500",272500.0,275000.0,271000.0,9555.0,한미약품,128940
2022-04-05,271500.0,"하락  3,000",273500.0,275500.0,270500.0,11649.0,한미약품,128940
2022-04-06,270000.0,"하락  1,500",271000.0,275000.0,269500.0,13575.0,한미약품,128940
2022-04-07,264000.0,"하락  6,000",268500.0,270000.0,263000.0,20105.0,한미약품,128940
2022-04-08,274000.0,"상승  10,000",265000.0,275000.0,265000.0,29675.0,한미약품,128940
2022-04-11,274500.0,상승  500,273000.0,275500.0,270000.0,18325.0,한미약품,128940
2022-04-12,278000.0,"상승  3,500",277000.0,284500.0,275000.0,44344.0,한미약품,128940
2022-04-13,295000.0,"상승  17,000",280500.0,297500.0,279500.0,106144.0,한미약품,128940
2022-04-14,300000.0,"상승  5,000",298000.0,307000.0,292000.0,78636.0,한미약품,128940
2022-04-15,307000.0,"상승  7,000",299000.0,310500.0,296500.0,72569.0,한미약품,128940
2022-04-18,305000.0,"하락  2,000",305000.0,311500.0,303000.0,44639.0,한미약품,128940
2022-04-19,304000.0,"하락  1,000",305000.0,310500.0,303500.0,31923.0,한미약품,128940
2022-04-20,303500.0,하락  500,303500.0,308000.0,302000.0,29473.0,한미약품,128940
2022-04-21,305500.0,"상승  2,000",306500.0,310000.0,305000.0,27180.0,한미약품,128940
2022-04-22,305000.0,하락  500,302000.0,307500.0,301500.0,21713.0,한미약품,128940
2022-04-25,303500.0,"하락  1,500",300000.0,306500.0,296000.0,24372.0,한미약품,128940
2022-04-26,307000.0,"상승  3,500",305000.0,308500.0,300500.0,30224.0,한미약품,128940
2022-04-27,306000.0,"하락  1,000",301000.0,311000.0,300000.0,39014.0,한미약품,128940
2022-04-28,314500.0,"상승  8,500",311500.0,317000.0,307500.0,56788.0,한미약품,128940
2022-04-29,312000.0,"하락  2,500",313500.0,316500.0,311000.0,29493.0,한미약품,128940
2022-05-02,310000.0,"하락  2,000",309500.0,313500.0,307500.0,18714.0,한미약품,128940
2022-05-03,302500.0,"하락  7,500",308500.0,310000.0,301000.0,35397.0,한미약품,128940
2022-05-04,296500.0,"하락  6,000",302500.0,303500.0,293000.0,30005.0,한미약품,128940
2022-05-06,289000.0,"하락  7,500",291500.0,293500.0,283000.0,39466.0,한미약품,128940
2022-05-09,290000.0,"상승  1,000",286000.0,295000.0,285000.0,24939.0,한미약품,128940
2022-05-10,294500.0,"상승  4,500",290000.0,300000.0,284500.0,39234.0,한미약품,128940
2022-05-11,292000.0,"하락  2,500",291000.0,297000.0,291000.0,14514.0,한미약품,128940
2022-05-12,291000.0,"하락  1,000",290500.0,298500.0,286000.0,31778.0,한미약품,128940
2022-05-13,296000.0,"상승  5,000",297500.0,297500.0,293000.0,16280.0,한미약품,128940
2022-05-16,294000.0,"하락  2,000",300000.0,300500.0,293000.0,13058.0,한미약품,128940
2022-05-17,299500.0,"상승  5,500",294000.0,302000.0,293500.0,31209.0,한미약품,128940
2022-05-18,299500.0,보합0,300000.0,302500.0,296000.0,21955.0,한미약품,128940
2022-05-19,294500.0,"하락  5,000",293000.0,298500.0,293000.0,19654.0,한미약품,128940
2022-05-20,300500.0,"상승  6,000",299000.0,302000.0,296500.0,18144.0,한미약품,128940
2022-05-23,309000.0,"상승  8,500",302500.0,316500.0,301000.0,51133.0,한미약품,128940
2022-05-24,308500.0,하락  500,309000.0,315500.0,305000.0,27228.0,한미약품,128940
2022-05-25,314500.0,"상승  6,000",314000.0,317000.0,307500.0,47655.0,한미약품,128940
2022-05-26,314500.0,보합0,314500.0,317500.0,311500.0,29427.0,한미약품,128940
2022-05-27,312000.0,"하락  2,500",316500.0,317000.0,309500.0,17320.0,한미약품,128940
2022-05-30,312000.0,보합0,312500.0,317000.0,311000.0,17801.0,한미약품,128940
2022-05-31,309500.0,"하락  2,500",312500.0,314000.0,308000.0,39129.0,한미약품,128940
2022-06-02,309000.0,하락  500,307500.0,309000.0,303000.0,15267.0,한미약품,128940
2022-06-03,308500.0,하락  500,309000.0,312000.0,307500.0,11007.0,한미약품,128940
2022-06-07,307500.0,"하락  1,000",305500.0,311000.0,304000.0,20278.0,한미약품,128940
2022-06-08,307500.0,보합0,306000.0,310000.0,305000.0,10360.0,한미약품,128940
2022-06-09,307500.0,보합0,310000.0,311000.0,306000.0,23336.0,한미약품,128940
2022-06-10,306000.0,"하락  1,500",306500.0,308500.0,301000.0,19052.0,한미약품,128940
2022-06-13,295000.0,"하락  11,000",301000.0,304500.0,294000.0,23559.0,한미약품,128940
2022-06-14,292000.0,"하락  3,000",293000.0,295500.0,287000.0,29600.0,한미약품,128940
2022-06-15,284000.0,"하락  8,000",292000.0,293500.0,282000.0,23475.0,한미약품,128940
2022-06-16,285000.0,"상승  1,000",285000.0,293000.0,283500.0,22078.0,한미약품,128940
2022-06-17,289500.0,"상승  4,500",282000.0,291000.0,281000.0,23794.0,한미약품,128940
2022-06-20,286000.0,"하락  3,500",292500.0,297500.0,285000.0,22494.0,한미약품,128940
2022-06-21,298000.0,"상승  12,000",290000.0,300000.0,287000.0,29419.0,한미약품,128940
2022-06-22,294000.0,"하락  4,000",299500.0,299500.0,293500.0,19074.0,한미약품,128940
2022-06-23,295000.0,"상승  1,000",294500.0,302000.0,290000.0,35589.0,한미약품,128940
2022-06-24,301000.0,"상승  6,000",294500.0,302000.0,293000.0,20639.0,한미약품,128940
2022-06-27,298000.0,"하락  3,000",303500.0,305000.0,296000.0,23141.0,한미약품,128940
2022-06-28,307000.0,"상승  9,000",298000.0,308000.0,295000.0,25186.0,한미약품,128940
2022-06-29,305000.0,"하락  2,000",304500.0,308000.0,302500.0,15726.0,한미약품,128940
2022-06-30,308000.0,"상승  3,000",306000.0,311000.0,303000.0,28519.0,한미약품,128940
2022-07-01,294000.0,"하락  14,000",311000.0,314000.0,292500.0,37691.0,한미약품,128940
2022-07-04,297500.0,"상승  3,500",295000.0,299500.0,290500.0,16336.0,한미약품,128940
2022-07-05,318500.0,"상승  21,000",301500.0,318500.0,299500.0,78872.0,한미약품,128940
2022-07-06,317500.0,"하락  1,000",316500.0,329500.0,313000.0,81888.0,한미약품,128940
2022-07-07,324000.0,"상승  6,500",320000.0,326500.0,317000.0,49921.0,한미약품,128940
2022-07-08,322500.0,"하락  1,500",324500.0,326500.0,318500.0,25121.0,한미약품,128940
2022-07-11,321000.0,"하락  1,500",320000.0,324000.0,314000.0,29627.0,한미약품,128940
2022-07-12,321000.0,보합0,321000.0,324500.0,315000.0,26722.0,한미약품,128940
2022-07-13,321000.0,보합0,322500.0,323500.0,316500.0,29371.0,한미약품,128940
2022-07-14,311000.0,"하락  10,000",317000.0,318000.0,306000.0,58417.0,한미약품,128940
2022-07-15,314000.0,"상승  3,000",312000.0,318000.0,307000.0,32823.0,한미약품,128940
2022-07-18,306000.0,"하락  8,000",312000.0,314000.0,298000.0,78290.0,한미약품,128940
2022-07-19,310500.0,"상승  4,500",307500.0,314500.0,305000.0,37063.0,한미약품,128940
2022-07-20,313000.0,"상승  2,500",314000.0,315500.0,309000.0,27469.0,한미약품,128940
2022-07-21,306500.0,"하락  6,500",311500.0,314000.0,305500.0,34899.0,한미약품,128940
2022-07-22,305000.0,"하락  1,500",305500.0,309500.0,305000.0,15967.0,한미약품,128940
2022-07-25,307000.0,"상승  2,000",304000.0,309000.0,303500.0,10678.0,한미약품,128940
2022-07-26,306500.0,하락  500,305500.0,308500.0,304000.0,12242.0,한미약품,128940
2022-07-27,309000.0,"상승  2,500",307000.0,311000.0,306000.0,19062.0,한미약품,128940
2022-07-28,309000.0,보합0,308500.0,311500.0,308500.0,16656.0,한미약품,128940
2022-07-29,309500.0,상승  500,311500.0,314500.0,308000.0,17174.0,한미약품,128940
2022-08-01,307500.0,"하락  2,000",307000.0,312500.0,306000.0,17830.0,한미약품,128940
2022-08-02,304500.0,"하락  3,000",309000.0,309500.0,303500.0,19547.0,한미약품,128940
2022-08-03,304500.0,보합0,304000.0,306500.0,302500.0,20260.0,한미약품,128940
2022-08-04,304500.0,보합0,306000.0,311500.0,302000.0,27947.0,한미약품,128940
2022-08-05,318500.0,"상승  14,000",305500.0,320000.0,304500.0,52845.0,한미약품,128940
2022-08-08,321000.0,"상승  2,500",320000.0,327500.0,318500.0,38470.0,한미약품,128940
2022-08-09,324000.0,"상승  3,000",321000.0,325500.0,319000.0,24570.0,한미약품,128940
2022-08-10,321000.0,"하락  3,000",324000.0,328500.0,319000.0,24678.0,한미약품,128940
2022-08-11,317500.0,"하락  3,500",320000.0,323500.0,316000.0,30208.0,한미약품,128940
2022-08-12,317000.0,하락  500,317000.0,320000.0,313000.0,22473.0,한미약품,128940
2022-08-16,314500.0,"하락  2,500",317000.0,318500.0,313000.0,19390.0,한미약품,128940
2022-08-17,311000.0,"하락  3,500",314500.0,318000.0,309000.0,21923.0,한미약품,128940
2022-08-18,311500.0,상승  500,309000.0,313500.0,307500.0,15533.0,한미약품,128940
2022-08-19,310500.0,"하락  1,000",311500.0,313500.0,309000.0,10352.0,한미약품,128940
2022-08-22,306000.0,"하락  4,500",307500.0,310000.0,304500.0,13754.0,한미약품,128940
2022-08-23,299000.0,"하락  7,000",304500.0,308000.0,299000.0,22766.0,한미약품,128940
2022-08-24,301000.0,"상승  2,000",299500.0,304000.0,299000.0,14802.0,한미약품,128940
2022-08-25,303500.0,"상승  2,500",302000.0,304000.0,300500.0,10277.0,한미약품,128940
2022-08-26,300000.0,"하락  3,500",303500.0,306000.0,298000.0,27902.0,한미약품,128940
2022-08-29,292000.0,"하락  8,000",293000.0,298000.0,289000.0,23615.0,한미약품,128940
2022-08-30,301500.0,"상승  9,500",293000.0,302000.0,290000.0,28711.0,한미약품,128940
2022-08-31,308000.0,"상승  6,500",302000.0,313000.0,298000.0,31201.0,한미약품,128940
2022-09-01,302000.0,"하락  6,000",305500.0,307000.0,301500.0,19508.0,한미약품,128940
2022-09-02,299000.0,"하락  3,000",304000.0,310000.0,297500.0,21223.0,한미약품,128940
2022-09-05,297500.0,"하락  1,500",298000.0,305000.0,296000.0,18373.0,한미약품,128940
2022-09-06,295500.0,"하락  2,000",295000.0,300500.0,294500.0,11881.0,한미약품,128940
2022-09-07,291000.0,"하락  4,500",296000.0,297000.0,290000.0,17376.0,한미약품,128940
2022-09-08,302000.0,"상승  11,000",293500.0,306500.0,293500.0,37703.0,한미약품,128940
2022-09-13,305000.0,"상승  3,000",326500.0,326500.0,303000.0,162456.0,한미약품,128940
2022-09-14,291500.0,"하락  13,500",296000.0,299000.0,291000.0,57537.0,한미약품,128940
2022-09-15,284000.0,"하락  7,500",293000.0,293500.0,284000.0,52453.0,한미약품,128940
2022-09-16,284000.0,보합0,279500.0,287500.0,277000.0,42995.0,한미약품,128940
2022-09-19,282000.0,"하락  2,000",288000.0,291000.0,281000.0,32471.0,한미약품,128940
2022-09-20,280000.0,"하락  2,000",281000.0,285000.0,278000.0,27290.0,한미약품,128940
2022-09-21,236500.0,"하락  43,500",269000.0,275000.0,235000.0,269057.0,한미약품,128940
2022-09-22,239500.0,"상승  3,000",234500.0,245500.0,232000.0,98056.0,한미약품,128940
2022-09-23,237000.0,"하락  2,500",236000.0,241500.0,231500.0,63953.0,한미약품,128940
2022-09-26,226000.0,"하락  11,000",232000.0,235500.0,223500.0,62898.0,한미약품,128940
2022-09-27,232000.0,"상승  6,000",223500.0,232500.0,223500.0,52539.0,한미약품,128940
2022-09-28,229500.0,"하락  2,500",229000.0,232500.0,226500.0,35747.0,한미약품,128940
2022-09-29,230000.0,상승  500,233500.0,234000.0,227500.0,34103.0,한미약품,128940
2022-09-30,229000.0,"하락  1,000",226500.0,231500.0,226000.0,31007.0,한미약품,128940
2022-10-04,232000.0,"상승  3,000",230500.0,234000.0,227500.0,29912.0,한미약품,128940
2022-10-05,228500.0,"하락  3,500",234000.0,234500.0,227000.0,28442.0,한미약품,128940
2022-10-06,231000.0,"상승  2,500",229000.0,232500.0,227500.0,18577.0,한미약품,128940
2022-10-07,232500.0,"상승  1,500",229000.0,235000.0,229000.0,51000.0,한미약품,128940
2022-10-11,228500.0,"하락  4,000",231500.0,234000.0,225500.0,31668.0,한미약품,128940
2022-10-12,229000.0,상승  500,226500.0,230000.0,224500.0,26644.0,한미약품,128940
2022-10-13,227500.0,"하락  1,500",231500.0,233000.0,225500.0,32704.0,한미약품,128940
2022-10-14,237000.0,"상승  9,500",232500.0,239000.0,230000.0,46712.0,한미약품,128940
2022-10-17,239500.0,"상승  2,500",237000.0,239500.0,233000.0,21302.0,한미약품,128940
2022-10-18,243000.0,"상승  3,500",241500.0,246000.0,239500.0,115639.0,한미약품,128940
2022-10-19,240500.0,"하락  2,500",245500.0,246000.0,240000.0,34853.0,한미약품,128940
2022-10-20,240000.0,하락  500,238000.0,243000.0,238000.0,41622.0,한미약품,128940
2022-10-21,243000.0,"상승  3,000",240000.0,245000.0,239000.0,30243.0,한미약품,128940
2022-10-24,246500.0,"상승  3,500",248500.0,252000.0,245500.0,30033.0,한미약품,128940
2022-10-25,245500.0,"하락  1,000",250500.0,250500.0,244500.0,27369.0,한미약품,128940
2022-10-26,246000.0,상승  500,245000.0,248500.0,242500.0,14752.0,한미약품,128940
2022-10-27,248500.0,"상승  2,500",248000.0,250000.0,247000.0,17196.0,한미약품,128940
2022-10-28,253000.0,"상승  4,500",248500.0,255000.0,247500.0,25022.0,한미약품,128940
2022-10-31,253000.0,보합0,253500.0,255500.0,244000.0,21706.0,한미약품,128940
2022-11-01,254500.0,"상승  1,500",254000.0,256500.0,250500.0,22828.0,한미약품,128940
2022-11-02,256500.0,"상승  2,000",259000.0,261000.0,252000.0,44647.0,한미약품,128940
2022-11-03,250500.0,"하락  6,000",254000.0,254000.0,248500.0,33264.0,한미약품,128940
2022-11-04,251000.0,상승  500,248500.0,251500.0,246000.0,15696.0,한미약품,128940
2022-11-07,254000.0,"상승  3,000",250500.0,255000.0,250500.0,14138.0,한미약품,128940
2022-11-08,261000.0,"상승  7,000",254500.0,264000.0,253000.0,42662.0,한미약품,128940
2022-11-09,259500.0,"하락  1,500",264000.0,264500.0,258000.0,22760.0,한미약품,128940
2022-11-10,260500.0,"상승  1,000",259000.0,264500.0,255500.0,31973.0,한미약품,128940
2022-11-11,263500.0,"상승  3,000",265000.0,268500.0,262500.0,25093.0,한미약품,128940
2022-11-14,266500.0,"상승  3,000",263500.0,268500.0,261500.0,31192.0,한미약품,128940
2022-11-15,270000.0,"상승  3,500",267000.0,272000.0,263000.0,26796.0,한미약품,128940
2022-11-16,271000.0,"상승  1,000",272500.0,272500.0,264000.0,28287.0,한미약품,128940
2022-11-17,271000.0,보합0,270500.0,273000.0,269000.0,12609.0,한미약품,128940
2022-11-18,265500.0,"하락  5,500",270500.0,270500.0,265500.0,17879.0,한미약품,128940
2022-11-21,262500.0,"하락  3,000",267000.0,268500.0,261000.0,11784.0,한미약품,128940
2022-11-22,261000.0,"하락  1,500",262500.0,266000.0,259500.0,14916.0,한미약품,128940
2022-11-23,259000.0,"하락  2,000",262000.0,262000.0,255000.0,21308.0,한미약품,128940
2022-11-24,257500.0,"하락  1,500",259500.0,261000.0,255500.0,22864.0,한미약품,128940
2022-11-25,253000.0,"하락  4,500",257000.0,258500.0,250000.0,38022.0,한미약품,128940
2022-11-28,252000.0,"하락  1,000",253500.0,253500.0,250000.0,11872.0,한미약품,128940
2022-11-29,256500.0,"상승  4,500",252500.0,258500.0,250500.0,25814.0,한미약품,128940
2022-11-30,261500.0,"상승  5,000",256500.0,261500.0,253000.0,28864.0,한미약품,128940
2022-12-01,260500.0,"하락  1,000",261000.0,263000.0,259500.0,17661.0,한미약품,128940
2022-12-02,254500.0,"하락  6,000",260000.0,260500.0,252000.0,19950.0,한미약품,128940
2022-12-05,253000.0,"하락  1,500",253500.0,256000.0,251000.0,15013.0,한미약품,128940
2022-12-06,256000.0,"상승  3,000",252000.0,258000.0,251500.0,17913.0,한미약품,128940
2022-12-07,255000.0,"하락  1,000",256500.0,257500.0,250000.0,31028.0,한미약품,128940
2022-12-08,261000.0,"상승  6,000",256500.0,261500.0,253500.0,37296.0,한미약품,128940
2022-12-09,269500.0,"상승  8,500",263000.0,270000.0,259500.0,37265.0,한미약품,128940
2022-12-12,277000.0,"상승  7,500",269500.0,282000.0,267500.0,71410.0,한미약품,128940
2022-12-13,293000.0,"상승  16,000",277500.0,297000.0,277500.0,119975.0,한미약품,128940
2022-12-14,292500.0,하락  500,297000.0,299000.0,289000.0,48326.0,한미약품,128940
2022-12-15,290500.0,"하락  2,000",292500.0,295000.0,287500.0,28455.0,한미약품,128940
2022-12-16,290500.0,보합0,285000.0,290500.0,285000.0,26162.0,한미약품,128940
2022-12-19,290500.0,보합0,290500.0,294000.0,286000.0,26869.0,한미약품,128940
2022-12-20,290000.0,하락  500,293500.0,296000.0,287000.0,34605.0,한미약품,128940
2022-12-21,305500.0,"상승  15,500",295500.0,308000.0,292500.0,65713.0,한미약품,128940
2022-12-22,305000.0,하락  500,305500.0,307500.0,299500.0,52430.0,한미약품,128940
2022-12-23,300500.0,"하락  4,500",304500.0,305500.0,300500.0,16977.0,한미약품,128940
2022-12-26,301500.0,"상승  1,000",300500.0,306500.0,299000.0,31758.0,한미약품,128940
2022-12-27,307000.0,"상승  5,500",297000.0,307500.0,297000.0,44526.0,한미약품,128940
2022-12-28,300000.0,"하락  1,500",300500.0,304000.0,298000.0,24749.0,한미약품,128940
2022-12-29,298000.0,"하락  2,000",297000.0,301500.0,291000.0,40677.0,한미약품,128940
2023-01-02,279500.0,"하락  18,500",301000.0,301000.0,279500.0,53692.0,한미약품,128940
2023-01-03,277500.0,"하락  2,000",279500.0,281500.0,273000.0,41915.0,한미약품,128940
2023-01-04,270500.0,"하락  7,000",279000.0,279000.0,269000.0,43410.0,한미약품,128940
2023-01-05,267500.0,"하락  3,000",270500.0,275000.0,266500.0,30780.0,한미약품,128940
2023-01-06,264500.0,"하락  3,000",267500.0,270000.0,263500.0,42956.0,한미약품,128940
2023-01-09,269500.0,"상승  5,000",266000.0,270500.0,265500.0,24564.0,한미약품,128940
2023-01-10,265000.0,"하락  4,500",270500.0,270500.0,264000.0,39636.0,한미약품,128940
2023-01-11,265500.0,상승  500,266000.0,267000.0,261500.0,36226.0,한미약품,128940
2023-01-12,266000.0,상승  500,266500.0,269000.0,264000.0,30967.0,한미약품,128940
2023-01-13,266500.0,상승  500,266500.0,269500.0,266500.0,21659.0,한미약품,128940
2023-01-16,269000.0,"상승  2,500",267000.0,269500.0,265000.0,15726.0,한미약품,128940
2023-01-17,256500.0,"하락  12,500",267000.0,267500.0,254000.0,68768.0,한미약품,128940
2023-01-18,256500.0,보합0,257000.0,258000.0,254500.0,19970.0,한미약품,128940
2023-01-19,256500.0,보합0,256500.0,258000.0,253500.0,19120.0,한미약품,128940
2023-01-20,259000.0,"상승  2,500",256000.0,259000.0,254000.0,19827.0,한미약품,128940
2023-01-25,259000.0,보합0,259500.0,260500.0,257000.0,27404.0,한미약품,128940
2023-01-26,261000.0,"상승  2,000",259500.0,261000.0,256500.0,20786.0,한미약품,128940
2023-01-27,262000.0,"상승  1,000",261500.0,264500.0,259000.0,24794.0,한미약품,128940
2023-01-30,260000.0,"하락  2,000",262500.0,263000.0,258000.0,23257.0,한미약품,128940
2023-01-31,256500.0,"하락  3,500",260000.0,261000.0,256500.0,26226.0,한미약품,128940
2023-02-01,263000.0,"상승  6,500",257000.0,263000.0,256000.0,28543.0,한미약품,128940
2023-02-02,272000.0,"상승  9,000",266000.0,275500.0,265000.0,56355.0,한미약품,128940
2023-02-03,264000.0,"하락  8,000",272000.0,272000.0,264000.0,34477.0,한미약품,128940
2023-02-06,266500.0,"상승  2,500",264000.0,271000.0,263000.0,27911.0,한미약품,128940
2023-02-07,263000.0,"하락  3,500",266000.0,269000.0,263000.0,22233.0,한미약품,128940
2023-02-08,264500.0,"상승  1,500",263000.0,267000.0,263000.0,14829.0,한미약품,128940
2023-02-09,277500.0,"상승  13,000",264500.0,284500.0,264000.0,98019.0,한미약품,128940
2023-02-10,277500.0,보합0,276000.0,279500.0,273500.0,24932.0,한미약품,128940
2023-02-13,269000.0,"하락  8,500",275000.0,275500.0,268500.0,30228.0,한미약품,128940
2023-02-14,273500.0,"상승  4,500",269500.0,276500.0,269500.0,25666.0,한미약품,128940
2023-02-15,276000.0,"상승  2,500",274000.0,278000.0,271500.0,32131.0,한미약품,128940
2023-02-16,272500.0,"하락  3,500",276000.0,278000.0,271500.0,30512.0,한미약품,128940
2023-02-17,267500.0,"하락  5,000",271500.0,272500.0,267000.0,24060.0,한미약품,128940
2023-02-20,275500.0,"상승  8,000",267000.0,279000.0,267000.0,30654.0,한미약품,128940
2023-02-21,267000.0,"하락  8,500",276500.0,278000.0,266500.0,35833.0,한미약품,128940
2023-02-22,261000.0,"하락  6,000",265500.0,267000.0,261000.0,30684.0,한미약품,128940
2023-02-23,263500.0,"상승  2,500",262000.0,267000.0,261500.0,22105.0,한미약품,128940
2023-02-24,261000.0,"하락  2,500",263500.0,265000.0,260000.0,20504.0,한미약품,128940
2023-02-27,259500.0,"하락  1,500",260500.0,262000.0,255000.0,18594.0,한미약품,128940
2023-02-28,259000.0,하락  500,259500.0,262000.0,258500.0,26997.0,한미약품,128940
2023-03-02,258500.0,하락  500,258500.0,262000.0,257000.0,24525.0,한미약품,128940
2023-03-03,264000.0,"상승  5,500",258500.0,267000.0,258500.0,28289.0,한미약품,128940
2023-03-06,263000.0,"하락  1,000",264000.0,266000.0,261000.0,25115.0,한미약품,128940
2023-03-07,266000.0,"상승  3,000",261500.0,271500.0,261000.0,49830.0,한미약품,128940
2023-03-08,262000.0,"하락  4,000",268500.0,271500.0,261000.0,50070.0,한미약품,128940
2023-03-09,269500.0,"상승  7,500",263000.0,276500.0,260500.0,62080.0,한미약품,128940
2023-03-10,256000.0,"하락  13,500",267500.0,268500.0,255000.0,51028.0,한미약품,128940
2023-03-13,253500.0,"하락  2,500",256000.0,257500.0,250000.0,24838.0,한미약품,128940
2023-03-14,246500.0,"하락  7,000",250500.0,254500.0,245000.0,39825.0,한미약품,128940
2023-03-15,250000.0,"상승  3,500",250000.0,254000.0,247500.0,25654.0,한미약품,128940
2023-03-16,259500.0,"상승  9,500",247500.0,262000.0,247500.0,37684.0,한미약품,128940
2023-03-17,261500.0,"상승  2,000",261000.0,264000.0,257500.0,20711.0,한미약품,128940
2023-03-20,262500.0,"상승  1,000",265000.0,270000.0,262500.0,19621.0,한미약품,128940
2023-03-21,265000.0,"상승  2,500",264500.0,266500.0,260500.0,17176.0,한미약품,128940
2023-03-22,258000.0,"하락  7,000",267000.0,267000.0,256000.0,33834.0,한미약품,128940
2023-03-23,258500.0,상승  500,258500.0,261000.0,255500.0,17906.0,한미약품,128940
2023-03-24,254500.0,"하락  4,000",256000.0,259500.0,254500.0,19078.0,한미약품,128940
2023-03-27,254000.0,하락  500,257000.0,258000.0,250500.0,23440.0,한미약품,128940
2023-03-28,257500.0,"상승  3,500",255000.0,258500.0,253000.0,27358.0,한미약품,128940
2023-03-29,255000.0,"하락  2,500",258000.0,259000.0,254000.0,15666.0,한미약품,128940
2023-03-30,254000.0,"하락  1,000",255500.0,258000.0,253000.0,20714.0,한미약품,128940
2023-03-31,256000.0,"상승  2,000",254000.0,256500.0,253000.0,23119.0,한미약품,128940
2023-04-03,254000.0,"하락  2,000",255500.0,259000.0,253000.0,28253.0,한미약품,128940
2023-04-04,288500.0,"상승  34,500",256000.0,289000.0,255000.0,169210.0,한미약품,128940
2023-04-05,303500.0,"상승  15,000",289500.0,309500.0,286500.0,213947.0,한미약품,128940
2023-04-06,307000.0,"상승  3,500",309000.0,323500.0,303500.0,212323.0,한미약품,128940
2023-04-07,309000.0,"상승  2,000",310500.0,310500.0,300500.0,67068.0,한미약품,128940
2023-04-10,325000.0,"상승  16,000",311500.0,328500.0,308500.0,153208.0,한미약품,128940
2023-04-11,327000.0,"상승  2,000",328000.0,328000.0,319500.0,89711.0,한미약품,128940
2023-04-12,321000.0,"하락  6,000",325500.0,328000.0,317500.0,80603.0,한미약품,128940
2023-04-13,335500.0,"상승  14,500",320000.0,338500.0,319500.0,166029.0,한미약품,128940
2023-04-14,333000.0,"하락  2,500",337000.0,339500.0,329000.0,69390.0,한미약품,128940
2023-04-17,326500.0,"하락  6,500",330000.0,333500.0,323000.0,56945.0,한미약품,128940
2023-04-18,323500.0,"하락  3,000",326000.0,330500.0,321500.0,44735.0,한미약품,128940
2023-04-19,316500.0,"하락  7,000",322500.0,324500.0,315000.0,54981.0,한미약품,128940
2023-04-20,312000.0,"하락  4,500",316500.0,321000.0,311500.0,47663.0,한미약품,128940
2023-04-21,312000.0,보합0,312500.0,315500.0,308000.0,30310.0,한미약품,128940
2023-04-24,314500.0,"상승  2,500",312000.0,319000.0,310000.0,30907.0,한미약품,128940
2023-04-25,306500.0,"하락  8,000",314000.0,316500.0,300000.0,63510.0,한미약품,128940
2023-04-26,310500.0,"상승  4,000",305000.0,313500.0,301000.0,36831.0,한미약품,128940
2023-04-27,313000.0,"상승  2,500",316500.0,316500.0,309000.0,65206.0,한미약품,128940
2023-04-28,323000.0,"상승  10,000",313500.0,327000.0,313000.0,61700.0,한미약품,128940
2023-05-02,319000.0,"하락  4,000",323000.0,325000.0,314000.0,36035.0,한미약품,128940
2023-05-03,316500.0,"하락  2,500",315500.0,319500.0,311000.0,27860.0,한미약품,128940
2023-05-04,329500.0,"상승  13,000",313500.0,332000.0,311000.0,84300.0,한미약품,128940
2023-05-08,321500.0,"하락  8,000",327500.0,331000.0,320500.0,40077.0,한미약품,128940
2023-05-09,320500.0,"하락  1,000",321500.0,327000.0,317500.0,31947.0,한미약품,128940
2023-05-10,306000.0,"하락  14,500",319000.0,319000.0,303000.0,70617.0,한미약품,128940
2023-05-11,301500.0,"하락  4,500",306000.0,308500.0,301000.0,29039.0,한미약품,128940
2023-05-12,302000.0,상승  500,297000.0,307500.0,296500.0,35072.0,한미약품,128940
2023-05-15,304000.0,"상승  2,000",299000.0,306500.0,297000.0,26866.0,한미약품,128940
2023-05-16,301000.0,"하락  3,000",301500.0,305000.0,299000.0,24630.0,한미약품,128940
2023-05-17,306000.0,"상승  5,000",299500.0,307000.0,299500.0,20201.0,한미약품,128940
2023-05-18,297500.0,"하락  8,500",304000.0,306000.0,292500.0,56670.0,한미약품,128940
2023-05-19,295000.0,"하락  2,500",297500.0,299000.0,293500.0,25578.0,한미약품,128940
2023-05-22,300500.0,"상승  5,500",292500.0,304500.0,292500.0,39212.0,한미약품,128940
2023-05-23,306000.0,"상승  5,500",304000.0,308500.0,301500.0,23209.0,한미약품,128940
2023-05-24,303500.0,"하락  2,500",306500.0,309000.0,303000.0,18438.0,한미약품,128940
2023-05-25,299500.0,"하락  4,000",301500.0,303500.0,298500.0,22716.0,한미약품,128940
2023-05-26,296000.0,"하락  3,500",297000.0,300500.0,291500.0,25804.0,한미약품,128940
2023-05-30,292500.0,"하락  3,500",298500.0,299000.0,291500.0,24385.0,한미약품,128940
2023-05-31,292500.0,보합0,291000.0,296000.0,290500.0,45899.0,한미약품,128940
2023-06-01,310000.0,"상승  17,500",296000.0,312500.0,294000.0,64519.0,한미약품,128940
2023-06-02,306500.0,"하락  3,500",311500.0,313500.0,306000.0,27610.0,한미약품,128940
2023-06-05,308000.0,"상승  1,500",307000.0,311500.0,304000.0,23952.0,한미약품,128940
2023-06-07,305000.0,"하락  3,000",309500.0,311500.0,304500.0,17820.0,한미약품,128940
2023-06-08,322000.0,"상승  17,000",305000.0,325000.0,305000.0,85538.0,한미약품,128940
2023-06-09,320000.0,"하락  2,000",320500.0,327000.0,318000.0,41709.0,한미약품,128940
2023-06-12,318500.0,"하락  1,500",322500.0,324500.0,318000.0,25286.0,한미약품,128940
2023-06-13,325000.0,"상승  6,500",318500.0,339000.0,318500.0,97238.0,한미약품,128940
2023-06-14,327000.0,"상승  2,000",326500.0,333000.0,322000.0,53053.0,한미약품,128940
2023-06-15,313500.0,"하락  13,500",328000.0,331500.0,311500.0,44659.0,한미약품,128940
2023-06-16,317500.0,"상승  4,000",316000.0,324500.0,313000.0,39075.0,한미약품,128940
2023-06-19,317500.0,보합0,320000.0,324500.0,315000.0,21020.0,한미약품,128940
2023-06-20,314000.0,"하락  3,500",317500.0,321000.0,313000.0,17699.0,한미약품,128940
2023-06-21,323000.0,"상승  9,000",319000.0,328000.0,310500.0,45074.0,한미약품,128940
2023-06-22,326000.0,"상승  3,000",323500.0,329500.0,319000.0,38231.0,한미약품,128940
2023-06-23,314000.0,"하락  12,000",324500.0,327000.0,313000.0,26871.0,한미약품,128940
2023-06-26,314500.0,상승  500,314000.0,319500.0,309000.0,16391.0,한미약품,128940
2023-06-27,309000.0,"하락  5,500",314500.0,316500.0,308000.0,16518.0,한미약품,128940
2023-06-28,310000.0,"상승  1,000",311000.0,316500.0,309500.0,18465.0,한미약품,128940
2023-06-29,306500.0,"하락  3,500",308500.0,311500.0,306000.0,18682.0,한미약품,128940
2023-06-30,308500.0,"상승  2,000",309000.0,313000.0,301500.0,26777.0,한미약품,128940
2023-07-03,310000.0,"상승  1,500",307000.0,317000.0,306000.0,25011.0,한미약품,128940
2023-07-04,309000.0,"하락  1,000",308500.0,313000.0,308500.0,18694.0,한미약품,128940
2023-07-05,302500.0,"하락  6,500",309000.0,313000.0,298000.0,42440.0,한미약품,128940
2023-07-06,295500.0,"하락  7,000",302000.0,302000.0,289000.0,37590.0,한미약품,128940
2023-07-07,279500.0,"하락  16,000",292000.0,294500.0,277000.0,82207.0,한미약품,128940
2023-07-10,276500.0,"하락  3,000",282500.0,282500.0,274500.0,54299.0,한미약품,128940
2023-07-11,273500.0,"하락  3,000",279500.0,279500.0,270500.0,47448.0,한미약품,128940
2023-07-12,276000.0,"상승  2,500",274500.0,276500.0,271000.0,44167.0,한미약품,128940
2023-07-13,274500.0,"하락  1,500",278500.0,280500.0,272000.0,54997.0,한미약품,128940
2023-07-14,275500.0,"상승  1,000",278000.0,279000.0,274000.0,41581.0,한미약품,128940
2023-07-17,271500.0,"하락  4,000",277500.0,278000.0,269500.0,40018.0,한미약품,128940
2023-07-18,267500.0,"하락  4,000",271500.0,273500.0,266500.0,35789.0,한미약품,128940
2023-07-19,275000.0,"상승  7,500",266000.0,276000.0,266000.0,38489.0,한미약품,128940
2023-07-20,273000.0,"하락  2,000",275500.0,276000.0,271000.0,25822.0,한미약품,128940
2023-07-21,285000.0,"상승  12,000",273000.0,288500.0,273000.0,87643.0,한미약품,128940
2023-07-24,278000.0,"하락  7,000",288500.0,288500.0,276000.0,47368.0,한미약품,128940
2023-07-25,275000.0,"하락  3,000",281000.0,281000.0,272500.0,28880.0,한미약품,128940
2023-07-26,270000.0,"하락  5,000",275500.0,276000.0,269000.0,44673.0,한미약품,128940
2023-07-27,278500.0,"상승  8,500",268500.0,281500.0,268500.0,53062.0,한미약품,128940
2023-07-28,275000.0,"하락  3,500",279000.0,280500.0,275000.0,29110.0,한미약품,128940
2023-07-31,266500.0,"하락  8,500",278000.0,278000.0,261500.0,102596.0,한미약품,128940
2023-08-01,278500.0,"상승  12,000",266500.0,284000.0,265500.0,110718.0,한미약품,128940
2023-08-02,272000.0,"하락  6,500",285000.0,285000.0,271000.0,61636.0,한미약품,128940
2023-08-03,290000.0,"상승  18,000",274000.0,303000.0,273500.0,173197.0,한미약품,128940
2023-08-04,291500.0,"상승  1,500",289500.0,296500.0,279000.0,85170.0,한미약품,128940
2023-08-07,290000.0,"하락  1,500",291500.0,298000.0,288500.0,68136.0,한미약품,128940
2023-08-08,284000.0,"하락  6,000",290000.0,292000.0,282000.0,46497.0,한미약품,128940
2023-08-09,325500.0,"상승  41,500",293000.0,330000.0,293000.0,430085.0,한미약품,128940
2023-08-10,330500.0,"상승  5,000",325500.0,335000.0,317500.0,171723.0,한미약품,128940
2023-08-11,329000.0,"하락  1,500",326500.0,340000.0,323000.0,115431.0,한미약품,128940
2023-08-14,321000.0,"하락  8,000",330500.0,331000.0,318000.0,66565.0,한미약품,128940
2023-08-16,315000.0,"하락  6,000",319000.0,319000.0,309000.0,80251.0,한미약품,128940
2023-08-17,314000.0,"하락  1,000",312000.0,316000.0,308000.0,42342.0,한미약품,128940
2023-08-18,303000.0,"하락  11,000",314000.0,315000.0,302000.0,59647.0,한미약품,128940
2023-08-21,305000.0,"상승  2,000",302000.0,313500.0,302000.0,38694.0,한미약품,128940
2023-08-22,293500.0,"하락  11,500",306000.0,308500.0,292000.0,70584.0,한미약품,128940
2023-08-23,292500.0,"하락  1,000",294000.0,301500.0,292500.0,50625.0,한미약품,128940
2023-08-24,298500.0,"상승  6,000",293500.0,300500.0,293000.0,36897.0,한미약품,128940
2023-08-25,301000.0,"상승  2,500",296000.0,304500.0,296000.0,34127.0,한미약품,128940
2023-08-28,294000.0,"하락  7,000",306000.0,307500.0,289000.0,52668.0,한미약품,128940
2023-08-29,300000.0,"상승  6,000",294000.0,300500.0,293500.0,27539.0,한미약품,128940
2023-08-30,298500.0,"하락  1,500",305000.0,305500.0,295500.0,47842.0,한미약품,128940
2023-08-31,294500.0,"하락  4,000",298500.0,301500.0,292000.0,59966.0,한미약품,128940
2023-09-01,282500.0,"하락  12,000",294500.0,296500.0,282500.0,75326.0,한미약품,128940
2023-09-04,283500.0,"상승  1,000",281500.0,285000.0,279000.0,34440.0,한미약품,128940
2023-09-05,280500.0,"하락  3,000",282500.0,285000.0,279000.0,23563.0,한미약품,128940
2023-09-06,285500.0,"상승  5,000",281000.0,290000.0,280000.0,39711.0,한미약품,128940
2023-09-07,281500.0,"하락  4,000",284000.0,287000.0,277000.0,44833.0,한미약품,128940
2023-09-08,298500.0,"상승  17,000",285500.0,303000.0,285000.0,112400.0,한미약품,128940
2023-09-11,301000.0,"상승  2,500",299000.0,303000.0,291000.0,77319.0,한미약품,128940
2023-09-12,300000.0,"하락  1,000",305000.0,315000.0,298500.0,119545.0,한미약품,128940
2023-09-13,296500.0,"하락  3,500",301000.0,301500.0,294000.0,45963.0,한미약품,128940
2023-09-14,309500.0,"상승  13,000",301000.0,311500.0,299000.0,74695.0,한미약품,128940
2023-09-15,305500.0,"하락  4,000",308500.0,309000.0,302000.0,49526.0,한미약품,128940
2023-09-18,304500.0,"하락  1,000",306000.0,315000.0,303000.0,50245.0,한미약품,128940
2023-09-19,309000.0,"상승  4,500",306000.0,310000.0,302500.0,33893.0,한미약품,128940
2023-09-20,298000.0,"하락  11,000",307500.0,307500.0,292000.0,75118.0,한미약품,128940
2023-09-21,291500.0,"하락  6,500",296000.0,298000.0,291000.0,37978.0,한미약품,128940
2023-09-22,289000.0,"하락  2,500",287000.0,293500.0,287000.0,22764.0,한미약품,128940
2023-09-25,293000.0,"상승  4,000",291500.0,296000.0,288500.0,29135.0,한미약품,128940
2023-09-26,293500.0,상승  500,291500.0,299000.0,290500.0,33201.0,한미약품,128940
2023-09-27,299000.0,"상승  5,500",297000.0,302500.0,295000.0,45757.0,한미약품,128940
2023-10-04,289000.0,"하락  10,000",293500.0,294000.0,281500.0,56948.0,한미약품,128940
2023-10-05,290000.0,"상승  1,000",291500.0,299500.0,289500.0,33191.0,한미약품,128940
2023-10-06,311500.0,"상승  21,500",296000.0,312000.0,295000.0,94818.0,한미약품,128940
2023-10-10,318500.0,"상승  7,000",315000.0,326000.0,310500.0,121115.0,한미약품,128940
2023-10-11,318000.0,하락  500,322000.0,323000.0,312000.0,54304.0,한미약품,128940
2023-10-12,320000.0,"상승  2,000",326500.0,327500.0,315000.0,64953.0,한미약품,128940
2023-10-13,314500.0,"하락  5,500",319000.0,319500.0,312000.0,40418.0,한미약품,128940
2023-10-16,312000.0,"하락  2,500",311000.0,314500.0,308500.0,29191.0,한미약품,128940
2023-10-17,304500.0,"하락  7,500",315000.0,316000.0,302500.0,41514.0,한미약품,128940
2023-10-18,281500.0,"하락  23,000",305000.0,307500.0,281500.0,148273.0,한미약품,128940
2023-10-19,275500.0,"하락  6,000",280500.0,283500.0,275000.0,71632.0,한미약품,128940
2023-10-20,273000.0,"하락  2,500",272500.0,277500.0,272000.0,41249.0,한미약품,128940
2023-10-23,274000.0,"상승  1,000",274000.0,275000.0,268500.0,30237.0,한미약품,128940
2023-10-24,275000.0,"상승  1,000",279500.0,280000.0,267500.0,64115.0,한미약품,128940
2023-10-25,278500.0,"상승  3,500",276500.0,280500.0,273500.0,41240.0,한미약품,128940
2023-10-26,273500.0,"하락  5,000",273000.0,278500.0,271000.0,30750.0,한미약품,128940
2023-10-27,276000.0,"상승  2,500",276500.0,280000.0,273000.0,25562.0,한미약품,128940
2023-10-30,281500.0,"상승  5,500",274500.0,283500.0,273000.0,25379.0,한미약품,128940
2023-10-31,282000.0,상승  500,284000.0,288000.0,281000.0,33348.0,한미약품,128940
2023-11-01,285500.0,"상승  3,500",285000.0,289500.0,281000.0,31099.0,한미약품,128940
2023-11-02,294000.0,"상승  8,500",290500.0,295000.0,288500.0,62663.0,한미약품,128940
2023-11-03,293000.0,"하락  1,000",297000.0,298000.0,290000.0,24009.0,한미약품,128940
2023-11-06,300000.0,"상승  7,000",294500.0,300000.0,292000.0,51414.0,한미약품,128940
2023-11-07,300000.0,보합0,297500.0,302000.0,293500.0,37561.0,한미약품,128940
2023-11-08,302500.0,"상승  2,500",302000.0,306000.0,298000.0,37196.0,한미약품,128940
2023-11-09,295000.0,"하락  7,500",304000.0,305500.0,295000.0,23264.0,한미약품,128940
2023-11-10,295000.0,보합0,293500.0,296500.0,290500.0,17517.0,한미약품,128940
2023-11-13,290000.0,"하락  5,000",296500.0,298500.0,288000.0,25869.0,한미약품,128940
2023-11-14,293500.0,"상승  3,500",293000.0,298000.0,292500.0,21856.0,한미약품,128940
2023-11-15,303000.0,"상승  9,500",299000.0,303000.0,297000.0,45935.0,한미약품,128940
2023-11-16,301000.0,"하락  2,000",303000.0,303000.0,298000.0,19811.0,한미약품,128940
2023-11-17,301500.0,상승  500,301500.0,303000.0,296500.0,21307.0,한미약품,128940
2023-11-20,301000.0,하락  500,301500.0,305000.0,298000.0,19783.0,한미약품,128940
2023-11-21,306500.0,"상승  5,500",304000.0,307500.0,299500.0,25293.0,한미약품,128940
2023-11-22,301000.0,"하락  5,500",303500.0,305500.0,300500.0,19011.0,한미약품,128940
2023-11-23,304500.0,"상승  3,500",301000.0,304500.0,299500.0,16541.0,한미약품,128940
2023-11-24,303000.0,"하락  1,500",304500.0,305500.0,302000.0,12859.0,한미약품,128940
2023-11-27,305000.0,"상승  2,000",303000.0,306000.0,301500.0,23041.0,한미약품,128940
2023-11-28,309000.0,"상승  4,000",304500.0,319000.0,304500.0,79510.0,한미약품,128940
2023-11-29,303500.0,"하락  5,500",310000.0,312000.0,303500.0,33913.0,한미약품,128940
2023-11-30,307500.0,"상승  4,000",305500.0,307500.0,302000.0,38633.0,한미약품,128940
2023-12-01,306500.0,"하락  1,000",307500.0,311000.0,304000.0,29328.0,한미약품,128940
2023-12-04,307000.0,상승  500,306500.0,309500.0,304000.0,26942.0,한미약품,128940
2023-12-05,315500.0,"상승  8,500",306000.0,318000.0,304500.0,43195.0,한미약품,128940
2023-12-06,311000.0,"하락  4,500",319000.0,319000.0,309500.0,32765.0,한미약품,128940
2023-12-07,327500.0,"상승  16,500",311500.0,339500.0,309000.0,190738.0,한미약품,128940
2023-12-08,328000.0,상승  500,328500.0,330000.0,324500.0,37583.0,한미약품,128940
2023-12-11,325000.0,"하락  3,000",329000.0,331000.0,321000.0,46974.0,한미약품,128940
2023-12-12,329000.0,"상승  4,000",326000.0,334500.0,325500.0,40199.0,한미약품,128940
2023-12-13,329000.0,보합0,329500.0,332000.0,326000.0,25895.0,한미약품,128940
2023-12-14,333000.0,"상승  4,000",333000.0,338000.0,331000.0,54127.0,한미약품,128940
2023-12-15,328500.0,"하락  4,500",334000.0,334500.0,327000.0,35146.0,한미약품,128940
2023-12-18,330500.0,"상승  2,000",327000.0,333500.0,325500.0,26351.0,한미약품,128940
2023-12-19,330000.0,하락  500,331000.0,333000.0,329500.0,21174.0,한미약품,128940
2023-12-20,332000.0,"상승  2,000",334000.0,334500.0,329000.0,26838.0,한미약품,128940
2023-12-21,328500.0,"하락  3,500",330500.0,334000.0,326500.0,25636.0,한미약품,128940
2023-12-22,330000.0,"상승  1,500",329000.0,332500.0,325000.0,36413.0,한미약품,128940
2023-12-26,344500.0,"상승  14,500",333000.0,349000.0,332000.0,110315.0,한미약품,128940
2023-12-27,340000.0,"상승  2,000",342500.0,349000.0,339000.0,83293.0,한미약품,128940
2023-12-28,352500.0,"상승  12,500",341000.0,353000.0,340500.0,88576.0,한미약품,128940
2024-01-02,358000.0,"상승  5,500",353500.0,359500.0,349000.0,75411.0,한미약품,128940
2024-01-03,366500.0,"상승  8,500",360000.0,377000.0,358500.0,135738.0,한미약품,128940
2024-01-04,361000.0,"하락  5,500",370000.0,376500.0,355500.0,90595.0,한미약품,128940
2024-01-05,355000.0,"하락  6,000",361500.0,364500.0,347500.0,63905.0,한미약품,128940
2024-01-08,348500.0,"하락  6,500",355000.0,361500.0,348500.0,41360.0,한미약품,128940
2024-01-09,347500.0,"하락  1,000",354000.0,356000.0,346000.0,52638.0,한미약품,128940
2024-01-10,350000.0,"상승  2,500",352500.0,353000.0,347500.0,28806.0,한미약품,128940
2024-01-11,345000.0,"하락  5,000",348000.0,350000.0,340000.0,47714.0,한미약품,128940
2024-01-12,353000.0,"상승  8,000",345000.0,358000.0,345000.0,49319.0,한미약품,128940
2024-01-15,338000.0,"하락  15,000",375000.0,376500.0,333000.0,165075.0,한미약품,128940
2024-01-16,341000.0,"상승  3,000",338000.0,371500.0,334500.0,367663.0,한미약품,128940
2024-01-17,330500.0,"하락  10,500",335000.0,341000.0,320000.0,92739.0,한미약품,128940
2024-01-18,324500.0,"하락  6,000",330500.0,334500.0,323000.0,52230.0,한미약품,128940
2024-01-19,318000.0,"하락  6,500",323000.0,328500.0,316000.0,62489.0,한미약품,128940
2024-01-22,325500.0,"상승  7,500",320500.0,331500.0,318500.0,37270.0,한미약품,128940
2024-01-23,326500.0,"상승  1,000",327000.0,330500.0,324500.0,35172.0,한미약품,128940
2024-01-24,325000.0,"하락  1,500",327500.0,327500.0,323500.0,19692.0,한미약품,128940
2024-01-25,332000.0,"상승  7,000",324500.0,336000.0,323000.0,47630.0,한미약품,128940
2024-01-26,338000.0,"상승  6,000",333000.0,343500.0,330500.0,42155.0,한미약품,128940
2024-01-29,334500.0,"하락  3,500",339000.0,346500.0,334000.0,37992.0,한미약품,128940
2024-01-30,330000.0,"하락  4,500",335500.0,336000.0,325500.0,30170.0,한미약품,128940
2024-01-31,324000.0,"하락  6,000",328500.0,331500.0,322000.0,29884.0,한미약품,128940
2024-02-01,315500.0,"하락  8,500",323500.0,324000.0,311500.0,58980.0,한미약품,128940
2024-02-02,318500.0,"상승  3,000",316000.0,320500.0,314500.0,30768.0,한미약품,128940
2024-02-05,314500.0,"하락  4,000",326000.0,335000.0,313000.0,77704.0,한미약품,128940
2024-02-06,321500.0,"상승  7,000",314500.0,323000.0,314000.0,39985.0,한미약품,128940
2024-02-07,337000.0,"상승  15,500",324000.0,340500.0,320500.0,81694.0,한미약품,128940
2024-02-08,334500.0,"하락  2,500",339500.0,341000.0,333000.0,34371.0,한미약품,128940
2024-02-13,339500.0,"상승  5,000",338000.0,342000.0,333000.0,30379.0,한미약품,128940
2024-02-14,336000.0,"하락  3,500",336500.0,338500.0,328500.0,23701.0,한미약품,128940
2024-02-15,331000.0,"하락  5,000",339000.0,339500.0,331000.0,28774.0,한미약품,128940
2024-02-16,335500.0,"상승  4,500",334000.0,338000.0,332000.0,21798.0,한미약품,128940
2024-02-19,336500.0,"상승  1,000",336000.0,341500.0,333000.0,22562.0,한미약품,128940
2024-02-20,342000.0,"상승  5,500",338500.0,352500.0,336000.0,61004.0,한미약품,128940
2024-02-21,344500.0,"상승  2,500",344500.0,348000.0,338000.0,37395.0,한미약품,128940
2024-02-22,333500.0,"하락  11,000",345000.0,346000.0,329500.0,43407.0,한미약품,128940
2024-02-23,332000.0,"하락  1,500",333000.0,338500.0,330000.0,42137.0,한미약품,128940
2024-02-26,338000.0,"상승  6,000",332000.0,346500.0,332000.0,48141.0,한미약품,128940
2024-02-27,336000.0,"하락  2,000",341500.0,345000.0,333000.0,37799.0,한미약품,128940
2024-02-28,339000.0,"상승  3,000",339500.0,340500.0,332500.0,32175.0,한미약품,128940
2024-02-29,334000.0,"하락  5,000",336000.0,340000.0,333000.0,33370.0,한미약품,128940
2024-03-04,323000.0,"하락  11,000",334000.0,338500.0,322500.0,61523.0,한미약품,128940
2024-03-05,322000.0,"하락  1,000",323000.0,327000.0,320000.0,30734.0,한미약품,128940
2024-03-06,328000.0,"상승  6,000",323000.0,329500.0,318000.0,41094.0,한미약품,128940
2024-03-07,316500.0,"하락  11,500",327000.0,329500.0,315000.0,42272.0,한미약품,128940
2024-03-08,334000.0,"상승  17,500",321500.0,335000.0,321500.0,61927.0,한미약품,128940
2024-03-11,335000.0,"상승  1,000",341000.0,349000.0,333500.0,88718.0,한미약품,128940
2024-03-12,338000.0,"상승  3,000",335000.0,345000.0,330500.0,60814.0,한미약품,128940
2024-03-13,336500.0,"하락  1,500",339000.0,339000.0,331500.0,36983.0,한미약품,128940
2024-03-14,333000.0,"하락  3,500",336500.0,338500.0,328500.0,54001.0,한미약품,128940
2024-03-15,321500.0,"하락  11,500",335000.0,338000.0,321000.0,59847.0,한미약품,128940
2024-03-18,327000.0,"상승  5,500",323000.0,331000.0,323000.0,40464.0,한미약품,128940
2024-03-19,326000.0,"하락  1,000",327500.0,327500.0,320000.0,27242.0,한미약품,128940
2024-03-20,326500.0,상승  500,328500.0,333000.0,322000.0,37198.0,한미약품,128940
2024-03-21,334000.0,"상승  7,500",328500.0,334000.0,325500.0,40500.0,한미약품,128940
2024-03-22,333000.0,"하락  1,000",334000.0,336000.0,330500.0,35044.0,한미약품,128940
2024-03-25,347000.0,"상승  14,000",339000.0,350000.0,337000.0,114809.0,한미약품,128940
2024-03-26,346500.0,하락  500,347500.0,349000.0,330500.0,70716.0,한미약품,128940
2024-03-27,345000.0,"하락  1,500",346000.0,347500.0,338000.0,43856.0,한미약품,128940
2024-03-28,342000.0,"하락  3,000",345000.0,348500.0,339500.0,56557.0,한미약품,128940
2024-03-29,333000.0,"하락  9,000",342000.0,344000.0,322000.0,107481.0,한미약품,128940
2024-04-01,328000.0,"하락  5,000",334500.0,334500.0,327000.0,35557.0,한미약품,128940
2024-04-02,320500.0,"하락  7,500",325500.0,328000.0,320000.0,57899.0,한미약품,128940
2024-04-03,311000.0,"하락  9,500",321500.0,325000.0,310500.0,72358.0,한미약품,128940
2024-04-04,314500.0,"상승  3,500",313000.0,318000.0,313000.0,30316.0,한미약품,128940
2024-04-05,314500.0,보합0,310500.0,317500.0,310500.0,25313.0,한미약품,128940
2024-04-08,309000.0,"하락  5,500",314500.0,314500.0,307000.0,30434.0,한미약품,128940
2024-04-09,306000.0,"하락  3,000",306000.0,312000.0,305500.0,22608.0,한미약품,128940
2024-04-11,313000.0,"상승  7,000",303000.0,313000.0,302000.0,47868.0,한미약품,128940
2024-04-12,316000.0,"상승  3,000",312000.0,318000.0,306500.0,30282.0,한미약품,128940
2024-04-15,306000.0,"하락  10,000",314500.0,314500.0,305500.0,27999.0,한미약품,128940
2024-04-16,300000.0,"하락  6,000",302000.0,305500.0,298500.0,25846.0,한미약품,128940
2024-04-17,297500.0,"하락  2,500",298500.0,302500.0,296000.0,32860.0,한미약품,128940
2024-04-18,316000.0,"상승  18,500",299000.0,316000.0,299000.0,40567.0,한미약품,128940
2024-04-19,308500.0,"하락  7,500",312000.0,312000.0,304500.0,23500.0,한미약품,128940
2024-04-22,313500.0,"상승  5,000",313000.0,318500.0,311500.0,19277.0,한미약품,128940
2024-04-23,314500.0,"상승  1,000",314500.0,317000.0,310500.0,14732.0,한미약품,128940
2024-04-24,315000.0,상승  500,316000.0,316500.0,312000.0,15054.0,한미약품,128940
2024-04-25,310000.0,"하락  5,000",314000.0,317000.0,310000.0,15491.0,한미약품,128940
2024-04-26,310500.0,상승  500,311000.0,314500.0,308500.0,21794.0,한미약품,128940
2024-04-29,318500.0,"상승  8,000",313500.0,319000.0,313000.0,27732.0,한미약품,128940
2024-04-30,316500.0,"하락  2,000",316500.0,321500.0,315500.0,36262.0,한미약품,128940
2024-05-02,319500.0,"상승  3,000",319000.0,321500.0,317000.0,30894.0,한미약품,128940
2024-05-03,317000.0,"하락  2,500",322000.0,322000.0,316000.0,17868.0,한미약품,128940
2024-05-07,324000.0,"상승  7,000",321000.0,325000.0,320500.0,35926.0,한미약품,128940
2024-05-08,327000.0,"상승  3,000",327000.0,333000.0,323000.0,46283.0,한미약품,128940
2024-05-09,319000.0,"하락  8,000",327000.0,327500.0,318500.0,28475.0,한미약품,128940
2024-05-10,318500.0,하락  500,322500.0,326000.0,318500.0,19543.0,한미약품,128940
2024-05-13,314000.0,"하락  4,500",318500.0,318500.0,312500.0,21340.0,한미약품,128940
2024-05-14,316500.0,"상승  2,500",315000.0,321000.0,313500.0,16680.0,한미약품,128940
2024-05-16,322000.0,"상승  5,500",321000.0,325000.0,320000.0,36005.0,한미약품,128940
2024-05-17,324500.0,"상승  2,500",319000.0,328500.0,317500.0,28341.0,한미약품,128940
2024-05-20,316500.0,"하락  8,000",327500.0,327500.0,315000.0,41086.0,한미약품,128940
2024-05-21,313500.0,"하락  3,000",314000.0,317000.0,311500.0,23069.0,한미약품,128940
2024-05-22,309500.0,"하락  4,000",313000.0,318500.0,309000.0,31072.0,한미약품,128940
2024-05-23,303500.0,"하락  6,000",310000.0,310000.0,303000.0,30267.0,한미약품,128940
2024-05-24,298000.0,"하락  5,500",300500.0,302500.0,295000.0,38456.0,한미약품,128940
2024-05-27,300000.0,"상승  2,000",299500.0,300000.0,293500.0,33454.0,한미약품,128940
2024-05-28,298000.0,"하락  2,000",297000.0,300000.0,296000.0,18452.0,한미약품,128940
2024-05-29,291000.0,"하락  7,000",295500.0,295500.0,286000.0,50237.0,한미약품,128940
2024-05-30,286500.0,"하락  4,500",288500.0,292500.0,285500.0,42648.0,한미약품,128940
2024-05-31,283500.0,"하락  3,000",289000.0,289000.0,280500.0,69674.0,한미약품,128940
2024-06-03,288500.0,"상승  5,000",284500.0,292000.0,284000.0,24331.0,한미약품,128940
2024-06-04,292500.0,"상승  4,000",288500.0,294500.0,287000.0,33067.0,한미약품,128940
2024-06-05,294000.0,"상승  1,500",291500.0,296000.0,290500.0,29162.0,한미약품,128940
2024-06-07,296000.0,"상승  2,000",298500.0,299000.0,292000.0,30786.0,한미약품,128940
2024-06-10,283500.0,"하락  12,500",293000.0,293500.0,283500.0,54609.0,한미약품,128940
2024-06-11,281500.0,"하락  2,000",283500.0,285000.0,280500.0,43782.0,한미약품,128940
2024-06-12,284000.0,"상승  2,500",282000.0,284000.0,280500.0,24010.0,한미약품,128940
2024-06-13,280000.0,"하락  4,000",285000.0,288500.0,280000.0,70853.0,한미약품,128940
2024-06-14,278000.0,"하락  2,000",280000.0,281500.0,276000.0,32518.0,한미약품,128940
2024-06-17,280500.0,"상승  2,500",279000.0,283500.0,275500.0,39738.0,한미약품,128940
2024-06-18,280000.0,하락  500,289000.0,289000.0,278000.0,42516.0,한미약품,128940
2024-06-19,281000.0,"상승  1,000",278000.0,283000.0,275000.0,46080.0,한미약품,128940
2024-06-20,279000.0,"하락  2,000",280500.0,284000.0,278500.0,27642.0,한미약품,128940
2024-06-21,277500.0,"하락  1,500",280000.0,282000.0,276000.0,44366.0,한미약품,128940
2024-06-24,273500.0,"하락  4,000",277000.0,279000.0,272500.0,29872.0,한미약품,128940
2024-06-25,279000.0,"상승  5,500",277000.0,281500.0,275500.0,52147.0,한미약품,128940
2024-06-26,277000.0,"하락  2,000",279500.0,280000.0,273500.0,25440.0,한미약품,128940
2024-06-27,270000.0,"하락  7,000",274500.0,275500.0,269500.0,43884.0,한미약품,128940
2024-06-28,270500.0,상승  500,269000.0,271500.0,266000.0,33621.0,한미약품,128940
2024-07-01,285500.0,"상승  15,000",269500.0,287500.0,269500.0,72967.0,한미약품,128940
2024-07-02,285000.0,하락  500,288000.0,288000.0,282000.0,56051.0,한미약품,128940
2024-07-03,280500.0,"하락  4,500",287000.0,287000.0,279000.0,37119.0,한미약품,128940
2024-07-04,278500.0,"하락  2,000",286000.0,288500.0,276500.0,61076.0,한미약품,128940
2024-07-05,287000.0,"상승  8,500",279500.0,289500.0,279000.0,62204.0,한미약품,128940
2024-07-08,280000.0,"하락  7,000",288000.0,290000.0,278000.0,55298.0,한미약품,128940
2024-07-09,283500.0,"상승  3,500",282500.0,287500.0,281500.0,36663.0,한미약품,128940
2024-07-10,302000.0,"상승  18,500",283000.0,303000.0,281500.0,121228.0,한미약품,128940
2024-07-11,304000.0,"상승  2,000",305500.0,310000.0,299500.0,109277.0,한미약품,128940
2024-07-12,306500.0,"상승  2,500",301500.0,309000.0,298500.0,54488.0,한미약품,128940
2024-07-15,304000.0,"하락  2,500",310000.0,311000.0,303000.0,45036.0,한미약품,128940
2024-07-16,299000.0,"하락  5,000",303500.0,305000.0,295500.0,39702.0,한미약품,128940
2024-07-17,304500.0,"상승  5,500",301000.0,306500.0,297500.0,38281.0,한미약품,128940
2024-07-18,307000.0,"상승  2,500",307000.0,309000.0,302500.0,38084.0,한미약품,128940
2024-07-19,303000.0,"하락  4,000",304000.0,306000.0,298500.0,20682.0,한미약품,128940
2024-07-22,300500.0,"하락  2,500",303000.0,304000.0,297000.0,21168.0,한미약품,128940
2024-07-23,297500.0,"하락  3,000",300000.0,304000.0,297000.0,35944.0,한미약품,128940
2024-07-24,306000.0,"상승  8,500",297500.0,306500.0,296500.0,41119.0,한미약품,128940
2024-07-25,305000.0,"하락  1,000",303000.0,313500.0,302500.0,83563.0,한미약품,128940
2024-07-26,304000.0,"하락  1,000",309500.0,313500.0,302000.0,59833.0,한미약품,128940
2024-07-29,306500.0,"상승  2,500",305000.0,312000.0,304500.0,40763.0,한미약품,128940
2024-07-30,304000.0,"하락  2,500",306500.0,308000.0,300500.0,34983.0,한미약품,128940
2024-07-31,289000.0,"하락  15,000",310000.0,310000.0,288000.0,84924.0,한미약품,128940
2024-08-01,295000.0,"상승  6,000",289000.0,299000.0,287500.0,44405.0,한미약품,128940
2024-08-02,285500.0,"하락  9,500",292000.0,295000.0,284500.0,38496.0,한미약품,128940
2024-08-05,264500.0,"하락  21,000",282000.0,284000.0,258000.0,61096.0,한미약품,128940
2024-08-06,276000.0,"상승  11,500",271000.0,279500.0,269000.0,36809.0,한미약품,128940
2024-08-07,280000.0,"상승  4,000",273000.0,289000.0,271000.0,51233.0,한미약품,128940
2024-08-08,285000.0,"상승  5,000",280000.0,286000.0,275000.0,41155.0,한미약품,128940
2024-08-09,281000.0,"하락  4,000",288500.0,288500.0,279500.0,38498.0,한미약품,128940
2024-08-12,286000.0,"상승  5,000",282500.0,287500.0,282000.0,21738.0,한미약품,128940
2024-08-13,283000.0,"하락  3,000",284000.0,285500.0,281000.0,18088.0,한미약품,128940
2024-08-14,284500.0,"상승  1,500",284500.0,286000.0,278000.0,27885.0,한미약품,128940
2024-08-16,289000.0,"상승  4,500",287000.0,291500.0,286000.0,25353.0,한미약품,128940
2024-08-19,295500.0,"상승  6,500",290000.0,296000.0,287500.0,34759.0,한미약품,128940
2024-08-20,288000.0,"하락  7,500",295000.0,295000.0,287000.0,31202.0,한미약품,128940
2024-08-21,294000.0,"상승  6,000",289500.0,297000.0,289000.0,48616.0,한미약품,128940
2024-08-22,295500.0,"상승  1,500",294500.0,297500.0,290000.0,34841.0,한미약품,128940
2024-08-23,304500.0,"상승  9,000",294000.0,305500.0,293500.0,63838.0,한미약품,128940
2024-08-26,304000.0,하락  500,304000.0,304500.0,298500.0,38569.0,한미약품,128940
2024-08-27,300000.0,"하락  4,000",303500.0,304000.0,298000.0,30025.0,한미약품,128940
2024-08-28,296500.0,"하락  3,500",299000.0,301500.0,295500.0,52667.0,한미약품,128940
2024-08-29,302500.0,"상승  6,000",296500.0,310000.0,295000.0,81401.0,한미약품,128940
2024-08-30,315500.0,"상승  13,000",305000.0,320000.0,304000.0,167231.0,한미약품,128940
2024-09-02,309000.0,"하락  6,500",319000.0,319500.0,304500.0,60263.0,한미약품,128940
2024-09-03,310000.0,"상승  1,000",307500.0,315000.0,306000.0,53951.0,한미약품,128940
2024-09-04,293500.0,"하락  16,500",301000.0,307000.0,293000.0,68290.0,한미약품,128940
2024-09-05,290000.0,"하락  3,500",295000.0,297500.0,285000.0,44953.0,한미약품,128940
2024-09-06,315500.0,"상승  25,500",292000.0,318000.0,291000.0,165365.0,한미약품,128940
2024-09-09,315500.0,보합0,309000.0,319500.0,305000.0,79816.0,한미약품,128940
2024-09-10,324500.0,"상승  9,000",328000.0,337000.0,322000.0,186708.0,한미약품,128940
2024-09-11,315000.0,"하락  9,500",324500.0,330000.0,311000.0,110802.0,한미약품,128940
2024-09-12,322500.0,"상승  7,500",317500.0,325500.0,314000.0,77718.0,한미약품,128940
2024-09-13,323500.0,"상승  1,000",327500.0,327500.0,315500.0,54915.0,한미약품,128940
2024-09-19,331000.0,"상승  7,500",326500.0,334000.0,324000.0,83951.0,한미약품,128940
2024-09-20,332000.0,"상승  1,000",331000.0,341000.0,328000.0,142998.0,한미약품,128940
2024-09-23,333500.0,"상승  1,500",337500.0,339500.0,331500.0,54173.0,한미약품,128940
2024-09-24,337000.0,"상승  3,500",334500.0,341000.0,323000.0,95994.0,한미약품,128940
2024-09-25,326000.0,"하락  11,000",340500.0,340500.0,324500.0,59128.0,한미약품,128940
2024-09-26,338000.0,"상승  12,000",326000.0,338500.0,325500.0,54586.0,한미약품,128940
2024-09-27,313500.0,"하락  24,500",331500.0,333000.0,311500.0,160904.0,한미약품,128940
2024-09-30,321500.0,"상승  8,000",313500.0,324500.0,313000.0,72408.0,한미약품,128940
2024-10-02,316000.0,"하락  5,500",318000.0,319500.0,313500.0,34730.0,한미약품,128940
2024-10-04,329000.0,"상승  13,000",314500.0,331000.0,314000.0,66803.0,한미약품,128940
2024-10-07,321000.0,"하락  8,000",329000.0,329500.0,319500.0,46876.0,한미약품,128940
2024-10-08,321500.0,상승  500,323000.0,326500.0,320000.0,39234.0,한미약품,128940
2024-10-10,321500.0,보합0,325000.0,330000.0,320000.0,52159.0,한미약품,128940
2024-10-11,328500.0,"상승  7,000",322500.0,333000.0,320000.0,56950.0,한미약품,128940
2024-10-14,324500.0,"하락  4,000",330000.0,330000.0,321000.0,45550.0,한미약품,128940
2024-10-15,321500.0,"하락  3,000",322000.0,323000.0,316000.0,65509.0,한미약품,128940
2024-10-16,314000.0,"하락  7,500",320500.0,321000.0,313000.0,54641.0,한미약품,128940
2024-10-17,322000.0,"상승  8,000",315000.0,332000.0,310000.0,98090.0,한미약품,128940
2024-10-18,350500.0,"상승  28,500",323500.0,375000.0,321500.0,464485.0,한미약품,128940
2024-10-21,345500.0,"하락  5,000",347000.0,351000.0,342000.0,104109.0,한미약품,128940
2024-10-22,333000.0,"하락  12,500",345500.0,346000.0,330500.0,96419.0,한미약품,128940
2024-10-23,318500.0,"하락  14,500",328500.0,336500.0,317000.0,96997.0,한미약품,128940
2024-10-24,333000.0,"상승  14,500",318500.0,342000.0,316000.0,185468.0,한미약품,128940
2024-10-25,330500.0,"하락  2,500",338000.0,338500.0,326500.0,94167.0,한미약품,128940
2024-10-28,328000.0,"하락  2,500",332000.0,334000.0,324000.0,58100.0,한미약품,128940
2024-10-29,332000.0,"상승  4,000",330000.0,335000.0,325000.0,60470.0,한미약품,128940
2024-10-30,330000.0,"하락  2,000",334000.0,342500.0,328000.0,138519.0,한미약품,128940
2024-10-31,320500.0,"하락  9,500",325500.0,330000.0,318500.0,66618.0,한미약품,128940
2024-11-01,306500.0,"하락  14,000",319000.0,320500.0,306500.0,103262.0,한미약품,128940
2024-11-04,335000.0,"상승  28,500",310000.0,338000.0,306500.0,115700.0,한미약품,128940
2024-11-05,336500.0,"상승  1,500",350000.0,367000.0,336000.0,340861.0,한미약품,128940
2024-11-06,346000.0,"상승  9,500",338500.0,346500.0,328000.0,110767.0,한미약품,128940
2024-11-07,321500.0,"하락  24,500",343500.0,343500.0,317000.0,130257.0,한미약품,128940
2024-11-08,323000.0,"상승  1,500",324000.0,331500.0,318500.0,109142.0,한미약품,128940
2024-11-11,339000.0,"상승  16,000",323500.0,342500.0,317000.0,145254.0,한미약품,128940
2024-11-12,313000.0,"하락  26,000",332000.0,333500.0,309500.0,137959.0,한미약품,128940
2024-11-13,312500.0,하락  500,315000.0,318500.0,311000.0,105315.0,한미약품,128940
2024-11-14,296000.0,"하락  16,500",315000.0,315000.0,292000.0,135680.0,한미약품,128940
2024-11-15,289500.0,"하락  6,500",292000.0,298000.0,282500.0,82166.0,한미약품,128940
2024-11-18,285000.0,"하락  4,500",283000.0,290000.0,276500.0,83909.0,한미약품,128940
2024-11-19,283500.0,"하락  1,500",282000.0,290000.0,280500.0,68063.0,한미약품,128940
2024-11-20,281000.0,"하락  2,500",284000.0,286000.0,280000.0,51834.0,한미약품,128940
2024-11-21,281000.0,보합0,281500.0,284000.0,275500.0,82296.0,한미약품,128940
2024-11-22,278000.0,"하락  3,000",283000.0,285000.0,275500.0,58123.0,한미약품,128940
2024-11-25,280000.0,"상승  2,000",279000.0,284000.0,277000.0,70645.0,한미약품,128940
2024-11-26,279500.0,하락  500,280000.0,283500.0,277000.0,47480.0,한미약품,128940
2024-11-27,283500.0,"상승  4,000",281000.0,285000.0,280000.0,40153.0,한미약품,128940
2024-11-28,286500.0,"상승  3,000",283500.0,291000.0,283000.0,42768.0,한미약품,128940
2024-11-29,272500.0,"하락  14,000",285000.0,285500.0,271000.0,81226.0,한미약품,128940
2024-12-02,275000.0,"상승  2,500",275500.0,277500.0,268500.0,52332.0,한미약품,128940
2024-12-03,280000.0,"상승  5,000",275500.0,281500.0,274500.0,57648.0,한미약품,128940
2024-12-04,273000.0,"하락  7,000",274000.0,279000.0,269500.0,48509.0,한미약품,128940
2024-12-05,264500.0,"하락  8,500",272000.0,273500.0,263500.0,46234.0,한미약품,128940
2024-12-06,263000.0,"하락  1,500",264500.0,270500.0,257500.0,42986.0,한미약품,128940
2024-12-09,245000.0,"하락  18,000",256500.0,257500.0,243500.0,78229.0,한미약품,128940
2024-12-10,256500.0,"상승  11,500",245000.0,258000.0,245000.0,42919.0,한미약품,128940
2024-12-11,263500.0,"상승  7,000",256000.0,268000.0,255500.0,39540.0,한미약품,128940
2024-12-12,265500.0,"상승  2,000",266000.0,271000.0,261000.0,67552.0,한미약품,128940
2024-12-13,269500.0,"상승  4,000",265500.0,273000.0,263000.0,41459.0,한미약품,128940
2024-12-16,272500.0,"상승  3,000",272000.0,274000.0,270000.0,36631.0,한미약품,128940
2024-12-17,270500.0,"하락  2,000",272500.0,275000.0,269000.0,36800.0,한미약품,128940
2024-12-18,273500.0,"상승  3,000",273000.0,275000.0,269500.0,26058.0,한미약품,128940
2024-12-19,269000.0,"하락  4,500",269500.0,272500.0,267500.0,41231.0,한미약품,128940
2024-12-20,266500.0,"하락  2,500",266500.0,269000.0,261000.0,35431.0,한미약품,128940
2024-12-23,266500.0,보합0,269000.0,269000.0,264000.0,20689.0,한미약품,128940
2024-12-24,267500.0,"상승  1,000",268500.0,269000.0,264000.0,19785.0,한미약품,128940
2024-12-26,275000.0,"상승  7,500",268500.0,277500.0,265000.0,67007.0,한미약품,128940
2024-12-27,273000.0,"하락  2,000",276000.0,283000.0,270000.0,43632.0,한미약품,128940
2024-12-30,280500.0,"상승  7,500",273500.0,285500.0,271000.0,45442.0,한미약품,128940
2025-01-02,278500.0,"하락  2,000",280000.0,283000.0,277500.0,29264.0,한미약품,128940
2025-01-03,283000.0,"상승  4,500",278500.0,284500.0,277000.0,31782.0,한미약품,128940
2025-01-06,283000.0,보합0,283500.0,284000.0,278000.0,36623.0,한미약품,128940
2025-01-07,283500.0,상승  500,283500.0,287500.0,281500.0,39239.0,한미약품,128940
2025-01-08,278000.0,"하락  5,500",282000.0,286000.0,276000.0,57296.0,한미약품,128940
2025-01-09,284000.0,"상승  6,000",279000.0,284000.0,276500.0,67397.0,한미약품,128940
2025-01-10,271000.0,"하락  13,000",282000.0,282000.0,269500.0,96733.0,한미약품,128940
2025-01-13,260500.0,"하락  10,500",270500.0,271000.0,258500.0,75513.0,한미약품,128940
2025-01-14,260500.0,보합0,262000.0,263500.0,258500.0,32129.0,한미약품,128940
2025-01-15,256000.0,"하락  4,500",261500.0,262000.0,256000.0,46276.0,한미약품,128940
2025-01-16,258000.0,"상승  2,000",257000.0,261000.0,256000.0,41341.0,한미약품,128940
2025-01-17,255500.0,"하락  2,500",259000.0,260500.0,255500.0,36629.0,한미약품,128940
2025-01-20,255000.0,하락  500,256500.0,257500.0,253000.0,29264.0,한미약품,128940
2025-01-21,254500.0,하락  500,256000.0,260500.0,254000.0,31860.0,한미약품,128940
2025-01-22,253000.0,"하락  1,500",256000.0,257500.0,250500.0,42148.0,한미약품,128940
2025-01-23,246500.0,"하락  6,500",254000.0,254000.0,246000.0,59547.0,한미약품,128940
2025-01-24,245000.0,"하락  1,500",247000.0,247500.0,243500.0,37180.0,한미약품,128940
2025-01-31,244000.0,"하락  1,000",247000.0,249500.0,242000.0,38778.0,한미약품,128940
2025-02-03,234000.0,"하락  10,000",244000.0,244000.0,233000.0,54700.0,한미약품,128940
2025-02-04,238000.0,"상승  4,000",236500.0,242000.0,235500.0,34525.0,한미약품,128940
2025-02-05,251500.0,"상승  13,500",242500.0,252500.0,242500.0,93460.0,한미약품,128940
2025-02-06,254500.0,"상승  3,000",254000.0,256500.0,249000.0,55534.0,한미약품,128940
2025-02-07,257500.0,"상승  3,000",252500.0,261000.0,252000.0,51824.0,한미약품,128940
2025-02-10,263500.0,"상승  6,000",259500.0,266500.0,259000.0,65194.0,한미약품,128940
2025-02-11,264500.0,"상승  1,000",265500.0,268500.0,261000.0,65632.0,한미약품,128940
2025-02-12,256000.0,"하락  8,500",265500.0,265500.0,254500.0,65363.0,한미약품,128940
2025-02-13,267500.0,"상승  11,500",256000.0,267500.0,252500.0,51767.0,한미약품,128940
2025-02-14,260500.0,"하락  7,000",267000.0,267000.0,258500.0,52190.0,한미약품,128940
2025-02-17,261000.0,상승  500,260500.0,263000.0,259000.0,31592.0,한미약품,128940
2025-02-18,262500.0,"상승  1,500",262000.0,264500.0,257000.0,32335.0,한미약품,128940
2025-02-19,264000.0,"상승  1,500",263000.0,265500.0,261000.0,30565.0,한미약품,128940
2025-02-20,269500.0,"상승  5,500",264500.0,274000.0,262000.0,96762.0,한미약품,128940
2025-02-21,268500.0,"하락  1,000",270000.0,274000.0,268500.0,35665.0,한미약품,128940
2025-02-24,268500.0,보합0,264000.0,270000.0,264000.0,31345.0,한미약품,128940
2025-02-25,266000.0,"하락  2,500",267500.0,269000.0,263000.0,45499.0,한미약품,128940
2025-02-26,268000.0,"상승  2,000",268500.0,269500.0,265500.0,50550.0,한미약품,128940
2025-02-27,252500.0,"하락  15,500",268000.0,270500.0,250000.0,116071.0,한미약품,128940
2025-02-28,240000.0,"하락  12,500",249500.0,254500.0,240000.0,682281.0,한미약품,128940
2025-03-04,240500.0,상승  500,240000.0,246000.0,237500.0,106618.0,한미약품,128940
2025-03-05,262500.0,"상승  22,000",241500.0,263500.0,241500.0,155159.0,한미약품,128940
2025-03-06,255000.0,"하락  7,500",262500.0,263000.0,252000.0,63532.0,한미약품,128940
2025-03-07,248000.0,"하락  7,000",253500.0,253500.0,247500.0,55525.0,한미약품,128940
2025-03-10,249500.0,"상승  1,500",248000.0,258500.0,247000.0,55395.0,한미약품,128940
2025-03-11,244000.0,"하락  5,500",244000.0,246000.0,241500.0,62486.0,한미약품,128940
2025-03-12,243000.0,"하락  1,000",244500.0,247000.0,242500.0,52739.0,한미약품,128940
2025-03-13,242000.0,"하락  1,000",243000.0,249000.0,241500.0,91970.0,한미약품,128940
2025-03-14,245000.0,"상승  3,000",243000.0,247500.0,241000.0,30574.0,한미약품,128940
2025-03-17,246000.0,"상승  1,000",246000.0,247500.0,244000.0,37194.0,한미약품,128940
2025-03-18,245500.0,하락  500,248000.0,248500.0,243000.0,36051.0,한미약품,128940
2025-03-19,246000.0,상승  500,244500.0,249500.0,244500.0,28663.0,한미약품,128940
2025-03-20,242000.0,"하락  4,000",246000.0,247500.0,242000.0,56745.0,한미약품,128940
2025-03-21,241500.0,하락  500,242000.0,243500.0,241000.0,41943.0,한미약품,128940
2025-03-24,242000.0,상승  500,241500.0,244000.0,240000.0,15172.0,한미약품,128940
2025-03-25,244000.0,"상승  2,000",241000.0,244500.0,241000.0,25966.0,한미약품,128940
2025-03-26,243000.0,"하락  1,000",246000.0,246500.0,240000.0,32554.0,한미약품,128940
2025-03-27,237500.0,"하락  5,500",240500.0,242500.0,237500.0,42059.0,한미약품,128940
2025-03-28,234000.0,"하락  3,500",239500.0,240000.0,233000.0,36111.0,한미약품,128940
2025-03-31,225500.0,"하락  8,500",231000.0,232000.0,224500.0,48139.0,한미약품,128940
2025-04-01,231500.0,"상승  6,000",227000.0,234500.0,227000.0,23820.0,한미약품,128940
2025-04-02,225000.0,"하락  6,500",231500.0,233500.0,224000.0,38657.0,한미약품,128940
2025-04-03,231000.0,"상승  6,000",220000.0,231000.0,219000.0,32647.0,한미약품,128940
2025-04-04,229000.0,"하락  2,000",228500.0,233500.0,225000.0,37384.0,한미약품,128940
2025-04-07,215000.0,"하락  14,000",221000.0,224500.0,214500.0,56290.0,한미약품,128940
2025-04-08,231000.0,"상승  16,000",221000.0,235500.0,220000.0,81007.0,한미약품,128940
2025-04-09,226000.0,"하락  5,000",230000.0,230500.0,225000.0,37270.0,한미약품,128940
2025-04-10,236500.0,"상승  10,500",235000.0,238000.0,228500.0,59129.0,한미약품,128940
2025-04-11,243000.0,"상승  6,500",233500.0,243000.0,231500.0,53294.0,한미약품,128940
2025-04-14,240500.0,"하락  2,500",241500.0,243500.0,236500.0,32499.0,한미약품,128940
2025-04-15,239000.0,"하락  1,500",240500.0,241500.0,237500.0,23874.0,한미약품,128940
2025-04-16,234500.0,"하락  4,500",239500.0,239500.0,233000.0,32385.0,한미약품,128940
2025-04-17,235500.0,"상승  1,000",235000.0,238500.0,234500.0,20933.0,한미약품,128940
2025-04-18,239500.0,"상승  4,000",238000.0,240000.0,235500.0,32685.0,한미약품,128940
2025-04-21,240000.0,상승  500,240500.0,242000.0,237500.0,25271.0,한미약품,128940
2025-04-22,239500.0,하락  500,239000.0,240000.0,236000.0,14815.0,한미약품,128940
2025-04-23,242000.0,"상승  2,500",242000.0,244500.0,239500.0,36801.0,한미약품,128940
2025-04-24,240500.0,"하락  1,500",244500.0,244500.0,239000.0,19346.0,한미약품,128940
2025-04-25,240000.0,하락  500,241500.0,242500.0,239000.0,19447.0,한미약품,128940
2025-04-28,239000.0,"하락  1,000",239000.0,241000.0,237500.0,22417.0,한미약품,128940
2025-04-29,247000.0,"상승  8,000",239500.0,252000.0,239500.0,58274.0,한미약품,128940
2025-04-30,269000.0,"상승  22,000",248000.0,275000.0,247000.0,282647.0,한미약품,128940
2025-05-02,265500.0,"하락  3,500",265000.0,271500.0,263500.0,87564.0,한미약품,128940
2025-05-07,257500.0,"하락  8,000",262000.0,262000.0,255500.0,52863.0,한미약품,128940
2025-05-08,260000.0,"상승  2,500",259500.0,271500.0,259000.0,134922.0,한미약품,128940
2025-05-09,271500.0,"상승  11,500",262500.0,275000.0,261500.0,146126.0,한미약품,128940
2025-05-12,269500.0,"하락  2,000",273000.0,273000.0,258500.0,110147.0,한미약품,128940
2025-05-13,277000.0,"상승  7,500",272500.0,283500.0,271500.0,139621.0,한미약품,128940
2025-05-14,288500.0,"상승  11,500",274000.0,293500.0,272000.0,146453.0,한미약품,128940
2025-05-15,292000.0,"상승  3,500",287000.0,295000.0,284000.0,83147.0,한미약품,128940
2025-05-16,293000.0,"상승  1,000",293500.0,296000.0,287750.0,80060.0,한미약품,128940
2025-05-19,286000.0,"하락  7,000",290000.0,291000.0,282500.0,52316.0,한미약품,128940
2025-05-20,285000.0,"하락  1,000",288500.0,290500.0,284000.0,65160.0,한미약품,128940
2025-05-21,291500.0,"상승  6,500",289000.0,296000.0,287000.0,62521.0,한미약품,128940
2025-05-22,288500.0,"하락  3,000",290000.0,297000.0,286000.0,47071.0,한미약품,128940
2025-05-23,292000.0,"상승  3,500",289500.0,294500.0,280000.0,62626.0,한미약품,128940
2025-05-26,307000.0,"상승  15,000",291000.0,308000.0,290500.0,96263.0,한미약품,128940
2025-05-27,306000.0,"하락  1,000",305000.0,306000.0,299000.0,45619.0,한미약품,128940
2025-05-28,300500.0,"하락  5,500",311500.0,311500.0,298000.0,65864.0,한미약품,128940
2025-05-29,306000.0,"상승  5,500",305000.0,312500.0,304500.0,59501.0,한미약품,128940
