날짜,종가,전일비,시가,고가,저가,거래량,회사명,종목코드
2020-03-13,22050.0,"하락  1,800",21150.0,22600.0,20450.0,797717.0,한화에어로스페이스,012450
2020-03-16,21000.0,"하락  1,050",22250.0,22900.0,21000.0,326383.0,한화에어로스페이스,012450
2020-03-17,20200.0,하락  800,19350.0,21150.0,19350.0,378303.0,한화에어로스페이스,012450
2020-03-18,18450.0,"하락  1,750",20150.0,20500.0,18450.0,369689.0,한화에어로스페이스,012450
2020-03-19,15700.0,"하락  2,750",18500.0,18950.0,15450.0,706180.0,한화에어로스페이스,012450
2020-03-20,16750.0,"상승  1,050",15700.0,16750.0,15050.0,717128.0,한화에어로스페이스,012450
2020-03-23,15000.0,"하락  1,750",15100.0,15600.0,14850.0,462930.0,한화에어로스페이스,012450
2020-03-24,16650.0,"상승  1,650",15300.0,16650.0,15100.0,465924.0,한화에어로스페이스,012450
2020-03-25,18200.0,"상승  1,550",17850.0,19100.0,17550.0,654279.0,한화에어로스페이스,012450
2020-03-26,19250.0,"상승  1,050",18750.0,19900.0,18000.0,662070.0,한화에어로스페이스,012450
2020-03-27,19800.0,상승  550,20500.0,20800.0,18800.0,536289.0,한화에어로스페이스,012450
2020-03-30,20150.0,상승  350,18800.0,20150.0,18650.0,339888.0,한화에어로스페이스,012450
2020-03-31,20550.0,상승  400,20500.0,21050.0,20200.0,367761.0,한화에어로스페이스,012450
2020-04-01,19950.0,하락  600,20150.0,20800.0,19700.0,356431.0,한화에어로스페이스,012450
2020-04-02,19950.0,보합0,19600.0,20050.0,19250.0,297199.0,한화에어로스페이스,012450
2020-04-03,19500.0,하락  450,19900.0,19900.0,19250.0,289842.0,한화에어로스페이스,012450
2020-04-06,20150.0,상승  650,19600.0,20200.0,19400.0,259943.0,한화에어로스페이스,012450
2020-04-07,22300.0,"상승  2,150",21150.0,23500.0,20800.0,837639.0,한화에어로스페이스,012450
2020-04-08,22950.0,상승  650,22250.0,23750.0,21600.0,504879.0,한화에어로스페이스,012450
2020-04-09,23350.0,상승  400,23500.0,24050.0,23000.0,370615.0,한화에어로스페이스,012450
2020-04-10,23250.0,하락  100,23400.0,23700.0,22900.0,262357.0,한화에어로스페이스,012450
2020-04-13,21950.0,"하락  1,300",23250.0,23400.0,21950.0,299188.0,한화에어로스페이스,012450
2020-04-14,22950.0,"상승  1,000",22150.0,22950.0,22100.0,317221.0,한화에어로스페이스,012450
2020-04-16,22550.0,하락  400,22250.0,22600.0,21850.0,268872.0,한화에어로스페이스,012450
2020-04-17,23150.0,상승  600,22950.0,23450.0,22750.0,302962.0,한화에어로스페이스,012450
2020-04-20,23400.0,상승  250,23350.0,24100.0,23050.0,312201.0,한화에어로스페이스,012450
2020-04-21,24650.0,"상승  1,250",23400.0,29500.0,22500.0,5908661.0,한화에어로스페이스,012450
2020-04-22,24150.0,하락  500,24200.0,24750.0,23400.0,1206783.0,한화에어로스페이스,012450
2020-04-23,24250.0,상승  100,24150.0,24500.0,24000.0,607632.0,한화에어로스페이스,012450
2020-04-24,25700.0,"상승  1,450",24650.0,27100.0,24600.0,2860903.0,한화에어로스페이스,012450
2020-04-27,26050.0,상승  350,25400.0,26500.0,25200.0,969445.0,한화에어로스페이스,012450
2020-04-28,27400.0,"상승  1,350",26150.0,28450.0,25650.0,2733936.0,한화에어로스페이스,012450
2020-04-29,26900.0,하락  500,27250.0,27900.0,26550.0,803064.0,한화에어로스페이스,012450
2020-05-04,24350.0,"하락  2,550",25050.0,25550.0,24350.0,791292.0,한화에어로스페이스,012450
2020-05-06,24600.0,상승  250,24500.0,24850.0,24450.0,379897.0,한화에어로스페이스,012450
2020-05-07,25150.0,상승  550,24400.0,25250.0,24350.0,301319.0,한화에어로스페이스,012450
2020-05-08,25000.0,하락  150,25250.0,25400.0,24900.0,271047.0,한화에어로스페이스,012450
2020-05-11,24450.0,하락  550,25000.0,25200.0,24450.0,386417.0,한화에어로스페이스,012450
2020-05-12,23650.0,하락  800,24700.0,24750.0,23400.0,477651.0,한화에어로스페이스,012450
2020-05-13,24300.0,상승  650,23650.0,24500.0,23650.0,384461.0,한화에어로스페이스,012450
2020-05-14,23250.0,"하락  1,050",24200.0,24200.0,23100.0,495053.0,한화에어로스페이스,012450
2020-05-15,23450.0,상승  200,23300.0,23600.0,23000.0,345914.0,한화에어로스페이스,012450
2020-05-18,23100.0,하락  350,23700.0,23700.0,22900.0,220870.0,한화에어로스페이스,012450
2020-05-19,23750.0,상승  650,23550.0,23950.0,23400.0,401700.0,한화에어로스페이스,012450
2020-05-20,23800.0,상승  50,23650.0,23900.0,23450.0,242377.0,한화에어로스페이스,012450
2020-05-21,23900.0,상승  100,23900.0,24350.0,23650.0,343767.0,한화에어로스페이스,012450
2020-05-22,23200.0,하락  700,24000.0,24000.0,22950.0,415653.0,한화에어로스페이스,012450
2020-05-25,23050.0,하락  150,23500.0,23500.0,22850.0,274742.0,한화에어로스페이스,012450
2020-05-26,23500.0,상승  450,23000.0,23700.0,23000.0,330081.0,한화에어로스페이스,012450
2020-05-27,24500.0,"상승  1,000",23500.0,24600.0,23500.0,642701.0,한화에어로스페이스,012450
2020-05-28,24000.0,하락  500,24750.0,25250.0,23750.0,790000.0,한화에어로스페이스,012450
2020-05-29,24300.0,상승  300,24300.0,24450.0,23800.0,447332.0,한화에어로스페이스,012450
2020-06-01,24500.0,상승  200,24800.0,24850.0,24200.0,354132.0,한화에어로스페이스,012450
2020-06-02,24500.0,보합0,24250.0,24600.0,24100.0,302240.0,한화에어로스페이스,012450
2020-06-03,25150.0,상승  650,24650.0,25600.0,24500.0,716294.0,한화에어로스페이스,012450
2020-06-04,25300.0,상승  150,26250.0,26250.0,24950.0,777983.0,한화에어로스페이스,012450
2020-06-05,25450.0,상승  150,25200.0,25450.0,24750.0,317687.0,한화에어로스페이스,012450
2020-06-08,25300.0,하락  150,25750.0,25800.0,25200.0,474793.0,한화에어로스페이스,012450
2020-06-09,25500.0,상승  200,25850.0,26650.0,25200.0,1098364.0,한화에어로스페이스,012450
2020-06-10,25050.0,하락  450,25600.0,25650.0,24800.0,393279.0,한화에어로스페이스,012450
2020-06-11,25150.0,상승  100,25100.0,25150.0,24500.0,494127.0,한화에어로스페이스,012450
2020-06-12,24500.0,하락  650,24100.0,24700.0,23900.0,476050.0,한화에어로스페이스,012450
2020-06-15,26150.0,"상승  1,650",25050.0,28200.0,25000.0,3745454.0,한화에어로스페이스,012450
2020-06-16,26250.0,상승  100,25700.0,26600.0,25050.0,1982075.0,한화에어로스페이스,012450
2020-06-17,29850.0,"상승  3,600",28700.0,31100.0,26750.0,11721235.0,한화에어로스페이스,012450
2020-06-18,29200.0,하락  650,29100.0,30700.0,28400.0,4839770.0,한화에어로스페이스,012450
2020-06-19,26650.0,"하락  2,550",29250.0,29650.0,26550.0,3757564.0,한화에어로스페이스,012450
2020-06-22,26350.0,하락  300,26150.0,27300.0,25600.0,1136631.0,한화에어로스페이스,012450
2020-06-23,26100.0,하락  250,26350.0,27100.0,25950.0,817265.0,한화에어로스페이스,012450
2020-06-24,24650.0,"하락  1,450",25100.0,25500.0,24500.0,1057966.0,한화에어로스페이스,012450
2020-06-25,24100.0,하락  550,24650.0,24650.0,24100.0,400601.0,한화에어로스페이스,012450
2020-06-26,25150.0,"상승  1,050",24300.0,25450.0,24250.0,564237.0,한화에어로스페이스,012450
2020-06-29,24600.0,하락  550,25450.0,25450.0,24400.0,314328.0,한화에어로스페이스,012450
2020-06-30,24600.0,보합0,25450.0,25450.0,24600.0,414303.0,한화에어로스페이스,012450
2020-07-01,24700.0,상승  100,24700.0,25150.0,24500.0,319211.0,한화에어로스페이스,012450
2020-07-02,24650.0,하락  50,24700.0,25000.0,24550.0,261005.0,한화에어로스페이스,012450
2020-07-03,24450.0,하락  200,24650.0,24700.0,24200.0,285011.0,한화에어로스페이스,012450
2020-07-06,24650.0,상승  200,24500.0,24750.0,24350.0,228287.0,한화에어로스페이스,012450
2020-07-07,24350.0,하락  300,24800.0,24900.0,24350.0,324098.0,한화에어로스페이스,012450
2020-07-08,24300.0,하락  50,24300.0,24500.0,24000.0,283339.0,한화에어로스페이스,012450
2020-07-09,24050.0,하락  250,24500.0,24500.0,24050.0,294485.0,한화에어로스페이스,012450
2020-07-10,23400.0,하락  650,24100.0,24100.0,23350.0,332612.0,한화에어로스페이스,012450
2020-07-13,23800.0,상승  400,23600.0,24050.0,23500.0,199234.0,한화에어로스페이스,012450
2020-07-14,23950.0,상승  150,23600.0,23950.0,23500.0,174615.0,한화에어로스페이스,012450
2020-07-15,24350.0,상승  400,24050.0,24450.0,24000.0,255083.0,한화에어로스페이스,012450
2020-07-16,24100.0,하락  250,24200.0,24600.0,24000.0,214962.0,한화에어로스페이스,012450
2020-07-17,23850.0,하락  250,23850.0,24150.0,23850.0,183090.0,한화에어로스페이스,012450
2020-07-20,24000.0,상승  150,24200.0,24250.0,23900.0,183075.0,한화에어로스페이스,012450
2020-07-21,24200.0,상승  200,23950.0,24400.0,23950.0,258062.0,한화에어로스페이스,012450
2020-07-22,24600.0,상승  400,24050.0,24800.0,24050.0,346033.0,한화에어로스페이스,012450
2020-07-23,24300.0,하락  300,24600.0,24700.0,24100.0,208999.0,한화에어로스페이스,012450
2020-07-24,23900.0,하락  400,24000.0,24200.0,23900.0,242089.0,한화에어로스페이스,012450
2020-07-27,25000.0,"상승  1,100",25850.0,26650.0,24750.0,1351751.0,한화에어로스페이스,012450
2020-07-28,25600.0,상승  600,25000.0,26000.0,24500.0,886977.0,한화에어로스페이스,012450
2020-07-29,25900.0,상승  300,27250.0,28500.0,25900.0,2136279.0,한화에어로스페이스,012450
2020-07-30,24950.0,하락  950,25900.0,25950.0,24850.0,734928.0,한화에어로스페이스,012450
2020-07-31,24300.0,하락  650,24900.0,25000.0,24300.0,484757.0,한화에어로스페이스,012450
2020-08-03,24500.0,상승  200,24200.0,24800.0,24150.0,301738.0,한화에어로스페이스,012450
2020-08-04,25200.0,상승  700,24500.0,25300.0,24500.0,317390.0,한화에어로스페이스,012450
2020-08-05,25800.0,상승  600,25250.0,25900.0,24900.0,615252.0,한화에어로스페이스,012450
2020-08-06,25400.0,하락  400,25800.0,26150.0,25400.0,418552.0,한화에어로스페이스,012450
2020-08-07,25550.0,상승  150,25350.0,25550.0,24950.0,403003.0,한화에어로스페이스,012450
2020-08-10,26850.0,"상승  1,300",25550.0,27150.0,25150.0,1199916.0,한화에어로스페이스,012450
2020-08-11,27400.0,상승  550,27250.0,27600.0,26600.0,742071.0,한화에어로스페이스,012450
2020-08-12,26950.0,하락  450,27750.0,27750.0,26250.0,1072899.0,한화에어로스페이스,012450
2020-08-13,27100.0,상승  150,27200.0,27350.0,26400.0,765699.0,한화에어로스페이스,012450
2020-08-14,27100.0,보합0,27100.0,27800.0,26850.0,691182.0,한화에어로스페이스,012450
2020-08-18,25750.0,"하락  1,350",27200.0,27450.0,25700.0,659799.0,한화에어로스페이스,012450
2020-08-19,25700.0,하락  50,25950.0,26150.0,25350.0,386669.0,한화에어로스페이스,012450
2020-08-20,24800.0,하락  900,25850.0,26100.0,24650.0,799075.0,한화에어로스페이스,012450
2020-08-21,25700.0,상승  900,25650.0,26250.0,25150.0,776698.0,한화에어로스페이스,012450
2020-08-24,25600.0,하락  100,25500.0,25950.0,24900.0,304220.0,한화에어로스페이스,012450
2020-08-25,26300.0,상승  700,25750.0,26450.0,25700.0,384050.0,한화에어로스페이스,012450
2020-08-26,26300.0,보합0,26600.0,26800.0,26050.0,392912.0,한화에어로스페이스,012450
2020-08-27,25500.0,하락  800,26350.0,26400.0,25500.0,355900.0,한화에어로스페이스,012450
2020-08-28,25600.0,상승  100,25300.0,25950.0,25300.0,265309.0,한화에어로스페이스,012450
2020-08-31,25800.0,상승  200,25650.0,26100.0,25600.0,297703.0,한화에어로스페이스,012450
2020-09-01,26700.0,상승  900,25600.0,26950.0,25600.0,612603.0,한화에어로스페이스,012450
2020-09-02,26800.0,상승  100,27000.0,27050.0,26500.0,349153.0,한화에어로스페이스,012450
2020-09-03,29250.0,"상승  2,450",27650.0,29600.0,27100.0,2721162.0,한화에어로스페이스,012450
2020-09-04,29150.0,하락  100,28500.0,31000.0,28350.0,2118062.0,한화에어로스페이스,012450
2020-09-07,28800.0,하락  350,29500.0,30200.0,28650.0,993760.0,한화에어로스페이스,012450
2020-09-08,29200.0,상승  400,29400.0,29750.0,29050.0,679513.0,한화에어로스페이스,012450
2020-09-09,28150.0,"하락  1,050",29000.0,29450.0,28150.0,682021.0,한화에어로스페이스,012450
2020-09-10,28350.0,상승  200,28300.0,28550.0,27750.0,479004.0,한화에어로스페이스,012450
2020-09-11,27600.0,하락  750,28200.0,28200.0,27350.0,387384.0,한화에어로스페이스,012450
2020-09-14,28150.0,상승  550,27400.0,28150.0,27250.0,383368.0,한화에어로스페이스,012450
2020-09-15,27600.0,하락  550,28200.0,28200.0,27350.0,490726.0,한화에어로스페이스,012450
2020-09-16,27100.0,하락  500,28400.0,28600.0,27000.0,984418.0,한화에어로스페이스,012450
2020-09-17,26700.0,하락  400,27050.0,27050.0,26250.0,475004.0,한화에어로스페이스,012450
2020-09-18,27000.0,상승  300,26700.0,27000.0,26450.0,281855.0,한화에어로스페이스,012450
2020-09-21,26300.0,하락  700,26700.0,26900.0,26250.0,359052.0,한화에어로스페이스,012450
2020-09-22,25350.0,하락  950,26000.0,26100.0,25250.0,462899.0,한화에어로스페이스,012450
2020-09-23,25600.0,상승  250,25500.0,25750.0,24850.0,262133.0,한화에어로스페이스,012450
2020-09-24,25550.0,하락  50,25000.0,26300.0,24950.0,433197.0,한화에어로스페이스,012450
2020-09-25,25000.0,하락  550,25950.0,25950.0,24750.0,323872.0,한화에어로스페이스,012450
2020-09-28,25050.0,상승  50,25200.0,25300.0,24950.0,207220.0,한화에어로스페이스,012450
2020-09-29,25400.0,상승  350,25300.0,25500.0,25050.0,197643.0,한화에어로스페이스,012450
2020-10-05,26400.0,"상승  1,000",25650.0,26500.0,25450.0,247192.0,한화에어로스페이스,012450
2020-10-06,26350.0,하락  50,26300.0,26650.0,26100.0,176788.0,한화에어로스페이스,012450
2020-10-07,26850.0,상승  500,26500.0,27000.0,26050.0,246593.0,한화에어로스페이스,012450
2020-10-08,26500.0,하락  350,27000.0,27000.0,26500.0,218525.0,한화에어로스페이스,012450
2020-10-12,26900.0,상승  400,26500.0,26950.0,26250.0,233198.0,한화에어로스페이스,012450
2020-10-13,26800.0,하락  100,27000.0,27000.0,26500.0,233401.0,한화에어로스페이스,012450
2020-10-14,26250.0,하락  550,26900.0,26950.0,26250.0,184423.0,한화에어로스페이스,012450
2020-10-15,25750.0,하락  500,26200.0,26400.0,25650.0,184764.0,한화에어로스페이스,012450
2020-10-16,25850.0,상승  100,25900.0,25950.0,25500.0,149135.0,한화에어로스페이스,012450
2020-10-19,26000.0,상승  150,26100.0,26600.0,25950.0,289871.0,한화에어로스페이스,012450
2020-10-20,25750.0,하락  250,25950.0,26200.0,25500.0,216584.0,한화에어로스페이스,012450
2020-10-21,26250.0,상승  500,25750.0,26350.0,25750.0,188902.0,한화에어로스페이스,012450
2020-10-22,25950.0,하락  300,26250.0,26400.0,25900.0,135130.0,한화에어로스페이스,012450
2020-10-23,27100.0,"상승  1,150",26200.0,27150.0,26100.0,585770.0,한화에어로스페이스,012450
2020-10-26,26600.0,하락  500,27100.0,27500.0,26400.0,372419.0,한화에어로스페이스,012450
2020-10-27,25950.0,하락  650,26200.0,26300.0,25800.0,299745.0,한화에어로스페이스,012450
2020-10-28,26150.0,상승  200,25700.0,26150.0,25600.0,189656.0,한화에어로스페이스,012450
2020-10-29,25600.0,하락  550,25600.0,25750.0,25300.0,292385.0,한화에어로스페이스,012450
2020-10-30,25100.0,하락  500,25500.0,25550.0,25000.0,235735.0,한화에어로스페이스,012450
2020-11-02,25400.0,상승  300,25100.0,25450.0,25000.0,108742.0,한화에어로스페이스,012450
2020-11-03,25750.0,상승  350,25350.0,25800.0,25350.0,122177.0,한화에어로스페이스,012450
2020-11-04,25550.0,하락  200,25900.0,26150.0,25350.0,264858.0,한화에어로스페이스,012450
2020-11-05,26100.0,상승  550,25750.0,26100.0,25550.0,272611.0,한화에어로스페이스,012450
2020-11-06,25800.0,하락  300,26050.0,26150.0,25750.0,146702.0,한화에어로스페이스,012450
2020-11-09,26350.0,상승  550,26100.0,26500.0,26000.0,275847.0,한화에어로스페이스,012450
2020-11-10,27500.0,"상승  1,150",26950.0,27700.0,26550.0,789689.0,한화에어로스페이스,012450
2020-11-11,28500.0,"상승  1,000",27650.0,28500.0,27100.0,881518.0,한화에어로스페이스,012450
2020-11-12,27400.0,"하락  1,100",28600.0,28600.0,27300.0,832583.0,한화에어로스페이스,012450
2020-11-13,27050.0,하락  350,27400.0,27800.0,26850.0,330577.0,한화에어로스페이스,012450
2020-11-16,27600.0,상승  550,27400.0,27900.0,27150.0,431589.0,한화에어로스페이스,012450
2020-11-17,27450.0,하락  150,27750.0,27900.0,27050.0,329823.0,한화에어로스페이스,012450
2020-11-18,27050.0,하락  400,27450.0,27650.0,26900.0,323754.0,한화에어로스페이스,012450
2020-11-19,26700.0,하락  350,27000.0,27150.0,26550.0,246963.0,한화에어로스페이스,012450
2020-11-20,26850.0,상승  150,26600.0,26950.0,26500.0,250829.0,한화에어로스페이스,012450
2020-11-23,27400.0,상승  550,26850.0,27650.0,26700.0,389699.0,한화에어로스페이스,012450
2020-11-24,27300.0,하락  100,27500.0,27650.0,26950.0,471216.0,한화에어로스페이스,012450
2020-11-25,27100.0,하락  200,27600.0,27750.0,26850.0,496629.0,한화에어로스페이스,012450
2020-11-26,27250.0,상승  150,26950.0,27250.0,26700.0,286161.0,한화에어로스페이스,012450
2020-11-27,26900.0,하락  350,27000.0,27200.0,26850.0,185516.0,한화에어로스페이스,012450
2020-11-30,26400.0,하락  500,27000.0,27050.0,26350.0,376411.0,한화에어로스페이스,012450
2020-12-01,26350.0,하락  50,26750.0,26750.0,26350.0,235531.0,한화에어로스페이스,012450
2020-12-02,26550.0,상승  200,26450.0,26600.0,26250.0,264247.0,한화에어로스페이스,012450
2020-12-03,26850.0,상승  300,26550.0,27000.0,26250.0,267825.0,한화에어로스페이스,012450
2020-12-04,26900.0,상승  50,27050.0,27100.0,26700.0,263615.0,한화에어로스페이스,012450
2020-12-07,26200.0,하락  700,26950.0,27000.0,26100.0,395467.0,한화에어로스페이스,012450
2020-12-08,25950.0,하락  250,26150.0,26300.0,25850.0,402499.0,한화에어로스페이스,012450
2020-12-09,26450.0,상승  500,26100.0,26450.0,25800.0,351162.0,한화에어로스페이스,012450
2020-12-10,27050.0,상승  600,26350.0,27100.0,26050.0,517033.0,한화에어로스페이스,012450
2020-12-11,27150.0,상승  100,27050.0,27800.0,27050.0,558211.0,한화에어로스페이스,012450
2020-12-14,27150.0,보합0,27150.0,27200.0,26900.0,264516.0,한화에어로스페이스,012450
2020-12-15,28050.0,상승  900,27450.0,28150.0,27350.0,884240.0,한화에어로스페이스,012450
2020-12-16,29100.0,"상승  1,050",28200.0,29100.0,28000.0,957560.0,한화에어로스페이스,012450
2020-12-17,28600.0,하락  500,29100.0,29150.0,28100.0,588422.0,한화에어로스페이스,012450
2020-12-18,29050.0,상승  450,28500.0,29400.0,28500.0,574274.0,한화에어로스페이스,012450
2020-12-21,28700.0,하락  350,29150.0,29200.0,28250.0,326975.0,한화에어로스페이스,012450
2020-12-22,27650.0,"하락  1,050",28300.0,28450.0,27500.0,451522.0,한화에어로스페이스,012450
2020-12-23,27700.0,상승  50,27850.0,28050.0,26900.0,401352.0,한화에어로스페이스,012450
2020-12-24,28000.0,상승  300,27750.0,28400.0,27600.0,299556.0,한화에어로스페이스,012450
2020-12-28,28400.0,상승  400,28050.0,28750.0,27900.0,435452.0,한화에어로스페이스,012450
2020-12-29,28200.0,하락  200,28450.0,28750.0,28000.0,304860.0,한화에어로스페이스,012450
2020-12-30,28500.0,상승  300,28200.0,28700.0,27950.0,320361.0,한화에어로스페이스,012450
2021-01-04,29800.0,"상승  1,300",28900.0,29900.0,28500.0,908760.0,한화에어로스페이스,012450
2021-01-05,30700.0,상승  900,29800.0,30800.0,29150.0,895327.0,한화에어로스페이스,012450
2021-01-06,30350.0,하락  350,31150.0,31350.0,30150.0,781170.0,한화에어로스페이스,012450
2021-01-07,30800.0,상승  450,30700.0,30850.0,30350.0,552883.0,한화에어로스페이스,012450
2021-01-08,32750.0,"상승  1,950",31050.0,33700.0,30650.0,2066290.0,한화에어로스페이스,012450
2021-01-11,31800.0,하락  950,32950.0,33750.0,30700.0,1621108.0,한화에어로스페이스,012450
2021-01-12,33550.0,"상승  1,750",31500.0,33900.0,30650.0,2251689.0,한화에어로스페이스,012450
2021-01-13,33050.0,하락  500,34300.0,34300.0,32750.0,1224200.0,한화에어로스페이스,012450
2021-01-14,32500.0,하락  550,33100.0,33400.0,31950.0,527806.0,한화에어로스페이스,012450
2021-01-15,35950.0,"상승  3,450",32850.0,36250.0,32650.0,3417300.0,한화에어로스페이스,012450
2021-01-18,38700.0,"상승  2,750",36200.0,39700.0,35250.0,4354287.0,한화에어로스페이스,012450
2021-01-19,39150.0,상승  450,39750.0,40000.0,37500.0,1855204.0,한화에어로스페이스,012450
2021-01-20,41100.0,"상승  1,950",39450.0,42000.0,38450.0,2832400.0,한화에어로스페이스,012450
2021-01-21,42100.0,"상승  1,000",41800.0,43450.0,40300.0,2440809.0,한화에어로스페이스,012450
2021-01-22,39900.0,"하락  2,200",42400.0,42400.0,39800.0,1300089.0,한화에어로스페이스,012450
2021-01-25,43050.0,"상승  3,150",39900.0,43750.0,39650.0,1797615.0,한화에어로스페이스,012450
2021-01-26,44600.0,"상승  1,550",43400.0,46650.0,42200.0,2067691.0,한화에어로스페이스,012450
2021-01-27,42600.0,"하락  2,000",45400.0,46650.0,42250.0,1361488.0,한화에어로스페이스,012450
2021-01-28,40550.0,"하락  2,050",41350.0,42350.0,40450.0,1182716.0,한화에어로스페이스,012450
2021-01-29,40650.0,상승  100,41000.0,42700.0,38950.0,2115936.0,한화에어로스페이스,012450
2021-02-01,40900.0,상승  250,40250.0,41250.0,39000.0,969024.0,한화에어로스페이스,012450
2021-02-02,41700.0,상승  800,42500.0,44200.0,41000.0,1569950.0,한화에어로스페이스,012450
2021-02-03,42300.0,상승  600,41800.0,42350.0,41100.0,667465.0,한화에어로스페이스,012450
2021-02-04,44250.0,"상승  1,950",42650.0,45700.0,41500.0,2641000.0,한화에어로스페이스,012450
2021-02-05,43550.0,하락  700,44200.0,44700.0,42650.0,945828.0,한화에어로스페이스,012450
2021-02-08,42400.0,"하락  1,150",43500.0,44000.0,42300.0,602992.0,한화에어로스페이스,012450
2021-02-09,40850.0,"하락  1,550",42700.0,43150.0,40700.0,812088.0,한화에어로스페이스,012450
2021-02-10,43300.0,"상승  2,450",41300.0,43900.0,40950.0,1351918.0,한화에어로스페이스,012450
2021-02-15,44400.0,"상승  1,100",44400.0,45150.0,43300.0,911115.0,한화에어로스페이스,012450
2021-02-16,42900.0,"하락  1,500",44600.0,44650.0,42650.0,643550.0,한화에어로스페이스,012450
2021-02-17,41600.0,"하락  1,300",42700.0,42700.0,41400.0,631326.0,한화에어로스페이스,012450
2021-02-18,42450.0,상승  850,41700.0,44100.0,41700.0,928139.0,한화에어로스페이스,012450
2021-02-19,41850.0,하락  600,43000.0,43850.0,40750.0,798665.0,한화에어로스페이스,012450
2021-02-22,41550.0,하락  300,42200.0,43300.0,41100.0,501385.0,한화에어로스페이스,012450
2021-02-23,40400.0,"하락  1,150",41050.0,41500.0,40350.0,437091.0,한화에어로스페이스,012450
2021-02-24,38100.0,"하락  2,300",40400.0,40750.0,37950.0,1010963.0,한화에어로스페이스,012450
2021-02-25,38900.0,상승  800,38950.0,39250.0,38300.0,481891.0,한화에어로스페이스,012450
2021-02-26,36900.0,"하락  2,000",37500.0,37600.0,36100.0,1013867.0,한화에어로스페이스,012450
2021-03-02,37600.0,상승  700,38750.0,39300.0,37050.0,740979.0,한화에어로스페이스,012450
2021-03-03,38350.0,상승  750,37500.0,38850.0,37100.0,554328.0,한화에어로스페이스,012450
2021-03-04,37750.0,하락  600,37900.0,38600.0,37400.0,365926.0,한화에어로스페이스,012450
2021-03-05,37000.0,하락  750,37200.0,37300.0,36350.0,469599.0,한화에어로스페이스,012450
2021-03-08,37400.0,상승  400,37800.0,38950.0,37300.0,724952.0,한화에어로스페이스,012450
2021-03-09,36900.0,하락  500,37600.0,38000.0,36000.0,399715.0,한화에어로스페이스,012450
2021-03-10,37050.0,상승  150,37800.0,38150.0,36700.0,339697.0,한화에어로스페이스,012450
2021-03-11,41250.0,"상승  4,200",37350.0,42150.0,37250.0,1940345.0,한화에어로스페이스,012450
2021-03-12,41250.0,보합0,41300.0,41750.0,40500.0,763609.0,한화에어로스페이스,012450
2021-03-15,41300.0,상승  50,41200.0,41800.0,40700.0,470214.0,한화에어로스페이스,012450
2021-03-16,40700.0,하락  600,41700.0,41800.0,40600.0,460886.0,한화에어로스페이스,012450
2021-03-17,41250.0,상승  550,40800.0,41350.0,39700.0,563386.0,한화에어로스페이스,012450
2021-03-18,41850.0,상승  600,41700.0,42350.0,41100.0,601872.0,한화에어로스페이스,012450
2021-03-19,41650.0,하락  200,41000.0,42100.0,40450.0,534895.0,한화에어로스페이스,012450
2021-03-22,40800.0,하락  850,41850.0,42000.0,40700.0,444340.0,한화에어로스페이스,012450
2021-03-23,39250.0,"하락  1,550",41200.0,41500.0,38900.0,670885.0,한화에어로스페이스,012450
2021-03-24,39250.0,보합0,39250.0,39600.0,38600.0,338616.0,한화에어로스페이스,012450
2021-03-25,39100.0,하락  150,39350.0,39700.0,38800.0,363911.0,한화에어로스페이스,012450
2021-03-26,40000.0,상승  900,39150.0,41250.0,39150.0,868923.0,한화에어로스페이스,012450
2021-03-29,40850.0,상승  850,40500.0,41800.0,40100.0,926982.0,한화에어로스페이스,012450
2021-03-30,39700.0,"하락  1,150",41700.0,41950.0,38950.0,1135292.0,한화에어로스페이스,012450
2021-03-31,40900.0,"상승  1,200",39700.0,41650.0,39250.0,933510.0,한화에어로스페이스,012450
2021-04-01,40250.0,하락  650,40900.0,41250.0,40000.0,365316.0,한화에어로스페이스,012450
2021-04-02,39900.0,하락  350,40400.0,40600.0,39850.0,293435.0,한화에어로스페이스,012450
2021-04-05,40950.0,"상승  1,050",40000.0,41300.0,39900.0,472086.0,한화에어로스페이스,012450
2021-04-06,40300.0,하락  650,41050.0,41300.0,39900.0,295003.0,한화에어로스페이스,012450
2021-04-07,39900.0,하락  400,40300.0,40700.0,39850.0,303302.0,한화에어로스페이스,012450
2021-04-08,39700.0,하락  200,40250.0,40300.0,39700.0,359071.0,한화에어로스페이스,012450
2021-04-09,40050.0,상승  350,40000.0,40350.0,39900.0,291491.0,한화에어로스페이스,012450
2021-04-12,39900.0,하락  150,40250.0,40400.0,39700.0,379774.0,한화에어로스페이스,012450
2021-04-13,40400.0,상승  500,40000.0,40400.0,39800.0,355221.0,한화에어로스페이스,012450
2021-04-14,41300.0,상승  900,41300.0,42650.0,40750.0,1408478.0,한화에어로스페이스,012450
2021-04-15,40700.0,하락  600,41300.0,41350.0,40600.0,304566.0,한화에어로스페이스,012450
2021-04-16,40450.0,하락  250,40850.0,41000.0,40150.0,318655.0,한화에어로스페이스,012450
2021-04-19,40350.0,하락  100,40300.0,40550.0,39950.0,387789.0,한화에어로스페이스,012450
2021-04-20,40700.0,상승  350,40450.0,40750.0,40300.0,299498.0,한화에어로스페이스,012450
2021-04-21,39450.0,"하락  1,250",40700.0,40800.0,39300.0,700217.0,한화에어로스페이스,012450
2021-04-22,40050.0,상승  600,39700.0,40100.0,39500.0,351193.0,한화에어로스페이스,012450
2021-04-23,39900.0,하락  150,40050.0,40150.0,39500.0,394646.0,한화에어로스페이스,012450
2021-04-26,39700.0,하락  200,39950.0,40150.0,39650.0,249971.0,한화에어로스페이스,012450
2021-04-27,38850.0,하락  850,39700.0,39700.0,38650.0,479467.0,한화에어로스페이스,012450
2021-04-28,38000.0,하락  850,38850.0,39650.0,38000.0,422904.0,한화에어로스페이스,012450
2021-04-29,37950.0,하락  50,38200.0,38700.0,37550.0,208436.0,한화에어로스페이스,012450
2021-04-30,38600.0,상승  650,38000.0,38950.0,37900.0,198989.0,한화에어로스페이스,012450
2021-05-03,37450.0,"하락  1,150",38750.0,38800.0,37200.0,322868.0,한화에어로스페이스,012450
2021-05-04,37250.0,하락  200,37400.0,37400.0,36200.0,391579.0,한화에어로스페이스,012450
2021-05-06,39150.0,"상승  1,900",37050.0,39500.0,36800.0,540969.0,한화에어로스페이스,012450
2021-05-07,40250.0,"상승  1,100",39600.0,40600.0,39100.0,556561.0,한화에어로스페이스,012450
2021-05-10,40500.0,상승  250,40750.0,41000.0,40150.0,424796.0,한화에어로스페이스,012450
2021-05-11,40400.0,하락  100,40350.0,40950.0,39700.0,844385.0,한화에어로스페이스,012450
2021-05-12,40750.0,상승  350,41000.0,41750.0,39650.0,1201996.0,한화에어로스페이스,012450
2021-05-13,42250.0,"상승  1,500",39950.0,43000.0,39700.0,1919085.0,한화에어로스페이스,012450
2021-05-14,43250.0,"상승  1,000",42700.0,43750.0,41700.0,1074285.0,한화에어로스페이스,012450
2021-05-17,42400.0,하락  850,43700.0,44050.0,42200.0,704076.0,한화에어로스페이스,012450
2021-05-18,44050.0,"상승  1,650",42800.0,44700.0,42500.0,1124351.0,한화에어로스페이스,012450
2021-05-20,42550.0,"하락  1,500",43700.0,43700.0,42100.0,534695.0,한화에어로스페이스,012450
2021-05-21,42700.0,상승  150,43000.0,43600.0,42000.0,491061.0,한화에어로스페이스,012450
2021-05-24,43500.0,상승  800,45000.0,45300.0,42900.0,1621726.0,한화에어로스페이스,012450
2021-05-25,48950.0,"상승  5,450",43900.0,49300.0,43500.0,5914845.0,한화에어로스페이스,012450
2021-05-26,49050.0,상승  100,49200.0,49750.0,47700.0,1815223.0,한화에어로스페이스,012450
2021-05-27,47250.0,"하락  1,800",49050.0,49400.0,47200.0,995945.0,한화에어로스페이스,012450
2021-05-28,47350.0,상승  100,47550.0,48450.0,47100.0,722955.0,한화에어로스페이스,012450
2021-05-31,46800.0,하락  550,47400.0,48150.0,46200.0,709999.0,한화에어로스페이스,012450
2021-06-01,48650.0,"상승  1,850",46550.0,48850.0,46150.0,1080436.0,한화에어로스페이스,012450
2021-06-02,47600.0,"하락  1,050",48650.0,48650.0,47300.0,717322.0,한화에어로스페이스,012450
2021-06-03,46900.0,하락  700,47650.0,47750.0,46350.0,481000.0,한화에어로스페이스,012450
2021-06-04,46550.0,하락  350,46650.0,47150.0,45900.0,475892.0,한화에어로스페이스,012450
2021-06-07,47600.0,"상승  1,050",47000.0,48100.0,46550.0,676758.0,한화에어로스페이스,012450
2021-06-08,49450.0,"상승  1,850",48000.0,51300.0,47800.0,2103538.0,한화에어로스페이스,012450
2021-06-09,50100.0,상승  650,49650.0,50800.0,48600.0,744822.0,한화에어로스페이스,012450
2021-06-10,48800.0,"하락  1,300",50500.0,50700.0,48750.0,733034.0,한화에어로스페이스,012450
2021-06-11,49000.0,상승  200,48600.0,49400.0,48150.0,419246.0,한화에어로스페이스,012450
2021-06-14,48200.0,하락  800,49100.0,49650.0,48000.0,365346.0,한화에어로스페이스,012450
2021-06-15,48050.0,하락  150,48250.0,48850.0,47750.0,316197.0,한화에어로스페이스,012450
2021-06-16,47950.0,하락  100,47900.0,48750.0,47700.0,334755.0,한화에어로스페이스,012450
2021-06-17,46350.0,"하락  1,600",47800.0,47950.0,46000.0,803155.0,한화에어로스페이스,012450
2021-06-18,48600.0,"상승  2,250",46550.0,48900.0,46300.0,848713.0,한화에어로스페이스,012450
2021-06-21,46950.0,"하락  1,650",48100.0,48500.0,46600.0,535869.0,한화에어로스페이스,012450
2021-06-22,47450.0,상승  500,47500.0,48250.0,47150.0,288624.0,한화에어로스페이스,012450
2021-06-23,46500.0,하락  950,47550.0,47700.0,46150.0,479845.0,한화에어로스페이스,012450
2021-06-24,46800.0,상승  300,46750.0,47350.0,46550.0,261332.0,한화에어로스페이스,012450
2021-06-25,46450.0,하락  350,46900.0,47000.0,46300.0,389400.0,한화에어로스페이스,012450
2021-06-28,46550.0,상승  100,47050.0,48700.0,46500.0,627181.0,한화에어로스페이스,012450
2021-06-29,47350.0,상승  800,46600.0,47800.0,46350.0,413058.0,한화에어로스페이스,012450
2021-06-30,47000.0,하락  350,47450.0,47500.0,46550.0,330414.0,한화에어로스페이스,012450
2021-07-01,47150.0,상승  150,46900.0,47850.0,46450.0,394173.0,한화에어로스페이스,012450
2021-07-02,48450.0,"상승  1,300",47900.0,49750.0,47900.0,801538.0,한화에어로스페이스,012450
2021-07-05,53500.0,"상승  5,050",48900.0,54500.0,48600.0,3222660.0,한화에어로스페이스,012450
2021-07-06,54300.0,상승  800,53500.0,55300.0,52900.0,1281141.0,한화에어로스페이스,012450
2021-07-07,54500.0,상승  200,54000.0,55200.0,53400.0,770984.0,한화에어로스페이스,012450
2021-07-08,50800.0,"하락  3,700",54500.0,55100.0,50800.0,1334065.0,한화에어로스페이스,012450
2021-07-09,51300.0,상승  500,51000.0,52400.0,50400.0,887239.0,한화에어로스페이스,012450
2021-07-12,51200.0,하락  100,52200.0,52700.0,51000.0,558211.0,한화에어로스페이스,012450
2021-07-13,51500.0,상승  300,50500.0,51500.0,49950.0,480067.0,한화에어로스페이스,012450
2021-07-14,50400.0,"하락  1,100",51000.0,51200.0,50100.0,337693.0,한화에어로스페이스,012450
2021-07-15,50700.0,상승  300,50700.0,51800.0,50500.0,440628.0,한화에어로스페이스,012450
2021-07-16,51500.0,상승  800,51000.0,52500.0,50700.0,525029.0,한화에어로스페이스,012450
2021-07-19,51600.0,상승  100,52500.0,53100.0,51000.0,614031.0,한화에어로스페이스,012450
2021-07-20,51600.0,보합0,50600.0,52200.0,50500.0,392436.0,한화에어로스페이스,012450
2021-07-21,50900.0,하락  700,52400.0,52400.0,50700.0,499557.0,한화에어로스페이스,012450
2021-07-22,52200.0,"상승  1,300",51100.0,52800.0,50700.0,473246.0,한화에어로스페이스,012450
2021-07-23,51800.0,하락  400,52300.0,53000.0,51600.0,358425.0,한화에어로스페이스,012450
2021-07-26,50900.0,하락  900,52100.0,52100.0,50900.0,301964.0,한화에어로스페이스,012450
2021-07-27,50900.0,보합0,51000.0,52200.0,50600.0,290167.0,한화에어로스페이스,012450
2021-07-28,50100.0,하락  800,50800.0,51200.0,49500.0,357762.0,한화에어로스페이스,012450
2021-07-29,51600.0,"상승  1,500",50800.0,52700.0,50700.0,652656.0,한화에어로스페이스,012450
2021-07-30,51800.0,상승  200,51700.0,51800.0,50900.0,293562.0,한화에어로스페이스,012450
2021-08-02,54000.0,"상승  2,200",52000.0,54900.0,51600.0,1043751.0,한화에어로스페이스,012450
2021-08-03,54000.0,보합0,54100.0,54600.0,52700.0,641290.0,한화에어로스페이스,012450
2021-08-04,55100.0,"상승  1,100",53800.0,56600.0,53500.0,896818.0,한화에어로스페이스,012450
2021-08-05,53500.0,"하락  1,600",55200.0,55800.0,52900.0,696466.0,한화에어로스페이스,012450
2021-08-06,52300.0,"하락  1,200",53700.0,53900.0,51800.0,918379.0,한화에어로스페이스,012450
2021-08-09,51600.0,하락  700,52200.0,52300.0,51400.0,427149.0,한화에어로스페이스,012450
2021-08-10,52000.0,상승  400,51800.0,52100.0,51100.0,299776.0,한화에어로스페이스,012450
2021-08-11,50500.0,"하락  1,500",51800.0,53100.0,50200.0,891252.0,한화에어로스페이스,012450
2021-08-12,51700.0,"상승  1,200",50600.0,52700.0,50100.0,770397.0,한화에어로스페이스,012450
2021-08-13,51400.0,하락  300,52100.0,52100.0,50500.0,386210.0,한화에어로스페이스,012450
2021-08-17,50000.0,"하락  1,400",51700.0,51900.0,49900.0,447115.0,한화에어로스페이스,012450
2021-08-18,50400.0,상승  400,49850.0,51100.0,49750.0,364130.0,한화에어로스페이스,012450
2021-08-19,47850.0,"하락  2,550",50000.0,50100.0,47800.0,733559.0,한화에어로스페이스,012450
2021-08-20,47350.0,하락  500,47850.0,48650.0,47000.0,451123.0,한화에어로스페이스,012450
2021-08-23,47800.0,상승  450,47400.0,48650.0,47200.0,354888.0,한화에어로스페이스,012450
2021-08-24,48300.0,상승  500,48000.0,48800.0,47900.0,285392.0,한화에어로스페이스,012450
2021-08-25,48450.0,상승  150,48400.0,49000.0,48100.0,246621.0,한화에어로스페이스,012450
2021-08-26,47950.0,하락  500,48450.0,48750.0,47550.0,325876.0,한화에어로스페이스,012450
2021-08-27,48300.0,상승  350,47900.0,48600.0,47500.0,230653.0,한화에어로스페이스,012450
2021-08-30,50200.0,"상승  1,900",49000.0,50700.0,48650.0,548437.0,한화에어로스페이스,012450
2021-08-31,50900.0,상승  700,50600.0,51200.0,49800.0,395493.0,한화에어로스페이스,012450
2021-09-01,50400.0,하락  500,50700.0,51300.0,50200.0,218966.0,한화에어로스페이스,012450
2021-09-02,51700.0,"상승  1,300",50600.0,52500.0,50300.0,565736.0,한화에어로스페이스,012450
2021-09-03,50900.0,하락  800,51700.0,51900.0,50500.0,351169.0,한화에어로스페이스,012450
2021-09-06,51200.0,상승  300,51000.0,51300.0,50500.0,182584.0,한화에어로스페이스,012450
2021-09-07,50800.0,하락  400,51000.0,51700.0,50500.0,170546.0,한화에어로스페이스,012450
2021-09-08,50800.0,보합0,50600.0,51200.0,50300.0,202801.0,한화에어로스페이스,012450
2021-09-09,49750.0,"하락  1,050",50500.0,51300.0,49700.0,356211.0,한화에어로스페이스,012450
2021-09-10,49800.0,상승  50,49950.0,50500.0,49000.0,234746.0,한화에어로스페이스,012450
2021-09-13,49250.0,하락  550,50100.0,50600.0,49100.0,212817.0,한화에어로스페이스,012450
2021-09-14,50500.0,"상승  1,250",49500.0,50600.0,49400.0,216719.0,한화에어로스페이스,012450
2021-09-15,50600.0,상승  100,50100.0,50600.0,49650.0,189727.0,한화에어로스페이스,012450
2021-09-16,50200.0,하락  400,50700.0,51000.0,49950.0,202528.0,한화에어로스페이스,012450
2021-09-17,51100.0,상승  900,50200.0,51500.0,49750.0,494019.0,한화에어로스페이스,012450
2021-09-23,51900.0,상승  800,50600.0,52000.0,50200.0,544004.0,한화에어로스페이스,012450
2021-09-24,51600.0,하락  300,52200.0,52700.0,51100.0,427538.0,한화에어로스페이스,012450
2021-09-27,51400.0,하락  200,51600.0,51900.0,50700.0,317621.0,한화에어로스페이스,012450
2021-09-28,50600.0,하락  800,51700.0,52300.0,50300.0,446012.0,한화에어로스페이스,012450
2021-09-29,48400.0,"하락  2,200",49600.0,50100.0,47850.0,829121.0,한화에어로스페이스,012450
2021-09-30,50200.0,"상승  1,800",48100.0,50400.0,48100.0,501866.0,한화에어로스페이스,012450
2021-10-01,52000.0,"상승  1,800",49900.0,53300.0,49900.0,1081652.0,한화에어로스페이스,012450
2021-10-05,52200.0,상승  200,51600.0,52500.0,50900.0,631860.0,한화에어로스페이스,012450
2021-10-06,48150.0,"하락  4,050",52700.0,52900.0,48000.0,1137503.0,한화에어로스페이스,012450
2021-10-07,49700.0,"상승  1,550",49200.0,50100.0,48200.0,468311.0,한화에어로스페이스,012450
2021-10-08,48800.0,하락  900,49750.0,50000.0,48450.0,350867.0,한화에어로스페이스,012450
2021-10-12,50600.0,"상승  1,800",48800.0,51300.0,48800.0,501625.0,한화에어로스페이스,012450
2021-10-13,50700.0,상승  100,50900.0,51700.0,50200.0,312863.0,한화에어로스페이스,012450
2021-10-14,50300.0,하락  400,51000.0,51400.0,49850.0,441435.0,한화에어로스페이스,012450
2021-10-15,50100.0,하락  200,50700.0,51000.0,49500.0,528181.0,한화에어로스페이스,012450
2021-10-18,51400.0,"상승  1,300",50800.0,51400.0,50000.0,572656.0,한화에어로스페이스,012450
2021-10-19,50900.0,하락  500,52000.0,52100.0,50500.0,584916.0,한화에어로스페이스,012450
2021-10-20,48100.0,"하락  2,800",51200.0,51200.0,48050.0,1618118.0,한화에어로스페이스,012450
2021-10-21,49300.0,"상승  1,200",48650.0,50100.0,48400.0,2005355.0,한화에어로스페이스,012450
2021-10-22,47100.0,"하락  2,200",49200.0,49200.0,46800.0,1952569.0,한화에어로스페이스,012450
2021-10-25,46650.0,하락  450,46800.0,47350.0,46400.0,504461.0,한화에어로스페이스,012450
2021-10-26,46400.0,하락  250,46650.0,46950.0,46100.0,462761.0,한화에어로스페이스,012450
2021-10-27,44900.0,"하락  1,500",46450.0,46700.0,44700.0,805609.0,한화에어로스페이스,012450
2021-10-28,45350.0,상승  450,44900.0,46550.0,44650.0,516830.0,한화에어로스페이스,012450
2021-10-29,45000.0,하락  350,45400.0,45650.0,44300.0,318144.0,한화에어로스페이스,012450
2021-11-01,43850.0,"하락  1,150",44800.0,45200.0,43850.0,380977.0,한화에어로스페이스,012450
2021-11-02,44050.0,상승  200,43900.0,44550.0,43850.0,197087.0,한화에어로스페이스,012450
2021-11-03,43050.0,"하락  1,000",44100.0,44200.0,42750.0,431283.0,한화에어로스페이스,012450
2021-11-04,42300.0,하락  750,43400.0,43550.0,42050.0,656518.0,한화에어로스페이스,012450
2021-11-05,42150.0,하락  150,42400.0,42650.0,41600.0,349928.0,한화에어로스페이스,012450
2021-11-08,42450.0,상승  300,41900.0,42650.0,41400.0,287861.0,한화에어로스페이스,012450
2021-11-09,42550.0,상승  100,42400.0,43000.0,42400.0,236449.0,한화에어로스페이스,012450
2021-11-10,40900.0,"하락  1,650",42150.0,42350.0,40900.0,444742.0,한화에어로스페이스,012450
2021-11-11,40450.0,하락  450,40300.0,40900.0,40150.0,444836.0,한화에어로스페이스,012450
2021-11-12,41050.0,상승  600,40350.0,41400.0,40350.0,323854.0,한화에어로스페이스,012450
2021-11-15,41950.0,상승  900,41250.0,42150.0,40950.0,401058.0,한화에어로스페이스,012450
2021-11-16,42000.0,상승  50,41650.0,42950.0,41600.0,489371.0,한화에어로스페이스,012450
2021-11-17,42800.0,상승  800,42150.0,43250.0,41450.0,481822.0,한화에어로스페이스,012450
2021-11-18,43450.0,상승  650,43400.0,45250.0,43300.0,818133.0,한화에어로스페이스,012450
2021-11-19,43800.0,상승  350,43450.0,44250.0,43250.0,311657.0,한화에어로스페이스,012450
2021-11-22,42900.0,하락  900,43800.0,43850.0,42600.0,379024.0,한화에어로스페이스,012450
2021-11-23,44200.0,"상승  1,300",42800.0,44400.0,42400.0,324042.0,한화에어로스페이스,012450
2021-11-24,43900.0,하락  300,44650.0,44650.0,43200.0,320531.0,한화에어로스페이스,012450
2021-11-25,44400.0,상승  500,44050.0,44850.0,43850.0,277182.0,한화에어로스페이스,012450
2021-11-26,43050.0,"하락  1,350",44400.0,44600.0,42800.0,294702.0,한화에어로스페이스,012450
2021-11-29,42300.0,하락  750,41500.0,43050.0,41400.0,287946.0,한화에어로스페이스,012450
2021-11-30,40650.0,"하락  1,650",42350.0,43200.0,40200.0,407988.0,한화에어로스페이스,012450
2021-12-01,41850.0,"상승  1,200",40500.0,42100.0,40300.0,267985.0,한화에어로스페이스,012450
2021-12-02,43250.0,"상승  1,400",41250.0,43450.0,40950.0,296098.0,한화에어로스페이스,012450
2021-12-03,43250.0,보합0,43250.0,43750.0,42850.0,202607.0,한화에어로스페이스,012450
2021-12-06,44100.0,상승  850,43100.0,44450.0,42450.0,319817.0,한화에어로스페이스,012450
2021-12-07,44800.0,상승  700,44350.0,44900.0,43900.0,308462.0,한화에어로스페이스,012450
2021-12-08,44350.0,하락  450,45100.0,45750.0,44200.0,403990.0,한화에어로스페이스,012450
2021-12-09,47250.0,"상승  2,900",44600.0,47500.0,44550.0,920806.0,한화에어로스페이스,012450
2021-12-10,46900.0,하락  350,47300.0,49250.0,46500.0,926139.0,한화에어로스페이스,012450
2021-12-13,47400.0,상승  500,47350.0,48900.0,46950.0,1119799.0,한화에어로스페이스,012450
2021-12-14,46350.0,"하락  1,050",48000.0,48050.0,46300.0,536079.0,한화에어로스페이스,012450
2021-12-15,46050.0,하락  300,46300.0,46850.0,45500.0,308255.0,한화에어로스페이스,012450
2021-12-16,45750.0,하락  300,46350.0,47000.0,45450.0,349337.0,한화에어로스페이스,012450
2021-12-17,47150.0,"상승  1,400",45400.0,47150.0,45400.0,403496.0,한화에어로스페이스,012450
2021-12-20,46000.0,"하락  1,150",46950.0,46950.0,46000.0,237372.0,한화에어로스페이스,012450
2021-12-21,45900.0,하락  100,46150.0,46500.0,45450.0,193315.0,한화에어로스페이스,012450
2021-12-22,45800.0,하락  100,46150.0,46300.0,45550.0,169752.0,한화에어로스페이스,012450
2021-12-23,46100.0,상승  300,45900.0,46350.0,45500.0,219129.0,한화에어로스페이스,012450
2021-12-24,46750.0,상승  650,46150.0,47000.0,46150.0,260628.0,한화에어로스페이스,012450
2021-12-27,46950.0,상승  200,46600.0,47600.0,46600.0,283732.0,한화에어로스페이스,012450
2021-12-28,47000.0,상승  50,47200.0,47250.0,46400.0,282248.0,한화에어로스페이스,012450
2021-12-29,48250.0,"상승  1,250",47000.0,48700.0,46400.0,563177.0,한화에어로스페이스,012450
2021-12-30,48000.0,하락  250,48350.0,48550.0,47350.0,359366.0,한화에어로스페이스,012450
2022-01-03,49600.0,"상승  1,600",48300.0,49850.0,47900.0,578220.0,한화에어로스페이스,012450
2022-01-04,50400.0,상승  800,49950.0,50900.0,49500.0,632043.0,한화에어로스페이스,012450
2022-01-05,50900.0,상승  500,50300.0,51200.0,49900.0,668999.0,한화에어로스페이스,012450
2022-01-06,49400.0,"하락  1,500",49950.0,51200.0,49400.0,555801.0,한화에어로스페이스,012450
2022-01-07,50100.0,상승  700,49500.0,50800.0,49200.0,359538.0,한화에어로스페이스,012450
2022-01-10,51100.0,"상승  1,000",50500.0,51700.0,50100.0,564438.0,한화에어로스페이스,012450
2022-01-11,50200.0,하락  900,51500.0,51700.0,49850.0,413774.0,한화에어로스페이스,012450
2022-01-12,50400.0,상승  200,50300.0,51200.0,50300.0,235496.0,한화에어로스페이스,012450
2022-01-13,52500.0,"상승  2,100",50800.0,53200.0,50600.0,1065501.0,한화에어로스페이스,012450
2022-01-14,52900.0,상승  400,52400.0,53200.0,51800.0,465242.0,한화에어로스페이스,012450
2022-01-17,52500.0,하락  400,54000.0,54100.0,52100.0,765922.0,한화에어로스페이스,012450
2022-01-18,52000.0,하락  500,52700.0,53600.0,51400.0,519773.0,한화에어로스페이스,012450
2022-01-19,51500.0,하락  500,51000.0,52900.0,50800.0,392397.0,한화에어로스페이스,012450
2022-01-20,53800.0,"상승  2,300",52200.0,54500.0,52000.0,875377.0,한화에어로스페이스,012450
2022-01-21,53500.0,하락  300,53100.0,54000.0,52000.0,568060.0,한화에어로스페이스,012450
2022-01-24,48350.0,"하락  5,150",52300.0,52800.0,48150.0,1507727.0,한화에어로스페이스,012450
2022-01-25,48500.0,상승  150,48350.0,49350.0,47800.0,662948.0,한화에어로스페이스,012450
2022-01-26,48600.0,상승  100,48250.0,49550.0,48250.0,428020.0,한화에어로스페이스,012450
2022-01-27,46850.0,"하락  1,750",49050.0,49200.0,46400.0,519480.0,한화에어로스페이스,012450
2022-01-28,47800.0,상승  950,46850.0,48450.0,46250.0,502887.0,한화에어로스페이스,012450
2022-02-03,47550.0,하락  250,50900.0,51100.0,47500.0,1091999.0,한화에어로스페이스,012450
2022-02-04,48150.0,상승  600,47500.0,48350.0,47050.0,380710.0,한화에어로스페이스,012450
2022-02-07,50400.0,"상승  2,250",49000.0,51700.0,48750.0,1077438.0,한화에어로스페이스,012450
2022-02-08,50100.0,하락  300,50500.0,51000.0,49500.0,396527.0,한화에어로스페이스,012450
2022-02-09,49150.0,하락  950,50500.0,50700.0,49000.0,316511.0,한화에어로스페이스,012450
2022-02-10,48800.0,하락  350,49350.0,49500.0,47900.0,314648.0,한화에어로스페이스,012450
2022-02-11,47700.0,"하락  1,100",48500.0,48800.0,47650.0,300611.0,한화에어로스페이스,012450
2022-02-14,46400.0,"하락  1,300",47700.0,48500.0,45700.0,441320.0,한화에어로스페이스,012450
2022-02-15,45400.0,"하락  1,000",46200.0,46850.0,45100.0,290883.0,한화에어로스페이스,012450
2022-02-16,45950.0,상승  550,45900.0,46400.0,45550.0,234414.0,한화에어로스페이스,012450
2022-02-17,47300.0,"상승  1,350",46200.0,47750.0,45950.0,453172.0,한화에어로스페이스,012450
2022-02-18,47250.0,하락  50,46800.0,47500.0,46450.0,234375.0,한화에어로스페이스,012450
2022-02-21,47150.0,하락  100,47150.0,47500.0,46050.0,210958.0,한화에어로스페이스,012450
2022-02-22,45300.0,"하락  1,850",46850.0,46900.0,45050.0,454955.0,한화에어로스페이스,012450
2022-02-23,46300.0,"상승  1,000",45800.0,46650.0,45600.0,215068.0,한화에어로스페이스,012450
2022-02-24,45600.0,하락  700,46100.0,46550.0,45300.0,330904.0,한화에어로스페이스,012450
2022-02-25,48900.0,"상승  3,300",46250.0,49200.0,46000.0,635559.0,한화에어로스페이스,012450
2022-02-28,52000.0,"상승  3,100",50100.0,54100.0,49550.0,2058846.0,한화에어로스페이스,012450
2022-03-02,54500.0,"상승  2,500",53300.0,55400.0,53000.0,1605467.0,한화에어로스페이스,012450
2022-03-03,53900.0,하락  600,53600.0,54700.0,52300.0,779569.0,한화에어로스페이스,012450
2022-03-04,56300.0,"상승  2,400",53600.0,56800.0,53200.0,1301563.0,한화에어로스페이스,012450
2022-03-07,55100.0,"하락  1,200",57700.0,58500.0,54800.0,1223811.0,한화에어로스페이스,012450
2022-03-08,53300.0,"하락  1,800",55800.0,56000.0,52900.0,826184.0,한화에어로스페이스,012450
2022-03-10,53900.0,상승  600,53600.0,54200.0,50800.0,813778.0,한화에어로스페이스,012450
2022-03-11,54800.0,상승  900,53600.0,55300.0,53500.0,535147.0,한화에어로스페이스,012450
2022-03-14,54700.0,하락  100,55300.0,56200.0,54400.0,478887.0,한화에어로스페이스,012450
2022-03-15,52100.0,"하락  2,600",54400.0,54500.0,51700.0,538688.0,한화에어로스페이스,012450
2022-03-16,52200.0,상승  100,52300.0,52500.0,51000.0,549103.0,한화에어로스페이스,012450
2022-03-17,50600.0,"하락  1,600",51300.0,52000.0,49550.0,1201187.0,한화에어로스페이스,012450
2022-03-18,51400.0,상승  800,50600.0,51500.0,49800.0,706241.0,한화에어로스페이스,012450
2022-03-21,51800.0,상승  400,51700.0,52800.0,51300.0,497847.0,한화에어로스페이스,012450
2022-03-22,53700.0,"상승  1,900",51900.0,55300.0,51700.0,1150941.0,한화에어로스페이스,012450
2022-03-23,53600.0,하락  100,53800.0,54300.0,52900.0,418202.0,한화에어로스페이스,012450
2022-03-24,54400.0,상승  800,53700.0,54900.0,53000.0,367468.0,한화에어로스페이스,012450
2022-03-25,55500.0,"상승  1,100",55000.0,56200.0,54700.0,787298.0,한화에어로스페이스,012450
2022-03-28,55500.0,보합0,55900.0,56400.0,55100.0,362933.0,한화에어로스페이스,012450
2022-03-29,52000.0,"하락  3,500",55600.0,55600.0,51500.0,910095.0,한화에어로스페이스,012450
2022-03-30,53400.0,"상승  1,400",51500.0,53600.0,51200.0,448079.0,한화에어로스페이스,012450
2022-03-31,52200.0,"하락  1,200",54100.0,54500.0,52000.0,481655.0,한화에어로스페이스,012450
2022-04-01,52200.0,보합0,52400.0,53100.0,51600.0,394553.0,한화에어로스페이스,012450
2022-04-04,52700.0,상승  500,52300.0,53000.0,51600.0,190850.0,한화에어로스페이스,012450
2022-04-05,51300.0,"하락  1,400",52800.0,52800.0,50900.0,497255.0,한화에어로스페이스,012450
2022-04-06,51900.0,상승  600,50900.0,52200.0,50800.0,437053.0,한화에어로스페이스,012450
2022-04-07,50400.0,"하락  1,500",51300.0,51800.0,50100.0,394221.0,한화에어로스페이스,012450
2022-04-08,50700.0,상승  300,51000.0,51500.0,50200.0,222959.0,한화에어로스페이스,012450
2022-04-11,51000.0,상승  300,50800.0,51600.0,50700.0,164691.0,한화에어로스페이스,012450
2022-04-12,50800.0,하락  200,50500.0,51400.0,50300.0,171110.0,한화에어로스페이스,012450
2022-04-13,52500.0,"상승  1,700",50900.0,52700.0,50900.0,451359.0,한화에어로스페이스,012450
2022-04-14,52000.0,하락  500,52600.0,52900.0,51900.0,221942.0,한화에어로스페이스,012450
2022-04-15,53200.0,"상승  1,200",51800.0,53800.0,51200.0,437778.0,한화에어로스페이스,012450
2022-04-18,54200.0,"상승  1,000",53300.0,54400.0,53200.0,342106.0,한화에어로스페이스,012450
2022-04-19,54000.0,하락  200,54200.0,54300.0,53200.0,246301.0,한화에어로스페이스,012450
2022-04-20,52800.0,"하락  1,200",53600.0,53600.0,52300.0,285558.0,한화에어로스페이스,012450
2022-04-21,53000.0,상승  200,52800.0,53400.0,52500.0,177180.0,한화에어로스페이스,012450
2022-04-22,52400.0,하락  600,52300.0,52700.0,52100.0,196428.0,한화에어로스페이스,012450
2022-04-25,51700.0,하락  700,51200.0,52700.0,51100.0,243310.0,한화에어로스페이스,012450
2022-04-26,52500.0,상승  800,52200.0,53000.0,51600.0,268312.0,한화에어로스페이스,012450
2022-04-27,52400.0,하락  100,51400.0,52700.0,51200.0,301816.0,한화에어로스페이스,012450
2022-04-28,53000.0,상승  600,52700.0,53000.0,51700.0,267937.0,한화에어로스페이스,012450
2022-04-29,53300.0,상승  300,53000.0,53400.0,52300.0,370676.0,한화에어로스페이스,012450
2022-05-02,54500.0,"상승  1,200",52900.0,55900.0,52900.0,842732.0,한화에어로스페이스,012450
2022-05-03,56000.0,"상승  1,500",54900.0,56400.0,54200.0,642321.0,한화에어로스페이스,012450
2022-05-04,57000.0,"상승  1,000",56300.0,57600.0,55500.0,631523.0,한화에어로스페이스,012450
2022-05-06,57000.0,보합0,56300.0,57500.0,56000.0,347886.0,한화에어로스페이스,012450
2022-05-09,56100.0,하락  900,57000.0,57500.0,55700.0,391359.0,한화에어로스페이스,012450
2022-05-10,55400.0,하락  700,55000.0,55900.0,53800.0,430475.0,한화에어로스페이스,012450
2022-05-11,52600.0,"하락  2,800",55400.0,55400.0,52600.0,500438.0,한화에어로스페이스,012450
2022-05-12,52200.0,하락  400,52400.0,53400.0,52100.0,341501.0,한화에어로스페이스,012450
2022-05-13,52900.0,상승  700,52400.0,53000.0,51800.0,187482.0,한화에어로스페이스,012450
2022-05-16,52300.0,하락  600,53600.0,53700.0,52200.0,240844.0,한화에어로스페이스,012450
2022-05-17,52300.0,보합0,52300.0,53000.0,51700.0,209257.0,한화에어로스페이스,012450
2022-05-18,51600.0,하락  700,52700.0,52700.0,51500.0,263538.0,한화에어로스페이스,012450
2022-05-19,50800.0,하락  800,50400.0,51100.0,50300.0,276183.0,한화에어로스페이스,012450
2022-05-20,51200.0,상승  400,51000.0,51700.0,50700.0,250916.0,한화에어로스페이스,012450
2022-05-23,52100.0,상승  900,52300.0,52900.0,51500.0,249769.0,한화에어로스페이스,012450
2022-05-24,51000.0,"하락  1,100",52000.0,52500.0,50800.0,218440.0,한화에어로스페이스,012450
2022-05-25,51600.0,상승  600,51400.0,52200.0,51000.0,315018.0,한화에어로스페이스,012450
2022-05-26,53200.0,"상승  1,600",52200.0,53600.0,51800.0,433697.0,한화에어로스페이스,012450
2022-05-27,52300.0,하락  900,53600.0,53700.0,52200.0,249195.0,한화에어로스페이스,012450
2022-05-30,53800.0,"상승  1,500",52800.0,54300.0,52700.0,309950.0,한화에어로스페이스,012450
2022-05-31,53900.0,상승  100,53800.0,53900.0,53300.0,232963.0,한화에어로스페이스,012450
2022-06-02,55900.0,"상승  2,000",54200.0,56200.0,53900.0,683977.0,한화에어로스페이스,012450
2022-06-03,56100.0,상승  200,56100.0,56300.0,54900.0,320556.0,한화에어로스페이스,012450
2022-06-07,57000.0,상승  900,56300.0,57800.0,56200.0,682014.0,한화에어로스페이스,012450
2022-06-08,57200.0,상승  200,57700.0,57700.0,55600.0,398697.0,한화에어로스페이스,012450
2022-06-09,59200.0,"상승  2,000",57000.0,59400.0,56500.0,883960.0,한화에어로스페이스,012450
2022-06-10,59100.0,하락  100,58800.0,60800.0,58500.0,860969.0,한화에어로스페이스,012450
2022-06-13,57700.0,"하락  1,400",58300.0,59500.0,57600.0,685394.0,한화에어로스페이스,012450
2022-06-14,56900.0,하락  800,56900.0,57400.0,55300.0,609292.0,한화에어로스페이스,012450
2022-06-15,53500.0,"하락  3,400",57400.0,57700.0,53100.0,852936.0,한화에어로스페이스,012450
2022-06-16,52400.0,"하락  1,100",52400.0,53800.0,51400.0,821477.0,한화에어로스페이스,012450
2022-06-17,51200.0,"하락  1,200",51000.0,52000.0,50600.0,552035.0,한화에어로스페이스,012450
2022-06-20,51300.0,상승  100,53100.0,53200.0,50200.0,649828.0,한화에어로스페이스,012450
2022-06-21,51700.0,상승  400,51600.0,52100.0,49350.0,910551.0,한화에어로스페이스,012450
2022-06-22,46800.0,"하락  4,900",52200.0,52300.0,46800.0,1220522.0,한화에어로스페이스,012450
2022-06-23,44900.0,"하락  1,900",46600.0,47650.0,44800.0,784053.0,한화에어로스페이스,012450
2022-06-24,46950.0,"상승  2,050",44800.0,47600.0,44800.0,616447.0,한화에어로스페이스,012450
2022-06-27,47800.0,상승  850,47550.0,48350.0,46950.0,336936.0,한화에어로스페이스,012450
2022-06-28,49350.0,"상승  1,550",47800.0,49550.0,47800.0,392637.0,한화에어로스페이스,012450
2022-06-29,49500.0,상승  150,48650.0,51000.0,48250.0,441974.0,한화에어로스페이스,012450
2022-06-30,48700.0,하락  800,49550.0,50300.0,48700.0,281000.0,한화에어로스페이스,012450
2022-07-01,50400.0,"상승  1,700",49550.0,51600.0,49450.0,555430.0,한화에어로스페이스,012450
2022-07-04,46950.0,"하락  3,450",50600.0,50700.0,46150.0,549775.0,한화에어로스페이스,012450
2022-07-05,46000.0,하락  950,46950.0,46950.0,43800.0,771438.0,한화에어로스페이스,012450
2022-07-06,44050.0,"하락  1,950",45450.0,46500.0,44000.0,553024.0,한화에어로스페이스,012450
2022-07-07,44600.0,상승  550,44350.0,44750.0,43250.0,324830.0,한화에어로스페이스,012450
2022-07-08,44600.0,보합0,45250.0,45400.0,44250.0,318899.0,한화에어로스페이스,012450
2022-07-11,44100.0,하락  500,44750.0,44800.0,43800.0,259194.0,한화에어로스페이스,012450
2022-07-12,42350.0,"하락  1,750",43850.0,43950.0,42050.0,363531.0,한화에어로스페이스,012450
2022-07-13,41650.0,하락  700,42000.0,42400.0,40850.0,432486.0,한화에어로스페이스,012450
2022-07-14,43300.0,"상승  1,650",41050.0,43750.0,40950.0,497899.0,한화에어로스페이스,012450
2022-07-15,43250.0,하락  50,43800.0,43850.0,42050.0,389913.0,한화에어로스페이스,012450
2022-07-18,44300.0,"상승  1,050",43400.0,44700.0,43400.0,321448.0,한화에어로스페이스,012450
2022-07-19,45750.0,"상승  1,450",45350.0,46750.0,44850.0,700998.0,한화에어로스페이스,012450
2022-07-20,45800.0,상승  50,46900.0,46900.0,44550.0,512724.0,한화에어로스페이스,012450
2022-07-21,45650.0,하락  150,45850.0,46200.0,45350.0,235261.0,한화에어로스페이스,012450
2022-07-22,49900.0,"상승  4,250",46100.0,50200.0,46100.0,1310106.0,한화에어로스페이스,012450
2022-07-25,51700.0,"상승  1,800",50100.0,52500.0,49500.0,1069319.0,한화에어로스페이스,012450
2022-07-26,51500.0,하락  200,51700.0,53400.0,51200.0,633686.0,한화에어로스페이스,012450
2022-07-27,52200.0,상승  700,52100.0,52800.0,50100.0,586458.0,한화에어로스페이스,012450
2022-07-28,53700.0,"상승  1,500",52300.0,55000.0,52000.0,973288.0,한화에어로스페이스,012450
2022-07-29,64400.0,"상승  10,700",54100.0,66500.0,53800.0,10621218.0,한화에어로스페이스,012450
2022-08-01,64500.0,상승  100,63800.0,65600.0,63600.0,2559350.0,한화에어로스페이스,012450
2022-08-02,63600.0,하락  900,64600.0,68600.0,63600.0,4150358.0,한화에어로스페이스,012450
2022-08-03,62800.0,하락  800,63600.0,65800.0,62200.0,1857296.0,한화에어로스페이스,012450
2022-08-04,61800.0,"하락  1,000",63700.0,64100.0,61300.0,1465209.0,한화에어로스페이스,012450
2022-08-05,63800.0,"상승  2,000",62100.0,64700.0,60500.0,1887280.0,한화에어로스페이스,012450
2022-08-08,69600.0,"상승  5,800",64800.0,70600.0,64000.0,4022027.0,한화에어로스페이스,012450
2022-08-09,70000.0,상승  400,69200.0,73800.0,68200.0,3047766.0,한화에어로스페이스,012450
2022-08-10,70700.0,상승  700,69100.0,72500.0,69000.0,1449301.0,한화에어로스페이스,012450
2022-08-11,70700.0,보합0,71400.0,71600.0,69200.0,1127454.0,한화에어로스페이스,012450
2022-08-12,70300.0,하락  400,70300.0,72300.0,69900.0,914963.0,한화에어로스페이스,012450
2022-08-16,70700.0,상승  400,70700.0,74000.0,70100.0,1390747.0,한화에어로스페이스,012450
2022-08-17,69200.0,"하락  1,500",70700.0,71100.0,68100.0,1157545.0,한화에어로스페이스,012450
2022-08-18,71400.0,"상승  2,200",69700.0,72500.0,68700.0,1434595.0,한화에어로스페이스,012450
2022-08-19,70600.0,하락  800,71700.0,72700.0,70600.0,716173.0,한화에어로스페이스,012450
2022-08-22,70300.0,하락  300,70100.0,72300.0,69900.0,861239.0,한화에어로스페이스,012450
2022-08-23,72400.0,"상승  2,100",71000.0,75200.0,70600.0,2106988.0,한화에어로스페이스,012450
2022-08-24,75800.0,"상승  3,400",73400.0,77500.0,72400.0,3025058.0,한화에어로스페이스,012450
2022-08-25,74300.0,"하락  1,500",75800.0,75800.0,73000.0,1430236.0,한화에어로스페이스,012450
2022-08-26,78400.0,"상승  4,100",75900.0,78600.0,74100.0,2356739.0,한화에어로스페이스,012450
2022-08-29,79600.0,"상승  1,200",77400.0,80200.0,77300.0,2153833.0,한화에어로스페이스,012450
2022-08-30,76900.0,"하락  2,700",80200.0,80900.0,76200.0,1450691.0,한화에어로스페이스,012450
2022-08-31,81400.0,"상승  4,500",77000.0,82000.0,75200.0,2717530.0,한화에어로스페이스,012450
2022-09-01,79800.0,"하락  1,600",82200.0,84400.0,79600.0,2187478.0,한화에어로스페이스,012450
2022-09-02,80600.0,상승  800,80500.0,81900.0,77800.0,1398395.0,한화에어로스페이스,012450
2022-09-05,84100.0,"상승  3,500",81200.0,85100.0,79800.0,2064514.0,한화에어로스페이스,012450
2022-09-06,85400.0,"상승  1,300",84700.0,86400.0,83700.0,1392242.0,한화에어로스페이스,012450
2022-09-07,82400.0,"하락  3,000",84800.0,86800.0,80700.0,2114471.0,한화에어로스페이스,012450
2022-09-08,81600.0,하락  800,82800.0,83200.0,78900.0,1964275.0,한화에어로스페이스,012450
2022-09-13,77600.0,"하락  4,000",81900.0,82000.0,73800.0,3494121.0,한화에어로스페이스,012450
2022-09-14,78500.0,상승  900,75500.0,79400.0,74500.0,1771651.0,한화에어로스페이스,012450
2022-09-15,78700.0,상승  200,78900.0,81900.0,77200.0,1778517.0,한화에어로스페이스,012450
2022-09-16,74400.0,"하락  4,300",77700.0,79000.0,74200.0,1978351.0,한화에어로스페이스,012450
2022-09-19,73800.0,하락  600,74800.0,76300.0,72600.0,1421060.0,한화에어로스페이스,012450
2022-09-20,74600.0,상승  800,74100.0,75800.0,73500.0,1116913.0,한화에어로스페이스,012450
2022-09-21,73800.0,하락  800,74300.0,74700.0,71700.0,1212837.0,한화에어로스페이스,012450
2022-09-22,76400.0,"상승  2,600",75300.0,77200.0,72200.0,1994729.0,한화에어로스페이스,012450
2022-09-23,74100.0,"하락  2,300",76800.0,77600.0,73600.0,1112540.0,한화에어로스페이스,012450
2022-09-26,66100.0,"하락  8,000",73300.0,74200.0,65600.0,3885979.0,한화에어로스페이스,012450
2022-09-27,65000.0,"하락  1,100",66300.0,67200.0,63300.0,2682368.0,한화에어로스페이스,012450
2022-09-28,62600.0,"하락  2,400",65100.0,67700.0,62200.0,2176600.0,한화에어로스페이스,012450
2022-09-29,61800.0,하락  800,63500.0,65300.0,61800.0,1594055.0,한화에어로스페이스,012450
2022-09-30,61500.0,하락  300,61000.0,63500.0,59500.0,1612367.0,한화에어로스페이스,012450
2022-10-04,62800.0,"상승  1,300",62700.0,65000.0,60400.0,2276954.0,한화에어로스페이스,012450
2022-10-05,62000.0,하락  800,64200.0,64300.0,60500.0,1359336.0,한화에어로스페이스,012450
2022-10-06,61700.0,하락  300,62000.0,62400.0,60800.0,823700.0,한화에어로스페이스,012450
2022-10-07,59400.0,"하락  2,300",61000.0,61400.0,57700.0,2281500.0,한화에어로스페이스,012450
2022-10-11,57700.0,"하락  1,700",60200.0,60600.0,57200.0,1437076.0,한화에어로스페이스,012450
2022-10-12,57500.0,하락  200,57300.0,58400.0,55400.0,1322981.0,한화에어로스페이스,012450
2022-10-13,52600.0,"하락  4,900",56500.0,56800.0,52600.0,1942250.0,한화에어로스페이스,012450
2022-10-14,56700.0,"상승  4,100",54100.0,57900.0,53800.0,1761648.0,한화에어로스페이스,012450
2022-10-17,57200.0,상승  500,57100.0,58500.0,53800.0,1719886.0,한화에어로스페이스,012450
2022-10-18,59400.0,"상승  2,200",58500.0,60500.0,57900.0,1544420.0,한화에어로스페이스,012450
2022-10-19,59400.0,보합0,60500.0,61300.0,58700.0,1652256.0,한화에어로스페이스,012450
2022-10-20,60100.0,상승  700,60900.0,61700.0,59500.0,1690101.0,한화에어로스페이스,012450
2022-10-21,59000.0,"하락  1,100",60100.0,60400.0,58500.0,711201.0,한화에어로스페이스,012450
2022-10-24,61500.0,"상승  2,500",60100.0,62900.0,60100.0,1464771.0,한화에어로스페이스,012450
2022-10-25,61000.0,하락  500,62200.0,62600.0,60500.0,893093.0,한화에어로스페이스,012450
2022-10-26,61700.0,상승  700,61300.0,62600.0,61000.0,876927.0,한화에어로스페이스,012450
2022-10-27,62700.0,"상승  1,000",61800.0,62700.0,61600.0,896108.0,한화에어로스페이스,012450
2022-10-28,63800.0,"상승  1,100",62800.0,65200.0,62300.0,1156731.0,한화에어로스페이스,012450
2022-10-31,66300.0,"상승  2,500",64800.0,67000.0,60400.0,1816945.0,한화에어로스페이스,012450
2022-11-01,68200.0,"상승  1,900",66500.0,68600.0,65500.0,1045708.0,한화에어로스페이스,012450
2022-11-02,70600.0,"상승  2,400",68200.0,72200.0,67700.0,1808495.0,한화에어로스페이스,012450
2022-11-03,71900.0,"상승  1,300",70400.0,72600.0,69600.0,1075909.0,한화에어로스페이스,012450
2022-11-04,75000.0,"상승  3,100",71900.0,75700.0,71900.0,1432538.0,한화에어로스페이스,012450
2022-11-07,71000.0,"하락  4,000",78000.0,79200.0,70400.0,2786174.0,한화에어로스페이스,012450
2022-11-08,73800.0,"상승  2,800",71400.0,74100.0,70500.0,1198628.0,한화에어로스페이스,012450
2022-11-09,73100.0,하락  700,74500.0,74800.0,72400.0,809273.0,한화에어로스페이스,012450
2022-11-10,73100.0,보합0,72000.0,74100.0,72000.0,719026.0,한화에어로스페이스,012450
2022-11-11,73100.0,보합0,74000.0,75000.0,72100.0,1071094.0,한화에어로스페이스,012450
2022-11-14,70900.0,"하락  2,200",72800.0,72800.0,70000.0,913079.0,한화에어로스페이스,012450
2022-11-15,70700.0,하락  200,71400.0,71400.0,69200.0,716538.0,한화에어로스페이스,012450
2022-11-16,70000.0,하락  700,72200.0,72700.0,69300.0,1045645.0,한화에어로스페이스,012450
2022-11-17,68300.0,"하락  1,700",70100.0,70700.0,68000.0,810312.0,한화에어로스페이스,012450
2022-11-18,71400.0,"상승  3,100",68400.0,72400.0,66700.0,1419034.0,한화에어로스페이스,012450
2022-11-21,72100.0,상승  700,71700.0,74000.0,70800.0,1191531.0,한화에어로스페이스,012450
2022-11-22,72800.0,상승  700,72200.0,73300.0,71800.0,692379.0,한화에어로스페이스,012450
2022-11-23,71000.0,"하락  1,800",72900.0,73000.0,70200.0,814210.0,한화에어로스페이스,012450
2022-11-24,72100.0,"상승  1,100",71300.0,72200.0,70700.0,530390.0,한화에어로스페이스,012450
2022-11-25,71500.0,하락  600,72300.0,72400.0,71000.0,421334.0,한화에어로스페이스,012450
2022-11-28,71500.0,보합0,72600.0,74200.0,71300.0,860117.0,한화에어로스페이스,012450
2022-11-29,73400.0,"상승  1,900",71300.0,74600.0,70800.0,1057825.0,한화에어로스페이스,012450
2022-11-30,72600.0,하락  800,74000.0,74000.0,71800.0,708960.0,한화에어로스페이스,012450
2022-12-01,72200.0,하락  400,73200.0,73400.0,71500.0,523488.0,한화에어로스페이스,012450
2022-12-02,72000.0,하락  200,72500.0,73400.0,70800.0,797796.0,한화에어로스페이스,012450
2022-12-05,68600.0,"하락  3,400",72100.0,72600.0,67900.0,1017644.0,한화에어로스페이스,012450
2022-12-06,68100.0,하락  500,67600.0,69100.0,67500.0,540990.0,한화에어로스페이스,012450
2022-12-07,67100.0,"하락  1,000",67600.0,68200.0,66300.0,516079.0,한화에어로스페이스,012450
2022-12-08,66500.0,하락  600,66600.0,67000.0,65000.0,579570.0,한화에어로스페이스,012450
2022-12-09,66300.0,하락  200,66500.0,67000.0,65300.0,534920.0,한화에어로스페이스,012450
2022-12-12,68100.0,"상승  1,800",66300.0,68600.0,65800.0,559388.0,한화에어로스페이스,012450
2022-12-13,69600.0,"상승  1,500",68400.0,70000.0,68400.0,501199.0,한화에어로스페이스,012450
2022-12-14,70000.0,상승  400,69700.0,70300.0,68900.0,294877.0,한화에어로스페이스,012450
2022-12-15,71300.0,"상승  1,300",70100.0,72600.0,70000.0,632162.0,한화에어로스페이스,012450
2022-12-16,70500.0,하락  800,70600.0,72500.0,70100.0,497343.0,한화에어로스페이스,012450
2022-12-19,71700.0,"상승  1,200",70700.0,72100.0,70200.0,436310.0,한화에어로스페이스,012450
2022-12-20,72300.0,상승  600,71700.0,73400.0,71600.0,684724.0,한화에어로스페이스,012450
2022-12-21,72300.0,보합0,72800.0,73000.0,71600.0,388354.0,한화에어로스페이스,012450
2022-12-22,71700.0,하락  600,72500.0,72700.0,70700.0,483549.0,한화에어로스페이스,012450
2022-12-23,70200.0,"하락  1,500",70900.0,72100.0,69900.0,539145.0,한화에어로스페이스,012450
2022-12-26,71900.0,"상승  1,700",70200.0,72000.0,69200.0,489408.0,한화에어로스페이스,012450
2022-12-27,74800.0,"상승  2,900",71900.0,74900.0,71500.0,945462.0,한화에어로스페이스,012450
2022-12-28,72900.0,"하락  1,900",74200.0,75000.0,72200.0,705219.0,한화에어로스페이스,012450
2022-12-29,73600.0,상승  700,72600.0,74500.0,72200.0,591938.0,한화에어로스페이스,012450
2023-01-02,73600.0,보합0,74000.0,76000.0,72500.0,691041.0,한화에어로스페이스,012450
2023-01-03,71400.0,"하락  2,200",73600.0,74400.0,70000.0,851220.0,한화에어로스페이스,012450
2023-01-04,71800.0,상승  400,71600.0,72100.0,69200.0,555372.0,한화에어로스페이스,012450
2023-01-05,66800.0,"하락  5,000",71900.0,72400.0,65600.0,1516452.0,한화에어로스페이스,012450
2023-01-06,67000.0,상승  200,66000.0,68200.0,65800.0,528494.0,한화에어로스페이스,012450
2023-01-09,68000.0,"상승  1,000",67700.0,68700.0,67100.0,525011.0,한화에어로스페이스,012450
2023-01-10,68000.0,보합0,68300.0,69500.0,67200.0,509002.0,한화에어로스페이스,012450
2023-01-11,73600.0,"상승  5,600",68800.0,73800.0,68700.0,1645058.0,한화에어로스페이스,012450
2023-01-12,78700.0,"상승  5,100",74200.0,78700.0,73600.0,1783257.0,한화에어로스페이스,012450
2023-01-13,80200.0,"상승  1,500",78700.0,80400.0,77700.0,1261374.0,한화에어로스페이스,012450
2023-01-16,80800.0,상승  600,80000.0,82300.0,78500.0,1240773.0,한화에어로스페이스,012450
2023-01-17,80900.0,상승  100,80700.0,83200.0,80000.0,1104856.0,한화에어로스페이스,012450
2023-01-18,77200.0,"하락  3,700",80700.0,81200.0,76600.0,1094588.0,한화에어로스페이스,012450
2023-01-19,75500.0,"하락  1,700",76600.0,78000.0,75100.0,765210.0,한화에어로스페이스,012450
2023-01-20,76100.0,상승  600,75500.0,76600.0,74400.0,723686.0,한화에어로스페이스,012450
2023-01-25,74600.0,"하락  1,500",76700.0,77200.0,74100.0,849026.0,한화에어로스페이스,012450
2023-01-26,77600.0,"상승  3,000",74600.0,78200.0,74300.0,904656.0,한화에어로스페이스,012450
2023-01-27,77500.0,하락  100,77800.0,78200.0,76500.0,628559.0,한화에어로스페이스,012450
2023-01-30,77100.0,하락  400,77500.0,81200.0,75800.0,1138773.0,한화에어로스페이스,012450
2023-01-31,80400.0,"상승  3,300",77100.0,80800.0,76500.0,978439.0,한화에어로스페이스,012450
2023-02-01,80800.0,상승  400,81200.0,81900.0,80000.0,770969.0,한화에어로스페이스,012450
2023-02-02,80500.0,하락  300,81100.0,81600.0,79500.0,633973.0,한화에어로스페이스,012450
2023-02-03,81400.0,상승  900,80200.0,82300.0,79600.0,698632.0,한화에어로스페이스,012450
2023-02-06,83400.0,"상승  2,000",80300.0,84400.0,79000.0,1067542.0,한화에어로스페이스,012450
2023-02-07,83400.0,보합0,84000.0,85000.0,82400.0,776864.0,한화에어로스페이스,012450
2023-02-08,83900.0,상승  500,84100.0,84800.0,83100.0,444883.0,한화에어로스페이스,012450
2023-02-09,84600.0,상승  700,83800.0,85600.0,83500.0,677743.0,한화에어로스페이스,012450
2023-02-10,87900.0,"상승  3,300",83700.0,89000.0,83700.0,1247021.0,한화에어로스페이스,012450
2023-02-13,87500.0,하락  400,88200.0,89300.0,86900.0,687968.0,한화에어로스페이스,012450
2023-02-14,89000.0,"상승  1,500",87600.0,90200.0,87100.0,775412.0,한화에어로스페이스,012450
2023-02-15,87100.0,"하락  1,900",89100.0,89800.0,86000.0,647806.0,한화에어로스페이스,012450
2023-02-16,87700.0,상승  600,87000.0,88900.0,86100.0,581021.0,한화에어로스페이스,012450
2023-02-17,88200.0,상승  500,86700.0,89100.0,85100.0,463264.0,한화에어로스페이스,012450
2023-02-20,87400.0,하락  800,88500.0,89800.0,86400.0,540262.0,한화에어로스페이스,012450
2023-02-21,87800.0,상승  400,87100.0,88500.0,86500.0,458648.0,한화에어로스페이스,012450
2023-02-22,86600.0,"하락  1,200",87100.0,91300.0,86100.0,1063145.0,한화에어로스페이스,012450
2023-02-23,89000.0,"상승  2,400",87000.0,89400.0,86200.0,503174.0,한화에어로스페이스,012450
2023-02-24,92200.0,"상승  3,200",89000.0,92500.0,88800.0,959293.0,한화에어로스페이스,012450
2023-02-27,89000.0,"하락  3,200",93000.0,93000.0,87100.0,1224091.0,한화에어로스페이스,012450
2023-02-28,90000.0,"상승  1,000",89400.0,91900.0,88500.0,693508.0,한화에어로스페이스,012450
2023-03-02,90900.0,상승  900,90400.0,91500.0,88300.0,581801.0,한화에어로스페이스,012450
2023-03-03,93700.0,"상승  2,800",91200.0,93900.0,90700.0,736845.0,한화에어로스페이스,012450
2023-03-06,96400.0,"상승  2,700",94200.0,97900.0,94100.0,727745.0,한화에어로스페이스,012450
2023-03-07,97300.0,상승  900,96400.0,98100.0,95900.0,484358.0,한화에어로스페이스,012450
2023-03-08,96300.0,"하락  1,000",96100.0,98500.0,95600.0,475960.0,한화에어로스페이스,012450
2023-03-09,97200.0,상승  900,96600.0,97600.0,95200.0,478336.0,한화에어로스페이스,012450
2023-03-10,95600.0,"하락  1,600",96400.0,97800.0,94700.0,443432.0,한화에어로스페이스,012450
2023-03-13,95600.0,보합0,94600.0,95900.0,91700.0,609113.0,한화에어로스페이스,012450
2023-03-14,95000.0,하락  600,96000.0,97600.0,94200.0,602698.0,한화에어로스페이스,012450
2023-03-15,99300.0,"상승  4,300",96700.0,100000.0,95800.0,741996.0,한화에어로스페이스,012450
2023-03-16,95800.0,"하락  3,500",99300.0,99700.0,94000.0,795177.0,한화에어로스페이스,012450
2023-03-17,95100.0,하락  700,96600.0,99100.0,94400.0,828993.0,한화에어로스페이스,012450
2023-03-20,95700.0,상승  600,94700.0,98400.0,94600.0,540229.0,한화에어로스페이스,012450
2023-03-21,97400.0,"상승  1,700",96800.0,98000.0,96400.0,493406.0,한화에어로스페이스,012450
2023-03-22,90900.0,"하락  6,500",97900.0,97900.0,88800.0,2152452.0,한화에어로스페이스,012450
2023-03-23,92100.0,"상승  1,200",90900.0,93300.0,90000.0,875835.0,한화에어로스페이스,012450
2023-03-24,91700.0,하락  400,92500.0,93100.0,90500.0,630188.0,한화에어로스페이스,012450
2023-03-27,92900.0,"상승  1,200",91800.0,93500.0,91100.0,590882.0,한화에어로스페이스,012450
2023-03-28,95300.0,"상승  2,400",92500.0,96700.0,92500.0,694025.0,한화에어로스페이스,012450
2023-03-29,94800.0,하락  500,95600.0,95700.0,93300.0,385700.0,한화에어로스페이스,012450
2023-03-30,96600.0,"상승  1,800",95200.0,97600.0,94600.0,622123.0,한화에어로스페이스,012450
2023-03-31,99200.0,"상승  2,600",96300.0,100000.0,96200.0,743242.0,한화에어로스페이스,012450
2023-04-03,102600.0,"상승  3,400",99900.0,103700.0,99800.0,647755.0,한화에어로스페이스,012450
2023-04-04,107500.0,"상승  4,900",104000.0,110000.0,103900.0,1031591.0,한화에어로스페이스,012450
2023-04-05,112000.0,"상승  4,500",108700.0,114900.0,108000.0,1327487.0,한화에어로스페이스,012450
2023-04-06,113200.0,"상승  1,200",113000.0,114000.0,110900.0,633948.0,한화에어로스페이스,012450
2023-04-07,110900.0,"하락  2,300",112700.0,112700.0,108900.0,630559.0,한화에어로스페이스,012450
2023-04-10,117300.0,"상승  6,400",111200.0,118800.0,109700.0,925624.0,한화에어로스페이스,012450
2023-04-11,112500.0,"하락  4,800",119600.0,120100.0,110100.0,1247293.0,한화에어로스페이스,012450
2023-04-12,112600.0,상승  100,112500.0,116600.0,111500.0,780334.0,한화에어로스페이스,012450
2023-04-13,111800.0,하락  800,112600.0,112900.0,109700.0,724967.0,한화에어로스페이스,012450
2023-04-14,107800.0,"하락  4,000",111800.0,112200.0,106500.0,1054600.0,한화에어로스페이스,012450
2023-04-17,110300.0,"상승  2,500",108600.0,111200.0,108500.0,655707.0,한화에어로스페이스,012450
2023-04-18,108900.0,"하락  1,400",110300.0,110800.0,107300.0,569886.0,한화에어로스페이스,012450
2023-04-19,108300.0,하락  600,109500.0,110600.0,107000.0,546569.0,한화에어로스페이스,012450
2023-04-20,107700.0,하락  600,109100.0,112200.0,107000.0,1056030.0,한화에어로스페이스,012450
2023-04-21,106500.0,"하락  1,200",108400.0,108500.0,103600.0,626358.0,한화에어로스페이스,012450
2023-04-24,106300.0,하락  200,107900.0,113700.0,105400.0,1725336.0,한화에어로스페이스,012450
2023-04-25,110500.0,"상승  4,200",107600.0,113000.0,105700.0,1780880.0,한화에어로스페이스,012450
2023-04-26,107900.0,"하락  2,600",111200.0,111200.0,101600.0,1505333.0,한화에어로스페이스,012450
2023-04-27,111000.0,"상승  3,100",105400.0,114500.0,102600.0,1995126.0,한화에어로스페이스,012450
2023-04-28,102700.0,"하락  8,300",112000.0,114000.0,101400.0,1931998.0,한화에어로스페이스,012450
2023-05-02,107600.0,"상승  4,900",102000.0,109000.0,101400.0,1168016.0,한화에어로스페이스,012450
2023-05-03,106900.0,하락  700,107300.0,111300.0,106400.0,734506.0,한화에어로스페이스,012450
2023-05-04,105100.0,"하락  1,800",106100.0,107900.0,103300.0,578503.0,한화에어로스페이스,012450
2023-05-08,105000.0,하락  100,107000.0,107400.0,104200.0,441171.0,한화에어로스페이스,012450
2023-05-09,102000.0,"하락  3,000",105800.0,105800.0,101600.0,585009.0,한화에어로스페이스,012450
2023-05-10,103100.0,"상승  1,100",103600.0,105000.0,102600.0,431547.0,한화에어로스페이스,012450
2023-05-11,106500.0,"상승  3,400",103700.0,107100.0,102500.0,826180.0,한화에어로스페이스,012450
2023-05-12,103000.0,"하락  3,500",107100.0,108100.0,101700.0,895265.0,한화에어로스페이스,012450
2023-05-15,103600.0,상승  600,103000.0,104100.0,101500.0,386000.0,한화에어로스페이스,012450
2023-05-16,103500.0,하락  100,103600.0,104300.0,102400.0,345873.0,한화에어로스페이스,012450
2023-05-17,104100.0,상승  600,101000.0,104400.0,101000.0,514464.0,한화에어로스페이스,012450
2023-05-18,103900.0,하락  200,104700.0,106500.0,103300.0,532144.0,한화에어로스페이스,012450
2023-05-19,106900.0,"상승  3,000",104200.0,107000.0,104000.0,648131.0,한화에어로스페이스,012450
2023-05-22,111000.0,"상승  4,100",108800.0,112800.0,108600.0,997093.0,한화에어로스페이스,012450
2023-05-23,110900.0,하락  100,112200.0,112300.0,108000.0,624682.0,한화에어로스페이스,012450
2023-05-24,110700.0,하락  200,111200.0,112000.0,109000.0,534248.0,한화에어로스페이스,012450
2023-05-25,108000.0,"하락  2,700",109500.0,110400.0,107400.0,494665.0,한화에어로스페이스,012450
2023-05-26,106500.0,"하락  1,500",109800.0,110900.0,105600.0,656878.0,한화에어로스페이스,012450
2023-05-30,105600.0,하락  900,107900.0,109000.0,105000.0,610126.0,한화에어로스페이스,012450
2023-05-31,106100.0,상승  500,105600.0,107800.0,104100.0,3792605.0,한화에어로스페이스,012450
2023-06-01,108000.0,"상승  1,900",106200.0,110800.0,106200.0,738235.0,한화에어로스페이스,012450
2023-06-02,110800.0,"상승  2,800",108800.0,111200.0,108000.0,648474.0,한화에어로스페이스,012450
2023-06-05,109200.0,"하락  1,600",111200.0,112400.0,108700.0,373732.0,한화에어로스페이스,012450
2023-06-07,107800.0,"하락  1,400",109600.0,110900.0,107700.0,515477.0,한화에어로스페이스,012450
2023-06-08,108200.0,상승  400,108300.0,109400.0,107300.0,461623.0,한화에어로스페이스,012450
2023-06-09,107100.0,"하락  1,100",108200.0,108300.0,107000.0,421216.0,한화에어로스페이스,012450
2023-06-12,108200.0,"상승  1,100",108000.0,110400.0,107600.0,637582.0,한화에어로스페이스,012450
2023-06-13,110000.0,"상승  1,800",108700.0,110400.0,105700.0,864825.0,한화에어로스페이스,012450
2023-06-14,110700.0,상승  700,110000.0,111800.0,109400.0,557807.0,한화에어로스페이스,012450
2023-06-15,111400.0,상승  700,110300.0,113800.0,109200.0,723700.0,한화에어로스페이스,012450
2023-06-16,116800.0,"상승  5,400",112300.0,118000.0,112200.0,1152941.0,한화에어로스페이스,012450
2023-06-19,137300.0,"상승  20,500",118300.0,138800.0,118200.0,3449870.0,한화에어로스페이스,012450
2023-06-20,142500.0,"상승  5,200",137300.0,144200.0,135800.0,2163105.0,한화에어로스페이스,012450
2023-06-21,138800.0,"하락  3,700",143900.0,147400.0,137900.0,1579729.0,한화에어로스페이스,012450
2023-06-22,137700.0,"하락  1,100",139500.0,142000.0,135400.0,952635.0,한화에어로스페이스,012450
2023-06-23,134400.0,"하락  3,300",137400.0,137500.0,133300.0,657133.0,한화에어로스페이스,012450
2023-06-26,131600.0,"하락  2,800",132800.0,133400.0,128700.0,691892.0,한화에어로스페이스,012450
2023-06-27,130500.0,"하락  1,100",131500.0,133400.0,129000.0,453981.0,한화에어로스페이스,012450
2023-06-28,127700.0,"하락  2,800",131500.0,132000.0,126800.0,502922.0,한화에어로스페이스,012450
2023-06-29,125200.0,"하락  2,500",127100.0,128600.0,124000.0,694754.0,한화에어로스페이스,012450
2023-06-30,127400.0,"상승  2,200",125900.0,128900.0,124700.0,617712.0,한화에어로스페이스,012450
2023-07-03,130100.0,"상승  2,700",128000.0,130800.0,124800.0,547670.0,한화에어로스페이스,012450
2023-07-04,131700.0,"상승  1,600",131000.0,132300.0,128100.0,519498.0,한화에어로스페이스,012450
2023-07-05,132700.0,"상승  1,000",132000.0,133800.0,130400.0,434861.0,한화에어로스페이스,012450
2023-07-06,131600.0,"하락  1,100",132800.0,133800.0,130500.0,399689.0,한화에어로스페이스,012450
2023-07-07,131500.0,하락  100,131100.0,132100.0,129100.0,356338.0,한화에어로스페이스,012450
2023-07-10,131800.0,상승  300,135500.0,135600.0,130600.0,555283.0,한화에어로스페이스,012450
2023-07-11,141200.0,"상승  9,400",132000.0,143900.0,130200.0,1103131.0,한화에어로스페이스,012450
2023-07-12,137200.0,"하락  4,000",142600.0,142700.0,136400.0,566812.0,한화에어로스페이스,012450
2023-07-13,141200.0,"상승  4,000",138400.0,142000.0,136500.0,581764.0,한화에어로스페이스,012450
2023-07-14,135800.0,"하락  5,400",141400.0,141700.0,135100.0,618269.0,한화에어로스페이스,012450
2023-07-17,131000.0,"하락  4,800",134900.0,134900.0,130700.0,577782.0,한화에어로스페이스,012450
2023-07-18,128300.0,"하락  2,700",131000.0,131400.0,127400.0,487784.0,한화에어로스페이스,012450
2023-07-19,127900.0,하락  400,128600.0,130300.0,126800.0,384691.0,한화에어로스페이스,012450
2023-07-20,127900.0,보합0,126700.0,129400.0,125900.0,317237.0,한화에어로스페이스,012450
2023-07-21,128300.0,상승  400,127900.0,128900.0,126000.0,284793.0,한화에어로스페이스,012450
2023-07-24,129100.0,상승  800,128000.0,131800.0,127000.0,569033.0,한화에어로스페이스,012450
2023-07-25,133000.0,"상승  3,900",129100.0,134100.0,129000.0,650885.0,한화에어로스페이스,012450
2023-07-26,126800.0,"하락  6,200",134600.0,134700.0,125500.0,880092.0,한화에어로스페이스,012450
2023-07-27,124300.0,"하락  2,500",139500.0,151000.0,123100.0,3658359.0,한화에어로스페이스,012450
2023-07-28,115500.0,"하락  8,800",125700.0,125800.0,115300.0,1498624.0,한화에어로스페이스,012450
2023-07-31,122200.0,"상승  6,700",117400.0,125800.0,117300.0,1231166.0,한화에어로스페이스,012450
2023-08-01,121500.0,하락  700,122400.0,123200.0,119200.0,553975.0,한화에어로스페이스,012450
2023-08-02,120800.0,하락  700,121200.0,126500.0,119300.0,744987.0,한화에어로스페이스,012450
2023-08-03,119000.0,"하락  1,800",120800.0,123000.0,118600.0,477827.0,한화에어로스페이스,012450
2023-08-04,119600.0,상승  600,119000.0,121200.0,118600.0,315520.0,한화에어로스페이스,012450
2023-08-07,120900.0,"상승  1,300",121500.0,124100.0,119200.0,467830.0,한화에어로스페이스,012450
2023-08-08,118700.0,"하락  2,200",120400.0,120800.0,117400.0,471125.0,한화에어로스페이스,012450
2023-08-09,118000.0,하락  700,118200.0,118800.0,115800.0,344569.0,한화에어로스페이스,012450
2023-08-10,114700.0,"하락  3,300",117500.0,117900.0,114500.0,447913.0,한화에어로스페이스,012450
2023-08-11,116500.0,"상승  1,800",114700.0,116700.0,114100.0,313274.0,한화에어로스페이스,012450
2023-08-14,113700.0,"하락  2,800",116800.0,117000.0,112800.0,338418.0,한화에어로스페이스,012450
2023-08-16,109200.0,"하락  4,500",112500.0,113800.0,109200.0,515317.0,한화에어로스페이스,012450
2023-08-17,108100.0,"하락  1,100",107900.0,109900.0,106100.0,578630.0,한화에어로스페이스,012450
2023-08-18,107600.0,하락  500,107300.0,111400.0,107100.0,461030.0,한화에어로스페이스,012450
2023-08-21,108900.0,"상승  1,300",107900.0,110500.0,107600.0,301039.0,한화에어로스페이스,012450
2023-08-22,108900.0,보합0,108400.0,110400.0,103800.0,445920.0,한화에어로스페이스,012450
2023-08-23,112300.0,"상승  3,400",109500.0,113200.0,109300.0,436220.0,한화에어로스페이스,012450
2023-08-24,110700.0,"하락  1,600",112400.0,113800.0,108400.0,497587.0,한화에어로스페이스,012450
2023-08-25,110000.0,하락  700,110500.0,111500.0,109600.0,266719.0,한화에어로스페이스,012450
2023-08-28,113100.0,"상승  3,100",111000.0,113400.0,110800.0,264396.0,한화에어로스페이스,012450
2023-08-29,113300.0,상승  200,113700.0,114200.0,111000.0,284842.0,한화에어로스페이스,012450
2023-08-30,115200.0,"상승  1,900",115000.0,115900.0,112600.0,346897.0,한화에어로스페이스,012450
2023-08-31,114200.0,"하락  1,000",115800.0,115800.0,113200.0,459054.0,한화에어로스페이스,012450
2023-09-01,114600.0,상승  400,114400.0,117600.0,114300.0,377494.0,한화에어로스페이스,012450
2023-09-04,114500.0,하락  100,115800.0,116700.0,114400.0,232505.0,한화에어로스페이스,012450
2023-09-05,114700.0,상승  200,114900.0,115800.0,112900.0,229191.0,한화에어로스페이스,012450
2023-09-06,117600.0,"상승  2,900",114600.0,118300.0,113800.0,429557.0,한화에어로스페이스,012450
2023-09-07,114000.0,"하락  3,600",117100.0,118400.0,112500.0,523763.0,한화에어로스페이스,012450
2023-09-08,117300.0,"상승  3,300",113800.0,118300.0,113600.0,478888.0,한화에어로스페이스,012450
2023-09-11,121800.0,"상승  4,500",117900.0,122500.0,117800.0,623546.0,한화에어로스페이스,012450
2023-09-12,117300.0,"하락  4,500",122700.0,123500.0,117200.0,639087.0,한화에어로스페이스,012450
2023-09-13,112200.0,"하락  5,100",117300.0,117300.0,111600.0,530951.0,한화에어로스페이스,012450
2023-09-14,111100.0,"하락  1,100",112400.0,113400.0,110700.0,445124.0,한화에어로스페이스,012450
2023-09-15,111500.0,상승  400,113400.0,115000.0,111500.0,440215.0,한화에어로스페이스,012450
2023-09-18,111000.0,하락  500,111800.0,112700.0,111000.0,215766.0,한화에어로스페이스,012450
2023-09-19,109300.0,"하락  1,700",111000.0,111200.0,107800.0,340813.0,한화에어로스페이스,012450
2023-09-20,109400.0,상승  100,108500.0,109700.0,107600.0,186305.0,한화에어로스페이스,012450
2023-09-21,109200.0,하락  200,109300.0,111000.0,108800.0,310490.0,한화에어로스페이스,012450
2023-09-22,105800.0,"하락  3,400",108000.0,108600.0,104000.0,522200.0,한화에어로스페이스,012450
2023-09-25,104400.0,"하락  1,400",105800.0,107500.0,104300.0,324266.0,한화에어로스페이스,012450
2023-09-26,104200.0,하락  200,104500.0,106900.0,103800.0,332996.0,한화에어로스페이스,012450
2023-09-27,104600.0,상승  400,103600.0,104900.0,102800.0,233709.0,한화에어로스페이스,012450
2023-10-04,102200.0,"하락  2,400",104300.0,104300.0,101400.0,349946.0,한화에어로스페이스,012450
2023-10-05,98700.0,"하락  3,500",101700.0,102800.0,98300.0,421346.0,한화에어로스페이스,012450
2023-10-06,98800.0,상승  100,98500.0,99800.0,97900.0,253715.0,한화에어로스페이스,012450
2023-10-10,101000.0,"상승  2,200",106500.0,107400.0,100100.0,1181778.0,한화에어로스페이스,012450
2023-10-11,103600.0,"상승  2,600",101300.0,104300.0,98400.0,452379.0,한화에어로스페이스,012450
2023-10-12,105000.0,"상승  1,400",104500.0,107200.0,104000.0,383827.0,한화에어로스페이스,012450
2023-10-13,106000.0,"상승  1,000",104000.0,106300.0,103000.0,255910.0,한화에어로스페이스,012450
2023-10-16,101400.0,"하락  4,600",106000.0,108500.0,101200.0,547502.0,한화에어로스페이스,012450
2023-10-17,100300.0,"하락  1,100",101900.0,103400.0,100000.0,357047.0,한화에어로스페이스,012450
2023-10-18,99800.0,하락  500,100700.0,103000.0,98500.0,467497.0,한화에어로스페이스,012450
2023-10-19,97300.0,"하락  2,500",98500.0,99300.0,96500.0,335586.0,한화에어로스페이스,012450
2023-10-20,94000.0,"하락  3,300",96800.0,98700.0,93000.0,413539.0,한화에어로스페이스,012450
2023-10-23,100300.0,"상승  6,300",90200.0,101200.0,90200.0,683048.0,한화에어로스페이스,012450
2023-10-24,99800.0,하락  500,101000.0,101900.0,97000.0,400768.0,한화에어로스페이스,012450
2023-10-25,101000.0,"상승  1,200",100700.0,106000.0,100100.0,531538.0,한화에어로스페이스,012450
2023-10-26,99600.0,"하락  1,400",99700.0,101700.0,98100.0,350641.0,한화에어로스페이스,012450
2023-10-27,97600.0,"하락  2,000",99600.0,100300.0,97500.0,284050.0,한화에어로스페이스,012450
2023-10-30,101700.0,"상승  4,100",97900.0,104700.0,97800.0,540342.0,한화에어로스페이스,012450
2023-10-31,101000.0,하락  700,102000.0,103200.0,98600.0,584002.0,한화에어로스페이스,012450
2023-11-01,113500.0,"상승  12,500",103400.0,114100.0,102600.0,1442004.0,한화에어로스페이스,012450
2023-11-02,115400.0,"상승  1,900",115400.0,116700.0,111700.0,752981.0,한화에어로스페이스,012450
2023-11-03,120000.0,"상승  4,600",115400.0,121000.0,115300.0,799189.0,한화에어로스페이스,012450
2023-11-06,121700.0,"상승  1,700",122100.0,122300.0,118700.0,619342.0,한화에어로스페이스,012450
2023-11-07,123900.0,"상승  2,200",121400.0,124900.0,121300.0,544413.0,한화에어로스페이스,012450
2023-11-08,121800.0,"하락  2,100",124500.0,124600.0,119900.0,314999.0,한화에어로스페이스,012450
2023-11-09,124300.0,"상승  2,500",121400.0,125800.0,121200.0,368946.0,한화에어로스페이스,012450
2023-11-10,124800.0,상승  500,123400.0,125700.0,122300.0,287270.0,한화에어로스페이스,012450
2023-11-13,125100.0,상승  300,124800.0,127700.0,124100.0,301652.0,한화에어로스페이스,012450
2023-11-14,127800.0,"상승  2,700",126000.0,128500.0,125500.0,312832.0,한화에어로스페이스,012450
2023-11-15,128500.0,상승  700,128500.0,129700.0,126600.0,366776.0,한화에어로스페이스,012450
2023-11-16,120500.0,"하락  8,000",127500.0,127600.0,119600.0,772786.0,한화에어로스페이스,012450
2023-11-17,121300.0,상승  800,120300.0,121900.0,116700.0,435902.0,한화에어로스페이스,012450
2023-11-20,121300.0,보합0,120900.0,122000.0,119100.0,238296.0,한화에어로스페이스,012450
2023-11-21,120000.0,"하락  1,300",121200.0,122300.0,119800.0,235065.0,한화에어로스페이스,012450
2023-11-22,120900.0,상승  900,119800.0,121700.0,119000.0,232575.0,한화에어로스페이스,012450
2023-11-23,121900.0,"상승  1,000",122000.0,122900.0,120200.0,224175.0,한화에어로스페이스,012450
2023-11-24,120100.0,"하락  1,800",122000.0,122300.0,120000.0,156504.0,한화에어로스페이스,012450
2023-11-27,118400.0,"하락  1,700",121000.0,121200.0,118300.0,191882.0,한화에어로스페이스,012450
2023-11-28,119500.0,"상승  1,100",118800.0,119900.0,117900.0,262562.0,한화에어로스페이스,012450
2023-11-29,123100.0,"상승  3,600",119900.0,126700.0,118200.0,896492.0,한화에어로스페이스,012450
2023-11-30,125900.0,"상승  2,800",121800.0,127300.0,121800.0,939619.0,한화에어로스페이스,012450
2023-12-01,136000.0,"상승  10,100",125900.0,138400.0,125800.0,1862447.0,한화에어로스페이스,012450
2023-12-04,138300.0,"상승  2,300",136200.0,140500.0,134500.0,1153077.0,한화에어로스페이스,012450
2023-12-05,135100.0,"하락  3,200",137300.0,140100.0,134300.0,606797.0,한화에어로스페이스,012450
2023-12-06,135900.0,상승  800,134000.0,137300.0,132100.0,693600.0,한화에어로스페이스,012450
2023-12-07,133400.0,"하락  2,500",136000.0,139000.0,132200.0,585107.0,한화에어로스페이스,012450
2023-12-08,131300.0,"하락  2,100",130400.0,134300.0,127000.0,859020.0,한화에어로스페이스,012450
2023-12-11,128700.0,"하락  2,600",134400.0,137700.0,126200.0,1108388.0,한화에어로스페이스,012450
2023-12-12,128700.0,보합0,125000.0,129700.0,123500.0,680237.0,한화에어로스페이스,012450
2023-12-13,125000.0,"하락  3,700",127700.0,128800.0,124100.0,420486.0,한화에어로스페이스,012450
2023-12-14,125100.0,상승  100,123000.0,127800.0,123000.0,473956.0,한화에어로스페이스,012450
2023-12-15,125900.0,상승  800,125600.0,126200.0,124000.0,364547.0,한화에어로스페이스,012450
2023-12-18,125700.0,하락  200,126200.0,127900.0,124800.0,242511.0,한화에어로스페이스,012450
2023-12-19,125900.0,상승  200,125700.0,126000.0,124100.0,177118.0,한화에어로스페이스,012450
2023-12-20,127100.0,"상승  1,200",126500.0,127200.0,125000.0,278766.0,한화에어로스페이스,012450
2023-12-21,125400.0,"하락  1,700",126900.0,127000.0,125300.0,177735.0,한화에어로스페이스,012450
2023-12-22,127600.0,"상승  2,200",125600.0,129100.0,124900.0,312122.0,한화에어로스페이스,012450
2023-12-26,122900.0,"하락  4,700",127500.0,127700.0,122800.0,262388.0,한화에어로스페이스,012450
2023-12-27,124500.0,"상승  1,600",122900.0,124500.0,122800.0,170052.0,한화에어로스페이스,012450
2023-12-28,124500.0,보합0,125200.0,125200.0,123500.0,185469.0,한화에어로스페이스,012450
2024-01-02,129700.0,"상승  5,200",124700.0,129700.0,124500.0,346263.0,한화에어로스페이스,012450
2024-01-03,133300.0,"상승  3,600",129100.0,134200.0,127400.0,563979.0,한화에어로스페이스,012450
2024-01-04,132300.0,"하락  1,000",134100.0,136200.0,130100.0,420870.0,한화에어로스페이스,012450
2024-01-05,131100.0,"하락  1,200",133000.0,142200.0,129500.0,1124082.0,한화에어로스페이스,012450
2024-01-08,129000.0,"하락  2,100",131100.0,133600.0,128300.0,273376.0,한화에어로스페이스,012450
2024-01-09,129200.0,상승  200,130900.0,130900.0,128900.0,249673.0,한화에어로스페이스,012450
2024-01-10,136300.0,"상승  7,100",130500.0,139400.0,130200.0,1096572.0,한화에어로스페이스,012450
2024-01-11,142000.0,"상승  5,700",136900.0,144300.0,136300.0,1217137.0,한화에어로스페이스,012450
2024-01-12,141300.0,하락  700,142600.0,149500.0,140000.0,1001584.0,한화에어로스페이스,012450
2024-01-15,140800.0,하락  500,143200.0,145500.0,139100.0,480094.0,한화에어로스페이스,012450
2024-01-16,138700.0,"하락  2,100",140300.0,141300.0,137900.0,274570.0,한화에어로스페이스,012450
2024-01-17,135000.0,"하락  3,700",138400.0,139400.0,133500.0,396247.0,한화에어로스페이스,012450
2024-01-18,141400.0,"상승  6,400",135200.0,142300.0,135100.0,692621.0,한화에어로스페이스,012450
2024-01-19,144600.0,"상승  3,200",142500.0,146900.0,140100.0,651410.0,한화에어로스페이스,012450
2024-01-22,148100.0,"상승  3,500",145900.0,149000.0,143100.0,541566.0,한화에어로스페이스,012450
2024-01-23,143600.0,"하락  4,500",148700.0,149200.0,143300.0,451193.0,한화에어로스페이스,012450
2024-01-24,141700.0,"하락  1,900",141900.0,145400.0,140000.0,287621.0,한화에어로스페이스,012450
2024-01-25,140500.0,"하락  1,200",141900.0,145600.0,140100.0,359170.0,한화에어로스페이스,012450
2024-01-26,140600.0,상승  100,139600.0,143300.0,139300.0,275364.0,한화에어로스페이스,012450
2024-01-29,135500.0,"하락  5,100",141900.0,144200.0,135500.0,481993.0,한화에어로스페이스,012450
2024-01-30,131900.0,"하락  3,600",135500.0,137200.0,130900.0,425534.0,한화에어로스페이스,012450
2024-01-31,138100.0,"상승  6,200",133100.0,138500.0,132500.0,498657.0,한화에어로스페이스,012450
2024-02-01,132600.0,"하락  5,500",135600.0,139300.0,131500.0,444246.0,한화에어로스페이스,012450
2024-02-02,132200.0,하락  400,132600.0,134400.0,131000.0,331300.0,한화에어로스페이스,012450
2024-02-05,130500.0,"하락  1,700",132100.0,133000.0,130000.0,249674.0,한화에어로스페이스,012450
2024-02-06,132000.0,"상승  1,500",129900.0,132500.0,127200.0,346914.0,한화에어로스페이스,012450
2024-02-07,133000.0,"상승  1,000",134000.0,135400.0,131700.0,278803.0,한화에어로스페이스,012450
2024-02-08,134800.0,"상승  1,800",134600.0,138000.0,134300.0,415852.0,한화에어로스페이스,012450
2024-02-13,135900.0,"상승  1,100",137300.0,138200.0,135400.0,272854.0,한화에어로스페이스,012450
2024-02-14,146300.0,"상승  10,400",135900.0,155000.0,134100.0,1341992.0,한화에어로스페이스,012450
2024-02-15,144900.0,"하락  1,400",146500.0,147500.0,144500.0,402279.0,한화에어로스페이스,012450
2024-02-16,141300.0,"하락  3,600",145000.0,146700.0,141000.0,400760.0,한화에어로스페이스,012450
2024-02-19,151900.0,"상승  10,600",142100.0,152500.0,141900.0,821327.0,한화에어로스페이스,012450
2024-02-20,153900.0,"상승  2,000",152400.0,160000.0,151300.0,1284563.0,한화에어로스페이스,012450
2024-02-21,154400.0,상승  500,155200.0,159000.0,150600.0,588169.0,한화에어로스페이스,012450
2024-02-22,158000.0,"상승  3,600",156900.0,159300.0,153800.0,705204.0,한화에어로스페이스,012450
2024-02-23,154100.0,"하락  3,900",158500.0,158600.0,150800.0,685080.0,한화에어로스페이스,012450
2024-02-26,166200.0,"상승  12,100",156000.0,168100.0,155800.0,1634703.0,한화에어로스페이스,012450
2024-02-27,179100.0,"상승  12,900",167100.0,189300.0,167000.0,4119382.0,한화에어로스페이스,012450
2024-02-28,194500.0,"상승  15,400",180100.0,195900.0,180100.0,2898453.0,한화에어로스페이스,012450
2024-02-29,187500.0,"하락  7,000",196000.0,203000.0,186200.0,1612512.0,한화에어로스페이스,012450
2024-03-04,187600.0,상승  100,190000.0,193000.0,185200.0,789213.0,한화에어로스페이스,012450
2024-03-05,185300.0,"하락  2,300",186100.0,191900.0,184000.0,668172.0,한화에어로스페이스,012450
2024-03-06,204000.0,"상승  18,700",185500.0,205500.0,185500.0,2296464.0,한화에어로스페이스,012450
2024-03-07,200000.0,"하락  4,000",207000.0,210000.0,195800.0,1018618.0,한화에어로스페이스,012450
2024-03-08,200000.0,보합0,203000.0,205500.0,197200.0,584099.0,한화에어로스페이스,012450
2024-03-11,193000.0,"하락  7,000",199000.0,202000.0,192300.0,640002.0,한화에어로스페이스,012450
2024-03-12,185300.0,"하락  7,700",192700.0,193900.0,183000.0,953483.0,한화에어로스페이스,012450
2024-03-13,183100.0,"하락  2,200",185800.0,188000.0,179200.0,845400.0,한화에어로스페이스,012450
2024-03-14,182600.0,하락  500,184800.0,188600.0,181800.0,759230.0,한화에어로스페이스,012450
2024-03-15,180100.0,"하락  2,500",183600.0,187000.0,179900.0,499618.0,한화에어로스페이스,012450
2024-03-18,183200.0,"상승  3,100",181900.0,184800.0,180600.0,511934.0,한화에어로스페이스,012450
2024-03-19,190500.0,"상승  7,300",189200.0,192900.0,186800.0,1109665.0,한화에어로스페이스,012450
2024-03-20,191400.0,상승  900,193200.0,195000.0,188700.0,590195.0,한화에어로스페이스,012450
2024-03-21,193700.0,"상승  2,300",192800.0,194400.0,190100.0,391654.0,한화에어로스페이스,012450
2024-03-22,202000.0,"상승  8,300",195900.0,217000.0,195700.0,1947227.0,한화에어로스페이스,012450
2024-03-25,203500.0,"상승  1,500",207500.0,214500.0,201500.0,889909.0,한화에어로스페이스,012450
2024-03-26,216000.0,"상승  12,500",207500.0,219000.0,207000.0,1175300.0,한화에어로스페이스,012450
2024-03-27,223000.0,"상승  7,000",223000.0,225000.0,214000.0,835381.0,한화에어로스페이스,012450
2024-03-28,207500.0,"하락  15,500",219500.0,220000.0,206500.0,792022.0,한화에어로스페이스,012450
2024-03-29,204500.0,"하락  3,000",208500.0,213500.0,203500.0,455605.0,한화에어로스페이스,012450
2024-04-01,209000.0,"상승  4,500",207000.0,212000.0,204500.0,320698.0,한화에어로스페이스,012450
2024-04-02,241000.0,"상승  32,000",211500.0,245000.0,200500.0,3141771.0,한화에어로스페이스,012450
2024-04-03,228000.0,"하락  13,000",241000.0,241500.0,216000.0,2107940.0,한화에어로스페이스,012450
2024-04-04,236000.0,"상승  8,000",225000.0,238500.0,220500.0,1095178.0,한화에어로스페이스,012450
2024-04-05,212500.0,"하락  23,500",225500.0,234500.0,210000.0,1368496.0,한화에어로스페이스,012450
2024-04-08,212000.0,하락  500,212000.0,221000.0,210000.0,677490.0,한화에어로스페이스,012450
2024-04-09,209000.0,"하락  3,000",209500.0,214500.0,205500.0,567978.0,한화에어로스페이스,012450
2024-04-11,214000.0,"상승  5,000",207000.0,216500.0,207000.0,526361.0,한화에어로스페이스,012450
2024-04-12,217000.0,"상승  3,000",216000.0,222000.0,213500.0,471206.0,한화에어로스페이스,012450
2024-04-15,210000.0,"하락  7,000",221000.0,222500.0,210000.0,498153.0,한화에어로스페이스,012450
2024-04-16,211000.0,"상승  1,000",211000.0,220500.0,207000.0,854102.0,한화에어로스페이스,012450
2024-04-17,220000.0,"상승  9,000",212500.0,224500.0,207500.0,817587.0,한화에어로스페이스,012450
2024-04-18,226000.0,"상승  6,000",221500.0,226500.0,218500.0,496547.0,한화에어로스페이스,012450
2024-04-19,234000.0,"상승  8,000",229500.0,240500.0,226000.0,1861363.0,한화에어로스페이스,012450
2024-04-22,220000.0,"하락  14,000",236500.0,237500.0,219000.0,704924.0,한화에어로스페이스,012450
2024-04-23,236500.0,"상승  16,500",224000.0,236500.0,223000.0,933249.0,한화에어로스페이스,012450
2024-04-24,241500.0,"상승  5,000",235000.0,246000.0,231500.0,879604.0,한화에어로스페이스,012450
2024-04-25,241000.0,하락  500,239500.0,244500.0,235000.0,598872.0,한화에어로스페이스,012450
2024-04-26,235000.0,"하락  6,000",243000.0,249500.0,232000.0,697251.0,한화에어로스페이스,012450
2024-04-29,232000.0,"하락  3,000",235000.0,236000.0,228000.0,461211.0,한화에어로스페이스,012450
2024-04-30,211500.0,"하락  20,500",231500.0,232500.0,211500.0,1215823.0,한화에어로스페이스,012450
2024-05-02,220500.0,"상승  9,000",212000.0,225000.0,210000.0,793182.0,한화에어로스페이스,012450
2024-05-03,215500.0,"하락  5,000",222500.0,224000.0,215000.0,335186.0,한화에어로스페이스,012450
2024-05-07,218500.0,"상승  3,000",217000.0,219000.0,211500.0,355997.0,한화에어로스페이스,012450
2024-05-08,218500.0,보합0,218500.0,219000.0,213000.0,292650.0,한화에어로스페이스,012450
2024-05-09,214000.0,"하락  4,500",219000.0,219000.0,213000.0,297223.0,한화에어로스페이스,012450
2024-05-10,218000.0,"상승  4,000",217500.0,222500.0,217500.0,319605.0,한화에어로스페이스,012450
2024-05-13,221500.0,"상승  3,500",218000.0,223000.0,216000.0,240031.0,한화에어로스페이스,012450
2024-05-14,217000.0,"하락  4,500",221500.0,221500.0,216000.0,227031.0,한화에어로스페이스,012450
2024-05-16,215000.0,"하락  2,000",219000.0,221000.0,214000.0,325066.0,한화에어로스페이스,012450
2024-05-17,208000.0,"하락  7,000",215000.0,217000.0,207500.0,299874.0,한화에어로스페이스,012450
2024-05-20,210500.0,"상승  2,500",207500.0,212000.0,200500.0,381712.0,한화에어로스페이스,012450
2024-05-21,207500.0,"하락  3,000",210500.0,212000.0,206000.0,228813.0,한화에어로스페이스,012450
2024-05-22,201000.0,"하락  6,500",207500.0,209500.0,201000.0,364716.0,한화에어로스페이스,012450
2024-05-23,201500.0,상승  500,201000.0,203500.0,194000.0,322109.0,한화에어로스페이스,012450
2024-05-24,204000.0,"상승  2,500",198300.0,206000.0,195500.0,321893.0,한화에어로스페이스,012450
2024-05-27,211000.0,"상승  7,000",204500.0,212000.0,204500.0,332934.0,한화에어로스페이스,012450
2024-05-28,223000.0,"상승  12,000",215500.0,225000.0,211000.0,635646.0,한화에어로스페이스,012450
2024-05-29,218000.0,"하락  5,000",223500.0,225500.0,215500.0,481569.0,한화에어로스페이스,012450
2024-05-30,204000.0,"하락  14,000",217500.0,220500.0,203500.0,456680.0,한화에어로스페이스,012450
2024-05-31,205000.0,"상승  1,000",208500.0,210500.0,204000.0,413790.0,한화에어로스페이스,012450
2024-06-03,223000.0,"상승  18,000",213000.0,243500.0,209500.0,3172835.0,한화에어로스페이스,012450
2024-06-04,211000.0,"하락  12,000",220000.0,221500.0,209500.0,905384.0,한화에어로스페이스,012450
2024-06-05,206500.0,"하락  4,500",210500.0,212500.0,206000.0,426878.0,한화에어로스페이스,012450
2024-06-07,209500.0,"상승  3,000",210500.0,214500.0,209000.0,390959.0,한화에어로스페이스,012450
2024-06-10,214000.0,"상승  4,500",207500.0,214500.0,206500.0,292737.0,한화에어로스페이스,012450
2024-06-11,210000.0,"하락  4,000",216000.0,217500.0,209000.0,280885.0,한화에어로스페이스,012450
2024-06-12,212000.0,"상승  2,000",210500.0,213000.0,209000.0,278649.0,한화에어로스페이스,012450
2024-06-13,225000.0,"상승  13,000",213500.0,226000.0,211500.0,869481.0,한화에어로스페이스,012450
2024-06-14,228500.0,"상승  3,500",225500.0,234500.0,222000.0,708824.0,한화에어로스페이스,012450
2024-06-17,238500.0,"상승  10,000",232000.0,241500.0,228000.0,687722.0,한화에어로스페이스,012450
2024-06-18,232500.0,"하락  6,000",239000.0,239000.0,230000.0,455800.0,한화에어로스페이스,012450
2024-06-19,251000.0,"상승  18,500",234500.0,256000.0,233000.0,1699164.0,한화에어로스페이스,012450
2024-06-20,248000.0,"하락  3,000",253500.0,255500.0,242000.0,748341.0,한화에어로스페이스,012450
2024-06-21,236000.0,"하락  12,000",248500.0,254000.0,234000.0,680174.0,한화에어로스페이스,012450
2024-06-24,236000.0,보합0,236500.0,241500.0,235000.0,270448.0,한화에어로스페이스,012450
2024-06-25,232500.0,"하락  3,500",238000.0,240000.0,231000.0,325915.0,한화에어로스페이스,012450
2024-06-26,229500.0,"하락  3,000",232000.0,233000.0,226500.0,272134.0,한화에어로스페이스,012450
2024-06-27,235000.0,"상승  5,500",227500.0,236500.0,227000.0,395296.0,한화에어로스페이스,012450
2024-06-28,249500.0,"상승  14,500",236500.0,250000.0,231000.0,793957.0,한화에어로스페이스,012450
2024-07-01,243500.0,"하락  6,000",247500.0,251500.0,242500.0,389973.0,한화에어로스페이스,012450
2024-07-02,235000.0,"하락  8,500",244500.0,245500.0,230000.0,527577.0,한화에어로스페이스,012450
2024-07-03,233000.0,"하락  2,000",236000.0,238000.0,230000.0,292953.0,한화에어로스페이스,012450
2024-07-04,242000.0,"상승  9,000",233000.0,243500.0,231500.0,331914.0,한화에어로스페이스,012450
2024-07-05,241500.0,하락  500,242000.0,244000.0,237000.0,240727.0,한화에어로스페이스,012450
2024-07-08,251500.0,"상승  10,000",241500.0,253000.0,241000.0,545599.0,한화에어로스페이스,012450
2024-07-09,252000.0,상승  500,251500.0,254500.0,245500.0,381822.0,한화에어로스페이스,012450
2024-07-10,256500.0,"상승  4,500",257500.0,273500.0,255500.0,1228430.0,한화에어로스페이스,012450
2024-07-11,256500.0,보합0,258500.0,264000.0,255000.0,471648.0,한화에어로스페이스,012450
2024-07-12,253500.0,"하락  3,000",260000.0,261000.0,251000.0,341135.0,한화에어로스페이스,012450
2024-07-15,265000.0,"상승  11,500",264500.0,271500.0,258500.0,907019.0,한화에어로스페이스,012450
2024-07-16,269500.0,"상승  4,500",268000.0,282000.0,267000.0,998491.0,한화에어로스페이스,012450
2024-07-17,275000.0,"상승  5,500",274000.0,285000.0,271500.0,792136.0,한화에어로스페이스,012450
2024-07-18,271500.0,"하락  3,500",273000.0,288500.0,269500.0,1173896.0,한화에어로스페이스,012450
2024-07-19,281500.0,"상승  10,000",270500.0,283500.0,263500.0,645057.0,한화에어로스페이스,012450
2024-07-22,275000.0,"하락  6,500",283500.0,288000.0,273500.0,578974.0,한화에어로스페이스,012450
2024-07-23,287000.0,"상승  12,000",274000.0,288000.0,270000.0,624919.0,한화에어로스페이스,012450
2024-07-24,298500.0,"상승  11,500",286000.0,307500.0,284500.0,959357.0,한화에어로스페이스,012450
2024-07-25,293500.0,"하락  5,000",299500.0,312500.0,290000.0,1242819.0,한화에어로스페이스,012450
2024-07-26,298500.0,"상승  5,000",298000.0,302500.0,290000.0,595132.0,한화에어로스페이스,012450
2024-07-29,322500.0,"상승  24,000",304500.0,324000.0,297000.0,833331.0,한화에어로스페이스,012450
2024-07-30,318500.0,"하락  4,000",323000.0,330000.0,310000.0,1056943.0,한화에어로스페이스,012450
2024-07-31,288000.0,"하락  30,500",312000.0,323500.0,285500.0,1502478.0,한화에어로스페이스,012450
2024-08-01,303500.0,"상승  15,500",290000.0,306000.0,287000.0,1012194.0,한화에어로스페이스,012450
2024-08-02,289000.0,"하락  14,500",299000.0,306000.0,289000.0,766410.0,한화에어로스페이스,012450
2024-08-05,267000.0,"하락  22,000",285000.0,293000.0,247000.0,1287553.0,한화에어로스페이스,012450
2024-08-06,264000.0,"하락  3,000",272500.0,279000.0,262000.0,1341907.0,한화에어로스페이스,012450
2024-08-07,279000.0,"상승  15,000",265000.0,284500.0,263000.0,931915.0,한화에어로스페이스,012450
2024-08-08,293500.0,"상승  14,500",279500.0,295000.0,271000.0,880321.0,한화에어로스페이스,012450
2024-08-09,303500.0,"상승  10,000",300500.0,308500.0,299000.0,585906.0,한화에어로스페이스,012450
2024-08-12,306000.0,"상승  2,500",305000.0,309500.0,299500.0,415270.0,한화에어로스페이스,012450
2024-08-13,308000.0,"상승  2,000",306500.0,317500.0,302500.0,529064.0,한화에어로스페이스,012450
2024-08-14,308000.0,보합0,312000.0,312500.0,304500.0,322587.0,한화에어로스페이스,012450
2024-08-16,305000.0,"하락  3,000",311000.0,312000.0,305000.0,327057.0,한화에어로스페이스,012450
2024-08-19,300000.0,"하락  5,000",306000.0,314500.0,299000.0,394494.0,한화에어로스페이스,012450
2024-08-20,287500.0,"하락  12,500",300000.0,300500.0,284000.0,740267.0,한화에어로스페이스,012450
2024-08-21,284500.0,"하락  3,000",286500.0,287000.0,276000.0,575140.0,한화에어로스페이스,012450
2024-08-22,278000.0,"하락  6,500",286000.0,287500.0,275500.0,348949.0,한화에어로스페이스,012450
2024-08-23,275500.0,"하락  2,500",275000.0,285000.0,275000.0,340676.0,한화에어로스페이스,012450
2024-08-26,277500.0,"상승  2,000",277500.0,278000.0,270000.0,330205.0,한화에어로스페이스,012450
2024-08-27,284000.0,"상승  6,500",278500.0,286500.0,271500.0,467536.0,한화에어로스페이스,012450
2024-08-28,290000.0,"상승  6,000",288000.0,296500.0,283000.0,899074.0,한화에어로스페이스,012450
2024-08-29,290000.0,보합0,0.0,0.0,0.0,0.0,한화에어로스페이스,012450
2024-08-30,290000.0,보합0,0.0,0.0,0.0,0.0,한화에어로스페이스,012450
2024-09-02,290000.0,보합0,0.0,0.0,0.0,0.0,한화에어로스페이스,012450
2024-09-03,290000.0,보합0,0.0,0.0,0.0,0.0,한화에어로스페이스,012450
2024-09-04,290000.0,보합0,0.0,0.0,0.0,0.0,한화에어로스페이스,012450
2024-09-05,290000.0,보합0,0.0,0.0,0.0,0.0,한화에어로스페이스,012450
2024-09-06,290000.0,보합0,0.0,0.0,0.0,0.0,한화에어로스페이스,012450
2024-09-09,290000.0,보합0,0.0,0.0,0.0,0.0,한화에어로스페이스,012450
2024-09-10,290000.0,보합0,0.0,0.0,0.0,0.0,한화에어로스페이스,012450
2024-09-11,290000.0,보합0,0.0,0.0,0.0,0.0,한화에어로스페이스,012450
2024-09-12,290000.0,보합0,0.0,0.0,0.0,0.0,한화에어로스페이스,012450
2024-09-13,290000.0,보합0,0.0,0.0,0.0,0.0,한화에어로스페이스,012450
2024-09-19,290000.0,보합0,0.0,0.0,0.0,0.0,한화에어로스페이스,012450
2024-09-20,290000.0,보합0,0.0,0.0,0.0,0.0,한화에어로스페이스,012450
2024-09-23,290000.0,보합0,0.0,0.0,0.0,0.0,한화에어로스페이스,012450
2024-09-24,290000.0,보합0,0.0,0.0,0.0,0.0,한화에어로스페이스,012450
2024-09-25,290000.0,보합0,0.0,0.0,0.0,0.0,한화에어로스페이스,012450
2024-09-26,290000.0,보합0,0.0,0.0,0.0,0.0,한화에어로스페이스,012450
2024-09-27,317000.0,"상승  17,000",300000.0,321000.0,300000.0,1553930.0,한화에어로스페이스,012450
2024-09-30,297000.0,"하락  20,000",317000.0,317500.0,297000.0,582683.0,한화에어로스페이스,012450
2024-10-02,309500.0,"상승  12,500",304000.0,309500.0,298000.0,652691.0,한화에어로스페이스,012450
2024-10-04,337500.0,"상승  28,000",317500.0,341500.0,315000.0,1073947.0,한화에어로스페이스,012450
2024-10-07,351500.0,"상승  14,000",340500.0,361500.0,340000.0,821448.0,한화에어로스페이스,012450
2024-10-08,364500.0,"상승  13,000",351500.0,364500.0,349000.0,605738.0,한화에어로스페이스,012450
2024-10-10,350500.0,"하락  14,000",368500.0,368500.0,350000.0,565368.0,한화에어로스페이스,012450
2024-10-11,356500.0,"상승  6,000",354000.0,359500.0,351000.0,238732.0,한화에어로스페이스,012450
2024-10-14,356500.0,보합0,363000.0,364000.0,351000.0,226770.0,한화에어로스페이스,012450
2024-10-15,374000.0,"상승  17,500",360000.0,375000.0,353000.0,442618.0,한화에어로스페이스,012450
2024-10-16,382500.0,"상승  8,500",374500.0,392500.0,369000.0,466193.0,한화에어로스페이스,012450
2024-10-17,393000.0,"상승  10,500",385500.0,395000.0,381500.0,448701.0,한화에어로스페이스,012450
2024-10-18,387500.0,"하락  5,500",390500.0,392500.0,378500.0,384279.0,한화에어로스페이스,012450
2024-10-21,381500.0,"하락  6,000",390000.0,392000.0,380500.0,259612.0,한화에어로스페이스,012450
2024-10-22,385500.0,"상승  4,000",383500.0,386000.0,371000.0,353200.0,한화에어로스페이스,012450
2024-10-23,373000.0,"하락  12,500",385000.0,388000.0,369500.0,305860.0,한화에어로스페이스,012450
2024-10-24,374000.0,"상승  1,000",368000.0,379500.0,368000.0,280462.0,한화에어로스페이스,012450
2024-10-25,378000.0,"상승  4,000",375000.0,385000.0,368500.0,280034.0,한화에어로스페이스,012450
2024-10-28,377500.0,하락  500,379500.0,386000.0,377000.0,181781.0,한화에어로스페이스,012450
2024-10-29,381000.0,"상승  3,500",377500.0,388000.0,377500.0,229141.0,한화에어로스페이스,012450
2024-10-30,375500.0,"하락  5,500",382500.0,384500.0,372500.0,208604.0,한화에어로스페이스,012450
2024-10-31,368000.0,"하락  7,500",373500.0,380500.0,361500.0,409138.0,한화에어로스페이스,012450
2024-11-01,378500.0,"상승  10,500",368000.0,385000.0,353500.0,481531.0,한화에어로스페이스,012450
2024-11-04,367000.0,"하락  11,500",379000.0,382000.0,365000.0,358448.0,한화에어로스페이스,012450
2024-11-05,362000.0,"하락  5,000",364500.0,369000.0,358500.0,235817.0,한화에어로스페이스,012450
2024-11-06,387500.0,"상승  25,500",364000.0,395000.0,358500.0,827905.0,한화에어로스페이스,012450
2024-11-07,405000.0,"상승  17,500",395000.0,405500.0,389500.0,702700.0,한화에어로스페이스,012450
2024-11-08,403500.0,"하락  1,500",405000.0,407000.0,395000.0,338133.0,한화에어로스페이스,012450
2024-11-11,416000.0,"상승  12,500",406000.0,418000.0,400000.0,337001.0,한화에어로스페이스,012450
2024-11-12,413500.0,"하락  2,500",418000.0,425000.0,411000.0,411171.0,한화에어로스페이스,012450
2024-11-13,402000.0,"하락  11,500",413500.0,419000.0,398500.0,298962.0,한화에어로스페이스,012450
2024-11-14,403500.0,"상승  1,500",403500.0,414500.0,402500.0,326121.0,한화에어로스페이스,012450
2024-11-15,407000.0,"상승  3,500",408000.0,421500.0,404000.0,262700.0,한화에어로스페이스,012450
2024-11-18,392500.0,"하락  14,500",407000.0,407000.0,390500.0,264313.0,한화에어로스페이스,012450
2024-11-19,381000.0,"하락  11,500",392500.0,395500.0,377500.0,311192.0,한화에어로스페이스,012450
2024-11-20,380000.0,"하락  1,000",382000.0,386500.0,370000.0,285460.0,한화에어로스페이스,012450
2024-11-21,356500.0,"하락  23,500",373500.0,379000.0,348500.0,477846.0,한화에어로스페이스,012450
2024-11-22,379500.0,"상승  23,000",361000.0,380000.0,360000.0,475673.0,한화에어로스페이스,012450
2024-11-25,359000.0,"하락  20,500",377000.0,378000.0,349500.0,799494.0,한화에어로스페이스,012450
2024-11-26,319500.0,"하락  39,500",355500.0,355500.0,318500.0,925407.0,한화에어로스페이스,012450
2024-11-27,322500.0,"상승  3,000",319000.0,329000.0,318500.0,368911.0,한화에어로스페이스,012450
2024-11-28,325000.0,"상승  2,500",322500.0,331500.0,313000.0,347514.0,한화에어로스페이스,012450
2024-11-29,312500.0,"하락  12,500",328000.0,339500.0,312500.0,496191.0,한화에어로스페이스,012450
2024-12-02,321000.0,"상승  8,500",314500.0,323500.0,313000.0,306671.0,한화에어로스페이스,012450
2024-12-03,338500.0,"상승  17,500",329500.0,341500.0,327000.0,335117.0,한화에어로스페이스,012450
2024-12-04,335000.0,"하락  3,500",328500.0,342500.0,328500.0,479672.0,한화에어로스페이스,012450
2024-12-05,308000.0,"하락  27,000",335000.0,336000.0,304000.0,837652.0,한화에어로스페이스,012450
2024-12-06,298000.0,"하락  10,000",314500.0,317500.0,286000.0,938645.0,한화에어로스페이스,012450
2024-12-09,279000.0,"하락  19,000",283500.0,288000.0,277000.0,729078.0,한화에어로스페이스,012450
2024-12-10,291000.0,"상승  12,000",279000.0,292000.0,270000.0,756944.0,한화에어로스페이스,012450
2024-12-11,298000.0,"상승  7,000",291000.0,304500.0,287000.0,319668.0,한화에어로스페이스,012450
2024-12-12,311500.0,"상승  13,500",300000.0,314500.0,295500.0,552672.0,한화에어로스페이스,012450
2024-12-13,323000.0,"상승  11,500",316000.0,324000.0,310000.0,396002.0,한화에어로스페이스,012450
2024-12-16,320000.0,"하락  3,000",332500.0,333000.0,313000.0,423292.0,한화에어로스페이스,012450
2024-12-17,305500.0,"하락  14,500",316500.0,320500.0,304000.0,391304.0,한화에어로스페이스,012450
2024-12-18,305500.0,보합0,305000.0,311500.0,302500.0,221485.0,한화에어로스페이스,012450
2024-12-19,309000.0,"상승  3,500",297500.0,315000.0,297500.0,290631.0,한화에어로스페이스,012450
2024-12-20,305000.0,"하락  4,000",309000.0,309500.0,303000.0,221140.0,한화에어로스페이스,012450
2024-12-23,326000.0,"상승  21,000",306500.0,328500.0,306500.0,336668.0,한화에어로스페이스,012450
2024-12-24,324000.0,"하락  2,000",329000.0,330000.0,320500.0,179574.0,한화에어로스페이스,012450
2024-12-26,323500.0,하락  500,324000.0,327000.0,316500.0,186277.0,한화에어로스페이스,012450
2024-12-27,319000.0,"하락  4,500",321500.0,327500.0,318000.0,196212.0,한화에어로스페이스,012450
2024-12-30,326500.0,"상승  7,500",317000.0,330000.0,317000.0,204610.0,한화에어로스페이스,012450
2025-01-02,363500.0,"상승  37,000",330500.0,364000.0,330500.0,544064.0,한화에어로스페이스,012450
2025-01-03,362000.0,"하락  1,500",362000.0,368000.0,355500.0,260600.0,한화에어로스페이스,012450
2025-01-06,366000.0,"상승  4,000",362500.0,376000.0,360500.0,300540.0,한화에어로스페이스,012450
2025-01-07,381000.0,"상승  15,000",369500.0,384500.0,367000.0,337262.0,한화에어로스페이스,012450
2025-01-08,383000.0,"상승  2,000",379000.0,386500.0,373000.0,292046.0,한화에어로스페이스,012450
2025-01-09,392000.0,"상승  9,000",379000.0,392000.0,363000.0,457502.0,한화에어로스페이스,012450
2025-01-10,378500.0,"하락  13,500",388500.0,390500.0,375000.0,343171.0,한화에어로스페이스,012450
2025-01-13,395500.0,"상승  17,000",381000.0,398500.0,381000.0,420373.0,한화에어로스페이스,012450
2025-01-14,395500.0,보합0,392000.0,402000.0,391500.0,191711.0,한화에어로스페이스,012450
2025-01-15,395000.0,하락  500,399500.0,400500.0,393500.0,171811.0,한화에어로스페이스,012450
2025-01-16,394000.0,"하락  1,000",399000.0,399500.0,387000.0,214039.0,한화에어로스페이스,012450
2025-01-17,382500.0,"하락  11,500",392000.0,392500.0,378000.0,308909.0,한화에어로스페이스,012450
2025-01-20,377500.0,"하락  5,000",393000.0,393000.0,374500.0,228676.0,한화에어로스페이스,012450
2025-01-21,389500.0,"상승  12,000",378000.0,392000.0,378000.0,281748.0,한화에어로스페이스,012450
2025-01-22,389000.0,하락  500,392000.0,399500.0,386500.0,234670.0,한화에어로스페이스,012450
2025-01-23,383500.0,"하락  5,500",390500.0,394000.0,381500.0,128950.0,한화에어로스페이스,012450
2025-01-24,411500.0,"상승  28,000",383500.0,414000.0,383500.0,483792.0,한화에어로스페이스,012450
2025-01-31,400000.0,"하락  11,500",414500.0,415000.0,397000.0,419665.0,한화에어로스페이스,012450
2025-02-03,392500.0,"하락  7,500",392000.0,399500.0,384500.0,237337.0,한화에어로스페이스,012450
2025-02-04,406500.0,"상승  14,000",395000.0,414000.0,395000.0,277489.0,한화에어로스페이스,012450
2025-02-05,402500.0,"하락  4,000",409000.0,410500.0,399500.0,181769.0,한화에어로스페이스,012450
2025-02-06,420500.0,"상승  18,000",404500.0,424000.0,393000.0,455172.0,한화에어로스페이스,012450
2025-02-07,418000.0,"하락  2,500",421500.0,439000.0,412000.0,508231.0,한화에어로스페이스,012450
2025-02-10,413000.0,"하락  5,000",423500.0,425500.0,411000.0,294509.0,한화에어로스페이스,012450
2025-02-11,498000.0,"상승  85,000",454000.0,498500.0,442500.0,2598237.0,한화에어로스페이스,012450
2025-02-12,520000.0,"상승  22,000",503000.0,524000.0,500000.0,1067534.0,한화에어로스페이스,012450
2025-02-13,516000.0,"하락  4,000",509000.0,526000.0,495000.0,702706.0,한화에어로스페이스,012450
2025-02-14,533000.0,"상승  17,000",516000.0,539000.0,503000.0,649548.0,한화에어로스페이스,012450
2025-02-17,577000.0,"상승  44,000",533000.0,590000.0,528000.0,1021560.0,한화에어로스페이스,012450
2025-02-18,643000.0,"상승  66,000",600000.0,659000.0,599000.0,1245770.0,한화에어로스페이스,012450
2025-02-19,639000.0,"하락  4,000",639000.0,642000.0,619000.0,527197.0,한화에어로스페이스,012450
2025-02-20,645000.0,"상승  6,000",627000.0,664000.0,608000.0,890044.0,한화에어로스페이스,012450
2025-02-21,660000.0,"상승  15,000",635000.0,668000.0,615000.0,562770.0,한화에어로스페이스,012450
2025-02-24,666000.0,"상승  6,000",658000.0,674000.0,652000.0,386667.0,한화에어로스페이스,012450
2025-02-25,680000.0,"상승  14,000",658000.0,695000.0,657000.0,448687.0,한화에어로스페이스,012450
2025-02-26,672000.0,"하락  8,000",689000.0,701000.0,663000.0,351498.0,한화에어로스페이스,012450
2025-02-27,649000.0,"하락  23,000",663000.0,676000.0,633000.0,486498.0,한화에어로스페이스,012450
2025-02-28,594000.0,"하락  55,000",643000.0,651000.0,592000.0,763278.0,한화에어로스페이스,012450
2025-03-04,701000.0,"상승  107,000",633000.0,701000.0,627000.0,1257407.0,한화에어로스페이스,012450
2025-03-05,695000.0,"하락  6,000",688000.0,709000.0,670000.0,778132.0,한화에어로스페이스,012450
2025-03-06,678000.0,"하락  17,000",714000.0,714000.0,671000.0,582714.0,한화에어로스페이스,012450
2025-03-07,731000.0,"상승  53,000",680000.0,740000.0,664000.0,952069.0,한화에어로스페이스,012450
2025-03-10,702000.0,"하락  29,000",732000.0,745000.0,694000.0,577521.0,한화에어로스페이스,012450
2025-03-11,678000.0,"하락  24,000",675000.0,692000.0,675000.0,408683.0,한화에어로스페이스,012450
2025-03-12,665000.0,"하락  13,000",683000.0,704000.0,645000.0,725675.0,한화에어로스페이스,012450
2025-03-13,707000.0,"상승  42,000",671000.0,714000.0,671000.0,631379.0,한화에어로스페이스,012450
2025-03-14,705000.0,"하락  2,000",700000.0,714000.0,696000.0,294939.0,한화에어로스페이스,012450
2025-03-17,753000.0,"상승  48,000",714000.0,757000.0,709000.0,666106.0,한화에어로스페이스,012450
2025-03-18,764000.0,"상승  11,000",764000.0,781000.0,746000.0,468996.0,한화에어로스페이스,012450
2025-03-19,756000.0,"하락  8,000",771000.0,774000.0,746000.0,390302.0,한화에어로스페이스,012450
2025-03-20,722000.0,"하락  34,000",750000.0,754000.0,720000.0,424628.0,한화에어로스페이스,012450
2025-03-21,628000.0,"하락  94,000",627000.0,655000.0,608000.0,1813669.0,한화에어로스페이스,012450
2025-03-24,675000.0,"상승  47,000",637000.0,684000.0,636000.0,726087.0,한화에어로스페이스,012450
2025-03-25,654000.0,"하락  21,000",688000.0,692000.0,650000.0,349469.0,한화에어로스페이스,012450
2025-03-26,667000.0,"상승  13,000",655000.0,675000.0,632000.0,337299.0,한화에어로스페이스,012450
2025-03-27,663000.0,"하락  4,000",673000.0,679000.0,660000.0,215109.0,한화에어로스페이스,012450
2025-03-28,630000.0,"하락  33,000",675000.0,677000.0,629000.0,304634.0,한화에어로스페이스,012450
2025-03-31,627000.0,"하락  3,000",605000.0,638000.0,603000.0,305291.0,한화에어로스페이스,012450
2025-04-01,673000.0,"상승  46,000",643000.0,682000.0,640000.0,343029.0,한화에어로스페이스,012450
2025-04-02,663000.0,"하락  10,000",685000.0,694000.0,660000.0,297917.0,한화에어로스페이스,012450
2025-04-03,697000.0,"상승  34,000",652000.0,710000.0,650000.0,427177.0,한화에어로스페이스,012450
2025-04-04,702000.0,"상승  5,000",705000.0,720000.0,675000.0,422746.0,한화에어로스페이스,012450
2025-04-07,642000.0,"하락  60,000",683000.0,684000.0,636000.0,412797.0,한화에어로스페이스,012450
2025-04-08,698000.0,"상승  56,000",686000.0,705000.0,670000.0,558169.0,한화에어로스페이스,012450
2025-04-09,691000.0,"하락  7,000",717000.0,717000.0,673000.0,411172.0,한화에어로스페이스,012450
2025-04-10,740000.0,"상승  49,000",727000.0,740000.0,707000.0,410554.0,한화에어로스페이스,012450
2025-04-11,779000.0,"상승  39,000",730000.0,781000.0,727000.0,379557.0,한화에어로스페이스,012450
2025-04-14,792000.0,"상승  13,000",798000.0,804000.0,780000.0,270675.0,한화에어로스페이스,012450
2025-04-15,771000.0,"하락  21,000",796000.0,797000.0,758000.0,253411.0,한화에어로스페이스,012450
2025-04-16,788000.0,"상승  17,000",771000.0,798000.0,762000.0,257199.0,한화에어로스페이스,012450
2025-04-17,816000.0,"상승  28,000",790000.0,816000.0,781000.0,325239.0,한화에어로스페이스,012450
2025-04-18,828000.0,"상승  12,000",814000.0,862000.0,808000.0,351310.0,한화에어로스페이스,012450
2025-04-21,830000.0,"상승  2,000",850000.0,850000.0,813000.0,198259.0,한화에어로스페이스,012450
2025-04-22,830000.0,보합0,829000.0,843000.0,823000.0,151172.0,한화에어로스페이스,012450
2025-04-23,814000.0,"하락  16,000",837000.0,840000.0,805000.0,191206.0,한화에어로스페이스,012450
2025-04-24,824000.0,"상승  10,000",817000.0,833000.0,805000.0,164949.0,한화에어로스페이스,012450
2025-04-25,824000.0,보합0,828000.0,832000.0,810000.0,242091.0,한화에어로스페이스,012450
2025-04-28,827000.0,"상승  3,000",825000.0,845000.0,807000.0,331266.0,한화에어로스페이스,012450
2025-04-29,809000.0,"하락  18,000",822000.0,822000.0,795000.0,270124.0,한화에어로스페이스,012450
2025-04-30,797000.0,"하락  12,000",811000.0,832000.0,751000.0,509064.0,한화에어로스페이스,012450
2025-05-02,818000.0,"상승  21,000",797000.0,822000.0,788000.0,268277.0,한화에어로스페이스,012450
2025-05-07,890000.0,"상승  72,000",832000.0,890000.0,827000.0,468435.0,한화에어로스페이스,012450
2025-05-08,883000.0,"하락  7,000",887000.0,899000.0,861000.0,324345.0,한화에어로스페이스,012450
2025-05-09,878000.0,"하락  5,000",888000.0,898000.0,873000.0,368386.0,한화에어로스페이스,012450
2025-05-12,820000.0,"하락  58,000",876000.0,877000.0,814000.0,285226.0,한화에어로스페이스,012450
2025-05-13,804000.0,"하락  16,000",796000.0,825000.0,780000.0,360960.0,한화에어로스페이스,012450
2025-05-14,820000.0,"상승  16,000",813000.0,834000.0,807000.0,275966.0,한화에어로스페이스,012450
2025-05-15,822000.0,"상승  2,000",824000.0,828000.0,811000.0,164929.0,한화에어로스페이스,012450
2025-05-16,841000.0,"상승  19,000",823000.0,845000.0,823000.0,160353.0,한화에어로스페이스,012450
2025-05-19,839000.0,"하락  2,000",832000.0,854000.0,825000.0,109527.0,한화에어로스페이스,012450
2025-05-20,815000.0,"하락  24,000",847000.0,849000.0,809000.0,181366.0,한화에어로스페이스,012450
2025-05-21,850000.0,"상승  35,000",820000.0,854000.0,819000.0,241037.0,한화에어로스페이스,012450
2025-05-22,833000.0,"하락  4,000",837000.0,843000.0,822000.0,152390.0,한화에어로스페이스,012450
2025-05-23,830000.0,"하락  3,000",833000.0,836000.0,813000.0,136055.0,한화에어로스페이스,012450
2025-05-26,833000.0,"상승  3,000",799000.0,833000.0,798000.0,169509.0,한화에어로스페이스,012450
2025-05-27,887000.0,"상승  54,000",842000.0,889000.0,834000.0,369030.0,한화에어로스페이스,012450
2025-05-28,832000.0,"하락  55,000",884000.0,893000.0,827000.0,320783.0,한화에어로스페이스,012450
2025-05-29,857000.0,"상승  25,000",848000.0,872000.0,833000.0,234459.0,한화에어로스페이스,012450
