날짜,종가,전일비,시가,고가,저가,거래량,회사명,종목코드
2020-03-13,32250.0,"하락  2,250",30550.0,33050.0,29500.0,124362.0,현대오토에버,307950
2020-03-16,30000.0,"하락  2,250",32300.0,33900.0,29950.0,58836.0,현대오토에버,307950
2020-03-17,28450.0,"하락  1,550",27100.0,29250.0,26950.0,98806.0,현대오토에버,307950
2020-03-18,25300.0,"하락  3,150",28450.0,28750.0,25300.0,74083.0,현대오토에버,307950
2020-03-19,21800.0,"하락  3,500",25250.0,26000.0,21350.0,99529.0,현대오토에버,307950
2020-03-20,24350.0,"상승  2,550",21800.0,24500.0,21600.0,66240.0,현대오토에버,307950
2020-03-23,22600.0,"하락  1,750",22500.0,23100.0,22150.0,41596.0,현대오토에버,307950
2020-03-24,24350.0,"상승  1,750",23000.0,24350.0,22650.0,37164.0,현대오토에버,307950
2020-03-25,28000.0,"상승  3,650",25250.0,28200.0,25250.0,117102.0,현대오토에버,307950
2020-03-26,29100.0,"상승  1,100",28500.0,30600.0,27100.0,108871.0,현대오토에버,307950
2020-03-27,30950.0,"상승  1,850",30500.0,32550.0,29800.0,103747.0,현대오토에버,307950
2020-03-30,30800.0,하락  150,29550.0,31450.0,29400.0,43131.0,현대오토에버,307950
2020-03-31,31450.0,상승  650,32300.0,32550.0,31000.0,69859.0,현대오토에버,307950
2020-04-01,31800.0,상승  350,31400.0,33300.0,31000.0,65339.0,현대오토에버,307950
2020-04-02,32700.0,상승  900,31800.0,33100.0,31050.0,35434.0,현대오토에버,307950
2020-04-03,32900.0,상승  200,34000.0,34000.0,32350.0,27913.0,현대오토에버,307950
2020-04-06,33850.0,상승  950,32900.0,33850.0,32400.0,31481.0,현대오토에버,307950
2020-04-07,34450.0,상승  600,34750.0,35000.0,33550.0,34483.0,현대오토에버,307950
2020-04-08,35850.0,"상승  1,400",34450.0,35900.0,34000.0,48003.0,현대오토에버,307950
2020-04-09,38650.0,"상승  2,800",36100.0,38650.0,36050.0,74720.0,현대오토에버,307950
2020-04-10,38850.0,상승  200,39400.0,39450.0,37500.0,54846.0,현대오토에버,307950
2020-04-13,36450.0,"하락  2,400",38800.0,38800.0,36250.0,58870.0,현대오토에버,307950
2020-04-14,38000.0,"상승  1,550",36450.0,38450.0,36450.0,39708.0,현대오토에버,307950
2020-04-16,38200.0,상승  200,37300.0,38250.0,36850.0,21878.0,현대오토에버,307950
2020-04-17,38450.0,상승  250,38800.0,38850.0,38000.0,71240.0,현대오토에버,307950
2020-04-20,39000.0,상승  550,38600.0,40150.0,38500.0,42524.0,현대오토에버,307950
2020-04-21,38400.0,하락  600,39000.0,39350.0,36750.0,260591.0,현대오토에버,307950
2020-04-22,38800.0,상승  400,37350.0,39050.0,36950.0,40257.0,현대오토에버,307950
2020-04-23,39250.0,상승  450,40550.0,40550.0,38950.0,39602.0,현대오토에버,307950
2020-04-24,37750.0,"하락  1,500",39000.0,39450.0,37750.0,28062.0,현대오토에버,307950
2020-04-27,38650.0,상승  900,37750.0,38650.0,37750.0,18137.0,현대오토에버,307950
2020-04-28,39150.0,상승  500,38650.0,39750.0,37950.0,65208.0,현대오토에버,307950
2020-04-29,39450.0,상승  300,39200.0,39550.0,38650.0,37349.0,현대오토에버,307950
2020-05-04,39450.0,보합0,38650.0,40200.0,38450.0,41354.0,현대오토에버,307950
2020-05-06,40750.0,"상승  1,300",40000.0,41250.0,39700.0,49569.0,현대오토에버,307950
2020-05-07,42200.0,"상승  1,450",40850.0,42550.0,40850.0,77969.0,현대오토에버,307950
2020-05-08,42750.0,상승  550,42300.0,42950.0,41350.0,41567.0,현대오토에버,307950
2020-05-11,44600.0,"상승  1,850",42750.0,45100.0,42700.0,91691.0,현대오토에버,307950
2020-05-12,44900.0,상승  300,45200.0,45550.0,43700.0,47832.0,현대오토에버,307950
2020-05-13,45200.0,상승  300,44000.0,45650.0,43950.0,44534.0,현대오토에버,307950
2020-05-14,45450.0,상승  250,45150.0,45800.0,44800.0,38358.0,현대오토에버,307950
2020-05-15,43950.0,"하락  1,500",45450.0,45700.0,43950.0,36300.0,현대오토에버,307950
2020-05-18,43100.0,하락  850,43950.0,44750.0,42450.0,42836.0,현대오토에버,307950
2020-05-19,42650.0,하락  450,43250.0,43800.0,42050.0,52327.0,현대오토에버,307950
2020-05-20,42950.0,상승  300,42250.0,42950.0,42050.0,30914.0,현대오토에버,307950
2020-05-21,42450.0,하락  500,43000.0,43250.0,41950.0,36600.0,현대오토에버,307950
2020-05-22,41000.0,"하락  1,450",42400.0,42450.0,40600.0,60651.0,현대오토에버,307950
2020-05-25,43750.0,"상승  2,750",41050.0,45500.0,40300.0,134131.0,현대오토에버,307950
2020-05-26,44800.0,"상승  1,050",43450.0,45150.0,43400.0,69848.0,현대오토에버,307950
2020-05-27,44400.0,하락  400,45300.0,45550.0,44400.0,44537.0,현대오토에버,307950
2020-05-28,44950.0,상승  550,44500.0,45000.0,42800.0,66966.0,현대오토에버,307950
2020-05-29,44900.0,하락  50,44600.0,45050.0,44350.0,21231.0,현대오토에버,307950
2020-06-01,44950.0,상승  50,45000.0,45150.0,44500.0,24404.0,현대오토에버,307950
2020-06-02,44750.0,하락  200,44550.0,45250.0,44100.0,26521.0,현대오토에버,307950
2020-06-03,45300.0,상승  550,44750.0,45500.0,44200.0,66076.0,현대오토에버,307950
2020-06-04,45300.0,보합0,45950.0,46000.0,44150.0,59763.0,현대오토에버,307950
2020-06-05,44900.0,하락  400,45300.0,45450.0,43850.0,49086.0,현대오토에버,307950
2020-06-08,45000.0,상승  100,44950.0,45200.0,44600.0,29845.0,현대오토에버,307950
2020-06-09,44600.0,하락  400,45000.0,45200.0,44250.0,40784.0,현대오토에버,307950
2020-06-10,43350.0,"하락  1,250",44600.0,44600.0,43300.0,42902.0,현대오토에버,307950
2020-06-11,42100.0,"하락  1,250",43050.0,43300.0,42100.0,52903.0,현대오토에버,307950
2020-06-12,40200.0,"하락  1,900",41000.0,41000.0,39800.0,62099.0,현대오토에버,307950
2020-06-15,38450.0,"하락  1,750",40000.0,40600.0,38000.0,46975.0,현대오토에버,307950
2020-06-16,39600.0,"상승  1,150",38500.0,39850.0,38500.0,32962.0,현대오토에버,307950
2020-06-17,39400.0,하락  200,39000.0,39800.0,38400.0,31629.0,현대오토에버,307950
2020-06-18,38750.0,하락  650,38950.0,40350.0,38600.0,34651.0,현대오토에버,307950
2020-06-19,38500.0,하락  250,39000.0,39250.0,38200.0,18072.0,현대오토에버,307950
2020-06-22,39400.0,상승  900,38500.0,40000.0,38250.0,30379.0,현대오토에버,307950
2020-06-23,39700.0,상승  300,39500.0,40200.0,39350.0,30552.0,현대오토에버,307950
2020-06-24,39200.0,하락  500,40050.0,40150.0,38850.0,24550.0,현대오토에버,307950
2020-06-25,38750.0,하락  450,38800.0,38850.0,38300.0,14361.0,현대오토에버,307950
2020-06-26,38250.0,하락  500,39000.0,39200.0,38250.0,16509.0,현대오토에버,307950
2020-06-29,37350.0,하락  900,38100.0,38250.0,37350.0,18649.0,현대오토에버,307950
2020-06-30,37550.0,상승  200,38050.0,38050.0,36900.0,27357.0,현대오토에버,307950
2020-07-01,37600.0,상승  50,37400.0,38650.0,37400.0,11972.0,현대오토에버,307950
2020-07-02,38150.0,상승  550,37550.0,38400.0,37550.0,7060.0,현대오토에버,307950
2020-07-03,38300.0,상승  150,38100.0,38750.0,37750.0,9348.0,현대오토에버,307950
2020-07-06,38250.0,하락  50,38950.0,38950.0,37950.0,6812.0,현대오토에버,307950
2020-07-07,37300.0,하락  950,38500.0,38500.0,37100.0,28488.0,현대오토에버,307950
2020-07-08,37600.0,상승  300,37400.0,37700.0,37150.0,9980.0,현대오토에버,307950
2020-07-09,37650.0,상승  50,37300.0,37750.0,36900.0,23174.0,현대오토에버,307950
2020-07-10,37000.0,하락  650,37150.0,37850.0,36500.0,30007.0,현대오토에버,307950
2020-07-13,37400.0,상승  400,37050.0,37450.0,36850.0,16679.0,현대오토에버,307950
2020-07-14,37700.0,상승  300,37400.0,37700.0,37000.0,16184.0,현대오토에버,307950
2020-07-15,38000.0,상승  300,37800.0,39100.0,37200.0,54416.0,현대오토에버,307950
2020-07-16,38350.0,상승  350,38100.0,38900.0,37950.0,25984.0,현대오토에버,307950
2020-07-17,38800.0,상승  450,38350.0,38850.0,38150.0,14833.0,현대오토에버,307950
2020-07-20,39900.0,"상승  1,100",39050.0,39900.0,38300.0,38061.0,현대오토에버,307950
2020-07-21,41100.0,"상승  1,200",40050.0,43550.0,40050.0,130932.0,현대오토에버,307950
2020-07-22,40000.0,"하락  1,100",41150.0,42000.0,39700.0,41003.0,현대오토에버,307950
2020-07-23,40150.0,상승  150,40150.0,41200.0,38950.0,46095.0,현대오토에버,307950
2020-07-24,39250.0,하락  900,40050.0,40350.0,39100.0,37740.0,현대오토에버,307950
2020-07-27,39350.0,상승  100,39250.0,39800.0,38850.0,25929.0,현대오토에버,307950
2020-07-28,39350.0,보합0,39950.0,39950.0,39050.0,29675.0,현대오토에버,307950
2020-07-29,39350.0,보합0,39350.0,39700.0,38750.0,26155.0,현대오토에버,307950
2020-07-30,40350.0,"상승  1,000",39350.0,40450.0,39100.0,39382.0,현대오토에버,307950
2020-07-31,39750.0,하락  600,40550.0,40800.0,39100.0,77876.0,현대오토에버,307950
2020-08-03,38800.0,하락  950,39600.0,39700.0,37450.0,47650.0,현대오토에버,307950
2020-08-04,39500.0,상승  700,39050.0,39650.0,38750.0,33491.0,현대오토에버,307950
2020-08-05,39200.0,하락  300,39500.0,39950.0,39050.0,28381.0,현대오토에버,307950
2020-08-06,41000.0,"상승  1,800",39500.0,41950.0,39200.0,113075.0,현대오토에버,307950
2020-08-07,41200.0,상승  200,41150.0,41800.0,40400.0,44474.0,현대오토에버,307950
2020-08-10,42500.0,"상승  1,300",41700.0,43550.0,41300.0,136169.0,현대오토에버,307950
2020-08-11,41900.0,하락  600,43100.0,43100.0,41550.0,49454.0,현대오토에버,307950
2020-08-12,44400.0,"상승  2,500",41650.0,44550.0,40200.0,108811.0,현대오토에버,307950
2020-08-13,43650.0,하락  750,45100.0,45700.0,43550.0,384151.0,현대오토에버,307950
2020-08-14,42800.0,하락  850,44000.0,44350.0,41700.0,79296.0,현대오토에버,307950
2020-08-18,41000.0,"하락  1,800",42500.0,43950.0,41000.0,118290.0,현대오토에버,307950
2020-08-19,40950.0,하락  50,41000.0,41350.0,40550.0,50016.0,현대오토에버,307950
2020-08-20,39600.0,"하락  1,350",41000.0,41000.0,39350.0,52333.0,현대오토에버,307950
2020-08-21,39400.0,하락  200,39650.0,40250.0,39300.0,30982.0,현대오토에버,307950
2020-08-24,39200.0,하락  200,39250.0,39500.0,38350.0,39913.0,현대오토에버,307950
2020-08-25,41100.0,"상승  1,900",39500.0,41250.0,39300.0,73596.0,현대오토에버,307950
2020-08-26,41600.0,상승  500,41100.0,42000.0,40200.0,59697.0,현대오토에버,307950
2020-08-27,40400.0,"하락  1,200",41500.0,41650.0,40250.0,84391.0,현대오토에버,307950
2020-08-28,43300.0,"상승  2,900",40500.0,45400.0,40450.0,296910.0,현대오토에버,307950
2020-08-31,42300.0,"하락  1,000",43150.0,43900.0,42200.0,66792.0,현대오토에버,307950
2020-09-01,42850.0,상승  550,42300.0,43050.0,41850.0,49847.0,현대오토에버,307950
2020-09-02,43200.0,상승  350,42850.0,44150.0,42450.0,54126.0,현대오토에버,307950
2020-09-03,44700.0,"상승  1,500",43200.0,44900.0,43050.0,89942.0,현대오토에버,307950
2020-09-04,44000.0,하락  700,43000.0,44450.0,43000.0,75402.0,현대오토에버,307950
2020-09-07,42900.0,"하락  1,100",43600.0,43900.0,42700.0,49378.0,현대오토에버,307950
2020-09-08,44350.0,"상승  1,450",42950.0,44700.0,42700.0,81960.0,현대오토에버,307950
2020-09-09,48200.0,"상승  3,850",44000.0,48650.0,43700.0,506493.0,현대오토에버,307950
2020-09-10,51300.0,"상승  3,100",49850.0,53400.0,49100.0,613665.0,현대오토에버,307950
2020-09-11,51900.0,상승  600,50100.0,51900.0,48450.0,1349313.0,현대오토에버,307950
2020-09-14,58000.0,"상승  6,100",53200.0,58500.0,52300.0,873821.0,현대오토에버,307950
2020-09-15,59100.0,"상승  1,100",58100.0,61500.0,55000.0,536763.0,현대오토에버,307950
2020-09-16,57900.0,"하락  1,200",58600.0,60800.0,57700.0,171840.0,현대오토에버,307950
2020-09-17,60500.0,"상승  2,600",57800.0,61400.0,56900.0,337657.0,현대오토에버,307950
2020-09-18,60300.0,하락  200,59900.0,61200.0,58200.0,166781.0,현대오토에버,307950
2020-09-21,59100.0,"하락  1,200",60000.0,62000.0,58500.0,178103.0,현대오토에버,307950
2020-09-22,56000.0,"하락  3,100",58400.0,58800.0,55000.0,252091.0,현대오토에버,307950
2020-09-23,59200.0,"상승  3,200",57000.0,59600.0,55900.0,301667.0,현대오토에버,307950
2020-09-24,57500.0,"하락  1,700",58000.0,58900.0,56400.0,208490.0,현대오토에버,307950
2020-09-25,56700.0,하락  800,58000.0,59000.0,56300.0,150538.0,현대오토에버,307950
2020-09-28,62500.0,"상승  5,800",58100.0,62500.0,57900.0,485511.0,현대오토에버,307950
2020-09-29,61900.0,하락  600,63000.0,63200.0,60600.0,214046.0,현대오토에버,307950
2020-10-05,67200.0,"상승  5,300",61900.0,68500.0,61900.0,355104.0,현대오토에버,307950
2020-10-06,66200.0,"하락  1,000",66600.0,67200.0,65100.0,161117.0,현대오토에버,307950
2020-10-07,67700.0,"상승  1,500",65300.0,68600.0,64800.0,155524.0,현대오토에버,307950
2020-10-08,68500.0,상승  800,69000.0,70500.0,68000.0,188890.0,현대오토에버,307950
2020-10-12,66900.0,"하락  1,600",67700.0,68700.0,65700.0,178304.0,현대오토에버,307950
2020-10-13,67900.0,"상승  1,000",67900.0,68400.0,65900.0,153008.0,현대오토에버,307950
2020-10-14,66500.0,"하락  1,400",69000.0,70000.0,65200.0,226830.0,현대오토에버,307950
2020-10-15,70800.0,"상승  4,300",66500.0,71900.0,65500.0,418711.0,현대오토에버,307950
2020-10-16,68000.0,"하락  2,800",70800.0,74000.0,67400.0,352513.0,현대오토에버,307950
2020-10-19,62900.0,"하락  5,100",67500.0,67700.0,61600.0,327283.0,현대오토에버,307950
2020-10-20,68400.0,"상승  5,500",60500.0,71600.0,59600.0,854068.0,현대오토에버,307950
2020-10-21,67000.0,"하락  1,400",68500.0,69800.0,65900.0,186476.0,현대오토에버,307950
2020-10-22,63000.0,"하락  4,000",66700.0,67000.0,62500.0,181143.0,현대오토에버,307950
2020-10-23,65100.0,"상승  2,100",63700.0,66500.0,63100.0,125706.0,현대오토에버,307950
2020-10-26,63600.0,"하락  1,500",64900.0,66800.0,63100.0,118657.0,현대오토에버,307950
2020-10-27,63300.0,하락  300,63400.0,65400.0,63000.0,143804.0,현대오토에버,307950
2020-10-28,66700.0,"상승  3,400",63500.0,66900.0,62800.0,138348.0,현대오토에버,307950
2020-10-29,67500.0,상승  800,65400.0,67800.0,64800.0,129022.0,현대오토에버,307950
2020-10-30,64500.0,"하락  3,000",67600.0,68500.0,63500.0,149379.0,현대오토에버,307950
2020-11-02,65000.0,상승  500,65000.0,65600.0,63200.0,77228.0,현대오토에버,307950
2020-11-03,63900.0,"하락  1,100",64600.0,66000.0,63500.0,89801.0,현대오토에버,307950
2020-11-04,63800.0,하락  100,64400.0,65500.0,63500.0,63267.0,현대오토에버,307950
2020-11-05,65300.0,"상승  1,500",64100.0,65500.0,63700.0,99162.0,현대오토에버,307950
2020-11-06,64600.0,하락  700,65300.0,66000.0,64200.0,50853.0,현대오토에버,307950
2020-11-09,67400.0,"상승  2,800",65000.0,67700.0,64800.0,159183.0,현대오토에버,307950
2020-11-10,68000.0,상승  600,67400.0,68800.0,65000.0,134782.0,현대오토에버,307950
2020-11-11,71300.0,"상승  3,300",69200.0,73400.0,69200.0,366220.0,현대오토에버,307950
2020-11-12,75800.0,"상승  4,500",71400.0,76200.0,70200.0,342747.0,현대오토에버,307950
2020-11-13,81000.0,"상승  5,200",75800.0,82400.0,74200.0,520838.0,현대오토에버,307950
2020-11-16,78700.0,"하락  2,300",81200.0,81500.0,76700.0,262045.0,현대오토에버,307950
2020-11-17,84600.0,"상승  5,900",78700.0,84700.0,77600.0,345277.0,현대오토에버,307950
2020-11-18,82600.0,"하락  2,000",84900.0,89200.0,82600.0,358267.0,현대오토에버,307950
2020-11-19,80200.0,"하락  2,400",81800.0,84100.0,79300.0,273324.0,현대오토에버,307950
2020-11-20,80700.0,상승  500,80200.0,81700.0,78800.0,124416.0,현대오토에버,307950
2020-11-23,82900.0,"상승  2,200",80400.0,84800.0,80100.0,181691.0,현대오토에버,307950
2020-11-24,81000.0,"하락  1,900",83000.0,83700.0,80400.0,147914.0,현대오토에버,307950
2020-11-25,78600.0,"하락  2,400",82300.0,82400.0,78000.0,195598.0,현대오토에버,307950
2020-11-26,78700.0,상승  100,78600.0,80200.0,77200.0,80044.0,현대오토에버,307950
2020-11-27,81000.0,"상승  2,300",78500.0,81400.0,78000.0,117074.0,현대오토에버,307950
2020-11-30,80400.0,하락  600,81300.0,83400.0,79500.0,181496.0,현대오토에버,307950
2020-12-01,83900.0,"상승  3,500",80100.0,84000.0,80100.0,202281.0,현대오토에버,307950
2020-12-02,86700.0,"상승  2,800",84900.0,88900.0,83800.0,325329.0,현대오토에버,307950
2020-12-03,93400.0,"상승  6,700",86400.0,93700.0,84900.0,375682.0,현대오토에버,307950
2020-12-04,92200.0,"하락  1,200",95000.0,99200.0,90000.0,426939.0,현대오토에버,307950
2020-12-07,94000.0,"상승  1,800",92200.0,94600.0,90800.0,186623.0,현대오토에버,307950
2020-12-08,91200.0,"하락  2,800",94600.0,96600.0,90800.0,180728.0,현대오토에버,307950
2020-12-09,92500.0,"상승  1,300",91200.0,93500.0,90500.0,144280.0,현대오토에버,307950
2020-12-10,98500.0,"상승  6,000",92600.0,98500.0,91600.0,313772.0,현대오토에버,307950
2020-12-11,102000.0,"상승  3,500",99000.0,105000.0,98100.0,400279.0,현대오토에버,307950
2020-12-14,111500.0,"상승  9,500",111000.0,122000.0,106000.0,1118606.0,현대오토에버,307950
2020-12-15,127500.0,"상승  16,000",112000.0,139500.0,111000.0,1581998.0,현대오토에버,307950
2020-12-16,127500.0,보합0,130000.0,134000.0,122500.0,491053.0,현대오토에버,307950
2020-12-17,126000.0,"하락  1,500",127500.0,129000.0,125000.0,198465.0,현대오토에버,307950
2020-12-18,121500.0,"하락  4,500",125500.0,125500.0,120000.0,309222.0,현대오토에버,307950
2020-12-21,115500.0,"하락  6,000",120000.0,121000.0,114000.0,370650.0,현대오토에버,307950
2020-12-22,112500.0,"하락  3,000",115500.0,121500.0,111500.0,425174.0,현대오토에버,307950
2020-12-23,118000.0,"상승  5,500",112500.0,122500.0,109000.0,532046.0,현대오토에버,307950
2020-12-24,116000.0,"하락  2,000",120500.0,121000.0,115000.0,198442.0,현대오토에버,307950
2020-12-28,115500.0,하락  500,115000.0,117000.0,111000.0,217973.0,현대오토에버,307950
2020-12-29,116500.0,"상승  1,000",117500.0,121500.0,114500.0,336817.0,현대오토에버,307950
2020-12-30,123500.0,"상승  7,000",116500.0,126000.0,116500.0,396484.0,현대오토에버,307950
2021-01-04,138500.0,"상승  15,000",125000.0,144500.0,122500.0,634892.0,현대오토에버,307950
2021-01-05,137500.0,"하락  1,000",135500.0,140000.0,131000.0,284472.0,현대오토에버,307950
2021-01-06,136500.0,"하락  1,000",137500.0,143000.0,134000.0,214678.0,현대오토에버,307950
2021-01-07,137500.0,"상승  1,000",139500.0,147500.0,136500.0,412431.0,현대오토에버,307950
2021-01-08,141500.0,"상승  4,000",150500.0,161500.0,139000.0,1148111.0,현대오토에버,307950
2021-01-11,135500.0,"하락  6,000",144500.0,152000.0,133500.0,545565.0,현대오토에버,307950
2021-01-12,132000.0,"하락  3,500",135000.0,135500.0,126000.0,242658.0,현대오토에버,307950
2021-01-13,129500.0,"하락  2,500",129500.0,135000.0,128500.0,170611.0,현대오토에버,307950
2021-01-14,129500.0,보합0,128500.0,133000.0,128500.0,111751.0,현대오토에버,307950
2021-01-15,125000.0,"하락  4,500",130500.0,131500.0,125000.0,136823.0,현대오토에버,307950
2021-01-18,122000.0,"하락  3,000",122000.0,127500.0,119000.0,194496.0,현대오토에버,307950
2021-01-19,124000.0,"상승  2,000",122500.0,127000.0,122500.0,215131.0,현대오토에버,307950
2021-01-20,137500.0,"상승  13,500",130000.0,137500.0,127500.0,356867.0,현대오토에버,307950
2021-01-21,142500.0,"상승  5,000",139500.0,147500.0,133500.0,394282.0,현대오토에버,307950
2021-01-22,139500.0,"하락  3,000",142500.0,146000.0,138000.0,150580.0,현대오토에버,307950
2021-01-25,140000.0,상승  500,138000.0,141500.0,135000.0,133184.0,현대오토에버,307950
2021-01-26,136500.0,"하락  3,500",142000.0,142000.0,135500.0,114367.0,현대오토에버,307950
2021-01-27,135000.0,"하락  1,500",136000.0,139000.0,132000.0,95804.0,현대오토에버,307950
2021-01-28,131000.0,"하락  4,000",130500.0,136000.0,129000.0,123085.0,현대오토에버,307950
2021-01-29,122500.0,"하락  8,500",132000.0,132500.0,121000.0,182496.0,현대오토에버,307950
2021-02-01,129500.0,"상승  7,000",120000.0,130000.0,117500.0,132633.0,현대오토에버,307950
2021-02-02,127000.0,"하락  2,500",131000.0,132000.0,125500.0,75546.0,현대오토에버,307950
2021-02-03,130500.0,"상승  3,500",130500.0,135000.0,129000.0,156346.0,현대오토에버,307950
2021-02-04,129500.0,"하락  1,000",132500.0,132500.0,127500.0,89307.0,현대오토에버,307950
2021-02-05,126500.0,"하락  3,000",130500.0,130500.0,123500.0,96117.0,현대오토에버,307950
2021-02-08,122000.0,"하락  4,500",121000.0,124000.0,118500.0,127003.0,현대오토에버,307950
2021-02-09,130000.0,"상승  8,000",122000.0,133000.0,122000.0,221390.0,현대오토에버,307950
2021-02-10,132000.0,"상승  2,000",131500.0,132500.0,128500.0,83665.0,현대오토에버,307950
2021-02-15,130500.0,"하락  1,500",132000.0,132000.0,129000.0,76003.0,현대오토에버,307950
2021-02-16,136000.0,"상승  5,500",132000.0,139000.0,130500.0,190169.0,현대오토에버,307950
2021-02-17,135500.0,하락  500,138500.0,138500.0,135000.0,120280.0,현대오토에버,307950
2021-02-18,129000.0,"하락  6,500",136000.0,136500.0,129000.0,95302.0,현대오토에버,307950
2021-02-19,134500.0,"상승  5,500",128500.0,134500.0,125500.0,142687.0,현대오토에버,307950
2021-02-22,137000.0,"상승  2,500",134500.0,141000.0,134000.0,342851.0,현대오토에버,307950
2021-02-23,134500.0,"하락  2,500",134500.0,137000.0,130000.0,184036.0,현대오토에버,307950
2021-02-24,127000.0,"하락  7,500",134500.0,135500.0,127000.0,135260.0,현대오토에버,307950
2021-02-25,128500.0,"상승  1,500",130500.0,131000.0,127000.0,72361.0,현대오토에버,307950
2021-02-26,130000.0,"상승  1,500",124000.0,133000.0,124000.0,139382.0,현대오토에버,307950
2021-03-02,129500.0,하락  500,133000.0,134000.0,128000.0,95985.0,현대오토에버,307950
2021-03-03,127500.0,"하락  2,000",128000.0,130500.0,127000.0,65836.0,현대오토에버,307950
2021-03-04,126500.0,"하락  1,000",126000.0,129000.0,125500.0,58524.0,현대오토에버,307950
2021-03-05,122500.0,"하락  4,000",125000.0,126000.0,119500.0,104564.0,현대오토에버,307950
2021-03-08,115500.0,"하락  7,000",122500.0,124000.0,115500.0,132104.0,현대오토에버,307950
2021-03-09,114000.0,"하락  1,500",115500.0,116000.0,107500.0,205098.0,현대오토에버,307950
2021-03-10,111000.0,"하락  3,000",117500.0,118000.0,111000.0,78301.0,현대오토에버,307950
2021-03-11,115500.0,"상승  4,500",110500.0,116500.0,110500.0,53957.0,현대오토에버,307950
2021-03-12,118500.0,"상승  3,000",116500.0,120000.0,116500.0,55892.0,현대오토에버,307950
2021-03-15,121000.0,"상승  2,500",119000.0,122000.0,116500.0,41900.0,현대오토에버,307950
2021-03-16,121000.0,보합0,121500.0,122500.0,119000.0,51280.0,현대오토에버,307950
2021-03-17,122000.0,"상승  1,000",120500.0,123000.0,119000.0,53067.0,현대오토에버,307950
2021-03-18,125000.0,"상승  3,000",123000.0,125500.0,123000.0,66154.0,현대오토에버,307950
2021-03-19,127000.0,"상승  2,000",122000.0,127000.0,121500.0,132058.0,현대오토에버,307950
2021-03-22,125500.0,"하락  1,500",127000.0,128000.0,124500.0,37794.0,현대오토에버,307950
2021-03-23,123500.0,"하락  2,000",126000.0,127000.0,123000.0,31147.0,현대오토에버,307950
2021-03-24,122500.0,"하락  1,000",122000.0,123000.0,119000.0,41805.0,현대오토에버,307950
2021-03-25,120500.0,"하락  2,000",122500.0,123500.0,119500.0,46339.0,현대오토에버,307950
2021-03-26,125000.0,"상승  4,500",122000.0,125500.0,118000.0,76472.0,현대오토에버,307950
2021-03-29,120500.0,"하락  4,500",125000.0,125500.0,120000.0,57025.0,현대오토에버,307950
2021-03-30,119500.0,"하락  1,000",119500.0,122000.0,119500.0,49183.0,현대오토에버,307950
2021-03-31,118000.0,"하락  1,500",121000.0,121000.0,118000.0,49184.0,현대오토에버,307950
2021-04-01,116000.0,"하락  2,000",118000.0,120000.0,115000.0,70102.0,현대오토에버,307950
2021-04-02,125500.0,"상승  9,500",118500.0,132500.0,117000.0,429644.0,현대오토에버,307950
2021-04-05,124000.0,"하락  1,500",125000.0,125500.0,121500.0,64597.0,현대오토에버,307950
2021-04-06,119500.0,"하락  4,500",125000.0,125500.0,118500.0,78025.0,현대오토에버,307950
2021-04-07,119000.0,하락  500,119000.0,122000.0,118000.0,57827.0,현대오토에버,307950
2021-04-08,119000.0,보합0,119000.0,120500.0,117000.0,72652.0,현대오토에버,307950
2021-04-09,117500.0,"하락  1,500",120500.0,120500.0,117000.0,63507.0,현대오토에버,307950
2021-04-12,119000.0,"상승  1,500",117500.0,119000.0,115000.0,52722.0,현대오토에버,307950
2021-04-13,122000.0,"상승  3,000",119000.0,124500.0,119000.0,99916.0,현대오토에버,307950
2021-04-14,121000.0,"하락  1,000",117500.0,121500.0,116500.0,223928.0,현대오토에버,307950
2021-04-15,119000.0,"하락  2,000",120500.0,124500.0,118500.0,107917.0,현대오토에버,307950
2021-04-16,119500.0,상승  500,120500.0,121500.0,119000.0,70177.0,현대오토에버,307950
2021-04-19,119000.0,하락  500,120000.0,120500.0,117500.0,61195.0,현대오토에버,307950
2021-04-20,118000.0,"하락  1,000",118500.0,119500.0,118000.0,60757.0,현대오토에버,307950
2021-04-21,115500.0,"하락  2,500",117500.0,118000.0,115500.0,113376.0,현대오토에버,307950
2021-04-22,115500.0,보합0,117000.0,117500.0,115000.0,71706.0,현대오토에버,307950
2021-04-23,113500.0,"하락  2,000",114000.0,115000.0,113500.0,59399.0,현대오토에버,307950
2021-04-26,114500.0,"상승  1,000",114500.0,115000.0,112000.0,78438.0,현대오토에버,307950
2021-04-27,112000.0,"하락  2,500",115500.0,115500.0,111500.0,88440.0,현대오토에버,307950
2021-04-28,108000.0,"하락  4,000",112000.0,112500.0,108000.0,127283.0,현대오토에버,307950
2021-04-29,104000.0,"하락  4,000",108000.0,108500.0,102000.0,144079.0,현대오토에버,307950
2021-04-30,103500.0,하락  500,104000.0,106500.0,102000.0,78739.0,현대오토에버,307950
2021-05-03,102500.0,"하락  1,000",104000.0,106500.0,102000.0,69646.0,현대오토에버,307950
2021-05-04,104500.0,"상승  2,000",104000.0,105000.0,100500.0,75838.0,현대오토에버,307950
2021-05-06,105500.0,"상승  1,000",105000.0,106500.0,104000.0,49363.0,현대오토에버,307950
2021-05-07,107500.0,"상승  2,000",106500.0,110000.0,105500.0,58155.0,현대오토에버,307950
2021-05-10,113000.0,"상승  5,500",109000.0,114000.0,107500.0,147417.0,현대오토에버,307950
2021-05-11,109500.0,"하락  3,500",112000.0,112500.0,109000.0,63042.0,현대오토에버,307950
2021-05-12,109000.0,하락  500,109500.0,112500.0,107000.0,56082.0,현대오토에버,307950
2021-05-13,107000.0,"하락  2,000",106000.0,109500.0,105000.0,48357.0,현대오토에버,307950
2021-05-14,109000.0,"상승  2,000",110500.0,110500.0,107500.0,35922.0,현대오토에버,307950
2021-05-17,105000.0,"하락  4,000",110000.0,111000.0,104500.0,57765.0,현대오토에버,307950
2021-05-18,106500.0,"상승  1,500",105000.0,108000.0,105000.0,27844.0,현대오토에버,307950
2021-05-20,105000.0,"하락  1,500",106500.0,106500.0,104000.0,28335.0,현대오토에버,307950
2021-05-21,106000.0,"상승  1,000",106000.0,108000.0,105500.0,24032.0,현대오토에버,307950
2021-05-24,105500.0,하락  500,106500.0,107000.0,105000.0,32297.0,현대오토에버,307950
2021-05-25,105500.0,보합0,106500.0,106500.0,105000.0,32790.0,현대오토에버,307950
2021-05-26,106500.0,"상승  1,000",105000.0,106500.0,105000.0,28994.0,현대오토에버,307950
2021-05-27,112500.0,"상승  6,000",107000.0,112500.0,105000.0,91867.0,현대오토에버,307950
2021-05-28,113000.0,상승  500,112000.0,115500.0,110000.0,83335.0,현대오토에버,307950
2021-05-31,113000.0,보합0,113000.0,113500.0,111000.0,41029.0,현대오토에버,307950
2021-06-01,111500.0,"하락  1,500",113000.0,114500.0,111000.0,53678.0,현대오토에버,307950
2021-06-02,108500.0,"하락  3,000",111000.0,113000.0,108500.0,59211.0,현대오토에버,307950
2021-06-03,108500.0,보합0,108000.0,109000.0,106000.0,54605.0,현대오토에버,307950
2021-06-04,108500.0,보합0,109000.0,109500.0,107000.0,51546.0,현대오토에버,307950
2021-06-07,119500.0,"상승  11,000",109500.0,121000.0,109000.0,508958.0,현대오토에버,307950
2021-06-08,122000.0,"상승  2,500",120000.0,124000.0,118000.0,261081.0,현대오토에버,307950
2021-06-09,120500.0,"하락  1,500",122000.0,123500.0,120000.0,97875.0,현대오토에버,307950
2021-06-10,122000.0,"상승  1,500",121500.0,128000.0,121000.0,242631.0,현대오토에버,307950
2021-06-11,124000.0,"상승  2,000",123500.0,127000.0,121000.0,123057.0,현대오토에버,307950
2021-06-14,120500.0,"하락  3,500",124000.0,124000.0,119500.0,118758.0,현대오토에버,307950
2021-06-15,125000.0,"상승  4,500",121000.0,127500.0,120500.0,149254.0,현대오토에버,307950
2021-06-16,128000.0,"상승  3,000",125000.0,128500.0,123000.0,148876.0,현대오토에버,307950
2021-06-17,128500.0,상승  500,127000.0,129500.0,126500.0,128674.0,현대오토에버,307950
2021-06-18,134000.0,"상승  5,500",129500.0,134500.0,128000.0,215174.0,현대오토에버,307950
2021-06-21,132500.0,"하락  1,500",132000.0,134000.0,129000.0,111586.0,현대오토에버,307950
2021-06-22,134000.0,"상승  1,500",133000.0,135000.0,131000.0,111059.0,현대오토에버,307950
2021-06-23,134000.0,보합0,134000.0,136000.0,129500.0,157928.0,현대오토에버,307950
2021-06-24,142500.0,"상승  8,500",137000.0,148500.0,135000.0,626188.0,현대오토에버,307950
2021-06-25,143500.0,"상승  1,000",143000.0,144500.0,139000.0,170162.0,현대오토에버,307950
2021-06-28,138000.0,"하락  5,500",141500.0,143000.0,138000.0,113906.0,현대오토에버,307950
2021-06-29,137500.0,하락  500,138000.0,139500.0,134500.0,92838.0,현대오토에버,307950
2021-06-30,135500.0,"하락  2,000",137500.0,138500.0,134500.0,91607.0,현대오토에버,307950
2021-07-01,139000.0,"상승  3,500",135500.0,139000.0,134000.0,90989.0,현대오토에버,307950
2021-07-02,132000.0,"하락  7,000",140000.0,140000.0,131000.0,140529.0,현대오토에버,307950
2021-07-05,132500.0,상승  500,131500.0,133500.0,129000.0,73416.0,현대오토에버,307950
2021-07-06,128500.0,"하락  4,000",132500.0,132500.0,127500.0,140171.0,현대오토에버,307950
2021-07-07,129500.0,"상승  1,000",128000.0,131000.0,127000.0,72521.0,현대오토에버,307950
2021-07-08,126500.0,"하락  3,000",129500.0,129500.0,125000.0,72043.0,현대오토에버,307950
2021-07-09,128000.0,"상승  1,500",124500.0,128500.0,123000.0,76616.0,현대오토에버,307950
2021-07-12,128000.0,보합0,129000.0,129500.0,127000.0,41396.0,현대오토에버,307950
2021-07-13,128500.0,상승  500,129000.0,130000.0,127500.0,43793.0,현대오토에버,307950
2021-07-14,125000.0,"하락  3,500",127500.0,129000.0,125000.0,62656.0,현대오토에버,307950
2021-07-15,126500.0,"상승  1,500",125500.0,127500.0,125000.0,50092.0,현대오토에버,307950
2021-07-16,123500.0,"하락  3,000",126000.0,126000.0,122500.0,83912.0,현대오토에버,307950
2021-07-19,125000.0,"상승  1,500",122500.0,125000.0,120000.0,71417.0,현대오토에버,307950
2021-07-20,124000.0,"하락  1,000",122000.0,125500.0,122000.0,51580.0,현대오토에버,307950
2021-07-21,123000.0,"하락  1,000",126000.0,126000.0,123000.0,42380.0,현대오토에버,307950
2021-07-22,123000.0,보합0,124000.0,124500.0,122500.0,37014.0,현대오토에버,307950
2021-07-23,123500.0,상승  500,124500.0,124500.0,123000.0,31737.0,현대오토에버,307950
2021-07-26,124500.0,"상승  1,000",124000.0,126500.0,124000.0,49399.0,현대오토에버,307950
2021-07-27,121500.0,"하락  3,000",125000.0,125000.0,121500.0,47441.0,현대오토에버,307950
2021-07-28,126500.0,"상승  5,000",120500.0,126500.0,120000.0,107026.0,현대오토에버,307950
2021-07-29,130000.0,"상승  3,500",129500.0,131500.0,127500.0,146796.0,현대오토에버,307950
2021-07-30,128000.0,"하락  2,000",132500.0,132500.0,128000.0,61641.0,현대오토에버,307950
2021-08-02,124500.0,"하락  3,500",128000.0,129000.0,123000.0,75972.0,현대오토에버,307950
2021-08-03,130500.0,"상승  6,000",124000.0,132000.0,124000.0,156295.0,현대오토에버,307950
2021-08-04,130500.0,보합0,131500.0,134000.0,129500.0,107677.0,현대오토에버,307950
2021-08-05,130500.0,보합0,131000.0,132500.0,128000.0,52398.0,현대오토에버,307950
2021-08-06,127500.0,"하락  3,000",130500.0,131000.0,127500.0,54697.0,현대오토에버,307950
2021-08-09,128500.0,"상승  1,000",127500.0,130000.0,125000.0,53059.0,현대오토에버,307950
2021-08-10,126000.0,"하락  2,500",128000.0,128500.0,125500.0,35355.0,현대오토에버,307950
2021-08-11,125500.0,하락  500,126000.0,128000.0,124500.0,35157.0,현대오토에버,307950
2021-08-12,128000.0,"상승  2,500",125000.0,130500.0,125000.0,72833.0,현대오토에버,307950
2021-08-13,123000.0,"하락  5,000",129000.0,129500.0,121500.0,93077.0,현대오토에버,307950
2021-08-17,114000.0,"하락  9,000",123000.0,124500.0,113500.0,183055.0,현대오토에버,307950
2021-08-18,116500.0,"상승  2,500",114000.0,117000.0,113000.0,66474.0,현대오토에버,307950
2021-08-19,110500.0,"하락  6,000",115500.0,115500.0,109500.0,133172.0,현대오토에버,307950
2021-08-20,109000.0,"하락  1,500",110500.0,112000.0,107000.0,89482.0,현대오토에버,307950
2021-08-23,111500.0,"상승  2,500",111000.0,113500.0,109500.0,79995.0,현대오토에버,307950
2021-08-24,114500.0,"상승  3,000",113000.0,116000.0,112500.0,84895.0,현대오토에버,307950
2021-08-25,115500.0,"상승  1,000",116000.0,116000.0,113500.0,60446.0,현대오토에버,307950
2021-08-26,116000.0,상승  500,116000.0,118000.0,114500.0,63733.0,현대오토에버,307950
2021-08-27,115000.0,"하락  1,000",116000.0,117000.0,114500.0,36121.0,현대오토에버,307950
2021-08-30,117000.0,"상승  2,000",117000.0,117500.0,114500.0,51069.0,현대오토에버,307950
2021-08-31,117000.0,보합0,116500.0,118500.0,115500.0,67200.0,현대오토에버,307950
2021-09-01,119500.0,"상승  2,500",118000.0,124000.0,118000.0,109438.0,현대오토에버,307950
2021-09-02,119500.0,보합0,119000.0,121000.0,118000.0,46705.0,현대오토에버,307950
2021-09-03,119500.0,보합0,121000.0,121000.0,118500.0,49126.0,현대오토에버,307950
2021-09-06,117000.0,"하락  2,500",120000.0,120000.0,117000.0,76588.0,현대오토에버,307950
2021-09-07,118000.0,"상승  1,000",116000.0,119000.0,115000.0,72795.0,현대오토에버,307950
2021-09-08,111500.0,"하락  6,500",118000.0,118000.0,111000.0,203861.0,현대오토에버,307950
2021-09-09,109500.0,"하락  2,000",112000.0,112500.0,108000.0,178099.0,현대오토에버,307950
2021-09-10,109000.0,하락  500,109500.0,111500.0,107500.0,71414.0,현대오토에버,307950
2021-09-13,107500.0,"하락  1,500",108000.0,110000.0,107000.0,78398.0,현대오토에버,307950
2021-09-14,109000.0,"상승  1,500",108500.0,110000.0,107500.0,80418.0,현대오토에버,307950
2021-09-15,107500.0,"하락  1,500",108500.0,108500.0,106000.0,70957.0,현대오토에버,307950
2021-09-16,109000.0,"상승  1,500",108500.0,110500.0,107000.0,69295.0,현대오토에버,307950
2021-09-17,108000.0,"하락  1,000",109000.0,109500.0,107500.0,48527.0,현대오토에버,307950
2021-09-23,107000.0,"하락  1,000",106500.0,107500.0,105000.0,38644.0,현대오토에버,307950
2021-09-24,105500.0,"하락  1,500",107000.0,109000.0,105000.0,62583.0,현대오토에버,307950
2021-09-27,104000.0,"하락  1,500",104500.0,105000.0,102500.0,82338.0,현대오토에버,307950
2021-09-28,101500.0,"하락  2,500",104500.0,104500.0,100000.0,113714.0,현대오토에버,307950
2021-09-29,99500.0,"하락  2,000",99200.0,100500.0,98300.0,101472.0,현대오토에버,307950
2021-09-30,98500.0,"하락  1,000",98500.0,102000.0,98000.0,102866.0,현대오토에버,307950
2021-10-01,96200.0,"하락  2,300",97100.0,100000.0,96100.0,105436.0,현대오토에버,307950
2021-10-05,95200.0,"하락  1,000",94400.0,98000.0,92900.0,105807.0,현대오토에버,307950
2021-10-06,93300.0,"하락  1,900",95700.0,97700.0,92600.0,84369.0,현대오토에버,307950
2021-10-07,100500.0,"상승  7,200",93900.0,101500.0,93900.0,159210.0,현대오토에버,307950
2021-10-08,111000.0,"상승  10,500",104000.0,112000.0,102000.0,291913.0,현대오토에버,307950
2021-10-12,109500.0,"하락  1,500",109500.0,112500.0,107500.0,126621.0,현대오토에버,307950
2021-10-13,112500.0,"상승  3,000",108500.0,116000.0,108000.0,153762.0,현대오토에버,307950
2021-10-14,113500.0,"상승  1,000",112500.0,115000.0,111000.0,76236.0,현대오토에버,307950
2021-10-15,112500.0,"하락  1,000",113500.0,113500.0,110500.0,62223.0,현대오토에버,307950
2021-10-18,116000.0,"상승  3,500",112500.0,117000.0,108500.0,115509.0,현대오토에버,307950
2021-10-19,115000.0,"하락  1,000",117000.0,117500.0,114500.0,85442.0,현대오토에버,307950
2021-10-20,120500.0,"상승  5,500",116000.0,122500.0,114500.0,264115.0,현대오토에버,307950
2021-10-21,120000.0,하락  500,122500.0,126000.0,119500.0,170705.0,현대오토에버,307950
2021-10-22,123000.0,"상승  3,000",121000.0,125000.0,120000.0,114883.0,현대오토에버,307950
2021-10-25,121500.0,"하락  1,500",123000.0,127000.0,120000.0,91327.0,현대오토에버,307950
2021-10-26,121500.0,보합0,123500.0,124000.0,120000.0,99275.0,현대오토에버,307950
2021-10-27,119000.0,"하락  2,500",121000.0,122000.0,118500.0,95851.0,현대오토에버,307950
2021-10-28,118000.0,"하락  1,000",119000.0,122000.0,118000.0,78785.0,현대오토에버,307950
2021-10-29,116500.0,"하락  1,500",119000.0,122500.0,114000.0,123907.0,현대오토에버,307950
2021-11-01,116500.0,보합0,116500.0,119500.0,114000.0,94467.0,현대오토에버,307950
2021-11-02,116000.0,하락  500,116500.0,118000.0,115500.0,46118.0,현대오토에버,307950
2021-11-03,115500.0,하락  500,116500.0,117500.0,113000.0,68966.0,현대오토에버,307950
2021-11-04,121000.0,"상승  5,500",117000.0,122000.0,116500.0,146721.0,현대오토에버,307950
2021-11-05,119000.0,"하락  2,000",122000.0,123000.0,118500.0,71732.0,현대오토에버,307950
2021-11-08,118500.0,하락  500,119000.0,119000.0,114500.0,67290.0,현대오토에버,307950
2021-11-09,114500.0,"하락  4,000",118000.0,119500.0,113500.0,80112.0,현대오토에버,307950
2021-11-10,111500.0,"하락  3,000",114000.0,114500.0,110500.0,63881.0,현대오토에버,307950
2021-11-11,112500.0,"상승  1,000",109000.0,113000.0,109000.0,62571.0,현대오토에버,307950
2021-11-12,114000.0,"상승  1,500",112000.0,115000.0,112000.0,41985.0,현대오토에버,307950
2021-11-15,117000.0,"상승  3,000",116000.0,117500.0,114500.0,62408.0,현대오토에버,307950
2021-11-16,113500.0,"하락  3,500",116500.0,116500.0,112500.0,51340.0,현대오토에버,307950
2021-11-17,112500.0,"하락  1,000",113500.0,113500.0,110000.0,68727.0,현대오토에버,307950
2021-11-18,107500.0,"하락  5,000",112500.0,112500.0,107000.0,112002.0,현대오토에버,307950
2021-11-19,115000.0,"상승  7,500",108500.0,116500.0,108500.0,149191.0,현대오토에버,307950
2021-11-22,115000.0,보합0,115500.0,116500.0,110000.0,109949.0,현대오토에버,307950
2021-11-23,115000.0,보합0,115000.0,118500.0,114000.0,74370.0,현대오토에버,307950
2021-11-24,114000.0,"하락  1,000",117500.0,118000.0,113500.0,55329.0,현대오토에버,307950
2021-11-25,114000.0,보합0,113500.0,116500.0,113500.0,42295.0,현대오토에버,307950
2021-11-26,110500.0,"하락  3,500",114000.0,115000.0,110000.0,56885.0,현대오토에버,307950
2021-11-29,116000.0,"상승  5,500",109000.0,117500.0,106500.0,177508.0,현대오토에버,307950
2021-11-30,112000.0,"하락  4,000",116000.0,118000.0,110000.0,101025.0,현대오토에버,307950
2021-12-01,114000.0,"상승  2,000",111500.0,114000.0,109000.0,52284.0,현대오토에버,307950
2021-12-02,113000.0,"하락  1,000",111000.0,115500.0,111000.0,49773.0,현대오토에버,307950
2021-12-03,117000.0,"상승  4,000",114000.0,118000.0,113500.0,89986.0,현대오토에버,307950
2021-12-06,116000.0,"하락  1,000",116000.0,116500.0,114000.0,52714.0,현대오토에버,307950
2021-12-07,114000.0,"하락  2,000",116000.0,116000.0,113000.0,48430.0,현대오토에버,307950
2021-12-08,116500.0,"상승  2,500",115500.0,118500.0,114500.0,105436.0,현대오토에버,307950
2021-12-09,117500.0,"상승  1,000",117000.0,119000.0,115500.0,63211.0,현대오토에버,307950
2021-12-10,119000.0,"상승  1,500",117500.0,119000.0,115500.0,54450.0,현대오토에버,307950
2021-12-13,124000.0,"상승  5,000",120000.0,127000.0,120000.0,242092.0,현대오토에버,307950
2021-12-14,126000.0,"상승  2,000",123000.0,127500.0,123000.0,175094.0,현대오토에버,307950
2021-12-15,130000.0,"상승  4,000",126000.0,132000.0,124500.0,268517.0,현대오토에버,307950
2021-12-16,130000.0,보합0,132000.0,132500.0,128000.0,105166.0,현대오토에버,307950
2021-12-17,132500.0,"상승  2,500",128000.0,138000.0,128000.0,377695.0,현대오토에버,307950
2021-12-20,131000.0,"하락  1,500",132500.0,136000.0,130000.0,135760.0,현대오토에버,307950
2021-12-21,129500.0,"하락  1,500",132000.0,133500.0,125500.0,185158.0,현대오토에버,307950
2021-12-22,129500.0,보합0,130500.0,131000.0,127000.0,92846.0,현대오토에버,307950
2021-12-23,134000.0,"상승  4,500",130000.0,135000.0,129500.0,181486.0,현대오토에버,307950
2021-12-24,135500.0,"상승  1,500",136000.0,139000.0,134500.0,209705.0,현대오토에버,307950
2021-12-27,137500.0,"상승  2,000",136500.0,139500.0,136500.0,173740.0,현대오토에버,307950
2021-12-28,136500.0,"하락  1,000",139500.0,140000.0,135500.0,274859.0,현대오토에버,307950
2021-12-29,140000.0,"상승  3,500",140000.0,142500.0,137500.0,331060.0,현대오토에버,307950
2021-12-30,138000.0,"하락  2,000",139500.0,140000.0,135000.0,127292.0,현대오토에버,307950
2022-01-03,137000.0,"하락  1,000",138500.0,138500.0,134000.0,120509.0,현대오토에버,307950
2022-01-04,142000.0,"상승  5,000",138500.0,144500.0,137000.0,324826.0,현대오토에버,307950
2022-01-05,143500.0,"상승  1,500",143000.0,147500.0,139000.0,301398.0,현대오토에버,307950
2022-01-06,133500.0,"하락  10,000",139500.0,144000.0,133500.0,321309.0,현대오토에버,307950
2022-01-07,139500.0,"상승  6,000",136000.0,139500.0,133500.0,204523.0,현대오토에버,307950
2022-01-10,135000.0,"하락  4,500",138000.0,139500.0,134500.0,132085.0,현대오토에버,307950
2022-01-11,129500.0,"하락  5,500",135500.0,137500.0,128500.0,190334.0,현대오토에버,307950
2022-01-12,131000.0,"상승  1,500",130500.0,132000.0,128500.0,123156.0,현대오토에버,307950
2022-01-13,128500.0,"하락  2,500",132000.0,132000.0,128500.0,100104.0,현대오토에버,307950
2022-01-14,136500.0,"상승  8,000",125500.0,136500.0,125500.0,206581.0,현대오토에버,307950
2022-01-17,137000.0,상승  500,136500.0,138000.0,133000.0,125744.0,현대오토에버,307950
2022-01-18,140500.0,"상승  3,500",137500.0,144500.0,134500.0,262288.0,현대오토에버,307950
2022-01-19,140500.0,보합0,139000.0,144000.0,137500.0,136363.0,현대오토에버,307950
2022-01-20,140500.0,보합0,140500.0,142000.0,137000.0,91671.0,현대오토에버,307950
2022-01-21,136500.0,"하락  4,000",138000.0,139500.0,134000.0,94267.0,현대오토에버,307950
2022-01-24,132500.0,"하락  4,000",134000.0,134500.0,130500.0,117682.0,현대오토에버,307950
2022-01-25,128000.0,"하락  4,500",133500.0,135000.0,127000.0,202409.0,현대오토에버,307950
2022-01-26,123500.0,"하락  4,500",127500.0,130000.0,122500.0,169895.0,현대오토에버,307950
2022-01-27,124000.0,상승  500,124500.0,128000.0,122000.0,184411.0,현대오토에버,307950
2022-01-28,130000.0,"상승  6,000",125000.0,131500.0,124500.0,155070.0,현대오토에버,307950
2022-02-03,131500.0,"상승  1,500",133000.0,133000.0,130000.0,99088.0,현대오토에버,307950
2022-02-04,128000.0,"하락  3,500",130500.0,131500.0,127000.0,150258.0,현대오토에버,307950
2022-02-07,125000.0,"하락  3,000",127000.0,127500.0,125000.0,66764.0,현대오토에버,307950
2022-02-08,121500.0,"하락  3,500",125000.0,127000.0,121000.0,102274.0,현대오토에버,307950
2022-02-09,121500.0,보합0,123500.0,124000.0,121000.0,72566.0,현대오토에버,307950
2022-02-10,122000.0,상승  500,123000.0,123500.0,121000.0,65257.0,현대오토에버,307950
2022-02-11,114500.0,"하락  7,500",120500.0,120500.0,114500.0,199378.0,현대오토에버,307950
2022-02-14,110000.0,"하락  4,500",111000.0,113500.0,109500.0,139151.0,현대오토에버,307950
2022-02-15,109500.0,하락  500,110500.0,113000.0,107500.0,110677.0,현대오토에버,307950
2022-02-16,112000.0,"상승  2,500",113500.0,114000.0,111500.0,76690.0,현대오토에버,307950
2022-02-17,113500.0,"상승  1,500",112500.0,116500.0,111000.0,120532.0,현대오토에버,307950
2022-02-18,113000.0,하락  500,111000.0,113500.0,110500.0,69429.0,현대오토에버,307950
2022-02-21,112000.0,"하락  1,000",111000.0,112500.0,109000.0,80171.0,현대오토에버,307950
2022-02-22,108500.0,"하락  3,500",108500.0,110500.0,107500.0,112826.0,현대오토에버,307950
2022-02-23,110000.0,"상승  1,500",109000.0,110500.0,108500.0,53991.0,현대오토에버,307950
2022-02-24,105000.0,"하락  5,000",108000.0,109500.0,104500.0,97806.0,현대오토에버,307950
2022-02-25,108000.0,"상승  3,000",107000.0,108000.0,105000.0,81499.0,현대오토에버,307950
2022-02-28,107500.0,하락  500,107000.0,108000.0,105500.0,99826.0,현대오토에버,307950
2022-03-02,108000.0,상승  500,106000.0,109500.0,106000.0,72125.0,현대오토에버,307950
2022-03-03,114000.0,"상승  6,000",111500.0,115000.0,110500.0,130287.0,현대오토에버,307950
2022-03-04,115000.0,"상승  1,000",113500.0,115500.0,111500.0,86651.0,현대오토에버,307950
2022-03-07,118500.0,"상승  3,500",112500.0,120500.0,111500.0,200654.0,현대오토에버,307950
2022-03-08,120000.0,"상승  1,500",116000.0,123000.0,116000.0,185443.0,현대오토에버,307950
2022-03-10,123000.0,"상승  3,000",122500.0,125500.0,119000.0,142815.0,현대오토에버,307950
2022-03-11,120500.0,"하락  2,500",123000.0,124500.0,120000.0,70502.0,현대오토에버,307950
2022-03-14,117000.0,"하락  3,500",119500.0,119500.0,115000.0,76688.0,현대오토에버,307950
2022-03-15,117000.0,보합0,116500.0,121000.0,116500.0,76381.0,현대오토에버,307950
2022-03-16,118500.0,"상승  1,500",119000.0,119000.0,116500.0,31569.0,현대오토에버,307950
2022-03-17,120000.0,"상승  1,500",121000.0,122000.0,119500.0,45216.0,현대오토에버,307950
2022-03-18,121500.0,"상승  1,500",122500.0,125500.0,120000.0,129500.0,현대오토에버,307950
2022-03-21,119000.0,"하락  2,500",121500.0,122000.0,119000.0,38662.0,현대오토에버,307950
2022-03-22,119500.0,상승  500,118500.0,120500.0,118000.0,31913.0,현대오토에버,307950
2022-03-23,119000.0,하락  500,120500.0,122500.0,119000.0,53033.0,현대오토에버,307950
2022-03-24,117000.0,"하락  2,000",118000.0,119000.0,116000.0,57644.0,현대오토에버,307950
2022-03-25,118000.0,"상승  1,000",118000.0,119500.0,116500.0,43342.0,현대오토에버,307950
2022-03-28,116500.0,"하락  1,500",118500.0,118500.0,116000.0,39802.0,현대오토에버,307950
2022-03-29,118000.0,"상승  1,500",117000.0,119500.0,117000.0,37186.0,현대오토에버,307950
2022-03-30,119500.0,"상승  1,500",118500.0,122000.0,118000.0,60498.0,현대오토에버,307950
2022-03-31,120500.0,"상승  1,000",119000.0,121000.0,118500.0,30814.0,현대오토에버,307950
2022-04-01,125000.0,"상승  4,500",120000.0,125000.0,118000.0,100484.0,현대오토에버,307950
2022-04-04,127000.0,"상승  2,000",124500.0,128000.0,124000.0,80990.0,현대오토에버,307950
2022-04-05,126000.0,"하락  1,000",128000.0,128000.0,125500.0,45456.0,현대오토에버,307950
2022-04-06,127000.0,"상승  1,000",125000.0,127500.0,123500.0,73802.0,현대오토에버,307950
2022-04-07,128000.0,"상승  1,000",126500.0,130000.0,126000.0,107219.0,현대오토에버,307950
2022-04-08,128000.0,보합0,129500.0,129500.0,125000.0,58142.0,현대오토에버,307950
2022-04-11,126000.0,"하락  2,000",127500.0,128500.0,125500.0,34878.0,현대오토에버,307950
2022-04-12,123000.0,"하락  3,000",125000.0,126000.0,123000.0,42679.0,현대오토에버,307950
2022-04-13,130500.0,"상승  7,500",124500.0,130500.0,124000.0,131346.0,현대오토에버,307950
2022-04-14,129500.0,"하락  1,000",131000.0,134000.0,129000.0,87270.0,현대오토에버,307950
2022-04-15,132000.0,"상승  2,500",128500.0,132500.0,128000.0,83398.0,현대오토에버,307950
2022-04-18,135000.0,"상승  3,000",133500.0,137000.0,132000.0,120357.0,현대오토에버,307950
2022-04-19,135500.0,상승  500,136000.0,136500.0,133500.0,60805.0,현대오토에버,307950
2022-04-20,135000.0,하락  500,136500.0,137000.0,134500.0,51297.0,현대오토에버,307950
2022-04-21,133500.0,"하락  1,500",135000.0,136000.0,133000.0,67627.0,현대오토에버,307950
2022-04-22,135000.0,"상승  1,500",135000.0,135000.0,131500.0,63350.0,현대오토에버,307950
2022-04-25,131000.0,"하락  4,000",132000.0,133500.0,129000.0,74869.0,현대오토에버,307950
2022-04-26,135000.0,"상승  4,000",133000.0,138000.0,132500.0,146198.0,현대오토에버,307950
2022-04-27,138000.0,"상승  3,000",132500.0,138000.0,131000.0,109193.0,현대오토에버,307950
2022-04-28,137000.0,"하락  1,000",137000.0,138000.0,134500.0,68411.0,현대오토에버,307950
2022-04-29,135000.0,"하락  2,000",137000.0,139500.0,134000.0,114016.0,현대오토에버,307950
2022-05-02,139000.0,"상승  4,000",133000.0,139500.0,133000.0,128823.0,현대오토에버,307950
2022-05-03,138000.0,"하락  1,000",140000.0,141000.0,136500.0,78463.0,현대오토에버,307950
2022-05-04,135500.0,"하락  2,500",138500.0,139000.0,135500.0,58415.0,현대오토에버,307950
2022-05-06,134500.0,"하락  1,000",133000.0,136000.0,133000.0,35725.0,현대오토에버,307950
2022-05-09,126000.0,"하락  8,500",134500.0,134500.0,125000.0,176104.0,현대오토에버,307950
2022-05-10,127000.0,"상승  1,000",124000.0,128000.0,123500.0,89676.0,현대오토에버,307950
2022-05-11,130500.0,"상승  3,500",127000.0,132000.0,125500.0,62928.0,현대오토에버,307950
2022-05-12,127500.0,"하락  3,000",128500.0,131500.0,127500.0,64349.0,현대오토에버,307950
2022-05-13,131000.0,"상승  3,500",130000.0,132000.0,128000.0,65628.0,현대오토에버,307950
2022-05-16,130500.0,하락  500,133000.0,133000.0,129500.0,37801.0,현대오토에버,307950
2022-05-17,128000.0,"하락  2,500",130500.0,131500.0,126500.0,60673.0,현대오토에버,307950
2022-05-18,128000.0,보합0,129000.0,129500.0,126500.0,78235.0,현대오토에버,307950
2022-05-19,130000.0,"상승  2,000",125000.0,131000.0,124000.0,82235.0,현대오토에버,307950
2022-05-20,129000.0,"하락  1,000",131000.0,132000.0,128500.0,50990.0,현대오토에버,307950
2022-05-23,132500.0,"상승  3,500",131000.0,136000.0,131000.0,100771.0,현대오토에버,307950
2022-05-24,130000.0,"하락  2,500",134000.0,134000.0,130000.0,47669.0,현대오토에버,307950
2022-05-25,133500.0,"상승  3,500",131500.0,135000.0,130000.0,79309.0,현대오토에버,307950
2022-05-26,131500.0,"하락  2,000",133500.0,134500.0,131000.0,52149.0,현대오토에버,307950
2022-05-27,132500.0,"상승  1,000",133000.0,133500.0,131000.0,41264.0,현대오토에버,307950
2022-05-30,134500.0,"상승  2,000",134000.0,135000.0,132000.0,42373.0,현대오토에버,307950
2022-05-31,134000.0,하락  500,135500.0,136500.0,132500.0,97668.0,현대오토에버,307950
2022-06-02,132500.0,"하락  1,500",133500.0,134500.0,131500.0,38349.0,현대오토에버,307950
2022-06-03,131500.0,"하락  1,000",133500.0,134000.0,131500.0,35648.0,현대오토에버,307950
2022-06-07,127000.0,"하락  4,500",131000.0,131000.0,125500.0,78500.0,현대오토에버,307950
2022-06-08,124500.0,"하락  2,500",127000.0,128500.0,124500.0,55040.0,현대오토에버,307950
2022-06-09,124500.0,보합0,124500.0,126000.0,123500.0,39500.0,현대오토에버,307950
2022-06-10,124000.0,하락  500,123500.0,126500.0,123000.0,36167.0,현대오토에버,307950
2022-06-13,116000.0,"하락  8,000",121000.0,121500.0,115500.0,116391.0,현대오토에버,307950
2022-06-14,115000.0,"하락  1,000",113000.0,117000.0,112000.0,78627.0,현대오토에버,307950
2022-06-15,111500.0,"하락  3,500",114500.0,117000.0,111000.0,63521.0,현대오토에버,307950
2022-06-16,113000.0,"상승  1,500",114500.0,116500.0,112500.0,52127.0,현대오토에버,307950
2022-06-17,113000.0,보합0,110500.0,114500.0,110000.0,47448.0,현대오토에버,307950
2022-06-20,110000.0,"하락  3,000",114000.0,114000.0,108500.0,50354.0,현대오토에버,307950
2022-06-21,112000.0,"상승  2,000",110500.0,113000.0,109500.0,35752.0,현대오토에버,307950
2022-06-22,105500.0,"하락  6,500",113000.0,113000.0,105500.0,73750.0,현대오토에버,307950
2022-06-23,101500.0,"하락  4,000",105500.0,107000.0,101000.0,108856.0,현대오토에버,307950
2022-06-24,104500.0,"상승  3,000",101500.0,105500.0,101500.0,41821.0,현대오토에버,307950
2022-06-27,113500.0,"상승  9,000",106000.0,115000.0,106000.0,96872.0,현대오토에버,307950
2022-06-28,116000.0,"상승  2,500",113500.0,118000.0,113000.0,70754.0,현대오토에버,307950
2022-06-29,113500.0,"하락  2,500",112500.0,115000.0,111000.0,55197.0,현대오토에버,307950
2022-06-30,112500.0,"하락  1,000",113000.0,116000.0,111000.0,76543.0,현대오토에버,307950
2022-07-01,117000.0,"상승  4,500",113500.0,118500.0,112000.0,61902.0,현대오토에버,307950
2022-07-04,116000.0,"하락  1,000",117000.0,117500.0,112000.0,55995.0,현대오토에버,307950
2022-07-05,117000.0,"상승  1,000",116500.0,117500.0,114500.0,36064.0,현대오토에버,307950
2022-07-06,112500.0,"하락  4,500",117000.0,118000.0,111500.0,50603.0,현대오토에버,307950
2022-07-07,114500.0,"상승  2,000",114000.0,115500.0,112000.0,29004.0,현대오토에버,307950
2022-07-08,113500.0,"하락  1,000",116500.0,116500.0,113500.0,36952.0,현대오토에버,307950
2022-07-11,115500.0,"상승  2,000",113500.0,117000.0,113500.0,46057.0,현대오토에버,307950
2022-07-12,117000.0,"상승  1,500",115500.0,117000.0,114500.0,40135.0,현대오토에버,307950
2022-07-13,119500.0,"상승  2,500",117000.0,122000.0,116000.0,87500.0,현대오토에버,307950
2022-07-14,123000.0,"상승  3,500",119000.0,124500.0,118000.0,90497.0,현대오토에버,307950
2022-07-15,122500.0,하락  500,123000.0,123500.0,121000.0,36175.0,현대오토에버,307950
2022-07-18,124000.0,"상승  1,500",124000.0,125500.0,122500.0,40264.0,현대오토에버,307950
2022-07-19,123500.0,하락  500,124000.0,126500.0,122500.0,51254.0,현대오토에버,307950
2022-07-20,121000.0,"하락  2,500",125000.0,125000.0,120500.0,55291.0,현대오토에버,307950
2022-07-21,122500.0,"상승  1,500",121500.0,123500.0,120500.0,37581.0,현대오토에버,307950
2022-07-22,124500.0,"상승  2,000",123000.0,125500.0,122500.0,45517.0,현대오토에버,307950
2022-07-25,127500.0,"상승  3,000",125000.0,128000.0,124500.0,68320.0,현대오토에버,307950
2022-07-26,127500.0,보합0,127500.0,128000.0,125500.0,27948.0,현대오토에버,307950
2022-07-27,126000.0,"하락  1,500",127500.0,127500.0,124500.0,33282.0,현대오토에버,307950
2022-07-28,126500.0,상승  500,128000.0,128000.0,125500.0,40375.0,현대오토에버,307950
2022-07-29,125500.0,"하락  1,000",127000.0,127500.0,124500.0,50399.0,현대오토에버,307950
2022-08-01,124000.0,"하락  1,500",125500.0,126000.0,123500.0,66888.0,현대오토에버,307950
2022-08-02,123500.0,하락  500,124000.0,125000.0,122500.0,37518.0,현대오토에버,307950
2022-08-03,128000.0,"상승  4,500",123000.0,128000.0,123000.0,95931.0,현대오토에버,307950
2022-08-04,130000.0,"상승  2,000",128500.0,130500.0,128000.0,74734.0,현대오토에버,307950
2022-08-05,130000.0,보합0,130500.0,131000.0,128000.0,47057.0,현대오토에버,307950
2022-08-08,129000.0,"하락  1,000",129000.0,130500.0,127500.0,44998.0,현대오토에버,307950
2022-08-09,129500.0,상승  500,129500.0,130000.0,126500.0,56483.0,현대오토에버,307950
2022-08-10,126000.0,"하락  3,500",129000.0,129000.0,125500.0,76432.0,현대오토에버,307950
2022-08-11,126500.0,상승  500,127500.0,127500.0,125000.0,38935.0,현대오토에버,307950
2022-08-12,130000.0,"상승  3,500",125500.0,132000.0,125000.0,85101.0,현대오토에버,307950
2022-08-16,136500.0,"상승  6,500",131500.0,137000.0,131000.0,214489.0,현대오토에버,307950
2022-08-17,128500.0,"하락  8,000",136500.0,137500.0,128000.0,169631.0,현대오토에버,307950
2022-08-18,120500.0,"하락  8,000",126500.0,127000.0,119000.0,330795.0,현대오토에버,307950
2022-08-19,118000.0,"하락  2,500",120500.0,121000.0,117500.0,189742.0,현대오토에버,307950
2022-08-22,119500.0,"상승  1,500",116500.0,120500.0,115500.0,110484.0,현대오토에버,307950
2022-08-23,119000.0,하락  500,118500.0,120500.0,118500.0,44301.0,현대오토에버,307950
2022-08-24,119000.0,보합0,119500.0,120500.0,117500.0,50236.0,현대오토에버,307950
2022-08-25,119500.0,상승  500,119000.0,120000.0,118500.0,50039.0,현대오토에버,307950
2022-08-26,118500.0,"하락  1,000",120000.0,120000.0,118000.0,52262.0,현대오토에버,307950
2022-08-29,115000.0,"하락  3,500",114500.0,116500.0,114000.0,59872.0,현대오토에버,307950
2022-08-30,120500.0,"상승  5,500",117000.0,121000.0,116500.0,100259.0,현대오토에버,307950
2022-08-31,120500.0,보합0,119500.0,121000.0,118500.0,51472.0,현대오토에버,307950
2022-09-01,118500.0,"하락  2,000",119000.0,120500.0,117500.0,40200.0,현대오토에버,307950
2022-09-02,121000.0,"상승  2,500",120000.0,123500.0,119500.0,85430.0,현대오토에버,307950
2022-09-05,119000.0,"하락  2,000",120000.0,122000.0,118500.0,48018.0,현대오토에버,307950
2022-09-06,118000.0,"하락  1,000",118500.0,120000.0,118000.0,26941.0,현대오토에버,307950
2022-09-07,116500.0,"하락  1,500",118500.0,119000.0,115500.0,49390.0,현대오토에버,307950
2022-09-08,117500.0,"상승  1,000",118000.0,119000.0,116500.0,33224.0,현대오토에버,307950
2022-09-13,119000.0,"상승  1,500",120500.0,120500.0,118000.0,46808.0,현대오토에버,307950
2022-09-14,117500.0,"하락  1,500",115000.0,118000.0,115000.0,32983.0,현대오토에버,307950
2022-09-15,116000.0,"하락  1,500",118000.0,119000.0,115500.0,44359.0,현대오토에버,307950
2022-09-16,115500.0,하락  500,115500.0,116500.0,115000.0,29790.0,현대오토에버,307950
2022-09-19,112000.0,"하락  3,500",115500.0,116000.0,111500.0,73516.0,현대오토에버,307950
2022-09-20,115000.0,"상승  3,000",113500.0,117000.0,113500.0,52235.0,현대오토에버,307950
2022-09-21,113500.0,"하락  1,500",113500.0,115000.0,112500.0,28465.0,현대오토에버,307950
2022-09-22,113000.0,하락  500,112500.0,113500.0,111000.0,35717.0,현대오토에버,307950
2022-09-23,109000.0,"하락  4,000",112000.0,113500.0,109000.0,52170.0,현대오토에버,307950
2022-09-26,104000.0,"하락  5,000",107500.0,108000.0,104000.0,69928.0,현대오토에버,307950
2022-09-27,105500.0,"상승  1,500",103500.0,106000.0,103500.0,39356.0,현대오토에버,307950
2022-09-28,102500.0,"하락  3,000",105500.0,106500.0,101500.0,43182.0,현대오토에버,307950
2022-09-29,102500.0,보합0,105000.0,106000.0,102500.0,29471.0,현대오토에버,307950
2022-09-30,103500.0,"상승  1,000",101000.0,106000.0,100500.0,39939.0,현대오토에버,307950
2022-10-04,111000.0,"상승  7,500",106500.0,112500.0,106500.0,58473.0,현대오토에버,307950
2022-10-05,110500.0,하락  500,114000.0,114500.0,109000.0,40153.0,현대오토에버,307950
2022-10-06,113500.0,"상승  3,000",111500.0,114000.0,110500.0,30689.0,현대오토에버,307950
2022-10-07,113000.0,하락  500,112500.0,115500.0,111500.0,27365.0,현대오토에버,307950
2022-10-11,108000.0,"하락  5,000",109000.0,110000.0,107500.0,35336.0,현대오토에버,307950
2022-10-12,112000.0,"상승  4,000",108000.0,112500.0,107500.0,28664.0,현대오토에버,307950
2022-10-13,115000.0,"상승  3,000",112500.0,117500.0,112000.0,106902.0,현대오토에버,307950
2022-10-14,115000.0,보합0,117000.0,118500.0,114000.0,64074.0,현대오토에버,307950
2022-10-17,114500.0,하락  500,113000.0,116000.0,112000.0,41453.0,현대오토에버,307950
2022-10-18,116500.0,"상승  2,000",116500.0,117500.0,114500.0,55972.0,현대오토에버,307950
2022-10-19,115500.0,"하락  1,000",115500.0,119000.0,115000.0,40523.0,현대오토에버,307950
2022-10-20,116500.0,"상승  1,000",115500.0,117000.0,115000.0,23610.0,현대오토에버,307950
2022-10-21,117000.0,상승  500,116000.0,120000.0,116000.0,48049.0,현대오토에버,307950
2022-10-24,116500.0,하락  500,119000.0,119500.0,116000.0,39438.0,현대오토에버,307950
2022-10-25,114000.0,"하락  2,500",116000.0,117000.0,112000.0,43211.0,현대오토에버,307950
2022-10-26,114000.0,보합0,114000.0,116000.0,113000.0,24409.0,현대오토에버,307950
2022-10-27,114500.0,상승  500,114500.0,116000.0,113500.0,33626.0,현대오토에버,307950
2022-10-28,118500.0,"상승  4,000",114500.0,119500.0,114000.0,81542.0,현대오토에버,307950
2022-10-31,118500.0,보합0,119500.0,120500.0,117000.0,37225.0,현대오토에버,307950
2022-11-01,117500.0,"하락  1,000",118000.0,119000.0,117000.0,34342.0,현대오토에버,307950
2022-11-02,114000.0,"하락  3,500",117500.0,118000.0,113500.0,63570.0,현대오토에버,307950
2022-11-03,114000.0,보합0,112000.0,115500.0,111500.0,23203.0,현대오토에버,307950
2022-11-04,114000.0,보합0,113500.0,115500.0,112500.0,30406.0,현대오토에버,307950
2022-11-07,115500.0,"상승  1,500",115500.0,117000.0,114500.0,29693.0,현대오토에버,307950
2022-11-08,115500.0,보합0,116000.0,116500.0,114500.0,34104.0,현대오토에버,307950
2022-11-09,116000.0,상승  500,116000.0,117500.0,115000.0,34375.0,현대오토에버,307950
2022-11-10,116000.0,보합0,115000.0,118000.0,114500.0,36832.0,현대오토에버,307950
2022-11-11,117000.0,"상승  1,000",119000.0,119000.0,115500.0,90052.0,현대오토에버,307950
2022-11-14,118500.0,"상승  1,500",117000.0,119500.0,117000.0,94317.0,현대오토에버,307950
2022-11-15,119000.0,상승  500,119500.0,119500.0,116000.0,58358.0,현대오토에버,307950
2022-11-16,118000.0,"하락  1,000",119000.0,119500.0,116500.0,36634.0,현대오토에버,307950
2022-11-17,114000.0,"하락  4,000",118000.0,118000.0,114000.0,43772.0,현대오토에버,307950
2022-11-18,114000.0,보합0,114500.0,115500.0,113000.0,36245.0,현대오토에버,307950
2022-11-21,111500.0,"하락  2,500",114000.0,114500.0,111500.0,34102.0,현대오토에버,307950
2022-11-22,109000.0,"하락  2,500",111000.0,111500.0,109000.0,34232.0,현대오토에버,307950
2022-11-23,109500.0,상승  500,110000.0,111000.0,109000.0,19721.0,현대오토에버,307950
2022-11-24,111000.0,"상승  1,500",110500.0,112000.0,110000.0,20020.0,현대오토에버,307950
2022-11-25,111000.0,보합0,111000.0,112000.0,111000.0,12371.0,현대오토에버,307950
2022-11-28,110000.0,"하락  1,000",111500.0,111500.0,109500.0,13804.0,현대오토에버,307950
2022-11-29,111500.0,"상승  1,500",109500.0,112000.0,109000.0,12714.0,현대오토에버,307950
2022-11-30,111000.0,하락  500,110500.0,112000.0,110000.0,23729.0,현대오토에버,307950
2022-12-01,111000.0,보합0,112000.0,112500.0,110500.0,26084.0,현대오토에버,307950
2022-12-02,109500.0,"하락  1,500",111000.0,111500.0,108500.0,25370.0,현대오토에버,307950
2022-12-05,106500.0,"하락  3,000",109500.0,109500.0,105500.0,43915.0,현대오토에버,307950
2022-12-06,107500.0,"상승  1,000",106000.0,109000.0,105500.0,34251.0,현대오토에버,307950
2022-12-07,106000.0,"하락  1,500",107000.0,108000.0,105500.0,16855.0,현대오토에버,307950
2022-12-08,103500.0,"하락  2,500",106000.0,106000.0,103000.0,40922.0,현대오토에버,307950
2022-12-09,104000.0,상승  500,104000.0,106000.0,103500.0,32971.0,현대오토에버,307950
2022-12-12,105500.0,"상승  1,500",103500.0,106000.0,103000.0,23896.0,현대오토에버,307950
2022-12-13,102500.0,"하락  3,000",106000.0,107500.0,101500.0,63347.0,현대오토에버,307950
2022-12-14,104000.0,"상승  1,500",103000.0,105500.0,102500.0,30674.0,현대오토에버,307950
2022-12-15,104500.0,상승  500,103500.0,105000.0,103000.0,18258.0,현대오토에버,307950
2022-12-16,104000.0,하락  500,103000.0,105500.0,103000.0,14836.0,현대오토에버,307950
2022-12-19,100500.0,"하락  3,500",103500.0,103500.0,100000.0,72709.0,현대오토에버,307950
2022-12-20,100000.0,하락  500,100500.0,101000.0,99700.0,34351.0,현대오토에버,307950
2022-12-21,100500.0,상승  500,100000.0,101000.0,100000.0,20442.0,현대오토에버,307950
2022-12-22,101500.0,"상승  1,000",100500.0,102000.0,100500.0,21512.0,현대오토에버,307950
2022-12-23,100000.0,"하락  1,500",99800.0,101000.0,99500.0,21254.0,현대오토에버,307950
2022-12-26,99500.0,하락  500,100500.0,101000.0,99200.0,25773.0,현대오토에버,307950
2022-12-27,101000.0,"상승  1,500",99800.0,101000.0,99400.0,88284.0,현대오토에버,307950
2022-12-28,99600.0,"하락  1,400",100500.0,100500.0,98800.0,97565.0,현대오토에버,307950
2022-12-29,95500.0,"하락  4,100",99600.0,99600.0,94800.0,52687.0,현대오토에버,307950
2023-01-02,95900.0,상승  400,96800.0,98700.0,95400.0,25216.0,현대오토에버,307950
2023-01-03,95800.0,하락  100,96300.0,96500.0,94100.0,32540.0,현대오토에버,307950
2023-01-04,95000.0,하락  800,95200.0,96100.0,94600.0,32897.0,현대오토에버,307950
2023-01-05,93600.0,"하락  1,400",95000.0,96400.0,93000.0,40933.0,현대오토에버,307950
2023-01-06,96200.0,"상승  2,600",93000.0,96900.0,92700.0,52837.0,현대오토에버,307950
2023-01-09,100500.0,"상승  4,300",97000.0,101000.0,96400.0,67714.0,현대오토에버,307950
2023-01-10,101500.0,"상승  1,000",100000.0,102500.0,99400.0,37038.0,현대오토에버,307950
2023-01-11,101000.0,하락  500,102000.0,102500.0,100500.0,16406.0,현대오토에버,307950
2023-01-12,100500.0,하락  500,102000.0,102000.0,100500.0,21720.0,현대오토에버,307950
2023-01-13,103500.0,"상승  3,000",101000.0,103500.0,100500.0,37405.0,현대오토에버,307950
2023-01-16,102500.0,"하락  1,000",103500.0,104000.0,102000.0,39515.0,현대오토에버,307950
2023-01-17,100000.0,"하락  2,500",102000.0,102500.0,99800.0,35254.0,현대오토에버,307950
2023-01-18,100500.0,상승  500,100000.0,101000.0,99800.0,12159.0,현대오토에버,307950
2023-01-19,101000.0,상승  500,99700.0,102000.0,99600.0,22967.0,현대오토에버,307950
2023-01-20,101000.0,보합0,100500.0,101500.0,99900.0,19412.0,현대오토에버,307950
2023-01-25,104400.0,"상승  3,400",102000.0,104600.0,101500.0,44389.0,현대오토에버,307950
2023-01-26,107700.0,"상승  3,300",105000.0,108000.0,104300.0,68383.0,현대오토에버,307950
2023-01-27,106800.0,하락  900,108700.0,108700.0,106000.0,45365.0,현대오토에버,307950
2023-01-30,104500.0,"하락  2,300",106900.0,107200.0,104300.0,24846.0,현대오토에버,307950
2023-01-31,112000.0,"상승  7,500",104000.0,114300.0,103000.0,230631.0,현대오토에버,307950
2023-02-01,116600.0,"상승  4,600",115000.0,117200.0,113300.0,192628.0,현대오토에버,307950
2023-02-02,114800.0,"하락  1,800",116600.0,119200.0,114300.0,104203.0,현대오토에버,307950
2023-02-03,115300.0,상승  500,114900.0,116600.0,114500.0,43352.0,현대오토에버,307950
2023-02-06,116900.0,"상승  1,600",114500.0,117500.0,113700.0,55603.0,현대오토에버,307950
2023-02-07,116400.0,하락  500,116600.0,117000.0,114500.0,41545.0,현대오토에버,307950
2023-02-08,118000.0,"상승  1,600",117200.0,118600.0,116900.0,39897.0,현대오토에버,307950
2023-02-09,119800.0,"상승  1,800",118000.0,120900.0,117800.0,85692.0,현대오토에버,307950
2023-02-10,120500.0,상승  700,119500.0,122200.0,118800.0,56810.0,현대오토에버,307950
2023-02-13,118000.0,"하락  2,500",120600.0,121300.0,117800.0,39820.0,현대오토에버,307950
2023-02-14,120400.0,"상승  2,400",119200.0,121900.0,119100.0,64550.0,현대오토에버,307950
2023-02-15,120000.0,하락  400,122000.0,122500.0,119900.0,66837.0,현대오토에버,307950
2023-02-16,119600.0,하락  400,120400.0,120900.0,118700.0,42226.0,현대오토에버,307950
2023-02-17,116400.0,"하락  3,200",118900.0,119000.0,116100.0,66151.0,현대오토에버,307950
2023-02-20,116600.0,상승  200,116400.0,117400.0,115300.0,33807.0,현대오토에버,307950
2023-02-21,118400.0,"상승  1,800",116900.0,121200.0,116600.0,72801.0,현대오토에버,307950
2023-02-22,116900.0,"하락  1,500",116500.0,119200.0,116300.0,36501.0,현대오토에버,307950
2023-02-23,117000.0,상승  100,118200.0,119400.0,116500.0,61263.0,현대오토에버,307950
2023-02-24,115100.0,"하락  1,900",116800.0,117800.0,113700.0,63988.0,현대오토에버,307950
2023-02-27,113400.0,"하락  1,700",113600.0,114900.0,112600.0,63594.0,현대오토에버,307950
2023-02-28,113600.0,상승  200,114300.0,115700.0,113400.0,54175.0,현대오토에버,307950
2023-03-02,114700.0,"상승  1,100",114000.0,115500.0,113600.0,37625.0,현대오토에버,307950
2023-03-03,113900.0,하락  800,114700.0,115500.0,112300.0,48057.0,현대오토에버,307950
2023-03-06,115700.0,"상승  1,800",113900.0,115800.0,112100.0,55456.0,현대오토에버,307950
2023-03-07,113000.0,"하락  2,700",115100.0,115800.0,112800.0,51735.0,현대오토에버,307950
2023-03-08,112400.0,하락  600,112300.0,112900.0,111000.0,42377.0,현대오토에버,307950
2023-03-09,115400.0,"상승  3,000",113100.0,119000.0,112500.0,93715.0,현대오토에버,307950
2023-03-10,114400.0,"하락  1,000",115000.0,117500.0,113900.0,57765.0,현대오토에버,307950
2023-03-13,116700.0,"상승  2,300",113500.0,116900.0,112500.0,43737.0,현대오토에버,307950
2023-03-14,111500.0,"하락  5,200",115900.0,116700.0,111400.0,63097.0,현대오토에버,307950
2023-03-15,114200.0,"상승  2,700",113400.0,115000.0,112400.0,38863.0,현대오토에버,307950
2023-03-16,114200.0,보합0,112700.0,115300.0,112100.0,24746.0,현대오토에버,307950
2023-03-17,114300.0,상승  100,115400.0,116700.0,114000.0,30581.0,현대오토에버,307950
2023-03-20,112200.0,"하락  2,100",114300.0,114800.0,112100.0,25480.0,현대오토에버,307950
2023-03-21,111700.0,하락  500,113900.0,113900.0,111400.0,25886.0,현대오토에버,307950
2023-03-22,111700.0,보합0,112500.0,112500.0,111400.0,24664.0,현대오토에버,307950
2023-03-23,111600.0,하락  100,111400.0,113500.0,110400.0,46051.0,현대오토에버,307950
2023-03-24,109200.0,"하락  2,400",112400.0,112400.0,108400.0,54793.0,현대오토에버,307950
2023-03-27,107100.0,"하락  2,100",109400.0,109900.0,105800.0,73576.0,현대오토에버,307950
2023-03-28,109700.0,"상승  2,600",107200.0,111000.0,107200.0,44555.0,현대오토에버,307950
2023-03-29,113700.0,"상승  4,000",109800.0,114200.0,109600.0,67101.0,현대오토에버,307950
2023-03-30,111500.0,"하락  2,200",113700.0,113700.0,111100.0,41244.0,현대오토에버,307950
2023-03-31,112600.0,"상승  1,100",111600.0,113600.0,111300.0,29369.0,현대오토에버,307950
2023-04-03,115500.0,"상승  2,900",113700.0,117500.0,113700.0,78857.0,현대오토에버,307950
2023-04-04,115700.0,상승  200,116500.0,118400.0,114200.0,58237.0,현대오토에버,307950
2023-04-05,115600.0,하락  100,116300.0,116300.0,113700.0,48061.0,현대오토에버,307950
2023-04-06,113000.0,"하락  2,600",115600.0,115600.0,113000.0,44182.0,현대오토에버,307950
2023-04-07,113000.0,보합0,113300.0,114400.0,112900.0,24058.0,현대오토에버,307950
2023-04-10,111400.0,"하락  1,600",112700.0,112700.0,110700.0,37255.0,현대오토에버,307950
2023-04-11,123300.0,"상승  11,900",112000.0,123400.0,110900.0,244626.0,현대오토에버,307950
2023-04-12,128700.0,"상승  5,400",127100.0,132400.0,125800.0,381290.0,현대오토에버,307950
2023-04-13,124700.0,"하락  4,000",129800.0,129800.0,123500.0,131473.0,현대오토에버,307950
2023-04-14,125600.0,상승  900,126000.0,128600.0,124400.0,89115.0,현대오토에버,307950
2023-04-17,125100.0,하락  500,126000.0,128500.0,124200.0,53790.0,현대오토에버,307950
2023-04-18,120400.0,"하락  4,700",125100.0,125100.0,118700.0,126824.0,현대오토에버,307950
2023-04-19,122800.0,"상승  2,400",120500.0,122800.0,119500.0,58104.0,현대오토에버,307950
2023-04-20,117800.0,"하락  5,000",121700.0,121900.0,117300.0,66409.0,현대오토에버,307950
2023-04-21,116900.0,하락  900,117900.0,118500.0,114500.0,45620.0,현대오토에버,307950
2023-04-24,124000.0,"상승  7,100",117500.0,124400.0,117300.0,148726.0,현대오토에버,307950
2023-04-25,124600.0,상승  600,123500.0,127000.0,120700.0,128911.0,현대오토에버,307950
2023-04-26,124700.0,상승  100,125700.0,127600.0,122100.0,122483.0,현대오토에버,307950
2023-04-27,122600.0,"하락  2,100",124400.0,125600.0,122500.0,32887.0,현대오토에버,307950
2023-04-28,122800.0,상승  200,123400.0,123400.0,120400.0,51104.0,현대오토에버,307950
2023-05-02,124500.0,"상승  1,700",123000.0,126500.0,122800.0,66151.0,현대오토에버,307950
2023-05-03,119700.0,"하락  4,800",124700.0,125200.0,119700.0,76047.0,현대오토에버,307950
2023-05-04,125000.0,"상승  5,300",120300.0,127400.0,120000.0,83137.0,현대오토에버,307950
2023-05-08,124000.0,"하락  1,000",126000.0,127400.0,123500.0,46867.0,현대오토에버,307950
2023-05-09,124900.0,상승  900,123500.0,125000.0,121500.0,35745.0,현대오토에버,307950
2023-05-10,126300.0,"상승  1,400",124600.0,128000.0,123200.0,89466.0,현대오토에버,307950
2023-05-11,124500.0,"하락  1,800",126900.0,126900.0,123300.0,47358.0,현대오토에버,307950
2023-05-12,124500.0,보합0,123900.0,126200.0,121800.0,61277.0,현대오토에버,307950
2023-05-15,122800.0,"하락  1,700",124000.0,124000.0,121000.0,45257.0,현대오토에버,307950
2023-05-16,119600.0,"하락  3,200",125300.0,125400.0,119200.0,57987.0,현대오토에버,307950
2023-05-17,127500.0,"상승  7,900",120700.0,127500.0,120100.0,141937.0,현대오토에버,307950
2023-05-18,126600.0,하락  900,127000.0,127500.0,125600.0,48455.0,현대오토에버,307950
2023-05-19,124300.0,"하락  2,300",127000.0,127300.0,123800.0,35545.0,현대오토에버,307950
2023-05-22,128100.0,"상승  3,800",124900.0,128600.0,124000.0,75627.0,현대오토에버,307950
2023-05-23,127700.0,하락  400,128200.0,129200.0,126000.0,65670.0,현대오토에버,307950
2023-05-24,126100.0,"하락  1,600",126500.0,127800.0,126000.0,35562.0,현대오토에버,307950
2023-05-25,124300.0,"하락  1,800",126500.0,126600.0,123800.0,40154.0,현대오토에버,307950
2023-05-26,124100.0,하락  200,123900.0,125500.0,123200.0,22538.0,현대오토에버,307950
2023-05-30,123000.0,"하락  1,100",125000.0,125100.0,122100.0,38476.0,현대오토에버,307950
2023-05-31,126000.0,"상승  3,000",122500.0,126800.0,122500.0,45077.0,현대오토에버,307950
2023-06-01,123700.0,"하락  2,300",126000.0,126000.0,123000.0,41950.0,현대오토에버,307950
2023-06-02,124800.0,"상승  1,100",124300.0,124900.0,122900.0,34217.0,현대오토에버,307950
2023-06-05,127200.0,"상승  2,400",125400.0,127500.0,124100.0,53463.0,현대오토에버,307950
2023-06-07,126400.0,하락  800,128000.0,128100.0,124800.0,60436.0,현대오토에버,307950
2023-06-08,126200.0,하락  200,126200.0,127800.0,125200.0,39202.0,현대오토에버,307950
2023-06-09,125900.0,하락  300,126200.0,126400.0,125300.0,34428.0,현대오토에버,307950
2023-06-12,123000.0,"하락  2,900",125400.0,125800.0,122600.0,61040.0,현대오토에버,307950
2023-06-13,123300.0,상승  300,123600.0,123900.0,122600.0,37181.0,현대오토에버,307950
2023-06-14,121900.0,"하락  1,400",122500.0,124000.0,121100.0,47444.0,현대오토에버,307950
2023-06-15,121300.0,하락  600,121500.0,123400.0,120700.0,41065.0,현대오토에버,307950
2023-06-16,124100.0,"상승  2,800",122100.0,124100.0,121900.0,106015.0,현대오토에버,307950
2023-06-19,121600.0,"하락  2,500",124500.0,124500.0,120900.0,52332.0,현대오토에버,307950
2023-06-20,120000.0,"하락  1,600",121300.0,121500.0,119600.0,37234.0,현대오토에버,307950
2023-06-21,122700.0,"상승  2,700",120200.0,124200.0,120000.0,60366.0,현대오토에버,307950
2023-06-22,120800.0,"하락  1,900",122200.0,122200.0,120200.0,35799.0,현대오토에버,307950
2023-06-23,119800.0,"하락  1,000",121000.0,121000.0,119600.0,22638.0,현대오토에버,307950
2023-06-26,119500.0,하락  300,120000.0,121000.0,119300.0,24530.0,현대오토에버,307950
2023-06-27,121100.0,"상승  1,600",119300.0,121600.0,119100.0,20471.0,현대오토에버,307950
2023-06-28,132100.0,"상승  11,000",121300.0,133400.0,120800.0,308705.0,현대오토에버,307950
2023-06-29,138900.0,"상승  6,800",131500.0,140000.0,130000.0,498474.0,현대오토에버,307950
2023-06-30,140200.0,"상승  1,300",139200.0,147500.0,139000.0,270382.0,현대오토에버,307950
2023-07-03,141700.0,"상승  1,500",140500.0,147000.0,140000.0,179589.0,현대오토에버,307950
2023-07-04,145900.0,"상승  4,200",142900.0,149500.0,142900.0,190317.0,현대오토에버,307950
2023-07-05,146500.0,상승  600,147800.0,151900.0,145000.0,159536.0,현대오토에버,307950
2023-07-06,151300.0,"상승  4,800",147500.0,153900.0,146400.0,234825.0,현대오토에버,307950
2023-07-07,146400.0,"하락  4,900",154700.0,154700.0,142400.0,179603.0,현대오토에버,307950
2023-07-10,146400.0,보합0,146400.0,149500.0,142600.0,103747.0,현대오토에버,307950
2023-07-11,149500.0,"상승  3,100",148000.0,151000.0,146100.0,78835.0,현대오토에버,307950
2023-07-12,147200.0,"하락  2,300",149500.0,149600.0,145000.0,110522.0,현대오토에버,307950
2023-07-13,146500.0,하락  700,147500.0,149100.0,145800.0,89678.0,현대오토에버,307950
2023-07-14,159000.0,"상승  12,500",147000.0,160000.0,147000.0,334768.0,현대오토에버,307950
2023-07-17,149500.0,"하락  9,500",157800.0,160500.0,148400.0,284707.0,현대오토에버,307950
2023-07-18,151400.0,"상승  1,900",151000.0,151900.0,147000.0,185382.0,현대오토에버,307950
2023-07-19,147600.0,"하락  3,800",151400.0,152900.0,144300.0,193172.0,현대오토에버,307950
2023-07-20,146700.0,하락  900,146700.0,148400.0,145800.0,50091.0,현대오토에버,307950
2023-07-21,148500.0,"상승  1,800",145600.0,150100.0,143600.0,98558.0,현대오토에버,307950
2023-07-24,142600.0,"하락  5,900",148500.0,148500.0,142500.0,105122.0,현대오토에버,307950
2023-07-25,143500.0,상승  900,143000.0,147600.0,142600.0,93893.0,현대오토에버,307950
2023-07-26,141100.0,"하락  2,400",143700.0,143800.0,138200.0,112356.0,현대오토에버,307950
2023-07-27,139600.0,"하락  1,500",143200.0,149700.0,137600.0,155766.0,현대오토에버,307950
2023-07-28,141300.0,"상승  1,700",138600.0,142000.0,138100.0,57083.0,현대오토에버,307950
2023-07-31,153000.0,"상승  11,700",145000.0,157700.0,142800.0,333653.0,현대오토에버,307950
2023-08-01,151200.0,"하락  1,800",154000.0,154000.0,147800.0,171088.0,현대오토에버,307950
2023-08-02,160000.0,"상승  8,800",151100.0,165000.0,150900.0,445990.0,현대오토에버,307950
2023-08-03,153200.0,"하락  6,800",160000.0,162400.0,151400.0,192751.0,현대오토에버,307950
2023-08-04,157100.0,"상승  3,900",154500.0,160900.0,150700.0,137896.0,현대오토에버,307950
2023-08-07,164500.0,"상승  7,400",157000.0,171500.0,156200.0,327368.0,현대오토에버,307950
2023-08-08,166100.0,"상승  1,600",164000.0,167500.0,160300.0,107386.0,현대오토에버,307950
2023-08-09,163200.0,"하락  2,900",165000.0,165900.0,162500.0,97608.0,현대오토에버,307950
2023-08-10,155300.0,"하락  7,900",161900.0,161900.0,155300.0,132823.0,현대오토에버,307950
2023-08-11,155500.0,상승  200,156000.0,159500.0,153800.0,93811.0,현대오토에버,307950
2023-08-14,154600.0,하락  900,153900.0,157200.0,151900.0,47151.0,현대오토에버,307950
2023-08-16,151300.0,"하락  3,300",154000.0,156000.0,150000.0,83650.0,현대오토에버,307950
2023-08-17,153000.0,"상승  1,700",150800.0,154000.0,145300.0,70836.0,현대오토에버,307950
2023-08-18,152400.0,하락  600,150400.0,154400.0,150000.0,41878.0,현대오토에버,307950
2023-08-21,153100.0,상승  700,152900.0,154000.0,150200.0,42501.0,현대오토에버,307950
2023-08-22,151500.0,"하락  1,600",152600.0,156400.0,151500.0,54276.0,현대오토에버,307950
2023-08-23,156000.0,"상승  4,500",151600.0,157200.0,151000.0,72127.0,현대오토에버,307950
2023-08-24,156800.0,상승  800,157600.0,159100.0,154300.0,59317.0,현대오토에버,307950
2023-08-25,150100.0,"하락  6,700",155000.0,156100.0,150000.0,68849.0,현대오토에버,307950
2023-08-28,154000.0,"상승  3,900",150500.0,154500.0,148000.0,49394.0,현대오토에버,307950
2023-08-29,155600.0,"상승  1,600",155000.0,157300.0,153200.0,37565.0,현대오토에버,307950
2023-08-30,174900.0,"상승  19,300",158100.0,176600.0,158100.0,387722.0,현대오토에버,307950
2023-08-31,175700.0,상승  800,176000.0,176900.0,171200.0,181606.0,현대오토에버,307950
2023-09-01,189900.0,"상승  14,200",175800.0,193700.0,175700.0,419791.0,현대오토에버,307950
2023-09-04,189600.0,하락  300,189700.0,197800.0,186500.0,212012.0,현대오토에버,307950
2023-09-05,189500.0,하락  100,193600.0,193900.0,187900.0,114465.0,현대오토에버,307950
2023-09-06,200500.0,"상승  11,000",189200.0,207000.0,187200.0,347660.0,현대오토에버,307950
2023-09-07,215500.0,"상승  15,000",201000.0,219000.0,200000.0,389952.0,현대오토에버,307950
2023-09-08,217500.0,"상승  2,000",219000.0,223000.0,210500.0,226199.0,현대오토에버,307950
2023-09-11,240000.0,"상승  22,500",220500.0,240000.0,218000.0,401235.0,현대오토에버,307950
2023-09-12,204500.0,"하락  35,500",249000.0,263000.0,201000.0,875662.0,현대오토에버,307950
2023-09-13,191100.0,"하락  13,400",201500.0,206000.0,188000.0,666741.0,현대오토에버,307950
2023-09-14,193000.0,"상승  1,900",191800.0,198300.0,189100.0,342687.0,현대오토에버,307950
2023-09-15,189700.0,"하락  3,300",191100.0,198300.0,187700.0,278764.0,현대오토에버,307950
2023-09-18,185400.0,"하락  4,300",188900.0,192000.0,185200.0,183287.0,현대오토에버,307950
2023-09-19,183800.0,"하락  1,600",185900.0,188400.0,181800.0,146075.0,현대오토에버,307950
2023-09-20,181400.0,"하락  2,400",184300.0,187400.0,180500.0,141188.0,현대오토에버,307950
2023-09-21,176000.0,"하락  5,400",181400.0,183200.0,175600.0,125681.0,현대오토에버,307950
2023-09-22,181800.0,"상승  5,800",173000.0,186300.0,172500.0,200499.0,현대오토에버,307950
2023-09-25,176900.0,"하락  4,900",182800.0,182800.0,173500.0,111495.0,현대오토에버,307950
2023-09-26,178300.0,"상승  1,400",176200.0,182200.0,175800.0,84971.0,현대오토에버,307950
2023-09-27,186600.0,"상승  8,300",177300.0,187700.0,177300.0,183152.0,현대오토에버,307950
2023-10-04,177100.0,"하락  9,500",181100.0,183000.0,176600.0,121419.0,현대오토에버,307950
2023-10-05,172100.0,"하락  5,000",180500.0,180700.0,167500.0,139063.0,현대오토에버,307950
2023-10-06,181100.0,"상승  9,000",170500.0,183700.0,170500.0,111065.0,현대오토에버,307950
2023-10-10,173000.0,"하락  8,100",180300.0,181000.0,172300.0,104060.0,현대오토에버,307950
2023-10-11,174700.0,"상승  1,700",177700.0,178000.0,172700.0,77465.0,현대오토에버,307950
2023-10-12,180100.0,"상승  5,400",178500.0,185400.0,178000.0,114333.0,현대오토에버,307950
2023-10-13,176700.0,"하락  3,400",180200.0,180200.0,174200.0,69254.0,현대오토에버,307950
2023-10-16,171500.0,"하락  5,200",173000.0,174200.0,169500.0,78617.0,현대오토에버,307950
2023-10-17,171300.0,하락  200,173300.0,174500.0,169100.0,67632.0,현대오토에버,307950
2023-10-18,170400.0,하락  900,170500.0,172500.0,168200.0,59150.0,현대오토에버,307950
2023-10-19,163300.0,"하락  7,100",167100.0,167100.0,162000.0,122778.0,현대오토에버,307950
2023-10-20,157900.0,"하락  5,400",161000.0,162300.0,155400.0,117378.0,현대오토에버,307950
2023-10-23,159100.0,"상승  1,200",157000.0,162100.0,157000.0,53162.0,현대오토에버,307950
2023-10-24,162400.0,"상승  3,300",160600.0,163400.0,154200.0,68570.0,현대오토에버,307950
2023-10-25,166000.0,"상승  3,600",164300.0,169400.0,163200.0,100158.0,현대오토에버,307950
2023-10-26,158400.0,"하락  7,600",161300.0,162900.0,157700.0,90310.0,현대오토에버,307950
2023-10-27,153900.0,"하락  4,500",158400.0,163900.0,152900.0,123987.0,현대오토에버,307950
2023-10-30,140000.0,"하락  13,900",151200.0,151200.0,138000.0,330318.0,현대오토에버,307950
2023-10-31,130000.0,"하락  10,000",141100.0,141200.0,129400.0,273435.0,현대오토에버,307950
2023-11-01,130500.0,상승  500,132000.0,134400.0,130000.0,107381.0,현대오토에버,307950
2023-11-02,133300.0,"상승  2,800",134000.0,137400.0,133100.0,143978.0,현대오토에버,307950
2023-11-03,140100.0,"상승  6,800",136100.0,142700.0,136100.0,177068.0,현대오토에버,307950
2023-11-06,146600.0,"상승  6,500",143300.0,148300.0,142000.0,177388.0,현대오토에버,307950
2023-11-07,140200.0,"하락  6,400",146600.0,146600.0,138700.0,140114.0,현대오토에버,307950
2023-11-08,136600.0,"하락  3,600",141000.0,141300.0,136200.0,123241.0,현대오토에버,307950
2023-11-09,139800.0,"상승  3,200",137300.0,140500.0,135000.0,86610.0,현대오토에버,307950
2023-11-10,135900.0,"하락  3,900",137100.0,137400.0,133300.0,89714.0,현대오토에버,307950
2023-11-13,134700.0,"하락  1,200",137200.0,138000.0,133500.0,58989.0,현대오토에버,307950
2023-11-14,143600.0,"상승  8,900",135700.0,143700.0,135700.0,132565.0,현대오토에버,307950
2023-11-15,150600.0,"상승  7,000",147700.0,151300.0,143600.0,196476.0,현대오토에버,307950
2023-11-16,159700.0,"상승  9,100",152000.0,162500.0,152000.0,369296.0,현대오토에버,307950
2023-11-17,163300.0,"상승  3,600",161800.0,165000.0,156500.0,255886.0,현대오토에버,307950
2023-11-20,163600.0,상승  300,158300.0,166700.0,156000.0,176544.0,현대오토에버,307950
2023-11-21,164300.0,상승  700,164400.0,172800.0,163000.0,176621.0,현대오토에버,307950
2023-11-22,171500.0,"상승  7,200",162000.0,172400.0,161800.0,156846.0,현대오토에버,307950
2023-11-23,169500.0,"하락  2,000",171000.0,174300.0,168800.0,124030.0,현대오토에버,307950
2023-11-24,172700.0,"상승  3,200",169000.0,173300.0,165100.0,144531.0,현대오토에버,307950
2023-11-27,181800.0,"상승  9,100",172800.0,183800.0,169000.0,255821.0,현대오토에버,307950
2023-11-28,184000.0,"상승  2,200",182300.0,188900.0,178100.0,290451.0,현대오토에버,307950
2023-11-29,191200.0,"상승  7,200",183000.0,196600.0,181500.0,394295.0,현대오토에버,307950
2023-11-30,185000.0,"하락  6,200",191800.0,193500.0,184000.0,342504.0,현대오토에버,307950
2023-12-01,177300.0,"하락  7,700",183200.0,186500.0,175400.0,313544.0,현대오토에버,307950
2023-12-04,173600.0,"하락  3,700",174500.0,180000.0,172400.0,158230.0,현대오토에버,307950
2023-12-05,172200.0,"하락  1,400",172300.0,175700.0,170900.0,122424.0,현대오토에버,307950
2023-12-06,175100.0,"상승  2,900",173500.0,178100.0,173200.0,108604.0,현대오토에버,307950
2023-12-07,171300.0,"하락  3,800",174500.0,178800.0,169300.0,119982.0,현대오토에버,307950
2023-12-08,174500.0,"상승  3,200",173200.0,175000.0,170000.0,86978.0,현대오토에버,307950
2023-12-11,171600.0,"하락  2,900",174400.0,178700.0,170900.0,122501.0,현대오토에버,307950
2023-12-12,168200.0,"하락  3,400",169800.0,171800.0,165900.0,139348.0,현대오토에버,307950
2023-12-13,164300.0,"하락  3,900",168000.0,168400.0,163600.0,111978.0,현대오토에버,307950
2023-12-14,171000.0,"상승  6,700",166700.0,171500.0,165500.0,163459.0,현대오토에버,307950
2023-12-15,172000.0,"상승  1,000",171800.0,177000.0,170200.0,137654.0,현대오토에버,307950
2023-12-18,175500.0,"상승  3,500",172000.0,176700.0,169800.0,90716.0,현대오토에버,307950
2023-12-19,176500.0,"상승  1,000",176300.0,177000.0,173600.0,67615.0,현대오토에버,307950
2023-12-20,190500.0,"상승  14,000",177900.0,190800.0,175500.0,288300.0,현대오토에버,307950
2023-12-21,203000.0,"상승  12,500",187100.0,205500.0,187100.0,580641.0,현대오토에버,307950
2023-12-22,202500.0,하락  500,205500.0,207000.0,198400.0,214006.0,현대오토에버,307950
2023-12-26,196800.0,"하락  5,700",203000.0,205000.0,193400.0,203509.0,현대오토에버,307950
2023-12-27,211500.0,"상승  14,700",196500.0,216000.0,196500.0,268592.0,현대오토에버,307950
2023-12-28,211500.0,보합0,213000.0,214500.0,205500.0,161220.0,현대오토에버,307950
2024-01-02,199400.0,"하락  12,100",212500.0,214000.0,199000.0,290140.0,현대오토에버,307950
2024-01-03,189500.0,"하락  9,900",197300.0,197400.0,188500.0,247614.0,현대오토에버,307950
2024-01-04,191900.0,"상승  2,400",187500.0,197300.0,187100.0,214081.0,현대오토에버,307950
2024-01-05,184700.0,"하락  7,200",189500.0,191000.0,183600.0,208631.0,현대오토에버,307950
2024-01-08,189000.0,"상승  4,300",186200.0,191900.0,186100.0,183972.0,현대오토에버,307950
2024-01-09,187500.0,"하락  1,500",190900.0,192100.0,185100.0,123782.0,현대오토에버,307950
2024-01-10,190700.0,"상승  3,200",187600.0,192400.0,185700.0,122290.0,현대오토에버,307950
2024-01-11,192000.0,"상승  1,300",191200.0,192900.0,188500.0,100366.0,현대오토에버,307950
2024-01-12,185200.0,"하락  6,800",191000.0,191900.0,182200.0,141617.0,현대오토에버,307950
2024-01-15,184000.0,"하락  1,200",183700.0,186200.0,181900.0,81481.0,현대오토에버,307950
2024-01-16,180200.0,"하락  3,800",184100.0,185700.0,179600.0,81085.0,현대오토에버,307950
2024-01-17,174800.0,"하락  5,400",180000.0,180900.0,173400.0,149212.0,현대오토에버,307950
2024-01-18,174700.0,하락  100,174000.0,176900.0,170500.0,139929.0,현대오토에버,307950
2024-01-19,177000.0,"상승  2,300",177200.0,182000.0,175400.0,114303.0,현대오토에버,307950
2024-01-22,182600.0,"상승  5,600",178500.0,184100.0,173500.0,122393.0,현대오토에버,307950
2024-01-23,176200.0,"하락  6,400",180800.0,181400.0,176100.0,99798.0,현대오토에버,307950
2024-01-24,173500.0,"하락  2,700",175700.0,177100.0,172000.0,100750.0,현대오토에버,307950
2024-01-25,175000.0,"상승  1,500",172500.0,177800.0,171200.0,127124.0,현대오토에버,307950
2024-01-26,178200.0,"상승  3,200",176800.0,181000.0,175600.0,133566.0,현대오토에버,307950
2024-01-29,156100.0,"하락  22,100",178000.0,178000.0,155900.0,535596.0,현대오토에버,307950
2024-01-30,148800.0,"하락  7,300",157100.0,157400.0,148200.0,404588.0,현대오토에버,307950
2024-01-31,148000.0,하락  800,148600.0,152700.0,147800.0,193869.0,현대오토에버,307950
2024-02-01,151300.0,"상승  3,300",150000.0,155400.0,149100.0,228320.0,현대오토에버,307950
2024-02-02,155300.0,"상승  4,000",151900.0,156400.0,150900.0,159436.0,현대오토에버,307950
2024-02-05,154600.0,하락  700,157000.0,161900.0,154500.0,217360.0,현대오토에버,307950
2024-02-06,150300.0,"하락  4,300",153800.0,155300.0,149800.0,125935.0,현대오토에버,307950
2024-02-07,149700.0,하락  600,150300.0,153500.0,147900.0,167325.0,현대오토에버,307950
2024-02-08,154300.0,"상승  4,600",151100.0,155100.0,150700.0,129140.0,현대오토에버,307950
2024-02-13,156800.0,"상승  2,500",154700.0,159600.0,154700.0,141207.0,현대오토에버,307950
2024-02-14,158700.0,"상승  1,900",154000.0,158900.0,152600.0,120011.0,현대오토에버,307950
2024-02-15,156700.0,"하락  2,000",161500.0,161500.0,156500.0,96320.0,현대오토에버,307950
2024-02-16,156800.0,상승  100,157500.0,158700.0,155200.0,81074.0,현대오토에버,307950
2024-02-19,155300.0,"하락  1,500",156000.0,157200.0,153800.0,98144.0,현대오토에버,307950
2024-02-20,156000.0,상승  700,155200.0,161000.0,154500.0,128353.0,현대오토에버,307950
2024-02-21,152800.0,"하락  3,200",155300.0,155900.0,152800.0,90884.0,현대오토에버,307950
2024-02-22,154800.0,"상승  2,000",153300.0,155300.0,152100.0,82587.0,현대오토에버,307950
2024-02-23,152600.0,"하락  2,200",155400.0,155800.0,152600.0,83815.0,현대오토에버,307950
2024-02-26,150600.0,"하락  2,000",152100.0,153700.0,150500.0,88372.0,현대오토에버,307950
2024-02-27,149100.0,"하락  1,500",150100.0,151100.0,149000.0,96138.0,현대오토에버,307950
2024-02-28,150100.0,"상승  1,000",148500.0,153000.0,148300.0,105352.0,현대오토에버,307950
2024-02-29,149300.0,하락  800,150000.0,151400.0,148000.0,67184.0,현대오토에버,307950
2024-03-04,147300.0,"하락  2,000",150100.0,151600.0,147200.0,122173.0,현대오토에버,307950
2024-03-05,146400.0,하락  900,146200.0,150900.0,145800.0,107637.0,현대오토에버,307950
2024-03-06,145800.0,하락  600,146400.0,148000.0,145100.0,79007.0,현대오토에버,307950
2024-03-07,146600.0,상승  800,146100.0,150500.0,145000.0,132144.0,현대오토에버,307950
2024-03-08,146300.0,하락  300,148000.0,149200.0,145900.0,74896.0,현대오토에버,307950
2024-03-11,146300.0,보합0,146100.0,149000.0,145600.0,71261.0,현대오토에버,307950
2024-03-12,146300.0,보합0,146100.0,148700.0,146000.0,72573.0,현대오토에버,307950
2024-03-13,150600.0,"상승  4,300",147000.0,150800.0,146600.0,139334.0,현대오토에버,307950
2024-03-14,149900.0,하락  700,150100.0,150300.0,148500.0,83613.0,현대오토에버,307950
2024-03-15,144500.0,"하락  5,400",149900.0,149900.0,144500.0,228097.0,현대오토에버,307950
2024-03-18,142600.0,"하락  1,900",145200.0,145200.0,141700.0,107191.0,현대오토에버,307950
2024-03-19,141800.0,하락  800,142900.0,143700.0,141500.0,65368.0,현대오토에버,307950
2024-03-20,145900.0,"상승  4,100",142800.0,149500.0,142800.0,150118.0,현대오토에버,307950
2024-03-21,148800.0,"상승  2,900",148500.0,150400.0,145100.0,110263.0,현대오토에버,307950
2024-03-22,147300.0,"하락  1,500",150200.0,151800.0,146600.0,104029.0,현대오토에버,307950
2024-03-25,143800.0,"하락  3,500",147100.0,148000.0,143400.0,96066.0,현대오토에버,307950
2024-03-26,144600.0,상승  800,143900.0,146000.0,143800.0,53207.0,현대오토에버,307950
2024-03-27,151100.0,"상승  6,500",145500.0,151300.0,142900.0,194646.0,현대오토에버,307950
2024-03-28,147400.0,"하락  3,700",152700.0,152700.0,146800.0,156707.0,현대오토에버,307950
2024-03-29,144000.0,"하락  3,400",148000.0,148400.0,143700.0,106073.0,현대오토에버,307950
2024-04-01,146400.0,"상승  2,400",145000.0,147700.0,145000.0,61374.0,현대오토에버,307950
2024-04-02,148700.0,"상승  2,300",148000.0,151500.0,147500.0,190590.0,현대오토에버,307950
2024-04-03,145700.0,"하락  3,000",148700.0,148700.0,145500.0,92390.0,현대오토에버,307950
2024-04-04,147100.0,"상승  1,400",146500.0,147100.0,144200.0,65132.0,현대오토에버,307950
2024-04-05,145000.0,"하락  2,100",145600.0,147200.0,144500.0,54864.0,현대오토에버,307950
2024-04-08,154000.0,"상승  9,000",147300.0,154000.0,146900.0,386081.0,현대오토에버,307950
2024-04-09,150300.0,"하락  3,700",157000.0,158500.0,150100.0,290721.0,현대오토에버,307950
2024-04-11,150600.0,상승  300,149100.0,151600.0,148000.0,95334.0,현대오토에버,307950
2024-04-12,149400.0,"하락  1,200",152000.0,152000.0,148500.0,92887.0,현대오토에버,307950
2024-04-15,147700.0,"하락  1,700",147300.0,148600.0,145000.0,88356.0,현대오토에버,307950
2024-04-16,142000.0,"하락  5,700",145900.0,149300.0,142000.0,141774.0,현대오토에버,307950
2024-04-17,136300.0,"하락  5,700",143000.0,143400.0,136300.0,204787.0,현대오토에버,307950
2024-04-18,138300.0,"상승  2,000",136100.0,138500.0,135600.0,79892.0,현대오토에버,307950
2024-04-19,136000.0,"하락  2,300",138000.0,138500.0,133500.0,83456.0,현대오토에버,307950
2024-04-22,141300.0,"상승  5,300",138000.0,141700.0,137900.0,76970.0,현대오토에버,307950
2024-04-23,140200.0,"하락  1,100",142000.0,143100.0,139700.0,57161.0,현대오토에버,307950
2024-04-24,154200.0,"상승  14,000",143200.0,154700.0,142500.0,413460.0,현대오토에버,307950
2024-04-25,151500.0,"하락  2,700",152900.0,153600.0,150200.0,114046.0,현대오토에버,307950
2024-04-26,153700.0,"상승  2,200",154200.0,154500.0,150000.0,102742.0,현대오토에버,307950
2024-04-29,161400.0,"상승  7,700",157100.0,162500.0,153200.0,436688.0,현대오토에버,307950
2024-04-30,154000.0,"하락  7,400",170000.0,173500.0,154000.0,1092422.0,현대오토에버,307950
2024-05-02,151600.0,"하락  2,400",155000.0,160800.0,150600.0,343019.0,현대오토에버,307950
2024-05-03,151900.0,상승  300,151200.0,154300.0,151000.0,148094.0,현대오토에버,307950
2024-05-07,154600.0,"상승  2,700",152300.0,156600.0,152300.0,120228.0,현대오토에버,307950
2024-05-08,152700.0,"하락  1,900",153200.0,156100.0,152000.0,77473.0,현대오토에버,307950
2024-05-09,148500.0,"하락  4,200",151300.0,152500.0,148300.0,152826.0,현대오토에버,307950
2024-05-10,145800.0,"하락  2,700",148500.0,149500.0,145700.0,127750.0,현대오토에버,307950
2024-05-13,148300.0,"상승  2,500",145800.0,148300.0,145100.0,69340.0,현대오토에버,307950
2024-05-14,150500.0,"상승  2,200",148800.0,151900.0,147000.0,80122.0,현대오토에버,307950
2024-05-16,150400.0,하락  100,150600.0,151600.0,148900.0,60470.0,현대오토에버,307950
2024-05-17,148200.0,"하락  2,200",149400.0,150200.0,148100.0,52472.0,현대오토에버,307950
2024-05-20,150400.0,"상승  2,200",148200.0,150700.0,146700.0,59561.0,현대오토에버,307950
2024-05-21,151200.0,상승  800,150100.0,152000.0,148300.0,64409.0,현대오토에버,307950
2024-05-22,155000.0,"상승  3,800",152400.0,155000.0,149800.0,124584.0,현대오토에버,307950
2024-05-23,152900.0,"하락  2,100",155500.0,155500.0,152500.0,74249.0,현대오토에버,307950
2024-05-24,153100.0,상승  200,151100.0,153800.0,150500.0,56028.0,현대오토에버,307950
2024-05-27,152500.0,하락  600,153700.0,153800.0,150300.0,69154.0,현대오토에버,307950
2024-05-28,152100.0,하락  400,155800.0,157800.0,152100.0,112840.0,현대오토에버,307950
2024-05-29,149100.0,"하락  3,000",152700.0,152700.0,149100.0,68326.0,현대오토에버,307950
2024-05-30,147900.0,"하락  1,200",148600.0,150000.0,147900.0,48145.0,현대오토에버,307950
2024-05-31,148000.0,상승  100,148300.0,149200.0,147500.0,38752.0,현대오토에버,307950
2024-06-03,150100.0,"상승  2,100",149000.0,152300.0,148700.0,54072.0,현대오토에버,307950
2024-06-04,148800.0,"하락  1,300",148800.0,150500.0,148800.0,34032.0,현대오토에버,307950
2024-06-05,147400.0,"하락  1,400",149700.0,149700.0,146700.0,83033.0,현대오토에버,307950
2024-06-07,146800.0,하락  600,147800.0,148200.0,146400.0,45475.0,현대오토에버,307950
2024-06-10,148100.0,"상승  1,300",145900.0,148700.0,145500.0,48816.0,현대오토에버,307950
2024-06-11,147000.0,"하락  1,100",148000.0,148500.0,146400.0,41452.0,현대오토에버,307950
2024-06-12,147300.0,상승  300,147000.0,147500.0,146400.0,36625.0,현대오토에버,307950
2024-06-13,152700.0,"상승  5,400",148500.0,153700.0,148000.0,189125.0,현대오토에버,307950
2024-06-14,155200.0,"상승  2,500",153900.0,159700.0,151200.0,394309.0,현대오토에버,307950
2024-06-17,153500.0,"하락  1,700",155300.0,159100.0,151300.0,152029.0,현대오토에버,307950
2024-06-18,161700.0,"상승  8,200",157500.0,163000.0,156600.0,388097.0,현대오토에버,307950
2024-06-19,156000.0,"하락  5,700",163400.0,163500.0,155200.0,280739.0,현대오토에버,307950
2024-06-20,155400.0,하락  600,156600.0,159300.0,154000.0,108000.0,현대오토에버,307950
2024-06-21,156700.0,"상승  1,300",156000.0,157400.0,153500.0,78024.0,현대오토에버,307950
2024-06-24,156800.0,상승  100,156200.0,158600.0,155500.0,57306.0,현대오토에버,307950
2024-06-25,160600.0,"상승  3,800",156400.0,162300.0,156400.0,160947.0,현대오토에버,307950
2024-06-26,159000.0,"하락  1,600",162000.0,162000.0,157500.0,113869.0,현대오토에버,307950
2024-06-27,160700.0,"상승  1,700",159800.0,161300.0,158000.0,77676.0,현대오토에버,307950
2024-06-28,164400.0,"상승  3,700",161000.0,167300.0,159500.0,211039.0,현대오토에버,307950
2024-07-01,162600.0,"하락  1,800",166600.0,168700.0,162100.0,147057.0,현대오토에버,307950
2024-07-02,157400.0,"하락  5,200",165000.0,165200.0,156500.0,142053.0,현대오토에버,307950
2024-07-03,168300.0,"상승  10,900",161000.0,172800.0,160200.0,569958.0,현대오토에버,307950
2024-07-04,174000.0,"상승  5,700",172600.0,178000.0,170500.0,402884.0,현대오토에버,307950
2024-07-05,170500.0,"하락  3,500",172900.0,174300.0,168300.0,221151.0,현대오토에버,307950
2024-07-08,177000.0,"상승  6,500",171500.0,178500.0,171100.0,234418.0,현대오토에버,307950
2024-07-09,176600.0,하락  400,177300.0,181000.0,174400.0,179761.0,현대오토에버,307950
2024-07-10,177300.0,상승  700,176600.0,179000.0,170700.0,174172.0,현대오토에버,307950
2024-07-11,175000.0,"하락  2,300",177600.0,181900.0,175000.0,168755.0,현대오토에버,307950
2024-07-12,166500.0,"하락  8,500",168600.0,172000.0,165900.0,252181.0,현대오토에버,307950
2024-07-15,169000.0,"상승  2,500",167500.0,169200.0,164900.0,88965.0,현대오토에버,307950
2024-07-16,175400.0,"상승  6,400",170100.0,175800.0,169500.0,196405.0,현대오토에버,307950
2024-07-17,169300.0,"하락  6,100",176500.0,176500.0,169200.0,120123.0,현대오토에버,307950
2024-07-18,166000.0,"하락  3,300",165500.0,169100.0,165500.0,85485.0,현대오토에버,307950
2024-07-19,163000.0,"하락  3,000",165900.0,166000.0,161000.0,91394.0,현대오토에버,307950
2024-07-22,159500.0,"하락  3,500",161600.0,163000.0,157400.0,111526.0,현대오토에버,307950
2024-07-23,158400.0,"하락  1,100",160600.0,162600.0,158400.0,86894.0,현대오토에버,307950
2024-07-24,158900.0,상승  500,158500.0,159400.0,155200.0,70242.0,현대오토에버,307950
2024-07-25,154300.0,"하락  4,600",156000.0,156700.0,153900.0,82822.0,현대오토에버,307950
2024-07-26,166500.0,"상승  12,200",154000.0,167300.0,148000.0,306342.0,현대오토에버,307950
2024-07-29,170200.0,"상승  3,700",166700.0,172000.0,164000.0,179185.0,현대오토에버,307950
2024-07-30,165800.0,"하락  4,400",169000.0,172400.0,165500.0,86270.0,현대오토에버,307950
2024-07-31,164300.0,"하락  1,500",166000.0,166500.0,160200.0,60712.0,현대오토에버,307950
2024-08-01,166800.0,"상승  2,500",165000.0,169900.0,165000.0,59827.0,현대오토에버,307950
2024-08-02,157800.0,"하락  9,000",162000.0,162400.0,157700.0,105892.0,현대오토에버,307950
2024-08-05,144500.0,"하락  13,300",151100.0,154000.0,139700.0,178185.0,현대오토에버,307950
2024-08-06,151000.0,"상승  6,500",146200.0,153200.0,146100.0,96300.0,현대오토에버,307950
2024-08-07,155600.0,"상승  4,600",148300.0,157000.0,148300.0,67864.0,현대오토에버,307950
2024-08-08,154500.0,"하락  1,100",152000.0,155200.0,150000.0,48931.0,현대오토에버,307950
2024-08-09,155600.0,"상승  1,100",158000.0,158100.0,153900.0,41605.0,현대오토에버,307950
2024-08-12,153500.0,"하락  2,100",156500.0,157400.0,153400.0,43573.0,현대오토에버,307950
2024-08-13,150500.0,"하락  3,000",153500.0,155100.0,150000.0,41651.0,현대오토에버,307950
2024-08-14,150900.0,상승  400,152300.0,152800.0,150300.0,41528.0,현대오토에버,307950
2024-08-16,160400.0,"상승  9,500",154500.0,160600.0,153300.0,106267.0,현대오토에버,307950
2024-08-19,158900.0,"하락  1,500",160400.0,161800.0,157800.0,59404.0,현대오토에버,307950
2024-08-20,161400.0,"상승  2,500",159100.0,161500.0,157500.0,49988.0,현대오토에버,307950
2024-08-21,161100.0,하락  300,160400.0,162400.0,159300.0,41120.0,현대오토에버,307950
2024-08-22,155800.0,"하락  5,300",162000.0,162600.0,155500.0,67384.0,현대오토에버,307950
2024-08-23,157500.0,"상승  1,700",154800.0,157600.0,154000.0,36654.0,현대오토에버,307950
2024-08-26,154700.0,"하락  2,800",158000.0,158800.0,154400.0,41800.0,현대오토에버,307950
2024-08-27,155300.0,상승  600,154300.0,156400.0,151000.0,50354.0,현대오토에버,307950
2024-08-28,163200.0,"상승  7,900",156400.0,164500.0,155000.0,104544.0,현대오토에버,307950
2024-08-29,163200.0,보합0,165700.0,168700.0,161400.0,182949.0,현대오토에버,307950
2024-08-30,161300.0,"하락  1,900",164800.0,166100.0,159900.0,70732.0,현대오토에버,307950
2024-09-02,163100.0,"상승  1,800",162000.0,163100.0,159300.0,55223.0,현대오토에버,307950
2024-09-03,155000.0,"하락  8,100",163300.0,163300.0,155000.0,107803.0,현대오토에버,307950
2024-09-04,152100.0,"하락  2,900",150000.0,153400.0,148000.0,53853.0,현대오토에버,307950
2024-09-05,155200.0,"상승  3,100",153800.0,156400.0,151900.0,60574.0,현대오토에버,307950
2024-09-06,153000.0,"하락  2,200",157100.0,161400.0,152400.0,155332.0,현대오토에버,307950
2024-09-09,155700.0,"상승  2,700",150000.0,157000.0,148500.0,56218.0,현대오토에버,307950
2024-09-10,151700.0,"하락  4,000",157700.0,158000.0,151500.0,32934.0,현대오토에버,307950
2024-09-11,155600.0,"상승  3,900",153000.0,160000.0,152800.0,79835.0,현대오토에버,307950
2024-09-12,157100.0,"상승  1,500",157100.0,158500.0,155700.0,24041.0,현대오토에버,307950
2024-09-13,160300.0,"상승  3,200",159000.0,164400.0,159000.0,127017.0,현대오토에버,307950
2024-09-19,165400.0,"상승  5,100",163400.0,165800.0,161000.0,87327.0,현대오토에버,307950
2024-09-20,165300.0,하락  100,166000.0,168800.0,163700.0,106855.0,현대오토에버,307950
2024-09-23,165800.0,상승  500,167000.0,167100.0,162700.0,56723.0,현대오토에버,307950
2024-09-24,162900.0,"하락  2,900",167700.0,168000.0,160700.0,109646.0,현대오토에버,307950
2024-09-25,159000.0,"하락  3,900",163000.0,163100.0,158500.0,76610.0,현대오토에버,307950
2024-09-26,161900.0,"상승  2,900",160700.0,161900.0,159000.0,78511.0,현대오토에버,307950
2024-09-27,159700.0,"하락  2,200",162400.0,162400.0,159400.0,45187.0,현대오토에버,307950
2024-09-30,156300.0,"하락  3,400",160400.0,160400.0,156000.0,60898.0,현대오토에버,307950
2024-10-02,155200.0,"하락  1,100",155500.0,156600.0,153700.0,42449.0,현대오토에버,307950
2024-10-04,158500.0,"상승  3,300",155000.0,158600.0,153400.0,38325.0,현대오토에버,307950
2024-10-07,158900.0,상승  400,160400.0,161200.0,158200.0,41516.0,현대오토에버,307950
2024-10-08,154100.0,"하락  4,800",157200.0,157300.0,154100.0,71628.0,현대오토에버,307950
2024-10-10,154000.0,하락  100,155000.0,156100.0,153800.0,48710.0,현대오토에버,307950
2024-10-11,150300.0,"하락  3,700",154100.0,154800.0,150000.0,94155.0,현대오토에버,307950
2024-10-14,143100.0,"하락  7,200",149000.0,149800.0,142900.0,200940.0,현대오토에버,307950
2024-10-15,143000.0,하락  100,143100.0,144700.0,142700.0,78068.0,현대오토에버,307950
2024-10-16,146300.0,"상승  3,300",142500.0,147700.0,141900.0,90659.0,현대오토에버,307950
2024-10-17,142800.0,"하락  3,500",145500.0,145800.0,142500.0,75375.0,현대오토에버,307950
2024-10-18,139800.0,"하락  3,000",142800.0,143900.0,139600.0,77547.0,현대오토에버,307950
2024-10-21,138700.0,"하락  1,100",139900.0,140600.0,138000.0,55896.0,현대오토에버,307950
2024-10-22,135400.0,"하락  3,300",139000.0,139600.0,135100.0,73093.0,현대오토에버,307950
2024-10-23,140600.0,"상승  5,200",136100.0,140600.0,134500.0,57191.0,현대오토에버,307950
2024-10-24,139700.0,하락  900,140500.0,141000.0,139100.0,32723.0,현대오토에버,307950
2024-10-25,142300.0,"상승  2,600",141000.0,144600.0,139800.0,57386.0,현대오토에버,307950
2024-10-28,142000.0,하락  300,142400.0,142800.0,141100.0,24792.0,현대오토에버,307950
2024-10-29,140100.0,"하락  1,900",142000.0,142000.0,138700.0,35437.0,현대오토에버,307950
2024-10-30,138000.0,"하락  2,100",140600.0,141700.0,137600.0,41161.0,현대오토에버,307950
2024-10-31,135100.0,"하락  2,900",139000.0,139000.0,134700.0,62247.0,현대오토에버,307950
2024-11-01,131100.0,"하락  4,000",134100.0,134800.0,131000.0,74934.0,현대오토에버,307950
2024-11-04,132500.0,"상승  1,400",131100.0,133200.0,130500.0,38381.0,현대오토에버,307950
2024-11-05,132600.0,상승  100,132500.0,133300.0,132000.0,19221.0,현대오토에버,307950
2024-11-06,128700.0,"하락  3,900",133500.0,133600.0,128700.0,50366.0,현대오토에버,307950
2024-11-07,138700.0,"상승  10,000",130800.0,141500.0,130800.0,186508.0,현대오토에버,307950
2024-11-08,143500.0,"상승  4,800",138700.0,144400.0,137000.0,95711.0,현대오토에버,307950
2024-11-11,142300.0,"하락  1,200",144200.0,144400.0,140100.0,63645.0,현대오토에버,307950
2024-11-12,137800.0,"하락  4,500",143200.0,145400.0,137200.0,80791.0,현대오토에버,307950
2024-11-13,129000.0,"하락  8,800",136200.0,136700.0,128800.0,103728.0,현대오토에버,307950
2024-11-14,128400.0,하락  600,129300.0,133200.0,128400.0,48492.0,현대오토에버,307950
2024-11-15,127800.0,하락  600,127600.0,129400.0,123000.0,85035.0,현대오토에버,307950
2024-11-18,141100.0,"상승  13,300",129300.0,142900.0,128500.0,165200.0,현대오토에버,307950
2024-11-19,147900.0,"상승  6,800",144000.0,149800.0,142800.0,246916.0,현대오토에버,307950
2024-11-20,146000.0,"하락  1,900",148500.0,148500.0,144600.0,68149.0,현대오토에버,307950
2024-11-21,143500.0,"하락  2,500",145800.0,145900.0,142600.0,42038.0,현대오토에버,307950
2024-11-22,145800.0,"상승  2,300",144400.0,145900.0,142100.0,46861.0,현대오토에버,307950
2024-11-25,143200.0,"하락  2,600",146500.0,146500.0,141900.0,70854.0,현대오토에버,307950
2024-11-26,140400.0,"하락  2,800",143500.0,143500.0,139200.0,46958.0,현대오토에버,307950
2024-11-27,145700.0,"상승  5,300",140700.0,146700.0,138600.0,88895.0,현대오토에버,307950
2024-11-28,141400.0,"하락  4,300",145700.0,145700.0,140200.0,50654.0,현대오토에버,307950
2024-11-29,140000.0,"하락  1,400",142300.0,143000.0,139200.0,37498.0,현대오토에버,307950
2024-12-02,133100.0,"하락  6,900",139400.0,141500.0,133100.0,82828.0,현대오토에버,307950
2024-12-03,134200.0,"상승  1,100",134000.0,134700.0,132900.0,44220.0,현대오토에버,307950
2024-12-04,131800.0,"하락  2,400",130200.0,133500.0,130100.0,48149.0,현대오토에버,307950
2024-12-05,131200.0,하락  600,132800.0,132900.0,130200.0,31247.0,현대오토에버,307950
2024-12-06,129200.0,"하락  2,000",131200.0,132400.0,124500.0,80307.0,현대오토에버,307950
2024-12-09,124500.0,"하락  4,700",124100.0,128600.0,123800.0,67183.0,현대오토에버,307950
2024-12-10,130600.0,"상승  6,100",124900.0,131000.0,124900.0,45292.0,현대오토에버,307950
2024-12-11,132900.0,"상승  2,300",131000.0,133200.0,129100.0,31707.0,현대오토에버,307950
2024-12-12,134200.0,"상승  1,300",135300.0,136300.0,132400.0,55268.0,현대오토에버,307950
2024-12-13,132600.0,"하락  1,600",134000.0,134000.0,130600.0,53199.0,현대오토에버,307950
2024-12-16,131900.0,하락  700,135500.0,137100.0,131500.0,49022.0,현대오토에버,307950
2024-12-17,130500.0,"하락  1,400",132600.0,133300.0,129700.0,63001.0,현대오토에버,307950
2024-12-18,137100.0,"상승  6,600",130500.0,137400.0,130300.0,103660.0,현대오토에버,307950
2024-12-19,134400.0,"하락  2,700",133600.0,136600.0,132600.0,53807.0,현대오토에버,307950
2024-12-20,131500.0,"하락  2,900",133100.0,134400.0,130300.0,46158.0,현대오토에버,307950
2024-12-23,132300.0,상승  800,132100.0,133300.0,130500.0,23837.0,현대오토에버,307950
2024-12-24,129000.0,"하락  3,300",132400.0,132700.0,129000.0,68686.0,현대오토에버,307950
2024-12-26,127500.0,"하락  1,500",129600.0,130000.0,126400.0,53395.0,현대오토에버,307950
2024-12-27,126600.0,하락  900,127400.0,128600.0,125600.0,33315.0,현대오토에버,307950
2024-12-30,126100.0,하락  500,126500.0,127100.0,125000.0,44930.0,현대오토에버,307950
2025-01-02,135000.0,"상승  8,900",126700.0,135000.0,126700.0,116483.0,현대오토에버,307950
2025-01-03,132300.0,"하락  2,700",134000.0,134500.0,132000.0,55805.0,현대오토에버,307950
2025-01-06,134500.0,"상승  2,200",133800.0,134800.0,132100.0,41395.0,현대오토에버,307950
2025-01-07,132400.0,"하락  2,100",134600.0,135500.0,131800.0,65213.0,현대오토에버,307950
2025-01-08,133300.0,상승  900,131700.0,134300.0,130800.0,52866.0,현대오토에버,307950
2025-01-09,133500.0,상승  200,133300.0,135300.0,132700.0,72873.0,현대오토에버,307950
2025-01-10,142000.0,"상승  8,500",138300.0,146600.0,138200.0,401806.0,현대오토에버,307950
2025-01-13,141100.0,하락  900,141300.0,143400.0,138600.0,107881.0,현대오토에버,307950
2025-01-14,140400.0,하락  700,142000.0,143800.0,139900.0,52317.0,현대오토에버,307950
2025-01-15,140300.0,하락  100,143000.0,144400.0,140300.0,83175.0,현대오토에버,307950
2025-01-16,141500.0,"상승  1,200",142400.0,143100.0,141000.0,42262.0,현대오토에버,307950
2025-01-17,138000.0,"하락  3,500",140700.0,140700.0,137600.0,49022.0,현대오토에버,307950
2025-01-20,136400.0,"하락  1,600",138500.0,138500.0,136000.0,44524.0,현대오토에버,307950
2025-01-21,138600.0,"상승  2,200",136400.0,139200.0,135800.0,55656.0,현대오토에버,307950
2025-01-22,139700.0,"상승  1,100",138400.0,140300.0,137200.0,38668.0,현대오토에버,307950
2025-01-23,137700.0,"하락  2,000",139700.0,139800.0,136900.0,39484.0,현대오토에버,307950
2025-01-24,138300.0,상승  600,137900.0,142300.0,137000.0,60123.0,현대오토에버,307950
2025-01-31,143000.0,"상승  4,700",138500.0,143600.0,138200.0,91432.0,현대오토에버,307950
2025-02-03,144400.0,"상승  1,400",140200.0,146800.0,138000.0,133052.0,현대오토에버,307950
2025-02-04,141300.0,"하락  3,100",145700.0,145800.0,140400.0,101216.0,현대오토에버,307950
2025-02-05,149900.0,"상승  8,600",142300.0,149900.0,142300.0,191494.0,현대오토에버,307950
2025-02-06,147800.0,"하락  2,100",149900.0,149900.0,145800.0,86075.0,현대오토에버,307950
2025-02-07,147700.0,하락  100,147800.0,150200.0,146100.0,63882.0,현대오토에버,307950
2025-02-10,150800.0,"상승  3,100",147300.0,153200.0,147200.0,143731.0,현대오토에버,307950
2025-02-11,148300.0,"하락  2,500",150800.0,151400.0,148000.0,56722.0,현대오토에버,307950
2025-02-12,141700.0,"하락  6,600",146900.0,147100.0,141600.0,114805.0,현대오토에버,307950
2025-02-13,141500.0,하락  200,142800.0,144600.0,141400.0,78694.0,현대오토에버,307950
2025-02-14,140500.0,"하락  1,000",142800.0,142800.0,139200.0,53070.0,현대오토에버,307950
2025-02-17,138900.0,"하락  1,600",140000.0,140500.0,138400.0,67416.0,현대오토에버,307950
2025-02-18,140500.0,"상승  1,600",138600.0,140500.0,138300.0,48578.0,현대오토에버,307950
2025-02-19,140300.0,하락  200,140000.0,141100.0,139300.0,50589.0,현대오토에버,307950
2025-02-20,137000.0,"하락  3,300",140500.0,141600.0,136800.0,85273.0,현대오토에버,307950
2025-02-21,138900.0,"상승  1,900",138100.0,140500.0,137400.0,50687.0,현대오토에버,307950
2025-02-24,139000.0,상승  100,137900.0,139800.0,136600.0,33992.0,현대오토에버,307950
2025-02-25,136900.0,"하락  2,100",138900.0,138900.0,136900.0,37168.0,현대오토에버,307950
2025-02-26,134800.0,"하락  2,100",136800.0,136900.0,134200.0,67826.0,현대오토에버,307950
2025-02-27,134500.0,하락  300,134800.0,135400.0,133800.0,31400.0,현대오토에버,307950
2025-02-28,131700.0,"하락  2,800",133300.0,133900.0,131500.0,43065.0,현대오토에버,307950
2025-03-04,131500.0,하락  200,129100.0,133000.0,129000.0,25718.0,현대오토에버,307950
2025-03-05,132200.0,상승  700,131600.0,134200.0,131300.0,33978.0,현대오토에버,307950
2025-03-06,133000.0,상승  800,133400.0,136800.0,132100.0,82683.0,현대오토에버,307950
2025-03-07,133000.0,보합0,131400.0,135500.0,131400.0,34965.0,현대오토에버,307950
2025-03-10,130300.0,"하락  2,700",133000.0,134000.0,130100.0,54851.0,현대오토에버,307950
2025-03-11,129600.0,하락  700,128300.0,131000.0,127300.0,38972.0,현대오토에버,307950
2025-03-12,134800.0,"상승  5,200",129600.0,137500.0,129600.0,75336.0,현대오토에버,307950
2025-03-13,136700.0,"상승  1,900",136000.0,139300.0,134600.0,95390.0,현대오토에버,307950
2025-03-14,136700.0,보합0,136700.0,138100.0,134900.0,26470.0,현대오토에버,307950
2025-03-17,134200.0,"하락  2,500",137200.0,137300.0,134100.0,35664.0,현대오토에버,307950
2025-03-18,132400.0,"하락  1,800",134700.0,134800.0,132100.0,37761.0,현대오토에버,307950
2025-03-19,133000.0,상승  600,132400.0,133300.0,132300.0,23774.0,현대오토에버,307950
2025-03-20,131600.0,"하락  1,400",133900.0,135000.0,131200.0,35795.0,현대오토에버,307950
2025-03-21,131900.0,상승  300,131200.0,132700.0,131200.0,27324.0,현대오토에버,307950
2025-03-24,134400.0,"상승  2,500",132600.0,136600.0,131600.0,49389.0,현대오토에버,307950
2025-03-25,135200.0,상승  800,139000.0,139200.0,134500.0,77262.0,현대오토에버,307950
2025-03-26,135200.0,보합0,135900.0,136400.0,134900.0,23154.0,현대오토에버,307950
2025-03-27,131100.0,"하락  4,100",133500.0,134400.0,131000.0,34512.0,현대오토에버,307950
2025-03-28,128000.0,"하락  3,100",131000.0,131000.0,127700.0,50955.0,현대오토에버,307950
2025-03-31,119300.0,"하락  8,700",125500.0,127500.0,119000.0,65753.0,현대오토에버,307950
2025-04-01,120300.0,"상승  1,000",120100.0,121100.0,117800.0,36100.0,현대오토에버,307950
2025-04-02,118500.0,"하락  1,800",120300.0,121000.0,118400.0,21955.0,현대오토에버,307950
2025-04-03,118400.0,하락  100,114700.0,119400.0,114500.0,35965.0,현대오토에버,307950
2025-04-04,119400.0,"상승  1,000",116200.0,119900.0,116200.0,28019.0,현대오토에버,307950
2025-04-07,111500.0,"하락  7,900",115000.0,116400.0,111200.0,44460.0,현대오토에버,307950
2025-04-08,110100.0,"하락  1,400",112500.0,114900.0,110100.0,23268.0,현대오토에버,307950
2025-04-09,112000.0,"상승  1,900",107200.0,112900.0,107000.0,40438.0,현대오토에버,307950
2025-04-10,118400.0,"상승  6,400",116700.0,118500.0,115200.0,29939.0,현대오토에버,307950
2025-04-11,118600.0,상승  200,115100.0,119300.0,114200.0,46768.0,현대오토에버,307950
2025-04-14,118900.0,상승  300,119200.0,120000.0,117600.0,34784.0,현대오토에버,307950
2025-04-15,120200.0,"상승  1,300",121200.0,122400.0,120100.0,35757.0,현대오토에버,307950
2025-04-16,120400.0,상승  200,119500.0,122900.0,118100.0,52675.0,현대오토에버,307950
2025-04-17,118300.0,"하락  2,100",119200.0,120600.0,117300.0,42676.0,현대오토에버,307950
2025-04-18,120000.0,"상승  1,700",118600.0,120000.0,117800.0,29064.0,현대오토에버,307950
2025-04-21,119000.0,"하락  1,000",120000.0,120700.0,118200.0,13569.0,현대오토에버,307950
2025-04-22,117800.0,"하락  1,200",117300.0,118900.0,117300.0,11627.0,현대오토에버,307950
2025-04-23,119800.0,"상승  2,000",119000.0,119800.0,117500.0,27583.0,현대오토에버,307950
2025-04-24,117900.0,"하락  1,900",120500.0,120600.0,116900.0,36084.0,현대오토에버,307950
2025-04-25,118700.0,상승  800,118500.0,119100.0,117800.0,21340.0,현대오토에버,307950
2025-04-28,117800.0,하락  900,120300.0,121100.0,117000.0,42980.0,현대오토에버,307950
2025-04-29,122300.0,"상승  4,500",117800.0,123400.0,114300.0,129302.0,현대오토에버,307950
2025-04-30,123200.0,상승  900,123300.0,124500.0,120600.0,57287.0,현대오토에버,307950
2025-05-02,125400.0,"상승  2,200",123400.0,126800.0,123400.0,45772.0,현대오토에버,307950
2025-05-07,126800.0,"상승  1,400",125500.0,127500.0,123800.0,33779.0,현대오토에버,307950
2025-05-08,129000.0,"상승  2,200",127000.0,130200.0,127000.0,47143.0,현대오토에버,307950
2025-05-09,130300.0,"상승  1,300",129000.0,130900.0,127700.0,45359.0,현대오토에버,307950
2025-05-12,132700.0,"상승  2,400",130300.0,133600.0,129800.0,54022.0,현대오토에버,307950
2025-05-13,134000.0,"상승  1,300",132700.0,135300.0,132000.0,58184.0,현대오토에버,307950
2025-05-14,137900.0,"상승  3,900",135600.0,138100.0,135000.0,80359.0,현대오토에버,307950
2025-05-15,136400.0,"하락  1,500",136500.0,137800.0,135700.0,40395.0,현대오토에버,307950
2025-05-16,135200.0,"하락  1,200",135300.0,137400.0,135200.0,28599.0,현대오토에버,307950
2025-05-19,134200.0,"하락  1,000",133600.0,135200.0,133000.0,36187.0,현대오토에버,307950
2025-05-20,131700.0,"하락  2,500",134200.0,135600.0,131200.0,32132.0,현대오토에버,307950
2025-05-21,133000.0,"상승  1,300",131900.0,136200.0,131800.0,32097.0,현대오토에버,307950
2025-05-22,139200.0,"상승  6,200",131700.0,140500.0,131700.0,89509.0,현대오토에버,307950
2025-05-23,141800.0,"상승  2,600",138400.0,143500.0,138400.0,92859.0,현대오토에버,307950
2025-05-26,141400.0,하락  400,141800.0,144500.0,140100.0,53850.0,현대오토에버,307950
2025-05-27,144300.0,"상승  2,900",142000.0,145000.0,140300.0,75054.0,현대오토에버,307950
2025-05-28,141900.0,"하락  2,400",145000.0,145500.0,141600.0,53196.0,현대오토에버,307950
2025-05-29,144000.0,"상승  2,100",142700.0,144500.0,141700.0,40346.0,현대오토에버,307950
