날짜,종가,전일비,시가,고가,저가,거래량,회사명,종목코드
2020-03-13,171500.0,"하락  8,500",162000.0,174000.0,162000.0,623997.0,현대모비스,012330
2020-03-16,161500.0,"하락  10,000",172500.0,176000.0,161500.0,329732.0,현대모비스,012330
2020-03-17,152500.0,"하락  9,000",156500.0,159000.0,152000.0,433323.0,현대모비스,012330
2020-03-18,141000.0,"하락  11,500",152500.0,154000.0,140500.0,438595.0,현대모비스,012330
2020-03-19,129000.0,"하락  12,000",142000.0,145000.0,126000.0,577742.0,현대모비스,012330
2020-03-20,140500.0,"상승  11,500",130000.0,142000.0,126500.0,567440.0,현대모비스,012330
2020-03-23,133500.0,"하락  7,000",128000.0,139000.0,127000.0,522677.0,현대모비스,012330
2020-03-24,144500.0,"상승  11,000",140500.0,145500.0,137000.0,464543.0,현대모비스,012330
2020-03-25,169500.0,"상승  25,000",159500.0,173000.0,156000.0,810541.0,현대모비스,012330
2020-03-26,167000.0,"하락  2,500",167000.0,179500.0,164000.0,658075.0,현대모비스,012330
2020-03-27,170000.0,"상승  3,000",179500.0,179500.0,165500.0,576106.0,현대모비스,012330
2020-03-30,164500.0,"하락  5,500",164000.0,168000.0,160500.0,446277.0,현대모비스,012330
2020-03-31,169500.0,"상승  5,000",166500.0,171500.0,164500.0,409687.0,현대모비스,012330
2020-04-01,166500.0,"하락  3,000",166500.0,171000.0,165500.0,362016.0,현대모비스,012330
2020-04-02,167000.0,상승  500,168500.0,169000.0,162000.0,396835.0,현대모비스,012330
2020-04-03,165000.0,"하락  2,000",164500.0,167000.0,163000.0,307022.0,현대모비스,012330
2020-04-06,169500.0,"상승  4,500",165500.0,169500.0,164500.0,301214.0,현대모비스,012330
2020-04-07,172500.0,"상승  3,000",173000.0,174500.0,168000.0,600590.0,현대모비스,012330
2020-04-08,170000.0,"하락  2,500",170000.0,174500.0,169000.0,444216.0,현대모비스,012330
2020-04-09,178000.0,"상승  8,000",173000.0,179500.0,171000.0,607783.0,현대모비스,012330
2020-04-10,181000.0,"상승  3,000",178500.0,184000.0,175500.0,368237.0,현대모비스,012330
2020-04-13,174000.0,"하락  7,000",178000.0,179000.0,174000.0,243078.0,현대모비스,012330
2020-04-14,176500.0,"상승  2,500",175000.0,178000.0,173000.0,256468.0,현대모비스,012330
2020-04-16,174500.0,"하락  2,000",173000.0,177000.0,171000.0,402536.0,현대모비스,012330
2020-04-17,179500.0,"상승  5,000",175500.0,181500.0,175500.0,315155.0,현대모비스,012330
2020-04-20,179500.0,보합0,179000.0,181000.0,178000.0,402353.0,현대모비스,012330
2020-04-21,176500.0,"하락  3,000",178500.0,179000.0,173000.0,387624.0,현대모비스,012330
2020-04-22,176500.0,보합0,171500.0,176500.0,169000.0,425251.0,현대모비스,012330
2020-04-23,177000.0,상승  500,175500.0,180000.0,175000.0,278640.0,현대모비스,012330
2020-04-24,169000.0,"하락  8,000",175500.0,175500.0,167500.0,440277.0,현대모비스,012330
2020-04-27,167500.0,"하락  1,500",168000.0,169500.0,167000.0,401696.0,현대모비스,012330
2020-04-28,167500.0,보합0,167000.0,169500.0,166000.0,351935.0,현대모비스,012330
2020-04-29,172000.0,"상승  4,500",168500.0,172000.0,167500.0,330932.0,현대모비스,012330
2020-05-04,169500.0,"하락  2,500",168500.0,172000.0,167000.0,393505.0,현대모비스,012330
2020-05-06,173000.0,"상승  3,500",171000.0,173000.0,169500.0,284330.0,현대모비스,012330
2020-05-07,170000.0,"하락  3,000",170500.0,172000.0,169500.0,260282.0,현대모비스,012330
2020-05-08,176000.0,"상승  6,000",171500.0,177500.0,171500.0,359076.0,현대모비스,012330
2020-05-11,172500.0,"하락  3,500",175000.0,178500.0,172000.0,441460.0,현대모비스,012330
2020-05-12,170000.0,"하락  2,500",172000.0,172500.0,168500.0,260081.0,현대모비스,012330
2020-05-13,170500.0,상승  500,167000.0,170500.0,167000.0,231167.0,현대모비스,012330
2020-05-14,169500.0,"하락  1,000",170000.0,170000.0,168000.0,291779.0,현대모비스,012330
2020-05-15,172500.0,"상승  3,000",171000.0,172500.0,169000.0,211529.0,현대모비스,012330
2020-05-18,173000.0,상승  500,174500.0,174500.0,170000.0,224848.0,현대모비스,012330
2020-05-19,186500.0,"상승  13,500",179000.0,187000.0,178000.0,632454.0,현대모비스,012330
2020-05-20,185000.0,"하락  1,500",184000.0,187000.0,182000.0,251354.0,현대모비스,012330
2020-05-21,187000.0,"상승  2,000",187500.0,189500.0,185000.0,288325.0,현대모비스,012330
2020-05-22,184000.0,"하락  3,000",188000.0,188500.0,182500.0,255149.0,현대모비스,012330
2020-05-25,186500.0,"상승  2,500",187000.0,187000.0,181500.0,166801.0,현대모비스,012330
2020-05-26,195000.0,"상승  8,500",188500.0,196500.0,187500.0,353343.0,현대모비스,012330
2020-05-27,193000.0,"하락  2,000",193500.0,196000.0,192000.0,285130.0,현대모비스,012330
2020-05-28,190500.0,"하락  2,500",193000.0,193500.0,190000.0,287260.0,현대모비스,012330
2020-05-29,198000.0,"상승  7,500",190500.0,200500.0,188500.0,389868.0,현대모비스,012330
2020-06-01,206000.0,"상승  8,000",196000.0,206500.0,196000.0,260640.0,현대모비스,012330
2020-06-02,214000.0,"상승  8,000",203000.0,219000.0,202500.0,430198.0,현대모비스,012330
2020-06-03,224000.0,"상승  10,000",218500.0,230000.0,217000.0,515118.0,현대모비스,012330
2020-06-04,217500.0,"하락  6,500",225000.0,229500.0,217000.0,408294.0,현대모비스,012330
2020-06-05,219000.0,"상승  1,500",215000.0,221000.0,213000.0,287283.0,현대모비스,012330
2020-06-08,217500.0,"하락  1,500",225000.0,225500.0,216500.0,285589.0,현대모비스,012330
2020-06-09,214500.0,"하락  3,000",216500.0,221000.0,212500.0,244881.0,현대모비스,012330
2020-06-10,211000.0,"하락  3,500",212000.0,213000.0,209000.0,338548.0,현대모비스,012330
2020-06-11,206000.0,"하락  5,000",208500.0,211000.0,203500.0,624141.0,현대모비스,012330
2020-06-12,206000.0,보합0,193500.0,206000.0,193000.0,440380.0,현대모비스,012330
2020-06-15,187000.0,"하락  19,000",198500.0,199500.0,187000.0,594810.0,현대모비스,012330
2020-06-16,195000.0,"상승  8,000",190000.0,196500.0,190000.0,322656.0,현대모비스,012330
2020-06-17,190000.0,"하락  5,000",193000.0,194000.0,188500.0,316584.0,현대모비스,012330
2020-06-18,188000.0,"하락  2,000",187500.0,193000.0,185500.0,282466.0,현대모비스,012330
2020-06-19,185500.0,"하락  2,500",190000.0,191500.0,185500.0,319737.0,현대모비스,012330
2020-06-22,184000.0,"하락  1,500",185000.0,187000.0,183500.0,204828.0,현대모비스,012330
2020-06-23,193000.0,"상승  9,000",187000.0,196000.0,186500.0,579311.0,현대모비스,012330
2020-06-24,205000.0,"상승  12,000",195500.0,212500.0,195500.0,734730.0,현대모비스,012330
2020-06-25,194000.0,"하락  11,000",200500.0,202500.0,194000.0,392726.0,현대모비스,012330
2020-06-26,198500.0,"상승  4,500",197000.0,201000.0,196500.0,295836.0,현대모비스,012330
2020-06-29,192000.0,"하락  6,500",193000.0,195000.0,191500.0,212889.0,현대모비스,012330
2020-06-30,192000.0,보합0,195000.0,197500.0,192000.0,253317.0,현대모비스,012330
2020-07-01,194000.0,"상승  2,000",194500.0,198000.0,193000.0,173150.0,현대모비스,012330
2020-07-02,194500.0,상승  500,192000.0,196000.0,192000.0,253093.0,현대모비스,012330
2020-07-03,195500.0,"상승  1,000",196000.0,199500.0,194500.0,165056.0,현대모비스,012330
2020-07-06,204500.0,"상승  9,000",197000.0,206000.0,194500.0,336074.0,현대모비스,012330
2020-07-07,201000.0,"하락  3,500",205500.0,206000.0,199000.0,352141.0,현대모비스,012330
2020-07-08,199000.0,"하락  2,000",200000.0,203500.0,199000.0,271449.0,현대모비스,012330
2020-07-09,197500.0,"하락  1,500",201000.0,201000.0,197500.0,299020.0,현대모비스,012330
2020-07-10,192500.0,"하락  5,000",195500.0,196500.0,191000.0,280706.0,현대모비스,012330
2020-07-13,204500.0,"상승  12,000",194500.0,205500.0,193500.0,416475.0,현대모비스,012330
2020-07-14,210000.0,"상승  5,500",203500.0,211500.0,200000.0,549007.0,현대모비스,012330
2020-07-15,215500.0,"상승  5,500",213500.0,223000.0,213000.0,815163.0,현대모비스,012330
2020-07-16,213000.0,"하락  2,500",216500.0,220000.0,213000.0,402205.0,현대모비스,012330
2020-07-17,220500.0,"상승  7,500",213000.0,221000.0,212500.0,436200.0,현대모비스,012330
2020-07-20,224000.0,"상승  3,500",222000.0,227500.0,219000.0,434885.0,현대모비스,012330
2020-07-21,217000.0,"하락  7,000",221500.0,224000.0,216000.0,558469.0,현대모비스,012330
2020-07-22,211000.0,"하락  6,000",217000.0,219500.0,211000.0,386754.0,현대모비스,012330
2020-07-23,211500.0,상승  500,209500.0,214000.0,206500.0,511415.0,현대모비스,012330
2020-07-24,203500.0,"하락  8,000",207000.0,214000.0,203500.0,566590.0,현대모비스,012330
2020-07-27,203500.0,보합0,203500.0,210000.0,202000.0,394211.0,현대모비스,012330
2020-07-28,204000.0,상승  500,204500.0,206000.0,202500.0,333839.0,현대모비스,012330
2020-07-29,212000.0,"상승  8,000",202000.0,212000.0,200500.0,557688.0,현대모비스,012330
2020-07-30,213000.0,"상승  1,000",212500.0,217500.0,212000.0,399720.0,현대모비스,012330
2020-07-31,205500.0,"하락  7,500",211500.0,213000.0,205000.0,386250.0,현대모비스,012330
2020-08-03,206000.0,상승  500,208000.0,208500.0,203000.0,292704.0,현대모비스,012330
2020-08-04,208000.0,"상승  2,000",206500.0,212000.0,206500.0,371368.0,현대모비스,012330
2020-08-05,212500.0,"상승  4,500",207000.0,213000.0,206000.0,435388.0,현대모비스,012330
2020-08-06,222500.0,"상승  10,000",213000.0,223500.0,212500.0,831406.0,현대모비스,012330
2020-08-07,223500.0,"상승  1,000",222500.0,227500.0,216000.0,635205.0,현대모비스,012330
2020-08-10,238000.0,"상승  14,500",226500.0,245000.0,226000.0,1265411.0,현대모비스,012330
2020-08-11,239000.0,"상승  1,000",239000.0,241000.0,230000.0,626321.0,현대모비스,012330
2020-08-12,229500.0,"하락  9,500",232500.0,235500.0,227500.0,604103.0,현대모비스,012330
2020-08-13,228000.0,"하락  1,500",231500.0,240000.0,225000.0,983401.0,현대모비스,012330
2020-08-14,224000.0,"하락  4,000",228500.0,230000.0,218500.0,462365.0,현대모비스,012330
2020-08-18,214500.0,"하락  9,500",220000.0,224500.0,213000.0,535693.0,현대모비스,012330
2020-08-19,217000.0,"상승  2,500",214000.0,218000.0,213500.0,369044.0,현대모비스,012330
2020-08-20,204500.0,"하락  12,500",213000.0,215000.0,203500.0,519337.0,현대모비스,012330
2020-08-21,211000.0,"상승  6,500",210000.0,214000.0,205000.0,392349.0,현대모비스,012330
2020-08-24,217000.0,"상승  6,000",212500.0,218000.0,208500.0,295989.0,현대모비스,012330
2020-08-25,219500.0,"상승  2,500",221000.0,226000.0,219000.0,377235.0,현대모비스,012330
2020-08-26,223500.0,"상승  4,000",220000.0,224000.0,216000.0,345505.0,현대모비스,012330
2020-08-27,217000.0,"하락  6,500",224500.0,225000.0,217000.0,322599.0,현대모비스,012330
2020-08-28,226000.0,"상승  9,000",217500.0,230000.0,217500.0,778178.0,현대모비스,012330
2020-08-31,224000.0,"하락  2,000",232500.0,236000.0,224000.0,805029.0,현대모비스,012330
2020-09-01,238500.0,"상승  14,500",225000.0,241000.0,225000.0,915042.0,현대모비스,012330
2020-09-02,235500.0,"하락  3,000",239000.0,240500.0,232500.0,564954.0,현대모비스,012330
2020-09-03,233500.0,"하락  2,000",238000.0,238000.0,232000.0,425972.0,현대모비스,012330
2020-09-04,230000.0,"하락  3,500",224000.0,231000.0,224000.0,442319.0,현대모비스,012330
2020-09-07,225500.0,"하락  4,500",228000.0,228500.0,224500.0,272841.0,현대모비스,012330
2020-09-08,225500.0,보합0,227500.0,231000.0,224000.0,279719.0,현대모비스,012330
2020-09-09,223500.0,"하락  2,000",223000.0,227500.0,222000.0,260718.0,현대모비스,012330
2020-09-10,224000.0,상승  500,225500.0,226000.0,223500.0,335130.0,현대모비스,012330
2020-09-11,226000.0,"상승  2,000",221500.0,226500.0,221000.0,236329.0,현대모비스,012330
2020-09-14,232500.0,"상승  6,500",227000.0,235000.0,227000.0,417530.0,현대모비스,012330
2020-09-15,234000.0,"상승  1,500",235000.0,235500.0,231500.0,306934.0,현대모비스,012330
2020-09-16,242500.0,"상승  8,500",233000.0,242500.0,231000.0,658710.0,현대모비스,012330
2020-09-17,242000.0,하락  500,242500.0,247000.0,240500.0,592993.0,현대모비스,012330
2020-09-18,240000.0,"하락  2,000",241000.0,242000.0,235000.0,465237.0,현대모비스,012330
2020-09-21,242500.0,"상승  2,500",241000.0,247500.0,239500.0,425049.0,현대모비스,012330
2020-09-22,234000.0,"하락  8,500",241500.0,242000.0,232500.0,408883.0,현대모비스,012330
2020-09-23,228000.0,"하락  6,000",235500.0,235500.0,223500.0,411626.0,현대모비스,012330
2020-09-24,221000.0,"하락  7,000",223500.0,224000.0,219500.0,481274.0,현대모비스,012330
2020-09-25,222000.0,"상승  1,000",224000.0,228500.0,219500.0,340801.0,현대모비스,012330
2020-09-28,225000.0,"상승  3,000",225500.0,227500.0,223500.0,197119.0,현대모비스,012330
2020-09-29,230000.0,"상승  5,000",229500.0,230500.0,226000.0,421193.0,현대모비스,012330
2020-10-05,236000.0,"상승  6,000",229500.0,238000.0,229500.0,471265.0,현대모비스,012330
2020-10-06,233500.0,"하락  2,500",236500.0,237500.0,233000.0,309606.0,현대모비스,012330
2020-10-07,235000.0,"상승  1,500",230000.0,235500.0,228500.0,257835.0,현대모비스,012330
2020-10-08,229000.0,"하락  6,000",235500.0,237000.0,228000.0,499234.0,현대모비스,012330
2020-10-12,227000.0,"하락  2,000",226000.0,230000.0,225000.0,343564.0,현대모비스,012330
2020-10-13,235500.0,"상승  8,500",228000.0,237000.0,227000.0,433346.0,현대모비스,012330
2020-10-14,231500.0,"하락  4,000",236000.0,240000.0,231000.0,402918.0,현대모비스,012330
2020-10-15,234500.0,"상승  3,000",229500.0,237500.0,228500.0,602103.0,현대모비스,012330
2020-10-16,229000.0,"하락  5,500",234000.0,235000.0,229000.0,446765.0,현대모비스,012330
2020-10-19,222500.0,"하락  6,500",230000.0,232000.0,221500.0,524241.0,현대모비스,012330
2020-10-20,237500.0,"상승  15,000",216000.0,237500.0,214000.0,1301084.0,현대모비스,012330
2020-10-21,231500.0,"하락  6,000",236500.0,236500.0,228500.0,476527.0,현대모비스,012330
2020-10-22,234000.0,"상승  2,500",228000.0,234500.0,226000.0,372056.0,현대모비스,012330
2020-10-23,234500.0,상승  500,233500.0,237000.0,231500.0,372397.0,현대모비스,012330
2020-10-26,243500.0,"상승  9,000",233500.0,247000.0,231500.0,788372.0,현대모비스,012330
2020-10-27,244500.0,"상승  1,000",242000.0,254000.0,241500.0,796662.0,현대모비스,012330
2020-10-28,252500.0,"상승  8,000",241500.0,255000.0,237000.0,487858.0,현대모비스,012330
2020-10-29,238000.0,"하락  14,500",246500.0,247000.0,237000.0,696270.0,현대모비스,012330
2020-10-30,225500.0,"하락  12,500",235500.0,236000.0,223500.0,888786.0,현대모비스,012330
2020-11-02,226500.0,"상승  1,000",227000.0,231500.0,225500.0,428586.0,현대모비스,012330
2020-11-03,226000.0,하락  500,228000.0,229000.0,224500.0,453788.0,현대모비스,012330
2020-11-04,226500.0,상승  500,229000.0,233000.0,225000.0,481871.0,현대모비스,012330
2020-11-05,233000.0,"상승  6,500",229500.0,233500.0,227500.0,381030.0,현대모비스,012330
2020-11-06,229500.0,"하락  3,500",233500.0,236500.0,229000.0,428049.0,현대모비스,012330
2020-11-09,232500.0,"상승  3,000",232000.0,236500.0,231500.0,332444.0,현대모비스,012330
2020-11-10,241000.0,"상승  8,500",236000.0,243000.0,233000.0,544843.0,현대모비스,012330
2020-11-11,243000.0,"상승  2,000",239500.0,246000.0,239500.0,423677.0,현대모비스,012330
2020-11-12,239500.0,"하락  3,500",242000.0,242500.0,238500.0,484809.0,현대모비스,012330
2020-11-13,240000.0,상승  500,239500.0,242000.0,235500.0,449637.0,현대모비스,012330
2020-11-16,245000.0,"상승  5,000",242500.0,245500.0,240000.0,393851.0,현대모비스,012330
2020-11-17,242500.0,"하락  2,500",241500.0,248500.0,240000.0,379403.0,현대모비스,012330
2020-11-18,245000.0,"상승  2,500",241500.0,245000.0,240000.0,373564.0,현대모비스,012330
2020-11-19,243000.0,"하락  2,000",243500.0,244500.0,240500.0,306874.0,현대모비스,012330
2020-11-20,240500.0,"하락  2,500",241000.0,243500.0,238000.0,302075.0,현대모비스,012330
2020-11-23,247500.0,"상승  7,000",239500.0,248000.0,238500.0,409071.0,현대모비스,012330
2020-11-24,246500.0,"하락  1,000",248500.0,249500.0,243500.0,342235.0,현대모비스,012330
2020-11-25,247500.0,"상승  1,000",248000.0,252000.0,244500.0,420753.0,현대모비스,012330
2020-11-26,245500.0,"하락  2,000",245000.0,247500.0,242500.0,321082.0,현대모비스,012330
2020-11-27,248500.0,"상승  3,000",243500.0,249000.0,243500.0,316778.0,현대모비스,012330
2020-11-30,244000.0,"하락  4,500",247500.0,252000.0,244000.0,644162.0,현대모비스,012330
2020-12-01,242500.0,"하락  1,500",247500.0,248000.0,241500.0,407207.0,현대모비스,012330
2020-12-02,240500.0,"하락  2,000",242500.0,243500.0,239000.0,489035.0,현대모비스,012330
2020-12-03,245500.0,"상승  5,000",240000.0,245500.0,238500.0,521119.0,현대모비스,012330
2020-12-04,246500.0,"상승  1,000",247500.0,249000.0,244500.0,452558.0,현대모비스,012330
2020-12-07,242500.0,"하락  4,000",247000.0,247000.0,241000.0,327885.0,현대모비스,012330
2020-12-08,242000.0,하락  500,243000.0,244500.0,240000.0,303416.0,현대모비스,012330
2020-12-09,241500.0,하락  500,241000.0,245000.0,240500.0,352182.0,현대모비스,012330
2020-12-10,243500.0,"상승  2,000",241500.0,245500.0,239000.0,580464.0,현대모비스,012330
2020-12-11,243000.0,하락  500,246000.0,246000.0,242000.0,344237.0,현대모비스,012330
2020-12-14,258000.0,"상승  15,000",245000.0,262000.0,243000.0,1235681.0,현대모비스,012330
2020-12-15,259000.0,"상승  1,000",260000.0,263000.0,255000.0,572032.0,현대모비스,012330
2020-12-16,255000.0,"하락  4,000",261500.0,261500.0,253000.0,427858.0,현대모비스,012330
2020-12-17,249000.0,"하락  6,000",254000.0,254000.0,248500.0,451424.0,현대모비스,012330
2020-12-18,250000.0,"상승  1,000",250500.0,252000.0,248500.0,239415.0,현대모비스,012330
2020-12-21,249000.0,"하락  1,000",250000.0,250500.0,245500.0,237998.0,현대모비스,012330
2020-12-22,244000.0,"하락  5,000",247500.0,248500.0,244000.0,243658.0,현대모비스,012330
2020-12-23,251000.0,"상승  7,000",245000.0,253000.0,244000.0,360412.0,현대모비스,012330
2020-12-24,251000.0,보합0,252000.0,254000.0,248500.0,286108.0,현대모비스,012330
2020-12-28,250000.0,"하락  1,000",250500.0,252500.0,248500.0,331309.0,현대모비스,012330
2020-12-29,251000.0,"상승  1,000",252000.0,252000.0,247000.0,320314.0,현대모비스,012330
2020-12-30,255500.0,"상승  4,500",252000.0,261000.0,251000.0,470909.0,현대모비스,012330
2021-01-04,287000.0,"상승  31,500",260500.0,308500.0,260000.0,1811364.0,현대모비스,012330
2021-01-05,291000.0,"상승  4,000",287000.0,295500.0,284000.0,768375.0,현대모비스,012330
2021-01-06,283500.0,"하락  7,500",288500.0,295000.0,282000.0,691832.0,현대모비스,012330
2021-01-07,304500.0,"상승  21,000",286000.0,314500.0,285500.0,1402113.0,현대모비스,012330
2021-01-08,359500.0,"상승  55,000",358500.0,395500.0,332000.0,5326204.0,현대모비스,012330
2021-01-11,352500.0,"하락  7,000",368500.0,405000.0,345000.0,3173553.0,현대모비스,012330
2021-01-12,332000.0,"하락  20,500",344000.0,349000.0,324500.0,1874045.0,현대모비스,012330
2021-01-13,339500.0,"상승  7,500",329500.0,346500.0,321500.0,1385910.0,현대모비스,012330
2021-01-14,327000.0,"하락  12,500",328500.0,334500.0,324500.0,977707.0,현대모비스,012330
2021-01-15,321500.0,"하락  5,500",330000.0,334000.0,320500.0,766017.0,현대모비스,012330
2021-01-18,323500.0,"상승  2,000",318000.0,331000.0,316500.0,817889.0,현대모비스,012330
2021-01-19,345000.0,"상승  21,500",328000.0,345000.0,328000.0,1090041.0,현대모비스,012330
2021-01-20,342000.0,"하락  3,000",365000.0,365500.0,338000.0,1288158.0,현대모비스,012330
2021-01-21,361000.0,"상승  19,000",345000.0,368000.0,340000.0,1347421.0,현대모비스,012330
2021-01-22,350000.0,"하락  11,000",357500.0,364500.0,350000.0,765256.0,현대모비스,012330
2021-01-25,347500.0,"하락  2,500",343000.0,352000.0,339500.0,1085560.0,현대모비스,012330
2021-01-26,338000.0,"하락  9,500",350500.0,355000.0,336500.0,913545.0,현대모비스,012330
2021-01-27,328500.0,"하락  9,500",338000.0,341000.0,328500.0,890561.0,현대모비스,012330
2021-01-28,331000.0,"상승  2,500",319000.0,335000.0,318000.0,775863.0,현대모비스,012330
2021-01-29,317500.0,"하락  13,500",335000.0,337000.0,316000.0,905941.0,현대모비스,012330
2021-02-01,335500.0,"상승  18,000",314500.0,336000.0,314500.0,664246.0,현대모비스,012330
2021-02-02,334500.0,"하락  1,000",337000.0,343000.0,330000.0,610498.0,현대모비스,012330
2021-02-03,347500.0,"상승  13,000",360000.0,365000.0,342000.0,1500522.0,현대모비스,012330
2021-02-04,358000.0,"상승  10,500",357500.0,359000.0,346500.0,1172227.0,현대모비스,012330
2021-02-05,352500.0,"하락  5,500",359500.0,359500.0,347000.0,916535.0,현대모비스,012330
2021-02-08,322000.0,"하락  30,500",334500.0,336000.0,320000.0,1747047.0,현대모비스,012330
2021-02-09,325500.0,"상승  3,500",322500.0,330000.0,318500.0,658089.0,현대모비스,012330
2021-02-10,331500.0,"상승  6,000",329000.0,332500.0,322000.0,599774.0,현대모비스,012330
2021-02-15,333000.0,"상승  1,500",332500.0,338000.0,332000.0,440514.0,현대모비스,012330
2021-02-16,334000.0,"상승  1,000",333500.0,335000.0,330000.0,342356.0,현대모비스,012330
2021-02-17,325500.0,"하락  8,500",330500.0,331000.0,325500.0,383823.0,현대모비스,012330
2021-02-18,318000.0,"하락  7,500",322500.0,327000.0,318000.0,520541.0,현대모비스,012330
2021-02-19,321500.0,"상승  3,500",323000.0,328500.0,318000.0,658569.0,현대모비스,012330
2021-02-22,323000.0,"상승  1,500",326000.0,330000.0,322000.0,536234.0,현대모비스,012330
2021-02-23,325000.0,"상승  2,000",321000.0,328000.0,314000.0,575345.0,현대모비스,012330
2021-02-24,310000.0,"하락  15,000",325000.0,326000.0,306000.0,707003.0,현대모비스,012330
2021-02-25,314500.0,"상승  4,500",313500.0,315500.0,308000.0,469117.0,현대모비스,012330
2021-02-26,303000.0,"하락  11,500",305500.0,321500.0,302000.0,774532.0,현대모비스,012330
2021-03-02,308500.0,"상승  5,500",308500.0,316000.0,303500.0,582415.0,현대모비스,012330
2021-03-03,313500.0,"상승  5,000",309000.0,313500.0,306000.0,293770.0,현대모비스,012330
2021-03-04,310500.0,"하락  3,000",306000.0,311500.0,305000.0,401051.0,현대모비스,012330
2021-03-05,305000.0,"하락  5,500",304000.0,309000.0,300000.0,425644.0,현대모비스,012330
2021-03-08,301500.0,"하락  3,500",308500.0,310500.0,300500.0,299025.0,현대모비스,012330
2021-03-09,296500.0,"하락  5,000",299500.0,301000.0,289000.0,522711.0,현대모비스,012330
2021-03-10,290000.0,"하락  6,500",302000.0,302000.0,289000.0,396091.0,현대모비스,012330
2021-03-11,294000.0,"상승  4,000",290000.0,299000.0,289500.0,458085.0,현대모비스,012330
2021-03-12,303500.0,"상승  9,500",298000.0,305000.0,296500.0,328406.0,현대모비스,012330
2021-03-15,302000.0,"하락  1,500",303000.0,308000.0,299000.0,390170.0,현대모비스,012330
2021-03-16,303500.0,"상승  1,500",303000.0,307000.0,302000.0,361641.0,현대모비스,012330
2021-03-17,296000.0,"하락  7,500",302000.0,303000.0,296000.0,311682.0,현대모비스,012330
2021-03-18,298500.0,"상승  2,500",301000.0,305000.0,298500.0,422731.0,현대모비스,012330
2021-03-19,300000.0,"상승  1,500",295500.0,304000.0,294000.0,527826.0,현대모비스,012330
2021-03-22,292000.0,"하락  8,000",300000.0,300500.0,291500.0,472483.0,현대모비스,012330
2021-03-23,286500.0,"하락  5,500",294000.0,295500.0,286000.0,488259.0,현대모비스,012330
2021-03-24,283000.0,"하락  3,500",284000.0,285000.0,278000.0,486233.0,현대모비스,012330
2021-03-25,284500.0,"상승  1,500",283000.0,287500.0,280000.0,369242.0,현대모비스,012330
2021-03-26,283500.0,"하락  1,000",287000.0,288000.0,282000.0,354580.0,현대모비스,012330
2021-03-29,284000.0,상승  500,284000.0,288000.0,282000.0,292517.0,현대모비스,012330
2021-03-30,298500.0,"상승  14,500",287000.0,299500.0,285000.0,522238.0,현대모비스,012330
2021-03-31,292000.0,"하락  6,500",298500.0,299000.0,291500.0,361851.0,현대모비스,012330
2021-04-01,294500.0,"상승  2,500",295000.0,298500.0,293000.0,402330.0,현대모비스,012330
2021-04-02,306000.0,"상승  11,500",297500.0,311500.0,297000.0,803465.0,현대모비스,012330
2021-04-05,304000.0,"하락  2,000",307000.0,308000.0,301000.0,261541.0,현대모비스,012330
2021-04-06,297000.0,"하락  7,000",305000.0,305500.0,297000.0,336943.0,현대모비스,012330
2021-04-07,300500.0,"상승  3,500",297000.0,304000.0,295500.0,339598.0,현대모비스,012330
2021-04-08,317500.0,"상승  17,000",302500.0,321000.0,299000.0,1037853.0,현대모비스,012330
2021-04-09,305500.0,"하락  12,000",313000.0,313500.0,305000.0,595420.0,현대모비스,012330
2021-04-12,302500.0,"하락  3,000",306000.0,306000.0,301000.0,377148.0,현대모비스,012330
2021-04-13,301500.0,"하락  1,000",302500.0,305000.0,301000.0,340158.0,현대모비스,012330
2021-04-14,310000.0,"상승  8,500",304000.0,313500.0,303500.0,633672.0,현대모비스,012330
2021-04-15,308500.0,"하락  1,500",311500.0,316000.0,307500.0,419360.0,현대모비스,012330
2021-04-16,306000.0,"하락  2,500",308500.0,311000.0,305500.0,352352.0,현대모비스,012330
2021-04-19,305000.0,"하락  1,000",305500.0,307000.0,302000.0,301095.0,현대모비스,012330
2021-04-20,304500.0,하락  500,304000.0,308000.0,303500.0,311335.0,현대모비스,012330
2021-04-21,298500.0,"하락  6,000",303500.0,304000.0,298000.0,478314.0,현대모비스,012330
2021-04-22,298000.0,하락  500,299000.0,301000.0,298000.0,300937.0,현대모비스,012330
2021-04-23,290500.0,"하락  7,500",293500.0,295500.0,289000.0,746419.0,현대모비스,012330
2021-04-26,285000.0,"하락  5,500",290500.0,290500.0,284000.0,834275.0,현대모비스,012330
2021-04-27,278000.0,"하락  7,000",285000.0,285500.0,276000.0,987898.0,현대모비스,012330
2021-04-28,277500.0,하락  500,279000.0,282500.0,277500.0,430974.0,현대모비스,012330
2021-04-29,270000.0,"하락  7,500",276000.0,277000.0,269500.0,697034.0,현대모비스,012330
2021-04-30,270000.0,보합0,270000.0,274500.0,267000.0,494025.0,현대모비스,012330
2021-05-03,272500.0,"상승  2,500",271500.0,279000.0,271000.0,533637.0,현대모비스,012330
2021-05-04,276500.0,"상승  4,000",274500.0,276500.0,270000.0,426081.0,현대모비스,012330
2021-05-06,274500.0,"하락  2,000",277000.0,278500.0,273500.0,376652.0,현대모비스,012330
2021-05-07,277500.0,"상승  3,000",275500.0,280500.0,274500.0,306400.0,현대모비스,012330
2021-05-10,283500.0,"상승  6,000",279500.0,284000.0,279000.0,383333.0,현대모비스,012330
2021-05-11,277500.0,"하락  6,000",282000.0,282500.0,277000.0,387869.0,현대모비스,012330
2021-05-12,278500.0,"상승  1,000",277500.0,284500.0,274000.0,447873.0,현대모비스,012330
2021-05-13,277000.0,"하락  1,500",272500.0,278000.0,272000.0,417809.0,현대모비스,012330
2021-05-14,275000.0,"하락  2,000",279000.0,280500.0,273500.0,332608.0,현대모비스,012330
2021-05-17,276500.0,"상승  1,500",278000.0,278500.0,274500.0,323015.0,현대모비스,012330
2021-05-18,278000.0,"상승  1,500",278000.0,282500.0,276500.0,317873.0,현대모비스,012330
2021-05-20,278000.0,보합0,276000.0,278000.0,274500.0,282918.0,현대모비스,012330
2021-05-21,280000.0,"상승  2,000",279000.0,285000.0,277500.0,448017.0,현대모비스,012330
2021-05-24,279000.0,"하락  1,000",278500.0,283000.0,277500.0,224296.0,현대모비스,012330
2021-05-25,277000.0,"하락  2,000",279500.0,280500.0,275500.0,338113.0,현대모비스,012330
2021-05-26,275500.0,"하락  1,500",276000.0,277500.0,274000.0,309009.0,현대모비스,012330
2021-05-27,271500.0,"하락  4,000",274500.0,275000.0,270000.0,520710.0,현대모비스,012330
2021-05-28,278500.0,"상승  7,000",272000.0,280000.0,272000.0,558619.0,현대모비스,012330
2021-05-31,280000.0,"상승  1,500",280500.0,282000.0,276000.0,357839.0,현대모비스,012330
2021-06-01,280500.0,상승  500,280500.0,281000.0,278000.0,325406.0,현대모비스,012330
2021-06-02,280000.0,하락  500,281000.0,285500.0,278000.0,544546.0,현대모비스,012330
2021-06-03,279000.0,"하락  1,000",280000.0,281000.0,277000.0,454692.0,현대모비스,012330
2021-06-04,288000.0,"상승  9,000",280500.0,289500.0,279000.0,710883.0,현대모비스,012330
2021-06-07,285500.0,"하락  2,500",291000.0,293500.0,285000.0,623906.0,현대모비스,012330
2021-06-08,288000.0,"상승  2,500",286000.0,290000.0,284000.0,391218.0,현대모비스,012330
2021-06-09,287500.0,하락  500,288000.0,292000.0,284500.0,470628.0,현대모비스,012330
2021-06-10,287000.0,하락  500,287500.0,289500.0,285500.0,480856.0,현대모비스,012330
2021-06-11,287000.0,보합0,288000.0,296000.0,287000.0,593377.0,현대모비스,012330
2021-06-14,288000.0,"상승  1,000",288000.0,288500.0,284000.0,258108.0,현대모비스,012330
2021-06-15,289000.0,"상승  1,000",289500.0,292000.0,288000.0,299475.0,현대모비스,012330
2021-06-16,289500.0,상승  500,289000.0,291000.0,287500.0,236682.0,현대모비스,012330
2021-06-17,287500.0,"하락  2,000",288000.0,290500.0,286500.0,206038.0,현대모비스,012330
2021-06-18,287000.0,하락  500,287500.0,289000.0,287000.0,263652.0,현대모비스,012330
2021-06-21,284500.0,"하락  2,500",285500.0,288000.0,283500.0,295502.0,현대모비스,012330
2021-06-22,294000.0,"상승  9,500",286000.0,294000.0,285500.0,541199.0,현대모비스,012330
2021-06-23,292500.0,"하락  1,500",294500.0,295000.0,290000.0,328073.0,현대모비스,012330
2021-06-24,290500.0,"하락  2,000",292500.0,297500.0,289000.0,579494.0,현대모비스,012330
2021-06-25,292500.0,"상승  2,000",292000.0,293500.0,289000.0,287066.0,현대모비스,012330
2021-06-28,290500.0,"하락  2,000",292500.0,293500.0,289500.0,193786.0,현대모비스,012330
2021-06-29,289500.0,"하락  1,000",291000.0,291000.0,287500.0,322171.0,현대모비스,012330
2021-06-30,292000.0,"상승  2,500",288000.0,293000.0,287500.0,306830.0,현대모비스,012330
2021-07-01,287000.0,"하락  5,000",290500.0,291000.0,286000.0,461892.0,현대모비스,012330
2021-07-02,283500.0,"하락  3,500",285500.0,286000.0,283500.0,356686.0,현대모비스,012330
2021-07-05,282000.0,"하락  1,500",283500.0,285000.0,280500.0,301478.0,현대모비스,012330
2021-07-06,283500.0,"상승  1,500",284500.0,287000.0,282500.0,212487.0,현대모비스,012330
2021-07-07,282500.0,"하락  1,000",281500.0,283000.0,280500.0,260173.0,현대모비스,012330
2021-07-08,281500.0,"하락  1,000",282500.0,284500.0,280500.0,279771.0,현대모비스,012330
2021-07-09,276500.0,"하락  5,000",278500.0,279500.0,275000.0,459337.0,현대모비스,012330
2021-07-12,281000.0,"상승  4,500",278500.0,282000.0,278000.0,163508.0,현대모비스,012330
2021-07-13,284000.0,"상승  3,000",281000.0,285500.0,281000.0,211385.0,현대모비스,012330
2021-07-14,282500.0,"하락  1,500",283000.0,283500.0,280500.0,152578.0,현대모비스,012330
2021-07-15,286500.0,"상승  4,000",283500.0,287000.0,282500.0,283326.0,현대모비스,012330
2021-07-16,284500.0,"하락  2,000",284000.0,285000.0,283000.0,120287.0,현대모비스,012330
2021-07-19,280000.0,"하락  4,500",281000.0,282500.0,280000.0,164387.0,현대모비스,012330
2021-07-20,279000.0,"하락  1,000",276500.0,281000.0,276000.0,154622.0,현대모비스,012330
2021-07-21,279000.0,보합0,281000.0,282000.0,279000.0,132950.0,현대모비스,012330
2021-07-22,282000.0,"상승  3,000",280000.0,282000.0,279000.0,165323.0,현대모비스,012330
2021-07-23,279500.0,"하락  2,500",283000.0,283000.0,276000.0,455101.0,현대모비스,012330
2021-07-26,271500.0,"하락  8,000",279500.0,279500.0,271000.0,764890.0,현대모비스,012330
2021-07-27,271500.0,보합0,273000.0,273500.0,271500.0,279678.0,현대모비스,012330
2021-07-28,272500.0,"상승  1,000",272000.0,273000.0,271000.0,230618.0,현대모비스,012330
2021-07-29,273000.0,상승  500,273500.0,275000.0,272500.0,200468.0,현대모비스,012330
2021-07-30,266500.0,"하락  6,500",271500.0,272500.0,266500.0,390531.0,현대모비스,012330
2021-08-02,271000.0,"상승  4,500",268000.0,271000.0,266500.0,178732.0,현대모비스,012330
2021-08-03,276000.0,"상승  5,000",272000.0,276000.0,271000.0,299662.0,현대모비스,012330
2021-08-04,278000.0,"상승  2,000",278000.0,279000.0,276000.0,249333.0,현대모비스,012330
2021-08-05,276500.0,"하락  1,500",277000.0,278000.0,276000.0,165339.0,현대모비스,012330
2021-08-06,276500.0,보합0,277000.0,278500.0,276000.0,149400.0,현대모비스,012330
2021-08-09,274500.0,"하락  2,000",275000.0,275500.0,272000.0,172932.0,현대모비스,012330
2021-08-10,271000.0,"하락  3,500",273000.0,273500.0,270000.0,184133.0,현대모비스,012330
2021-08-11,272000.0,"상승  1,000",270000.0,272000.0,270000.0,157722.0,현대모비스,012330
2021-08-12,270500.0,"하락  1,500",274000.0,278000.0,270000.0,298846.0,현대모비스,012330
2021-08-13,268500.0,"하락  2,000",273500.0,273500.0,266000.0,232470.0,현대모비스,012330
2021-08-17,266000.0,"하락  2,500",268500.0,271500.0,265500.0,235016.0,현대모비스,012330
2021-08-18,267000.0,"상승  1,000",266000.0,270000.0,264500.0,164228.0,현대모비스,012330
2021-08-19,257500.0,"하락  9,500",265500.0,266000.0,257500.0,307362.0,현대모비스,012330
2021-08-20,251500.0,"하락  6,000",257500.0,259500.0,249000.0,367806.0,현대모비스,012330
2021-08-23,260000.0,"상승  8,500",254000.0,264000.0,254000.0,327404.0,현대모비스,012330
2021-08-24,262500.0,"상승  2,500",264000.0,266000.0,261500.0,228095.0,현대모비스,012330
2021-08-25,263000.0,상승  500,261500.0,266500.0,261500.0,165808.0,현대모비스,012330
2021-08-26,267000.0,"상승  4,000",263500.0,270000.0,262500.0,285108.0,현대모비스,012330
2021-08-27,271000.0,"상승  4,000",266000.0,271500.0,264500.0,236067.0,현대모비스,012330
2021-08-30,272500.0,"상승  1,500",276000.0,278000.0,272500.0,271568.0,현대모비스,012330
2021-08-31,277500.0,"상승  5,000",274000.0,277500.0,271500.0,285091.0,현대모비스,012330
2021-09-01,277500.0,보합0,277500.0,280500.0,276500.0,195132.0,현대모비스,012330
2021-09-02,275500.0,"하락  2,000",277500.0,279500.0,274000.0,221808.0,현대모비스,012330
2021-09-03,278000.0,"상승  2,500",277500.0,279500.0,276000.0,173692.0,현대모비스,012330
2021-09-06,280000.0,"상승  2,000",279000.0,281000.0,277500.0,170846.0,현대모비스,012330
2021-09-07,279000.0,"하락  1,000",280000.0,281000.0,277000.0,146301.0,현대모비스,012330
2021-09-08,278000.0,"하락  1,000",277000.0,279000.0,274000.0,239940.0,현대모비스,012330
2021-09-09,277000.0,"하락  1,000",275000.0,281500.0,270500.0,464523.0,현대모비스,012330
2021-09-10,268000.0,"하락  9,000",276000.0,276500.0,265500.0,400770.0,현대모비스,012330
2021-09-13,265500.0,"하락  2,500",266000.0,267500.0,262500.0,249354.0,현대모비스,012330
2021-09-14,269500.0,"상승  4,000",266000.0,273000.0,266000.0,218881.0,현대모비스,012330
2021-09-15,269000.0,하락  500,267500.0,271500.0,267500.0,171726.0,현대모비스,012330
2021-09-16,270500.0,"상승  1,500",270000.0,271500.0,266000.0,194381.0,현대모비스,012330
2021-09-17,267500.0,"하락  3,000",268000.0,270500.0,267000.0,280818.0,현대모비스,012330
2021-09-23,263000.0,"하락  4,500",263000.0,266000.0,262000.0,277787.0,현대모비스,012330
2021-09-24,260000.0,"하락  3,000",264000.0,264500.0,259500.0,250476.0,현대모비스,012330
2021-09-27,259000.0,"하락  1,000",256500.0,259500.0,256000.0,259777.0,현대모비스,012330
2021-09-28,253000.0,"하락  6,000",257000.0,257500.0,252500.0,345462.0,현대모비스,012330
2021-09-29,253500.0,상승  500,247000.0,255000.0,247000.0,301222.0,현대모비스,012330
2021-09-30,253000.0,하락  500,251000.0,255000.0,250500.0,213967.0,현대모비스,012330
2021-10-01,249500.0,"하락  3,500",253000.0,255500.0,249000.0,243304.0,현대모비스,012330
2021-10-05,251500.0,"상승  2,000",246000.0,254500.0,244500.0,363541.0,현대모비스,012330
2021-10-06,250000.0,"하락  1,500",254000.0,255500.0,249500.0,309193.0,현대모비스,012330
2021-10-07,260500.0,"상승  10,500",251000.0,261500.0,251000.0,321867.0,현대모비스,012330
2021-10-08,266000.0,"상승  5,500",267000.0,270000.0,265000.0,472057.0,현대모비스,012330
2021-10-12,260500.0,"하락  5,500",265000.0,267000.0,259500.0,314517.0,현대모비스,012330
2021-10-13,271000.0,"상승  10,500",262000.0,271500.0,261500.0,381911.0,현대모비스,012330
2021-10-14,273000.0,"상승  2,000",273000.0,275000.0,269500.0,296661.0,현대모비스,012330
2021-10-15,271000.0,"하락  2,000",273500.0,274500.0,270000.0,263032.0,현대모비스,012330
2021-10-18,270500.0,하락  500,270000.0,273500.0,267500.0,190330.0,현대모비스,012330
2021-10-19,272000.0,"상승  1,500",273000.0,274000.0,269000.0,158633.0,현대모비스,012330
2021-10-20,268000.0,"하락  4,000",272000.0,273000.0,268000.0,172245.0,현대모비스,012330
2021-10-21,267500.0,하락  500,268500.0,271000.0,266000.0,160697.0,현대모비스,012330
2021-10-22,264500.0,"하락  3,000",265500.0,268000.0,262500.0,161400.0,현대모비스,012330
2021-10-25,268500.0,"상승  4,000",264500.0,269500.0,262500.0,150737.0,현대모비스,012330
2021-10-26,270500.0,"상승  2,000",270000.0,271000.0,267000.0,163730.0,현대모비스,012330
2021-10-27,267000.0,"하락  3,500",271000.0,272500.0,267000.0,155728.0,현대모비스,012330
2021-10-28,263500.0,"하락  3,500",268000.0,270000.0,263500.0,227318.0,현대모비스,012330
2021-10-29,252000.0,"하락  11,500",264000.0,264500.0,251000.0,562004.0,현대모비스,012330
2021-11-01,253000.0,"상승  1,000",252500.0,254000.0,250500.0,208009.0,현대모비스,012330
2021-11-02,255500.0,"상승  2,500",254000.0,258000.0,253500.0,203780.0,현대모비스,012330
2021-11-03,252500.0,"하락  3,000",255500.0,256500.0,250500.0,170410.0,현대모비스,012330
2021-11-04,252000.0,하락  500,254500.0,257500.0,251000.0,239820.0,현대모비스,012330
2021-11-05,252500.0,상승  500,254000.0,255000.0,250000.0,199092.0,현대모비스,012330
2021-11-08,252000.0,하락  500,252000.0,253500.0,247500.0,210681.0,현대모비스,012330
2021-11-09,248500.0,"하락  3,500",251500.0,254500.0,247500.0,236952.0,현대모비스,012330
2021-11-10,245000.0,"하락  3,500",246500.0,248000.0,244000.0,191621.0,현대모비스,012330
2021-11-11,241500.0,"하락  3,500",241500.0,243500.0,239000.0,322147.0,현대모비스,012330
2021-11-12,243000.0,"상승  1,500",241000.0,245500.0,241000.0,162244.0,현대모비스,012330
2021-11-15,247500.0,"상승  4,500",245500.0,249500.0,243000.0,207398.0,현대모비스,012330
2021-11-16,242500.0,"하락  5,000",245000.0,245500.0,241500.0,243270.0,현대모비스,012330
2021-11-17,241000.0,"하락  1,500",243000.0,243000.0,239000.0,271163.0,현대모비스,012330
2021-11-18,236500.0,"하락  4,500",240000.0,240500.0,236500.0,242387.0,현대모비스,012330
2021-11-19,238000.0,"상승  1,500",239500.0,243000.0,237500.0,246026.0,현대모비스,012330
2021-11-22,248000.0,"상승  10,000",238000.0,250000.0,236500.0,404226.0,현대모비스,012330
2021-11-23,244000.0,"하락  4,000",245000.0,246500.0,242500.0,208227.0,현대모비스,012330
2021-11-24,243000.0,"하락  1,000",244500.0,246000.0,241500.0,144142.0,현대모비스,012330
2021-11-25,240500.0,"하락  2,500",244500.0,245000.0,240000.0,138368.0,현대모비스,012330
2021-11-26,233000.0,"하락  7,500",240500.0,240500.0,231500.0,313527.0,현대모비스,012330
2021-11-29,227000.0,"하락  6,000",226500.0,231500.0,225500.0,293021.0,현대모비스,012330
2021-11-30,220500.0,"하락  6,500",228500.0,230000.0,220000.0,454213.0,현대모비스,012330
2021-12-01,230000.0,"상승  9,500",221500.0,231500.0,221500.0,273788.0,현대모비스,012330
2021-12-02,239500.0,"상승  9,500",226000.0,240000.0,224500.0,355837.0,현대모비스,012330
2021-12-03,238500.0,"하락  1,000",241500.0,241500.0,235500.0,223529.0,현대모비스,012330
2021-12-06,239000.0,상승  500,237000.0,240000.0,234000.0,181383.0,현대모비스,012330
2021-12-07,243000.0,"상승  4,000",238500.0,243000.0,238000.0,163107.0,현대모비스,012330
2021-12-08,241000.0,"하락  2,000",244000.0,245500.0,241000.0,225756.0,현대모비스,012330
2021-12-09,241500.0,상승  500,242000.0,245500.0,238500.0,415387.0,현대모비스,012330
2021-12-10,244500.0,"상승  3,000",240000.0,245000.0,238500.0,208832.0,현대모비스,012330
2021-12-13,247000.0,"상승  2,500",246500.0,251000.0,245500.0,274773.0,현대모비스,012330
2021-12-14,244000.0,"하락  3,000",244000.0,248000.0,242500.0,133730.0,현대모비스,012330
2021-12-15,242000.0,"하락  2,000",243500.0,244000.0,241000.0,89445.0,현대모비스,012330
2021-12-16,245000.0,"상승  3,000",243500.0,245000.0,240500.0,157715.0,현대모비스,012330
2021-12-17,246000.0,"상승  1,000",244500.0,250000.0,242000.0,326446.0,현대모비스,012330
2021-12-20,241000.0,"하락  5,000",245000.0,245500.0,240500.0,159279.0,현대모비스,012330
2021-12-21,241500.0,상승  500,241500.0,243500.0,240000.0,123707.0,현대모비스,012330
2021-12-22,250500.0,"상승  9,000",242500.0,251000.0,242000.0,308386.0,현대모비스,012330
2021-12-23,256500.0,"상승  6,000",252000.0,258000.0,250500.0,393860.0,현대모비스,012330
2021-12-24,263000.0,"상승  6,500",257500.0,264000.0,257500.0,354349.0,현대모비스,012330
2021-12-27,261500.0,"하락  1,500",264000.0,265000.0,260000.0,168539.0,현대모비스,012330
2021-12-28,265500.0,"상승  4,000",262500.0,265500.0,258000.0,298320.0,현대모비스,012330
2021-12-29,261000.0,"하락  4,500",261500.0,263000.0,257000.0,249291.0,현대모비스,012330
2021-12-30,254500.0,"하락  6,500",258500.0,260500.0,254000.0,229776.0,현대모비스,012330
2022-01-03,256500.0,"상승  2,000",255500.0,257500.0,253500.0,127149.0,현대모비스,012330
2022-01-04,255500.0,"하락  1,000",256500.0,258000.0,253000.0,153588.0,현대모비스,012330
2022-01-05,257000.0,"상승  1,500",257500.0,262000.0,255500.0,381180.0,현대모비스,012330
2022-01-06,269500.0,"상승  12,500",261500.0,272500.0,258500.0,1164570.0,현대모비스,012330
2022-01-07,269500.0,보합0,272500.0,278000.0,267000.0,599618.0,현대모비스,012330
2022-01-10,262000.0,"하락  7,500",268000.0,273000.0,260000.0,309752.0,현대모비스,012330
2022-01-11,257000.0,"하락  5,000",261500.0,263000.0,255000.0,266461.0,현대모비스,012330
2022-01-12,262000.0,"상승  5,000",258500.0,262500.0,256000.0,214625.0,현대모비스,012330
2022-01-13,255000.0,"하락  7,000",260000.0,262500.0,254000.0,328802.0,현대모비스,012330
2022-01-14,255500.0,상승  500,254000.0,258500.0,252500.0,189471.0,현대모비스,012330
2022-01-17,250500.0,"하락  5,000",255000.0,256000.0,247500.0,206788.0,현대모비스,012330
2022-01-18,245000.0,"하락  5,500",252000.0,252000.0,243500.0,239386.0,현대모비스,012330
2022-01-19,240000.0,"하락  5,000",241500.0,245500.0,238000.0,299322.0,현대모비스,012330
2022-01-20,241500.0,"상승  1,500",238500.0,243000.0,237000.0,275471.0,현대모비스,012330
2022-01-21,238000.0,"하락  3,500",239000.0,241000.0,235000.0,356847.0,현대모비스,012330
2022-01-24,235000.0,"하락  3,000",236500.0,237500.0,231000.0,257757.0,현대모비스,012330
2022-01-25,233000.0,"하락  2,000",234000.0,235500.0,228000.0,299876.0,현대모비스,012330
2022-01-26,229000.0,"하락  4,000",234000.0,235000.0,228500.0,226479.0,현대모비스,012330
2022-01-27,227000.0,"하락  2,000",227000.0,235000.0,225500.0,321633.0,현대모비스,012330
2022-01-28,232000.0,"상승  5,000",227000.0,232500.0,222000.0,318834.0,현대모비스,012330
2022-02-03,230000.0,"하락  2,000",233000.0,236500.0,229500.0,237884.0,현대모비스,012330
2022-02-04,230500.0,상승  500,229500.0,232500.0,228000.0,165495.0,현대모비스,012330
2022-02-07,230000.0,하락  500,229500.0,231500.0,225000.0,187279.0,현대모비스,012330
2022-02-08,227000.0,"하락  3,000",231500.0,235000.0,226500.0,225896.0,현대모비스,012330
2022-02-09,232000.0,"상승  5,000",229500.0,232000.0,228500.0,177816.0,현대모비스,012330
2022-02-10,231500.0,하락  500,232500.0,234000.0,230000.0,203842.0,현대모비스,012330
2022-02-11,231000.0,하락  500,230000.0,232500.0,227500.0,153154.0,현대모비스,012330
2022-02-14,223000.0,"하락  8,000",226500.0,228500.0,223000.0,217404.0,현대모비스,012330
2022-02-15,227000.0,"상승  4,000",223000.0,228000.0,223000.0,197363.0,현대모비스,012330
2022-02-16,230500.0,"상승  3,500",231000.0,231500.0,228000.0,160887.0,현대모비스,012330
2022-02-17,228500.0,"하락  2,000",230000.0,233000.0,227000.0,200339.0,현대모비스,012330
2022-02-18,228500.0,보합0,227000.0,230500.0,225000.0,129929.0,현대모비스,012330
2022-02-21,228500.0,보합0,224500.0,229000.0,222500.0,158115.0,현대모비스,012330
2022-02-22,226500.0,"하락  2,000",224500.0,227000.0,223500.0,179069.0,현대모비스,012330
2022-02-23,229000.0,"상승  2,500",228000.0,229500.0,225500.0,139325.0,현대모비스,012330
2022-02-24,222500.0,"하락  6,500",229000.0,229500.0,220000.0,330264.0,현대모비스,012330
2022-02-25,225000.0,"상승  2,500",224500.0,226000.0,222000.0,201654.0,현대모비스,012330
2022-02-28,224000.0,"하락  1,000",221500.0,225000.0,219000.0,315019.0,현대모비스,012330
2022-03-02,224000.0,보합0,222500.0,227000.0,221500.0,208564.0,현대모비스,012330
2022-03-03,227000.0,"상승  3,000",224500.0,229000.0,224500.0,145825.0,현대모비스,012330
2022-03-04,225000.0,"하락  2,000",227500.0,228000.0,225000.0,104867.0,현대모비스,012330
2022-03-07,221000.0,"하락  4,000",221000.0,223000.0,219500.0,196674.0,현대모비스,012330
2022-03-08,219000.0,"하락  2,000",220000.0,222500.0,218000.0,177857.0,현대모비스,012330
2022-03-10,219500.0,상승  500,222000.0,224000.0,218500.0,330153.0,현대모비스,012330
2022-03-11,209500.0,"하락  10,000",219500.0,219500.0,208500.0,476726.0,현대모비스,012330
2022-03-14,205500.0,"하락  4,000",208500.0,209000.0,203000.0,395372.0,현대모비스,012330
2022-03-15,204500.0,"하락  1,000",203500.0,206000.0,201500.0,202829.0,현대모비스,012330
2022-03-16,208000.0,"상승  3,500",206500.0,208000.0,203500.0,203846.0,현대모비스,012330
2022-03-17,210000.0,"상승  2,000",212000.0,214000.0,210000.0,218073.0,현대모비스,012330
2022-03-18,210500.0,상승  500,211500.0,212000.0,207500.0,332688.0,현대모비스,012330
2022-03-21,206000.0,"하락  4,500",211000.0,211500.0,205500.0,212151.0,현대모비스,012330
2022-03-22,210000.0,"상승  4,000",207500.0,211000.0,207000.0,173032.0,현대모비스,012330
2022-03-23,213000.0,"상승  3,000",210500.0,214000.0,209500.0,200972.0,현대모비스,012330
2022-03-24,210000.0,"하락  3,000",210500.0,211500.0,209000.0,170493.0,현대모비스,012330
2022-03-25,210500.0,상승  500,210500.0,211500.0,209000.0,178444.0,현대모비스,012330
2022-03-28,211000.0,상승  500,208500.0,211000.0,206000.0,164933.0,현대모비스,012330
2022-03-29,213000.0,"상승  2,000",212000.0,216000.0,211000.0,244913.0,현대모비스,012330
2022-03-30,215000.0,"상승  2,000",216000.0,219000.0,213500.0,246314.0,현대모비스,012330
2022-03-31,215000.0,보합0,215000.0,216000.0,213000.0,188806.0,현대모비스,012330
2022-04-01,217000.0,"상승  2,000",211500.0,217000.0,211500.0,229124.0,현대모비스,012330
2022-04-04,215000.0,"하락  2,000",215500.0,216000.0,213500.0,120131.0,현대모비스,012330
2022-04-05,217000.0,"상승  2,000",214500.0,217000.0,213500.0,126721.0,현대모비스,012330
2022-04-06,216000.0,"하락  1,000",215000.0,218500.0,212000.0,228659.0,현대모비스,012330
2022-04-07,212000.0,"하락  4,000",214000.0,216000.0,212000.0,247679.0,현대모비스,012330
2022-04-08,209000.0,"하락  3,000",212500.0,213000.0,208000.0,207505.0,현대모비스,012330
2022-04-11,208000.0,"하락  1,000",209000.0,211000.0,207000.0,217181.0,현대모비스,012330
2022-04-12,206500.0,"하락  1,500",205000.0,207500.0,205000.0,264401.0,현대모비스,012330
2022-04-13,210000.0,"상승  3,500",208500.0,210000.0,206500.0,148984.0,현대모비스,012330
2022-04-14,207500.0,"하락  2,500",210000.0,211000.0,207500.0,215671.0,현대모비스,012330
2022-04-15,206000.0,"하락  1,500",206500.0,207500.0,204500.0,199984.0,현대모비스,012330
2022-04-18,211500.0,"상승  5,500",206000.0,212000.0,206000.0,154424.0,현대모비스,012330
2022-04-19,211000.0,하락  500,212500.0,215000.0,210500.0,164421.0,현대모비스,012330
2022-04-20,213000.0,"상승  2,000",211500.0,213500.0,209000.0,215470.0,현대모비스,012330
2022-04-21,212000.0,"하락  1,000",214500.0,214500.0,211000.0,226118.0,현대모비스,012330
2022-04-22,213000.0,"상승  1,000",210000.0,214000.0,207000.0,287840.0,현대모비스,012330
2022-04-25,203500.0,"하락  9,500",208000.0,209000.0,203000.0,435686.0,현대모비스,012330
2022-04-26,205000.0,"상승  1,500",204500.0,211000.0,204000.0,383432.0,현대모비스,012330
2022-04-27,204000.0,"하락  1,000",199000.0,204500.0,199000.0,292501.0,현대모비스,012330
2022-04-28,209500.0,"상승  5,500",205000.0,209500.0,202500.0,204966.0,현대모비스,012330
2022-04-29,207500.0,"하락  2,000",207500.0,210000.0,206000.0,199674.0,현대모비스,012330
2022-05-02,208500.0,"상승  1,000",205000.0,209000.0,205000.0,151323.0,현대모비스,012330
2022-05-03,206500.0,"하락  2,000",206500.0,208000.0,205500.0,160449.0,현대모비스,012330
2022-05-04,207000.0,상승  500,208000.0,208000.0,206000.0,121123.0,현대모비스,012330
2022-05-06,202500.0,"하락  4,500",203500.0,205000.0,201500.0,218439.0,현대모비스,012330
2022-05-09,201000.0,"하락  1,500",200500.0,202500.0,198500.0,223681.0,현대모비스,012330
2022-05-10,199000.0,"하락  2,000",198500.0,199500.0,195500.0,362234.0,현대모비스,012330
2022-05-11,198500.0,하락  500,197000.0,199500.0,196000.0,255841.0,현대모비스,012330
2022-05-12,194000.0,"하락  4,500",195500.0,197000.0,193500.0,397645.0,현대모비스,012330
2022-05-13,199500.0,"상승  5,500",195000.0,200000.0,195000.0,544323.0,현대모비스,012330
2022-05-16,199500.0,보합0,201000.0,202500.0,199000.0,178851.0,현대모비스,012330
2022-05-17,199500.0,보합0,199500.0,201000.0,197000.0,254237.0,현대모비스,012330
2022-05-18,201500.0,"상승  2,000",200500.0,201500.0,198000.0,197991.0,현대모비스,012330
2022-05-19,195000.0,"하락  6,500",196500.0,197000.0,194500.0,238789.0,현대모비스,012330
2022-05-20,202500.0,"상승  7,500",196500.0,202500.0,196000.0,216156.0,현대모비스,012330
2022-05-23,203000.0,상승  500,204000.0,204500.0,201000.0,132530.0,현대모비스,012330
2022-05-24,198500.0,"하락  4,500",201000.0,201500.0,198500.0,122968.0,현대모비스,012330
2022-05-25,202500.0,"상승  4,000",201000.0,203000.0,198000.0,181262.0,현대모비스,012330
2022-05-26,201000.0,"하락  1,500",201000.0,204500.0,199000.0,213867.0,현대모비스,012330
2022-05-27,202000.0,"상승  1,000",203000.0,203500.0,200500.0,145760.0,현대모비스,012330
2022-05-30,206000.0,"상승  4,000",203500.0,206500.0,203000.0,159768.0,현대모비스,012330
2022-05-31,218500.0,"상승  12,500",206000.0,218500.0,205000.0,1115755.0,현대모비스,012330
2022-06-02,215500.0,"하락  3,000",215500.0,218000.0,214000.0,206512.0,현대모비스,012330
2022-06-03,215000.0,하락  500,216500.0,217000.0,213000.0,192437.0,현대모비스,012330
2022-06-07,216500.0,"상승  1,500",215000.0,218000.0,213500.0,223206.0,현대모비스,012330
2022-06-08,215500.0,"하락  1,000",216500.0,219000.0,214500.0,169374.0,현대모비스,012330
2022-06-09,222000.0,"상승  6,500",216000.0,222500.0,215500.0,416974.0,현대모비스,012330
2022-06-10,217500.0,"하락  4,500",219000.0,220500.0,216000.0,286198.0,현대모비스,012330
2022-06-13,210000.0,"하락  7,500",211500.0,214000.0,209000.0,219684.0,현대모비스,012330
2022-06-14,205500.0,"하락  4,500",205000.0,207500.0,202000.0,284390.0,현대모비스,012330
2022-06-15,205500.0,보합0,207000.0,210000.0,204000.0,231348.0,현대모비스,012330
2022-06-16,204000.0,"하락  1,500",208500.0,210000.0,203500.0,209865.0,현대모비스,012330
2022-06-17,202000.0,"하락  2,000",197500.0,203000.0,197000.0,336646.0,현대모비스,012330
2022-06-20,199500.0,"하락  2,500",202000.0,202500.0,197000.0,140531.0,현대모비스,012330
2022-06-21,201000.0,"상승  1,500",200000.0,203000.0,197500.0,136810.0,현대모비스,012330
2022-06-22,198000.0,"하락  3,000",202000.0,203500.0,198000.0,162448.0,현대모비스,012330
2022-06-23,196500.0,"하락  1,500",198000.0,201000.0,196000.0,212579.0,현대모비스,012330
2022-06-24,197500.0,"상승  1,000",195000.0,199500.0,193000.0,243568.0,현대모비스,012330
2022-06-27,203500.0,"상승  6,000",199000.0,205500.0,197000.0,234301.0,현대모비스,012330
2022-06-28,206500.0,"상승  3,000",203500.0,208500.0,203500.0,157273.0,현대모비스,012330
2022-06-29,199000.0,"하락  7,500",200500.0,203000.0,197000.0,231422.0,현대모비스,012330
2022-06-30,199000.0,보합0,200000.0,203500.0,198000.0,182095.0,현대모비스,012330
2022-07-01,201500.0,"상승  2,500",202000.0,206500.0,199500.0,218330.0,현대모비스,012330
2022-07-04,201500.0,보합0,201500.0,204500.0,198500.0,162294.0,현대모비스,012330
2022-07-05,201000.0,하락  500,201500.0,203500.0,197500.0,133394.0,현대모비스,012330
2022-07-06,192500.0,"하락  8,500",198500.0,200000.0,192000.0,247034.0,현대모비스,012330
2022-07-07,193500.0,"상승  1,000",195000.0,195500.0,190000.0,251387.0,현대모비스,012330
2022-07-08,204500.0,"상승  11,000",195500.0,206000.0,195000.0,343204.0,현대모비스,012330
2022-07-11,201000.0,"하락  3,500",205000.0,205500.0,200500.0,130805.0,현대모비스,012330
2022-07-12,204000.0,"상승  3,000",201000.0,204500.0,200000.0,156307.0,현대모비스,012330
2022-07-13,210000.0,"상승  6,000",205000.0,214000.0,204000.0,336188.0,현대모비스,012330
2022-07-14,211500.0,"상승  1,500",209500.0,215000.0,208000.0,307724.0,현대모비스,012330
2022-07-15,211500.0,보합0,211000.0,213500.0,207000.0,206303.0,현대모비스,012330
2022-07-18,214500.0,"상승  3,000",213000.0,216500.0,210000.0,176807.0,현대모비스,012330
2022-07-19,219500.0,"상승  5,000",214000.0,220000.0,213500.0,287694.0,현대모비스,012330
2022-07-20,219000.0,하락  500,222000.0,223500.0,218000.0,257727.0,현대모비스,012330
2022-07-21,219500.0,상승  500,218000.0,223500.0,216500.0,235230.0,현대모비스,012330
2022-07-22,218500.0,"하락  1,000",217500.0,222000.0,215000.0,186665.0,현대모비스,012330
2022-07-25,226000.0,"상승  7,500",217000.0,227000.0,217000.0,317480.0,현대모비스,012330
2022-07-26,227000.0,"상승  1,000",224500.0,228000.0,223000.0,210872.0,현대모비스,012330
2022-07-27,227000.0,보합0,225500.0,228000.0,225000.0,189847.0,현대모비스,012330
2022-07-28,229000.0,"상승  2,000",228000.0,229500.0,226000.0,232775.0,현대모비스,012330
2022-07-29,228500.0,하락  500,229500.0,231000.0,227000.0,201623.0,현대모비스,012330
2022-08-01,227000.0,"하락  1,500",226500.0,229500.0,224500.0,174862.0,현대모비스,012330
2022-08-02,226000.0,"하락  1,000",226000.0,228000.0,224000.0,179051.0,현대모비스,012330
2022-08-03,230500.0,"상승  4,500",226000.0,231000.0,226000.0,263401.0,현대모비스,012330
2022-08-04,229000.0,"하락  1,500",231000.0,231500.0,227000.0,201987.0,현대모비스,012330
2022-08-05,224500.0,"하락  4,500",229000.0,230000.0,223500.0,174899.0,현대모비스,012330
2022-08-08,226000.0,"상승  1,500",223000.0,226500.0,221500.0,123962.0,현대모비스,012330
2022-08-09,223500.0,"하락  2,500",226000.0,226000.0,221000.0,171293.0,현대모비스,012330
2022-08-10,223500.0,보합0,224500.0,226000.0,222500.0,126949.0,현대모비스,012330
2022-08-11,225000.0,"상승  1,500",225500.0,226000.0,223500.0,154221.0,현대모비스,012330
2022-08-12,226500.0,"상승  1,500",224000.0,227500.0,222000.0,192019.0,현대모비스,012330
2022-08-16,218500.0,"하락  8,000",224000.0,225500.0,212500.0,735668.0,현대모비스,012330
2022-08-17,217500.0,"하락  1,000",219000.0,221000.0,216000.0,318592.0,현대모비스,012330
2022-08-18,211000.0,"하락  6,500",214500.0,215000.0,206500.0,360781.0,현대모비스,012330
2022-08-19,214500.0,"상승  3,500",212500.0,215500.0,210500.0,177926.0,현대모비스,012330
2022-08-22,212000.0,"하락  2,500",213000.0,214000.0,209500.0,211631.0,현대모비스,012330
2022-08-23,211000.0,"하락  1,000",209000.0,212000.0,209000.0,170047.0,현대모비스,012330
2022-08-24,209000.0,"하락  2,000",210500.0,212000.0,204500.0,225534.0,현대모비스,012330
2022-08-25,212000.0,"상승  3,000",209500.0,212500.0,209000.0,127740.0,현대모비스,012330
2022-08-26,212500.0,상승  500,213000.0,213500.0,211000.0,137666.0,현대모비스,012330
2022-08-29,206500.0,"하락  6,000",208000.0,208500.0,205000.0,122938.0,현대모비스,012330
2022-08-30,213500.0,"상승  7,000",208000.0,214000.0,207000.0,173532.0,현대모비스,012330
2022-08-31,215000.0,"상승  1,500",210000.0,216000.0,209500.0,234184.0,현대모비스,012330
2022-09-01,212000.0,"하락  3,000",211500.0,215000.0,208500.0,189273.0,현대모비스,012330
2022-09-02,214000.0,"상승  2,000",214500.0,218500.0,211000.0,147960.0,현대모비스,012330
2022-09-05,214500.0,상승  500,214000.0,219000.0,213500.0,154966.0,현대모비스,012330
2022-09-06,217000.0,"상승  2,500",216000.0,217500.0,213000.0,90906.0,현대모비스,012330
2022-09-07,217000.0,보합0,215000.0,219000.0,213500.0,156070.0,현대모비스,012330
2022-09-08,219500.0,"상승  2,500",220000.0,220000.0,215000.0,241530.0,현대모비스,012330
2022-09-13,217000.0,"하락  2,500",219500.0,222000.0,214000.0,271277.0,현대모비스,012330
2022-09-14,214000.0,"하락  3,000",212000.0,215500.0,211500.0,174762.0,현대모비스,012330
2022-09-15,209000.0,"하락  5,000",214000.0,215000.0,207500.0,209817.0,현대모비스,012330
2022-09-16,210000.0,"상승  1,000",209000.0,212500.0,208000.0,282375.0,현대모비스,012330
2022-09-19,209000.0,"하락  1,000",211000.0,211500.0,206500.0,87139.0,현대모비스,012330
2022-09-20,215500.0,"상승  6,500",212500.0,216500.0,211000.0,237659.0,현대모비스,012330
2022-09-21,212000.0,"하락  3,500",213000.0,214500.0,210500.0,111281.0,현대모비스,012330
2022-09-22,209500.0,"하락  2,500",209500.0,211000.0,206500.0,228773.0,현대모비스,012330
2022-09-23,206500.0,"하락  3,000",209500.0,209500.0,206000.0,103465.0,현대모비스,012330
2022-09-26,200000.0,"하락  6,500",204000.0,204500.0,198500.0,220007.0,현대모비스,012330
2022-09-27,199500.0,하락  500,202500.0,202500.0,195500.0,199611.0,현대모비스,012330
2022-09-28,194500.0,"하락  5,000",194000.0,199000.0,192000.0,217720.0,현대모비스,012330
2022-09-29,197500.0,"상승  3,000",196000.0,200500.0,195000.0,215794.0,현대모비스,012330
2022-09-30,191000.0,"하락  6,500",199000.0,200000.0,189500.0,248779.0,현대모비스,012330
2022-10-04,198000.0,"상승  7,000",193500.0,198500.0,191500.0,185920.0,현대모비스,012330
2022-10-05,202500.0,"상승  4,500",207500.0,208000.0,199000.0,262626.0,현대모비스,012330
2022-10-06,201000.0,"하락  1,500",206000.0,207000.0,199000.0,161924.0,현대모비스,012330
2022-10-07,202000.0,"상승  1,000",200500.0,202000.0,198000.0,194651.0,현대모비스,012330
2022-10-11,201500.0,하락  500,199000.0,202000.0,195000.0,240214.0,현대모비스,012330
2022-10-12,195500.0,"하락  6,000",198500.0,201500.0,194500.0,222138.0,현대모비스,012330
2022-10-13,195500.0,보합0,196500.0,200000.0,194000.0,169208.0,현대모비스,012330
2022-10-14,195000.0,하락  500,196500.0,198000.0,194000.0,227762.0,현대모비스,012330
2022-10-17,195000.0,보합0,194500.0,196500.0,192000.0,166916.0,현대모비스,012330
2022-10-18,204000.0,"상승  9,000",198000.0,205500.0,197000.0,261123.0,현대모비스,012330
2022-10-19,207500.0,"상승  3,500",205000.0,209000.0,204500.0,190909.0,현대모비스,012330
2022-10-20,206000.0,"하락  1,500",206500.0,208000.0,203500.0,169785.0,현대모비스,012330
2022-10-21,204000.0,"하락  2,000",203500.0,205500.0,201500.0,123894.0,현대모비스,012330
2022-10-24,198000.0,"하락  6,000",203500.0,204500.0,195000.0,254317.0,현대모비스,012330
2022-10-25,199000.0,"상승  1,000",198000.0,200500.0,196500.0,175414.0,현대모비스,012330
2022-10-26,198000.0,"하락  1,000",198500.0,200000.0,196000.0,135353.0,현대모비스,012330
2022-10-27,204000.0,"상승  6,000",199000.0,205000.0,198000.0,157807.0,현대모비스,012330
2022-10-28,219000.0,"상승  15,000",205000.0,221000.0,204500.0,596595.0,현대모비스,012330
2022-10-31,219000.0,보합0,221500.0,223500.0,215500.0,265174.0,현대모비스,012330
2022-11-01,217000.0,"하락  2,000",219500.0,220000.0,216000.0,160931.0,현대모비스,012330
2022-11-02,219000.0,"상승  2,000",218000.0,220000.0,214000.0,189012.0,현대모비스,012330
2022-11-03,218500.0,하락  500,216500.0,221500.0,215500.0,309645.0,현대모비스,012330
2022-11-04,219000.0,상승  500,217500.0,219500.0,214500.0,152954.0,현대모비스,012330
2022-11-07,221000.0,"상승  2,000",220500.0,223000.0,218000.0,128071.0,현대모비스,012330
2022-11-08,217500.0,"하락  3,500",222500.0,223000.0,217000.0,149641.0,현대모비스,012330
2022-11-09,220500.0,"상승  3,000",219500.0,223000.0,218500.0,225804.0,현대모비스,012330
2022-11-10,220500.0,보합0,220500.0,222500.0,218500.0,240223.0,현대모비스,012330
2022-11-11,219500.0,"하락  1,000",226000.0,226000.0,218500.0,298000.0,현대모비스,012330
2022-11-14,219000.0,하락  500,220000.0,223500.0,218000.0,266514.0,현대모비스,012330
2022-11-15,220500.0,"상승  1,500",220000.0,221000.0,217000.0,166944.0,현대모비스,012330
2022-11-16,216000.0,"하락  4,500",219000.0,220500.0,214500.0,176446.0,현대모비스,012330
2022-11-17,211000.0,"하락  5,000",216000.0,217500.0,211000.0,102975.0,현대모비스,012330
2022-11-18,216000.0,"상승  5,000",213000.0,216500.0,211000.0,162380.0,현대모비스,012330
2022-11-21,215500.0,하락  500,217000.0,217000.0,212000.0,128603.0,현대모비스,012330
2022-11-22,210500.0,"하락  5,000",214000.0,214000.0,209500.0,141260.0,현대모비스,012330
2022-11-23,211000.0,상승  500,212000.0,212000.0,209500.0,83693.0,현대모비스,012330
2022-11-24,209000.0,"하락  2,000",212000.0,212500.0,208000.0,114099.0,현대모비스,012330
2022-11-25,209500.0,상승  500,210000.0,211000.0,208000.0,73832.0,현대모비스,012330
2022-11-28,208500.0,"하락  1,000",208000.0,209000.0,203000.0,169646.0,현대모비스,012330
2022-11-29,208500.0,보합0,210500.0,211000.0,205000.0,145060.0,현대모비스,012330
2022-11-30,213000.0,"상승  4,500",209000.0,214000.0,207000.0,317729.0,현대모비스,012330
2022-12-01,213500.0,상승  500,215000.0,216500.0,212000.0,190377.0,현대모비스,012330
2022-12-02,213500.0,보합0,213500.0,216000.0,211500.0,151042.0,현대모비스,012330
2022-12-05,209000.0,"하락  4,500",213500.0,214000.0,208000.0,185440.0,현대모비스,012330
2022-12-06,206000.0,"하락  3,000",207500.0,208000.0,205000.0,159198.0,현대모비스,012330
2022-12-07,207500.0,"상승  1,500",208000.0,210000.0,204500.0,128718.0,현대모비스,012330
2022-12-08,206000.0,"하락  1,500",210000.0,210000.0,204000.0,235806.0,현대모비스,012330
2022-12-09,208500.0,"상승  2,500",209500.0,210000.0,205500.0,170385.0,현대모비스,012330
2022-12-12,208000.0,하락  500,208500.0,210000.0,207000.0,115647.0,현대모비스,012330
2022-12-13,200500.0,"하락  7,500",208000.0,208500.0,200000.0,231580.0,현대모비스,012330
2022-12-14,206500.0,"상승  6,000",202000.0,208500.0,199500.0,220378.0,현대모비스,012330
2022-12-15,206000.0,하락  500,205000.0,208500.0,205000.0,122121.0,현대모비스,012330
2022-12-16,206500.0,상승  500,205000.0,209000.0,204500.0,176039.0,현대모비스,012330
2022-12-19,203000.0,"하락  3,500",205500.0,206000.0,200000.0,163715.0,현대모비스,012330
2022-12-20,202000.0,"하락  1,000",202500.0,204000.0,199000.0,162664.0,현대모비스,012330
2022-12-21,203000.0,"상승  1,000",203500.0,204500.0,200500.0,101356.0,현대모비스,012330
2022-12-22,208000.0,"상승  5,000",203000.0,208000.0,202500.0,157746.0,현대모비스,012330
2022-12-23,206500.0,"하락  1,500",206000.0,209000.0,204500.0,152145.0,현대모비스,012330
2022-12-26,209500.0,"상승  3,000",206000.0,211500.0,205500.0,158374.0,현대모비스,012330
2022-12-27,210000.0,상승  500,210000.0,211500.0,208500.0,193510.0,현대모비스,012330
2022-12-28,207000.0,"하락  3,000",206500.0,209500.0,204000.0,187895.0,현대모비스,012330
2022-12-29,200500.0,"하락  6,500",205000.0,205500.0,200000.0,215394.0,현대모비스,012330
2023-01-02,202500.0,"상승  2,000",201000.0,206500.0,201000.0,148736.0,현대모비스,012330
2023-01-03,202000.0,하락  500,201500.0,205500.0,197500.0,201008.0,현대모비스,012330
2023-01-04,203000.0,"상승  1,000",201500.0,205500.0,200000.0,159891.0,현대모비스,012330
2023-01-05,207000.0,"상승  4,000",202000.0,209000.0,202000.0,207296.0,현대모비스,012330
2023-01-06,214000.0,"상승  7,000",204000.0,216500.0,204000.0,313496.0,현대모비스,012330
2023-01-09,216500.0,"상승  2,500",217500.0,218000.0,213500.0,210384.0,현대모비스,012330
2023-01-10,217500.0,"상승  1,000",217000.0,219000.0,216000.0,194802.0,현대모비스,012330
2023-01-11,217500.0,보합0,218500.0,221000.0,215000.0,217774.0,현대모비스,012330
2023-01-12,213500.0,"하락  4,000",218000.0,219500.0,213500.0,265267.0,현대모비스,012330
2023-01-13,216500.0,"상승  3,000",213500.0,218500.0,213500.0,191835.0,현대모비스,012330
2023-01-16,215000.0,"하락  1,500",217000.0,217500.0,214000.0,159178.0,현대모비스,012330
2023-01-17,215500.0,상승  500,215500.0,218500.0,213500.0,188237.0,현대모비스,012330
2023-01-18,209000.0,"하락  6,500",214500.0,215500.0,207500.0,254893.0,현대모비스,012330
2023-01-19,208000.0,"하락  1,000",208000.0,209000.0,206000.0,178213.0,현대모비스,012330
2023-01-20,209500.0,"상승  1,500",207000.0,210000.0,207000.0,130609.0,현대모비스,012330
2023-01-25,212500.0,"상승  3,000",210000.0,213500.0,209500.0,116882.0,현대모비스,012330
2023-01-26,219500.0,"상승  7,000",213000.0,220500.0,213000.0,175759.0,현대모비스,012330
2023-01-27,214500.0,"하락  5,000",220500.0,222000.0,213500.0,335267.0,현대모비스,012330
2023-01-30,206500.0,"하락  8,000",215500.0,216500.0,206000.0,465685.0,현대모비스,012330
2023-01-31,205500.0,"하락  1,000",207000.0,208000.0,205500.0,316221.0,현대모비스,012330
2023-02-01,208000.0,"상승  2,500",206500.0,208500.0,205500.0,245677.0,현대모비스,012330
2023-02-02,206000.0,"하락  2,000",209000.0,210000.0,206000.0,284424.0,현대모비스,012330
2023-02-03,208500.0,"상승  2,500",206500.0,210500.0,205000.0,270694.0,현대모비스,012330
2023-02-06,205500.0,"하락  3,000",208500.0,208500.0,205000.0,151542.0,현대모비스,012330
2023-02-07,206500.0,"상승  1,000",207000.0,208500.0,205500.0,219229.0,현대모비스,012330
2023-02-08,207500.0,"상승  1,000",207000.0,208500.0,206500.0,134260.0,현대모비스,012330
2023-02-09,206500.0,"하락  1,000",207000.0,209500.0,206500.0,218180.0,현대모비스,012330
2023-02-10,208000.0,"상승  1,500",206000.0,208000.0,205500.0,150239.0,현대모비스,012330
2023-02-13,207500.0,하락  500,207500.0,209500.0,205000.0,163679.0,현대모비스,012330
2023-02-14,213000.0,"상승  5,500",209500.0,217500.0,208000.0,436812.0,현대모비스,012330
2023-02-15,211500.0,"하락  1,500",213500.0,216000.0,210500.0,175771.0,현대모비스,012330
2023-02-16,215000.0,"상승  3,500",213000.0,216000.0,212500.0,193256.0,현대모비스,012330
2023-02-17,213000.0,"하락  2,000",213500.0,216000.0,212500.0,163978.0,현대모비스,012330
2023-02-20,213500.0,상승  500,213500.0,214000.0,210000.0,106659.0,현대모비스,012330
2023-02-21,215000.0,"상승  1,500",214000.0,217000.0,212000.0,155284.0,현대모비스,012330
2023-02-22,214000.0,"하락  1,000",213000.0,215500.0,212000.0,174133.0,현대모비스,012330
2023-02-23,217500.0,"상승  3,500",215000.0,221000.0,215000.0,253734.0,현대모비스,012330
2023-02-24,219000.0,"상승  1,500",217500.0,220500.0,217000.0,202078.0,현대모비스,012330
2023-02-27,214000.0,"하락  5,000",216500.0,217000.0,210000.0,176957.0,현대모비스,012330
2023-02-28,212500.0,"하락  1,500",214000.0,218000.0,212500.0,300780.0,현대모비스,012330
2023-03-02,217000.0,"상승  4,500",213000.0,219500.0,213000.0,286515.0,현대모비스,012330
2023-03-03,216500.0,하락  500,218500.0,219500.0,216000.0,132114.0,현대모비스,012330
2023-03-06,219000.0,"상승  2,500",218000.0,220000.0,216500.0,189047.0,현대모비스,012330
2023-03-07,218000.0,"하락  1,000",219500.0,220000.0,217000.0,157129.0,현대모비스,012330
2023-03-08,215500.0,"하락  2,500",216000.0,217000.0,214000.0,159118.0,현대모비스,012330
2023-03-09,220000.0,"상승  4,500",216000.0,222000.0,215000.0,343810.0,현대모비스,012330
2023-03-10,216500.0,"하락  3,500",217000.0,218500.0,215000.0,140681.0,현대모비스,012330
2023-03-13,218500.0,"상승  2,000",217000.0,219500.0,215500.0,152414.0,현대모비스,012330
2023-03-14,213500.0,"하락  5,000",216500.0,217500.0,211500.0,173600.0,현대모비스,012330
2023-03-15,219000.0,"상승  5,500",215500.0,220500.0,214000.0,166384.0,현대모비스,012330
2023-03-16,214500.0,"하락  4,500",217000.0,218500.0,214000.0,133922.0,현대모비스,012330
2023-03-17,217500.0,"상승  3,000",216000.0,219000.0,215000.0,169457.0,현대모비스,012330
2023-03-20,212500.0,"하락  5,000",217500.0,217500.0,212500.0,134586.0,현대모비스,012330
2023-03-21,215000.0,"상승  2,500",214000.0,216500.0,213000.0,122138.0,현대모비스,012330
2023-03-22,216000.0,"상승  1,000",216000.0,216500.0,214000.0,105777.0,현대모비스,012330
2023-03-23,217500.0,"상승  1,500",215000.0,219500.0,214500.0,215428.0,현대모비스,012330
2023-03-24,210500.0,"하락  7,000",216000.0,216000.0,210000.0,231455.0,현대모비스,012330
2023-03-27,211500.0,"상승  1,000",212000.0,213500.0,210500.0,160040.0,현대모비스,012330
2023-03-28,213500.0,"상승  2,000",212000.0,214000.0,211000.0,111625.0,현대모비스,012330
2023-03-29,215500.0,"상승  2,000",214000.0,215500.0,213000.0,137789.0,현대모비스,012330
2023-03-30,213000.0,"하락  2,500",213500.0,215000.0,211000.0,210772.0,현대모비스,012330
2023-03-31,216000.0,"상승  3,000",215000.0,218000.0,214500.0,180317.0,현대모비스,012330
2023-04-03,214000.0,"하락  2,000",216500.0,217000.0,213000.0,183488.0,현대모비스,012330
2023-04-04,215000.0,"상승  1,000",215500.0,217000.0,214000.0,146996.0,현대모비스,012330
2023-04-05,218000.0,"상승  3,000",215500.0,218500.0,215000.0,132562.0,현대모비스,012330
2023-04-06,216000.0,"하락  2,000",218000.0,219500.0,215500.0,176930.0,현대모비스,012330
2023-04-07,213500.0,"하락  2,500",215500.0,215500.0,213000.0,168018.0,현대모비스,012330
2023-04-10,213500.0,보합0,213000.0,216000.0,212500.0,180948.0,현대모비스,012330
2023-04-11,221000.0,"상승  7,500",213500.0,221000.0,212000.0,379485.0,현대모비스,012330
2023-04-12,232000.0,"상승  11,000",224500.0,233500.0,223500.0,648158.0,현대모비스,012330
2023-04-13,231500.0,하락  500,230500.0,232500.0,227000.0,288445.0,현대모비스,012330
2023-04-14,231000.0,하락  500,232000.0,233500.0,229000.0,193161.0,현대모비스,012330
2023-04-17,228000.0,"하락  3,000",230000.0,231000.0,226500.0,183679.0,현대모비스,012330
2023-04-18,225000.0,"하락  3,000",228000.0,229500.0,223000.0,222353.0,현대모비스,012330
2023-04-19,227000.0,"상승  2,000",225000.0,228500.0,225000.0,140122.0,현대모비스,012330
2023-04-20,228000.0,"상승  1,000",227500.0,230000.0,225500.0,195478.0,현대모비스,012330
2023-04-21,230000.0,"상승  2,000",226500.0,230500.0,225500.0,259924.0,현대모비스,012330
2023-04-24,232000.0,"상승  2,000",232000.0,237500.0,229500.0,299770.0,현대모비스,012330
2023-04-25,237500.0,"상승  5,500",234500.0,239500.0,231500.0,473965.0,현대모비스,012330
2023-04-26,222000.0,"하락  15,500",237000.0,237500.0,218000.0,824054.0,현대모비스,012330
2023-04-27,221500.0,하락  500,220000.0,225000.0,218500.0,232525.0,현대모비스,012330
2023-04-28,217500.0,"하락  4,000",221500.0,222000.0,216500.0,296733.0,현대모비스,012330
2023-05-02,223000.0,"상승  5,500",218500.0,223000.0,218000.0,252610.0,현대모비스,012330
2023-05-03,221000.0,"하락  2,000",221500.0,224000.0,219500.0,133544.0,현대모비스,012330
2023-05-04,218000.0,"하락  3,000",220000.0,220500.0,217500.0,152334.0,현대모비스,012330
2023-05-08,221500.0,"상승  3,500",219000.0,223000.0,219000.0,140545.0,현대모비스,012330
2023-05-09,224000.0,"상승  2,500",221000.0,225000.0,219000.0,168218.0,현대모비스,012330
2023-05-10,226500.0,"상승  2,500",224000.0,229000.0,223500.0,161476.0,현대모비스,012330
2023-05-11,230000.0,"상승  3,500",228500.0,230500.0,226500.0,207207.0,현대모비스,012330
2023-05-12,225000.0,"하락  5,000",228000.0,229000.0,224000.0,169401.0,현대모비스,012330
2023-05-15,225000.0,보합0,224500.0,226000.0,221500.0,183199.0,현대모비스,012330
2023-05-16,220500.0,"하락  4,500",222500.0,223500.0,219000.0,143897.0,현대모비스,012330
2023-05-17,223000.0,"상승  2,500",220000.0,224500.0,220000.0,128404.0,현대모비스,012330
2023-05-18,229000.0,"상승  6,000",225000.0,230000.0,223500.0,304794.0,현대모비스,012330
2023-05-19,226500.0,"하락  2,500",227000.0,229000.0,225000.0,172196.0,현대모비스,012330
2023-05-22,229000.0,"상승  2,500",227500.0,231000.0,225500.0,192786.0,현대모비스,012330
2023-05-23,228500.0,하락  500,229500.0,230500.0,227000.0,121656.0,현대모비스,012330
2023-05-24,230000.0,"상승  1,500",227500.0,230500.0,226500.0,179569.0,현대모비스,012330
2023-05-25,227000.0,"하락  3,000",227500.0,229000.0,226000.0,169977.0,현대모비스,012330
2023-05-26,227000.0,보합0,225500.0,227500.0,223000.0,149084.0,현대모비스,012330
2023-05-30,223500.0,"하락  3,500",228000.0,228500.0,223000.0,170434.0,현대모비스,012330
2023-05-31,223000.0,하락  500,223500.0,229000.0,223000.0,318428.0,현대모비스,012330
2023-06-01,221500.0,"하락  1,500",225000.0,226000.0,221000.0,186142.0,현대모비스,012330
2023-06-02,223000.0,"상승  1,500",223000.0,224500.0,220000.0,244575.0,현대모비스,012330
2023-06-05,227500.0,"상승  4,500",224000.0,228500.0,224000.0,157552.0,현대모비스,012330
2023-06-07,219500.0,"하락  8,000",229000.0,229000.0,219500.0,284225.0,현대모비스,012330
2023-06-08,220000.0,상승  500,221000.0,221000.0,218000.0,267986.0,현대모비스,012330
2023-06-09,222500.0,"상승  2,500",220000.0,223000.0,219500.0,190616.0,현대모비스,012330
2023-06-12,222000.0,하락  500,223000.0,224000.0,220500.0,114388.0,현대모비스,012330
2023-06-13,223000.0,"상승  1,000",221500.0,225000.0,220500.0,159755.0,현대모비스,012330
2023-06-14,222500.0,하락  500,223000.0,224000.0,222000.0,147897.0,현대모비스,012330
2023-06-15,223000.0,상승  500,223500.0,225000.0,222000.0,138017.0,현대모비스,012330
2023-06-16,221500.0,"하락  1,500",224000.0,225000.0,220500.0,175890.0,현대모비스,012330
2023-06-19,222000.0,상승  500,221000.0,223000.0,219500.0,116679.0,현대모비스,012330
2023-06-20,219000.0,"하락  3,000",221000.0,221500.0,218000.0,101931.0,현대모비스,012330
2023-06-21,222000.0,"상승  3,000",219000.0,222000.0,217000.0,163835.0,현대모비스,012330
2023-06-22,222000.0,보합0,221000.0,222000.0,220000.0,93024.0,현대모비스,012330
2023-06-23,217000.0,"하락  5,000",222000.0,222000.0,217000.0,149523.0,현대모비스,012330
2023-06-26,221000.0,"상승  4,000",217500.0,221500.0,217000.0,102693.0,현대모비스,012330
2023-06-27,230000.0,"상승  9,000",221000.0,231500.0,220500.0,334329.0,현대모비스,012330
2023-06-28,231000.0,"상승  1,000",230000.0,232500.0,228000.0,197070.0,현대모비스,012330
2023-06-29,226000.0,"하락  5,000",228000.0,230000.0,226000.0,135735.0,현대모비스,012330
2023-06-30,232500.0,"상승  6,500",228500.0,234500.0,228500.0,255746.0,현대모비스,012330
2023-07-03,232000.0,하락  500,233500.0,234000.0,230000.0,181963.0,현대모비스,012330
2023-07-04,230500.0,"하락  1,500",230500.0,234000.0,229000.0,131340.0,현대모비스,012330
2023-07-05,232000.0,"상승  1,500",232000.0,233500.0,230500.0,153622.0,현대모비스,012330
2023-07-06,233000.0,"상승  1,000",232500.0,236000.0,231000.0,256131.0,현대모비스,012330
2023-07-07,232500.0,하락  500,232000.0,234000.0,229000.0,162036.0,현대모비스,012330
2023-07-10,232500.0,보합0,230500.0,233500.0,228500.0,116371.0,현대모비스,012330
2023-07-11,234000.0,"상승  1,500",234000.0,234000.0,231000.0,109942.0,현대모비스,012330
2023-07-12,232500.0,"하락  1,500",233000.0,233500.0,229000.0,139888.0,현대모비스,012330
2023-07-13,233000.0,상승  500,233000.0,235500.0,232000.0,218859.0,현대모비스,012330
2023-07-14,248500.0,"상승  15,500",236000.0,248500.0,235000.0,595291.0,현대모비스,012330
2023-07-17,244500.0,"하락  4,000",248500.0,250000.0,243500.0,224628.0,현대모비스,012330
2023-07-18,239000.0,"하락  5,500",244500.0,246000.0,239000.0,173698.0,현대모비스,012330
2023-07-19,244000.0,"상승  5,000",241000.0,246500.0,240500.0,221329.0,현대모비스,012330
2023-07-20,242500.0,"하락  1,500",244000.0,244500.0,240500.0,171207.0,현대모비스,012330
2023-07-21,243000.0,상승  500,240500.0,243500.0,237500.0,137306.0,현대모비스,012330
2023-07-24,240000.0,"하락  3,000",244000.0,245000.0,237500.0,166738.0,현대모비스,012330
2023-07-25,241000.0,"상승  1,000",242500.0,243500.0,238500.0,175351.0,현대모비스,012330
2023-07-26,235000.0,"하락  6,000",239000.0,239500.0,229500.0,364644.0,현대모비스,012330
2023-07-27,234000.0,"하락  1,000",237000.0,238000.0,228000.0,273624.0,현대모비스,012330
2023-07-28,232500.0,"하락  1,500",232000.0,237000.0,231000.0,192050.0,현대모비스,012330
2023-07-31,233000.0,상승  500,234000.0,234500.0,230000.0,179847.0,현대모비스,012330
2023-08-01,236000.0,"상승  3,000",234000.0,236500.0,231500.0,199324.0,현대모비스,012330
2023-08-02,227500.0,"하락  8,500",234500.0,235000.0,227000.0,254571.0,현대모비스,012330
2023-08-03,230000.0,"상승  2,500",228500.0,232000.0,226000.0,209484.0,현대모비스,012330
2023-08-04,230000.0,보합0,230500.0,231500.0,227500.0,116685.0,현대모비스,012330
2023-08-07,226500.0,"하락  3,500",228000.0,230000.0,225500.0,224735.0,현대모비스,012330
2023-08-08,227500.0,"상승  1,000",228500.0,232000.0,226500.0,256637.0,현대모비스,012330
2023-08-09,234000.0,"상승  6,500",227000.0,235500.0,226000.0,348882.0,현대모비스,012330
2023-08-10,228500.0,"하락  5,500",234000.0,234000.0,225500.0,370946.0,현대모비스,012330
2023-08-11,233000.0,"상승  4,500",229500.0,237000.0,229000.0,267492.0,현대모비스,012330
2023-08-14,233000.0,보합0,235000.0,235500.0,232000.0,155039.0,현대모비스,012330
2023-08-16,229000.0,"하락  4,000",230000.0,232500.0,227500.0,144436.0,현대모비스,012330
2023-08-17,230500.0,"상승  1,500",227000.0,231000.0,226500.0,160525.0,현대모비스,012330
2023-08-18,229500.0,"하락  1,000",228500.0,230000.0,226500.0,134444.0,현대모비스,012330
2023-08-21,229500.0,보합0,231000.0,231000.0,227000.0,123375.0,현대모비스,012330
2023-08-22,230000.0,상승  500,230500.0,233000.0,229000.0,129699.0,현대모비스,012330
2023-08-23,227000.0,"하락  3,000",228000.0,229000.0,226500.0,96397.0,현대모비스,012330
2023-08-24,227500.0,상승  500,229000.0,229000.0,226000.0,94781.0,현대모비스,012330
2023-08-25,227000.0,하락  500,225500.0,228000.0,225000.0,94078.0,현대모비스,012330
2023-08-28,228500.0,"상승  1,500",229000.0,229500.0,223000.0,100632.0,현대모비스,012330
2023-08-29,230500.0,"상승  2,000",229500.0,231500.0,228000.0,119510.0,현대모비스,012330
2023-08-30,232000.0,"상승  1,500",232500.0,234500.0,231000.0,93158.0,현대모비스,012330
2023-08-31,231000.0,"하락  1,000",231000.0,233000.0,230000.0,183874.0,현대모비스,012330
2023-09-01,232500.0,"상승  1,500",230000.0,235000.0,230000.0,105499.0,현대모비스,012330
2023-09-04,236000.0,"상승  3,500",230500.0,236000.0,230500.0,99223.0,현대모비스,012330
2023-09-05,237000.0,"상승  1,000",234000.0,237500.0,233000.0,115006.0,현대모비스,012330
2023-09-06,237500.0,상승  500,235500.0,240000.0,234500.0,156729.0,현대모비스,012330
2023-09-07,237000.0,하락  500,235500.0,237500.0,234500.0,159738.0,현대모비스,012330
2023-09-08,235500.0,"하락  1,500",237500.0,237500.0,233000.0,195922.0,현대모비스,012330
2023-09-11,230500.0,"하락  5,000",236000.0,236000.0,230500.0,109581.0,현대모비스,012330
2023-09-12,232000.0,"상승  1,500",231000.0,234000.0,230000.0,136057.0,현대모비스,012330
2023-09-13,234500.0,"상승  2,500",231000.0,237000.0,231000.0,142316.0,현대모비스,012330
2023-09-14,235000.0,상승  500,236000.0,236500.0,233500.0,199185.0,현대모비스,012330
2023-09-15,238000.0,"상승  3,000",236000.0,240000.0,234000.0,239654.0,현대모비스,012330
2023-09-18,235000.0,"하락  3,000",237500.0,238500.0,234500.0,112004.0,현대모비스,012330
2023-09-19,237000.0,"상승  2,000",234000.0,238500.0,233500.0,127883.0,현대모비스,012330
2023-09-20,242500.0,"상승  5,500",238500.0,244500.0,237500.0,212146.0,현대모비스,012330
2023-09-21,238000.0,"하락  4,500",240500.0,242500.0,238000.0,122608.0,현대모비스,012330
2023-09-22,239500.0,"상승  1,500",235500.0,241000.0,235500.0,104585.0,현대모비스,012330
2023-09-25,246500.0,"상승  7,000",239500.0,247000.0,238000.0,254531.0,현대모비스,012330
2023-09-26,242000.0,"하락  4,500",243500.0,245000.0,241500.0,146582.0,현대모비스,012330
2023-09-27,240500.0,"하락  1,500",238500.0,242500.0,238000.0,135533.0,현대모비스,012330
2023-10-04,233000.0,"하락  7,500",232000.0,234500.0,227000.0,230281.0,현대모비스,012330
2023-10-05,232000.0,"하락  1,000",233500.0,236000.0,231000.0,133795.0,현대모비스,012330
2023-10-06,232000.0,보합0,231500.0,232500.0,230000.0,104000.0,현대모비스,012330
2023-10-10,232500.0,상승  500,236000.0,237000.0,230500.0,144617.0,현대모비스,012330
2023-10-11,233000.0,상승  500,232500.0,236500.0,232500.0,148328.0,현대모비스,012330
2023-10-12,234000.0,"상승  1,000",234500.0,235000.0,231000.0,157562.0,현대모비스,012330
2023-10-13,232500.0,"하락  1,500",230500.0,234000.0,230000.0,72554.0,현대모비스,012330
2023-10-16,228500.0,"하락  4,000",232000.0,234000.0,227500.0,115520.0,현대모비스,012330
2023-10-17,224000.0,"하락  4,500",229500.0,230000.0,223500.0,172979.0,현대모비스,012330
2023-10-18,227500.0,"상승  3,500",226000.0,228500.0,223500.0,130743.0,현대모비스,012330
2023-10-19,225000.0,"하락  2,500",224000.0,227500.0,224000.0,109143.0,현대모비스,012330
2023-10-20,218000.0,"하락  7,000",223500.0,224500.0,217500.0,157434.0,현대모비스,012330
2023-10-23,218000.0,보합0,220000.0,222000.0,217500.0,87895.0,현대모비스,012330
2023-10-24,217500.0,하락  500,219500.0,219500.0,212000.0,124597.0,현대모비스,012330
2023-10-25,221000.0,"상승  3,500",218500.0,223000.0,218000.0,120687.0,현대모비스,012330
2023-10-26,216000.0,"하락  5,000",222000.0,222000.0,215500.0,187926.0,현대모비스,012330
2023-10-27,220000.0,"상승  4,000",219500.0,225000.0,218500.0,195233.0,현대모비스,012330
2023-10-30,211500.0,"하락  8,500",220000.0,221500.0,210000.0,214875.0,현대모비스,012330
2023-10-31,208500.0,"하락  3,000",213500.0,216000.0,207500.0,178889.0,현대모비스,012330
2023-11-01,212500.0,"상승  4,000",210000.0,214500.0,209500.0,164290.0,현대모비스,012330
2023-11-02,218500.0,"상승  6,000",217000.0,223000.0,216500.0,211056.0,현대모비스,012330
2023-11-03,218000.0,하락  500,222000.0,222500.0,215500.0,120898.0,현대모비스,012330
2023-11-06,228000.0,"상승  10,000",220000.0,228000.0,218500.0,190927.0,현대모비스,012330
2023-11-07,224000.0,"하락  4,000",225500.0,226000.0,220500.0,172965.0,현대모비스,012330
2023-11-08,222500.0,"하락  1,500",227000.0,227500.0,221500.0,105091.0,현대모비스,012330
2023-11-09,224000.0,"상승  1,500",225500.0,227000.0,222500.0,134909.0,현대모비스,012330
2023-11-10,223000.0,"하락  1,000",222000.0,224000.0,220500.0,51705.0,현대모비스,012330
2023-11-13,221500.0,"하락  1,500",224000.0,224500.0,220500.0,59259.0,현대모비스,012330
2023-11-14,222500.0,"상승  1,000",224000.0,224500.0,222500.0,90909.0,현대모비스,012330
2023-11-15,228000.0,"상승  5,500",227500.0,229500.0,226000.0,171564.0,현대모비스,012330
2023-11-16,230500.0,"상승  2,500",228000.0,232000.0,227000.0,113899.0,현대모비스,012330
2023-11-17,229500.0,"하락  1,000",231000.0,231000.0,226000.0,76943.0,현대모비스,012330
2023-11-20,225500.0,"하락  4,000",226000.0,228500.0,223000.0,160966.0,현대모비스,012330
2023-11-21,231500.0,"상승  6,000",228000.0,232000.0,226500.0,103110.0,현대모비스,012330
2023-11-22,229500.0,"하락  2,000",227500.0,231000.0,227000.0,80745.0,현대모비스,012330
2023-11-23,233000.0,"상승  3,500",229500.0,234500.0,229500.0,85826.0,현대모비스,012330
2023-11-24,232500.0,하락  500,232000.0,234000.0,230500.0,40335.0,현대모비스,012330
2023-11-27,232000.0,하락  500,233500.0,233500.0,230000.0,57610.0,현대모비스,012330
2023-11-28,233500.0,"상승  1,500",234000.0,234000.0,230500.0,102930.0,현대모비스,012330
2023-11-29,230500.0,"하락  3,000",231500.0,233500.0,229500.0,102655.0,현대모비스,012330
2023-11-30,229000.0,"하락  1,500",227500.0,232000.0,226500.0,242068.0,현대모비스,012330
2023-12-01,227000.0,"하락  2,000",227000.0,228500.0,226000.0,106387.0,현대모비스,012330
2023-12-04,225500.0,"하락  1,500",229000.0,229000.0,225500.0,79364.0,현대모비스,012330
2023-12-05,225000.0,하락  500,225500.0,226500.0,224000.0,66315.0,현대모비스,012330
2023-12-06,223500.0,"하락  1,500",225000.0,227500.0,223500.0,91993.0,현대모비스,012330
2023-12-07,224500.0,"상승  1,000",223000.0,226000.0,220500.0,137154.0,현대모비스,012330
2023-12-08,226500.0,"상승  2,000",226000.0,227500.0,224500.0,88701.0,현대모비스,012330
2023-12-11,227000.0,상승  500,228000.0,228000.0,225000.0,81874.0,현대모비스,012330
2023-12-12,227500.0,상승  500,228500.0,229500.0,226500.0,137220.0,현대모비스,012330
2023-12-13,227000.0,하락  500,228000.0,230000.0,226500.0,127328.0,현대모비스,012330
2023-12-14,221000.0,"하락  6,000",229000.0,229000.0,220000.0,387973.0,현대모비스,012330
2023-12-15,224500.0,"상승  3,500",222500.0,226500.0,222000.0,266470.0,현대모비스,012330
2023-12-18,224000.0,하락  500,223000.0,225000.0,222000.0,96024.0,현대모비스,012330
2023-12-19,223500.0,하락  500,222500.0,225000.0,221500.0,99285.0,현대모비스,012330
2023-12-20,229000.0,"상승  5,500",224500.0,229500.0,224500.0,188130.0,현대모비스,012330
2023-12-21,230500.0,"상승  1,500",227500.0,233500.0,227000.0,130410.0,현대모비스,012330
2023-12-22,231000.0,상승  500,231000.0,232000.0,230000.0,81481.0,현대모비스,012330
2023-12-26,230500.0,하락  500,233000.0,233000.0,228000.0,95309.0,현대모비스,012330
2023-12-27,230000.0,하락  500,228500.0,230500.0,228000.0,74888.0,현대모비스,012330
2023-12-28,237000.0,"상승  7,000",231000.0,237000.0,230000.0,155608.0,현대모비스,012330
2024-01-02,236000.0,"하락  1,000",235000.0,238000.0,233500.0,98770.0,현대모비스,012330
2024-01-03,227500.0,"하락  8,500",234000.0,234500.0,227500.0,122990.0,현대모비스,012330
2024-01-04,222500.0,"하락  5,000",226000.0,226500.0,220500.0,174122.0,현대모비스,012330
2024-01-05,221500.0,"하락  1,000",221500.0,222500.0,220000.0,111781.0,현대모비스,012330
2024-01-08,218500.0,"하락  3,000",222500.0,223500.0,218500.0,89481.0,현대모비스,012330
2024-01-09,216500.0,"하락  2,000",220500.0,221000.0,216500.0,220245.0,현대모비스,012330
2024-01-10,217000.0,상승  500,216000.0,219000.0,216000.0,83831.0,현대모비스,012330
2024-01-11,216000.0,"하락  1,000",218000.0,218500.0,216000.0,123793.0,현대모비스,012330
2024-01-12,214500.0,"하락  1,500",216000.0,216000.0,213000.0,123785.0,현대모비스,012330
2024-01-15,216500.0,"상승  2,000",215000.0,217500.0,214500.0,84744.0,현대모비스,012330
2024-01-16,213000.0,"하락  3,500",214500.0,216000.0,211000.0,119474.0,현대모비스,012330
2024-01-17,205500.0,"하락  7,500",212500.0,213000.0,205000.0,208667.0,현대모비스,012330
2024-01-18,200000.0,"하락  5,500",205000.0,206500.0,199900.0,295022.0,현대모비스,012330
2024-01-19,199600.0,하락  400,202000.0,203000.0,198000.0,207560.0,현대모비스,012330
2024-01-22,199000.0,하락  600,200000.0,201000.0,198300.0,113921.0,현대모비스,012330
2024-01-23,205000.0,"상승  6,000",200500.0,205000.0,199700.0,124301.0,현대모비스,012330
2024-01-24,204500.0,하락  500,204000.0,205500.0,200500.0,126294.0,현대모비스,012330
2024-01-25,209500.0,"상승  5,000",204000.0,210000.0,201500.0,161730.0,현대모비스,012330
2024-01-26,204000.0,"하락  5,500",210000.0,210500.0,204000.0,232475.0,현대모비스,012330
2024-01-29,202500.0,"하락  1,500",203000.0,204500.0,201500.0,377103.0,현대모비스,012330
2024-01-30,206500.0,"상승  4,000",205500.0,211000.0,205500.0,321357.0,현대모비스,012330
2024-01-31,210000.0,"상승  3,500",206500.0,211000.0,206000.0,200335.0,현대모비스,012330
2024-02-01,219500.0,"상승  9,500",208000.0,222500.0,208000.0,598932.0,현대모비스,012330
2024-02-02,232000.0,"상승  12,500",222000.0,232500.0,220000.0,644138.0,현대모비스,012330
2024-02-05,231500.0,하락  500,237000.0,237500.0,224000.0,526386.0,현대모비스,012330
2024-02-06,219500.0,"하락  12,000",229000.0,231000.0,219000.0,428854.0,현대모비스,012330
2024-02-07,229000.0,"상승  9,500",222500.0,233500.0,222500.0,355065.0,현대모비스,012330
2024-02-08,230500.0,"상승  1,500",230000.0,232000.0,226500.0,289854.0,현대모비스,012330
2024-02-13,233500.0,"상승  3,000",233000.0,238000.0,232000.0,316471.0,현대모비스,012330
2024-02-14,228500.0,"하락  5,000",229500.0,231000.0,227500.0,187972.0,현대모비스,012330
2024-02-15,227000.0,"하락  1,500",232000.0,232500.0,226000.0,165496.0,현대모비스,012330
2024-02-16,230500.0,"상승  3,500",230000.0,230500.0,225000.0,245685.0,현대모비스,012330
2024-02-19,244000.0,"상승  13,500",234500.0,244500.0,234500.0,517969.0,현대모비스,012330
2024-02-20,240000.0,"하락  4,000",244000.0,246000.0,236500.0,316708.0,현대모비스,012330
2024-02-21,240500.0,상승  500,242500.0,242500.0,234500.0,187271.0,현대모비스,012330
2024-02-22,244500.0,"상승  4,000",241000.0,246000.0,237500.0,191554.0,현대모비스,012330
2024-02-23,247000.0,"상승  2,500",243000.0,250000.0,242500.0,312190.0,현대모비스,012330
2024-02-26,241000.0,"하락  6,000",247000.0,247000.0,235500.0,210199.0,현대모비스,012330
2024-02-27,233500.0,"하락  7,500",234500.0,238000.0,233000.0,282830.0,현대모비스,012330
2024-02-28,242000.0,"상승  8,500",232500.0,243000.0,230000.0,282388.0,현대모비스,012330
2024-02-29,242500.0,상승  500,239500.0,248000.0,238000.0,386359.0,현대모비스,012330
2024-03-04,252000.0,"상승  9,500",244500.0,253000.0,244000.0,343794.0,현대모비스,012330
2024-03-05,253000.0,"상승  1,000",252000.0,257000.0,250500.0,276135.0,현대모비스,012330
2024-03-06,254000.0,"상승  1,000",249500.0,255500.0,248000.0,303063.0,현대모비스,012330
2024-03-07,253000.0,"하락  1,000",255500.0,258000.0,251500.0,221468.0,현대모비스,012330
2024-03-08,253000.0,보합0,256500.0,257500.0,252000.0,204348.0,현대모비스,012330
2024-03-11,250000.0,"하락  3,000",251500.0,255000.0,249000.0,163621.0,현대모비스,012330
2024-03-12,250500.0,상승  500,250500.0,251000.0,246500.0,232180.0,현대모비스,012330
2024-03-13,253500.0,"상승  3,000",252500.0,254500.0,249000.0,180760.0,현대모비스,012330
2024-03-14,265000.0,"상승  11,500",252000.0,268000.0,251500.0,640155.0,현대모비스,012330
2024-03-15,269000.0,"상승  4,000",265000.0,269000.0,263500.0,587592.0,현대모비스,012330
2024-03-18,268000.0,"하락  1,000",269500.0,270000.0,265500.0,202563.0,현대모비스,012330
2024-03-19,253500.0,"하락  14,500",265000.0,265500.0,253500.0,392572.0,현대모비스,012330
2024-03-20,253000.0,하락  500,257500.0,259000.0,249000.0,376506.0,현대모비스,012330
2024-03-21,266000.0,"상승  13,000",257000.0,267000.0,256500.0,321963.0,현대모비스,012330
2024-03-22,262000.0,"하락  4,000",264500.0,267000.0,260000.0,300132.0,현대모비스,012330
2024-03-25,258000.0,"하락  4,000",259500.0,264000.0,257000.0,183402.0,현대모비스,012330
2024-03-26,264500.0,"상승  6,500",259000.0,267000.0,257000.0,278347.0,현대모비스,012330
2024-03-27,264500.0,보합0,260000.0,266000.0,260000.0,160180.0,현대모비스,012330
2024-03-28,261500.0,"하락  3,000",263000.0,264500.0,258000.0,199500.0,현대모비스,012330
2024-03-29,255000.0,"하락  6,500",261500.0,262500.0,254500.0,148181.0,현대모비스,012330
2024-04-01,251000.0,"하락  4,000",257500.0,259000.0,249000.0,201785.0,현대모비스,012330
2024-04-02,247500.0,"하락  3,500",248000.0,251000.0,245000.0,193887.0,현대모비스,012330
2024-04-03,240500.0,"하락  7,000",246500.0,249500.0,238500.0,263093.0,현대모비스,012330
2024-04-04,244000.0,"상승  3,500",243500.0,245500.0,238500.0,158989.0,현대모비스,012330
2024-04-05,242500.0,"하락  1,500",240000.0,245000.0,239000.0,129340.0,현대모비스,012330
2024-04-08,243000.0,상승  500,240500.0,247500.0,240500.0,146813.0,현대모비스,012330
2024-04-09,243000.0,보합0,247500.0,251500.0,243000.0,130378.0,현대모비스,012330
2024-04-11,251000.0,"상승  8,000",234500.0,253500.0,234000.0,290007.0,현대모비스,012330
2024-04-12,240500.0,"하락  10,500",246000.0,248500.0,240500.0,199565.0,현대모비스,012330
2024-04-15,242500.0,"상승  2,000",239500.0,243000.0,236000.0,120501.0,현대모비스,012330
2024-04-16,238000.0,"하락  4,500",239500.0,240500.0,234000.0,187172.0,현대모비스,012330
2024-04-17,234500.0,"하락  3,500",239000.0,239000.0,233000.0,132408.0,현대모비스,012330
2024-04-18,235000.0,상승  500,239000.0,240000.0,233000.0,175371.0,현대모비스,012330
2024-04-19,234500.0,하락  500,231000.0,235000.0,229000.0,181634.0,현대모비스,012330
2024-04-22,239000.0,"상승  4,500",239000.0,239500.0,235000.0,155158.0,현대모비스,012330
2024-04-23,238500.0,하락  500,238000.0,243000.0,236500.0,134543.0,현대모비스,012330
2024-04-24,243500.0,"상승  5,000",240000.0,244500.0,237500.0,131348.0,현대모비스,012330
2024-04-25,244000.0,상승  500,241500.0,248500.0,241000.0,158635.0,현대모비스,012330
2024-04-26,240500.0,"하락  3,500",245500.0,247000.0,239500.0,147522.0,현대모비스,012330
2024-04-29,229500.0,"하락  11,000",239500.0,242500.0,229000.0,455640.0,현대모비스,012330
2024-04-30,228500.0,"하락  1,000",230500.0,232500.0,228000.0,260074.0,현대모비스,012330
2024-05-02,226000.0,"하락  2,500",226000.0,228000.0,225000.0,207204.0,현대모비스,012330
2024-05-03,226000.0,보합0,227500.0,229000.0,226000.0,147544.0,현대모비스,012330
2024-05-07,228500.0,"상승  2,500",228500.0,229500.0,227500.0,178015.0,현대모비스,012330
2024-05-08,232000.0,"상승  3,500",228500.0,232500.0,228500.0,168185.0,현대모비스,012330
2024-05-09,226000.0,"하락  6,000",232000.0,232000.0,225000.0,235106.0,현대모비스,012330
2024-05-10,227000.0,"상승  1,000",228000.0,228000.0,226000.0,111031.0,현대모비스,012330
2024-05-13,227000.0,보합0,227000.0,230000.0,225500.0,141987.0,현대모비스,012330
2024-05-14,224500.0,"하락  2,500",226000.0,227000.0,224000.0,167796.0,현대모비스,012330
2024-05-16,227000.0,"상승  2,500",227000.0,229000.0,226000.0,168980.0,현대모비스,012330
2024-05-17,227000.0,보합0,228000.0,228500.0,226500.0,100694.0,현대모비스,012330
2024-05-20,227500.0,상승  500,226500.0,230000.0,226000.0,144822.0,현대모비스,012330
2024-05-21,223500.0,"하락  4,000",225500.0,226500.0,223000.0,166506.0,현대모비스,012330
2024-05-22,230000.0,"상승  6,500",222500.0,231500.0,221500.0,203632.0,현대모비스,012330
2024-05-23,227500.0,"하락  2,500",227500.0,230500.0,227000.0,161706.0,현대모비스,012330
2024-05-24,221500.0,"하락  6,000",224500.0,225500.0,221000.0,182786.0,현대모비스,012330
2024-05-27,221000.0,하락  500,221500.0,223500.0,220000.0,167702.0,현대모비스,012330
2024-05-28,219000.0,"하락  2,000",220500.0,221500.0,218000.0,176418.0,현대모비스,012330
2024-05-29,217500.0,"하락  1,500",217500.0,219000.0,213500.0,266959.0,현대모비스,012330
2024-05-30,215000.0,"하락  2,500",214500.0,216000.0,212000.0,202252.0,현대모비스,012330
2024-05-31,214500.0,하락  500,217500.0,218000.0,213500.0,291527.0,현대모비스,012330
2024-06-03,220000.0,"상승  5,500",216000.0,222000.0,216000.0,224992.0,현대모비스,012330
2024-06-04,220000.0,보합0,220000.0,222000.0,218500.0,202441.0,현대모비스,012330
2024-06-05,222000.0,"상승  2,000",220500.0,224000.0,219000.0,246551.0,현대모비스,012330
2024-06-07,223000.0,"상승  1,000",224000.0,227000.0,222000.0,206377.0,현대모비스,012330
2024-06-10,221500.0,"하락  1,500",221000.0,224500.0,219000.0,182446.0,현대모비스,012330
2024-06-11,219000.0,"하락  2,500",221000.0,223000.0,218000.0,233642.0,현대모비스,012330
2024-06-12,221000.0,"상승  2,000",219000.0,221000.0,218500.0,105623.0,현대모비스,012330
2024-06-13,221500.0,상승  500,222500.0,225000.0,221000.0,374303.0,현대모비스,012330
2024-06-14,238000.0,"상승  16,500",220500.0,253500.0,220000.0,1763305.0,현대모비스,012330
2024-06-17,235000.0,"하락  3,000",238000.0,242500.0,232500.0,393848.0,현대모비스,012330
2024-06-18,235500.0,상승  500,237000.0,240500.0,233500.0,323533.0,현대모비스,012330
2024-06-19,242000.0,"상승  6,500",235000.0,246500.0,234000.0,402946.0,현대모비스,012330
2024-06-20,238500.0,"하락  3,500",238500.0,241500.0,236500.0,208360.0,현대모비스,012330
2024-06-21,237500.0,"하락  1,000",239500.0,239500.0,233000.0,251784.0,현대모비스,012330
2024-06-24,238000.0,상승  500,235500.0,241500.0,234000.0,167704.0,현대모비스,012330
2024-06-25,250500.0,"상승  12,500",240500.0,253000.0,239500.0,532626.0,현대모비스,012330
2024-06-26,252500.0,"상승  2,000",247000.0,253500.0,247000.0,267317.0,현대모비스,012330
2024-06-27,250500.0,"하락  2,000",249000.0,254500.0,248000.0,261650.0,현대모비스,012330
2024-06-28,251500.0,"상승  1,000",252500.0,257500.0,248500.0,286548.0,현대모비스,012330
2024-07-01,247500.0,"하락  4,000",250000.0,252500.0,243500.0,168879.0,현대모비스,012330
2024-07-02,235500.0,"하락  12,000",244000.0,245500.0,235000.0,336255.0,현대모비스,012330
2024-07-03,238500.0,"상승  3,000",237500.0,240500.0,236500.0,163749.0,현대모비스,012330
2024-07-04,241000.0,"상승  2,500",240000.0,243000.0,238000.0,111039.0,현대모비스,012330
2024-07-05,242000.0,"상승  1,000",241000.0,244500.0,239000.0,181925.0,현대모비스,012330
2024-07-08,237500.0,"하락  4,500",240500.0,241000.0,235500.0,166934.0,현대모비스,012330
2024-07-09,233500.0,"하락  4,000",238000.0,238000.0,230500.0,246272.0,현대모비스,012330
2024-07-10,233500.0,보합0,232500.0,235500.0,232000.0,105724.0,현대모비스,012330
2024-07-11,235500.0,"상승  2,000",235500.0,236500.0,233500.0,158774.0,현대모비스,012330
2024-07-12,234500.0,"하락  1,000",234000.0,235000.0,231500.0,109546.0,현대모비스,012330
2024-07-15,232000.0,"하락  2,500",235500.0,236500.0,231500.0,88471.0,현대모비스,012330
2024-07-16,231000.0,"하락  1,000",233000.0,233500.0,230500.0,118210.0,현대모비스,012330
2024-07-17,229000.0,"하락  2,000",231500.0,232000.0,227000.0,153396.0,현대모비스,012330
2024-07-18,224000.0,"하락  5,000",229000.0,229000.0,222000.0,178580.0,현대모비스,012330
2024-07-19,223500.0,하락  500,223000.0,224000.0,221000.0,145318.0,현대모비스,012330
2024-07-22,221500.0,"하락  2,000",223500.0,223500.0,220000.0,93950.0,현대모비스,012330
2024-07-23,222500.0,"상승  1,000",223500.0,227500.0,222500.0,128614.0,현대모비스,012330
2024-07-24,224500.0,"상승  2,000",222500.0,227000.0,220500.0,144068.0,현대모비스,012330
2024-07-25,225500.0,"상승  1,000",223000.0,227500.0,223000.0,211847.0,현대모비스,012330
2024-07-26,225500.0,보합0,227500.0,230500.0,221000.0,313091.0,현대모비스,012330
2024-07-29,228000.0,"상승  2,500",226000.0,230500.0,225500.0,192060.0,현대모비스,012330
2024-07-30,222000.0,"하락  6,000",225500.0,227500.0,222000.0,147006.0,현대모비스,012330
2024-07-31,220500.0,"하락  1,500",222500.0,224000.0,219500.0,240062.0,현대모비스,012330
2024-08-01,219500.0,"하락  1,000",220500.0,222500.0,219500.0,156454.0,현대모비스,012330
2024-08-02,217500.0,"하락  2,000",218000.0,219500.0,216500.0,158538.0,현대모비스,012330
2024-08-05,204000.0,"하락  13,500",215000.0,215500.0,200500.0,316073.0,현대모비스,012330
2024-08-06,213000.0,"상승  9,000",211500.0,216500.0,209500.0,228803.0,현대모비스,012330
2024-08-07,212000.0,"하락  1,000",208500.0,213500.0,207000.0,153684.0,현대모비스,012330
2024-08-08,214000.0,"상승  2,000",210000.0,214000.0,207500.0,206961.0,현대모비스,012330
2024-08-09,212500.0,"하락  1,500",215500.0,217000.0,212000.0,157882.0,현대모비스,012330
2024-08-12,218500.0,"상승  6,000",213500.0,220000.0,212500.0,148949.0,현대모비스,012330
2024-08-13,216500.0,"하락  2,000",216500.0,220000.0,216500.0,111010.0,현대모비스,012330
2024-08-14,218000.0,"상승  1,500",218000.0,219000.0,216000.0,97843.0,현대모비스,012330
2024-08-16,220000.0,"상승  2,000",220000.0,224500.0,220000.0,154796.0,현대모비스,012330
2024-08-19,220500.0,상승  500,220500.0,222500.0,219500.0,101032.0,현대모비스,012330
2024-08-20,219000.0,"하락  1,500",222500.0,223500.0,219000.0,100000.0,현대모비스,012330
2024-08-21,220000.0,"상승  1,000",220500.0,222000.0,219000.0,85086.0,현대모비스,012330
2024-08-22,219000.0,"하락  1,000",220500.0,221000.0,218500.0,102571.0,현대모비스,012330
2024-08-23,219500.0,상승  500,219000.0,221500.0,218500.0,134548.0,현대모비스,012330
2024-08-26,221500.0,"상승  2,000",220500.0,222500.0,218500.0,85447.0,현대모비스,012330
2024-08-27,222000.0,상승  500,222500.0,223000.0,219000.0,86857.0,현대모비스,012330
2024-08-28,224000.0,"상승  2,000",221000.0,226000.0,219500.0,161114.0,현대모비스,012330
2024-08-29,219500.0,"하락  4,500",226500.0,227500.0,219500.0,201534.0,현대모비스,012330
2024-08-30,217500.0,"하락  2,000",221500.0,223000.0,217500.0,353464.0,현대모비스,012330
2024-09-02,214000.0,"하락  3,500",218000.0,220000.0,211500.0,162284.0,현대모비스,012330
2024-09-03,211000.0,"하락  3,000",214500.0,215500.0,210500.0,189400.0,현대모비스,012330
2024-09-04,207000.0,"하락  4,000",209500.0,210500.0,207000.0,217407.0,현대모비스,012330
2024-09-05,211500.0,"상승  4,500",207500.0,213000.0,207500.0,132903.0,현대모비스,012330
2024-09-06,214000.0,"상승  2,500",213000.0,218500.0,212000.0,191717.0,현대모비스,012330
2024-09-09,212500.0,"하락  1,500",210500.0,215000.0,210500.0,85628.0,현대모비스,012330
2024-09-10,211500.0,"하락  1,000",211500.0,212500.0,208000.0,144653.0,현대모비스,012330
2024-09-11,208500.0,"하락  3,000",211500.0,212500.0,207000.0,101821.0,현대모비스,012330
2024-09-12,213500.0,"상승  5,000",209500.0,213500.0,209000.0,257747.0,현대모비스,012330
2024-09-13,223500.0,"상승  10,000",215500.0,224500.0,214500.0,267522.0,현대모비스,012330
2024-09-19,223000.0,하락  500,228500.0,228500.0,222000.0,186572.0,현대모비스,012330
2024-09-20,223500.0,상승  500,225000.0,226500.0,222000.0,214301.0,현대모비스,012330
2024-09-23,223500.0,보합0,225500.0,226000.0,219000.0,88398.0,현대모비스,012330
2024-09-24,225500.0,"상승  2,000",224500.0,226000.0,221500.0,111101.0,현대모비스,012330
2024-09-25,223000.0,"하락  2,500",227500.0,228500.0,222000.0,151212.0,현대모비스,012330
2024-09-26,227000.0,"상승  4,000",222500.0,227000.0,220500.0,171774.0,현대모비스,012330
2024-09-27,221500.0,"하락  5,500",226000.0,226500.0,221500.0,129908.0,현대모비스,012330
2024-09-30,217500.0,"하락  4,000",222500.0,224000.0,217500.0,140514.0,현대모비스,012330
2024-10-02,214500.0,"하락  3,000",214500.0,217000.0,212000.0,128535.0,현대모비스,012330
2024-10-04,217000.0,"상승  2,500",217000.0,219500.0,213000.0,128571.0,현대모비스,012330
2024-10-07,216000.0,"하락  1,000",217500.0,219000.0,214500.0,93395.0,현대모비스,012330
2024-10-08,217000.0,"상승  1,000",214500.0,218000.0,213500.0,113840.0,현대모비스,012330
2024-10-10,221500.0,"상승  4,500",227500.0,227500.0,221000.0,204692.0,현대모비스,012330
2024-10-11,224500.0,"상승  3,000",225000.0,226500.0,222500.0,145064.0,현대모비스,012330
2024-10-14,223500.0,"하락  1,000",223500.0,225000.0,220500.0,91463.0,현대모비스,012330
2024-10-15,224000.0,상승  500,224000.0,226500.0,222000.0,120670.0,현대모비스,012330
2024-10-16,241500.0,"상승  17,500",223000.0,242500.0,223000.0,624192.0,현대모비스,012330
2024-10-17,242000.0,상승  500,240000.0,243500.0,237500.0,395985.0,현대모비스,012330
2024-10-18,244500.0,"상승  2,500",244000.0,246000.0,241500.0,218631.0,현대모비스,012330
2024-10-21,244000.0,하락  500,245500.0,247000.0,240500.0,142405.0,현대모비스,012330
2024-10-22,247500.0,"상승  3,500",241000.0,249500.0,240000.0,271792.0,현대모비스,012330
2024-10-23,246500.0,"하락  1,000",249000.0,250000.0,246000.0,146519.0,현대모비스,012330
2024-10-24,250000.0,"상승  3,500",247500.0,252000.0,245000.0,330967.0,현대모비스,012330
2024-10-25,256500.0,"상승  6,500",249500.0,267000.0,248000.0,823915.0,현대모비스,012330
2024-10-28,253000.0,"하락  3,500",258500.0,261000.0,249000.0,253856.0,현대모비스,012330
2024-10-29,247500.0,"하락  5,500",250500.0,251000.0,243000.0,246769.0,현대모비스,012330
2024-10-30,248500.0,"상승  1,000",247500.0,250500.0,243500.0,180057.0,현대모비스,012330
2024-10-31,249500.0,"상승  1,000",246000.0,249500.0,242000.0,231029.0,현대모비스,012330
2024-11-01,248500.0,"하락  1,000",248500.0,252500.0,245000.0,164016.0,현대모비스,012330
2024-11-04,248500.0,보합0,248500.0,248500.0,243000.0,140918.0,현대모비스,012330
2024-11-05,245500.0,"하락  3,000",246500.0,248000.0,241500.0,161446.0,현대모비스,012330
2024-11-06,242500.0,"하락  3,000",246000.0,247500.0,241000.0,128055.0,현대모비스,012330
2024-11-07,239500.0,"하락  3,000",239000.0,242500.0,235000.0,200752.0,현대모비스,012330
2024-11-08,244500.0,"상승  5,000",244000.0,246500.0,241000.0,146578.0,현대모비스,012330
2024-11-11,254500.0,"상승  10,000",242000.0,258000.0,242000.0,284905.0,현대모비스,012330
2024-11-12,255500.0,"상승  1,000",254500.0,263500.0,254000.0,365772.0,현대모비스,012330
2024-11-13,253000.0,"하락  2,500",255500.0,257500.0,251000.0,213941.0,현대모비스,012330
2024-11-14,255500.0,"상승  2,500",255000.0,260500.0,251500.0,340074.0,현대모비스,012330
2024-11-15,251500.0,"하락  4,000",259500.0,260500.0,249000.0,195549.0,현대모비스,012330
2024-11-18,258500.0,"상승  7,000",250000.0,261000.0,249500.0,241106.0,현대모비스,012330
2024-11-19,250500.0,"하락  8,000",258500.0,261000.0,249000.0,360926.0,현대모비스,012330
2024-11-20,255000.0,"상승  4,500",251500.0,260000.0,246500.0,300972.0,현대모비스,012330
2024-11-21,254000.0,"하락  1,000",257000.0,260000.0,254000.0,184627.0,현대모비스,012330
2024-11-22,254000.0,보합0,256500.0,257000.0,251500.0,114974.0,현대모비스,012330
2024-11-25,246500.0,"하락  7,500",256000.0,256500.0,246500.0,394158.0,현대모비스,012330
2024-11-26,249000.0,"상승  2,500",247000.0,249500.0,243000.0,149204.0,현대모비스,012330
2024-11-27,246000.0,"하락  3,000",245500.0,250000.0,243500.0,151646.0,현대모비스,012330
2024-11-28,245500.0,하락  500,244000.0,247500.0,240500.0,104136.0,현대모비스,012330
2024-11-29,239500.0,"하락  6,000",246000.0,246500.0,237000.0,151105.0,현대모비스,012330
2024-12-02,245500.0,"상승  6,000",244000.0,251000.0,241500.0,134852.0,현대모비스,012330
2024-12-03,242000.0,"하락  3,500",250000.0,250000.0,240000.0,180439.0,현대모비스,012330
2024-12-04,238000.0,"하락  4,000",238500.0,239500.0,234000.0,180887.0,현대모비스,012330
2024-12-05,236500.0,"하락  1,500",236000.0,238000.0,232000.0,167928.0,현대모비스,012330
2024-12-06,237000.0,상승  500,238500.0,242000.0,235000.0,161793.0,현대모비스,012330
2024-12-09,243000.0,"상승  6,000",239000.0,244000.0,235500.0,280707.0,현대모비스,012330
2024-12-10,248500.0,"상승  5,500",246000.0,252000.0,243000.0,191480.0,현대모비스,012330
2024-12-11,249500.0,"상승  1,000",246500.0,250500.0,243000.0,124618.0,현대모비스,012330
2024-12-12,246500.0,"하락  3,000",248500.0,250000.0,244000.0,277092.0,현대모비스,012330
2024-12-13,244000.0,"하락  2,500",247500.0,249500.0,242000.0,266223.0,현대모비스,012330
2024-12-16,237500.0,"하락  6,500",244500.0,245500.0,236000.0,170497.0,현대모비스,012330
2024-12-17,239500.0,"상승  2,000",237000.0,239500.0,235500.0,175405.0,현대모비스,012330
2024-12-18,252000.0,"상승  12,500",241500.0,252500.0,241500.0,191753.0,현대모비스,012330
2024-12-19,250000.0,"하락  2,000",248000.0,256000.0,247500.0,251708.0,현대모비스,012330
2024-12-20,244000.0,"하락  6,000",247000.0,250000.0,244000.0,498832.0,현대모비스,012330
2024-12-23,244000.0,보합0,245500.0,245500.0,241000.0,130390.0,현대모비스,012330
2024-12-24,243000.0,"하락  1,000",244000.0,246000.0,239500.0,131161.0,현대모비스,012330
2024-12-26,242000.0,"하락  1,000",242000.0,244000.0,239500.0,94291.0,현대모비스,012330
2024-12-27,236500.0,"하락  5,500",240500.0,243000.0,234500.0,186396.0,현대모비스,012330
2024-12-30,236500.0,보합0,236000.0,240000.0,235500.0,72518.0,현대모비스,012330
2025-01-02,249000.0,"상승  12,500",238000.0,253500.0,237500.0,256370.0,현대모비스,012330
2025-01-03,246500.0,"하락  2,500",245500.0,251000.0,245500.0,110801.0,현대모비스,012330
2025-01-06,244500.0,"하락  2,000",245500.0,248500.0,238000.0,146101.0,현대모비스,012330
2025-01-07,249000.0,"상승  4,500",244000.0,251500.0,244000.0,160434.0,현대모비스,012330
2025-01-08,251000.0,"상승  2,000",247000.0,254500.0,245000.0,168941.0,현대모비스,012330
2025-01-09,253000.0,"상승  2,000",251000.0,261500.0,250500.0,241446.0,현대모비스,012330
2025-01-10,257500.0,"상승  4,500",251000.0,259000.0,251000.0,215004.0,현대모비스,012330
2025-01-13,254000.0,"하락  3,500",255000.0,257000.0,250500.0,163787.0,현대모비스,012330
2025-01-14,253500.0,하락  500,252000.0,253500.0,248500.0,136292.0,현대모비스,012330
2025-01-15,253500.0,보합0,254000.0,258000.0,250500.0,186326.0,현대모비스,012330
2025-01-16,252500.0,"하락  1,000",254000.0,254500.0,249500.0,184625.0,현대모비스,012330
2025-01-17,252500.0,보합0,250000.0,253000.0,247500.0,170954.0,현대모비스,012330
2025-01-20,244000.0,"하락  8,500",252000.0,252500.0,243500.0,127000.0,현대모비스,012330
2025-01-21,250000.0,"상승  6,000",245000.0,252500.0,245000.0,151404.0,현대모비스,012330
2025-01-22,253000.0,"상승  3,000",252000.0,254000.0,248000.0,180573.0,현대모비스,012330
2025-01-23,252000.0,"하락  1,000",253500.0,257500.0,251500.0,289693.0,현대모비스,012330
2025-01-24,263500.0,"상승  11,500",259000.0,265000.0,259000.0,569055.0,현대모비스,012330
2025-01-31,263500.0,보합0,266000.0,268500.0,259500.0,288546.0,현대모비스,012330
2025-02-03,257000.0,"하락  6,500",258500.0,261000.0,253500.0,273890.0,현대모비스,012330
2025-02-04,252500.0,"하락  4,500",264500.0,264500.0,252500.0,185193.0,현대모비스,012330
2025-02-05,251500.0,"하락  1,000",252500.0,254500.0,248000.0,198039.0,현대모비스,012330
2025-02-06,251500.0,보합0,251500.0,254500.0,249000.0,195482.0,현대모비스,012330
2025-02-07,247000.0,"하락  4,500",248500.0,250000.0,245500.0,172737.0,현대모비스,012330
2025-02-10,246500.0,하락  500,244000.0,249500.0,243000.0,191841.0,현대모비스,012330
2025-02-11,248500.0,"상승  2,000",247000.0,252000.0,245000.0,173078.0,현대모비스,012330
2025-02-12,242500.0,"하락  6,000",249000.0,249500.0,241000.0,123531.0,현대모비스,012330
2025-02-13,243000.0,상승  500,244000.0,247500.0,243000.0,243167.0,현대모비스,012330
2025-02-14,249500.0,"상승  6,500",247000.0,252500.0,247000.0,161821.0,현대모비스,012330
2025-02-17,245500.0,"하락  4,000",250000.0,250000.0,243000.0,155375.0,현대모비스,012330
2025-02-18,248000.0,"상승  2,500",245000.0,249500.0,245000.0,150895.0,현대모비스,012330
2025-02-19,255500.0,"상승  7,500",246000.0,258500.0,245500.0,191123.0,현대모비스,012330
2025-02-20,255500.0,보합0,252000.0,255500.0,249500.0,159566.0,현대모비스,012330
2025-02-21,254500.0,"하락  1,000",260500.0,269000.0,254000.0,243582.0,현대모비스,012330
2025-02-24,256500.0,"상승  2,000",254500.0,257500.0,252500.0,99865.0,현대모비스,012330
2025-02-25,255000.0,"하락  1,500",254000.0,259000.0,254000.0,122768.0,현대모비스,012330
2025-02-26,256500.0,"상승  1,500",254000.0,258000.0,251000.0,135287.0,현대모비스,012330
2025-02-27,260500.0,"상승  4,000",256500.0,260500.0,255000.0,157654.0,현대모비스,012330
2025-02-28,245500.0,"하락  15,000",257500.0,260000.0,245000.0,283138.0,현대모비스,012330
2025-03-04,250000.0,"상승  4,500",248500.0,256500.0,246500.0,149579.0,현대모비스,012330
2025-03-05,251000.0,"상승  1,000",252500.0,254000.0,245500.0,156230.0,현대모비스,012330
2025-03-06,257000.0,"상승  6,000",253000.0,259000.0,252500.0,122205.0,현대모비스,012330
2025-03-07,256000.0,"하락  1,000",257000.0,259000.0,255000.0,104329.0,현대모비스,012330
2025-03-10,258500.0,"상승  2,500",255000.0,261000.0,255000.0,113858.0,현대모비스,012330
2025-03-11,248000.0,"하락  10,500",251000.0,253000.0,245000.0,226218.0,현대모비스,012330
2025-03-12,248000.0,보합0,245000.0,248000.0,240500.0,173718.0,현대모비스,012330
2025-03-13,256000.0,"상승  8,000",248000.0,256000.0,247500.0,219828.0,현대모비스,012330
2025-03-14,255500.0,하락  500,253500.0,256500.0,250000.0,216811.0,현대모비스,012330
2025-03-17,259500.0,"상승  4,000",255000.0,259500.0,254000.0,159986.0,현대모비스,012330
2025-03-18,264000.0,"상승  4,500",259500.0,265500.0,258500.0,222834.0,현대모비스,012330
2025-03-19,270000.0,"상승  6,000",264000.0,272000.0,263500.0,342647.0,현대모비스,012330
2025-03-20,270500.0,상승  500,269500.0,275000.0,269500.0,330007.0,현대모비스,012330
2025-03-21,266500.0,"하락  4,000",266500.0,272000.0,263500.0,259174.0,현대모비스,012330
2025-03-24,279500.0,"상승  13,000",268500.0,281000.0,266500.0,377410.0,현대모비스,012330
2025-03-25,281500.0,"상승  2,000",288000.0,289000.0,279500.0,358202.0,현대모비스,012330
2025-03-26,285500.0,"상승  4,000",285000.0,286000.0,281500.0,189924.0,현대모비스,012330
2025-03-27,279500.0,"하락  6,000",276500.0,283000.0,274000.0,330838.0,현대모비스,012330
2025-03-28,267500.0,"하락  12,000",276000.0,276500.0,264500.0,212911.0,현대모비스,012330
2025-03-31,260500.0,"하락  7,000",264000.0,265500.0,258500.0,179462.0,현대모비스,012330
2025-04-01,261500.0,"상승  1,000",262500.0,264000.0,258000.0,164973.0,현대모비스,012330
2025-04-02,265000.0,"상승  3,500",260500.0,268500.0,258500.0,144936.0,현대모비스,012330
2025-04-03,260000.0,"하락  5,000",253500.0,260000.0,252500.0,243145.0,현대모비스,012330
2025-04-04,259000.0,"하락  1,000",258500.0,263000.0,255500.0,154827.0,현대모비스,012330
2025-04-07,248500.0,"하락  10,500",248500.0,251500.0,243000.0,170953.0,현대모비스,012330
2025-04-08,236500.0,"하락  12,000",250500.0,251000.0,235500.0,236443.0,현대모비스,012330
2025-04-09,235000.0,"하락  1,500",237500.0,239500.0,233500.0,154384.0,현대모비스,012330
2025-04-10,243500.0,"상승  8,500",247500.0,249000.0,241500.0,192769.0,현대모비스,012330
2025-04-11,234500.0,"하락  9,000",238500.0,239500.0,233000.0,195165.0,현대모비스,012330
2025-04-14,235000.0,상승  500,233500.0,237000.0,232000.0,131869.0,현대모비스,012330
2025-04-15,241500.0,"상승  6,500",246000.0,249000.0,240500.0,192501.0,현대모비스,012330
2025-04-16,239500.0,"하락  2,000",241500.0,243000.0,238500.0,82988.0,현대모비스,012330
2025-04-17,238500.0,"하락  1,000",238000.0,241500.0,235000.0,103479.0,현대모비스,012330
2025-04-18,243500.0,"상승  5,000",239000.0,245500.0,237500.0,98734.0,현대모비스,012330
2025-04-21,244000.0,상승  500,244000.0,247000.0,241500.0,100447.0,현대모비스,012330
2025-04-22,241000.0,"하락  3,000",244000.0,245000.0,240000.0,119924.0,현대모비스,012330
2025-04-23,252000.0,"상승  11,000",244500.0,253500.0,243000.0,171554.0,현대모비스,012330
2025-04-24,252500.0,상승  500,252000.0,254500.0,249000.0,142931.0,현대모비스,012330
2025-04-25,250000.0,"하락  2,500",255500.0,258000.0,247000.0,161180.0,현대모비스,012330
2025-04-28,251000.0,"상승  1,000",248500.0,252000.0,248500.0,100735.0,현대모비스,012330
2025-04-29,256500.0,"상승  5,500",254500.0,259000.0,253000.0,172236.0,현대모비스,012330
2025-04-30,267500.0,"상승  11,000",259000.0,267500.0,255000.0,190763.0,현대모비스,012330
2025-05-02,256500.0,"하락  11,000",265000.0,266000.0,256000.0,138585.0,현대모비스,012330
2025-05-07,258000.0,"상승  1,500",257000.0,258500.0,252000.0,158435.0,현대모비스,012330
2025-05-08,259000.0,"상승  1,000",256000.0,260000.0,256000.0,126993.0,현대모비스,012330
2025-05-09,255500.0,"하락  3,500",260500.0,262000.0,254500.0,100524.0,현대모비스,012330
2025-05-12,261000.0,"상승  5,500",255500.0,261000.0,253000.0,114403.0,현대모비스,012330
2025-05-13,257000.0,"하락  4,000",258500.0,262500.0,256500.0,204302.0,현대모비스,012330
2025-05-14,258000.0,"상승  1,000",258000.0,260500.0,255500.0,100296.0,현대모비스,012330
2025-05-15,255000.0,"하락  3,000",255000.0,258500.0,254000.0,77969.0,현대모비스,012330
2025-05-16,255000.0,보합0,254500.0,256000.0,250000.0,91545.0,현대모비스,012330
2025-05-19,249500.0,"하락  5,500",252500.0,253500.0,247000.0,89127.0,현대모비스,012330
2025-05-20,248000.0,"하락  1,500",250000.0,252000.0,246500.0,102238.0,현대모비스,012330
2025-05-21,247500.0,하락  500,248000.0,249000.0,246500.0,85462.0,현대모비스,012330
2025-05-22,246000.0,"하락  1,500",247000.0,248000.0,242500.0,114299.0,현대모비스,012330
2025-05-23,242000.0,"하락  4,000",245500.0,247000.0,241000.0,103469.0,현대모비스,012330
2025-05-26,244000.0,"상승  2,000",243000.0,245000.0,240000.0,146391.0,현대모비스,012330
2025-05-27,243000.0,"하락  1,000",242000.0,246000.0,240000.0,146086.0,현대모비스,012330
2025-05-28,254000.0,"상승  11,000",242500.0,256500.0,242500.0,275785.0,현대모비스,012330
2025-05-29,263000.0,"상승  9,000",255000.0,265000.0,255000.0,299714.0,현대모비스,012330
