날짜,종가,전일비,시가,고가,저가,거래량,회사명,종목코드
2020-03-13,114000.0,"하락  12,000",114500.0,119000.0,105500.0,59850.0,효성티앤씨,298020
2020-03-16,106500.0,"하락  7,500",114000.0,115000.0,105500.0,26120.0,효성티앤씨,298020
2020-03-17,104000.0,"하락  2,500",100500.0,106000.0,99100.0,33669.0,효성티앤씨,298020
2020-03-18,99200.0,"하락  4,800",107000.0,107500.0,99200.0,16398.0,효성티앤씨,298020
2020-03-19,78200.0,"하락  21,000",100000.0,102000.0,75100.0,33647.0,효성티앤씨,298020
2020-03-20,87900.0,"상승  9,700",78400.0,87900.0,75400.0,24182.0,효성티앤씨,298020
2020-03-23,78400.0,"하락  9,500",82400.0,83000.0,77900.0,19046.0,효성티앤씨,298020
2020-03-24,86100.0,"상승  7,700",79300.0,86200.0,79200.0,15262.0,효성티앤씨,298020
2020-03-25,95100.0,"상승  9,000",89000.0,95500.0,88900.0,16198.0,효성티앤씨,298020
2020-03-26,99000.0,"상승  3,900",98100.0,103000.0,94900.0,19160.0,효성티앤씨,298020
2020-03-27,100000.0,"상승  1,000",104000.0,106500.0,94100.0,17401.0,효성티앤씨,298020
2020-03-30,100500.0,상승  500,96400.0,101500.0,94200.0,11632.0,효성티앤씨,298020
2020-03-31,110500.0,"상승  10,000",101000.0,111000.0,101000.0,18801.0,효성티앤씨,298020
2020-04-01,104000.0,"하락  6,500",110500.0,112500.0,103000.0,28887.0,효성티앤씨,298020
2020-04-02,105000.0,"상승  1,000",102500.0,106000.0,100000.0,13419.0,효성티앤씨,298020
2020-04-03,105000.0,보합0,106500.0,109500.0,102500.0,13249.0,효성티앤씨,298020
2020-04-06,110000.0,"상승  5,000",105000.0,111500.0,105000.0,15670.0,효성티앤씨,298020
2020-04-07,115500.0,"상승  5,500",114500.0,115500.0,111000.0,16184.0,효성티앤씨,298020
2020-04-08,114500.0,"하락  1,000",115500.0,119500.0,113500.0,20924.0,효성티앤씨,298020
2020-04-09,116000.0,"상승  1,500",117500.0,119000.0,114500.0,12152.0,효성티앤씨,298020
2020-04-10,118000.0,"상승  2,000",116500.0,118000.0,113000.0,16172.0,효성티앤씨,298020
2020-04-13,119000.0,"상승  1,000",118000.0,120500.0,114000.0,15587.0,효성티앤씨,298020
2020-04-14,119000.0,보합0,119000.0,122500.0,118000.0,16638.0,효성티앤씨,298020
2020-04-16,118000.0,"하락  1,000",117000.0,119000.0,116500.0,8876.0,효성티앤씨,298020
2020-04-17,119000.0,"상승  1,000",120000.0,122000.0,118500.0,11904.0,효성티앤씨,298020
2020-04-20,119000.0,보합0,118500.0,121500.0,118500.0,11322.0,효성티앤씨,298020
2020-04-21,118500.0,하락  500,119500.0,120000.0,113000.0,9155.0,효성티앤씨,298020
2020-04-22,122000.0,"상승  3,500",117000.0,122500.0,115500.0,8547.0,효성티앤씨,298020
2020-04-23,124000.0,"상승  2,000",122500.0,126500.0,121000.0,8187.0,효성티앤씨,298020
2020-04-24,125000.0,"상승  1,000",123000.0,130000.0,123000.0,9006.0,효성티앤씨,298020
2020-04-27,125000.0,보합0,125000.0,127500.0,124000.0,11104.0,효성티앤씨,298020
2020-04-28,125000.0,보합0,126000.0,127500.0,123000.0,3701.0,효성티앤씨,298020
2020-04-29,130500.0,"상승  5,500",125000.0,131000.0,124500.0,16996.0,효성티앤씨,298020
2020-05-04,134500.0,"상승  4,000",131000.0,139500.0,130500.0,27939.0,효성티앤씨,298020
2020-05-06,133000.0,"하락  1,500",137000.0,137000.0,133000.0,10784.0,효성티앤씨,298020
2020-05-07,134500.0,"상승  1,500",133500.0,134500.0,131000.0,10331.0,효성티앤씨,298020
2020-05-08,136000.0,"상승  1,500",136000.0,137500.0,135000.0,8708.0,효성티앤씨,298020
2020-05-11,136000.0,보합0,136500.0,138500.0,134000.0,8001.0,효성티앤씨,298020
2020-05-12,133000.0,"하락  3,000",135000.0,137000.0,131500.0,7235.0,효성티앤씨,298020
2020-05-13,135500.0,"상승  2,500",132500.0,135500.0,130000.0,11359.0,효성티앤씨,298020
2020-05-14,133500.0,"하락  2,000",135500.0,135500.0,132500.0,6829.0,효성티앤씨,298020
2020-05-15,135500.0,"상승  2,000",134000.0,137000.0,132500.0,11316.0,효성티앤씨,298020
2020-05-18,132500.0,"하락  3,000",135500.0,135500.0,132000.0,12029.0,효성티앤씨,298020
2020-05-19,135500.0,"상승  3,000",135500.0,139500.0,134500.0,17495.0,효성티앤씨,298020
2020-05-20,138500.0,"상승  3,000",138000.0,141000.0,137000.0,18750.0,효성티앤씨,298020
2020-05-21,141000.0,"상승  2,500",140500.0,142000.0,139000.0,20048.0,효성티앤씨,298020
2020-05-22,137000.0,"하락  4,000",141500.0,142000.0,136500.0,10333.0,효성티앤씨,298020
2020-05-25,138000.0,"상승  1,000",138000.0,139000.0,136500.0,8685.0,효성티앤씨,298020
2020-05-26,138500.0,상승  500,139000.0,139000.0,136500.0,12395.0,효성티앤씨,298020
2020-05-27,136500.0,"하락  2,000",137500.0,138500.0,134500.0,13108.0,효성티앤씨,298020
2020-05-28,131500.0,"하락  5,000",135500.0,137500.0,131000.0,18636.0,효성티앤씨,298020
2020-05-29,131500.0,보합0,131000.0,136000.0,130500.0,13009.0,효성티앤씨,298020
2020-06-01,133000.0,"상승  1,500",131500.0,134500.0,131000.0,12094.0,효성티앤씨,298020
2020-06-02,134000.0,"상승  1,000",134000.0,134000.0,132000.0,6398.0,효성티앤씨,298020
2020-06-03,135500.0,"상승  1,500",135500.0,137500.0,132500.0,24592.0,효성티앤씨,298020
2020-06-04,132500.0,"하락  3,000",137000.0,138500.0,132000.0,14565.0,효성티앤씨,298020
2020-06-05,133000.0,상승  500,132500.0,134000.0,129500.0,11944.0,효성티앤씨,298020
2020-06-08,132500.0,하락  500,133000.0,134000.0,131000.0,8571.0,효성티앤씨,298020
2020-06-09,130500.0,"하락  2,000",133500.0,133500.0,129500.0,13959.0,효성티앤씨,298020
2020-06-10,130000.0,하락  500,130000.0,132500.0,129000.0,8662.0,효성티앤씨,298020
2020-06-11,129000.0,"하락  1,000",130500.0,134000.0,128000.0,17063.0,효성티앤씨,298020
2020-06-12,126000.0,"하락  3,000",124000.0,126000.0,121500.0,16192.0,효성티앤씨,298020
2020-06-15,121500.0,"하락  4,500",126000.0,128000.0,119000.0,11219.0,효성티앤씨,298020
2020-06-16,123500.0,"상승  2,000",125000.0,125000.0,121500.0,13270.0,효성티앤씨,298020
2020-06-17,119500.0,"하락  4,000",123000.0,123000.0,119000.0,9942.0,효성티앤씨,298020
2020-06-18,121000.0,"상승  1,500",120500.0,122000.0,119000.0,6891.0,효성티앤씨,298020
2020-06-19,122000.0,"상승  1,000",122000.0,124000.0,121000.0,8378.0,효성티앤씨,298020
2020-06-22,120500.0,"하락  1,500",122000.0,123000.0,120000.0,6708.0,효성티앤씨,298020
2020-06-23,121000.0,상승  500,121500.0,123000.0,119500.0,6340.0,효성티앤씨,298020
2020-06-24,121000.0,보합0,122000.0,123000.0,119500.0,8425.0,효성티앤씨,298020
2020-06-25,115500.0,"하락  5,500",119500.0,121500.0,115500.0,12207.0,효성티앤씨,298020
2020-06-26,116500.0,"상승  1,000",117500.0,119000.0,115500.0,12781.0,효성티앤씨,298020
2020-06-29,111500.0,"하락  5,000",115500.0,116000.0,111000.0,8456.0,효성티앤씨,298020
2020-06-30,112000.0,상승  500,112500.0,113500.0,111000.0,8266.0,효성티앤씨,298020
2020-07-01,117500.0,"상승  5,500",114500.0,121500.0,114500.0,23979.0,효성티앤씨,298020
2020-07-02,128500.0,"상승  11,000",117000.0,129500.0,116500.0,22320.0,효성티앤씨,298020
2020-07-03,127500.0,"하락  1,000",128500.0,129000.0,123000.0,11388.0,효성티앤씨,298020
2020-07-06,129500.0,"상승  2,000",127500.0,131000.0,127000.0,13354.0,효성티앤씨,298020
2020-07-07,125500.0,"하락  4,000",131000.0,131000.0,125500.0,8872.0,효성티앤씨,298020
2020-07-08,134500.0,"상승  9,000",127000.0,135000.0,125500.0,29348.0,효성티앤씨,298020
2020-07-09,134000.0,하락  500,134500.0,136500.0,130500.0,15203.0,효성티앤씨,298020
2020-07-10,125000.0,"하락  9,000",134000.0,134000.0,124500.0,20443.0,효성티앤씨,298020
2020-07-13,125000.0,보합0,125000.0,127500.0,123500.0,18023.0,효성티앤씨,298020
2020-07-14,120000.0,"하락  5,000",125000.0,126000.0,118000.0,25147.0,효성티앤씨,298020
2020-07-15,120000.0,보합0,121000.0,122500.0,119500.0,11846.0,효성티앤씨,298020
2020-07-16,119000.0,"하락  1,000",121500.0,122000.0,118000.0,13977.0,효성티앤씨,298020
2020-07-17,120500.0,"상승  1,500",118000.0,121000.0,113500.0,8103.0,효성티앤씨,298020
2020-07-20,119000.0,"하락  1,500",121000.0,123000.0,119000.0,10224.0,효성티앤씨,298020
2020-07-21,114500.0,"하락  4,500",121000.0,121000.0,114000.0,47221.0,효성티앤씨,298020
2020-07-22,113500.0,"하락  1,000",114500.0,116000.0,113000.0,33981.0,효성티앤씨,298020
2020-07-23,114000.0,상승  500,115000.0,115500.0,111500.0,24313.0,효성티앤씨,298020
2020-07-24,113000.0,"하락  1,000",113500.0,115500.0,112000.0,14655.0,효성티앤씨,298020
2020-07-27,115000.0,"상승  2,000",113500.0,116000.0,113000.0,13429.0,효성티앤씨,298020
2020-07-28,112500.0,"하락  2,500",115000.0,115000.0,112000.0,22666.0,효성티앤씨,298020
2020-07-29,114500.0,"상승  2,000",113500.0,114500.0,111500.0,21776.0,효성티앤씨,298020
2020-07-30,114000.0,하락  500,114500.0,116500.0,113000.0,20739.0,효성티앤씨,298020
2020-07-31,113500.0,하락  500,113000.0,114000.0,112500.0,21958.0,효성티앤씨,298020
2020-08-03,104000.0,"하락  9,500",109500.0,111000.0,103000.0,77858.0,효성티앤씨,298020
2020-08-04,100500.0,"하락  3,500",104000.0,105000.0,99900.0,66575.0,효성티앤씨,298020
2020-08-05,101500.0,"상승  1,000",101500.0,103500.0,100000.0,34111.0,효성티앤씨,298020
2020-08-06,101000.0,하락  500,101500.0,103000.0,100500.0,24458.0,효성티앤씨,298020
2020-08-07,106000.0,"상승  5,000",101500.0,108000.0,101500.0,44455.0,효성티앤씨,298020
2020-08-10,110500.0,"상승  4,500",108000.0,111000.0,106000.0,40028.0,효성티앤씨,298020
2020-08-11,114000.0,"상승  3,500",111000.0,117000.0,111000.0,51648.0,효성티앤씨,298020
2020-08-12,114000.0,보합0,113000.0,115000.0,110500.0,29298.0,효성티앤씨,298020
2020-08-13,116000.0,"상승  2,000",115000.0,116500.0,113000.0,25919.0,효성티앤씨,298020
2020-08-14,115500.0,하락  500,117500.0,117500.0,113000.0,18957.0,효성티앤씨,298020
2020-08-18,110000.0,"하락  5,500",113500.0,114000.0,108500.0,24495.0,효성티앤씨,298020
2020-08-19,108000.0,"하락  2,000",109500.0,111000.0,105500.0,19291.0,효성티앤씨,298020
2020-08-20,101500.0,"하락  6,500",108000.0,108000.0,101000.0,22993.0,효성티앤씨,298020
2020-08-21,101000.0,하락  500,102000.0,104000.0,100000.0,25190.0,효성티앤씨,298020
2020-08-24,99900.0,"하락  1,100",102000.0,102000.0,99700.0,20384.0,효성티앤씨,298020
2020-08-25,100500.0,상승  600,100000.0,102000.0,99900.0,46461.0,효성티앤씨,298020
2020-08-26,100500.0,보합0,101000.0,102000.0,99500.0,26480.0,효성티앤씨,298020
2020-08-27,98200.0,"하락  2,300",100000.0,101000.0,97000.0,35589.0,효성티앤씨,298020
2020-08-28,99900.0,"상승  1,700",98000.0,100500.0,98000.0,20131.0,효성티앤씨,298020
2020-08-31,98100.0,"하락  1,800",101000.0,101000.0,97900.0,17000.0,효성티앤씨,298020
2020-09-01,98600.0,상승  500,99100.0,99100.0,97800.0,34669.0,효성티앤씨,298020
2020-09-02,99300.0,상승  700,100500.0,101000.0,98400.0,26594.0,효성티앤씨,298020
2020-09-03,99500.0,상승  200,100000.0,101500.0,99000.0,54651.0,효성티앤씨,298020
2020-09-04,98200.0,"하락  1,300",97000.0,98900.0,96400.0,22925.0,효성티앤씨,298020
2020-09-07,105500.0,"상승  7,300",98700.0,106000.0,97500.0,68514.0,효성티앤씨,298020
2020-09-08,107000.0,"상승  1,500",107000.0,110000.0,106000.0,60476.0,효성티앤씨,298020
2020-09-09,107000.0,보합0,105000.0,111000.0,104500.0,38022.0,효성티앤씨,298020
2020-09-10,113000.0,"상승  6,000",111000.0,116000.0,110000.0,65013.0,효성티앤씨,298020
2020-09-11,110000.0,"하락  3,000",113500.0,114000.0,109000.0,34203.0,효성티앤씨,298020
2020-09-14,111000.0,"상승  1,000",110000.0,113500.0,109000.0,32414.0,효성티앤씨,298020
2020-09-15,120000.0,"상승  9,000",113000.0,126500.0,112500.0,214081.0,효성티앤씨,298020
2020-09-16,121500.0,"상승  1,500",121000.0,129500.0,119500.0,102751.0,효성티앤씨,298020
2020-09-17,120000.0,"하락  1,500",122000.0,125000.0,118000.0,36836.0,효성티앤씨,298020
2020-09-18,119500.0,하락  500,121000.0,121500.0,115500.0,39007.0,효성티앤씨,298020
2020-09-21,114000.0,"하락  5,500",118500.0,120000.0,114000.0,27127.0,효성티앤씨,298020
2020-09-22,117000.0,"상승  3,000",113500.0,118500.0,111000.0,44378.0,효성티앤씨,298020
2020-09-23,120000.0,"상승  3,000",119000.0,120500.0,113000.0,39157.0,효성티앤씨,298020
2020-09-24,120000.0,보합0,118000.0,120000.0,114500.0,56396.0,효성티앤씨,298020
2020-09-25,122500.0,"상승  2,500",120500.0,126500.0,120500.0,41252.0,효성티앤씨,298020
2020-09-28,125000.0,"상승  2,500",124500.0,126000.0,120000.0,37991.0,효성티앤씨,298020
2020-09-29,128500.0,"상승  3,500",125500.0,130500.0,124000.0,84895.0,효성티앤씨,298020
2020-10-05,133500.0,"상승  5,000",131000.0,134500.0,128500.0,67295.0,효성티앤씨,298020
2020-10-06,128500.0,"하락  5,000",134500.0,134500.0,128500.0,51112.0,효성티앤씨,298020
2020-10-07,134000.0,"상승  5,500",127000.0,134000.0,126500.0,34845.0,효성티앤씨,298020
2020-10-08,135500.0,"상승  1,500",133500.0,136000.0,132500.0,32215.0,효성티앤씨,298020
2020-10-12,148000.0,"상승  12,500",137000.0,150500.0,136500.0,123529.0,효성티앤씨,298020
2020-10-13,152500.0,"상승  4,500",152000.0,156500.0,150000.0,126977.0,효성티앤씨,298020
2020-10-14,148500.0,"하락  4,000",152000.0,152000.0,145000.0,86759.0,효성티앤씨,298020
2020-10-15,152000.0,"상승  3,500",149000.0,154500.0,142000.0,94965.0,효성티앤씨,298020
2020-10-16,148000.0,"하락  4,000",150500.0,153000.0,145500.0,48616.0,효성티앤씨,298020
2020-10-19,144000.0,"하락  4,000",147000.0,149000.0,141000.0,69379.0,효성티앤씨,298020
2020-10-20,147500.0,"상승  3,500",143000.0,148500.0,140000.0,49549.0,효성티앤씨,298020
2020-10-21,148000.0,상승  500,147500.0,150000.0,144500.0,19082.0,효성티앤씨,298020
2020-10-22,147500.0,하락  500,146000.0,153000.0,145500.0,35568.0,효성티앤씨,298020
2020-10-23,146000.0,"하락  1,500",147500.0,150500.0,144000.0,24854.0,효성티앤씨,298020
2020-10-26,147000.0,"상승  1,000",148500.0,153000.0,145500.0,63812.0,효성티앤씨,298020
2020-10-27,141500.0,"하락  5,500",144500.0,148500.0,140500.0,68770.0,효성티앤씨,298020
2020-10-28,146500.0,"상승  5,000",141000.0,147000.0,141000.0,38173.0,효성티앤씨,298020
2020-10-29,146000.0,하락  500,143000.0,146000.0,140500.0,38186.0,효성티앤씨,298020
2020-10-30,143000.0,"하락  3,000",145000.0,151000.0,140500.0,49600.0,효성티앤씨,298020
2020-11-02,155500.0,"상승  12,500",151500.0,158500.0,147000.0,205995.0,효성티앤씨,298020
2020-11-03,162500.0,"상승  7,000",157000.0,165500.0,156500.0,126046.0,효성티앤씨,298020
2020-11-04,157500.0,"하락  5,000",164000.0,165000.0,155500.0,78533.0,효성티앤씨,298020
2020-11-05,166000.0,"상승  8,500",161000.0,167500.0,155500.0,88112.0,효성티앤씨,298020
2020-11-06,168000.0,"상승  2,000",168000.0,170500.0,163500.0,52833.0,효성티앤씨,298020
2020-11-09,176000.0,"상승  8,000",172000.0,178500.0,167500.0,113833.0,효성티앤씨,298020
2020-11-10,180000.0,"상승  4,000",178500.0,181000.0,171500.0,62065.0,효성티앤씨,298020
2020-11-11,177000.0,"하락  3,000",180000.0,181500.0,175500.0,51612.0,효성티앤씨,298020
2020-11-12,185000.0,"상승  8,000",179500.0,188000.0,177000.0,92900.0,효성티앤씨,298020
2020-11-13,180000.0,"하락  5,000",189500.0,189500.0,177000.0,63031.0,효성티앤씨,298020
2020-11-16,183000.0,"상승  3,000",178500.0,184500.0,175000.0,49205.0,효성티앤씨,298020
2020-11-17,178500.0,"하락  4,500",183500.0,184000.0,177500.0,28301.0,효성티앤씨,298020
2020-11-18,192000.0,"상승  13,500",182500.0,196000.0,182000.0,119127.0,효성티앤씨,298020
2020-11-19,191500.0,하락  500,189000.0,194500.0,187500.0,46048.0,효성티앤씨,298020
2020-11-20,188000.0,"하락  3,500",189000.0,191500.0,186500.0,37307.0,효성티앤씨,298020
2020-11-23,186500.0,"하락  1,500",188000.0,188000.0,181500.0,46822.0,효성티앤씨,298020
2020-11-24,182500.0,"하락  4,000",189000.0,190000.0,179000.0,70025.0,효성티앤씨,298020
2020-11-25,182000.0,하락  500,183500.0,184500.0,176000.0,88164.0,효성티앤씨,298020
2020-11-26,189000.0,"상승  7,000",182500.0,192000.0,179000.0,69310.0,효성티앤씨,298020
2020-11-27,184000.0,"하락  5,000",190000.0,192000.0,183000.0,43281.0,효성티앤씨,298020
2020-11-30,184500.0,상승  500,184000.0,188500.0,180000.0,45384.0,효성티앤씨,298020
2020-12-01,191000.0,"상승  6,500",190000.0,194500.0,188000.0,90434.0,효성티앤씨,298020
2020-12-02,197000.0,"상승  6,000",195000.0,199000.0,190500.0,68941.0,효성티앤씨,298020
2020-12-03,195500.0,"하락  1,500",197500.0,200500.0,192000.0,56285.0,효성티앤씨,298020
2020-12-04,191000.0,"하락  4,500",196000.0,200000.0,190000.0,49595.0,효성티앤씨,298020
2020-12-07,186000.0,"하락  5,000",191500.0,191500.0,184500.0,38249.0,효성티앤씨,298020
2020-12-08,182000.0,"하락  4,000",186000.0,186500.0,181000.0,52032.0,효성티앤씨,298020
2020-12-09,186500.0,"상승  4,500",183000.0,188500.0,183000.0,24102.0,효성티앤씨,298020
2020-12-10,186500.0,보합0,187500.0,187500.0,185000.0,15263.0,효성티앤씨,298020
2020-12-11,191000.0,"상승  4,500",187000.0,193000.0,187000.0,32925.0,효성티앤씨,298020
2020-12-14,186000.0,"하락  5,000",190500.0,190500.0,184500.0,38193.0,효성티앤씨,298020
2020-12-15,186500.0,상승  500,186000.0,188500.0,184000.0,28642.0,효성티앤씨,298020
2020-12-16,192500.0,"상승  6,000",186500.0,193500.0,185500.0,41263.0,효성티앤씨,298020
2020-12-17,206000.0,"상승  13,500",200000.0,210000.0,199000.0,120083.0,효성티앤씨,298020
2020-12-18,219500.0,"상승  13,500",206500.0,220000.0,203000.0,87015.0,효성티앤씨,298020
2020-12-21,211500.0,"하락  8,000",219500.0,220000.0,210000.0,51419.0,효성티앤씨,298020
2020-12-22,203500.0,"하락  8,000",212000.0,218000.0,202000.0,58792.0,효성티앤씨,298020
2020-12-23,201000.0,"하락  2,500",206000.0,207000.0,197500.0,43865.0,효성티앤씨,298020
2020-12-24,198500.0,"하락  2,500",201000.0,204500.0,196000.0,76221.0,효성티앤씨,298020
2020-12-28,198000.0,하락  500,198500.0,199000.0,193000.0,71782.0,효성티앤씨,298020
2020-12-29,209500.0,"상승  11,500",198500.0,211500.0,197500.0,99324.0,효성티앤씨,298020
2020-12-30,211000.0,"상승  1,500",208500.0,217000.0,205000.0,86217.0,효성티앤씨,298020
2021-01-04,213000.0,"상승  2,000",211000.0,213500.0,206000.0,43647.0,효성티앤씨,298020
2021-01-05,211500.0,"하락  1,500",211000.0,213000.0,208000.0,25494.0,효성티앤씨,298020
2021-01-06,210000.0,"하락  1,500",213000.0,215000.0,207000.0,41942.0,효성티앤씨,298020
2021-01-07,224000.0,"상승  14,000",212000.0,230000.0,211000.0,96702.0,효성티앤씨,298020
2021-01-08,226500.0,"상승  2,500",225000.0,230500.0,222000.0,83552.0,효성티앤씨,298020
2021-01-11,215000.0,"하락  11,500",224000.0,225500.0,210000.0,89472.0,효성티앤씨,298020
2021-01-12,214500.0,하락  500,211000.0,217000.0,210500.0,31579.0,효성티앤씨,298020
2021-01-13,215000.0,상승  500,215500.0,217500.0,209000.0,47499.0,효성티앤씨,298020
2021-01-14,228000.0,"상승  13,000",229500.0,242000.0,226500.0,152790.0,효성티앤씨,298020
2021-01-15,250000.0,"상승  22,000",245000.0,264000.0,240000.0,283325.0,효성티앤씨,298020
2021-01-18,249500.0,하락  500,250000.0,262000.0,246000.0,140519.0,효성티앤씨,298020
2021-01-19,251500.0,"상승  2,000",258000.0,260000.0,245500.0,136495.0,효성티앤씨,298020
2021-01-20,276000.0,"상승  24,500",252000.0,278500.0,250000.0,169921.0,효성티앤씨,298020
2021-01-21,288500.0,"상승  12,500",277500.0,293500.0,276500.0,110392.0,효성티앤씨,298020
2021-01-22,289000.0,상승  500,292000.0,292500.0,282500.0,46534.0,효성티앤씨,298020
2021-01-25,290000.0,"상승  1,000",288000.0,290000.0,279500.0,69186.0,효성티앤씨,298020
2021-01-26,284000.0,"하락  6,000",291000.0,291000.0,280000.0,56293.0,효성티앤씨,298020
2021-01-27,295500.0,"상승  11,500",282000.0,310000.0,272500.0,171427.0,효성티앤씨,298020
2021-01-28,315500.0,"상승  20,000",286000.0,327500.0,286000.0,225905.0,효성티앤씨,298020
2021-01-29,299500.0,"하락  16,000",320000.0,332500.0,288500.0,237605.0,효성티앤씨,298020
2021-02-01,389000.0,"상한가  89,500",348500.0,389000.0,339000.0,233497.0,효성티앤씨,298020
2021-02-02,416000.0,"상승  27,000",442500.0,458500.0,400500.0,538484.0,효성티앤씨,298020
2021-02-03,442500.0,"상승  26,500",421000.0,503000.0,406500.0,828536.0,효성티앤씨,298020
2021-02-04,449000.0,"상승  6,500",448000.0,464500.0,436000.0,181870.0,효성티앤씨,298020
2021-02-05,479000.0,"상승  30,000",455500.0,483000.0,447000.0,264110.0,효성티앤씨,298020
2021-02-08,453000.0,"하락  26,000",478500.0,497000.0,450000.0,192765.0,효성티앤씨,298020
2021-02-09,435000.0,"하락  18,000",457500.0,459500.0,430500.0,143218.0,효성티앤씨,298020
2021-02-10,444000.0,"상승  9,000",431000.0,448500.0,429000.0,103855.0,효성티앤씨,298020
2021-02-15,432500.0,"하락  11,500",444000.0,444500.0,429500.0,94235.0,효성티앤씨,298020
2021-02-16,429500.0,"하락  3,000",432500.0,439000.0,413000.0,155144.0,효성티앤씨,298020
2021-02-17,431000.0,"상승  1,500",432000.0,449000.0,428500.0,124436.0,효성티앤씨,298020
2021-02-18,412000.0,"하락  19,000",424000.0,427500.0,409500.0,119173.0,효성티앤씨,298020
2021-02-19,424500.0,"상승  12,500",418000.0,428500.0,406000.0,94374.0,효성티앤씨,298020
2021-02-22,414500.0,"하락  10,000",433000.0,443000.0,414000.0,108217.0,효성티앤씨,298020
2021-02-23,420000.0,"상승  5,500",407500.0,429000.0,403500.0,91159.0,효성티앤씨,298020
2021-02-24,394500.0,"하락  25,500",426000.0,428000.0,392000.0,101424.0,효성티앤씨,298020
2021-02-25,418000.0,"상승  23,500",413500.0,421000.0,406000.0,80529.0,효성티앤씨,298020
2021-02-26,411000.0,"하락  7,000",402000.0,413000.0,399500.0,51237.0,효성티앤씨,298020
2021-03-02,422000.0,"상승  11,000",430000.0,432500.0,412500.0,93773.0,효성티앤씨,298020
2021-03-03,425000.0,"상승  3,000",427000.0,437000.0,421000.0,59353.0,효성티앤씨,298020
2021-03-04,435500.0,"상승  10,500",417500.0,443500.0,417000.0,90907.0,효성티앤씨,298020
2021-03-05,438000.0,"상승  2,500",435500.0,438000.0,421000.0,55750.0,효성티앤씨,298020
2021-03-08,447500.0,"상승  9,500",449000.0,467500.0,439500.0,140957.0,효성티앤씨,298020
2021-03-09,441500.0,"하락  6,000",457500.0,458000.0,424000.0,87820.0,효성티앤씨,298020
2021-03-10,428000.0,"하락  13,500",448000.0,452000.0,425000.0,56480.0,효성티앤씨,298020
2021-03-11,479000.0,"상승  51,000",446000.0,484500.0,442000.0,216460.0,효성티앤씨,298020
2021-03-12,483000.0,"상승  4,000",488000.0,488000.0,465000.0,102216.0,효성티앤씨,298020
2021-03-15,514000.0,"상승  31,000",483000.0,522000.0,475000.0,122835.0,효성티앤씨,298020
2021-03-16,540000.0,"상승  26,000",511000.0,546000.0,508000.0,112905.0,효성티앤씨,298020
2021-03-17,553000.0,"상승  13,000",547000.0,574000.0,540000.0,119688.0,효성티앤씨,298020
2021-03-18,539000.0,"하락  14,000",563000.0,570000.0,537000.0,103646.0,효성티앤씨,298020
2021-03-19,546000.0,"상승  7,000",531000.0,548000.0,526000.0,76776.0,효성티앤씨,298020
2021-03-22,545000.0,"하락  1,000",541000.0,560000.0,539000.0,52874.0,효성티앤씨,298020
2021-03-23,536000.0,"하락  9,000",552000.0,553000.0,535000.0,55484.0,효성티앤씨,298020
2021-03-24,555000.0,"상승  19,000",528000.0,560000.0,518000.0,87274.0,효성티앤씨,298020
2021-03-25,591000.0,"상승  36,000",584000.0,623000.0,569000.0,210637.0,효성티앤씨,298020
2021-03-26,611000.0,"상승  20,000",591000.0,627000.0,586000.0,130267.0,효성티앤씨,298020
2021-03-29,570000.0,"하락  41,000",615000.0,617000.0,554000.0,167180.0,효성티앤씨,298020
2021-03-30,558000.0,"하락  12,000",564000.0,587000.0,551000.0,89415.0,효성티앤씨,298020
2021-03-31,573000.0,"상승  15,000",563000.0,579000.0,550000.0,77399.0,효성티앤씨,298020
2021-04-01,558000.0,"하락  15,000",570000.0,580000.0,554000.0,66311.0,효성티앤씨,298020
2021-04-02,545000.0,"하락  13,000",567000.0,569000.0,540000.0,87050.0,효성티앤씨,298020
2021-04-05,551000.0,"상승  6,000",539000.0,564000.0,533000.0,80319.0,효성티앤씨,298020
2021-04-06,556000.0,"상승  5,000",551000.0,561000.0,546000.0,40867.0,효성티앤씨,298020
2021-04-07,585000.0,"상승  29,000",574000.0,598000.0,566000.0,113834.0,효성티앤씨,298020
2021-04-08,572000.0,"하락  13,000",589000.0,594000.0,565000.0,77478.0,효성티앤씨,298020
2021-04-09,573000.0,"상승  1,000",575000.0,579000.0,563000.0,37946.0,효성티앤씨,298020
2021-04-12,567000.0,"하락  6,000",573000.0,576000.0,560000.0,32444.0,효성티앤씨,298020
2021-04-13,572000.0,"상승  5,000",567000.0,572000.0,557000.0,43780.0,효성티앤씨,298020
2021-04-14,577000.0,"상승  5,000",572000.0,586000.0,566000.0,42589.0,효성티앤씨,298020
2021-04-15,600000.0,"상승  23,000",577000.0,605000.0,572000.0,79017.0,효성티앤씨,298020
2021-04-16,700000.0,"상승  100,000",622000.0,700000.0,620000.0,350288.0,효성티앤씨,298020
2021-04-19,693000.0,"하락  7,000",712000.0,713000.0,676000.0,136770.0,효성티앤씨,298020
2021-04-20,715000.0,"상승  22,000",691000.0,735000.0,683000.0,133449.0,효성티앤씨,298020
2021-04-21,738000.0,"상승  23,000",710000.0,744000.0,705000.0,85575.0,효성티앤씨,298020
2021-04-22,737000.0,"하락  1,000",751000.0,767000.0,727000.0,88485.0,효성티앤씨,298020
2021-04-23,743000.0,"상승  6,000",737000.0,744000.0,724000.0,46140.0,효성티앤씨,298020
2021-04-26,741000.0,"하락  2,000",752000.0,753000.0,735000.0,66760.0,효성티앤씨,298020
2021-04-27,696000.0,"하락  45,000",741000.0,741000.0,686000.0,202519.0,효성티앤씨,298020
2021-04-28,691000.0,"하락  5,000",687000.0,714000.0,663000.0,99966.0,효성티앤씨,298020
2021-04-29,698000.0,"상승  7,000",691000.0,705000.0,686000.0,51833.0,효성티앤씨,298020
2021-04-30,723000.0,"상승  25,000",688000.0,729000.0,680000.0,122911.0,효성티앤씨,298020
2021-05-03,740000.0,"상승  17,000",783000.0,810000.0,735000.0,287618.0,효성티앤씨,298020
2021-05-04,722000.0,"하락  18,000",741000.0,752000.0,706000.0,103501.0,효성티앤씨,298020
2021-05-06,763000.0,"상승  41,000",732000.0,778000.0,723000.0,129199.0,효성티앤씨,298020
2021-05-07,764000.0,"상승  1,000",766000.0,784000.0,751000.0,84967.0,효성티앤씨,298020
2021-05-10,752000.0,"하락  12,000",770000.0,775000.0,748000.0,75012.0,효성티앤씨,298020
2021-05-11,754000.0,"상승  2,000",750000.0,765000.0,743000.0,50000.0,효성티앤씨,298020
2021-05-12,726000.0,"하락  28,000",763000.0,763000.0,715000.0,87189.0,효성티앤씨,298020
2021-05-13,699000.0,"하락  27,000",703000.0,721000.0,695000.0,85656.0,효성티앤씨,298020
2021-05-14,729000.0,"상승  30,000",707000.0,742000.0,691000.0,93808.0,효성티앤씨,298020
2021-05-17,723000.0,"하락  6,000",737000.0,743000.0,715000.0,58583.0,효성티앤씨,298020
2021-05-18,744000.0,"상승  21,000",722000.0,746000.0,715000.0,65946.0,효성티앤씨,298020
2021-05-20,724000.0,"하락  20,000",745000.0,752000.0,722000.0,45825.0,효성티앤씨,298020
2021-05-21,710000.0,"하락  14,000",735000.0,735000.0,710000.0,41212.0,효성티앤씨,298020
2021-05-24,714000.0,"상승  4,000",710000.0,725000.0,696000.0,41218.0,효성티앤씨,298020
2021-05-25,721000.0,"상승  7,000",724000.0,729000.0,716000.0,37642.0,효성티앤씨,298020
2021-05-26,719000.0,"하락  2,000",725000.0,753000.0,716000.0,117641.0,효성티앤씨,298020
2021-05-27,706000.0,"하락  13,000",721000.0,724000.0,699000.0,66221.0,효성티앤씨,298020
2021-05-28,710000.0,"상승  4,000",715000.0,716000.0,706000.0,26826.0,효성티앤씨,298020
2021-05-31,705000.0,"하락  5,000",713000.0,717000.0,702000.0,31270.0,효성티앤씨,298020
2021-06-01,699000.0,"하락  6,000",700000.0,706000.0,694000.0,39644.0,효성티앤씨,298020
2021-06-02,721000.0,"상승  22,000",703000.0,728000.0,700000.0,62880.0,효성티앤씨,298020
2021-06-03,716000.0,"하락  5,000",729000.0,731000.0,713000.0,27947.0,효성티앤씨,298020
2021-06-04,712000.0,"하락  4,000",716000.0,731000.0,704000.0,53404.0,효성티앤씨,298020
2021-06-07,743000.0,"상승  31,000",733000.0,755000.0,721000.0,109756.0,효성티앤씨,298020
2021-06-08,741000.0,"하락  2,000",745000.0,748000.0,725000.0,50746.0,효성티앤씨,298020
2021-06-09,715000.0,"하락  26,000",743000.0,746000.0,706000.0,87541.0,효성티앤씨,298020
2021-06-10,704000.0,"하락  11,000",715000.0,730000.0,704000.0,104770.0,효성티앤씨,298020
2021-06-11,707000.0,"상승  3,000",709000.0,719000.0,701000.0,62005.0,효성티앤씨,298020
2021-06-14,735000.0,"상승  28,000",707000.0,737000.0,703000.0,85958.0,효성티앤씨,298020
2021-06-15,793000.0,"상승  58,000",736000.0,795000.0,721000.0,191801.0,효성티앤씨,298020
2021-06-16,795000.0,"상승  2,000",791000.0,819000.0,780000.0,88210.0,효성티앤씨,298020
2021-06-17,834000.0,"상승  39,000",790000.0,844000.0,782000.0,107576.0,효성티앤씨,298020
2021-06-18,834000.0,보합0,834000.0,844000.0,823000.0,55683.0,효성티앤씨,298020
2021-06-21,829000.0,"하락  5,000",830000.0,842000.0,817000.0,39512.0,효성티앤씨,298020
2021-06-22,863000.0,"상승  34,000",827000.0,868000.0,824000.0,65329.0,효성티앤씨,298020
2021-06-23,843000.0,"하락  20,000",861000.0,874000.0,838000.0,64037.0,효성티앤씨,298020
2021-06-24,850000.0,"상승  7,000",846000.0,866000.0,832000.0,51394.0,효성티앤씨,298020
2021-06-25,852000.0,"상승  2,000",854000.0,885000.0,847000.0,82265.0,효성티앤씨,298020
2021-06-28,845000.0,"하락  7,000",856000.0,874000.0,842000.0,47291.0,효성티앤씨,298020
2021-06-29,896000.0,"상승  51,000",856000.0,898000.0,849000.0,108573.0,효성티앤씨,298020
2021-06-30,900000.0,"상승  4,000",902000.0,913000.0,886000.0,54906.0,효성티앤씨,298020
2021-07-01,892000.0,"하락  8,000",901000.0,950000.0,888000.0,127674.0,효성티앤씨,298020
2021-07-02,898000.0,"상승  6,000",902000.0,924000.0,892000.0,38820.0,효성티앤씨,298020
2021-07-05,873000.0,"하락  25,000",904000.0,906000.0,870000.0,65347.0,효성티앤씨,298020
2021-07-06,881000.0,"상승  8,000",877000.0,892000.0,875000.0,31707.0,효성티앤씨,298020
2021-07-07,881000.0,보합0,881000.0,892000.0,874000.0,26840.0,효성티앤씨,298020
2021-07-08,891000.0,"상승  10,000",881000.0,917000.0,877000.0,60858.0,효성티앤씨,298020
2021-07-09,890000.0,"하락  1,000",883000.0,899000.0,864000.0,59545.0,효성티앤씨,298020
2021-07-12,878000.0,"하락  12,000",891000.0,896000.0,875000.0,37330.0,효성티앤씨,298020
2021-07-13,906000.0,"상승  28,000",880000.0,917000.0,870000.0,70640.0,효성티앤씨,298020
2021-07-14,898000.0,"하락  8,000",906000.0,917000.0,892000.0,43970.0,효성티앤씨,298020
2021-07-15,935000.0,"상승  37,000",905000.0,945000.0,901000.0,93670.0,효성티앤씨,298020
2021-07-16,881000.0,"하락  54,000",945000.0,963000.0,875000.0,142525.0,효성티앤씨,298020
2021-07-19,882000.0,"상승  1,000",870000.0,891000.0,843000.0,55379.0,효성티앤씨,298020
2021-07-20,862000.0,"하락  20,000",870000.0,886000.0,855000.0,39708.0,효성티앤씨,298020
2021-07-21,869000.0,"상승  7,000",870000.0,888000.0,865000.0,29631.0,효성티앤씨,298020
2021-07-22,869000.0,보합0,872000.0,880000.0,865000.0,29951.0,효성티앤씨,298020
2021-07-23,868000.0,"하락  1,000",874000.0,881000.0,860000.0,23977.0,효성티앤씨,298020
2021-07-26,867000.0,"하락  1,000",867000.0,890000.0,864000.0,35435.0,효성티앤씨,298020
2021-07-27,876000.0,"상승  9,000",878000.0,895000.0,870000.0,34014.0,효성티앤씨,298020
2021-07-28,886000.0,"상승  10,000",879000.0,898000.0,876000.0,33935.0,효성티앤씨,298020
2021-07-29,916000.0,"상승  30,000",899000.0,926000.0,888000.0,79925.0,효성티앤씨,298020
2021-07-30,889000.0,"하락  27,000",915000.0,922000.0,883000.0,60325.0,효성티앤씨,298020
2021-08-02,866000.0,"하락  23,000",915000.0,923000.0,856000.0,106690.0,효성티앤씨,298020
2021-08-03,867000.0,"상승  1,000",868000.0,875000.0,851000.0,43212.0,효성티앤씨,298020
2021-08-04,870000.0,"상승  3,000",868000.0,873000.0,862000.0,23261.0,효성티앤씨,298020
2021-08-05,874000.0,"상승  4,000",871000.0,879000.0,868000.0,22954.0,효성티앤씨,298020
2021-08-06,862000.0,"하락  12,000",875000.0,875000.0,857000.0,33558.0,효성티앤씨,298020
2021-08-09,846000.0,"하락  16,000",861000.0,864000.0,845000.0,41545.0,효성티앤씨,298020
2021-08-10,832000.0,"하락  14,000",847000.0,856000.0,822000.0,52522.0,효성티앤씨,298020
2021-08-11,797000.0,"하락  35,000",838000.0,838000.0,785000.0,106462.0,효성티앤씨,298020
2021-08-12,809000.0,"상승  12,000",800000.0,813000.0,796000.0,45932.0,효성티앤씨,298020
2021-08-13,783000.0,"하락  26,000",810000.0,810000.0,767000.0,81699.0,효성티앤씨,298020
2021-08-17,775000.0,"하락  8,000",783000.0,790000.0,747000.0,54037.0,효성티앤씨,298020
2021-08-18,772000.0,"하락  3,000",765000.0,781000.0,760000.0,26441.0,효성티앤씨,298020
2021-08-19,745000.0,"하락  27,000",772000.0,774000.0,745000.0,46916.0,효성티앤씨,298020
2021-08-20,731000.0,"하락  14,000",745000.0,756000.0,720000.0,57635.0,효성티앤씨,298020
2021-08-23,725000.0,"하락  6,000",732000.0,739000.0,716000.0,35617.0,효성티앤씨,298020
2021-08-24,734000.0,"상승  9,000",730000.0,747000.0,722000.0,43260.0,효성티앤씨,298020
2021-08-25,776000.0,"상승  42,000",741000.0,793000.0,736000.0,73601.0,효성티앤씨,298020
2021-08-26,773000.0,"하락  3,000",786000.0,802000.0,769000.0,53016.0,효성티앤씨,298020
2021-08-27,773000.0,보합0,767000.0,783000.0,755000.0,28581.0,효성티앤씨,298020
2021-08-30,771000.0,"하락  2,000",786000.0,786000.0,769000.0,27916.0,효성티앤씨,298020
2021-08-31,777000.0,"상승  6,000",772000.0,783000.0,753000.0,38459.0,효성티앤씨,298020
2021-09-01,784000.0,"상승  7,000",773000.0,794000.0,773000.0,27785.0,효성티앤씨,298020
2021-09-02,744000.0,"하락  40,000",781000.0,782000.0,739000.0,53938.0,효성티앤씨,298020
2021-09-03,732000.0,"하락  12,000",744000.0,745000.0,727000.0,53924.0,효성티앤씨,298020
2021-09-06,734000.0,"상승  2,000",737000.0,743000.0,728000.0,20983.0,효성티앤씨,298020
2021-09-07,726000.0,"하락  8,000",734000.0,735000.0,721000.0,30670.0,효성티앤씨,298020
2021-09-08,731000.0,"상승  5,000",721000.0,745000.0,721000.0,40205.0,효성티앤씨,298020
2021-09-09,709000.0,"하락  22,000",726000.0,737000.0,700000.0,68210.0,효성티앤씨,298020
2021-09-10,756000.0,"상승  47,000",718000.0,757000.0,716000.0,98242.0,효성티앤씨,298020
2021-09-13,726000.0,"하락  30,000",765000.0,775000.0,723000.0,66223.0,효성티앤씨,298020
2021-09-14,747000.0,"상승  21,000",733000.0,759000.0,730000.0,52611.0,효성티앤씨,298020
2021-09-15,748000.0,"상승  1,000",747000.0,750000.0,732000.0,27288.0,효성티앤씨,298020
2021-09-16,756000.0,"상승  8,000",752000.0,773000.0,750000.0,51782.0,효성티앤씨,298020
2021-09-17,733000.0,"하락  23,000",756000.0,757000.0,731000.0,46142.0,효성티앤씨,298020
2021-09-23,712000.0,"하락  21,000",721000.0,723000.0,708000.0,40961.0,효성티앤씨,298020
2021-09-24,713000.0,"상승  1,000",722000.0,734000.0,712000.0,47286.0,효성티앤씨,298020
2021-09-27,700000.0,"하락  13,000",710000.0,716000.0,700000.0,43804.0,효성티앤씨,298020
2021-09-28,667000.0,"하락  33,000",702000.0,702000.0,659000.0,91261.0,효성티앤씨,298020
2021-09-29,673000.0,"상승  6,000",648000.0,674000.0,646000.0,45993.0,효성티앤씨,298020
2021-09-30,645000.0,"하락  28,000",669000.0,672000.0,633000.0,64240.0,효성티앤씨,298020
2021-10-01,629000.0,"하락  16,000",633000.0,657000.0,628000.0,36486.0,효성티앤씨,298020
2021-10-05,632000.0,"상승  3,000",617000.0,641000.0,607000.0,44885.0,효성티앤씨,298020
2021-10-06,593000.0,"하락  39,000",636000.0,639000.0,593000.0,49434.0,효성티앤씨,298020
2021-10-07,620000.0,"상승  27,000",602000.0,626000.0,599000.0,44857.0,효성티앤씨,298020
2021-10-08,610000.0,"하락  10,000",627000.0,627000.0,607000.0,36605.0,효성티앤씨,298020
2021-10-12,606000.0,"하락  4,000",610000.0,622000.0,606000.0,26394.0,효성티앤씨,298020
2021-10-13,614000.0,"상승  8,000",603000.0,615000.0,603000.0,19031.0,효성티앤씨,298020
2021-10-14,622000.0,"상승  8,000",616000.0,640000.0,615000.0,39539.0,효성티앤씨,298020
2021-10-15,620000.0,"하락  2,000",627000.0,630000.0,607000.0,30811.0,효성티앤씨,298020
2021-10-18,628000.0,"상승  8,000",625000.0,641000.0,622000.0,41912.0,효성티앤씨,298020
2021-10-19,625000.0,"하락  3,000",629000.0,635000.0,621000.0,32894.0,효성티앤씨,298020
2021-10-20,621000.0,"하락  4,000",631000.0,637000.0,619000.0,29556.0,효성티앤씨,298020
2021-10-21,612000.0,"하락  9,000",624000.0,625000.0,607000.0,28241.0,효성티앤씨,298020
2021-10-22,603000.0,"하락  9,000",612000.0,613000.0,602000.0,23764.0,효성티앤씨,298020
2021-10-25,624000.0,"상승  21,000",602000.0,625000.0,595000.0,32558.0,효성티앤씨,298020
2021-10-26,621000.0,"하락  3,000",629000.0,630000.0,616000.0,16903.0,효성티앤씨,298020
2021-10-27,606000.0,"하락  15,000",620000.0,621000.0,605000.0,22293.0,효성티앤씨,298020
2021-10-28,606000.0,보합0,607000.0,622000.0,602000.0,21642.0,효성티앤씨,298020
2021-10-29,597000.0,"하락  9,000",606000.0,615000.0,596000.0,32272.0,효성티앤씨,298020
2021-11-01,597000.0,보합0,613000.0,616000.0,593000.0,34664.0,효성티앤씨,298020
2021-11-02,585000.0,"하락  12,000",598000.0,602000.0,585000.0,39644.0,효성티앤씨,298020
2021-11-03,566000.0,"하락  19,000",586000.0,588000.0,560000.0,53764.0,효성티앤씨,298020
2021-11-04,605000.0,"상승  39,000",567000.0,606000.0,567000.0,82672.0,효성티앤씨,298020
2021-11-05,566000.0,"하락  39,000",597000.0,604000.0,563000.0,60624.0,효성티앤씨,298020
2021-11-08,571000.0,"상승  5,000",567000.0,577000.0,555000.0,22000.0,효성티앤씨,298020
2021-11-09,553000.0,"하락  18,000",567000.0,577000.0,550000.0,35626.0,효성티앤씨,298020
2021-11-10,542000.0,"하락  11,000",549000.0,554000.0,534000.0,40706.0,효성티앤씨,298020
2021-11-11,534000.0,"하락  8,000",533000.0,540000.0,526000.0,35535.0,효성티앤씨,298020
2021-11-12,562000.0,"상승  28,000",535000.0,580000.0,535000.0,62633.0,효성티앤씨,298020
2021-11-15,560000.0,"하락  2,000",572000.0,572000.0,553000.0,20155.0,효성티앤씨,298020
2021-11-16,549000.0,"하락  11,000",555000.0,556000.0,538000.0,27921.0,효성티앤씨,298020
2021-11-17,553000.0,"상승  4,000",566000.0,580000.0,549000.0,56571.0,효성티앤씨,298020
2021-11-18,544000.0,"하락  9,000",553000.0,554000.0,533000.0,41235.0,효성티앤씨,298020
2021-11-19,541000.0,"하락  3,000",549000.0,556000.0,538000.0,28716.0,효성티앤씨,298020
2021-11-22,539000.0,"하락  2,000",541000.0,545000.0,528000.0,39511.0,효성티앤씨,298020
2021-11-23,541000.0,"상승  2,000",535000.0,556000.0,532000.0,40038.0,효성티앤씨,298020
2021-11-24,531000.0,"하락  10,000",540000.0,545000.0,530000.0,35717.0,효성티앤씨,298020
2021-11-25,523000.0,"하락  8,000",532000.0,533000.0,519000.0,27673.0,효성티앤씨,298020
2021-11-26,510000.0,"하락  13,000",522000.0,531000.0,510000.0,31545.0,효성티앤씨,298020
2021-11-29,511000.0,"상승  1,000",495000.0,522000.0,495000.0,35070.0,효성티앤씨,298020
2021-11-30,502000.0,"하락  9,000",513000.0,515000.0,497500.0,35018.0,효성티앤씨,298020
2021-12-01,534000.0,"상승  32,000",502000.0,551000.0,496000.0,97707.0,효성티앤씨,298020
2021-12-02,569000.0,"상승  35,000",541000.0,574000.0,524000.0,148143.0,효성티앤씨,298020
2021-12-03,597000.0,"상승  28,000",580000.0,610000.0,577000.0,118532.0,효성티앤씨,298020
2021-12-06,604000.0,"상승  7,000",603000.0,615000.0,591000.0,64386.0,효성티앤씨,298020
2021-12-07,632000.0,"상승  28,000",614000.0,634000.0,601000.0,83211.0,효성티앤씨,298020
2021-12-08,605000.0,"하락  27,000",639000.0,642000.0,601000.0,90286.0,효성티앤씨,298020
2021-12-09,615000.0,"상승  10,000",609000.0,625000.0,607000.0,45342.0,효성티앤씨,298020
2021-12-10,605000.0,"하락  10,000",613000.0,618000.0,594000.0,42753.0,효성티앤씨,298020
2021-12-13,597000.0,"하락  8,000",605000.0,609000.0,595000.0,28598.0,효성티앤씨,298020
2021-12-14,579000.0,"하락  18,000",600000.0,600000.0,574000.0,41933.0,효성티앤씨,298020
2021-12-15,571000.0,"하락  8,000",576000.0,593000.0,570000.0,35812.0,효성티앤씨,298020
2021-12-16,570000.0,"하락  1,000",579000.0,581000.0,564000.0,26672.0,효성티앤씨,298020
2021-12-17,572000.0,"상승  2,000",567000.0,576000.0,563000.0,29765.0,효성티앤씨,298020
2021-12-20,538000.0,"하락  34,000",573000.0,573000.0,535000.0,76000.0,효성티앤씨,298020
2021-12-21,540000.0,"상승  2,000",538000.0,547000.0,537000.0,24630.0,효성티앤씨,298020
2021-12-22,531000.0,"하락  9,000",542000.0,545000.0,531000.0,25675.0,효성티앤씨,298020
2021-12-23,543000.0,"상승  12,000",533000.0,546000.0,530000.0,27093.0,효성티앤씨,298020
2021-12-24,547000.0,"상승  4,000",549000.0,560000.0,545000.0,28709.0,효성티앤씨,298020
2021-12-27,535000.0,"하락  12,000",547000.0,550000.0,534000.0,23962.0,효성티앤씨,298020
2021-12-28,543000.0,"상승  8,000",540000.0,544000.0,515000.0,45611.0,효성티앤씨,298020
2021-12-29,529000.0,"하락  14,000",532000.0,541000.0,527000.0,31574.0,효성티앤씨,298020
2021-12-30,521000.0,"하락  8,000",529000.0,531000.0,519000.0,21934.0,효성티앤씨,298020
2022-01-03,524000.0,"상승  3,000",522000.0,526000.0,510000.0,37867.0,효성티앤씨,298020
2022-01-04,530000.0,"상승  6,000",522000.0,537000.0,521000.0,25320.0,효성티앤씨,298020
2022-01-05,551000.0,"상승  21,000",550000.0,563000.0,534000.0,120792.0,효성티앤씨,298020
2022-01-06,534000.0,"하락  17,000",540000.0,549000.0,530000.0,44676.0,효성티앤씨,298020
2022-01-07,599000.0,"상승  65,000",537000.0,599000.0,536000.0,180213.0,효성티앤씨,298020
2022-01-10,601000.0,"상승  2,000",596000.0,610000.0,586000.0,88528.0,효성티앤씨,298020
2022-01-11,546000.0,"하락  55,000",593000.0,595000.0,542000.0,127788.0,효성티앤씨,298020
2022-01-12,547000.0,"상승  1,000",556000.0,566000.0,535000.0,72847.0,효성티앤씨,298020
2022-01-13,531000.0,"하락  16,000",549000.0,553000.0,531000.0,48231.0,효성티앤씨,298020
2022-01-14,529000.0,"하락  2,000",521000.0,539000.0,519000.0,42494.0,효성티앤씨,298020
2022-01-17,510000.0,"하락  19,000",525000.0,529000.0,508000.0,44579.0,효성티앤씨,298020
2022-01-18,500000.0,"하락  10,000",508000.0,515000.0,500000.0,34226.0,효성티앤씨,298020
2022-01-19,491000.0,"하락  9,000",490000.0,504000.0,490000.0,40073.0,효성티앤씨,298020
2022-01-20,493500.0,"상승  2,500",488500.0,498500.0,487000.0,36300.0,효성티앤씨,298020
2022-01-21,475500.0,"하락  18,000",490000.0,492000.0,474000.0,57089.0,효성티앤씨,298020
2022-01-24,443000.0,"하락  32,500",456000.0,459000.0,437500.0,111274.0,효성티앤씨,298020
2022-01-25,437000.0,"하락  6,000",441000.0,444000.0,427000.0,60239.0,효성티앤씨,298020
2022-01-26,429000.0,"하락  8,000",437000.0,443000.0,429000.0,32791.0,효성티앤씨,298020
2022-01-27,415500.0,"하락  13,500",429500.0,437000.0,415500.0,52376.0,효성티앤씨,298020
2022-01-28,416000.0,상승  500,415000.0,421500.0,400500.0,57356.0,효성티앤씨,298020
2022-02-03,419000.0,"상승  3,000",423500.0,430500.0,413000.0,43617.0,효성티앤씨,298020
2022-02-04,427000.0,"상승  8,000",415500.0,429000.0,412000.0,56202.0,효성티앤씨,298020
2022-02-07,423000.0,"하락  4,000",427000.0,428500.0,415500.0,33342.0,효성티앤씨,298020
2022-02-08,424000.0,"상승  1,000",425500.0,441000.0,421000.0,47542.0,효성티앤씨,298020
2022-02-09,434000.0,"상승  10,000",427500.0,438500.0,421000.0,55542.0,효성티앤씨,298020
2022-02-10,451500.0,"상승  17,500",440500.0,470500.0,433000.0,94248.0,효성티앤씨,298020
2022-02-11,440500.0,"하락  11,000",445000.0,450000.0,434500.0,54912.0,효성티앤씨,298020
2022-02-14,425500.0,"하락  15,000",430500.0,437000.0,425000.0,33573.0,효성티앤씨,298020
2022-02-15,420000.0,"하락  5,500",425500.0,432000.0,417000.0,39703.0,효성티앤씨,298020
2022-02-16,438500.0,"상승  18,500",428000.0,448000.0,426000.0,51026.0,효성티앤씨,298020
2022-02-17,440000.0,"상승  1,500",440500.0,458000.0,431000.0,81352.0,효성티앤씨,298020
2022-02-18,469500.0,"상승  29,500",433000.0,474500.0,432500.0,82200.0,효성티앤씨,298020
2022-02-21,472000.0,"상승  2,500",464000.0,476000.0,459000.0,42703.0,효성티앤씨,298020
2022-02-22,462000.0,"하락  10,000",463000.0,479500.0,457000.0,48325.0,효성티앤씨,298020
2022-02-23,478000.0,"상승  16,000",467000.0,490500.0,465000.0,64458.0,효성티앤씨,298020
2022-02-24,475000.0,"하락  3,000",491000.0,496500.0,471500.0,128629.0,효성티앤씨,298020
2022-02-25,484500.0,"상승  9,500",491000.0,502000.0,481500.0,80227.0,효성티앤씨,298020
2022-02-28,482000.0,"하락  2,500",482500.0,488500.0,474500.0,37056.0,효성티앤씨,298020
2022-03-02,478500.0,"하락  3,500",477500.0,487000.0,474500.0,56762.0,효성티앤씨,298020
2022-03-03,493000.0,"상승  14,500",487000.0,498000.0,487000.0,51929.0,효성티앤씨,298020
2022-03-04,499000.0,"상승  6,000",493500.0,505000.0,490000.0,46686.0,효성티앤씨,298020
2022-03-07,480000.0,"하락  19,000",494000.0,495000.0,477500.0,43056.0,효성티앤씨,298020
2022-03-08,476500.0,"하락  3,500",470000.0,487500.0,469500.0,34753.0,효성티앤씨,298020
2022-03-10,481500.0,"상승  5,000",494500.0,494500.0,481500.0,33093.0,효성티앤씨,298020
2022-03-11,482000.0,상승  500,481000.0,485500.0,477000.0,22347.0,효성티앤씨,298020
2022-03-14,482500.0,상승  500,482000.0,492000.0,481000.0,29476.0,효성티앤씨,298020
2022-03-15,466500.0,"하락  16,000",483000.0,488500.0,461000.0,44468.0,효성티앤씨,298020
2022-03-16,475000.0,"상승  8,500",474000.0,483500.0,470000.0,28904.0,효성티앤씨,298020
2022-03-17,482000.0,"상승  7,000",484000.0,491500.0,481500.0,37774.0,효성티앤씨,298020
2022-03-18,473000.0,"하락  9,000",485000.0,486000.0,470000.0,49212.0,효성티앤씨,298020
2022-03-21,459000.0,"하락  14,000",473000.0,474500.0,459000.0,59602.0,효성티앤씨,298020
2022-03-22,467500.0,"상승  8,500",460000.0,468000.0,457000.0,26669.0,효성티앤씨,298020
2022-03-23,462500.0,"하락  5,000",471000.0,472000.0,461500.0,39418.0,효성티앤씨,298020
2022-03-24,454000.0,"하락  8,500",459000.0,462000.0,452500.0,38886.0,효성티앤씨,298020
2022-03-25,449500.0,"하락  4,500",454000.0,457500.0,448000.0,31469.0,효성티앤씨,298020
2022-03-28,441000.0,"하락  8,500",448000.0,449000.0,435500.0,45000.0,효성티앤씨,298020
2022-03-29,439000.0,"하락  2,000",441000.0,447000.0,438000.0,31168.0,효성티앤씨,298020
2022-03-30,443000.0,"상승  4,000",441500.0,450500.0,441500.0,30946.0,효성티앤씨,298020
2022-03-31,465000.0,"상승  22,000",445000.0,465000.0,443000.0,64298.0,효성티앤씨,298020
2022-04-01,462500.0,"하락  2,500",462000.0,472500.0,456000.0,48752.0,효성티앤씨,298020
2022-04-04,465000.0,"상승  2,500",463000.0,467000.0,459000.0,21711.0,효성티앤씨,298020
2022-04-05,456000.0,"하락  9,000",464500.0,467500.0,455000.0,36385.0,효성티앤씨,298020
2022-04-06,442500.0,"하락  13,500",451500.0,453000.0,441000.0,43059.0,효성티앤씨,298020
2022-04-07,435000.0,"하락  7,500",440500.0,442000.0,433000.0,27081.0,효성티앤씨,298020
2022-04-08,437000.0,"상승  2,000",435500.0,440000.0,432000.0,22660.0,효성티앤씨,298020
2022-04-11,433000.0,"하락  4,000",438500.0,442500.0,430500.0,25704.0,효성티앤씨,298020
2022-04-12,427000.0,"하락  6,000",430500.0,435000.0,425500.0,30266.0,효성티앤씨,298020
2022-04-13,432000.0,"상승  5,000",427000.0,434000.0,425000.0,20295.0,효성티앤씨,298020
2022-04-14,425500.0,"하락  6,500",432000.0,434000.0,425000.0,31719.0,효성티앤씨,298020
2022-04-15,422000.0,"하락  3,500",426000.0,426500.0,419500.0,22476.0,효성티앤씨,298020
2022-04-18,420500.0,"하락  1,500",422000.0,424500.0,420000.0,13690.0,효성티앤씨,298020
2022-04-19,422000.0,"상승  1,500",421000.0,423500.0,419000.0,16307.0,효성티앤씨,298020
2022-04-20,420500.0,"하락  1,500",421000.0,424500.0,418500.0,27658.0,효성티앤씨,298020
2022-04-21,430000.0,"상승  9,500",420500.0,433000.0,420500.0,32177.0,효성티앤씨,298020
2022-04-22,426000.0,"하락  4,000",428500.0,428500.0,423500.0,17684.0,효성티앤씨,298020
2022-04-25,414500.0,"하락  11,500",422000.0,422500.0,414500.0,34045.0,효성티앤씨,298020
2022-04-26,412000.0,"하락  2,500",414500.0,418000.0,411500.0,18413.0,효성티앤씨,298020
2022-04-27,406000.0,"하락  6,000",406500.0,409000.0,403000.0,28414.0,효성티앤씨,298020
2022-04-28,417000.0,"상승  11,000",407000.0,418000.0,401500.0,28846.0,효성티앤씨,298020
2022-04-29,413500.0,"하락  3,500",417000.0,417500.0,411500.0,19937.0,효성티앤씨,298020
2022-05-02,405000.0,"하락  8,500",406000.0,408000.0,402000.0,33297.0,효성티앤씨,298020
2022-05-03,405000.0,보합0,404500.0,407500.0,403500.0,15447.0,효성티앤씨,298020
2022-05-04,399000.0,"하락  6,000",405500.0,405500.0,398500.0,29871.0,효성티앤씨,298020
2022-05-06,399000.0,보합0,396500.0,403000.0,395000.0,22030.0,효성티앤씨,298020
2022-05-09,393000.0,"하락  6,000",399500.0,400500.0,388000.0,34378.0,효성티앤씨,298020
2022-05-10,384500.0,"하락  8,500",385000.0,388000.0,380000.0,31568.0,효성티앤씨,298020
2022-05-11,374500.0,"하락  10,000",382500.0,384000.0,374500.0,36081.0,효성티앤씨,298020
2022-05-12,366500.0,"하락  8,000",370500.0,377000.0,361500.0,29570.0,효성티앤씨,298020
2022-05-13,373000.0,"상승  6,500",366500.0,374500.0,365500.0,17032.0,효성티앤씨,298020
2022-05-16,371500.0,"하락  1,500",375500.0,382000.0,367500.0,21791.0,효성티앤씨,298020
2022-05-17,377000.0,"상승  5,500",367500.0,377500.0,367500.0,24119.0,효성티앤씨,298020
2022-05-18,370500.0,"하락  6,500",377000.0,382500.0,370500.0,18311.0,효성티앤씨,298020
2022-05-19,357000.0,"하락  13,500",362500.0,363000.0,357000.0,34070.0,효성티앤씨,298020
2022-05-20,373500.0,"상승  16,500",359000.0,375500.0,357000.0,27059.0,효성티앤씨,298020
2022-05-23,376000.0,"상승  2,500",374000.0,377500.0,370000.0,14248.0,효성티앤씨,298020
2022-05-24,377500.0,"상승  1,500",375000.0,389000.0,372000.0,31985.0,효성티앤씨,298020
2022-05-25,393000.0,"상승  15,500",382500.0,396500.0,379500.0,46402.0,효성티앤씨,298020
2022-05-26,391000.0,"하락  2,000",394000.0,395500.0,388000.0,19880.0,효성티앤씨,298020
2022-05-27,395500.0,"상승  4,500",392500.0,398000.0,391000.0,22706.0,효성티앤씨,298020
2022-05-30,419000.0,"상승  23,500",400000.0,419000.0,400000.0,53518.0,효성티앤씨,298020
2022-05-31,429000.0,"상승  10,000",423500.0,432500.0,420500.0,43777.0,효성티앤씨,298020
2022-06-02,416000.0,"하락  13,000",429500.0,429500.0,413500.0,31452.0,효성티앤씨,298020
2022-06-03,419000.0,"상승  3,000",419000.0,425000.0,417000.0,17577.0,효성티앤씨,298020
2022-06-07,406500.0,"하락  12,500",417500.0,418000.0,405000.0,31458.0,효성티앤씨,298020
2022-06-08,408500.0,"상승  2,000",410500.0,414500.0,406500.0,16980.0,효성티앤씨,298020
2022-06-09,412000.0,"상승  3,500",408500.0,412500.0,404500.0,17643.0,효성티앤씨,298020
2022-06-10,411000.0,"하락  1,000",412000.0,412500.0,402500.0,19712.0,효성티앤씨,298020
2022-06-13,392000.0,"하락  19,000",400500.0,405500.0,392000.0,25857.0,효성티앤씨,298020
2022-06-14,388000.0,"하락  4,000",380000.0,392000.0,379500.0,26106.0,효성티앤씨,298020
2022-06-15,377500.0,"하락  10,500",382000.0,390500.0,375500.0,24801.0,효성티앤씨,298020
2022-06-16,379500.0,"상승  2,000",384000.0,390000.0,379000.0,17091.0,효성티앤씨,298020
2022-06-17,380000.0,상승  500,368500.0,382500.0,366000.0,18506.0,효성티앤씨,298020
2022-06-20,367500.0,"하락  12,500",380000.0,385000.0,366000.0,20271.0,효성티앤씨,298020
2022-06-21,364500.0,"하락  3,000",369500.0,375000.0,363500.0,22972.0,효성티앤씨,298020
2022-06-22,336500.0,"하락  28,000",364500.0,366500.0,335000.0,74424.0,효성티앤씨,298020
2022-06-23,333500.0,"하락  3,000",333500.0,347500.0,333000.0,47830.0,효성티앤씨,298020
2022-06-24,345500.0,"상승  12,000",333500.0,347500.0,332000.0,22802.0,효성티앤씨,298020
2022-06-27,349500.0,"상승  4,000",349500.0,354000.0,343000.0,17377.0,효성티앤씨,298020
2022-06-28,353500.0,"상승  4,000",351000.0,360000.0,350000.0,17402.0,효성티앤씨,298020
2022-06-29,355000.0,"상승  1,500",350000.0,358500.0,348500.0,15163.0,효성티앤씨,298020
2022-06-30,343000.0,"하락  12,000",354000.0,355000.0,341500.0,26002.0,효성티앤씨,298020
2022-07-01,344000.0,"상승  1,000",346500.0,351500.0,340000.0,16380.0,효성티앤씨,298020
2022-07-04,340000.0,"하락  4,000",345000.0,346500.0,334000.0,13801.0,효성티앤씨,298020
2022-07-05,345500.0,"상승  5,500",341500.0,347500.0,340000.0,10956.0,효성티앤씨,298020
2022-07-06,331500.0,"하락  14,000",342000.0,343500.0,329500.0,38524.0,효성티앤씨,298020
2022-07-07,331500.0,보합0,334000.0,335000.0,327500.0,26705.0,효성티앤씨,298020
2022-07-08,330000.0,"하락  1,500",333500.0,337000.0,327500.0,23718.0,효성티앤씨,298020
2022-07-11,319000.0,"하락  11,000",329000.0,330000.0,318500.0,29149.0,효성티앤씨,298020
2022-07-12,304500.0,"하락  14,500",318000.0,318000.0,304000.0,33569.0,효성티앤씨,298020
2022-07-13,310500.0,"상승  6,000",303500.0,312000.0,301000.0,24169.0,효성티앤씨,298020
2022-07-14,303000.0,"하락  7,500",309500.0,309500.0,301500.0,18060.0,효성티앤씨,298020
2022-07-15,298500.0,"하락  4,500",305500.0,305500.0,291500.0,34812.0,효성티앤씨,298020
2022-07-18,306500.0,"상승  8,000",301000.0,307500.0,300500.0,21340.0,효성티앤씨,298020
2022-07-19,308500.0,"상승  2,000",306500.0,308500.0,303000.0,12669.0,효성티앤씨,298020
2022-07-20,311000.0,"상승  2,500",314000.0,319500.0,309000.0,32195.0,효성티앤씨,298020
2022-07-21,312000.0,"상승  1,000",313000.0,316500.0,311000.0,18785.0,효성티앤씨,298020
2022-07-22,312500.0,상승  500,312000.0,320500.0,311500.0,22418.0,효성티앤씨,298020
2022-07-25,317500.0,"상승  5,000",312500.0,318000.0,310500.0,17516.0,효성티앤씨,298020
2022-07-26,320500.0,"상승  3,000",318000.0,325000.0,315000.0,18962.0,효성티앤씨,298020
2022-07-27,319500.0,"하락  1,000",321500.0,321500.0,316000.0,15144.0,효성티앤씨,298020
2022-07-28,321500.0,"상승  2,000",321000.0,325000.0,319500.0,19119.0,효성티앤씨,298020
2022-07-29,344500.0,"상승  23,000",324500.0,345500.0,323500.0,70548.0,효성티앤씨,298020
2022-08-01,316000.0,"하락  28,500",334000.0,334000.0,314000.0,126561.0,효성티앤씨,298020
2022-08-02,318000.0,"상승  2,000",317000.0,319000.0,314000.0,44028.0,효성티앤씨,298020
2022-08-03,319500.0,"상승  1,500",317000.0,320500.0,316000.0,24129.0,효성티앤씨,298020
2022-08-04,318500.0,"하락  1,000",322000.0,323500.0,318500.0,24409.0,효성티앤씨,298020
2022-08-05,322000.0,"상승  3,500",320000.0,324500.0,319000.0,26898.0,효성티앤씨,298020
2022-08-08,323500.0,"상승  1,500",320500.0,324500.0,317500.0,19947.0,효성티앤씨,298020
2022-08-09,323000.0,하락  500,324000.0,325000.0,320000.0,22014.0,효성티앤씨,298020
2022-08-10,323000.0,보합0,324500.0,333000.0,322000.0,50660.0,효성티앤씨,298020
2022-08-11,341000.0,"상승  18,000",328000.0,345500.0,327000.0,75880.0,효성티앤씨,298020
2022-08-12,338500.0,"하락  2,500",342500.0,343000.0,334000.0,27757.0,효성티앤씨,298020
2022-08-16,331500.0,"하락  7,000",342500.0,342500.0,331000.0,31307.0,효성티앤씨,298020
2022-08-17,329000.0,"하락  2,500",332500.0,336000.0,327000.0,21640.0,효성티앤씨,298020
2022-08-18,325500.0,"하락  3,500",328000.0,328000.0,321000.0,24180.0,효성티앤씨,298020
2022-08-19,322000.0,"하락  3,500",326500.0,326500.0,322000.0,13064.0,효성티앤씨,298020
2022-08-22,310500.0,"하락  11,500",319500.0,320000.0,310500.0,30980.0,효성티앤씨,298020
2022-08-23,309000.0,"하락  1,500",306000.0,314500.0,305000.0,23204.0,효성티앤씨,298020
2022-08-24,313500.0,"상승  4,500",311500.0,314000.0,310000.0,10373.0,효성티앤씨,298020
2022-08-25,315000.0,"상승  1,500",312000.0,321000.0,312000.0,14297.0,효성티앤씨,298020
2022-08-26,316500.0,"상승  1,500",317500.0,321000.0,315500.0,19059.0,효성티앤씨,298020
2022-08-29,308000.0,"하락  8,500",306000.0,312000.0,304000.0,17195.0,효성티앤씨,298020
2022-08-30,309500.0,"상승  1,500",308500.0,311000.0,308000.0,9001.0,효성티앤씨,298020
2022-08-31,313500.0,"상승  4,000",308000.0,319000.0,306000.0,12818.0,효성티앤씨,298020
2022-09-01,306500.0,"하락  7,000",311500.0,312500.0,306000.0,13809.0,효성티앤씨,298020
2022-09-02,304000.0,"하락  2,500",307000.0,308000.0,304000.0,13489.0,효성티앤씨,298020
2022-09-05,300000.0,"하락  4,000",302000.0,305000.0,298500.0,19169.0,효성티앤씨,298020
2022-09-06,304500.0,"상승  4,500",299500.0,308500.0,299500.0,15133.0,효성티앤씨,298020
2022-09-07,300000.0,"하락  4,500",302500.0,306000.0,300000.0,16893.0,효성티앤씨,298020
2022-09-08,304500.0,"상승  4,500",304000.0,310500.0,302500.0,18629.0,효성티앤씨,298020
2022-09-13,312500.0,"상승  8,000",309000.0,313500.0,306500.0,21934.0,효성티앤씨,298020
2022-09-14,303500.0,"하락  9,000",301000.0,305000.0,300000.0,18159.0,효성티앤씨,298020
2022-09-15,308000.0,"상승  4,500",306000.0,309500.0,303000.0,17233.0,효성티앤씨,298020
2022-09-16,306500.0,"하락  1,500",310000.0,310500.0,304500.0,19051.0,효성티앤씨,298020
2022-09-19,298000.0,"하락  8,500",305500.0,308000.0,297500.0,20421.0,효성티앤씨,298020
2022-09-20,300500.0,"상승  2,500",299500.0,303500.0,299000.0,8997.0,효성티앤씨,298020
2022-09-21,291500.0,"하락  9,000",297500.0,299500.0,290500.0,27667.0,효성티앤씨,298020
2022-09-22,287500.0,"하락  4,000",289000.0,290000.0,280000.0,28642.0,효성티앤씨,298020
2022-09-23,278000.0,"하락  9,500",285000.0,286000.0,276500.0,22643.0,효성티앤씨,298020
2022-09-26,264000.0,"하락  14,000",270000.0,273500.0,260500.0,34424.0,효성티앤씨,298020
2022-09-27,264000.0,보합0,259000.0,265000.0,258500.0,29618.0,효성티앤씨,298020
2022-09-28,264000.0,보합0,261000.0,266000.0,260000.0,22350.0,효성티앤씨,298020
2022-09-29,264000.0,보합0,265000.0,272500.0,263500.0,17092.0,효성티앤씨,298020
2022-09-30,259000.0,"하락  5,000",263000.0,266000.0,259000.0,23066.0,효성티앤씨,298020
2022-10-04,270500.0,"상승  11,500",262000.0,271000.0,262000.0,21795.0,효성티앤씨,298020
2022-10-05,266000.0,"하락  4,500",273000.0,275500.0,263000.0,16596.0,효성티앤씨,298020
2022-10-06,271500.0,"상승  5,500",268500.0,273000.0,265500.0,12394.0,효성티앤씨,298020
2022-10-07,278500.0,"상승  7,000",271000.0,279500.0,270500.0,16197.0,효성티앤씨,298020
2022-10-11,269500.0,"하락  9,000",275000.0,275500.0,267000.0,18208.0,효성티앤씨,298020
2022-10-12,285500.0,"상승  16,000",266500.0,287000.0,265500.0,27573.0,효성티앤씨,298020
2022-10-13,278500.0,"하락  7,000",280000.0,286000.0,278500.0,16398.0,효성티앤씨,298020
2022-10-14,292500.0,"상승  14,000",283000.0,294000.0,282000.0,28830.0,효성티앤씨,298020
2022-10-17,294500.0,"상승  2,000",290000.0,295500.0,285000.0,12886.0,효성티앤씨,298020
2022-10-18,299000.0,"상승  4,500",297500.0,300500.0,291500.0,19404.0,효성티앤씨,298020
2022-10-19,290000.0,"하락  9,000",299000.0,300000.0,290000.0,16715.0,효성티앤씨,298020
2022-10-20,284000.0,"하락  6,000",287000.0,291000.0,283000.0,16009.0,효성티앤씨,298020
2022-10-21,283500.0,하락  500,282000.0,286000.0,280000.0,7103.0,효성티앤씨,298020
2022-10-24,280000.0,"하락  3,500",287000.0,289500.0,280000.0,11741.0,효성티앤씨,298020
2022-10-25,279000.0,"하락  1,000",280500.0,283000.0,277500.0,7035.0,효성티앤씨,298020
2022-10-26,276000.0,"하락  3,000",280000.0,280000.0,274000.0,7807.0,효성티앤씨,298020
2022-10-27,281500.0,"상승  5,500",276000.0,283000.0,276000.0,9271.0,효성티앤씨,298020
2022-10-28,281500.0,보합0,281500.0,286000.0,279500.0,11714.0,효성티앤씨,298020
2022-10-31,261500.0,"하락  20,000",280000.0,280000.0,260000.0,54273.0,효성티앤씨,298020
2022-11-01,265500.0,"상승  4,000",262000.0,266000.0,261000.0,17501.0,효성티앤씨,298020
2022-11-02,282000.0,"상승  16,500",265500.0,284500.0,262500.0,35883.0,효성티앤씨,298020
2022-11-03,276000.0,"하락  6,000",278000.0,280500.0,272000.0,13826.0,효성티앤씨,298020
2022-11-04,275000.0,"하락  1,000",276000.0,276000.0,268500.0,14571.0,효성티앤씨,298020
2022-11-07,299500.0,"상승  24,500",280000.0,302500.0,276000.0,79513.0,효성티앤씨,298020
2022-11-08,299000.0,하락  500,301000.0,304500.0,294500.0,27296.0,효성티앤씨,298020
2022-11-09,302000.0,"상승  3,000",299500.0,309000.0,297000.0,30869.0,효성티앤씨,298020
2022-11-10,305500.0,"상승  3,500",299000.0,311000.0,296500.0,29613.0,효성티앤씨,298020
2022-11-11,313500.0,"상승  8,000",314500.0,318500.0,307500.0,36438.0,효성티앤씨,298020
2022-11-14,352500.0,"상승  39,000",314000.0,360000.0,314000.0,137008.0,효성티앤씨,298020
2022-11-15,365500.0,"상승  13,000",355500.0,366500.0,351000.0,71541.0,효성티앤씨,298020
2022-11-16,367000.0,"상승  1,500",364500.0,372000.0,358500.0,64709.0,효성티앤씨,298020
2022-11-17,352500.0,"하락  14,500",363000.0,368000.0,352000.0,32322.0,효성티앤씨,298020
2022-11-18,347000.0,"하락  5,500",353000.0,355000.0,345500.0,26310.0,효성티앤씨,298020
2022-11-21,344000.0,"하락  3,000",348000.0,350500.0,340000.0,28465.0,효성티앤씨,298020
2022-11-22,331500.0,"하락  12,500",340000.0,342000.0,328500.0,26649.0,효성티앤씨,298020
2022-11-23,335500.0,"상승  4,000",333500.0,342500.0,332500.0,18977.0,효성티앤씨,298020
2022-11-24,356000.0,"상승  20,500",341000.0,358500.0,337500.0,37581.0,효성티앤씨,298020
2022-11-25,359500.0,"상승  3,500",354500.0,363000.0,350000.0,36206.0,효성티앤씨,298020
2022-11-28,347000.0,"하락  12,500",356500.0,360500.0,345500.0,21826.0,효성티앤씨,298020
2022-11-29,360000.0,"상승  13,000",345000.0,365000.0,341500.0,26756.0,효성티앤씨,298020
2022-11-30,357000.0,"하락  3,000",358500.0,362500.0,355500.0,16218.0,효성티앤씨,298020
2022-12-01,356500.0,하락  500,362500.0,366000.0,356000.0,18152.0,효성티앤씨,298020
2022-12-02,351000.0,"하락  5,500",357000.0,357000.0,349500.0,11976.0,효성티앤씨,298020
2022-12-05,360000.0,"상승  9,000",351000.0,363000.0,349500.0,24234.0,효성티앤씨,298020
2022-12-06,349500.0,"하락  10,500",356000.0,361500.0,349500.0,17002.0,효성티앤씨,298020
2022-12-07,352000.0,"상승  2,500",348000.0,361500.0,344500.0,25469.0,효성티앤씨,298020
2022-12-08,355500.0,"상승  3,500",352000.0,359500.0,349000.0,19652.0,효성티앤씨,298020
2022-12-09,354000.0,"하락  1,500",355500.0,361500.0,348500.0,17262.0,효성티앤씨,298020
2022-12-12,342500.0,"하락  11,500",354000.0,358000.0,341500.0,27947.0,효성티앤씨,298020
2022-12-13,363500.0,"상승  21,000",347000.0,364500.0,347000.0,65800.0,효성티앤씨,298020
2022-12-14,370000.0,"상승  6,500",364500.0,377000.0,363000.0,46894.0,효성티앤씨,298020
2022-12-15,363500.0,"하락  6,500",368000.0,372000.0,360500.0,27674.0,효성티앤씨,298020
2022-12-16,350500.0,"하락  13,000",358000.0,358000.0,347500.0,37871.0,효성티앤씨,298020
2022-12-19,346500.0,"하락  4,000",345000.0,350500.0,344500.0,12272.0,효성티앤씨,298020
2022-12-20,336500.0,"하락  10,000",345500.0,346000.0,331500.0,27662.0,효성티앤씨,298020
2022-12-21,337500.0,"상승  1,000",341000.0,342000.0,334000.0,14354.0,효성티앤씨,298020
2022-12-22,359500.0,"상승  22,000",338500.0,362000.0,338500.0,44661.0,효성티앤씨,298020
2022-12-23,367000.0,"상승  7,500",354000.0,367500.0,353000.0,54663.0,효성티앤씨,298020
2022-12-26,367000.0,보합0,367500.0,371500.0,358500.0,26922.0,효성티앤씨,298020
2022-12-27,374500.0,"상승  7,500",369000.0,375500.0,365000.0,58390.0,효성티앤씨,298020
2022-12-28,364000.0,"하락  10,500",360500.0,369500.0,356000.0,72642.0,효성티앤씨,298020
2022-12-29,350000.0,"하락  14,000",360500.0,362500.0,343000.0,36207.0,효성티앤씨,298020
2023-01-02,329500.0,"하락  20,500",346000.0,353000.0,328000.0,36720.0,효성티앤씨,298020
2023-01-03,328500.0,"하락  1,000",327000.0,332000.0,310500.0,42237.0,효성티앤씨,298020
2023-01-04,325500.0,"하락  3,000",323500.0,326500.0,318000.0,20960.0,효성티앤씨,298020
2023-01-05,333500.0,"상승  8,000",329000.0,336000.0,325000.0,21752.0,효성티앤씨,298020
2023-01-06,330500.0,"하락  3,000",331000.0,335500.0,328000.0,17623.0,효성티앤씨,298020
2023-01-09,359000.0,"상승  28,500",336000.0,360000.0,335500.0,46255.0,효성티앤씨,298020
2023-01-10,363500.0,"상승  4,500",360000.0,369500.0,359000.0,38219.0,효성티앤씨,298020
2023-01-11,381500.0,"상승  18,000",368000.0,390000.0,367500.0,110360.0,효성티앤씨,298020
2023-01-12,373500.0,"하락  8,000",384000.0,386000.0,371000.0,45362.0,효성티앤씨,298020
2023-01-13,376500.0,"상승  3,000",377000.0,382000.0,374000.0,29843.0,효성티앤씨,298020
2023-01-16,397500.0,"상승  21,000",386500.0,400000.0,383500.0,81585.0,효성티앤씨,298020
2023-01-17,404500.0,"상승  7,000",398000.0,415000.0,393500.0,60375.0,효성티앤씨,298020
2023-01-18,405000.0,상승  500,404500.0,409000.0,397000.0,38740.0,효성티앤씨,298020
2023-01-19,396000.0,"하락  9,000",399500.0,407500.0,392000.0,40486.0,효성티앤씨,298020
2023-01-20,401000.0,"상승  5,000",395000.0,404000.0,393500.0,29761.0,효성티앤씨,298020
2023-01-25,401000.0,보합0,406000.0,409000.0,397000.0,29763.0,효성티앤씨,298020
2023-01-26,394000.0,"하락  7,000",401000.0,403000.0,393000.0,37422.0,효성티앤씨,298020
2023-01-27,391000.0,"하락  3,000",394500.0,396000.0,388500.0,31256.0,효성티앤씨,298020
2023-01-30,394000.0,"상승  3,000",392000.0,397500.0,390500.0,29115.0,효성티앤씨,298020
2023-01-31,414500.0,"상승  20,500",392500.0,415000.0,390500.0,62699.0,효성티앤씨,298020
2023-02-01,432000.0,"상승  17,500",422000.0,435000.0,415500.0,92491.0,효성티앤씨,298020
2023-02-02,436000.0,"상승  4,000",436000.0,440500.0,428500.0,44193.0,효성티앤씨,298020
2023-02-03,431000.0,"하락  5,000",432500.0,438000.0,427000.0,31041.0,효성티앤씨,298020
2023-02-06,445000.0,"상승  14,000",432500.0,452000.0,430000.0,69651.0,효성티앤씨,298020
2023-02-07,458500.0,"상승  13,500",445500.0,460000.0,443000.0,52522.0,효성티앤씨,298020
2023-02-08,448000.0,"하락  10,500",461500.0,461500.0,441000.0,44511.0,효성티앤씨,298020
2023-02-09,434000.0,"하락  14,000",448000.0,452000.0,433000.0,59679.0,효성티앤씨,298020
2023-02-10,433500.0,하락  500,434000.0,438000.0,426000.0,38235.0,효성티앤씨,298020
2023-02-13,435500.0,"상승  2,000",434000.0,436500.0,422500.0,29861.0,효성티앤씨,298020
2023-02-14,433000.0,"하락  2,500",438000.0,439000.0,427000.0,28220.0,효성티앤씨,298020
2023-02-15,424500.0,"하락  8,500",433000.0,436000.0,421500.0,30143.0,효성티앤씨,298020
2023-02-16,446000.0,"상승  21,500",425000.0,446000.0,425000.0,49609.0,효성티앤씨,298020
2023-02-17,439000.0,"하락  7,000",439500.0,451500.0,435000.0,26453.0,효성티앤씨,298020
2023-02-20,451500.0,"상승  12,500",445500.0,453000.0,442000.0,30647.0,효성티앤씨,298020
2023-02-21,466000.0,"상승  14,500",450000.0,471500.0,448000.0,60492.0,효성티앤씨,298020
2023-02-22,467000.0,"상승  1,000",462500.0,471000.0,455500.0,40330.0,효성티앤씨,298020
2023-02-23,470000.0,"상승  3,000",467000.0,473000.0,460000.0,31419.0,효성티앤씨,298020
2023-02-24,461500.0,"하락  8,500",466500.0,470000.0,460000.0,25647.0,효성티앤씨,298020
2023-02-27,458000.0,"하락  3,500",455000.0,458000.0,446500.0,20986.0,효성티앤씨,298020
2023-02-28,457500.0,하락  500,462000.0,468500.0,452500.0,27059.0,효성티앤씨,298020
2023-03-02,463000.0,"상승  5,500",460000.0,473000.0,458000.0,29838.0,효성티앤씨,298020
2023-03-03,465000.0,"상승  2,000",468000.0,473000.0,457500.0,25196.0,효성티앤씨,298020
2023-03-06,453500.0,"하락  11,500",467000.0,469000.0,437500.0,72137.0,효성티앤씨,298020
2023-03-07,448500.0,"하락  5,000",454500.0,455000.0,445000.0,26383.0,효성티앤씨,298020
2023-03-08,434000.0,"하락  14,500",442000.0,445000.0,432000.0,36346.0,효성티앤씨,298020
2023-03-09,433000.0,"하락  1,000",433000.0,437000.0,428500.0,23620.0,효성티앤씨,298020
2023-03-10,421500.0,"하락  11,500",425000.0,428000.0,418000.0,27828.0,효성티앤씨,298020
2023-03-13,420000.0,"하락  1,500",416000.0,422500.0,410000.0,32410.0,효성티앤씨,298020
2023-03-14,412500.0,"하락  7,500",418000.0,422000.0,405500.0,22970.0,효성티앤씨,298020
2023-03-15,407500.0,"하락  5,000",421000.0,425000.0,405500.0,23993.0,효성티앤씨,298020
2023-03-16,425500.0,"상승  18,000",406500.0,429500.0,400500.0,43535.0,효성티앤씨,298020
2023-03-17,419000.0,"하락  6,500",432000.0,432000.0,415500.0,25914.0,효성티앤씨,298020
2023-03-20,428000.0,"상승  9,000",415500.0,437000.0,415500.0,24903.0,효성티앤씨,298020
2023-03-21,423500.0,"하락  4,500",430000.0,432500.0,418500.0,14058.0,효성티앤씨,298020
2023-03-22,421000.0,"하락  2,500",424000.0,426000.0,418500.0,18173.0,효성티앤씨,298020
2023-03-23,441500.0,"상승  20,500",434500.0,445000.0,432000.0,56660.0,효성티앤씨,298020
2023-03-24,438500.0,"하락  3,000",444000.0,444000.0,431000.0,26999.0,효성티앤씨,298020
2023-03-27,438000.0,하락  500,438500.0,444500.0,430000.0,25834.0,효성티앤씨,298020
2023-03-28,436000.0,"하락  2,000",441000.0,446500.0,430000.0,23692.0,효성티앤씨,298020
2023-03-29,436000.0,보합0,438000.0,438000.0,432000.0,12406.0,효성티앤씨,298020
2023-03-30,450000.0,"상승  14,000",439500.0,455000.0,433000.0,46177.0,효성티앤씨,298020
2023-03-31,443000.0,"하락  7,000",450500.0,451500.0,441000.0,24070.0,효성티앤씨,298020
2023-04-03,438000.0,"하락  5,000",442500.0,445000.0,436000.0,24533.0,효성티앤씨,298020
2023-04-04,430500.0,"하락  7,500",438000.0,438000.0,426500.0,28827.0,효성티앤씨,298020
2023-04-05,430500.0,보합0,429000.0,435500.0,426500.0,16934.0,효성티앤씨,298020
2023-04-06,415000.0,"하락  15,500",433000.0,433500.0,413000.0,45484.0,효성티앤씨,298020
2023-04-07,413500.0,"하락  1,500",419000.0,419000.0,413000.0,24675.0,효성티앤씨,298020
2023-04-10,419500.0,"상승  6,000",414000.0,424000.0,404000.0,39893.0,효성티앤씨,298020
2023-04-11,426500.0,"상승  7,000",420000.0,433500.0,416500.0,27751.0,효성티앤씨,298020
2023-04-12,417000.0,"하락  9,500",421500.0,426000.0,413500.0,24914.0,효성티앤씨,298020
2023-04-13,417500.0,상승  500,416000.0,418000.0,407500.0,30489.0,효성티앤씨,298020
2023-04-14,413500.0,"하락  4,000",417500.0,420000.0,413500.0,14515.0,효성티앤씨,298020
2023-04-17,434000.0,"상승  20,500",417500.0,436500.0,417000.0,62921.0,효성티앤씨,298020
2023-04-18,433500.0,하락  500,435000.0,436000.0,425500.0,28738.0,효성티앤씨,298020
2023-04-19,423500.0,"하락  10,000",433000.0,434000.0,423500.0,20295.0,효성티앤씨,298020
2023-04-20,408500.0,"하락  15,000",421000.0,423000.0,408000.0,31408.0,효성티앤씨,298020
2023-04-21,399500.0,"하락  9,000",414500.0,414500.0,392000.0,30515.0,효성티앤씨,298020
2023-04-24,394000.0,"하락  5,500",394500.0,398500.0,390500.0,15157.0,효성티앤씨,298020
2023-04-25,379500.0,"하락  14,500",392000.0,393500.0,376000.0,31153.0,효성티앤씨,298020
2023-04-26,380000.0,상승  500,377000.0,387000.0,371500.0,17380.0,효성티앤씨,298020
2023-04-27,379000.0,"하락  1,000",376000.0,382000.0,372000.0,12058.0,효성티앤씨,298020
2023-04-28,377000.0,"하락  2,000",380000.0,383000.0,373500.0,17656.0,효성티앤씨,298020
2023-05-02,412500.0,"상승  35,500",400000.0,417000.0,398000.0,74024.0,효성티앤씨,298020
2023-05-03,416000.0,"상승  3,500",406000.0,425000.0,406000.0,35187.0,효성티앤씨,298020
2023-05-04,411500.0,"하락  4,500",410500.0,414000.0,404000.0,23869.0,효성티앤씨,298020
2023-05-08,409500.0,"하락  2,000",407500.0,415000.0,405500.0,12868.0,효성티앤씨,298020
2023-05-09,405500.0,"하락  4,000",410500.0,410500.0,401000.0,11592.0,효성티앤씨,298020
2023-05-10,404500.0,"하락  1,000",408500.0,418500.0,399500.0,17983.0,효성티앤씨,298020
2023-05-11,409500.0,"상승  5,000",404500.0,418000.0,404500.0,20048.0,효성티앤씨,298020
2023-05-12,412000.0,"상승  2,500",411500.0,416000.0,407000.0,18038.0,효성티앤씨,298020
2023-05-15,408500.0,"하락  3,500",408000.0,415000.0,401000.0,17624.0,효성티앤씨,298020
2023-05-16,405000.0,"하락  3,500",407000.0,412000.0,402500.0,11871.0,효성티앤씨,298020
2023-05-17,406000.0,"상승  1,000",402000.0,412000.0,402000.0,7920.0,효성티앤씨,298020
2023-05-18,409500.0,"상승  3,500",410000.0,412500.0,407000.0,10770.0,효성티앤씨,298020
2023-05-19,390000.0,"하락  19,500",410000.0,412000.0,385000.0,41863.0,효성티앤씨,298020
2023-05-22,401000.0,"상승  11,000",393000.0,406500.0,391000.0,20028.0,효성티앤씨,298020
2023-05-23,403000.0,"상승  2,000",404500.0,410000.0,399500.0,21519.0,효성티앤씨,298020
2023-05-24,395000.0,"하락  8,000",396000.0,400500.0,392500.0,22040.0,효성티앤씨,298020
2023-05-25,394000.0,"하락  1,000",396000.0,398500.0,392000.0,12530.0,효성티앤씨,298020
2023-05-26,380000.0,"하락  14,000",393000.0,393000.0,379500.0,30681.0,효성티앤씨,298020
2023-05-30,387000.0,"상승  7,000",383000.0,390000.0,380000.0,15820.0,효성티앤씨,298020
2023-05-31,380500.0,"하락  6,500",387000.0,391500.0,380500.0,21433.0,효성티앤씨,298020
2023-06-01,379000.0,"하락  1,500",384000.0,386000.0,379000.0,9214.0,효성티앤씨,298020
2023-06-02,387000.0,"상승  8,000",381000.0,388000.0,379000.0,14545.0,효성티앤씨,298020
2023-06-05,394500.0,"상승  7,500",395000.0,404500.0,393000.0,28254.0,효성티앤씨,298020
2023-06-07,397000.0,"상승  2,500",397000.0,404500.0,397000.0,17794.0,효성티앤씨,298020
2023-06-08,393000.0,"하락  4,000",401500.0,404000.0,390000.0,24133.0,효성티앤씨,298020
2023-06-09,389000.0,"하락  4,000",394000.0,396500.0,388500.0,24221.0,효성티앤씨,298020
2023-06-12,389500.0,상승  500,394500.0,395000.0,387000.0,17123.0,효성티앤씨,298020
2023-06-13,389000.0,하락  500,392500.0,398000.0,387500.0,26507.0,효성티앤씨,298020
2023-06-14,388500.0,하락  500,390000.0,394500.0,384500.0,22371.0,효성티앤씨,298020
2023-06-15,380000.0,"하락  8,500",389500.0,389500.0,377500.0,24694.0,효성티앤씨,298020
2023-06-16,384000.0,"상승  4,000",382500.0,385500.0,379500.0,17918.0,효성티앤씨,298020
2023-06-19,394000.0,"상승  10,000",386500.0,396500.0,384500.0,24255.0,효성티앤씨,298020
2023-06-20,423000.0,"상승  29,000",398000.0,428500.0,396500.0,94981.0,효성티앤씨,298020
2023-06-21,415000.0,"하락  8,000",426000.0,426500.0,411500.0,29017.0,효성티앤씨,298020
2023-06-22,423000.0,"상승  8,000",414500.0,430000.0,407000.0,33732.0,효성티앤씨,298020
2023-06-23,403500.0,"하락  19,500",423000.0,423000.0,403000.0,28924.0,효성티앤씨,298020
2023-06-26,407000.0,"상승  3,500",408000.0,414500.0,405500.0,14885.0,효성티앤씨,298020
2023-06-27,411000.0,"상승  4,000",410000.0,417000.0,406500.0,17786.0,효성티앤씨,298020
2023-06-28,410000.0,"하락  1,000",419500.0,420500.0,408000.0,21637.0,효성티앤씨,298020
2023-06-29,388500.0,"하락  21,500",409500.0,412000.0,387500.0,37179.0,효성티앤씨,298020
2023-06-30,381000.0,"하락  7,500",389000.0,392000.0,380000.0,30454.0,효성티앤씨,298020
2023-07-03,380000.0,"하락  1,000",382000.0,383500.0,363000.0,54728.0,효성티앤씨,298020
2023-07-04,369000.0,"하락  11,000",380000.0,381000.0,367500.0,41639.0,효성티앤씨,298020
2023-07-05,356500.0,"하락  12,500",369500.0,369500.0,356500.0,54279.0,효성티앤씨,298020
2023-07-06,345000.0,"하락  11,500",356500.0,356500.0,340000.0,53238.0,효성티앤씨,298020
2023-07-07,339500.0,"하락  5,500",341000.0,344500.0,326500.0,51249.0,효성티앤씨,298020
2023-07-10,344500.0,"상승  5,000",338000.0,354500.0,338000.0,33597.0,효성티앤씨,298020
2023-07-11,352500.0,"상승  8,000",346000.0,358500.0,345000.0,32950.0,효성티앤씨,298020
2023-07-12,355000.0,"상승  2,500",356000.0,363000.0,354000.0,25175.0,효성티앤씨,298020
2023-07-13,353000.0,"하락  2,000",361500.0,361500.0,349500.0,20701.0,효성티앤씨,298020
2023-07-14,354500.0,"상승  1,500",357000.0,357000.0,349000.0,14603.0,효성티앤씨,298020
2023-07-17,353000.0,"하락  1,500",352500.0,357000.0,351500.0,13170.0,효성티앤씨,298020
2023-07-18,348000.0,"하락  5,000",354000.0,354000.0,338000.0,25009.0,효성티앤씨,298020
2023-07-19,342500.0,"하락  5,500",349000.0,350500.0,340000.0,31498.0,효성티앤씨,298020
2023-07-20,352500.0,"상승  10,000",342500.0,361000.0,338000.0,44660.0,효성티앤씨,298020
2023-07-21,349000.0,"하락  3,500",348000.0,350000.0,343500.0,16319.0,효성티앤씨,298020
2023-07-24,347000.0,"하락  2,000",349000.0,349000.0,340500.0,22518.0,효성티앤씨,298020
2023-07-25,348000.0,"상승  1,000",345500.0,350000.0,341500.0,20647.0,효성티앤씨,298020
2023-07-26,337500.0,"하락  10,500",348000.0,349500.0,334000.0,38760.0,효성티앤씨,298020
2023-07-27,340500.0,"상승  3,000",339000.0,342500.0,335000.0,21356.0,효성티앤씨,298020
2023-07-28,334500.0,"하락  6,000",337000.0,337500.0,326500.0,22150.0,효성티앤씨,298020
2023-07-31,339500.0,"상승  5,000",333500.0,350000.0,330000.0,52575.0,효성티앤씨,298020
2023-08-01,346000.0,"상승  6,500",347000.0,354500.0,341500.0,34362.0,효성티앤씨,298020
2023-08-02,351000.0,"상승  5,000",346000.0,357500.0,343500.0,38835.0,효성티앤씨,298020
2023-08-03,345500.0,"하락  5,500",352500.0,352500.0,338500.0,35256.0,효성티앤씨,298020
2023-08-04,352500.0,"상승  7,000",346000.0,356000.0,343500.0,20481.0,효성티앤씨,298020
2023-08-07,340000.0,"하락  12,500",350000.0,350500.0,335500.0,21220.0,효성티앤씨,298020
2023-08-08,346000.0,"상승  6,000",343000.0,353000.0,342500.0,19473.0,효성티앤씨,298020
2023-08-09,339500.0,"하락  6,500",346000.0,347500.0,336500.0,22307.0,효성티앤씨,298020
2023-08-10,339000.0,하락  500,337000.0,339500.0,332000.0,23364.0,효성티앤씨,298020
2023-08-11,340500.0,"상승  1,500",339000.0,342500.0,336000.0,15064.0,효성티앤씨,298020
2023-08-14,325000.0,"하락  15,500",340000.0,340000.0,324000.0,29305.0,효성티앤씨,298020
2023-08-16,317000.0,"하락  8,000",322000.0,322000.0,313500.0,24502.0,효성티앤씨,298020
2023-08-17,316500.0,하락  500,309000.0,317000.0,309000.0,14018.0,효성티앤씨,298020
2023-08-18,319500.0,"상승  3,000",313500.0,320000.0,310500.0,10536.0,효성티앤씨,298020
2023-08-21,322000.0,"상승  2,500",320000.0,326500.0,317000.0,10248.0,효성티앤씨,298020
2023-08-22,320500.0,"하락  1,500",322500.0,325000.0,317500.0,12917.0,효성티앤씨,298020
2023-08-23,317000.0,"하락  3,500",319500.0,324500.0,314500.0,7699.0,효성티앤씨,298020
2023-08-24,319500.0,"상승  2,500",317500.0,320000.0,311500.0,13159.0,효성티앤씨,298020
2023-08-25,314000.0,"하락  5,500",316000.0,317500.0,311000.0,10984.0,효성티앤씨,298020
2023-08-28,325000.0,"상승  11,000",317000.0,329000.0,317000.0,20989.0,효성티앤씨,298020
2023-08-29,324500.0,하락  500,325000.0,329000.0,322000.0,8398.0,효성티앤씨,298020
2023-08-30,326500.0,"상승  2,000",326500.0,328000.0,324500.0,6380.0,효성티앤씨,298020
2023-08-31,331000.0,"상승  4,500",327000.0,331500.0,326500.0,12961.0,효성티앤씨,298020
2023-09-01,326000.0,"하락  5,000",329500.0,330500.0,326000.0,9144.0,효성티앤씨,298020
2023-09-04,369000.0,"상승  43,000",331000.0,369000.0,329500.0,112576.0,효성티앤씨,298020
2023-09-05,367500.0,"하락  1,500",366000.0,371000.0,360000.0,27277.0,효성티앤씨,298020
2023-09-06,361500.0,"하락  6,000",362500.0,364000.0,354500.0,23538.0,효성티앤씨,298020
2023-09-07,364500.0,"상승  3,000",367000.0,378500.0,363000.0,55555.0,효성티앤씨,298020
2023-09-08,360500.0,"하락  4,000",370000.0,370000.0,353000.0,17871.0,효성티앤씨,298020
2023-09-11,368000.0,"상승  7,500",360500.0,376000.0,356000.0,40259.0,효성티앤씨,298020
2023-09-12,365500.0,"하락  2,500",378000.0,379000.0,363500.0,26871.0,효성티앤씨,298020
2023-09-13,365500.0,보합0,364000.0,371000.0,363500.0,13412.0,효성티앤씨,298020
2023-09-14,370500.0,"상승  5,000",365500.0,371000.0,365500.0,10742.0,효성티앤씨,298020
2023-09-15,374000.0,"상승  3,500",372500.0,375000.0,368000.0,15926.0,효성티앤씨,298020
2023-09-18,372000.0,"하락  2,000",375000.0,376000.0,367500.0,11728.0,효성티앤씨,298020
2023-09-19,370500.0,"하락  1,500",371000.0,376000.0,369000.0,7807.0,효성티앤씨,298020
2023-09-20,372000.0,"상승  1,500",370500.0,377000.0,368000.0,10405.0,효성티앤씨,298020
2023-09-21,360500.0,"하락  11,500",370000.0,372500.0,359500.0,13653.0,효성티앤씨,298020
2023-09-22,355000.0,"하락  5,500",356000.0,360500.0,348000.0,17109.0,효성티앤씨,298020
2023-09-25,359000.0,"상승  4,000",355000.0,369500.0,353500.0,12915.0,효성티앤씨,298020
2023-09-26,352500.0,"하락  6,500",356000.0,361500.0,350000.0,9569.0,효성티앤씨,298020
2023-09-27,352000.0,하락  500,351000.0,356500.0,351000.0,6909.0,효성티앤씨,298020
2023-10-04,334500.0,"하락  17,500",351500.0,351500.0,330500.0,21927.0,효성티앤씨,298020
2023-10-05,326500.0,"하락  8,000",332500.0,334500.0,323500.0,16272.0,효성티앤씨,298020
2023-10-06,321500.0,"하락  5,000",323000.0,329000.0,318000.0,14709.0,효성티앤씨,298020
2023-10-10,296000.0,"하락  25,500",322500.0,325500.0,295500.0,62480.0,효성티앤씨,298020
2023-10-11,304500.0,"상승  8,500",300500.0,307500.0,296000.0,29528.0,효성티앤씨,298020
2023-10-12,311000.0,"상승  6,500",307000.0,314000.0,304000.0,15481.0,효성티앤씨,298020
2023-10-13,301500.0,"하락  9,500",305000.0,308500.0,301000.0,12050.0,효성티앤씨,298020
2023-10-16,296500.0,"하락  5,000",300000.0,302000.0,293500.0,28711.0,효성티앤씨,298020
2023-10-17,303000.0,"상승  6,500",303500.0,313500.0,301500.0,17218.0,효성티앤씨,298020
2023-10-18,311000.0,"상승  8,000",301500.0,312000.0,301500.0,16750.0,효성티앤씨,298020
2023-10-19,299500.0,"하락  11,500",305500.0,307000.0,296500.0,12692.0,효성티앤씨,298020
2023-10-20,293000.0,"하락  6,500",297000.0,299500.0,287000.0,12640.0,효성티앤씨,298020
2023-10-23,292500.0,하락  500,293000.0,297500.0,287500.0,13990.0,효성티앤씨,298020
2023-10-24,294500.0,"상승  2,000",292500.0,295500.0,282500.0,10875.0,효성티앤씨,298020
2023-10-25,320000.0,"상승  25,500",294000.0,325500.0,294000.0,50297.0,효성티앤씨,298020
2023-10-26,309500.0,"하락  10,500",315500.0,319500.0,308500.0,19902.0,효성티앤씨,298020
2023-10-27,326000.0,"상승  16,500",308500.0,332500.0,308500.0,34184.0,효성티앤씨,298020
2023-10-30,348500.0,"상승  22,500",326000.0,350000.0,326000.0,50627.0,효성티앤씨,298020
2023-10-31,357000.0,"상승  8,500",352500.0,360000.0,345000.0,49478.0,효성티앤씨,298020
2023-11-01,360000.0,"상승  3,000",353000.0,364000.0,348000.0,36113.0,효성티앤씨,298020
2023-11-02,352000.0,"하락  8,000",365500.0,365500.0,349000.0,24684.0,효성티앤씨,298020
2023-11-03,364500.0,"상승  12,500",350000.0,370000.0,349500.0,23130.0,효성티앤씨,298020
2023-11-06,363000.0,"하락  1,500",366500.0,370000.0,354000.0,38852.0,효성티앤씨,298020
2023-11-07,370000.0,"상승  7,000",362000.0,375000.0,358500.0,32894.0,효성티앤씨,298020
2023-11-08,372000.0,"상승  2,000",378000.0,378000.0,366000.0,17993.0,효성티앤씨,298020
2023-11-09,369000.0,"하락  3,000",368500.0,373000.0,365500.0,7120.0,효성티앤씨,298020
2023-11-10,364500.0,"하락  4,500",365500.0,371500.0,356000.0,16201.0,효성티앤씨,298020
2023-11-13,370000.0,"상승  5,500",363500.0,376000.0,363500.0,19434.0,효성티앤씨,298020
2023-11-14,367500.0,"하락  2,500",375000.0,375000.0,364000.0,14485.0,효성티앤씨,298020
2023-11-15,372000.0,"상승  4,500",371000.0,375000.0,371000.0,10940.0,효성티앤씨,298020
2023-11-16,376500.0,"상승  4,500",369000.0,379000.0,369000.0,9201.0,효성티앤씨,298020
2023-11-17,374500.0,"하락  2,000",376500.0,376500.0,371500.0,5556.0,효성티앤씨,298020
2023-11-20,375000.0,상승  500,374500.0,378000.0,371000.0,5823.0,효성티앤씨,298020
2023-11-21,381500.0,"상승  6,500",378500.0,394000.0,375000.0,21584.0,효성티앤씨,298020
2023-11-22,388000.0,"상승  6,500",379000.0,396000.0,379000.0,21257.0,효성티앤씨,298020
2023-11-23,381500.0,"하락  6,500",387000.0,391500.0,377000.0,16656.0,효성티앤씨,298020
2023-11-24,393000.0,"상승  11,500",383000.0,396000.0,383000.0,19926.0,효성티앤씨,298020
2023-11-27,391500.0,"하락  1,500",390000.0,398500.0,386500.0,11984.0,효성티앤씨,298020
2023-11-28,388000.0,"하락  3,500",395500.0,395500.0,387000.0,7362.0,효성티앤씨,298020
2023-11-29,384000.0,"하락  4,000",385000.0,390500.0,382000.0,12137.0,효성티앤씨,298020
2023-11-30,381500.0,"하락  2,500",384500.0,388000.0,378500.0,11348.0,효성티앤씨,298020
2023-12-01,382500.0,"상승  1,000",380000.0,384000.0,370000.0,10708.0,효성티앤씨,298020
2023-12-04,378000.0,"하락  4,500",383000.0,383000.0,375000.0,7654.0,효성티앤씨,298020
2023-12-05,379000.0,"상승  1,000",377000.0,389500.0,377000.0,12911.0,효성티앤씨,298020
2023-12-06,373000.0,"하락  6,000",379500.0,383500.0,371500.0,8510.0,효성티앤씨,298020
2023-12-07,374000.0,"상승  1,000",370000.0,382500.0,368500.0,7208.0,효성티앤씨,298020
2023-12-08,365500.0,"하락  8,500",377500.0,377500.0,358000.0,24742.0,효성티앤씨,298020
2023-12-11,367000.0,"상승  1,500",367500.0,371000.0,364500.0,7496.0,효성티앤씨,298020
2023-12-12,364500.0,"하락  2,500",369000.0,370500.0,361500.0,9914.0,효성티앤씨,298020
2023-12-13,363500.0,"하락  1,000",367000.0,368000.0,357000.0,10137.0,효성티앤씨,298020
2023-12-14,365000.0,"상승  1,500",368000.0,369000.0,364000.0,12288.0,효성티앤씨,298020
2023-12-15,376000.0,"상승  11,000",365000.0,381500.0,365000.0,18799.0,효성티앤씨,298020
2023-12-18,378000.0,"상승  2,000",378000.0,386000.0,373000.0,10523.0,효성티앤씨,298020
2023-12-19,380500.0,"상승  2,500",376500.0,383500.0,374500.0,5692.0,효성티앤씨,298020
2023-12-20,379500.0,"하락  1,000",382500.0,385000.0,375000.0,13236.0,효성티앤씨,298020
2023-12-21,373000.0,"하락  6,500",375000.0,379000.0,370000.0,9588.0,효성티앤씨,298020
2023-12-22,370000.0,"하락  3,000",375000.0,376000.0,370000.0,6793.0,효성티앤씨,298020
2023-12-26,374000.0,"상승  4,000",374000.0,374500.0,366000.0,12874.0,효성티앤씨,298020
2023-12-27,358500.0,"하락  15,500",367000.0,372500.0,358000.0,16859.0,효성티앤씨,298020
2023-12-28,365000.0,"상승  6,500",360000.0,367500.0,360000.0,8700.0,효성티앤씨,298020
2024-01-02,360000.0,"하락  5,000",360000.0,365500.0,359000.0,9449.0,효성티앤씨,298020
2024-01-03,363500.0,"상승  3,500",366500.0,383500.0,360500.0,30848.0,효성티앤씨,298020
2024-01-04,360000.0,"하락  3,500",371000.0,375000.0,360000.0,24989.0,효성티앤씨,298020
2024-01-05,344000.0,"하락  16,000",363000.0,363000.0,342500.0,33100.0,효성티앤씨,298020
2024-01-08,351000.0,"상승  7,000",346000.0,358500.0,343500.0,19312.0,효성티앤씨,298020
2024-01-09,343000.0,"하락  8,000",353000.0,354500.0,341500.0,14429.0,효성티앤씨,298020
2024-01-10,342000.0,"하락  1,000",343500.0,346000.0,341000.0,6903.0,효성티앤씨,298020
2024-01-11,336000.0,"하락  6,000",342000.0,342500.0,336000.0,15675.0,효성티앤씨,298020
2024-01-12,333000.0,"하락  3,000",339500.0,341500.0,333000.0,8662.0,효성티앤씨,298020
2024-01-15,329500.0,"하락  3,500",331500.0,336000.0,328500.0,7589.0,효성티앤씨,298020
2024-01-16,334000.0,"상승  4,500",325000.0,339000.0,324000.0,21197.0,효성티앤씨,298020
2024-01-17,320000.0,"하락  14,000",334000.0,334000.0,320000.0,12031.0,효성티앤씨,298020
2024-01-18,321000.0,"상승  1,000",319000.0,326000.0,319000.0,10364.0,효성티앤씨,298020
2024-01-19,321000.0,보합0,321500.0,329000.0,319000.0,6725.0,효성티앤씨,298020
2024-01-22,316000.0,"하락  5,000",324000.0,324000.0,314000.0,8049.0,효성티앤씨,298020
2024-01-23,319500.0,"상승  3,500",319000.0,323000.0,312000.0,17273.0,효성티앤씨,298020
2024-01-24,317500.0,"하락  2,000",315000.0,330000.0,313000.0,19633.0,효성티앤씨,298020
2024-01-25,329500.0,"상승  12,000",317500.0,330000.0,311000.0,19837.0,효성티앤씨,298020
2024-01-26,329000.0,하락  500,333000.0,335500.0,325500.0,13958.0,효성티앤씨,298020
2024-01-29,328000.0,"하락  1,000",330000.0,333500.0,325500.0,8703.0,효성티앤씨,298020
2024-01-30,306000.0,"하락  22,000",330000.0,335500.0,306000.0,48609.0,효성티앤씨,298020
2024-01-31,301000.0,"하락  5,000",308000.0,308500.0,298000.0,29255.0,효성티앤씨,298020
2024-02-01,300000.0,"하락  1,000",298000.0,303000.0,298000.0,19122.0,효성티앤씨,298020
2024-02-02,306500.0,"상승  6,500",300000.0,312000.0,300000.0,21211.0,효성티앤씨,298020
2024-02-05,302000.0,"하락  4,500",306500.0,306500.0,299500.0,15744.0,효성티앤씨,298020
2024-02-06,303500.0,"상승  1,500",302000.0,306000.0,299000.0,15782.0,효성티앤씨,298020
2024-02-07,307000.0,"상승  3,500",306000.0,311000.0,303500.0,13444.0,효성티앤씨,298020
2024-02-08,304500.0,"하락  2,500",308000.0,313000.0,304000.0,13835.0,효성티앤씨,298020
2024-02-13,305500.0,"상승  1,000",307500.0,309500.0,303500.0,13147.0,효성티앤씨,298020
2024-02-14,301000.0,"하락  4,500",303500.0,303500.0,299500.0,14191.0,효성티앤씨,298020
2024-02-15,301000.0,보합0,304000.0,304500.0,300500.0,11131.0,효성티앤씨,298020
2024-02-16,306000.0,"상승  5,000",303500.0,308000.0,301500.0,14655.0,효성티앤씨,298020
2024-02-19,307500.0,"상승  1,500",304500.0,309000.0,304500.0,8810.0,효성티앤씨,298020
2024-02-20,302500.0,"하락  5,000",307500.0,307500.0,301500.0,13046.0,효성티앤씨,298020
2024-02-21,302500.0,보합0,304500.0,305500.0,301500.0,8756.0,효성티앤씨,298020
2024-02-22,303500.0,"상승  1,000",304500.0,304500.0,301000.0,8815.0,효성티앤씨,298020
2024-02-23,301000.0,"하락  2,500",305000.0,305000.0,301000.0,12908.0,효성티앤씨,298020
2024-02-26,297500.0,"하락  3,500",299500.0,303500.0,296500.0,21792.0,효성티앤씨,298020
2024-02-27,296500.0,"하락  1,000",298500.0,303000.0,295500.0,14541.0,효성티앤씨,298020
2024-02-28,296000.0,하락  500,298000.0,299500.0,292000.0,11946.0,효성티앤씨,298020
2024-02-29,290000.0,"하락  6,000",298000.0,298000.0,290000.0,16746.0,효성티앤씨,298020
2024-03-04,290000.0,보합0,290500.0,297000.0,287500.0,13067.0,효성티앤씨,298020
2024-03-05,288000.0,"하락  2,000",290500.0,294500.0,287500.0,10704.0,효성티앤씨,298020
2024-03-06,284000.0,"하락  4,000",288000.0,288500.0,282500.0,21550.0,효성티앤씨,298020
2024-03-07,281500.0,"하락  2,500",284000.0,285500.0,279500.0,15568.0,효성티앤씨,298020
2024-03-08,296000.0,"상승  14,500",285500.0,298500.0,285500.0,25134.0,효성티앤씨,298020
2024-03-11,293500.0,"하락  2,500",296000.0,303500.0,293500.0,15099.0,효성티앤씨,298020
2024-03-12,293000.0,하락  500,296000.0,298000.0,291500.0,10115.0,효성티앤씨,298020
2024-03-13,293500.0,상승  500,294000.0,297500.0,292500.0,7770.0,효성티앤씨,298020
2024-03-14,295000.0,"상승  1,500",295500.0,297500.0,294000.0,10624.0,효성티앤씨,298020
2024-03-15,300000.0,"상승  5,000",296500.0,300000.0,290000.0,14767.0,효성티앤씨,298020
2024-03-18,293500.0,"하락  6,500",300000.0,300500.0,293500.0,14667.0,효성티앤씨,298020
2024-03-19,288000.0,"하락  5,500",293000.0,294500.0,286500.0,16279.0,효성티앤씨,298020
2024-03-20,290000.0,"상승  2,000",291500.0,293000.0,287000.0,10860.0,효성티앤씨,298020
2024-03-21,298000.0,"상승  8,000",292500.0,299500.0,292000.0,18459.0,효성티앤씨,298020
2024-03-22,296500.0,"하락  1,500",300000.0,300500.0,294500.0,10464.0,효성티앤씨,298020
2024-03-25,294000.0,"하락  2,500",299000.0,299000.0,291500.0,12872.0,효성티앤씨,298020
2024-03-26,296000.0,"상승  2,000",295000.0,298000.0,293000.0,13922.0,효성티앤씨,298020
2024-03-27,298500.0,"상승  2,500",296000.0,301000.0,293500.0,17513.0,효성티앤씨,298020
2024-03-28,308500.0,"상승  10,000",298500.0,308500.0,296500.0,32726.0,효성티앤씨,298020
2024-03-29,324500.0,"상승  16,000",309000.0,328000.0,306000.0,65789.0,효성티앤씨,298020
2024-04-01,325000.0,상승  500,330000.0,332500.0,319500.0,41573.0,효성티앤씨,298020
2024-04-02,332000.0,"상승  7,000",322500.0,336500.0,320000.0,35216.0,효성티앤씨,298020
2024-04-03,327000.0,"하락  5,000",332000.0,335500.0,323000.0,22328.0,효성티앤씨,298020
2024-04-04,329000.0,"상승  2,000",327000.0,336000.0,323500.0,17023.0,효성티앤씨,298020
2024-04-05,333000.0,"상승  4,000",323000.0,340000.0,323000.0,26054.0,효성티앤씨,298020
2024-04-08,326000.0,"하락  7,000",330500.0,333500.0,325000.0,16804.0,효성티앤씨,298020
2024-04-09,327000.0,"상승  1,000",324500.0,332500.0,323500.0,11010.0,효성티앤씨,298020
2024-04-11,320500.0,"하락  6,500",321500.0,328000.0,313000.0,14360.0,효성티앤씨,298020
2024-04-12,322500.0,"상승  2,000",320500.0,327500.0,319000.0,10198.0,효성티앤씨,298020
2024-04-15,318000.0,"하락  4,500",322500.0,326000.0,315000.0,11901.0,효성티앤씨,298020
2024-04-16,310500.0,"하락  7,500",316000.0,317500.0,307000.0,13987.0,효성티앤씨,298020
2024-04-17,340500.0,"상승  30,000",311000.0,341500.0,307000.0,34671.0,효성티앤씨,298020
2024-04-18,352000.0,"상승  11,500",352000.0,359500.0,340500.0,61432.0,효성티앤씨,298020
2024-04-19,346000.0,"하락  6,000",356000.0,358000.0,337500.0,33548.0,효성티앤씨,298020
2024-04-22,353500.0,"상승  7,500",351500.0,355000.0,344000.0,17579.0,효성티앤씨,298020
2024-04-23,351500.0,"하락  2,000",353000.0,355500.0,345000.0,7994.0,효성티앤씨,298020
2024-04-24,349000.0,"하락  2,500",353500.0,354000.0,345000.0,13541.0,효성티앤씨,298020
2024-04-25,348000.0,"하락  1,000",344500.0,355000.0,344000.0,17565.0,효성티앤씨,298020
2024-04-26,354500.0,"상승  6,500",352000.0,357500.0,345000.0,19940.0,효성티앤씨,298020
2024-04-29,371500.0,"상승  17,000",373000.0,380000.0,363500.0,96726.0,효성티앤씨,298020
2024-04-30,368000.0,"하락  3,500",370500.0,374000.0,363500.0,28910.0,효성티앤씨,298020
2024-05-02,364000.0,"하락  4,000",365500.0,370000.0,359500.0,18635.0,효성티앤씨,298020
2024-05-03,372500.0,"상승  8,500",371500.0,373500.0,368000.0,25853.0,효성티앤씨,298020
2024-05-07,374500.0,"상승  2,000",372500.0,379000.0,371500.0,17042.0,효성티앤씨,298020
2024-05-08,367500.0,"하락  7,000",376000.0,376000.0,365000.0,13004.0,효성티앤씨,298020
2024-05-09,363500.0,"하락  4,000",367500.0,369000.0,361500.0,12926.0,효성티앤씨,298020
2024-05-10,366500.0,"상승  3,000",367000.0,370000.0,362000.0,13956.0,효성티앤씨,298020
2024-05-13,369000.0,"상승  2,500",366500.0,372000.0,358500.0,15041.0,효성티앤씨,298020
2024-05-14,388000.0,"상승  19,000",373000.0,394500.0,371000.0,66284.0,효성티앤씨,298020
2024-05-16,389500.0,"상승  1,500",388000.0,393500.0,384000.0,20904.0,효성티앤씨,298020
2024-05-17,412000.0,"상승  22,500",388000.0,421500.0,386000.0,89167.0,효성티앤씨,298020
2024-05-20,410000.0,"하락  2,000",415000.0,416000.0,398000.0,55085.0,효성티앤씨,298020
2024-05-21,409500.0,하락  500,406500.0,415500.0,404500.0,16994.0,효성티앤씨,298020
2024-05-22,407000.0,"하락  2,500",408500.0,419000.0,405000.0,22783.0,효성티앤씨,298020
2024-05-23,402500.0,"하락  4,500",402500.0,408000.0,396000.0,10924.0,효성티앤씨,298020
2024-05-24,400500.0,"하락  2,000",397000.0,406500.0,396000.0,13937.0,효성티앤씨,298020
2024-05-27,408000.0,"상승  7,500",404000.0,408000.0,397000.0,25653.0,효성티앤씨,298020
2024-05-28,389000.0,"하락  19,000",405000.0,405000.0,380000.0,52844.0,효성티앤씨,298020
2024-05-29,376500.0,"하락  12,500",387500.0,391500.0,369000.0,35910.0,효성티앤씨,298020
2024-05-30,377000.0,상승  500,374500.0,381500.0,371500.0,13715.0,효성티앤씨,298020
2024-05-31,401500.0,"상승  24,500",382000.0,401500.0,377500.0,38998.0,효성티앤씨,298020
2024-06-03,391000.0,"하락  10,500",404000.0,404500.0,389500.0,17867.0,효성티앤씨,298020
2024-06-04,376500.0,"하락  14,500",387500.0,392000.0,376000.0,21577.0,효성티앤씨,298020
2024-06-05,371000.0,"하락  5,500",378000.0,378000.0,370000.0,10931.0,효성티앤씨,298020
2024-06-07,368500.0,"하락  2,500",370000.0,376500.0,367000.0,11040.0,효성티앤씨,298020
2024-06-10,366000.0,"하락  2,500",363500.0,374500.0,360000.0,10246.0,효성티앤씨,298020
2024-06-11,389000.0,"상승  23,000",371000.0,392000.0,365500.0,30930.0,효성티앤씨,298020
2024-06-12,390000.0,"상승  1,000",385500.0,393000.0,382500.0,10134.0,효성티앤씨,298020
2024-06-13,375500.0,"하락  14,500",387000.0,394000.0,375000.0,21201.0,효성티앤씨,298020
2024-06-14,367500.0,"하락  8,000",376000.0,378500.0,367000.0,19839.0,효성티앤씨,298020
2024-06-17,366500.0,"하락  1,000",367500.0,376000.0,363500.0,13507.0,효성티앤씨,298020
2024-06-18,347500.0,"하락  19,000",368000.0,371000.0,343500.0,53295.0,효성티앤씨,298020
2024-06-19,353000.0,"상승  5,500",350500.0,357500.0,348500.0,17280.0,효성티앤씨,298020
2024-06-20,349000.0,"하락  4,000",353000.0,358500.0,347500.0,15912.0,효성티앤씨,298020
2024-06-21,344000.0,"하락  5,000",349000.0,351500.0,343000.0,19810.0,효성티앤씨,298020
2024-06-24,340000.0,"하락  4,000",346000.0,351000.0,339500.0,15969.0,효성티앤씨,298020
2024-06-25,340500.0,상승  500,343000.0,344000.0,338500.0,14816.0,효성티앤씨,298020
2024-06-26,338000.0,"하락  2,500",339000.0,340500.0,335500.0,14693.0,효성티앤씨,298020
2024-06-27,331000.0,"하락  7,000",335000.0,336500.0,329000.0,21199.0,효성티앤씨,298020
2024-06-28,345000.0,"상승  14,000",332000.0,346500.0,331000.0,19233.0,효성티앤씨,298020
2024-07-01,349500.0,"상승  4,500",345000.0,352500.0,341000.0,13756.0,효성티앤씨,298020
2024-07-02,344000.0,"하락  5,500",345000.0,349000.0,340500.0,7854.0,효성티앤씨,298020
2024-07-03,341000.0,"하락  3,000",347500.0,349500.0,340500.0,10072.0,효성티앤씨,298020
2024-07-04,340000.0,"하락  1,000",342000.0,345500.0,334500.0,14316.0,효성티앤씨,298020
2024-07-05,340000.0,보합0,337500.0,345000.0,337500.0,12134.0,효성티앤씨,298020
2024-07-08,333000.0,"하락  7,000",336500.0,341000.0,332500.0,13750.0,효성티앤씨,298020
2024-07-09,332000.0,"하락  1,000",334500.0,337500.0,330000.0,12002.0,효성티앤씨,298020
2024-07-10,332500.0,상승  500,332000.0,342000.0,326000.0,16328.0,효성티앤씨,298020
2024-07-11,352500.0,"상승  20,000",337500.0,360000.0,334500.0,46534.0,효성티앤씨,298020
2024-07-12,365000.0,"상승  12,500",352500.0,367000.0,352000.0,24854.0,효성티앤씨,298020
2024-07-15,364000.0,"하락  1,000",367000.0,370000.0,360000.0,21164.0,효성티앤씨,298020
2024-07-16,352500.0,"하락  11,500",367000.0,367000.0,352500.0,11607.0,효성티앤씨,298020
2024-07-17,348000.0,"하락  4,500",352500.0,358500.0,347500.0,15501.0,효성티앤씨,298020
2024-07-18,344000.0,"하락  4,000",348000.0,350500.0,340000.0,11497.0,효성티앤씨,298020
2024-07-19,339000.0,"하락  5,000",340500.0,340500.0,333500.0,14782.0,효성티앤씨,298020
2024-07-22,331500.0,"하락  7,500",337000.0,340000.0,329500.0,14970.0,효성티앤씨,298020
2024-07-23,331000.0,하락  500,333000.0,341000.0,331000.0,10165.0,효성티앤씨,298020
2024-07-24,325000.0,"하락  6,000",330500.0,336000.0,320000.0,20877.0,효성티앤씨,298020
2024-07-25,323500.0,"하락  1,500",320000.0,328500.0,315000.0,13789.0,효성티앤씨,298020
2024-07-26,320000.0,"하락  3,500",324000.0,326000.0,319500.0,8786.0,효성티앤씨,298020
2024-07-29,320000.0,보합0,330500.0,331500.0,320000.0,12361.0,효성티앤씨,298020
2024-07-30,303500.0,"하락  16,500",317500.0,317500.0,299000.0,41471.0,효성티앤씨,298020
2024-07-31,302000.0,"하락  1,500",306000.0,306500.0,298500.0,22642.0,효성티앤씨,298020
2024-08-01,307500.0,"상승  5,500",303000.0,312000.0,302000.0,18563.0,효성티앤씨,298020
2024-08-02,300500.0,"하락  7,000",302000.0,305000.0,299500.0,13431.0,효성티앤씨,298020
2024-08-05,274000.0,"하락  26,500",300500.0,300500.0,267500.0,39365.0,효성티앤씨,298020
2024-08-06,285000.0,"상승  11,000",282500.0,290000.0,275000.0,22346.0,효성티앤씨,298020
2024-08-07,290500.0,"상승  5,500",282000.0,300000.0,280000.0,14300.0,효성티앤씨,298020
2024-08-08,289500.0,"하락  1,000",290500.0,293000.0,283000.0,9758.0,효성티앤씨,298020
2024-08-09,291000.0,"상승  1,500",292000.0,295000.0,290000.0,5958.0,효성티앤씨,298020
2024-08-12,295000.0,"상승  4,000",295000.0,298500.0,291000.0,4744.0,효성티앤씨,298020
2024-08-13,288500.0,"하락  6,500",292500.0,294000.0,287000.0,12465.0,효성티앤씨,298020
2024-08-14,293500.0,"상승  5,000",293000.0,296000.0,290500.0,7635.0,효성티앤씨,298020
2024-08-16,293500.0,보합0,301000.0,301500.0,293000.0,11521.0,효성티앤씨,298020
2024-08-19,294000.0,상승  500,293500.0,297500.0,292000.0,7671.0,효성티앤씨,298020
2024-08-20,290500.0,"하락  3,500",295000.0,295500.0,289000.0,13865.0,효성티앤씨,298020
2024-08-21,293000.0,"상승  2,500",292500.0,296500.0,289500.0,8403.0,효성티앤씨,298020
2024-08-22,293000.0,보합0,293500.0,296500.0,290500.0,6647.0,효성티앤씨,298020
2024-08-23,295000.0,"상승  2,000",295500.0,303500.0,292500.0,15813.0,효성티앤씨,298020
2024-08-26,296500.0,"상승  1,500",297000.0,299500.0,293500.0,5933.0,효성티앤씨,298020
2024-08-27,300000.0,"상승  3,500",299500.0,303500.0,293500.0,9138.0,효성티앤씨,298020
2024-08-28,293500.0,"하락  6,500",300500.0,301000.0,291500.0,13327.0,효성티앤씨,298020
2024-08-29,296000.0,"상승  2,500",290000.0,298000.0,290000.0,9685.0,효성티앤씨,298020
2024-08-30,297000.0,"상승  1,000",298500.0,298500.0,293500.0,4591.0,효성티앤씨,298020
2024-09-02,292500.0,"하락  4,500",297500.0,297500.0,291500.0,7275.0,효성티앤씨,298020
2024-09-03,295500.0,"상승  3,000",292000.0,301000.0,292000.0,11699.0,효성티앤씨,298020
2024-09-04,284500.0,"하락  11,000",289000.0,290000.0,282500.0,16030.0,효성티앤씨,298020
2024-09-05,284000.0,하락  500,285500.0,291500.0,283000.0,6923.0,효성티앤씨,298020
2024-09-06,279500.0,"하락  4,500",284000.0,285000.0,278500.0,9968.0,효성티앤씨,298020
2024-09-09,276500.0,"하락  3,000",278000.0,278000.0,270000.0,11369.0,효성티앤씨,298020
2024-09-10,274000.0,"하락  2,500",278000.0,279500.0,274000.0,5609.0,효성티앤씨,298020
2024-09-11,280000.0,"상승  6,000",276500.0,280000.0,274000.0,7072.0,효성티앤씨,298020
2024-09-12,285000.0,"상승  5,000",282000.0,285000.0,279000.0,6604.0,효성티앤씨,298020
2024-09-13,270000.0,"하락  15,000",284000.0,287000.0,268500.0,34378.0,효성티앤씨,298020
2024-09-19,266000.0,"하락  4,000",274000.0,274500.0,263000.0,23411.0,효성티앤씨,298020
2024-09-20,265000.0,"하락  1,000",267500.0,270000.0,265000.0,14371.0,효성티앤씨,298020
2024-09-23,265500.0,상승  500,267500.0,269000.0,264500.0,12070.0,효성티앤씨,298020
2024-09-24,279000.0,"상승  13,500",268500.0,279500.0,267500.0,23018.0,효성티앤씨,298020
2024-09-25,294000.0,"상승  15,000",287000.0,304500.0,287000.0,59176.0,효성티앤씨,298020
2024-09-26,300000.0,"상승  6,000",292000.0,301000.0,292000.0,13738.0,효성티앤씨,298020
2024-09-27,323500.0,"상승  23,500",302000.0,326500.0,300000.0,57945.0,효성티앤씨,298020
2024-09-30,317500.0,"하락  6,000",326500.0,327000.0,317500.0,27401.0,효성티앤씨,298020
2024-10-02,312000.0,"하락  5,500",313000.0,318500.0,308500.0,21668.0,효성티앤씨,298020
2024-10-04,305000.0,"하락  7,000",312000.0,312000.0,298500.0,25569.0,효성티앤씨,298020
2024-10-07,318500.0,"상승  13,500",308000.0,320500.0,302500.0,39958.0,효성티앤씨,298020
2024-10-08,307000.0,"하락  11,500",316000.0,319000.0,307000.0,17100.0,효성티앤씨,298020
2024-10-10,307000.0,보합0,309500.0,312500.0,300000.0,23951.0,효성티앤씨,298020
2024-10-11,301000.0,"하락  6,000",306500.0,310000.0,295000.0,24188.0,효성티앤씨,298020
2024-10-14,300500.0,하락  500,300500.0,303500.0,296500.0,21884.0,효성티앤씨,298020
2024-10-15,301000.0,상승  500,299500.0,304500.0,296000.0,22723.0,효성티앤씨,298020
2024-10-16,296000.0,"하락  5,000",297000.0,299500.0,290500.0,21550.0,효성티앤씨,298020
2024-10-17,300500.0,"상승  4,500",300000.0,310000.0,297500.0,34482.0,효성티앤씨,298020
2024-10-18,303000.0,"상승  2,500",304500.0,305000.0,299000.0,13962.0,효성티앤씨,298020
2024-10-21,294500.0,"하락  8,500",307500.0,311000.0,294500.0,21119.0,효성티앤씨,298020
2024-10-22,306000.0,"상승  11,500",292000.0,307500.0,288000.0,29203.0,효성티앤씨,298020
2024-10-23,301000.0,"하락  5,000",303500.0,305500.0,297500.0,12457.0,효성티앤씨,298020
2024-10-24,295500.0,"하락  5,500",301000.0,303500.0,294500.0,9766.0,효성티앤씨,298020
2024-10-25,297000.0,"상승  1,500",295500.0,299500.0,286500.0,15992.0,효성티앤씨,298020
2024-10-28,309000.0,"상승  12,000",300000.0,314000.0,298000.0,34381.0,효성티앤씨,298020
2024-10-29,301000.0,"하락  8,000",305500.0,306000.0,299000.0,7060.0,효성티앤씨,298020
2024-10-30,298000.0,"하락  3,000",303000.0,303000.0,298000.0,5717.0,효성티앤씨,298020
2024-10-31,308500.0,"상승  10,500",296000.0,309000.0,294000.0,17909.0,효성티앤씨,298020
2024-11-01,303000.0,"하락  5,500",305000.0,310500.0,301500.0,20638.0,효성티앤씨,298020
2024-11-04,303000.0,보합0,303000.0,308500.0,298500.0,8840.0,효성티앤씨,298020
2024-11-05,312000.0,"상승  9,000",299500.0,314500.0,293500.0,33817.0,효성티앤씨,298020
2024-11-06,313500.0,"상승  1,500",309500.0,319000.0,309500.0,30285.0,효성티앤씨,298020
2024-11-07,314000.0,상승  500,310500.0,319000.0,306000.0,25397.0,효성티앤씨,298020
2024-11-08,311000.0,"하락  3,000",316000.0,319000.0,309000.0,17324.0,효성티앤씨,298020
2024-11-11,295500.0,"하락  15,500",305000.0,305000.0,285000.0,42416.0,효성티앤씨,298020
2024-11-12,284500.0,"하락  11,000",295500.0,298000.0,282000.0,19597.0,효성티앤씨,298020
2024-11-13,284000.0,하락  500,280500.0,287000.0,274500.0,42311.0,효성티앤씨,298020
2024-11-14,273000.0,"하락  11,000",282500.0,284500.0,273000.0,37404.0,효성티앤씨,298020
2024-11-15,280000.0,"상승  7,000",270000.0,283000.0,268000.0,12996.0,효성티앤씨,298020
2024-11-18,284000.0,"상승  4,000",276500.0,285000.0,276500.0,12340.0,효성티앤씨,298020
2024-11-19,279000.0,"하락  5,000",279000.0,282000.0,277000.0,9605.0,효성티앤씨,298020
2024-11-20,272500.0,"하락  6,500",278000.0,281000.0,271500.0,14657.0,효성티앤씨,298020
2024-11-21,269000.0,"하락  3,500",275000.0,275000.0,266000.0,14719.0,효성티앤씨,298020
2024-11-22,213500.0,"하락  55,500",268000.0,268500.0,213500.0,286214.0,효성티앤씨,298020
2024-11-25,204000.0,"하락  9,500",208500.0,212500.0,200000.0,174476.0,효성티앤씨,298020
2024-11-26,205500.0,"상승  1,500",204000.0,209000.0,202000.0,77779.0,효성티앤씨,298020
2024-11-27,200500.0,"하락  5,000",203500.0,205500.0,200000.0,70190.0,효성티앤씨,298020
2024-11-28,202000.0,"상승  1,500",199700.0,202000.0,196300.0,63541.0,효성티앤씨,298020
2024-11-29,193600.0,"하락  8,400",200000.0,201000.0,192000.0,61027.0,효성티앤씨,298020
2024-12-02,207000.0,"상승  13,400",194800.0,210500.0,194800.0,90393.0,효성티앤씨,298020
2024-12-03,228000.0,"상승  21,000",207000.0,229500.0,207000.0,124425.0,효성티앤씨,298020
2024-12-04,230000.0,"상승  2,000",222000.0,230000.0,215500.0,64182.0,효성티앤씨,298020
2024-12-05,220500.0,"하락  9,500",230000.0,230000.0,215000.0,37084.0,효성티앤씨,298020
2024-12-06,218000.0,"하락  2,500",222500.0,222500.0,212000.0,26212.0,효성티앤씨,298020
2024-12-09,206000.0,"하락  12,000",211500.0,215500.0,205500.0,22426.0,효성티앤씨,298020
2024-12-10,222500.0,"상승  16,500",207500.0,222500.0,207500.0,27430.0,효성티앤씨,298020
2024-12-11,225500.0,"상승  3,000",223000.0,227000.0,219000.0,22626.0,효성티앤씨,298020
2024-12-12,226500.0,"상승  1,000",227500.0,227500.0,221500.0,14394.0,효성티앤씨,298020
2024-12-13,240500.0,"상승  14,000",230500.0,247500.0,228000.0,77028.0,효성티앤씨,298020
2024-12-16,245000.0,"상승  4,500",243500.0,248000.0,238000.0,35039.0,효성티앤씨,298020
2024-12-17,244000.0,"하락  1,000",245500.0,251000.0,244000.0,30095.0,효성티앤씨,298020
2024-12-18,259000.0,"상승  15,000",242500.0,261000.0,242000.0,45395.0,효성티앤씨,298020
2024-12-19,247500.0,"하락  11,500",253000.0,257500.0,247500.0,31501.0,효성티앤씨,298020
2024-12-20,239500.0,"하락  8,000",248000.0,250500.0,239000.0,24050.0,효성티앤씨,298020
2024-12-23,239500.0,보합0,243000.0,247000.0,239500.0,13045.0,효성티앤씨,298020
2024-12-24,245500.0,"상승  6,000",239500.0,249500.0,238500.0,15486.0,효성티앤씨,298020
2024-12-26,241500.0,"하락  4,000",245500.0,246500.0,237000.0,17016.0,효성티앤씨,298020
2024-12-27,233500.0,"하락  8,000",234500.0,239000.0,229500.0,16712.0,효성티앤씨,298020
2024-12-30,239000.0,"상승  5,500",233500.0,241500.0,232000.0,9999.0,효성티앤씨,298020
2025-01-02,229000.0,"하락  10,000",236500.0,237000.0,229000.0,11903.0,효성티앤씨,298020
2025-01-03,238500.0,"상승  9,500",229000.0,239000.0,229000.0,10841.0,효성티앤씨,298020
2025-01-06,242000.0,"상승  3,500",238500.0,244000.0,236000.0,11854.0,효성티앤씨,298020
2025-01-07,233500.0,"하락  8,500",240000.0,244000.0,230000.0,20291.0,효성티앤씨,298020
2025-01-08,234000.0,상승  500,233500.0,236500.0,232500.0,10680.0,효성티앤씨,298020
2025-01-09,234500.0,상승  500,232500.0,235500.0,231500.0,10869.0,효성티앤씨,298020
2025-01-10,234000.0,하락  500,232500.0,235000.0,230000.0,9330.0,효성티앤씨,298020
2025-01-13,231000.0,"하락  3,000",232000.0,232000.0,227000.0,10796.0,효성티앤씨,298020
2025-01-14,227500.0,"하락  3,500",230500.0,232500.0,227500.0,8048.0,효성티앤씨,298020
2025-01-15,229000.0,"상승  1,500",229000.0,230500.0,227500.0,6032.0,효성티앤씨,298020
2025-01-16,230000.0,"상승  1,000",229500.0,232500.0,228500.0,9378.0,효성티앤씨,298020
2025-01-17,227000.0,"하락  3,000",228500.0,229500.0,226500.0,8878.0,효성티앤씨,298020
2025-01-20,230000.0,"상승  3,000",227500.0,234500.0,227000.0,7532.0,효성티앤씨,298020
2025-01-21,227000.0,"하락  3,000",230000.0,231500.0,225000.0,10343.0,효성티앤씨,298020
2025-01-22,234500.0,"상승  7,500",228000.0,237000.0,224500.0,23005.0,효성티앤씨,298020
2025-01-23,229500.0,"하락  5,000",236500.0,236500.0,228000.0,14617.0,효성티앤씨,298020
2025-01-24,232000.0,"상승  2,500",230000.0,232000.0,227500.0,8296.0,효성티앤씨,298020
2025-01-31,223500.0,"하락  8,500",233000.0,234000.0,223000.0,14888.0,효성티앤씨,298020
2025-02-03,216000.0,"하락  7,500",221000.0,221000.0,214000.0,12724.0,효성티앤씨,298020
2025-02-04,227000.0,"상승  11,000",220000.0,227000.0,217000.0,14005.0,효성티앤씨,298020
2025-02-05,225500.0,"하락  1,500",223500.0,231500.0,223500.0,9552.0,효성티앤씨,298020
2025-02-06,228000.0,"상승  2,500",229000.0,229000.0,223000.0,10443.0,효성티앤씨,298020
2025-02-07,219500.0,"하락  8,500",226000.0,228500.0,219500.0,18246.0,효성티앤씨,298020
2025-02-10,219500.0,보합0,221000.0,221500.0,217000.0,7557.0,효성티앤씨,298020
2025-02-11,224500.0,"상승  5,000",219000.0,226000.0,219000.0,12978.0,효성티앤씨,298020
2025-02-12,224000.0,하락  500,225500.0,228500.0,221500.0,8713.0,효성티앤씨,298020
2025-02-13,232000.0,"상승  8,000",222000.0,232000.0,222000.0,20102.0,효성티앤씨,298020
2025-02-14,228000.0,"하락  4,000",233000.0,233500.0,228000.0,6974.0,효성티앤씨,298020
2025-02-17,234500.0,"상승  6,500",229000.0,238500.0,228500.0,12299.0,효성티앤씨,298020
2025-02-18,241000.0,"상승  6,500",237000.0,241500.0,232500.0,22181.0,효성티앤씨,298020
2025-02-19,239500.0,"하락  1,500",239000.0,243000.0,238000.0,13845.0,효성티앤씨,298020
2025-02-20,240500.0,"상승  1,000",238500.0,244000.0,237500.0,17924.0,효성티앤씨,298020
2025-02-21,239000.0,"하락  1,500",239500.0,243000.0,237000.0,9993.0,효성티앤씨,298020
2025-02-24,237500.0,"하락  1,500",238500.0,239500.0,235500.0,7629.0,효성티앤씨,298020
2025-02-25,216500.0,"하락  21,000",235500.0,235500.0,215000.0,44485.0,효성티앤씨,298020
2025-02-26,223500.0,"상승  7,000",217500.0,224500.0,215000.0,13441.0,효성티앤씨,298020
2025-02-27,231500.0,"상승  8,000",222500.0,234000.0,220000.0,25413.0,효성티앤씨,298020
2025-02-28,225500.0,"하락  6,000",228500.0,229000.0,222500.0,17764.0,효성티앤씨,298020
2025-03-04,220000.0,"하락  5,500",225500.0,225500.0,216000.0,11258.0,효성티앤씨,298020
2025-03-05,229000.0,"상승  9,000",218000.0,230500.0,218000.0,15564.0,효성티앤씨,298020
2025-03-06,229500.0,상승  500,229000.0,233000.0,226500.0,7107.0,효성티앤씨,298020
2025-03-07,242000.0,"상승  12,500",229500.0,245000.0,225500.0,31857.0,효성티앤씨,298020
2025-03-10,246500.0,"상승  4,500",242500.0,249500.0,237000.0,22184.0,효성티앤씨,298020
2025-03-11,236500.0,"하락  10,000",240000.0,245000.0,236500.0,16168.0,효성티앤씨,298020
2025-03-12,239000.0,"상승  2,500",235000.0,241500.0,235000.0,7365.0,효성티앤씨,298020
2025-03-13,233500.0,"하락  5,500",239000.0,241500.0,233500.0,16128.0,효성티앤씨,298020
2025-03-14,233500.0,보합0,233500.0,236500.0,232000.0,5859.0,효성티앤씨,298020
2025-03-17,233000.0,하락  500,233000.0,239000.0,230000.0,9273.0,효성티앤씨,298020
2025-03-18,229500.0,"하락  3,500",233000.0,237500.0,229500.0,6889.0,효성티앤씨,298020
2025-03-19,234000.0,"상승  4,500",233000.0,240500.0,230500.0,8324.0,효성티앤씨,298020
2025-03-20,231000.0,"하락  3,000",234500.0,238500.0,231000.0,7286.0,효성티앤씨,298020
2025-03-21,234000.0,"상승  3,000",231000.0,234000.0,228000.0,8633.0,효성티앤씨,298020
2025-03-24,232000.0,"하락  2,000",230000.0,235000.0,230000.0,3821.0,효성티앤씨,298020
2025-03-25,231000.0,"하락  1,000",230500.0,235000.0,223000.0,6896.0,효성티앤씨,298020
2025-03-26,240000.0,"상승  9,000",233000.0,244500.0,230500.0,14744.0,효성티앤씨,298020
2025-03-27,235500.0,"하락  4,500",238000.0,243000.0,235500.0,6021.0,효성티앤씨,298020
2025-03-28,228000.0,"하락  7,500",236000.0,237000.0,228000.0,9142.0,효성티앤씨,298020
2025-03-31,217000.0,"하락  11,000",225500.0,229500.0,217000.0,13954.0,효성티앤씨,298020
2025-04-01,218500.0,"상승  1,500",218500.0,221500.0,217000.0,5862.0,효성티앤씨,298020
2025-04-02,217000.0,"하락  1,500",219000.0,220000.0,215500.0,6210.0,효성티앤씨,298020
2025-04-03,212500.0,"하락  4,500",214500.0,215000.0,209000.0,15355.0,효성티앤씨,298020
2025-04-04,212000.0,하락  500,207000.0,212500.0,206000.0,12522.0,효성티앤씨,298020
2025-04-07,197000.0,"하락  15,000",202000.0,203000.0,196100.0,24429.0,효성티앤씨,298020
2025-04-08,196800.0,하락  200,199500.0,202500.0,194600.0,12571.0,효성티앤씨,298020
2025-04-09,188300.0,"하락  8,500",194000.0,195900.0,186500.0,20408.0,효성티앤씨,298020
2025-04-10,204000.0,"상승  15,700",196500.0,205000.0,196500.0,12065.0,효성티앤씨,298020
2025-04-11,207000.0,"상승  3,000",199900.0,207000.0,198600.0,6460.0,효성티앤씨,298020
2025-04-14,204500.0,"하락  2,500",207000.0,208500.0,204000.0,4782.0,효성티앤씨,298020
2025-04-15,211500.0,"상승  7,000",204000.0,211500.0,204000.0,11882.0,효성티앤씨,298020
2025-04-16,209000.0,"하락  2,500",211500.0,214000.0,208000.0,4793.0,효성티앤씨,298020
2025-04-17,212500.0,"상승  3,500",210500.0,212500.0,208000.0,8196.0,효성티앤씨,298020
2025-04-18,209500.0,"하락  3,000",213500.0,213500.0,208500.0,4332.0,효성티앤씨,298020
2025-04-21,211500.0,"상승  2,000",209500.0,213000.0,207000.0,4030.0,효성티앤씨,298020
2025-04-22,209500.0,"하락  2,000",211500.0,212500.0,208000.0,5396.0,효성티앤씨,298020
2025-04-23,211000.0,"상승  1,500",210500.0,212000.0,209000.0,8299.0,효성티앤씨,298020
2025-04-24,211000.0,보합0,211000.0,213000.0,208000.0,10915.0,효성티앤씨,298020
2025-04-25,213500.0,"상승  2,500",212500.0,214500.0,211000.0,7056.0,효성티앤씨,298020
2025-04-28,232500.0,"상승  19,000",221000.0,233000.0,221000.0,33765.0,효성티앤씨,298020
2025-04-29,240000.0,"상승  7,500",237500.0,241000.0,232500.0,20001.0,효성티앤씨,298020
2025-04-30,237500.0,"하락  2,500",239500.0,241500.0,235500.0,7903.0,효성티앤씨,298020
2025-05-02,239000.0,"상승  1,500",236500.0,239500.0,231500.0,9251.0,효성티앤씨,298020
2025-05-07,239000.0,보합0,242500.0,243500.0,233500.0,7929.0,효성티앤씨,298020
2025-05-08,239000.0,보합0,239000.0,245000.0,238000.0,10359.0,효성티앤씨,298020
2025-05-09,237000.0,"하락  2,000",239000.0,245000.0,235500.0,13337.0,효성티앤씨,298020
2025-05-12,239500.0,"상승  2,500",237500.0,239500.0,235500.0,4614.0,효성티앤씨,298020
2025-05-13,239500.0,보합0,237500.0,239500.0,235000.0,10227.0,효성티앤씨,298020
2025-05-14,239500.0,보합0,239500.0,243000.0,235000.0,10266.0,효성티앤씨,298020
2025-05-15,248000.0,"상승  8,500",237000.0,251000.0,237000.0,22120.0,효성티앤씨,298020
2025-05-16,250500.0,"상승  2,500",250000.0,253000.0,247000.0,19623.0,효성티앤씨,298020
2025-05-19,239000.0,"하락  11,500",249500.0,249500.0,238000.0,15566.0,효성티앤씨,298020
2025-05-20,233000.0,"하락  6,000",239000.0,241000.0,233000.0,11218.0,효성티앤씨,298020
2025-05-21,233500.0,상승  500,237000.0,241000.0,233500.0,7607.0,효성티앤씨,298020
2025-05-22,231000.0,"하락  2,500",231500.0,234500.0,228000.0,15061.0,효성티앤씨,298020
2025-05-23,234500.0,"상승  3,500",230000.0,238000.0,228000.0,9721.0,효성티앤씨,298020
2025-05-26,246000.0,"상승  11,500",237500.0,246000.0,235000.0,15012.0,효성티앤씨,298020
2025-05-27,255000.0,"상승  9,000",244000.0,265000.0,242500.0,42131.0,효성티앤씨,298020
2025-05-28,252000.0,"하락  3,000",253500.0,258500.0,250500.0,15062.0,효성티앤씨,298020
2025-05-29,256000.0,"상승  4,000",256500.0,264000.0,254500.0,20642.0,효성티앤씨,298020
